ISO-10303-21;
HEADER;
FILE_DESCRIPTION((''),'2;1');
FILE_NAME('901-10011_SW0001','2018-04-30T',('Kaviyarasan'),(''),
'CREO PARAMETRIC BY PTC INC, 2017020','CREO PARAMETRIC BY PTC INC, 2017020','');
FILE_SCHEMA(('CONFIG_CONTROL_DESIGN'));
ENDSEC;
DATA;
#1=CARTESIAN_POINT('',(0.E0,0.E0,0.E0));
#2=DIRECTION('',(-1.E0,0.E0,0.E0));
#3=DIRECTION('',(0.E0,1.E0,0.E0));
#4=AXIS2_PLACEMENT_3D('',#1,#2,#3);
#6=CARTESIAN_POINT('',(0.E0,0.E0,0.E0));
#7=DIRECTION('',(-1.E0,0.E0,0.E0));
#8=DIRECTION('',(0.E0,-1.E0,0.E0));
#9=AXIS2_PLACEMENT_3D('',#6,#7,#8);
#11=CARTESIAN_POINT('',(0.E0,0.E0,0.E0));
#12=DIRECTION('',(1.E0,0.E0,0.E0));
#13=DIRECTION('',(0.E0,0.E0,-1.E0));
#14=AXIS2_PLACEMENT_3D('',#11,#12,#13);
#16=CARTESIAN_POINT('',(0.E0,0.E0,0.E0));
#17=DIRECTION('',(1.E0,0.E0,0.E0));
#18=DIRECTION('',(0.E0,0.E0,1.E0));
#19=AXIS2_PLACEMENT_3D('',#16,#17,#18);
#21=CARTESIAN_POINT('',(6.4E-2,0.E0,0.E0));
#22=DIRECTION('',(-1.E0,0.E0,0.E0));
#23=DIRECTION('',(0.E0,1.E0,0.E0));
#24=AXIS2_PLACEMENT_3D('',#21,#22,#23);
#26=CARTESIAN_POINT('',(6.4E-2,0.E0,0.E0));
#27=DIRECTION('',(-1.E0,0.E0,0.E0));
#28=DIRECTION('',(0.E0,1.E0,0.E0));
#29=AXIS2_PLACEMENT_3D('',#26,#27,#28);
#31=CARTESIAN_POINT('',(6.4E-2,0.E0,0.E0));
#32=DIRECTION('',(1.E0,0.E0,0.E0));
#33=DIRECTION('',(0.E0,1.E0,0.E0));
#34=AXIS2_PLACEMENT_3D('',#31,#32,#33);
#36=DIRECTION('',(-1.E0,0.E0,0.E0));
#37=VECTOR('',#36,4.E-2);
#38=CARTESIAN_POINT('',(1.04E-1,1.175E-1,0.E0));
#39=LINE('',#38,#37);
#40=DIRECTION('',(-1.E0,0.E0,0.E0));
#41=VECTOR('',#40,4.E-2);
#42=CARTESIAN_POINT('',(1.04E-1,-1.175E-1,0.E0));
#43=LINE('',#42,#41);
#44=CARTESIAN_POINT('',(1.04E-1,0.E0,0.E0));
#45=DIRECTION('',(-1.E0,0.E0,0.E0));
#46=DIRECTION('',(0.E0,1.E0,0.E0));
#47=AXIS2_PLACEMENT_3D('',#44,#45,#46);
#49=CARTESIAN_POINT('',(1.04E-1,0.E0,0.E0));
#50=DIRECTION('',(-1.E0,0.E0,0.E0));
#51=DIRECTION('',(0.E0,-1.E0,0.E0));
#52=AXIS2_PLACEMENT_3D('',#49,#50,#51);
#54=CARTESIAN_POINT('',(1.04E-1,0.E0,0.E0));
#55=DIRECTION('',(1.E0,0.E0,0.E0));
#56=DIRECTION('',(0.E0,1.E0,0.E0));
#57=AXIS2_PLACEMENT_3D('',#54,#55,#56);
#59=CARTESIAN_POINT('',(1.04E-1,0.E0,0.E0));
#60=DIRECTION('',(1.E0,0.E0,0.E0));
#61=DIRECTION('',(0.E0,-1.E0,0.E0));
#62=AXIS2_PLACEMENT_3D('',#59,#60,#61);
#64=CARTESIAN_POINT('',(1.3E-1,0.E0,0.E0));
#65=DIRECTION('',(-1.E0,0.E0,0.E0));
#66=DIRECTION('',(0.E0,1.E0,0.E0));
#67=AXIS2_PLACEMENT_3D('',#64,#65,#66);
#69=CARTESIAN_POINT('',(1.3E-1,0.E0,0.E0));
#70=DIRECTION('',(-1.E0,0.E0,0.E0));
#71=DIRECTION('',(0.E0,-1.E0,0.E0));
#72=AXIS2_PLACEMENT_3D('',#69,#70,#71);
#74=DIRECTION('',(1.E0,0.E0,0.E0));
#75=VECTOR('',#74,2.6E-2);
#76=CARTESIAN_POINT('',(1.04E-1,-1.25E-1,0.E0));
#77=LINE('',#76,#75);
#78=DIRECTION('',(1.E0,0.E0,0.E0));
#79=VECTOR('',#78,2.6E-2);
#80=CARTESIAN_POINT('',(1.04E-1,1.25E-1,0.E0));
#81=LINE('',#80,#79);
#82=DIRECTION('',(1.E0,0.E0,0.E0));
#83=VECTOR('',#82,4.5E-2);
#84=CARTESIAN_POINT('',(1.3E-1,9.7E-2,0.E0));
#85=LINE('',#84,#83);
#86=DIRECTION('',(1.E0,0.E0,0.E0));
#87=VECTOR('',#86,4.5E-2);
#88=CARTESIAN_POINT('',(1.3E-1,-9.7E-2,0.E0));
#89=LINE('',#88,#87);
#90=CARTESIAN_POINT('',(1.3E-1,0.E0,0.E0));
#91=DIRECTION('',(1.E0,0.E0,0.E0));
#92=DIRECTION('',(0.E0,1.E0,0.E0));
#93=AXIS2_PLACEMENT_3D('',#90,#91,#92);
#95=CARTESIAN_POINT('',(1.3E-1,0.E0,0.E0));
#96=DIRECTION('',(-1.E0,0.E0,0.E0));
#97=DIRECTION('',(0.E0,1.E0,0.E0));
#98=AXIS2_PLACEMENT_3D('',#95,#96,#97);
#100=CARTESIAN_POINT('',(1.75E-1,0.E0,0.E0));
#101=DIRECTION('',(1.E0,0.E0,0.E0));
#102=DIRECTION('',(0.E0,5.102040816327E-1,-8.600533675798E-1));
#103=AXIS2_PLACEMENT_3D('',#100,#101,#102);
#105=DIRECTION('',(0.E0,0.E0,1.E0));
#106=VECTOR('',#105,2.896637944527E-3);
#107=CARTESIAN_POINT('',(1.75E-1,-6.25E-2,-1.082531754731E-1));
#108=LINE('',#107,#106);
#109=CARTESIAN_POINT('',(1.75E-1,0.E0,0.E0));
#110=DIRECTION('',(-1.E0,0.E0,0.E0));
#111=DIRECTION('',(0.E0,5.E-1,-8.660254037844E-1));
#112=AXIS2_PLACEMENT_3D('',#109,#110,#111);
#114=DIRECTION('',(0.E0,0.E0,1.E0));
#115=VECTOR('',#114,2.896637944527E-3);
#116=CARTESIAN_POINT('',(1.75E-1,6.25E-2,-1.082531754731E-1));
#117=LINE('',#116,#115);
#118=CARTESIAN_POINT('',(1.75E-1,0.E0,0.E0));
#119=DIRECTION('',(-1.E0,0.E0,0.E0));
#120=DIRECTION('',(0.E0,1.E0,0.E0));
#121=AXIS2_PLACEMENT_3D('',#118,#119,#120);
#123=CARTESIAN_POINT('',(1.75E-1,0.E0,0.E0));
#124=DIRECTION('',(1.E0,0.E0,0.E0));
#125=DIRECTION('',(0.E0,1.E0,0.E0));
#126=AXIS2_PLACEMENT_3D('',#123,#124,#125);
#128=CARTESIAN_POINT('',(1.45E-1,0.E0,0.E0));
#129=DIRECTION('',(1.E0,0.E0,0.E0));
#130=DIRECTION('',(0.E0,5.102040816327E-1,-8.600533675798E-1));
#131=AXIS2_PLACEMENT_3D('',#128,#129,#130);
#133=DIRECTION('',(0.E0,0.E0,-1.E0));
#134=VECTOR('',#133,1.246556258938E-2);
#135=CARTESIAN_POINT('',(1.85E-1,6.25E-2,-1.111305538545E-1));
#136=LINE('',#135,#134);
#137=DIRECTION('',(-1.E0,0.E0,0.E0));
#138=VECTOR('',#137,4.E-2);
#139=CARTESIAN_POINT('',(1.85E-1,6.25E-2,-1.235961164438E-1));
#140=LINE('',#139,#138);
#141=DIRECTION('',(1.E0,0.E0,0.E0));
#142=VECTOR('',#141,3.E-2);
#143=CARTESIAN_POINT('',(1.45E-1,6.25E-2,-1.053565375285E-1));
#144=LINE('',#143,#142);
#145=CARTESIAN_POINT('',(1.85E-1,0.E0,0.E0));
#146=DIRECTION('',(-1.E0,0.E0,0.E0));
#147=DIRECTION('',(0.E0,4.512635379061E-1,-8.923907324465E-1));
#148=AXIS2_PLACEMENT_3D('',#145,#146,#147);
#150=CARTESIAN_POINT('',(1.85E-1,0.E0,0.E0));
#151=DIRECTION('',(-1.E0,0.E0,0.E0));
#152=DIRECTION('',(0.E0,4.901960784314E-1,-8.716121870938E-1));
#153=AXIS2_PLACEMENT_3D('',#150,#151,#152);
#155=DIRECTION('',(0.E0,0.E0,1.E0));
#156=VECTOR('',#155,1.246556258938E-2);
#157=CARTESIAN_POINT('',(1.85E-1,-6.25E-2,-1.235961164438E-1));
#158=LINE('',#157,#156);
#159=DIRECTION('',(1.E0,0.E0,0.E0));
#160=VECTOR('',#159,3.E-2);
#161=CARTESIAN_POINT('',(1.45E-1,-6.25E-2,-1.053565375285E-1));
#162=LINE('',#161,#160);
#163=DIRECTION('',(-1.E0,0.E0,0.E0));
#164=VECTOR('',#163,4.E-2);
#165=CARTESIAN_POINT('',(1.85E-1,-6.25E-2,-1.235961164438E-1));
#166=LINE('',#165,#164);
#167=CARTESIAN_POINT('',(1.85E-1,0.E0,0.E0));
#168=DIRECTION('',(-1.E0,0.E0,0.E0));
#169=DIRECTION('',(0.E0,-1.E0,0.E0));
#170=AXIS2_PLACEMENT_3D('',#167,#168,#169);
#172=CARTESIAN_POINT('',(1.85E-1,0.E0,0.E0));
#173=DIRECTION('',(-1.E0,0.E0,0.E0));
#174=DIRECTION('',(0.E0,1.E0,0.E0));
#175=AXIS2_PLACEMENT_3D('',#172,#173,#174);
#177=DIRECTION('',(0.E0,0.E0,-1.E0));
#178=VECTOR('',#177,2.877378381409E-3);
#179=CARTESIAN_POINT('',(1.85E-1,6.25E-2,-1.082531754731E-1));
#180=LINE('',#179,#178);
#181=DIRECTION('',(0.E0,0.E0,1.E0));
#182=VECTOR('',#181,2.877378381410E-3);
#183=CARTESIAN_POINT('',(1.85E-1,-6.25E-2,-1.111305538545E-1));
#184=LINE('',#183,#182);
#185=CARTESIAN_POINT('',(1.85E-1,0.E0,0.E0));
#186=DIRECTION('',(-1.E0,0.E0,0.E0));
#187=DIRECTION('',(0.E0,-4.901960784314E-1,-8.716121870938E-1));
#188=AXIS2_PLACEMENT_3D('',#185,#186,#187);
#190=DIRECTION('',(-1.E0,0.E0,0.E0));
#191=VECTOR('',#190,3.5E-2);
#192=CARTESIAN_POINT('',(2.2E-1,-1.275E-1,0.E0));
#193=LINE('',#192,#191);
#194=DIRECTION('',(-1.E0,0.E0,0.E0));
#195=VECTOR('',#194,3.5E-2);
#196=CARTESIAN_POINT('',(2.2E-1,1.275E-1,0.E0));
#197=LINE('',#196,#195);
#198=CARTESIAN_POINT('',(2.199941505814E-1,1.351102932541E-1,
-7.801423864411E-2));
#199=CARTESIAN_POINT('',(2.199941505814E-1,1.326266894060E-1,
-8.231806281985E-2));
#200=CARTESIAN_POINT('',(2.200027147246E-1,1.272349314021E-1,
-9.065554876134E-2));
#201=CARTESIAN_POINT('',(2.199992725917E-1,1.180537436939E-1,
-1.023401298436E-1));
#202=CARTESIAN_POINT('',(2.200001949085E-1,1.077942709109E-1,
-1.130921392587E-1));
#203=CARTESIAN_POINT('',(2.199999477744E-1,9.655607014094E-2,
-1.228274989046E-1));
#204=CARTESIAN_POINT('',(2.200000139938E-1,8.444677259139E-2,
-1.314469453378E-1));
#205=CARTESIAN_POINT('',(2.199999962504E-1,7.157530305947E-2,
-1.388759947580E-1));
#206=CARTESIAN_POINT('',(2.200000010047E-1,5.805445103100E-2,
-1.450493586833E-1));
#207=CARTESIAN_POINT('',(2.199999997307E-1,4.400279730617E-2,
-1.499110403471E-1));
#208=CARTESIAN_POINT('',(2.200000000725E-1,2.956169128119E-2,
-1.534137285722E-1));
#209=CARTESIAN_POINT('',(2.199999999793E-1,1.484236385483E-2,
-1.555284092053E-1));
#210=CARTESIAN_POINT('',(2.2E-1,4.964931258692E-3,-1.559999999999E-1));
#211=CARTESIAN_POINT('',(2.2E-1,2.360169672975E-12,-1.56E-1));
#213=CARTESIAN_POINT('',(2.2E-1,2.360169672975E-12,-1.56E-1));
#214=CARTESIAN_POINT('',(2.2E-1,-4.965007934599E-3,-1.560000000001E-1));
#215=CARTESIAN_POINT('',(2.199999999793E-1,-1.484259158395E-2,
-1.555283947361E-1));
#216=CARTESIAN_POINT('',(2.200000000725E-1,-2.956214220186E-2,
-1.534136490858E-1));
#217=CARTESIAN_POINT('',(2.199999997309E-1,-4.400345733796E-2,
-1.499108541678E-1));
#218=CARTESIAN_POINT('',(2.200000010041E-1,-5.805530112599E-2,
-1.450490260078E-1));
#219=CARTESIAN_POINT('',(2.199999962529E-1,-7.157632575610E-2,
-1.388754771965E-1));
#220=CARTESIAN_POINT('',(2.200000139845E-1,-8.444792946973E-2,
-1.314462055227E-1));
#221=CARTESIAN_POINT('',(2.199999478091E-1,-9.655731229132E-2,
-1.228265477336E-1));
#222=CARTESIAN_POINT('',(2.200001947793E-1,-1.077956977401E-1,
-1.130907466777E-1));
#223=CARTESIAN_POINT('',(2.199992730739E-1,-1.180548024939E-1,
-1.023390182478E-1));
#224=CARTESIAN_POINT('',(2.200027129253E-1,-1.272370091130E-1,
-9.065245952013E-2));
#225=CARTESIAN_POINT('',(2.199941544583E-1,-1.326264841146E-1,
-8.231850470178E-2));
#226=CARTESIAN_POINT('',(2.199941544583E-1,-1.351105767983E-1,
-7.801387696933E-2));
#228=CARTESIAN_POINT('',(2.199941544583E-1,-1.351108272113E-1,
7.801344324277E-2));
#229=CARTESIAN_POINT('',(2.199941544583E-1,-1.326267622397E-1,
8.231806649692E-2));
#230=CARTESIAN_POINT('',(2.200027129254E-1,-1.272369088061E-1,
9.065262250660E-2));
#231=CARTESIAN_POINT('',(2.199992730738E-1,-1.180548293711E-1,
1.023389745757E-1));
#232=CARTESIAN_POINT('',(2.200001947793E-1,-1.077956905384E-1,
1.130907583796E-1));
#233=CARTESIAN_POINT('',(2.199999478090E-1,-9.655731422102E-2,
1.228265445981E-1));
#234=CARTESIAN_POINT('',(2.200000139845E-1,-8.444792895268E-2,
1.314462063629E-1));
#235=CARTESIAN_POINT('',(2.199999962529E-1,-7.157632589465E-2,
1.388754769713E-1));
#236=CARTESIAN_POINT('',(2.200000010041E-1,-5.805530108889E-2,
1.450490260681E-1));
#237=CARTESIAN_POINT('',(2.199999997309E-1,-4.400345734782E-2,
1.499108541517E-1));
#238=CARTESIAN_POINT('',(2.200000000725E-1,-2.956214219953E-2,
1.534136490902E-1));
#239=CARTESIAN_POINT('',(2.199999999793E-1,-1.484259158341E-2,
1.555283947349E-1));
#240=CARTESIAN_POINT('',(2.2E-1,-4.965007939703E-3,1.559999999999E-1));
#241=CARTESIAN_POINT('',(2.2E-1,-2.360163590177E-12,1.56E-1));
#243=CARTESIAN_POINT('',(2.2E-1,-2.360163590177E-12,1.56E-1));
#244=CARTESIAN_POINT('',(2.2E-1,4.965007934599E-3,1.560000000001E-1));
#245=CARTESIAN_POINT('',(2.199999999793E-1,1.484259158395E-2,
1.555283947361E-1));
#246=CARTESIAN_POINT('',(2.200000000725E-1,2.956214220186E-2,
1.534136490858E-1));
#247=CARTESIAN_POINT('',(2.199999997309E-1,4.400345733796E-2,
1.499108541678E-1));
#248=CARTESIAN_POINT('',(2.200000010041E-1,5.805530112599E-2,
1.450490260078E-1));
#249=CARTESIAN_POINT('',(2.199999962529E-1,7.157632575611E-2,
1.388754771965E-1));
#250=CARTESIAN_POINT('',(2.200000139845E-1,8.444792946974E-2,
1.314462055227E-1));
#251=CARTESIAN_POINT('',(2.199999478091E-1,9.655731229132E-2,
1.228265477336E-1));
#252=CARTESIAN_POINT('',(2.200001947793E-1,1.077956977401E-1,
1.130907466777E-1));
#253=CARTESIAN_POINT('',(2.199992730739E-1,1.180548024940E-1,
1.023390182477E-1));
#254=CARTESIAN_POINT('',(2.200027129253E-1,1.272370091130E-1,
9.065245952015E-2));
#255=CARTESIAN_POINT('',(2.199941544583E-1,1.326264841146E-1,
8.231850470173E-2));
#256=CARTESIAN_POINT('',(2.199941544583E-1,1.351105767983E-1,
7.801387696929E-2));
#258=CARTESIAN_POINT('',(2.2E-1,0.E0,0.E0));
#259=DIRECTION('',(-1.E0,0.E0,0.E0));
#260=DIRECTION('',(0.E0,-1.E0,0.E0));
#261=AXIS2_PLACEMENT_3D('',#258,#259,#260);
#263=CARTESIAN_POINT('',(2.2E-1,0.E0,0.E0));
#264=DIRECTION('',(-1.E0,0.E0,0.E0));
#265=DIRECTION('',(0.E0,1.E0,0.E0));
#266=AXIS2_PLACEMENT_3D('',#263,#264,#265);
#268=CARTESIAN_POINT('',(2.199941505814E-1,1.351102932541E-1,
-7.801423864411E-2));
#269=CARTESIAN_POINT('',(2.199941505814E-1,1.375973758589E-1,
-7.370854526908E-2));
#270=CARTESIAN_POINT('',(2.200027147039E-1,1.420971620867E-1,
-6.492493681195E-2));
#271=CARTESIAN_POINT('',(2.199992726642E-1,1.476429436096E-1,
-5.110821013474E-2));
#272=CARTESIAN_POINT('',(2.200001946393E-1,1.518278235284E-1,
-3.684718906041E-2));
#273=CARTESIAN_POINT('',(2.199999487785E-1,1.546452492528E-1,
-2.223992064674E-2));
#274=CARTESIAN_POINT('',(2.200000102467E-1,1.560586346965E-1,
-7.437469275366E-3));
#275=CARTESIAN_POINT('',(2.200000102349E-1,1.560589673551E-1,
7.430582514392E-3));
#276=CARTESIAN_POINT('',(2.199999488138E-1,1.546462123915E-1,
2.223318740624E-2));
#277=CARTESIAN_POINT('',(2.200001945100E-1,1.518294580082E-1,
3.684053732966E-2));
#278=CARTESIAN_POINT('',(2.199992731464E-1,1.476450779133E-1,
5.110184168917E-2));
#279=CARTESIAN_POINT('',(2.200027129046E-1,1.421007287060E-1,
6.491737526119E-2));
#280=CARTESIAN_POINT('',(2.199941544583E-1,1.375981445514E-1,
7.370741726310E-2));
#281=CARTESIAN_POINT('',(2.199941544583E-1,1.351105767983E-1,
7.801387696929E-2));
#283=CARTESIAN_POINT('',(2.060598984622E-1,9.009E-2,1.56E-1));
#284=CARTESIAN_POINT('',(2.073731744537E-1,9.236510324858E-2,
1.520594055810E-1));
#285=CARTESIAN_POINT('',(2.098154725769E-1,9.685596372710E-2,
1.442810014310E-1));
#286=CARTESIAN_POINT('',(2.129025505138E-1,1.033843019765E-1,
1.329736132357E-1));
#287=CARTESIAN_POINT('',(2.154495505460E-1,1.097994162131E-1,
1.218622165220E-1));
#288=CARTESIAN_POINT('',(2.174574985415E-1,1.161588411026E-1,
1.108477158429E-1));
#289=CARTESIAN_POINT('',(2.189165014643E-1,1.225107152842E-1,
9.984465461080E-2));
#290=CARTESIAN_POINT('',(2.197923972321E-1,1.288513444872E-1,
8.886718604833E-2));
#291=CARTESIAN_POINT('',(2.199946516323E-1,1.330259199546E-1,
8.162460853890E-2));
#292=CARTESIAN_POINT('',(2.199941544583E-1,1.351105767983E-1,
7.801387696929E-2));
#294=CARTESIAN_POINT('',(-8.750497385454E-3,9.009E-2,1.56E-1));
#295=CARTESIAN_POINT('',(-1.017082485650E-2,9.255055792107E-2,
1.517381886657E-1));
#296=CARTESIAN_POINT('',(-1.279427394424E-2,9.739959491362E-2,
1.433394102269E-1));
#297=CARTESIAN_POINT('',(-1.605070422640E-2,1.044186873151E-1,
1.311819855645E-1));
#298=CARTESIAN_POINT('',(-1.867630255880E-2,1.113028274130E-1,
1.192583051485E-1));
#299=CARTESIAN_POINT('',(-2.067363241180E-2,1.181256592350E-1,
1.074408137814E-1));
#300=CARTESIAN_POINT('',(-2.202464642226E-2,1.249254118782E-1,
9.566329672436E-2));
#301=CARTESIAN_POINT('',(-2.270759894074E-2,1.317223401361E-1,
8.389067164621E-2));
#302=CARTESIAN_POINT('',(-2.270705832922E-2,1.385233286242E-1,
7.211101404319E-2));
#303=CARTESIAN_POINT('',(-2.202303908859E-2,1.453202509018E-1,
6.033839932333E-2));
#304=CARTESIAN_POINT('',(-2.067099029263E-2,1.521200183910E-1,
4.856085655232E-2));
#305=CARTESIAN_POINT('',(-1.867266090945E-2,1.589429080603E-1,
3.674326499077E-2));
#306=CARTESIAN_POINT('',(-1.604608180292E-2,1.658271856579E-1,
2.481934641816E-2));
#307=CARTESIAN_POINT('',(-1.278865180134E-2,1.728465400207E-1,
1.266146802559E-2));
#308=CARTESIAN_POINT('',(-1.016446808778E-2,1.776958950293E-1,
4.262138766755E-3));
#309=CARTESIAN_POINT('',(-8.743755165530E-3,1.801566419936E-1,0.E0));
#311=DIRECTION('',(1.E0,0.E0,0.E0));
#312=VECTOR('',#311,2.147969114078E-1);
#313=CARTESIAN_POINT('',(-8.743755165530E-3,1.801566419936E-1,0.E0));
#314=LINE('',#313,#312);
#315=CARTESIAN_POINT('',(2.199941544583E-1,1.351105767983E-1,
7.801387696929E-2));
#316=CARTESIAN_POINT('',(2.199946735550E-1,1.372059047006E-1,
7.438466258397E-2));
#317=CARTESIAN_POINT('',(2.197904797580E-1,1.414201360069E-1,
6.709740054646E-2));
#318=CARTESIAN_POINT('',(2.189065411701E-1,1.477803143780E-1,
5.607642509341E-2));
#319=CARTESIAN_POINT('',(2.174368005920E-1,1.541535944127E-1,
4.503887268890E-2));
#320=CARTESIAN_POINT('',(2.154189591040E-1,1.605210420284E-1,
3.400978356753E-2));
#321=CARTESIAN_POINT('',(2.128670281607E-1,1.669313055098E-1,
2.290697444726E-2));
#322=CARTESIAN_POINT('',(2.097846746011E-1,1.734378653856E-1,
1.163725681821E-2));
#323=CARTESIAN_POINT('',(2.073563413272E-1,1.778994592149E-1,
3.909555254688E-3));
#324=CARTESIAN_POINT('',(2.060531562423E-1,1.801566419936E-1,0.E0));
#326=CARTESIAN_POINT('',(2.060598984622E-1,-9.009E-2,1.56E-1));
#327=CARTESIAN_POINT('',(2.073721099923E-1,-8.554524981441E-2,1.56E-1));
#328=CARTESIAN_POINT('',(2.098125935232E-1,-7.657461923350E-2,1.56E-1));
#329=CARTESIAN_POINT('',(2.128977486078E-1,-6.353694710560E-2,1.56E-1));
#330=CARTESIAN_POINT('',(2.154449316557E-1,-5.072283411193E-2,1.56E-1));
#331=CARTESIAN_POINT('',(2.174551571904E-1,-3.801694700941E-2,1.56E-1));
#332=CARTESIAN_POINT('',(2.189142234876E-1,-2.534594293204E-2,1.56E-1));
#333=CARTESIAN_POINT('',(2.198010923300E-1,-1.268178493211E-2,1.56E-1));
#334=CARTESIAN_POINT('',(2.2E-1,-4.228208754883E-3,1.56E-1));
#335=CARTESIAN_POINT('',(2.2E-1,-2.360163590177E-12,1.56E-1));
#337=CARTESIAN_POINT('',(-8.750497385454E-3,-9.009E-2,1.56E-1));
#338=CARTESIAN_POINT('',(-1.017191261504E-2,-8.516703066149E-2,1.56E-1));
#339=CARTESIAN_POINT('',(-1.279735411556E-2,-7.546552279543E-2,1.56E-1));
#340=CARTESIAN_POINT('',(-1.605621071662E-2,-6.142314917038E-2,1.56E-1));
#341=CARTESIAN_POINT('',(-1.868382278180E-2,-4.765124240351E-2,1.56E-1));
#342=CARTESIAN_POINT('',(-2.068281183446E-2,-3.400224886276E-2,1.56E-1));
#343=CARTESIAN_POINT('',(-2.203513493631E-2,-2.039955210376E-2,1.56E-1));
#344=CARTESIAN_POINT('',(-2.271902557842E-2,-6.802538945255E-3,1.56E-1));
#345=CARTESIAN_POINT('',(-2.271902373823E-2,6.802606309018E-3,1.56E-1));
#346=CARTESIAN_POINT('',(-2.203513049891E-2,2.039961127277E-2,1.56E-1));
#347=CARTESIAN_POINT('',(-2.068280375595E-2,3.400231440310E-2,1.56E-1));
#348=CARTESIAN_POINT('',(-1.868381307282E-2,4.765129885826E-2,1.56E-1));
#349=CARTESIAN_POINT('',(-1.605620178389E-2,6.142318879857E-2,1.56E-1));
#350=CARTESIAN_POINT('',(-1.279735575708E-2,7.546551476192E-2,1.56E-1));
#351=CARTESIAN_POINT('',(-1.017191412397E-2,8.516702543542E-2,1.56E-1));
#352=CARTESIAN_POINT('',(-8.750497385454E-3,9.009E-2,1.56E-1));
#354=DIRECTION('',(1.E0,0.E0,0.E0));
#355=VECTOR('',#354,2.148103958477E-1);
#356=CARTESIAN_POINT('',(-8.750497385454E-3,9.009E-2,1.56E-1));
#357=LINE('',#356,#355);
#358=CARTESIAN_POINT('',(2.2E-1,-2.360163590177E-12,1.56E-1));
#359=CARTESIAN_POINT('',(2.2E-1,4.248579212206E-3,1.56E-1));
#360=CARTESIAN_POINT('',(2.197992080668E-1,1.273993142813E-2,1.56E-1));
#361=CARTESIAN_POINT('',(2.189047192415E-1,2.545531990847E-2,1.56E-1));
#362=CARTESIAN_POINT('',(2.174356350834E-1,3.816173906759E-2,1.56E-1));
#363=CARTESIAN_POINT('',(2.154164635730E-1,5.088170725403E-2,1.56E-1));
#364=CARTESIAN_POINT('',(2.128655999371E-1,6.368238167712E-2,1.56E-1));
#365=CARTESIAN_POINT('',(2.097866756285E-1,7.667301180465E-2,1.56E-1));
#366=CARTESIAN_POINT('',(2.073613669351E-1,8.558245762007E-2,1.56E-1));
#367=CARTESIAN_POINT('',(2.060598984622E-1,9.009E-2,1.56E-1));
#369=CARTESIAN_POINT('',(2.060531562423E-1,-1.801566419936E-1,0.E0));
#370=CARTESIAN_POINT('',(2.073670902862E-1,-1.778808414717E-1,
3.941802131830E-3));
#371=CARTESIAN_POINT('',(2.098105947702E-1,-1.733886459027E-1,
1.172250746341E-2));
#372=CARTESIAN_POINT('',(2.128991407771E-1,-1.668586061004E-1,
2.303289351800E-2));
#373=CARTESIAN_POINT('',(2.154473407479E-1,-1.604417275719E-1,
3.414716023587E-2));
#374=CARTESIAN_POINT('',(2.174562417498E-1,-1.540813259648E-1,
4.516404531240E-2));
#375=CARTESIAN_POINT('',(2.189159440830E-1,-1.477258288881E-1,
5.617079673049E-2));
#376=CARTESIAN_POINT('',(2.197922846305E-1,-1.413916209707E-1,
6.714679003716E-2));
#377=CARTESIAN_POINT('',(2.199946605121E-1,-1.371960665255E-1,
7.440170280468E-2));
#378=CARTESIAN_POINT('',(2.199941544583E-1,-1.351108272113E-1,
7.801344324277E-2));
#380=CARTESIAN_POINT('',(-8.743755165530E-3,-1.801566419936E-1,0.E0));
#381=CARTESIAN_POINT('',(-1.016446834361E-2,-1.776958945862E-1,
4.262139534247E-3));
#382=CARTESIAN_POINT('',(-1.278865433418E-2,-1.728465360318E-1,
1.266147493447E-2));
#383=CARTESIAN_POINT('',(-1.604609562391E-2,-1.658271544385E-1,
2.481940049190E-2));
#384=CARTESIAN_POINT('',(-1.867267465788E-2,-1.589428678371E-1,
3.674333465937E-2));
#385=CARTESIAN_POINT('',(-2.067100082079E-2,-1.521199753539E-1,
4.856093109474E-2));
#386=CARTESIAN_POINT('',(-2.202304442591E-2,-1.453202144496E-1,
6.033846246044E-2));
#387=CARTESIAN_POINT('',(-2.270706012769E-2,-1.385232925925E-1,
7.211107645193E-2));
#388=CARTESIAN_POINT('',(-2.270759707056E-2,-1.317223089975E-1,
8.389072557993E-2));
#389=CARTESIAN_POINT('',(-2.202464291155E-2,-1.249253893283E-1,
9.566333578199E-2));
#390=CARTESIAN_POINT('',(-2.067362683603E-2,-1.181256369297E-1,
1.074408524153E-1));
#391=CARTESIAN_POINT('',(-1.867629694662E-2,-1.113028113339E-1,
1.192583329983E-1));
#392=CARTESIAN_POINT('',(-1.605070023935E-2,-1.044186790246E-1,
1.311819999241E-1));
#393=CARTESIAN_POINT('',(-1.279427973831E-2,-9.739960689162E-2,
1.433393894804E-1));
#394=CARTESIAN_POINT('',(-1.017082811526E-2,-9.255056356650E-2,
1.517381788876E-1));
#395=CARTESIAN_POINT('',(-8.750497385454E-3,-9.009E-2,1.56E-1));
#397=DIRECTION('',(1.E0,0.E0,0.E0));
#398=VECTOR('',#397,2.148103958477E-1);
#399=CARTESIAN_POINT('',(-8.750497385454E-3,-9.009E-2,1.56E-1));
#400=LINE('',#399,#398);
#401=CARTESIAN_POINT('',(2.199941544583E-1,-1.351108272113E-1,
7.801344324277E-2));
#402=CARTESIAN_POINT('',(2.199946646281E-1,-1.330160913587E-1,
8.164163216792E-2));
#403=CARTESIAN_POINT('',(2.197905946603E-1,-1.288228565305E-1,
8.891652863592E-2));
#404=CARTESIAN_POINT('',(2.189071094728E-1,-1.224562788468E-1,
9.993894128638E-2));
#405=CARTESIAN_POINT('',(2.174380794395E-1,-1.160866373144E-1,
1.109727764726E-1));
#406=CARTESIAN_POINT('',(2.154212006912E-1,-1.097201725928E-1,
1.219994704986E-1));
#407=CARTESIAN_POINT('',(2.128704735293E-1,-1.033116676574E-1,
1.330994195669E-1));
#408=CARTESIAN_POINT('',(2.097895809710E-1,-9.680678854423E-2,
1.443661753462E-1));
#409=CARTESIAN_POINT('',(2.073624372587E-1,-9.234650226348E-2,
1.520916234323E-1));
#410=CARTESIAN_POINT('',(2.060598984622E-1,-9.009E-2,1.56E-1));
#412=CARTESIAN_POINT('',(2.199941544583E-1,-1.351108272113E-1,
7.801344324277E-2));
#413=CARTESIAN_POINT('',(2.199941544583E-1,-1.375982515958E-1,
7.370718819944E-2));
#414=CARTESIAN_POINT('',(2.200027129047E-1,-1.421003025741E-1,
6.491822654562E-2));
#415=CARTESIAN_POINT('',(2.199992731463E-1,-1.476446370460E-1,
5.110308483705E-2));
#416=CARTESIAN_POINT('',(2.200001945101E-1,-1.518289761390E-1,
3.684243121371E-2));
#417=CARTESIAN_POINT('',(2.199999488131E-1,-1.546458367181E-1,
2.223567795531E-2));
#418=CARTESIAN_POINT('',(2.200000102374E-1,-1.560587970469E-1,
7.433713354307E-3));
#419=CARTESIAN_POINT('',(2.200000102374E-1,-1.560587976412E-1,
-7.433712719410E-3));
#420=CARTESIAN_POINT('',(2.199999488131E-1,-1.546458349352E-1,
-2.223568112976E-2));
#421=CARTESIAN_POINT('',(2.200001945101E-1,-1.518289826763E-1,
-3.684241915078E-2));
#422=CARTESIAN_POINT('',(2.199992731463E-1,-1.476446126797E-1,
-5.110312991428E-2));
#423=CARTESIAN_POINT('',(2.200027129046E-1,-1.421003935020E-1,
-6.491805829958E-2));
#424=CARTESIAN_POINT('',(2.199941544583E-1,-1.375980111423E-1,
-7.370764821998E-2));
#425=CARTESIAN_POINT('',(2.199941544583E-1,-1.351105767983E-1,
-7.801387696933E-2));
#427=CARTESIAN_POINT('',(2.060597552087E-1,-9.009055052193E-2,
-1.559999685969E-1));
#428=CARTESIAN_POINT('',(2.073730263820E-1,-9.236567774792E-2,
-1.520593326478E-1));
#429=CARTESIAN_POINT('',(2.098155706270E-1,-9.685575542806E-2,
-1.442809342540E-1));
#430=CARTESIAN_POINT('',(2.129025138603E-1,-1.033843351666E-1,
-1.329736704210E-1));
#431=CARTESIAN_POINT('',(2.154495475570E-1,-1.097993733253E-1,
-1.218622600788E-1));
#432=CARTESIAN_POINT('',(2.174574864680E-1,-1.161588092786E-1,-1.108477792E-1));
#433=CARTESIAN_POINT('',(2.189164918187E-1,-1.225106620441E-1,
-9.984474460802E-2));
#434=CARTESIAN_POINT('',(2.197923924604E-1,-1.288512884295E-1,
-8.886728377655E-2));
#435=CARTESIAN_POINT('',(2.199946516378E-1,-1.330258967236E-1,
-8.162464877626E-2));
#436=CARTESIAN_POINT('',(2.199941544583E-1,-1.351105767983E-1,
-7.801387696933E-2));
#438=CARTESIAN_POINT('',(-8.750338868950E-3,-9.009061661756E-2,
-1.559999609540E-1));
#439=CARTESIAN_POINT('',(-1.017066331669E-2,-9.255120859523E-2,
-1.517380906320E-1));
#440=CARTESIAN_POINT('',(-1.279439273739E-2,-9.739938013032E-2,
-1.433393046972E-1));
#441=CARTESIAN_POINT('',(-1.605067141748E-2,-1.044187426337E-1,
-1.311820177078E-1));
#442=CARTESIAN_POINT('',(-1.867631069698E-2,-1.113028107488E-1,
-1.192582997255E-1));
#443=CARTESIAN_POINT('',(-2.067362979823E-2,-1.181256620644E-1,
-1.074408180676E-1));
#444=CARTESIAN_POINT('',(-2.202464687205E-2,-1.249254096320E-1,
-9.566329815331E-2));
#445=CARTESIAN_POINT('',(-2.270759873072E-2,-1.317223394438E-1,
-8.389067350502E-2));
#446=CARTESIAN_POINT('',(-2.270705842104E-2,-1.385233276945E-1,
-7.211101547672E-2));
#447=CARTESIAN_POINT('',(-2.202303918808E-2,-1.453202502134E-1,
-6.033840056296E-2));
#448=CARTESIAN_POINT('',(-2.067099044019E-2,-1.521200178181E-1,
-4.856085753193E-2));
#449=CARTESIAN_POINT('',(-1.867266105771E-2,-1.589429076332E-1,
-3.674326573386E-2));
#450=CARTESIAN_POINT('',(-1.604608193013E-2,-1.658271853672E-1,
-2.481934692080E-2));
#451=CARTESIAN_POINT('',(-1.278865188078E-2,-1.728465398704E-1,
-1.266146828607E-2));
#452=CARTESIAN_POINT('',(-1.016446811716E-2,-1.776958949784E-1,
-4.262138854887E-3));
#453=CARTESIAN_POINT('',(-8.743755165530E-3,-1.801566419936E-1,0.E0));
#455=DIRECTION('',(1.E0,0.E0,0.E0));
#456=VECTOR('',#455,2.147969114078E-1);
#457=CARTESIAN_POINT('',(-8.743755165530E-3,-1.801566419936E-1,0.E0));
#458=LINE('',#457,#456);
#459=CARTESIAN_POINT('',(2.199941544583E-1,-1.351105767983E-1,
-7.801387696933E-2));
#460=CARTESIAN_POINT('',(2.199946735550E-1,-1.372059047006E-1,
-7.438466258403E-2));
#461=CARTESIAN_POINT('',(2.197904797581E-1,-1.414201360067E-1,
-6.709740054676E-2));
#462=CARTESIAN_POINT('',(2.189065411702E-1,-1.477803143779E-1,
-5.607642509361E-2));
#463=CARTESIAN_POINT('',(2.174368005920E-1,-1.541535944126E-1,
-4.503887268906E-2));
#464=CARTESIAN_POINT('',(2.154189591040E-1,-1.605210420283E-1,
-3.400978356765E-2));
#465=CARTESIAN_POINT('',(2.128670281607E-1,-1.669313055098E-1,
-2.290697444734E-2));
#466=CARTESIAN_POINT('',(2.097846746011E-1,-1.734378653856E-1,
-1.163725681825E-2));
#467=CARTESIAN_POINT('',(2.073563413272E-1,-1.778994592149E-1,
-3.909555254702E-3));
#468=CARTESIAN_POINT('',(2.060531562423E-1,-1.801566419936E-1,0.E0));
#470=CARTESIAN_POINT('',(2.060598984622E-1,9.009E-2,-1.56E-1));
#471=CARTESIAN_POINT('',(2.073721099923E-1,8.554524981441E-2,-1.56E-1));
#472=CARTESIAN_POINT('',(2.098125935232E-1,7.657461923350E-2,-1.56E-1));
#473=CARTESIAN_POINT('',(2.128977486078E-1,6.353694710560E-2,-1.56E-1));
#474=CARTESIAN_POINT('',(2.154449316557E-1,5.072283411193E-2,-1.56E-1));
#475=CARTESIAN_POINT('',(2.174551571904E-1,3.801694700941E-2,-1.56E-1));
#476=CARTESIAN_POINT('',(2.189142234876E-1,2.534594293204E-2,-1.56E-1));
#477=CARTESIAN_POINT('',(2.198010923300E-1,1.268178493211E-2,-1.56E-1));
#478=CARTESIAN_POINT('',(2.2E-1,4.228208754883E-3,-1.56E-1));
#479=CARTESIAN_POINT('',(2.2E-1,2.360169672975E-12,-1.56E-1));
#481=CARTESIAN_POINT('',(-8.750497385454E-3,9.009E-2,-1.56E-1));
#482=CARTESIAN_POINT('',(-1.017191209142E-2,8.516703247502E-2,-1.56E-1));
#483=CARTESIAN_POINT('',(-1.279735269850E-2,7.546552815420E-2,-1.56E-1));
#484=CARTESIAN_POINT('',(-1.605620845348E-2,6.142315951738E-2,-1.56E-1));
#485=CARTESIAN_POINT('',(-1.868382012446E-2,4.765125767778E-2,
-1.559999999999E-1));
#486=CARTESIAN_POINT('',(-2.068280926136E-2,3.400226907829E-2,
-1.560000000005E-1));
#487=CARTESIAN_POINT('',(-2.203513295326E-2,2.039957739081E-2,
-1.559999999982E-1));
#488=CARTESIAN_POINT('',(-2.271902472830E-2,6.802569262332E-3,
-1.560000000067E-1));
#489=CARTESIAN_POINT('',(-2.271902455151E-2,-6.802571123200E-3,
-1.559999999750E-1));
#490=CARTESIAN_POINT('',(-2.203513342431E-2,-2.039957044613E-2,
-1.560000000934E-1));
#491=CARTESIAN_POINT('',(-2.068280951180E-2,-3.400226884404E-2,
-1.559999996514E-1));
#492=CARTESIAN_POINT('',(-1.868382040345E-2,-4.765125131501E-2,
-1.560000013011E-1));
#493=CARTESIAN_POINT('',(-1.605621786999E-2,-6.142312129604E-2,
-1.559999951444E-1));
#494=CARTESIAN_POINT('',(-1.279736082127E-2,-7.546546974577E-2,
-1.560000181213E-1));
#495=CARTESIAN_POINT('',(-1.017174616834E-2,-8.516775331864E-2,
-1.559999609540E-1));
#496=CARTESIAN_POINT('',(-8.750338868950E-3,-9.009061661756E-2,
-1.559999609540E-1));
#498=DIRECTION('',(1.E0,3.076933275943E-7,-3.558000112659E-8));
#499=VECTOR('',#498,2.148100940776E-1);
#500=CARTESIAN_POINT('',(-8.750338868950E-3,-9.009061661756E-2,
-1.559999609540E-1));
#501=LINE('',#500,#499);
#502=CARTESIAN_POINT('',(2.2E-1,2.360169672975E-12,-1.56E-1));
#503=CARTESIAN_POINT('',(2.2E-1,-4.248577048784E-3,-1.56E-1));
#504=CARTESIAN_POINT('',(2.197992082714E-1,-1.273992485673E-2,
-1.559999999784E-1));
#505=CARTESIAN_POINT('',(2.189047204235E-1,-2.545530575163E-2,
-1.560000000755E-1));
#506=CARTESIAN_POINT('',(2.174356379351E-1,-3.816171854206E-2,
-1.559999997195E-1));
#507=CARTESIAN_POINT('',(2.154164677856E-1,-5.088168105359E-2,
-1.560000010464E-1));
#508=CARTESIAN_POINT('',(2.128656094552E-1,-6.368234382844E-2,
-1.559999960948E-1));
#509=CARTESIAN_POINT('',(2.097866823291E-1,-7.667296500040E-2,
-1.560000145742E-1));
#510=CARTESIAN_POINT('',(2.073612145768E-1,-8.558310368248E-2,
-1.559999685969E-1));
#511=CARTESIAN_POINT('',(2.060597552087E-1,-9.009055052193E-2,
-1.559999685969E-1));
#513=CARTESIAN_POINT('',(2.060531562423E-1,1.801566419936E-1,0.E0));
#514=CARTESIAN_POINT('',(2.073670962608E-1,1.778808311235E-1,
-3.941820055448E-3));
#515=CARTESIAN_POINT('',(2.098106113038E-1,1.733886145529E-1,
-1.172256167394E-2));
#516=CARTESIAN_POINT('',(2.128991694484E-1,1.668585437057E-1,
-2.303300190007E-2));
#517=CARTESIAN_POINT('',(2.154473742635E-1,1.604416301550E-1,
-3.414732781079E-2));
#518=CARTESIAN_POINT('',(2.174562746364E-1,1.540812295346E-1,
-4.516421664748E-2));
#519=CARTESIAN_POINT('',(2.189159761690E-1,1.477255892570E-1,
-5.617119568704E-2));
#520=CARTESIAN_POINT('',(2.197923031991E-1,1.413917002749E-1,
-6.714671275149E-2));
#521=CARTESIAN_POINT('',(2.199946493466E-1,1.371954633561E-1,
-7.440261808494E-2));
#522=CARTESIAN_POINT('',(2.199941505814E-1,1.351102932541E-1,
-7.801423864411E-2));
#524=CARTESIAN_POINT('',(-8.743755165530E-3,1.801566419936E-1,0.E0));
#525=CARTESIAN_POINT('',(-1.016446834361E-2,1.776958945862E-1,
-4.262139534247E-3));
#526=CARTESIAN_POINT('',(-1.278865433418E-2,1.728465360318E-1,
-1.266147493447E-2));
#527=CARTESIAN_POINT('',(-1.604609562391E-2,1.658271544385E-1,
-2.481940049190E-2));
#528=CARTESIAN_POINT('',(-1.867267465788E-2,1.589428678371E-1,
-3.674333465937E-2));
#529=CARTESIAN_POINT('',(-2.067100082079E-2,1.521199753539E-1,
-4.856093109474E-2));
#530=CARTESIAN_POINT('',(-2.202304442591E-2,1.453202144496E-1,
-6.033846246044E-2));
#531=CARTESIAN_POINT('',(-2.270706012769E-2,1.385232925925E-1,
-7.211107645193E-2));
#532=CARTESIAN_POINT('',(-2.270759707056E-2,1.317223089975E-1,
-8.389072557993E-2));
#533=CARTESIAN_POINT('',(-2.202464291155E-2,1.249253893283E-1,
-9.566333578199E-2));
#534=CARTESIAN_POINT('',(-2.067362683603E-2,1.181256369297E-1,
-1.074408524153E-1));
#535=CARTESIAN_POINT('',(-1.867629694662E-2,1.113028113339E-1,
-1.192583329983E-1));
#536=CARTESIAN_POINT('',(-1.605070023935E-2,1.044186790246E-1,
-1.311819999241E-1));
#537=CARTESIAN_POINT('',(-1.279427973831E-2,9.739960689162E-2,
-1.433393894804E-1));
#538=CARTESIAN_POINT('',(-1.017082811526E-2,9.255056356650E-2,
-1.517381788876E-1));
#539=CARTESIAN_POINT('',(-8.750497385454E-3,9.009E-2,-1.56E-1));
#541=DIRECTION('',(1.E0,0.E0,0.E0));
#542=VECTOR('',#541,2.148103958477E-1);
#543=CARTESIAN_POINT('',(-8.750497385454E-3,9.009E-2,-1.56E-1));
#544=LINE('',#543,#542);
#545=CARTESIAN_POINT('',(2.199941505814E-1,1.351102932541E-1,
-7.801423864411E-2));
#546=CARTESIAN_POINT('',(2.199946607512E-1,1.330155574015E-1,
-8.164242756926E-2));
#547=CARTESIAN_POINT('',(2.197905964596E-1,1.288231043410E-1,
-8.891615948881E-2));
#548=CARTESIAN_POINT('',(2.189071089907E-1,1.224562124461E-1,
-9.993904019921E-2));
#549=CARTESIAN_POINT('',(2.174380795687E-1,1.160866551069E-1,
-1.109727499683E-1));
#550=CARTESIAN_POINT('',(2.154212006566E-1,1.097201678237E-1,
-1.219994776029E-1));
#551=CARTESIAN_POINT('',(2.128704735386E-1,1.033116689414E-1,
-1.330994176542E-1));
#552=CARTESIAN_POINT('',(2.097895809684E-1,9.680678817737E-2,
-1.443661758927E-1));
#553=CARTESIAN_POINT('',(2.073624372587E-1,9.234650226348E-2,
-1.520916234323E-1));
#554=CARTESIAN_POINT('',(2.060598984622E-1,9.009E-2,-1.56E-1));
#556=DIRECTION('',(5.E-1,-8.660254037844E-1,0.E0));
#557=VECTOR('',#556,3.251248966894E-2);
#558=CARTESIAN_POINT('',(-2.5E-2,-1.52E-1,0.E0));
#559=LINE('',#558,#557);
#560=DIRECTION('',(5.E-1,8.660254037844E-1,0.E0));
#561=VECTOR('',#560,3.251248966894E-2);
#562=CARTESIAN_POINT('',(-2.5E-2,1.52E-1,0.E0));
#563=LINE('',#562,#561);
#564=CARTESIAN_POINT('',(-2.5E-2,0.E0,0.E0));
#565=DIRECTION('',(-1.E0,0.E0,0.E0));
#566=DIRECTION('',(0.E0,0.E0,-1.E0));
#567=AXIS2_PLACEMENT_3D('',#564,#565,#566);
#569=DIRECTION('',(1.E0,0.E0,0.E0));
#570=VECTOR('',#569,7.5E-2);
#571=CARTESIAN_POINT('',(-1.E-1,0.E0,1.52E-1));
#572=LINE('',#571,#570);
#573=CARTESIAN_POINT('',(-2.5E-2,0.E0,0.E0));
#574=DIRECTION('',(-1.E0,0.E0,0.E0));
#575=DIRECTION('',(0.E0,-1.E0,0.E0));
#576=AXIS2_PLACEMENT_3D('',#573,#574,#575);
#578=CARTESIAN_POINT('',(-2.5E-2,0.E0,0.E0));
#579=DIRECTION('',(-1.E0,0.E0,0.E0));
#580=DIRECTION('',(0.E0,1.E0,0.E0));
#581=AXIS2_PLACEMENT_3D('',#578,#579,#580);
#583=CARTESIAN_POINT('',(-2.5E-2,0.E0,0.E0));
#584=DIRECTION('',(-1.E0,0.E0,0.E0));
#585=DIRECTION('',(0.E0,0.E0,1.E0));
#586=AXIS2_PLACEMENT_3D('',#583,#584,#585);
#588=DIRECTION('',(1.E0,0.E0,0.E0));
#589=VECTOR('',#588,7.5E-2);
#590=CARTESIAN_POINT('',(-1.E-1,0.E0,-1.52E-1));
#591=LINE('',#590,#589);
#592=CARTESIAN_POINT('',(-1.1E-1,0.E0,0.E0));
#593=DIRECTION('',(-1.E0,0.E0,0.E0));
#594=DIRECTION('',(0.E0,0.E0,1.E0));
#595=AXIS2_PLACEMENT_3D('',#592,#593,#594);
#597=CARTESIAN_POINT('',(-1.E-1,0.E0,0.E0));
#598=DIRECTION('',(-1.E0,0.E0,0.E0));
#599=DIRECTION('',(0.E0,0.E0,1.E0));
#600=AXIS2_PLACEMENT_3D('',#597,#598,#599);
#602=CARTESIAN_POINT('',(-1.1E-1,0.E0,0.E0));
#603=DIRECTION('',(-1.E0,0.E0,0.E0));
#604=DIRECTION('',(0.E0,0.E0,-1.E0));
#605=AXIS2_PLACEMENT_3D('',#602,#603,#604);
#607=CARTESIAN_POINT('',(-1.E-1,0.E0,1.42E-1));
#608=DIRECTION('',(0.E0,1.E0,0.E0));
#609=DIRECTION('',(-1.E0,0.E0,0.E0));
#610=AXIS2_PLACEMENT_3D('',#607,#608,#609);
#612=CARTESIAN_POINT('',(-1.E-1,0.E0,0.E0));
#613=DIRECTION('',(-1.E0,0.E0,0.E0));
#614=DIRECTION('',(0.E0,0.E0,-1.E0));
#615=AXIS2_PLACEMENT_3D('',#612,#613,#614);
#617=CARTESIAN_POINT('',(-1.E-1,0.E0,-1.42E-1));
#618=DIRECTION('',(0.E0,-1.E0,0.E0));
#619=DIRECTION('',(-1.E0,0.E0,0.E0));
#620=AXIS2_PLACEMENT_3D('',#617,#618,#619);
#622=CARTESIAN_POINT('',(-1.1E-1,0.E0,0.E0));
#623=DIRECTION('',(1.E0,0.E0,0.E0));
#624=DIRECTION('',(0.E0,1.E0,0.E0));
#625=AXIS2_PLACEMENT_3D('',#622,#623,#624);
#627=DIRECTION('',(7.071067811865E-1,7.071067811865E-1,0.E0));
#628=VECTOR('',#627,7.071067811865E-3);
#629=CARTESIAN_POINT('',(-1.1E-1,-1.35E-1,0.E0));
#630=LINE('',#629,#628);
#631=CARTESIAN_POINT('',(-1.05E-1,0.E0,0.E0));
#632=DIRECTION('',(1.E0,0.E0,0.E0));
#633=DIRECTION('',(0.E0,1.E0,0.E0));
#634=AXIS2_PLACEMENT_3D('',#631,#632,#633);
#636=DIRECTION('',(7.071067811865E-1,-7.071067811865E-1,0.E0));
#637=VECTOR('',#636,7.071067811865E-3);
#638=CARTESIAN_POINT('',(-1.1E-1,1.35E-1,0.E0));
#639=LINE('',#638,#637);
#640=CARTESIAN_POINT('',(-1.1E-1,0.E0,0.E0));
#641=DIRECTION('',(1.E0,0.E0,0.E0));
#642=DIRECTION('',(0.E0,-1.E0,0.E0));
#643=AXIS2_PLACEMENT_3D('',#640,#641,#642);
#645=CARTESIAN_POINT('',(-1.05E-1,0.E0,0.E0));
#646=DIRECTION('',(1.E0,0.E0,0.E0));
#647=DIRECTION('',(0.E0,-1.E0,0.E0));
#648=AXIS2_PLACEMENT_3D('',#645,#646,#647);
#650=DIRECTION('',(1.E0,0.E0,0.E0));
#651=VECTOR('',#650,3.E-2);
#652=CARTESIAN_POINT('',(-1.05E-1,-1.3E-1,0.E0));
#653=LINE('',#652,#651);
#654=DIRECTION('',(1.E0,0.E0,0.E0));
#655=VECTOR('',#654,3.E-2);
#656=CARTESIAN_POINT('',(-1.05E-1,1.3E-1,0.E0));
#657=LINE('',#656,#655);
#658=CARTESIAN_POINT('',(-7.5E-2,0.E0,0.E0));
#659=DIRECTION('',(1.E0,0.E0,0.E0));
#660=DIRECTION('',(0.E0,1.E0,0.E0));
#661=AXIS2_PLACEMENT_3D('',#658,#659,#660);
#663=CARTESIAN_POINT('',(-7.5E-2,0.E0,0.E0));
#664=DIRECTION('',(1.E0,0.E0,0.E0));
#665=DIRECTION('',(0.E0,-1.E0,0.E0));
#666=AXIS2_PLACEMENT_3D('',#663,#664,#665);
#668=CARTESIAN_POINT('',(-7.499999987597E-2,-1.226976514196E-1,
-2.388066694475E-2));
#669=CARTESIAN_POINT('',(-7.499999987597E-2,-1.234818575043E-1,
-1.985145565214E-2));
#670=CARTESIAN_POINT('',(-7.500000005756E-2,-1.246465458565E-1,
-1.176118319275E-2));
#671=CARTESIAN_POINT('',(-7.499999998458E-2,-1.252002455092E-1,
5.133454740685E-4));
#672=CARTESIAN_POINT('',(-7.500000000413E-2,-1.245461422382E-1,
1.278864207140E-2));
#673=CARTESIAN_POINT('',(-7.499999999889E-2,-1.226932620984E-1,
2.493169903429E-2));
#674=CARTESIAN_POINT('',(-7.500000000030E-2,-1.196601775591E-1,
3.683423711617E-2));
#675=CARTESIAN_POINT('',(-7.499999999992E-2,-1.154703233875E-1,
4.839308229718E-2));
#676=CARTESIAN_POINT('',(-7.500000000002E-2,-1.101742641207E-1,
5.947157907635E-2));
#677=CARTESIAN_POINT('',(-7.499999999999E-2,-1.038132154346E-1,
6.998681018179E-2));
#678=CARTESIAN_POINT('',(-7.500000000001E-2,-9.645123157811E-2,
7.982729694999E-2));
#679=CARTESIAN_POINT('',(-7.499999999998E-2,-8.816770303201E-2,
8.889174296359E-2));
#680=CARTESIAN_POINT('',(-7.500000000009E-2,-7.902400496839E-2,
9.711089496139E-2));
#681=CARTESIAN_POINT('',(-7.499999999968E-2,-6.912783571389E-2,
1.043866301377E-1));
#682=CARTESIAN_POINT('',(-7.500000000121E-2,-5.856609780289E-2,
1.106584975920E-1));
#683=CARTESIAN_POINT('',(-7.499999999548E-2,-4.743215040260E-2,
1.158687027285E-1));
#684=CARTESIAN_POINT('',(-7.500000001688E-2,-3.584593385704E-2,
1.199589758758E-1));
#685=CARTESIAN_POINT('',(-7.499999996362E-2,-2.790939648042E-2,
1.219135559435E-1));
#686=CARTESIAN_POINT('',(-7.499999996362E-2,-2.388017902509E-2,
1.226977466198E-1));
#688=CARTESIAN_POINT('',(-7.5E-2,0.E0,0.E0));
#689=DIRECTION('',(1.E0,0.E0,0.E0));
#690=DIRECTION('',(0.E0,-9.815812178594E-1,-1.910453159478E-1));
#691=AXIS2_PLACEMENT_3D('',#688,#689,#690);
#693=CARTESIAN_POINT('',(-6.15E-2,-1.110689929621E-1,9.794325009491E-3));
#694=CARTESIAN_POINT('',(-6.185112183897E-2,-1.110899844150E-1,
1.355350039652E-2));
#695=CARTESIAN_POINT('',(-6.255251648220E-2,-1.107498415213E-1,
2.110013289594E-2));
#696=CARTESIAN_POINT('',(-6.360179160305E-2,-1.090866192063E-1,
3.238431882679E-2));
#697=CARTESIAN_POINT('',(-6.464905909963E-2,-1.062734487464E-1,
4.352341331245E-2));
#698=CARTESIAN_POINT('',(-6.569441183077E-2,-1.023243292561E-1,
5.440077436837E-2));
#699=CARTESIAN_POINT('',(-6.673682701287E-2,-9.727170260309E-2,
6.489054415029E-2));
#700=CARTESIAN_POINT('',(-6.777711825173E-2,-9.115252394006E-2,
7.488936888471E-2));
#701=CARTESIAN_POINT('',(-6.881581935141E-2,-8.401264203738E-2,
8.429377418635E-2));
#702=CARTESIAN_POINT('',(-6.985173808155E-2,-7.592173562500E-2,
9.299058293787E-2));
#703=CARTESIAN_POINT('',(-7.088540834565E-2,-6.694873646079E-2,
1.008897266679E-1));
#704=CARTESIAN_POINT('',(-7.191764709735E-2,-5.716630670226E-2,
1.079080386276E-1));
#705=CARTESIAN_POINT('',(-7.294725800120E-2,-4.667516065757E-2,
1.139571728759E-1));
#706=CARTESIAN_POINT('',(-7.397461636167E-2,-3.556985912155E-2,
1.189702082823E-1));
#707=CARTESIAN_POINT('',(-7.465841221514E-2,-2.782177278839E-2,
1.215826125572E-1));
#708=CARTESIAN_POINT('',(-7.499999996362E-2,-2.388017902509E-2,
1.226977466198E-1));
#710=CARTESIAN_POINT('',(-6.15E-2,0.E0,0.E0));
#711=DIRECTION('',(1.E0,0.E0,0.E0));
#712=DIRECTION('',(0.E0,-2.921582405001E-1,9.563699924757E-1));
#713=AXIS2_PLACEMENT_3D('',#710,#711,#712);
#715=CARTESIAN_POINT('',(-6.15E-2,-3.257564381576E-2,1.066352541610E-1));
#716=CARTESIAN_POINT('',(-6.159717839102E-2,-2.890676759115E-2,
1.078576584843E-1));
#717=CARTESIAN_POINT('',(-6.179145427097E-2,-2.143510227437E-2,
1.099222776632E-1));
#718=CARTESIAN_POINT('',(-6.208248211499E-2,-9.952119994148E-3,
1.118421533305E-1));
#719=CARTESIAN_POINT('',(-6.237355379167E-2,1.699971175242E-3,
1.125628229171E-1));
#720=CARTESIAN_POINT('',(-6.266438604978E-2,1.338455188453E-2,
1.120699907858E-1));
#721=CARTESIAN_POINT('',(-6.295485013401E-2,2.497045229535E-2,
1.103677454227E-1));
#722=CARTESIAN_POINT('',(-6.324538110130E-2,3.634971322133E-2,
1.074672385530E-1));
#723=CARTESIAN_POINT('',(-6.353562922036E-2,4.738502612662E-2,
1.033977114172E-1));
#724=CARTESIAN_POINT('',(-6.382554055635E-2,5.795543309623E-2,
9.820246064687E-2));
#725=CARTESIAN_POINT('',(-6.411553299989E-2,6.796066785727E-2,
9.192510232367E-2));
#726=CARTESIAN_POINT('',(-6.440520559949E-2,7.727702639475E-2,
8.463702432873E-2));
#727=CARTESIAN_POINT('',(-6.469457204805E-2,8.580463627433E-2,
7.641497810584E-2));
#728=CARTESIAN_POINT('',(-6.498402886168E-2,9.346038536818E-2,
6.733153006648E-2));
#729=CARTESIAN_POINT('',(-6.527313402978E-2,1.001471643847E-1,
5.749418909587E-2));
#730=CARTESIAN_POINT('',(-6.556196331819E-2,1.057946571883E-1,
4.700463704174E-2));
#731=CARTESIAN_POINT('',(-6.585088738481E-2,1.103449928045E-1,
3.595820555483E-2));
#732=CARTESIAN_POINT('',(-6.613943311197E-2,1.137380744811E-1,
2.448853794601E-2));
#733=CARTESIAN_POINT('',(-6.642773289412E-2,1.159385301694E-1,
1.271185214392E-2));
#734=CARTESIAN_POINT('',(-6.671612687463E-2,1.169197258270E-1,
7.378803015997E-4));
#735=CARTESIAN_POINT('',(-6.700412099893E-2,1.166652500161E-1,
-1.128650488579E-2));
#736=CARTESIAN_POINT('',(-6.729189867438E-2,1.151766715809E-1,
-2.324177930588E-2));
#737=CARTESIAN_POINT('',(-6.757976539579E-2,1.124619250125E-1,
-3.501371387214E-2));
#738=CARTESIAN_POINT('',(-6.786721552583E-2,1.085504489259E-1,
-4.645659549935E-2));
#739=CARTESIAN_POINT('',(-6.815447850802E-2,1.034793659508E-1,
-5.745866446780E-2));
#740=CARTESIAN_POINT('',(-6.844182042496E-2,9.729147468999E-2,
-6.791177119161E-2));
#741=CARTESIAN_POINT('',(-6.872873411931E-2,9.005947568097E-2,
-7.768573373017E-2));
#742=CARTESIAN_POINT('',(-6.901548948397E-2,8.185156950475E-2,
-8.668647143641E-2));
#743=CARTESIAN_POINT('',(-6.930230923030E-2,7.274253852613E-2,
-9.482231138815E-2));
#744=CARTESIAN_POINT('',(-6.958869389436E-2,6.284130147882E-2,
-1.019913430171E-1));
#745=CARTESIAN_POINT('',(-6.987494876627E-2,5.224009655796E-2,
-1.081251759431E-1));
#746=CARTESIAN_POINT('',(-7.016124874967E-2,4.103978984224E-2,
-1.131578548682E-1));
#747=CARTESIAN_POINT('',(-7.044711163675E-2,2.937478612771E-2,
-1.170255341999E-1));
#748=CARTESIAN_POINT('',(-7.073287283642E-2,1.735248044507E-2,
-1.196910083911E-1));
#749=CARTESIAN_POINT('',(-7.101865558795E-2,5.091280417568E-3,
-1.211212825327E-1));
#750=CARTESIAN_POINT('',(-7.130400378294E-2,-7.262128555620E-3,
-1.212963785786E-1));
#751=CARTESIAN_POINT('',(-7.158927820830E-2,-1.959512275778E-2,
-1.202129158041E-1));
#752=CARTESIAN_POINT('',(-7.187454595955E-2,-3.178223604747E-2,
-1.178753510535E-1));
#753=CARTESIAN_POINT('',(-7.215938647998E-2,-4.367878848212E-2,
-1.143088425792E-1));
#754=CARTESIAN_POINT('',(-7.244418065350E-2,-5.517700194904E-2,
-1.095435052696E-1));
#755=CARTESIAN_POINT('',(-7.272893585068E-2,-6.615597744304E-2,
-1.036224655420E-1));
#756=CARTESIAN_POINT('',(-7.301327551651E-2,-7.648680590152E-2,
-9.661269426789E-2));
#757=CARTESIAN_POINT('',(-7.329759611036E-2,-8.607599980875E-2,
-8.857463482733E-2));
#758=CARTESIAN_POINT('',(-7.358184088816E-2,-9.481892209001E-2,
-7.958777344492E-2));
#759=CARTESIAN_POINT('',(-7.386568641432E-2,-1.026142991679E-1,
-6.975342496361E-2));
#760=CARTESIAN_POINT('',(-7.414953989008E-2,-1.093909579201E-1,
-5.915670365455E-2));
#761=CARTESIAN_POINT('',(-7.443327578842E-2,-1.150712793707E-1,
-4.790768346724E-2));
#762=CARTESIAN_POINT('',(-7.471663675256E-2,-1.195903646762E-1,
-3.613112090866E-2));
#763=CARTESIAN_POINT('',(-7.490555764365E-2,-1.218002685996E-1,
-2.799703034376E-2));
#764=CARTESIAN_POINT('',(-7.499999987597E-2,-1.226976514196E-1,
-2.388066694475E-2));
#766=CARTESIAN_POINT('',(-4.197738494298E-2,1.114999999999E-1,
8.196479226312E-8));
#767=CARTESIAN_POINT('',(-4.213237506870E-2,1.114999999999E-1,
-3.908746558446E-3));
#768=CARTESIAN_POINT('',(-4.244231259923E-2,1.110883894251E-1,
-1.172572920848E-2));
#769=CARTESIAN_POINT('',(-4.290693192975E-2,1.092454655656E-1,
-2.331424104141E-2));
#770=CARTESIAN_POINT('',(-4.337186109098E-2,1.061948661474E-1,
-3.465310284002E-2));
#771=CARTESIAN_POINT('',(-4.383679277086E-2,1.019703376738E-1,
-4.560893321899E-2));
#772=CARTESIAN_POINT('',(-4.430140317311E-2,9.662342807828E-2,
-5.605388099677E-2));
#773=CARTESIAN_POINT('',(-4.476633484886E-2,9.020579660094E-2,
-6.588703894789E-2));
#774=CARTESIAN_POINT('',(-4.523126560836E-2,8.279099917611E-2,
-7.499183137103E-2));
#775=CARTESIAN_POINT('',(-4.569587614485E-2,7.446766919871E-2,
-8.326278150822E-2));
#776=CARTESIAN_POINT('',(-4.616080800224E-2,6.531622422828E-2,
-9.061996735981E-2));
#777=CARTESIAN_POINT('',(-4.662573856325E-2,5.544276817882E-2,
-9.697537698474E-2));
#778=CARTESIAN_POINT('',(-4.709034905939E-2,4.496427083999E-2,
-1.022562415022E-1));
#779=CARTESIAN_POINT('',(-4.755528105769E-2,3.398197428571E-2,
-1.064115268137E-1));
#780=CARTESIAN_POINT('',(-4.802021128470E-2,2.262406679797E-2,
-1.093904741906E-1));
#781=CARTESIAN_POINT('',(-4.848482177315E-2,1.102430232889E-2,
-1.111601968572E-1));
#782=CARTESIAN_POINT('',(-4.894975383620E-2,-7.052342222317E-4,
-1.117035821534E-1));
#783=CARTESIAN_POINT('',(-4.941468398053E-2,-1.242692670763E-2,
-1.110121422068E-1));
#784=CARTESIAN_POINT('',(-4.987929440993E-2,-2.400342221825E-2,
-1.090961060507E-1));
#785=CARTESIAN_POINT('',(-5.034422659999E-2,-3.532286059767E-2,
-1.059739738790E-1));
#786=CARTESIAN_POINT('',(-5.080915650610E-2,-4.625176864302E-2,
-1.016803721504E-1));
#787=CARTESIAN_POINT('',(-5.127376688520E-2,-5.666275645232E-2,
-9.626763064398E-2));
#788=CARTESIAN_POINT('',(-5.173869929410E-2,-6.645522196768E-2,
-8.978803430753E-2));
#789=CARTESIAN_POINT('',(-5.220362898194E-2,-7.551300421417E-2,
-8.231591789835E-2));
#790=CARTESIAN_POINT('',(-5.266823931740E-2,-8.373124462529E-2,
-7.394053956260E-2));
#791=CARTESIAN_POINT('',(-5.313317186352E-2,-9.103052229561E-2,
-6.474281143684E-2));
#792=CARTESIAN_POINT('',(-5.359810124780E-2,-9.732345843047E-2,
-5.482944954240E-2));
#793=CARTESIAN_POINT('',(-5.406271154025E-2,-1.025380676418E-1,
-4.431782312937E-2));
#794=CARTESIAN_POINT('',(-5.452764428623E-2,-1.066239445698E-1,
-3.330948932628E-2));
#795=CARTESIAN_POINT('',(-5.499257345858E-2,-1.095311216172E-1,
-2.193302184019E-2));
#796=CARTESIAN_POINT('',(-5.545718367491E-2,-1.112275801521E-1,
-1.032231767696E-2));
#797=CARTESIAN_POINT('',(-5.592211665873E-2,-1.116969033426E-1,
1.410444464836E-3));
#798=CARTESIAN_POINT('',(-5.638704512941E-2,-1.109314776225E-1,
1.312750162067E-2));
#799=CARTESIAN_POINT('',(-5.685165553948E-2,-1.089423971314E-1,
2.469167572932E-2));
#800=CARTESIAN_POINT('',(-5.731658755942E-2,-1.057488654006E-1,
3.599117953465E-2));
#801=CARTESIAN_POINT('',(-5.778151676417E-2,-1.013863593161E-1,
4.689275326938E-2));
#802=CARTESIAN_POINT('',(-5.824612704523E-2,-9.590799944331E-2,
5.726936600325E-2));
#803=CARTESIAN_POINT('',(-5.871105867845E-2,-8.936672029700E-2,
6.702071973474E-2));
#804=CARTESIAN_POINT('',(-5.917598822148E-2,-8.183757063480E-2,
7.603115283318E-2));
#805=CARTESIAN_POINT('',(-5.964059834893E-2,-7.341047739224E-2,
8.419635725563E-2));
#806=CARTESIAN_POINT('',(-6.010552992740E-2,-6.416686602516E-2,
9.143741192873E-2));
#807=CARTESIAN_POINT('',(-6.057045830777E-2,-5.421399782232E-2,
9.766764111341E-2));
#808=CARTESIAN_POINT('',(-6.103507379405E-2,-4.366952439775E-2,
1.028158282777E-1));
#809=CARTESIAN_POINT('',(-6.134501431321E-2,-3.631394800130E-2,
1.054932522351E-1));
#810=CARTESIAN_POINT('',(-6.15E-2,-3.257564381576E-2,1.066352541610E-1));
#812=CARTESIAN_POINT('',(-6.15E-2,-1.110689929621E-1,9.794325009491E-3));
#813=CARTESIAN_POINT('',(-6.134643108183E-2,-1.114092140121E-1,
5.936171499344E-3));
#814=CARTESIAN_POINT('',(-6.103931835149E-2,-1.116869723856E-1,
-1.814967852667E-3));
#815=CARTESIAN_POINT('',(-6.057900700943E-2,-1.108936047281E-1,
-1.341303432162E-2));
#816=CARTESIAN_POINT('',(-6.011820611533E-2,-1.088964800232E-1,
-2.487791313900E-2));
#817=CARTESIAN_POINT('',(-5.965765046403E-2,-1.057187246125E-1,
-3.606673380169E-2));
#818=CARTESIAN_POINT('',(-5.919730620284E-2,-1.013976074361E-1,
-4.685986290535E-2));
#819=CARTESIAN_POINT('',(-5.873644022339E-2,-9.597115398758E-2,
-5.715664983806E-2));
#820=CARTESIAN_POINT('',(-5.827598901761E-2,-8.950854338960E-2,
-6.682417799332E-2));
#821=CARTESIAN_POINT('',(-5.781558072352E-2,-8.207724781458E-2,
-7.576716789048E-2));
#822=CARTESIAN_POINT('',(-5.735470167372E-2,-7.374731457753E-2,
-8.389674817256E-2));
#823=CARTESIAN_POINT('',(-5.689432789706E-2,-6.462686944161E-2,
-9.110774044343E-2));
#824=CARTESIAN_POINT('',(-5.643382891824E-2,-5.480393808745E-2,
-9.733385109388E-2));
#825=CARTESIAN_POINT('',(-5.597298768021E-2,-4.437867793547E-2,
-1.025077779915E-1));
#826=CARTESIAN_POINT('',(-5.551266470732E-2,-3.348414456070E-2,
-1.065648981574E-1));
#827=CARTESIAN_POINT('',(-5.505204830776E-2,-2.221982301199E-2,
-1.094697969067E-1));
#828=CARTESIAN_POINT('',(-5.459129628210E-2,-1.071095534285E-2,
-1.111870652502E-1));
#829=CARTESIAN_POINT('',(-5.413099501889E-2,9.027067094476E-4,
-1.116981335738E-1));
#830=CARTESIAN_POINT('',(-5.367024353043E-2,1.251791919106E-2,
-1.109984625343E-1));
#831=CARTESIAN_POINT('',(-5.320962637542E-2,2.399388538924E-2,
-1.090942666459E-1));
#832=CARTESIAN_POINT('',(-5.274930343381E-2,3.520268463408E-2,
-1.060098225715E-1));
#833=CARTESIAN_POINT('',(-5.228846237915E-2,4.604212286839E-2,
-1.017716717175E-1));
#834=CARTESIAN_POINT('',(-5.182796259653E-2,5.637400725386E-2,
-9.643248400593E-2));
#835=CARTESIAN_POINT('',(-5.136758888145E-2,6.609261395601E-2,
-9.005052493465E-2));
#836=CARTESIAN_POINT('',(-5.090670960521E-2,7.510446121727E-2,
-8.268408748276E-2));
#837=CARTESIAN_POINT('',(-5.044630045596E-2,8.329260515875E-2,
-7.442843551029E-2));
#838=CARTESIAN_POINT('',(-4.998584940291E-2,9.057943579957E-2,
-6.536597537744E-2));
#839=CARTESIAN_POINT('',(-4.952498275844E-2,9.688940301295E-2,
-5.558565695087E-2));
#840=CARTESIAN_POINT('',(-4.906463757250E-2,1.021419060304E-1,
-4.521381373016E-2));
#841=CARTESIAN_POINT('',(-4.860408219770E-2,1.062902141875E-1,
-3.434740533416E-2));
#842=CARTESIAN_POINT('',(-4.814328010455E-2,1.092867189376E-1,
-2.310225704245E-2));
#843=CARTESIAN_POINT('',(-4.768296753728E-2,1.110958098274E-1,
-1.161872006296E-2));
#844=CARTESIAN_POINT('',(-4.737585680696E-2,1.115E-1,-3.873158727794E-3));
#845=CARTESIAN_POINT('',(-4.722228585296E-2,1.115E-1,-2.192748463788E-8));
#847=CARTESIAN_POINT('',(-7.499999987597E-2,-1.226976514196E-1,
-2.388066694475E-2));
#848=CARTESIAN_POINT('',(-7.484889618823E-2,-1.218814372944E-1,
-2.807433393473E-2));
#849=CARTESIAN_POINT('',(-7.454671453072E-2,-1.198185783318E-1,
-3.637713594054E-2));
#850=CARTESIAN_POINT('',(-7.409376388382E-2,-1.154698300501E-1,
-4.844099057751E-2));
#851=CARTESIAN_POINT('',(-7.364039796945E-2,-1.099045536401E-1,
-6.000721580566E-2));
#852=CARTESIAN_POINT('',(-7.318719404234E-2,-1.031865166155E-1,
-7.093882420022E-2));
#853=CARTESIAN_POINT('',(-7.273423104880E-2,-9.539000501298E-2,
-8.112074342996E-2));
#854=CARTESIAN_POINT('',(-7.228080955415E-2,-8.658356581897E-2,
-9.046081065308E-2));
#855=CARTESIAN_POINT('',(-7.182767869460E-2,-7.687325635892E-2,
-9.884465408195E-2));
#856=CARTESIAN_POINT('',(-7.137468705996E-2,-6.635988161286E-2,
-1.061894990824E-1));
#857=CARTESIAN_POINT('',(-7.092123406300E-2,-5.513851767392E-2,
-1.124260111588E-1));
#858=CARTESIAN_POINT('',(-7.046816412194E-2,-4.334757170316E-2,
-1.174765774651E-1));
#859=CARTESIAN_POINT('',(-7.001513210478E-2,-3.110308614795E-2,
-1.212949066047E-1));
#860=CARTESIAN_POINT('',(-6.956167046298E-2,-1.852011063219E-2,
-1.238420723668E-1));
#861=CARTESIAN_POINT('',(-6.910864961850E-2,-5.754914169401E-3,
-1.250865295502E-1));
#862=CARTESIAN_POINT('',(-6.865556539011E-2,7.072417032835E-3,
-1.250193875148E-1));
#863=CARTESIAN_POINT('',(-6.820211798390E-2,1.983568561247E-2,
-1.236381231562E-1));
#864=CARTESIAN_POINT('',(-6.774913440801E-2,3.237770652770E-2,
-1.209605281468E-1));
#865=CARTESIAN_POINT('',(-6.729598614185E-2,4.458466182341E-2,
-1.170131682162E-1));
#866=CARTESIAN_POINT('',(-6.684257584977E-2,5.633003490059E-2,
-1.118335856948E-1));
#867=CARTESIAN_POINT('',(-6.638961771847E-2,6.747261426651E-2,
-1.054856557371E-1));
#868=CARTESIAN_POINT('',(-6.593639357482E-2,7.791375451085E-2,
-9.802716456848E-2));
#869=CARTESIAN_POINT('',(-6.548304332502E-2,8.753888943217E-2,
-8.953629221072E-2));
#870=CARTESIAN_POINT('',(-6.503009862763E-2,9.623711639458E-2,
-8.011374683463E-2));
#871=CARTESIAN_POINT('',(-6.457678746462E-2,1.039321384178E-1,
-6.984260656143E-2));
#872=CARTESIAN_POINT('',(-6.412352085414E-2,1.105342186148E-1,
-5.883852406188E-2));
#873=CARTESIAN_POINT('',(-6.367057093235E-2,1.159724516368E-1,
-4.722504637768E-2));
#874=CARTESIAN_POINT('',(-6.321718753063E-2,1.201979580979E-1,
-3.510451570814E-2));
#875=CARTESIAN_POINT('',(-6.276400273298E-2,1.231587782351E-1,
-2.262047254499E-2));
#876=CARTESIAN_POINT('',(-6.231103308046E-2,1.248267600375E-1,
-9.905153559078E-3));
#877=CARTESIAN_POINT('',(-6.185760103702E-2,1.251850698981E-1,
2.927193110107E-3));
#878=CARTESIAN_POINT('',(-6.140448603258E-2,1.242282106150E-1,
1.571982566029E-2));
#879=CARTESIAN_POINT('',(-6.095148487454E-2,1.219690156067E-1,
2.834441911024E-2));
#880=CARTESIAN_POINT('',(-6.049802705406E-2,1.184258569085E-1,
4.068387777642E-2));
#881=CARTESIAN_POINT('',(-6.004497001955E-2,1.136422173810E-1,
5.258520803803E-2));
#882=CARTESIAN_POINT('',(-5.959192552889E-2,1.076670757265E-1,
6.393480827443E-2));
#883=CARTESIAN_POINT('',(-5.913846480970E-2,1.005548515633E-1,
7.462286445857E-2));
#884=CARTESIAN_POINT('',(-5.868545391830E-2,9.239400988657E-2,
8.451690190741E-2));
#885=CARTESIAN_POINT('',(-5.823235426911E-2,8.326259644015E-2,
9.352651093287E-2));
#886=CARTESIAN_POINT('',(-5.777891352896E-2,7.324913535978E-2,
1.015598350074E-1));
#887=CARTESIAN_POINT('',(-5.732593695377E-2,6.247712562058E-2,
1.085190134944E-1));
#888=CARTESIAN_POINT('',(-5.687277032189E-2,5.104521172590E-2,
1.143427354680E-1));
#889=CARTESIAN_POINT('',(-5.641937243228E-2,3.907092945208E-2,
1.189675648505E-1));
#890=CARTESIAN_POINT('',(-5.596641836843E-2,2.669840310418E-2,
1.223395938607E-1));
#891=CARTESIAN_POINT('',(-5.551317284840E-2,1.403775662821E-2,
1.244299799756E-1));
#892=CARTESIAN_POINT('',(-5.505984098462E-2,1.227163028322E-3,
1.252129934083E-1));
#893=CARTESIAN_POINT('',(-5.460689649227E-2,-1.158536887332E-2,
1.246819109127E-1));
#894=CARTESIAN_POINT('',(-5.415356441547E-2,-2.428722161435E-2,
1.228413992011E-1));
#895=CARTESIAN_POINT('',(-5.370031901309E-2,-3.673143542358E-2,
1.197104110588E-1));
#896=CARTESIAN_POINT('',(-5.324736480131E-2,-4.878245728989E-2,
1.153260197954E-1));
#897=CARTESIAN_POINT('',(-5.279396664378E-2,-6.033292332794E-2,
1.097260819010E-1));
#898=CARTESIAN_POINT('',(-5.234079999125E-2,-7.124365623558E-2,
1.029762536757E-1));
#899=CARTESIAN_POINT('',(-5.188782313200E-2,-8.140278581410E-2,
9.514947333191E-2));
#900=CARTESIAN_POINT('',(-5.143438206598E-2,-9.071707390373E-2,
8.631500760631E-2));
#901=CARTESIAN_POINT('',(-5.098128225809E-2,-9.907154071419E-2,
7.658060720462E-2));
#902=CARTESIAN_POINT('',(-5.052827094727E-2,-1.063855754317E-1,
6.604513031871E-2));
#903=CARTESIAN_POINT('',(-5.007480984353E-2,-1.125888764637E-1,
5.480514167926E-2));
#904=CARTESIAN_POINT('',(-4.962176505596E-2,-1.176042462760E-1,
4.299998477860E-2));
#905=CARTESIAN_POINT('',(-4.916870746802E-2,-1.213865430868E-1,
3.074359134703E-2));
#906=CARTESIAN_POINT('',(-4.871524920275E-2,-1.238963540780E-1,
1.815323645102E-2));
#907=CARTESIAN_POINT('',(-4.826224760986E-2,-1.251030090551E-1,
5.384984970273E-3));
#908=CARTESIAN_POINT('',(-4.780913191975E-2,-1.249978890855E-1,
-7.442956118286E-3));
#909=CARTESIAN_POINT('',(-4.735569936900E-2,-1.235788248085E-1,
-2.020162776824E-2));
#910=CARTESIAN_POINT('',(-4.690272914433E-2,-1.208642669218E-1,
-3.273528785716E-2));
#911=CARTESIAN_POINT('',(-4.644954353095E-2,-1.168804434960E-1,
-4.493147783426E-2));
#912=CARTESIAN_POINT('',(-4.599615955630E-2,-1.116663584166E-1,
-5.666073148352E-2));
#913=CARTESIAN_POINT('',(-4.554320892640E-2,-1.052856692740E-1,
-6.778431122509E-2));
#914=CARTESIAN_POINT('',(-4.508994137164E-2,-9.779555412742E-2,
-7.820427244787E-2));
#915=CARTESIAN_POINT('',(-4.463662957016E-2,-8.927690946117E-2,
-8.780334805677E-2));
#916=CARTESIAN_POINT('',(-4.418368401571E-2,-7.982872653604E-2,
-9.647372051572E-2));
#917=CARTESIAN_POINT('',(-4.373033274998E-2,-6.953391575528E-2,
-1.041389080754E-1));
#918=CARTESIAN_POINT('',(-4.327710784449E-2,-5.851134393030E-2,
-1.107077202022E-1));
#919=CARTESIAN_POINT('',(-4.282414872034E-2,-4.688164279875E-2,
-1.161117339810E-1));
#920=CARTESIAN_POINT('',(-4.237073735208E-2,-3.474790474894E-2,
-1.203015217531E-1));
#921=CARTESIAN_POINT('',(-4.191758818411E-2,-2.225615037505E-2,
-1.232251127424E-1));
#922=CARTESIAN_POINT('',(-4.146460348691E-2,-9.535558365852E-3,
-1.248555663950E-1));
#923=CARTESIAN_POINT('',(-4.101115493912E-2,3.298239739766E-3,
-1.251758255542E-1));
#924=CARTESIAN_POINT('',(-4.055806967076E-2,1.608712225230E-2,
-1.241811690691E-1));
#925=CARTESIAN_POINT('',(-4.010504757939E-2,2.870554221221E-2,
-1.218845543086E-1));
#926=CARTESIAN_POINT('',(-3.965158472602E-2,4.103455419925E-2,
-1.183047800703E-1));
#927=CARTESIAN_POINT('',(-3.919855153258E-2,5.292103625900E-2,
-1.134862169580E-1));
#928=CARTESIAN_POINT('',(-3.874548022256E-2,6.425356061850E-2,
-1.074771759397E-1));
#929=CARTESIAN_POINT('',(-3.829202593823E-2,7.492030684920E-2,
-1.003333964973E-1));
#930=CARTESIAN_POINT('',(-3.783903299494E-2,8.478976879094E-2,
-9.214367879515E-2));
#931=CARTESIAN_POINT('',(-3.738590064184E-2,9.377293723958E-2,
-8.298498404505E-2));
#932=CARTESIAN_POINT('',(-3.693247780140E-2,1.017761973659E-1,
-7.294815251860E-2));
#933=CARTESIAN_POINT('',(-3.647951328180E-2,1.087033254651E-1,
-6.215593315159E-2));
#934=CARTESIAN_POINT('',(-3.602630806822E-2,1.144936356218E-1,
-5.070585729627E-2));
#935=CARTESIAN_POINT('',(-3.557293952043E-2,1.190826222865E-1,
-3.871870414220E-2));
#936=CARTESIAN_POINT('',(-3.511999169471E-2,1.224180545647E-1,
-2.633646380856E-2));
#937=CARTESIAN_POINT('',(-3.466670144312E-2,1.244710896094E-1,
-1.366844301812E-2));
#938=CARTESIAN_POINT('',(-3.421341138104E-2,1.252160343753E-1,
-8.567836429661E-4));
#939=CARTESIAN_POINT('',(-3.376046350173E-2,1.246471260756E-1,
1.195420166345E-2));
#940=CARTESIAN_POINT('',(-3.330709476122E-2,1.227687974321E-1,
2.465154881136E-2));
#941=CARTESIAN_POINT('',(-3.285388965025E-2,1.196012250552E-1,
3.708530482002E-2));
#942=CARTESIAN_POINT('',(-3.240092499235E-2,1.151811641752E-1,
4.912358540030E-2));
#943=CARTESIAN_POINT('',(-3.194750195022E-2,1.095466894106E-1,
6.065800867886E-2));
#944=CARTESIAN_POINT('',(-3.149436961399E-2,1.027650988697E-1,
7.154786302782E-2));
#945=CARTESIAN_POINT('',(-3.104137644767E-2,9.490805669688E-2,
8.168416887398E-2));
#946=CARTESIAN_POINT('',(-3.058792195257E-2,8.604575310868E-2,
9.097247681064E-2));
#947=CARTESIAN_POINT('',(-3.013485057348E-2,7.628729377234E-2,
9.929756333402E-2));
#948=CARTESIAN_POINT('',(-2.968181707290E-2,6.572973004168E-2,
1.065807580034E-1));
#949=CARTESIAN_POINT('',(-2.922835399906E-2,5.447135761712E-2,
1.127507144999E-1));
#950=CARTESIAN_POINT('',(-2.877533175270E-2,4.265202096103E-2,
1.177308925464E-1));
#951=CARTESIAN_POINT('',(-2.832224609395E-2,3.038374328899E-2,
1.214771316644E-1));
#952=CARTESIAN_POINT('',(-2.786879731496E-2,1.778627854717E-2,
1.239495350560E-1));
#953=CARTESIAN_POINT('',(-2.741581237709E-2,5.015000460079E-3,
1.251184001240E-1));
#954=CARTESIAN_POINT('',(-2.696266273654E-2,-7.813519816058E-3,
1.249752837055E-1));
#955=CARTESIAN_POINT('',(-2.650925112488E-2,-2.056732253604E-2,
1.235184519810E-1));
#956=CARTESIAN_POINT('',(-2.605629167493E-2,-3.309259771635E-2,
1.207669501067E-1));
#957=CARTESIAN_POINT('',(-2.560306621561E-2,-4.527798707168E-2,
1.167466532043E-1));
#958=CARTESIAN_POINT('',(-2.514971469374E-2,-5.699087130425E-2,
1.114981810692E-1));
#959=CARTESIAN_POINT('',(-2.469676872420E-2,-6.809543958292E-2,
1.050847520862E-1));
#960=CARTESIAN_POINT('',(-2.424345630724E-2,-7.849415995304E-2,
9.756303062333E-2));
#961=CARTESIAN_POINT('',(-2.379018846615E-2,-8.806699146575E-2,
8.901679288439E-2));
#962=CARTESIAN_POINT('',(-2.333723732303E-2,-9.670953001159E-2,
7.954294656718E-2));
#963=CARTESIAN_POINT('',(-2.288385272706E-2,-1.043447014761E-1,
6.922469519916E-2));
#964=CARTESIAN_POINT('',(-2.243066673920E-2,-1.108802532556E-1,
5.818366498011E-2));
#965=CARTESIAN_POINT('',(-2.197769592013E-2,-1.162500229038E-1,
4.653776160563E-2));
#966=CARTESIAN_POINT('',(-2.152426273613E-2,-1.204039993822E-1,
3.439107604005E-2));
#967=CARTESIAN_POINT('',(-2.107114658521E-2,-1.232903737924E-1,
2.189164121096E-2));
#968=CARTESIAN_POINT('',(-2.061814431793E-2,-1.248832811146E-1,
9.165803140534E-3));
#969=CARTESIAN_POINT('',(-2.016468540529E-2,-1.251654811470E-1,
-3.669171048122E-3));
#970=CARTESIAN_POINT('',(-1.971162727108E-2,-1.241330472048E-1,
-1.645427774767E-2));
#971=CARTESIAN_POINT('',(-1.925858173086E-2,-1.217990020943E-1,
-2.906649233032E-2));
#972=CARTESIAN_POINT('',(-1.880511996291E-2,-1.181826887594E-1,
-4.138479360786E-2));
#973=CARTESIAN_POINT('',(-1.835210802150E-2,-1.133292272672E-1,
-5.325640808915E-2));
#974=CARTESIAN_POINT('',(-1.789900738461E-2,-1.072862852763E-1,
-6.457182192323E-2));
#975=CARTESIAN_POINT('',(-1.744556563448E-2,-1.001111041497E-1,
-7.521703089659E-2));
#976=CARTESIAN_POINT('',(-1.699258806164E-2,-9.189253917937E-2,
-8.506190533596E-2));
#977=CARTESIAN_POINT('',(-1.653942050592E-2,-8.270657132688E-2,
-9.401859835215E-2));
#978=CARTESIAN_POINT('',(-1.608602164084E-2,-7.264658482139E-2,
-1.019916257620E-1));
#979=CARTESIAN_POINT('',(-1.563306663415E-2,-6.183418681796E-2,
-1.088866992418E-1));
#980=CARTESIAN_POINT('',(-1.517982025623E-2,-5.036596446079E-2,
-1.146435656163E-1));
#981=CARTESIAN_POINT('',(-1.472648744657E-2,-3.836620639497E-2,
-1.191966142801E-1));
#982=CARTESIAN_POINT('',(-1.427354207217E-2,-2.597424735019E-2,
-1.224954575931E-1));
#983=CARTESIAN_POINT('',(-1.382020919144E-2,-1.329900835506E-2,
-1.245110993417E-1));
#984=CARTESIAN_POINT('',(-1.336696288181E-2,-4.864404591707E-4,
-1.252179829104E-1));
#985=CARTESIAN_POINT('',(-1.291400785211E-2,1.232300386831E-2,
-1.246112416098E-1));
#986=CARTESIAN_POINT('',(-1.246060892862E-2,2.501556273187E-2,
-1.226951315506E-1));
#987=CARTESIAN_POINT('',(-1.200744142210E-2,3.743884172626E-2,
-1.194910017981E-1));
#988=CARTESIAN_POINT('',(-1.155446380763E-2,4.946434880928E-2,
-1.150352684852E-1));
#989=CARTESIAN_POINT('',(-1.110102201059E-2,6.098248094252E-2,
-1.093663753670E-1));
#990=CARTESIAN_POINT('',(-1.064792140407E-2,7.185144311817E-2,
-1.025530531419E-1));
#991=CARTESIAN_POINT('',(-1.019490940240E-2,8.196489316243E-2,
-9.466575505778E-2));
#992=CARTESIAN_POINT('',(-9.741447598991E-3,9.122702115682E-2,
-8.577580245223E-2));
#993=CARTESIAN_POINT('',(-9.288402070299E-3,9.952272245620E-2,
-7.599331653577E-2));
#994=CARTESIAN_POINT('',(-8.835343857321E-3,1.067750468672E-1,
-6.541368068674E-2));
#995=CARTESIAN_POINT('',(-8.381884920547E-3,1.129115269435E-1,
-5.413716524404E-2));
#996=CARTESIAN_POINT('',(-7.928882645979E-3,1.178565168166E-1,
-4.230368063081E-2));
#997=CARTESIAN_POINT('',(-7.475766397903E-3,1.215666723627E-1,
-3.002354171509E-2));
#998=CARTESIAN_POINT('',(-7.022333200940E-3,1.240016167260E-1,
-1.741923645736E-2));
#999=CARTESIAN_POINT('',(-6.569362355812E-3,1.251327033400E-1,
-4.644960891530E-3));
#1000=CARTESIAN_POINT('',(-6.116176252595E-3,1.249515712950E-1,
8.184108478114E-3));
#1001=CARTESIAN_POINT('',(-5.662791654548E-3,1.234570057359E-1,
2.093277068803E-2));
#1002=CARTESIAN_POINT('',(-5.209840466813E-3,1.206685788439E-1,
3.344963533706E-2));
#1003=CARTESIAN_POINT('',(-4.756572491897E-3,1.166117950743E-1,
4.562419238428E-2));
#1004=CARTESIAN_POINT('',(-4.303260085193E-3,1.113290618627E-1,
5.732044619472E-2));
#1005=CARTESIAN_POINT('',(-3.850314046169E-3,1.048828779846E-1,
6.840603239739E-2));
#1006=CARTESIAN_POINT('',(-3.396962396156E-3,9.732969351717E-2,
7.878329416160E-2));
#1007=CARTESIAN_POINT('',(-2.943736935546E-3,8.875591660811E-2,
8.832985357130E-2));
#1008=CARTESIAN_POINT('',(-2.490777395827E-3,7.925641449770E-2,
9.694453573725E-2));
#1009=CARTESIAN_POINT('',(-2.037365667799E-3,6.891494281514E-2,
1.045495230042E-1));
#1010=CARTESIAN_POINT('',(-1.584216006892E-3,5.785548836156E-2,
1.110518176326E-1));
#1011=CARTESIAN_POINT('',(-1.131230961193E-3,4.619340302568E-2,
1.163873185445E-1));
#1012=CARTESIAN_POINT('',(-6.777820767781E-4,3.403402914480E-2,
1.205053926281E-1));
#1013=CARTESIAN_POINT('',(-2.246963788469E-4,2.152694559290E-2,
1.233545620178E-1));
#1014=CARTESIAN_POINT('',(2.283259931992E-4,8.795888124500E-3,
1.249099042252E-1));
#1015=CARTESIAN_POINT('',(6.817891618571E-4,-4.039987696616E-3,
1.251540380939E-1));
#1016=CARTESIAN_POINT('',(1.134822720291E-3,-1.682129172081E-2,
1.240838457566E-1));
#1017=CARTESIAN_POINT('',(1.587894242664E-3,-2.942726936116E-2,
1.217123589836E-1));
#1018=CARTESIAN_POINT('',(2.041348822387E-3,-4.173459677260E-2,
1.180595841644E-1));
#1019=CARTESIAN_POINT('',(2.494342065061E-3,-5.359132326780E-2,
1.131712491362E-1));
#1020=CARTESIAN_POINT('',(2.947474561872E-3,-6.488959219294E-2,
1.070944036632E-1));
#1021=CARTESIAN_POINT('',(3.400897678895E-3,-7.551303744425E-2,
9.988797553830E-2));
#1022=CARTESIAN_POINT('',(3.853862431442E-3,-8.533331148256E-2,
9.164059190821E-2));
#1023=CARTESIAN_POINT('',(4.307067719968E-3,-9.426349431463E-2,
8.242735809685E-2));
#1024=CARTESIAN_POINT('',(4.760436526193E-3,-1.022061211265E-1,
7.234443300855E-2));
#1025=CARTESIAN_POINT('',(5.213384518054E-3,-1.090691349325E-1,
6.151188803393E-2));
#1026=CARTESIAN_POINT('',(5.666674774859E-3,-1.147925256408E-1,
5.002553078511E-2));
#1027=CARTESIAN_POINT('',(6.119965081482E-3,-1.193095411297E-1,
3.801344451975E-2));
#1028=CARTESIAN_POINT('',(6.572913045229E-3,-1.225718059976E-1,
2.561172641227E-2));
#1029=CARTESIAN_POINT('',(7.026281775269E-3,-1.245499990320E-1,
1.292955697817E-2));
#1030=CARTESIAN_POINT('',(7.479487063136E-3,-1.252188429537E-1,
1.161060035518E-4));
#1031=CARTESIAN_POINT('',(7.932451737822E-3,-1.245742568765E-1,
-1.269176724838E-2));
#1032=CARTESIAN_POINT('',(8.385874750723E-3,-1.226204031631E-1,
-2.537926628047E-2));
#1033=CARTESIAN_POINT('',(8.839007196564E-3,-1.193797421687E-1,
-3.779204507816E-2));
#1034=CARTESIAN_POINT('',(9.292000311800E-3,-1.148883330569E-1,
-4.980474714474E-2));
#1035=CARTESIAN_POINT('',(9.745454759336E-3,-1.091851409094E-1,
-6.130634104708E-2));
#1036=CARTESIAN_POINT('',(1.019852618028E-2,-1.023401175712E-1,
-7.215439621332E-2));
#1037=CARTESIAN_POINT('',(1.065155956215E-2,-9.442256874514E-2,
-8.224495834041E-2));
#1038=CARTESIAN_POINT('',(1.110502257011E-2,-8.550515660344E-2,
-9.148070797232E-2));
#1039=CARTESIAN_POINT('',(1.155804479029E-2,-7.569867665023E-2,
-9.974701804686E-2));
#1040=CARTESIAN_POINT('',(1.201113026313E-2,-6.509698251889E-2,
-1.069684418309E-1));
#1041=CARTESIAN_POINT('',(1.246457895759E-2,-5.380256538997E-2,
-1.130713148994E-1));
#1042=CARTESIAN_POINT('',(1.291756380116E-2,-4.195496493794E-2,
-1.179811193522E-1));
#1043=CARTESIAN_POINT('',(1.337071318921E-2,-2.966298677667E-2,
-1.216551650671E-1));
#1044=CARTESIAN_POINT('',(1.382412469698E-2,-1.705211084961E-2,
-1.240526002867E-1));
#1045=CARTESIAN_POINT('',(1.427708398467E-2,-4.274867446145E-3,
-1.251459193192E-1));
#1046=CARTESIAN_POINT('',(1.473030912548E-2,8.554722570193E-3,
-1.249267515374E-1));
#1047=CARTESIAN_POINT('',(1.518366052394E-2,2.129796993753E-2,
-1.233944880968E-1));
#1048=CARTESIAN_POINT('',(1.563660626029E-2,3.380640633907E-2,
-1.205691514603E-1));
#1049=CARTESIAN_POINT('',(1.608991830585E-2,4.597006967413E-2,
-1.164758782133E-1));
#1050=CARTESIAN_POINT('',(1.654318599245E-2,5.764946100498E-2,
-1.111590009929E-1));
#1051=CARTESIAN_POINT('',(1.699613682535E-2,6.871609252491E-2,
-1.046800438907E-1));
#1052=CARTESIAN_POINT('',(1.744952103460E-2,7.907165621362E-2,
-9.709556012650E-2));
#1053=CARTESIAN_POINT('',(1.790270679796E-2,8.859193949199E-2,
-8.849427762474E-2));
#1054=CARTESIAN_POINT('',(1.835567724106E-2,9.717873573619E-2,
-7.896913232181E-2));
#1055=CARTESIAN_POINT('',(1.880911001914E-2,1.047533742758E-1,
-6.860465915759E-2));
#1056=CARTESIAN_POINT('',(1.926222587659E-2,1.112224133276E-1,
-5.752681558502E-2));
#1057=CARTESIAN_POINT('',(1.971522770292E-2,1.165236206830E-1,
-4.584856784213E-2));
#1058=CARTESIAN_POINT('',(2.016868618910E-2,1.206057027857E-1,
-3.367676478568E-2));
#1059=CARTESIAN_POINT('',(2.062174396132E-2,1.234176778997E-1,
-2.116206491556E-2));
#1060=CARTESIAN_POINT('',(2.107478899679E-2,1.249354356886E-1,
-8.425814014874E-3));
#1061=CARTESIAN_POINT('',(2.152825031596E-2,1.251414978052E-1,
4.410689121722E-3));
#1062=CARTESIAN_POINT('',(2.198126182754E-2,1.240335655778E-1,
1.718816292412E-2));
#1063=CARTESIAN_POINT('',(2.243436189723E-2,1.216246250591E-1,
2.978787277021E-2));
#1064=CARTESIAN_POINT('',(2.288780317416E-2,1.179354678357E-1,
4.208396332023E-2));
#1065=CARTESIAN_POINT('',(2.334078025016E-2,1.130122837340E-1,
5.392578081590E-2));
#1066=CARTESIAN_POINT('',(2.379394717779E-2,1.069015312398E-1,
6.520687104701E-2));
#1067=CARTESIAN_POINT('',(2.424734554277E-2,9.966401221802E-2,
7.580832643716E-2));
#1068=CARTESIAN_POINT('',(2.470029998672E-2,9.138783889711E-2,
8.560398639104E-2));
#1069=CARTESIAN_POINT('',(2.515354567703E-2,8.214734251349E-2,
9.450762570181E-2));
#1070=CARTESIAN_POINT('',(2.560687795825E-2,7.204170585886E-2,
1.024196806658E-1));
#1071=CARTESIAN_POINT('',(2.605982270017E-2,6.118901227347E-2,
1.092506436108E-1));
#1072=CARTESIAN_POINT('',(2.651315485465E-2,4.968465339765E-2,
1.149404734354E-1));
#1073=CARTESIAN_POINT('',(2.696640058618E-2,3.766039434550E-2,
1.194214148704E-1));
#1074=CARTESIAN_POINT('',(2.741935491604E-2,2.524890926098E-2,
1.226470965258E-1));
#1075=CARTESIAN_POINT('',(2.787275309093E-2,1.256008757470E-2,
1.245877910129E-1));
#1076=CARTESIAN_POINT('',(2.832591995071E-2,-2.542176496632E-4,
1.252186150629E-1));
#1077=CARTESIAN_POINT('',(2.877889680508E-2,-1.306049074030E-2,
1.245361721645E-1));
#1078=CARTESIAN_POINT('',(2.923233782690E-2,-2.574265906049E-2,
1.225446138438E-1));
#1079=CARTESIAN_POINT('',(2.968543771965E-2,-3.814491353738E-2,
1.192674473853E-1));
#1080=CARTESIAN_POINT('',(3.013844890277E-2,-5.014477943986E-2,
1.147403583614E-1));
#1081=CARTESIAN_POINT('',(3.059190990117E-2,-6.162958886340E-2,
1.090029877493E-1));
#1082=CARTESIAN_POINT('',(3.104495465046E-2,-7.245672132802E-2,
1.021262937295E-1));
#1083=CARTESIAN_POINT('',(3.149801198855E-2,-8.252436371290E-2,
9.417849835585E-2));
#1084=CARTESIAN_POINT('',(3.195147008700E-2,-9.173353743362E-2,
8.523381738457E-2));
#1085=CARTESIAN_POINT('',(3.240447151812E-2,-9.997044958983E-2,
7.540337592706E-2));
#1086=CARTESIAN_POINT('',(3.285758683726E-2,-1.071609424535E-1,
6.477963613989E-2));
#1087=CARTESIAN_POINT('',(3.331101915870E-2,-1.132300789344E-1,
5.346755993919E-2));
#1088=CARTESIAN_POINT('',(3.376398909812E-2,-1.181047001624E-1,
4.160587576557E-2));
#1089=CARTESIAN_POINT('',(3.421717422082E-2,-1.217426095507E-1,
2.930207904066E-2));
#1090=CARTESIAN_POINT('',(3.467055790190E-2,-1.241024866791E-1,
1.668490335966E-2));
#1091=CARTESIAN_POINT('',(3.512350812368E-2,-1.251580489210E-1,
3.904722702882E-3));
#1092=CARTESIAN_POINT('',(3.557677506897E-2,-1.249008231418E-1,
-8.925364575633E-3));
#1093=CARTESIAN_POINT('',(3.603008651348E-2,-1.233309048240E-1,
-2.166290799213E-2));
#1094=CARTESIAN_POINT('',(3.648303152549E-2,-1.204686531535E-1,
-3.416294881960E-2));
#1095=CARTESIAN_POINT('',(3.693638211066E-2,-1.163389615953E-1,
-4.631547069275E-2));
#1096=CARTESIAN_POINT('',(3.738960654769E-2,-1.109879847451E-1,
-5.797795409200E-2));
#1097=CARTESIAN_POINT('',(3.784256500547E-2,-1.044762549099E-1,
-6.902560807978E-2));
#1098=CARTESIAN_POINT('',(3.829597563251E-2,-9.686063117355E-2,
-7.935924912906E-2));
#1099=CARTESIAN_POINT('',(3.874912420613E-2,-8.823187821278E-2,
-8.885324760067E-2));
#1100=CARTESIAN_POINT('',(3.920210811878E-2,-7.868110114386E-2,
-9.741212936812E-2));
#1101=CARTESIAN_POINT('',(3.965555586113E-2,-6.829384613612E-2,
-1.049562557522E-1));
#1102=CARTESIAN_POINT('',(4.010864041032E-2,-5.719764883568E-2,
-1.113920400750E-1));
#1103=CARTESIAN_POINT('',(4.056166160104E-2,-4.550325727537E-2,
-1.166589288722E-1));
#1104=CARTESIAN_POINT('',(4.101512358160E-2,-3.331928484320E-2,
-1.207049307967E-1));
#1105=CARTESIAN_POINT('',(4.146815593216E-2,-2.079700139182E-2,
-1.234797217938E-1));
#1106=CARTESIAN_POINT('',(4.192122622802E-2,-8.055581931977E-3,
-1.249598754041E-1));
#1107=CARTESIAN_POINT('',(4.237467956810E-2,4.781273561514E-3,
-1.251278617086E-1));
#1108=CARTESIAN_POINT('',(4.282767154704E-2,1.755488934501E-2,
-1.239822076223E-1));
#1109=CARTESIAN_POINT('',(4.328080277250E-2,3.014830153865E-2,
-1.215358005633E-1));
#1110=CARTESIAN_POINT('',(4.373422460353E-2,4.243289209598E-2,
-1.178103413228E-1));
#1111=CARTESIAN_POINT('',(4.418718799885E-2,5.425977785878E-2,
-1.128523339382E-1));
#1112=CARTESIAN_POINT('',(4.464039212434E-2,6.552366225522E-2,
-1.067076632367E-1));
#1113=CARTESIAN_POINT('',(4.509375903444E-2,7.610288016108E-2,
-9.943923533352E-2));
#1114=CARTESIAN_POINT('',(4.554670766264E-2,8.587399123250E-2,
-9.113421191047E-2));
#1115=CARTESIAN_POINT('',(4.584889807939E-2,9.179189429933E-2,
-8.495587416778E-2));
#1116=CARTESIAN_POINT('',(4.599999842773E-2,9.458508686595E-2,
-8.172307078993E-2));
#1118=CARTESIAN_POINT('',(8.333334622592E-3,1.114999999997E-1,
-1.373945412450E-7));
#1119=CARTESIAN_POINT('',(8.178964528859E-3,1.114999999997E-1,
-3.893242603844E-3));
#1120=CARTESIAN_POINT('',(7.870292957631E-3,1.110917149559E-1,
-1.167841975350E-2));
#1121=CARTESIAN_POINT('',(7.407522143971E-3,1.092634531386E-1,
-2.322179743396E-2));
#1122=CARTESIAN_POINT('',(6.944499076046E-3,1.062373520664E-1,
-3.451726838099E-2));
#1123=CARTESIAN_POINT('',(6.481394547423E-3,1.020456857515E-1,
-4.543614994441E-2));
#1124=CARTESIAN_POINT('',(6.018639690253E-3,9.673987131761E-2,
-5.584931404867E-2));
#1125=CARTESIAN_POINT('',(5.555620233943E-3,9.037150491471E-2,
-6.565675422537E-2));
#1126=CARTESIAN_POINT('',(5.092511681077E-3,8.301081812057E-2,
-7.474602945913E-2));
#1127=CARTESIAN_POINT('',(4.629759079828E-3,7.474691671764E-2,
-8.300994040814E-2));
#1128=CARTESIAN_POINT('',(4.166709621297E-3,6.565898206695E-2,
-9.036991106523E-2));
#1129=CARTESIAN_POINT('',(3.703597548873E-3,5.584969334444E-2,
-9.673972976118E-2));
#1130=CARTESIAN_POINT('',(3.240848296095E-3,4.543662179877E-2,
-1.020454112854E-1));
#1131=CARTESIAN_POINT('',(2.777797625204E-3,3.451907368487E-2,
-1.062367784570E-1));
#1132=CARTESIAN_POINT('',(2.314714472464E-3,2.322220462692E-2,
-1.092633901256E-1));
#1133=CARTESIAN_POINT('',(1.851963973036E-3,1.167921795348E-2,
-1.110916410730E-1));
#1134=CARTESIAN_POINT('',(1.388886950442E-3,1.414594229241E-7,
-1.117041765266E-1));
#1135=CARTESIAN_POINT('',(9.258014502115E-4,-1.167914913456E-2,
-1.110916528202E-1));
#1136=CARTESIAN_POINT('',(4.630528766425E-4,-2.322209024829E-2,
-1.092634138367E-1));
#1137=CARTESIAN_POINT('',(-2.869961586939E-8,-3.451891922645E-2,
-1.062368165655E-1));
#1138=CARTESIAN_POINT('',(-4.630682159080E-4,-4.543622788394E-2,
-1.020456010457E-1));
#1139=CARTESIAN_POINT('',(-9.258301624696E-4,-5.584957098196E-2,
-9.673975741623E-2));
#1140=CARTESIAN_POINT('',(-1.388870048614E-3,-6.565739932696E-2,
-9.037103445208E-2));
#1141=CARTESIAN_POINT('',(-1.851964030011E-3,-7.474634372579E-2,
-8.301052413557E-2));
#1142=CARTESIAN_POINT('',(-2.314717716077E-3,-8.301024558666E-2,
-7.474657558788E-2));
#1143=CARTESIAN_POINT('',(-2.777753650574E-3,-9.036996443901E-2,
-6.565887658315E-2));
#1144=CARTESIAN_POINT('',(-3.240846835441E-3,-9.673954224739E-2,
-5.585000061403E-2));
#1145=CARTESIAN_POINT('',(-3.703598260720E-3,-1.020452955532E-1,
-4.543690537351E-2));
#1146=CARTESIAN_POINT('',(-4.166662482943E-3,-1.062368039910E-1,
-3.451903562802E-2));
#1147=CARTESIAN_POINT('',(-4.629760263100E-3,-1.092634837055E-1,
-2.322182711923E-2));
#1148=CARTESIAN_POINT('',(-5.092509429407E-3,-1.110916668893E-1,
-1.167876331918E-2));
#1149=CARTESIAN_POINT('',(-5.401214238126E-3,-1.114999999999E-1,
-3.893294271156E-3));
#1150=CARTESIAN_POINT('',(-5.555572946827E-3,-1.114999999999E-1,
-1.054756702733E-7));
#1152=CARTESIAN_POINT('',(-3.106358288344E-4,-1.114999999999E-1,
-7.088250511056E-8));
#1153=CARTESIAN_POINT('',(-1.562679196544E-4,-1.114999999999E-1,
-3.893223551547E-3));
#1154=CARTESIAN_POINT('',(1.524186110935E-4,-1.110916892294E-1,
-1.167862915980E-2));
#1155=CARTESIAN_POINT('',(6.151800180293E-4,-1.092634646014E-1,
-2.322184064979E-2));
#1156=CARTESIAN_POINT('',(1.078239283006E-3,-1.062370608654E-1,
-3.451816151626E-2));
#1157=CARTESIAN_POINT('',(1.541306041174E-3,-1.020456680483E-1,
-4.543613835979E-2));
#1158=CARTESIAN_POINT('',(2.004067989986E-3,-9.673978731503E-2,
-5.584946899893E-2));
#1159=CARTESIAN_POINT('',(2.467077164108E-3,-9.037154505952E-2,
-6.565668914643E-2));
#1160=CARTESIAN_POINT('',(2.930189875596E-3,-8.301079897342E-2,
-7.474605577781E-2));
#1161=CARTESIAN_POINT('',(3.392940814806E-3,-7.474691912221E-2,
-8.300993801637E-2));
#1162=CARTESIAN_POINT('',(3.855993193446E-3,-6.565892204358E-2,
-9.036995694105E-2));
#1163=CARTESIAN_POINT('',(4.319103724419E-3,-5.584965527957E-2,
-9.673974899969E-2));
#1164=CARTESIAN_POINT('',(4.781852280194E-3,-4.543659464619E-2,
-1.020454266905E-1));
#1165=CARTESIAN_POINT('',(5.244907411290E-3,-3.451893130595E-2,
-1.062368262981E-1));
#1166=CARTESIAN_POINT('',(5.707987352500E-3,-2.322212981423E-2,
-1.092634015364E-1));
#1167=CARTESIAN_POINT('',(6.170736540486E-3,-1.167916923040E-2,
-1.110916518117E-1));
#1168=CARTESIAN_POINT('',(6.633821443359E-3,1.141202936412E-7,
-1.117041773784E-1));
#1169=CARTESIAN_POINT('',(7.096899932145E-3,1.167923438446E-2,
-1.110916386745E-1));
#1170=CARTESIAN_POINT('',(7.559648996199E-3,2.322219452048E-2,
-1.092633958953E-1));
#1171=CARTESIAN_POINT('',(8.022736390481E-3,3.451917037379E-2,
-1.062367423258E-1));
#1172=CARTESIAN_POINT('',(8.485777903270E-3,4.543651499950E-2,
-1.020454623599E-1));
#1173=CARTESIAN_POINT('',(8.948533219185E-3,5.584972272605E-2,
-9.673969566965E-2));
#1174=CARTESIAN_POINT('',(9.411606891812E-3,6.565822236763E-2,
-9.037042876585E-2));
#1175=CARTESIAN_POINT('',(9.874657003698E-3,7.474627361421E-2,
-8.301055743221E-2));
#1176=CARTESIAN_POINT('',(1.033741928184E-2,8.301034776543E-2,
-7.474646751952E-2));
#1177=CARTESIAN_POINT('',(1.080044032883E-2,9.036983218752E-2,
-6.565904638951E-2));
#1178=CARTESIAN_POINT('',(1.126354074962E-2,9.673953596515E-2,
-5.585002557156E-2));
#1179=CARTESIAN_POINT('',(1.172629065873E-2,1.020452721923E-1,
-4.543694879532E-2));
#1180=CARTESIAN_POINT('',(1.218935372998E-2,1.062367815701E-1,
-3.451911131750E-2));
#1181=CARTESIAN_POINT('',(1.265245211173E-2,1.092634801975E-1,
-2.322183964657E-2));
#1182=CARTESIAN_POINT('',(1.311520741139E-2,1.110916769618E-1,
-1.167876163894E-2));
#1183=CARTESIAN_POINT('',(1.342390511279E-2,1.114999999999E-1,
-3.893088502594E-3));
#1184=CARTESIAN_POINT('',(1.357827234439E-2,1.114999999999E-1,
6.262454314140E-8));
#1186=CARTESIAN_POINT('',(8.333334622592E-3,1.114999999997E-1,
-1.373945412450E-7));
#1187=CARTESIAN_POINT('',(8.488301892670E-3,1.114999999997E-1,
3.908028182224E-3));
#1188=CARTESIAN_POINT('',(8.798188711839E-3,1.110884873375E-1,
1.172384639939E-2));
#1189=CARTESIAN_POINT('',(9.262694492903E-3,1.092464285397E-1,
2.330953623571E-2));
#1190=CARTESIAN_POINT('',(9.727621432685E-3,1.061963222682E-1,
3.464847292611E-2));
#1191=CARTESIAN_POINT('',(1.019240164281E-2,1.019737380699E-1,
4.560093428445E-2));
#1192=CARTESIAN_POINT('',(1.065690941422E-2,9.662911066565E-2,
5.604413023514E-2));
#1193=CARTESIAN_POINT('',(1.112189297696E-2,9.021163040337E-2,
6.587893721835E-2));
#1194=CARTESIAN_POINT('',(1.158660409560E-2,8.280128109531E-2,
7.498017826786E-2));
#1195=CARTESIAN_POINT('',(1.205113423362E-2,7.448081980415E-2,
8.325112135743E-2));
#1196=CARTESIAN_POINT('',(1.251615364762E-2,6.532864131695E-2,
9.061090519230E-2));
#1197=CARTESIAN_POINT('',(1.298080568342E-2,5.546211517689E-2,
9.696405352588E-2));
#1198=CARTESIAN_POINT('',(1.344536728886E-2,4.498597523154E-2,
1.022468293121E-1));
#1199=CARTESIAN_POINT('',(1.391040453651E-2,3.400194864257E-2,
1.064050193546E-1));
#1200=CARTESIAN_POINT('',(1.437500669112E-2,2.265271465941E-2,
1.093843069732E-1));
#1201=CARTESIAN_POINT('',(1.483960889469E-2,1.105369329061E-2,
1.111574402987E-1));
#1202=CARTESIAN_POINT('',(1.530464614842E-2,-6.783618246430E-4,
1.117035894014E-1));
#1203=CARTESIAN_POINT('',(1.576920765427E-2,-1.239093281633E-2,
1.110159388563E-1));
#1204=CARTESIAN_POINT('',(1.623385971270E-2,-2.396913412681E-2,
1.091038410094E-1));
#1205=CARTESIAN_POINT('',(1.669887899276E-2,-3.529152574597E-2,
1.059841965660E-1));
#1206=CARTESIAN_POINT('',(1.716340909398E-2,-4.621247917892E-2,
1.016980140737E-1));
#1207=CARTESIAN_POINT('',(1.762812021419E-2,-5.662793111695E-2,
9.628836920238E-2));
#1208=CARTESIAN_POINT('',(1.809310371957E-2,-6.642351263782E-2,
8.981117180526E-2));
#1209=CARTESIAN_POINT('',(1.855761155194E-2,-7.547610349429E-2,
8.234953619416E-2));
#1210=CARTESIAN_POINT('',(1.902239110119E-2,-8.370119065760E-2,
7.397490573038E-2));
#1211=CARTESIAN_POINT('',(1.948732070074E-2,-9.100374227319E-2,
6.477989341178E-2));
#1212=CARTESIAN_POINT('',(1.995181547869E-2,-9.729551184561E-2,
5.487881586866E-2));
#1213=CARTESIAN_POINT('',(2.041667285723E-2,-1.025182387959E-1,
4.436426443965E-2));
#1214=CARTESIAN_POINT('',(2.088152969351E-2,-1.066079293521E-1,
3.335941177844E-2));
#1215=CARTESIAN_POINT('',(2.134602448997E-2,-1.095186175385E-1,
2.199518638082E-2));
#1216=CARTESIAN_POINT('',(2.181095457590E-2,-1.112226805931E-1,
1.037744175007E-2));
#1217=CARTESIAN_POINT('',(2.227573347257E-2,-1.116971910731E-1,
-1.351197419123E-3));
#1218=CARTESIAN_POINT('',(2.274024139624E-2,-1.109396934222E-1,
-1.305810546803E-2));
#1219=CARTESIAN_POINT('',(2.320522502496E-2,-1.089559552886E-1,
-2.463275044634E-2));
#1220=CARTESIAN_POINT('',(2.366993565897E-2,-1.057696756434E-1,
-3.592847021197E-2));
#1221=CARTESIAN_POINT('',(2.413446580779E-2,-1.014183797755E-1,
-4.682364803733E-2));
#1222=CARTESIAN_POINT('',(2.459948509416E-2,-9.594190417560E-2,
-5.721292250668E-2));
#1223=CARTESIAN_POINT('',(2.506413672061E-2,-8.941005049615E-2,
-6.696205452733E-2));
#1224=CARTESIAN_POINT('',(2.552869826623E-2,-8.189361571378E-2,
-7.597096693094E-2));
#1225=CARTESIAN_POINT('',(2.599373541016E-2,-7.346443410329E-2,
-8.414949524311E-2));
#1226=CARTESIAN_POINT('',(2.645833719780E-2,-6.423188336688E-2,
-9.139112242401E-2));
#1227=CARTESIAN_POINT('',(2.692293943975E-2,-5.429105338951E-2,
-9.762500817648E-2));
#1228=CARTESIAN_POINT('',(2.738797641619E-2,-4.374083745424E-2,
-1.027856563673E-1));
#1229=CARTESIAN_POINT('',(2.785253758478E-2,-3.271849774481E-2,
-1.068062442661E-1));
#1230=CARTESIAN_POINT('',(2.831718963128E-2,-2.133317521479E-2,
-1.096497294691E-1));
#1231=CARTESIAN_POINT('',(2.878220862133E-2,-9.703048657265E-3,
-1.112833883188E-1));
#1232=CARTESIAN_POINT('',(2.924673838988E-2,2.021949974124E-3,
-1.116870227179E-1));
#1233=CARTESIAN_POINT('',(2.971144954657E-2,1.372921919849E-2,
-1.108588344788E-1));
#1234=CARTESIAN_POINT('',(3.017643255210E-2,2.529156898125E-2,
-1.088047151930E-1));
#1235=CARTESIAN_POINT('',(3.064094007760E-2,3.656301549705E-2,
-1.055520459065E-1));
#1236=CARTESIAN_POINT('',(3.110571967838E-2,4.743762375132E-2,
-1.011328202056E-1));
#1237=CARTESIAN_POINT('',(3.157064765390E-2,5.779135759784E-2,
-9.559433005068E-2));
#1238=CARTESIAN_POINT('',(3.203514699719E-2,6.749798006251E-2,
-8.900629963697E-2));
#1239=CARTESIAN_POINT('',(3.234503970953E-2,7.347711719139E-2,
-8.395616296693E-2));
#1240=CARTESIAN_POINT('',(3.25E-2,7.632610414925E-2,-8.128084537821E-2));
#1242=CARTESIAN_POINT('',(3.25E-2,-4.672373428347E-2,-1.012380494409E-1));
#1243=CARTESIAN_POINT('',(3.234612052996E-2,-5.024750072941E-2,
-9.961174857871E-2));
#1244=CARTESIAN_POINT('',(3.203838994896E-2,-5.712431086289E-2,
-9.599102633716E-2));
#1245=CARTESIAN_POINT('',(3.157711092548E-2,-6.681112392273E-2,
-8.951955243483E-2));
#1246=CARTESIAN_POINT('',(3.111545343860E-2,-7.577841658529E-2,
-8.206805959886E-2));
#1247=CARTESIAN_POINT('',(3.065388584942E-2,-8.391822388379E-2,
-7.372374148724E-2));
#1248=CARTESIAN_POINT('',(3.019260682490E-2,-9.114024505564E-2,
-6.458281199942E-2));
#1249=CARTESIAN_POINT('',(2.973091005743E-2,-9.737623791772E-2,
-5.473026929920E-2));
#1250=CARTESIAN_POINT('',(2.926938613901E-2,-1.025489235659E-1,
-4.428509484127E-2));
#1251=CARTESIAN_POINT('',(2.880809862794E-2,-1.066037411776E-1,
-3.336366709067E-2));
#1252=CARTESIAN_POINT('',(2.834637066549E-2,-1.095012239630E-1,
-2.206839592181E-2));
#1253=CARTESIAN_POINT('',(2.788488674511E-2,-1.112042364284E-1,
-1.053867368200E-2));
#1254=CARTESIAN_POINT('',(2.742358741953E-2,-1.116973006427E-1,
1.101039866439E-3));
#1255=CARTESIAN_POINT('',(2.696183483353E-2,-1.109739481415E-1,
1.274018919779E-2));
#1256=CARTESIAN_POINT('',(2.650038742142E-2,-1.090422383022E-1,
2.423286965320E-2));
#1257=CARTESIAN_POINT('',(2.603907257492E-2,-1.059253673170E-1,
3.545874409413E-2));
#1258=CARTESIAN_POINT('',(2.557730227595E-2,-1.016512291079E-1,
4.630932863110E-2));
#1259=CARTESIAN_POINT('',(2.511588822518E-2,-9.627324568086E-2,
5.664716295755E-2));
#1260=CARTESIAN_POINT('',(2.465455427879E-2,-8.984933383647E-2,
6.636723009560E-2));
#1261=CARTESIAN_POINT('',(2.419277327990E-2,-8.244005545476E-2,
7.537346734717E-2));
#1262=CARTESIAN_POINT('',(2.373138902010E-2,-7.413935703466E-2,
8.355114139676E-2));
#1263=CARTESIAN_POINT('',(2.327003239562E-2,-6.503295426194E-2,
9.081977906937E-2));
#1264=CARTESIAN_POINT('',(2.280824757542E-2,-5.520932876873E-2,
9.710534320034E-2));
#1265=CARTESIAN_POINT('',(2.234688970149E-2,-4.479362692860E-2,
1.023277500717E-1));
#1266=CARTESIAN_POINT('',(2.188550681612E-2,-3.389024188110E-2,
1.064376512602E-1));
#1267=CARTESIAN_POINT('',(2.142372534668E-2,-2.260805542733E-2,
1.093909874864E-1));
#1268=CARTESIAN_POINT('',(2.096239016464E-2,-1.109063148264E-2,
1.111505137133E-1));
#1269=CARTESIAN_POINT('',(2.050097748039E-2,5.493438716311E-4,
1.117014966277E-1));
#1270=CARTESIAN_POINT('',(2.003920618723E-2,1.219237453517E-2,
1.110353650603E-1));
#1271=CARTESIAN_POINT('',(1.957789025847E-2,2.369120665222E-2,
1.091612031136E-1));
#1272=CARTESIAN_POINT('',(1.911644419730E-2,3.493559134935E-2,
1.060991701543E-1));
#1273=CARTESIAN_POINT('',(1.865469027983E-2,4.580667129106E-2,
1.018785966248E-1));
#1274=CARTESIAN_POINT('',(1.819338991414E-2,5.616851706178E-2,
9.655331863234E-2));
#1275=CARTESIAN_POINT('',(1.773190709539E-2,6.592342488491E-2,
9.017557402909E-2));
#1276=CARTESIAN_POINT('',(1.727017728378E-2,7.496498086185E-2,
8.281149602856E-2));
#1277=CARTESIAN_POINT('',(1.680888898520E-2,8.318209663434E-2,
7.455326906658E-2));
#1278=CARTESIAN_POINT('',(1.634736578775E-2,9.049833069119E-2,
6.547966279566E-2));
#1279=CARTESIAN_POINT('',(1.588566708777E-2,9.683093901497E-2,
5.568889808774E-2));
#1280=CARTESIAN_POINT('',(1.542438744220E-2,1.021042137342E-1,
4.530107871451E-2));
#1281=CARTESIAN_POINT('',(1.496281971708E-2,1.062695946909E-1,
3.441377809543E-2));
#1282=CARTESIAN_POINT('',(1.450116091931E-2,1.092775802729E-1,
2.314923939234E-2));
#1283=CARTESIAN_POINT('',(1.403987964898E-2,1.110942128589E-1,
1.164212200114E-2));
#1284=CARTESIAN_POINT('',(1.373215661055E-2,1.114999999999E-1,
3.881033333386E-3));
#1285=CARTESIAN_POINT('',(1.357827234439E-2,1.114999999999E-1,
6.262454314140E-8));
#1287=DIRECTION('',(9.999999992728E-1,3.836347654669E-11,3.813564523551E-5));
#1288=VECTOR('',#1287,5.244937725615E-3);
#1289=CARTESIAN_POINT('',(8.333334622592E-3,1.114999999997E-1,
-1.373945412450E-7));
#1290=LINE('',#1289,#1288);
#1291=CARTESIAN_POINT('',(3.25E-2,7.632610414925E-2,-8.128084537821E-2));
#1292=CARTESIAN_POINT('',(3.259717828696E-2,7.921079806880E-2,
-7.870530536541E-2));
#1293=CARTESIAN_POINT('',(3.279145394293E-2,8.471689424908E-2,
-7.324901642283E-2));
#1294=CARTESIAN_POINT('',(3.308248178432E-2,9.209174467357E-2,
-6.424034706745E-2));
#1295=CARTESIAN_POINT('',(3.337355264903E-2,9.851016862840E-2,
-5.448876244196E-2));
#1296=CARTESIAN_POINT('',(3.366438524363E-2,1.038918800844E-1,
-4.410562526664E-2));
#1297=CARTESIAN_POINT('',(3.395484918320E-2,1.081751749769E-1,
-3.320683164447E-2));
#1298=CARTESIAN_POINT('',(3.424537929818E-2,1.113160631204E-1,
-2.189160957179E-2));
#1299=CARTESIAN_POINT('',(3.453562801531E-2,1.132716651560E-1,
-1.029354564936E-2));
#1300=CARTESIAN_POINT('',(3.482553906915E-2,1.140193881577E-1,
1.460793359429E-3));
#1301=CARTESIAN_POINT('',(3.511553086494E-2,1.135472404975E-1,
1.326274684023E-2));
#1302=CARTESIAN_POINT('',(3.540520418883E-2,1.118556452908E-1,
2.496956201094E-2));
#1303=CARTESIAN_POINT('',(3.569457030555E-2,1.089615526509E-1,
3.645632727618E-2));
#1304=CARTESIAN_POINT('',(3.598402672882E-2,1.048866047303E-1,
4.761489474764E-2));
#1305=CARTESIAN_POINT('',(3.627313244871E-2,9.967577717342E-2,
5.830759278020E-2));
#1306=CARTESIAN_POINT('',(3.656196143726E-2,9.338236616212E-2,
6.842279124785E-2));
#1307=CARTESIAN_POINT('',(3.685088523753E-2,8.606030169914E-2,
7.786291747241E-2));
#1308=CARTESIAN_POINT('',(3.713943137168E-2,7.779563732413E-2,
8.650940072702E-2));
#1309=CARTESIAN_POINT('',(3.742773084619E-2,6.867166325109E-2,
9.427372863956E-2));
#1310=CARTESIAN_POINT('',(3.771612473587E-2,5.877032018857E-2,
1.010782651201E-1));
#1311=CARTESIAN_POINT('',(3.800411913610E-2,4.821087305596E-2,
1.068357474597E-1));
#1312=CARTESIAN_POINT('',(3.829189656369E-2,3.709784004039E-2,
1.114880958955E-1));
#1313=CARTESIAN_POINT('',(3.857976319071E-2,2.553425148894E-2,
1.149854171713E-1));
#1314=CARTESIAN_POINT('',(3.886721355499E-2,1.366116206667E-2,
1.172808052679E-1));
#1315=CARTESIAN_POINT('',(3.915447625816E-2,1.594031276505E-3,
1.183509004106E-1));
#1316=CARTESIAN_POINT('',(3.944181820838E-2,-1.055206153288E-2,
1.181790723361E-1));
#1317=CARTESIAN_POINT('',(3.972873208490E-2,-2.262801278414E-2,
1.167636707191E-1));
#1318=CARTESIAN_POINT('',(4.001548724557E-2,-3.451826376503E-2,
1.141170999957E-1));
#1319=CARTESIAN_POINT('',(4.030230704425E-2,-4.610612187630E-2,
1.102586621907E-1));
#1320=CARTESIAN_POINT('',(4.058869183631E-2,-5.724900452614E-2,
1.052321911142E-1));
#1321=CARTESIAN_POINT('',(4.087494649987E-2,-6.784169954323E-2,
9.908372447237E-2));
#1322=CARTESIAN_POINT('',(4.116124661399E-2,-7.777685783269E-2,
9.186797196509E-2));
#1323=CARTESIAN_POINT('',(4.144710958355E-2,-8.693224571882E-2,
8.366981362650E-2));
#1324=CARTESIAN_POINT('',(4.173287066284E-2,-9.522218437746E-2,
7.456393891552E-2));
#1325=CARTESIAN_POINT('',(4.201865350202E-2,-1.025591881074E-1,
6.463666576702E-2));
#1326=CARTESIAN_POINT('',(4.230400177421E-2,-1.088529867398E-1,
5.400533844707E-2));
#1327=CARTESIAN_POINT('',(4.258927605305E-2,-1.140446504859E-1,
4.276600267198E-2));
#1328=CARTESIAN_POINT('',(4.287454397177E-2,-1.180756760904E-1,
3.102971250582E-2));
#1329=CARTESIAN_POINT('',(4.315938453840E-2,-1.208959520311E-1,
1.893452394620E-2));
#1330=CARTESIAN_POINT('',(4.344417867553E-2,-1.224780248762E-1,
6.588921436930E-3));
#1331=CARTESIAN_POINT('',(4.372893397362E-2,-1.227992049546E-1,
-5.880766006190E-3));
#1332=CARTESIAN_POINT('',(4.401327369857E-2,-1.218535068268E-1,
-1.832938685525E-2));
#1333=CARTESIAN_POINT('',(4.429759422513E-2,-1.196468958639E-1,
-3.064577266641E-2));
#1334=CARTESIAN_POINT('',(4.458183916915E-2,-1.161963104304E-1,
-4.269963202380E-2));
#1335=CARTESIAN_POINT('',(4.486568472187E-2,-1.115393076657E-1,
-5.435270882315E-2));
#1336=CARTESIAN_POINT('',(4.514953830661E-2,-1.057143496709E-1,
-6.550093900515E-2));
#1337=CARTESIAN_POINT('',(4.543327415795E-2,-9.877834753188E-2,
-7.602225370071E-2));
#1338=CARTESIAN_POINT('',(4.571663564362E-2,-9.080729212701E-2,
-8.579829794233E-2));
#1339=CARTESIAN_POINT('',(4.590555316998E-2,-8.484856543756E-2,
-9.175978879086E-2));
#1340=CARTESIAN_POINT('',(4.599999812216E-2,-8.172317707306E-2,
-9.458499396277E-2));
#1342=CARTESIAN_POINT('',(4.6E-2,0.E0,0.E0));
#1343=DIRECTION('',(-1.E0,0.E0,0.E0));
#1344=DIRECTION('',(0.E0,-6.537852068112E-1,-7.566801856496E-1));
#1345=AXIS2_PLACEMENT_3D('',#1342,#1343,#1344);
#1347=CARTESIAN_POINT('',(3.25E-2,-4.672373428347E-2,-1.012380494409E-1));
#1348=CARTESIAN_POINT('',(3.285111750019E-2,-4.347258650213E-2,
-1.031252387673E-1));
#1349=CARTESIAN_POINT('',(3.355250128271E-2,-3.675579695307E-2,
-1.065821359138E-1));
#1350=CARTESIAN_POINT('',(3.460178611326E-2,-2.613812079039E-2,
-1.107493975415E-1));
#1351=CARTESIAN_POINT('',(3.564899166937E-2,-1.507536497878E-2,
-1.138465999976E-1));
#1352=CARTESIAN_POINT('',(3.669436225824E-2,-3.674086708337E-3,
-1.158283429416E-1));
#1353=CARTESIAN_POINT('',(3.773679518814E-2,7.939570105800E-3,
-1.166598576230E-1));
#1354=CARTESIAN_POINT('',(3.877706733063E-2,1.965712191252E-2,
-1.163218919841E-1));
#1355=CARTESIAN_POINT('',(3.981574417119E-2,3.136635584076E-2,
-1.148028687472E-1));
#1356=CARTESIAN_POINT('',(4.085169153758E-2,4.293508444521E-2,
-1.121067674895E-1));
#1357=CARTESIAN_POINT('',(4.188533149146E-2,5.424963003101E-2,
-1.082488851105E-1));
#1358=CARTESIAN_POINT('',(4.291750901306E-2,6.520210358699E-2,
-1.032510919650E-1));
#1359=CARTESIAN_POINT('',(4.394724123326E-2,7.566790381629E-2,
-9.715543071224E-2));
#1360=CARTESIAN_POINT('',(4.497457370415E-2,8.553856701953E-2,
-9.001259236080E-2));
#1361=CARTESIAN_POINT('',(4.565839952892E-2,9.165773604940E-2,
-8.458864743379E-2));
#1362=CARTESIAN_POINT('',(4.599999842773E-2,9.458508686595E-2,
-8.172307078993E-2));
#1364=CARTESIAN_POINT('',(3.25E-2,0.E0,0.E0));
#1365=DIRECTION('',(1.E0,0.E0,0.E0));
#1366=DIRECTION('',(0.E0,-4.190469442464E-1,-9.079645689771E-1));
#1367=AXIS2_PLACEMENT_3D('',#1364,#1365,#1366);
#1369=CARTESIAN_POINT('',(4.6E-2,0.E0,0.E0));
#1370=DIRECTION('',(-1.E0,0.E0,0.E0));
#1371=DIRECTION('',(0.E0,-1.E0,0.E0));
#1372=AXIS2_PLACEMENT_3D('',#1369,#1370,#1371);
#1374=CARTESIAN_POINT('',(4.6E-2,0.E0,0.E0));
#1375=DIRECTION('',(-1.E0,0.E0,0.E0));
#1376=DIRECTION('',(0.E0,1.E0,0.E0));
#1377=AXIS2_PLACEMENT_3D('',#1374,#1375,#1376);
#1379=CARTESIAN_POINT('',(4.599999842773E-2,9.458508686595E-2,
-8.172307078993E-2));
#1380=CARTESIAN_POINT('',(4.599999842773E-2,9.190154688391E-2,
-8.482896374632E-2));
#1381=CARTESIAN_POINT('',(4.600000072969E-2,8.626036939663E-2,
-9.074284857678E-2));
#1382=CARTESIAN_POINT('',(4.599999980448E-2,7.694793220023E-2,
-9.876410171681E-2));
#1383=CARTESIAN_POINT('',(4.600000005239E-2,6.689851829754E-2,
-1.058294140977E-1));
#1384=CARTESIAN_POINT('',(4.599999998596E-2,5.619912557741E-2,
-1.118792019001E-1));
#1385=CARTESIAN_POINT('',(4.600000000376E-2,4.496562914916E-2,
-1.168474511845E-1));
#1386=CARTESIAN_POINT('',(4.599999999899E-2,3.329789883878E-2,
-1.206919846644E-1));
#1387=CARTESIAN_POINT('',(4.600000000029E-2,2.130256964588E-2,
-1.233754410968E-1));
#1388=CARTESIAN_POINT('',(4.599999999984E-2,9.109650216781E-3,
-1.248689279978E-1));
#1389=CARTESIAN_POINT('',(4.600000000034E-2,-3.170448188757E-3,
-1.251608697092E-1));
#1390=CARTESIAN_POINT('',(4.599999999879E-2,-1.542826487401E-2,
-1.242468438308E-1));
#1391=CARTESIAN_POINT('',(4.600000000449E-2,-2.753109028124E-2,
-1.221363047125E-1));
#1392=CARTESIAN_POINT('',(4.599999998323E-2,-3.936661619196E-2,
-1.188510141934E-1));
#1393=CARTESIAN_POINT('',(4.600000006257E-2,-5.083052541526E-2,
-1.144182499051E-1));
#1394=CARTESIAN_POINT('',(4.599999976648E-2,-6.179935191543E-2,
-1.088860552217E-1));
#1395=CARTESIAN_POINT('',(4.600000087151E-2,-7.217719050043E-2,
-1.023013664326E-1));
#1396=CARTESIAN_POINT('',(4.599999812216E-2,-7.861720241405E-2,
-9.726861185990E-2));
#1397=CARTESIAN_POINT('',(4.599999812216E-2,-8.172317707306E-2,
-9.458499396277E-2));
#1399=DIRECTION('',(-1.E0,0.E0,0.E0));
#1400=VECTOR('',#1399,9.4E-2);
#1401=CARTESIAN_POINT('',(1.4E-1,-1.275E-1,0.E0));
#1402=LINE('',#1401,#1400);
#1403=CARTESIAN_POINT('',(1.4E-1,0.E0,0.E0));
#1404=DIRECTION('',(-1.E0,0.E0,0.E0));
#1405=DIRECTION('',(0.E0,-1.E0,0.E0));
#1406=AXIS2_PLACEMENT_3D('',#1403,#1404,#1405);
#1408=CARTESIAN_POINT('',(1.4E-1,0.E0,0.E0));
#1409=DIRECTION('',(-1.E0,0.E0,0.E0));
#1410=DIRECTION('',(0.E0,1.E0,0.E0));
#1411=AXIS2_PLACEMENT_3D('',#1408,#1409,#1410);
#1413=CARTESIAN_POINT('',(1.4E-1,0.E0,0.E0));
#1414=DIRECTION('',(-1.E0,0.E0,0.E0));
#1415=DIRECTION('',(0.E0,-1.E0,0.E0));
#1416=AXIS2_PLACEMENT_3D('',#1413,#1414,#1415);
#1418=CARTESIAN_POINT('',(1.4E-1,0.E0,0.E0));
#1419=DIRECTION('',(-1.E0,0.E0,0.E0));
#1420=DIRECTION('',(0.E0,1.E0,0.E0));
#1421=AXIS2_PLACEMENT_3D('',#1418,#1419,#1420);
#1423=DIRECTION('',(-1.E0,0.E0,0.E0));
#1424=VECTOR('',#1423,5.E-3);
#1425=CARTESIAN_POINT('',(1.45E-1,-1.385E-1,0.E0));
#1426=LINE('',#1425,#1424);
#1427=CARTESIAN_POINT('',(1.45E-1,0.E0,0.E0));
#1428=DIRECTION('',(-1.E0,0.E0,0.E0));
#1429=DIRECTION('',(0.E0,-1.E0,0.E0));
#1430=AXIS2_PLACEMENT_3D('',#1427,#1428,#1429);
#1432=CARTESIAN_POINT('',(1.45E-1,0.E0,0.E0));
#1433=DIRECTION('',(-1.E0,0.E0,0.E0));
#1434=DIRECTION('',(0.E0,-4.512635379061E-1,-8.923907324465E-1));
#1435=AXIS2_PLACEMENT_3D('',#1432,#1433,#1434);
#1437=DIRECTION('',(0.E0,0.E0,1.E0));
#1438=VECTOR('',#1437,1.823957891532E-2);
#1439=CARTESIAN_POINT('',(1.45E-1,-6.25E-2,-1.235961164438E-1));
#1440=LINE('',#1439,#1438);
#1441=DIRECTION('',(0.E0,0.E0,-1.E0));
#1442=VECTOR('',#1441,1.823957891532E-2);
#1443=CARTESIAN_POINT('',(1.45E-1,6.25E-2,-1.053565375285E-1));
#1444=LINE('',#1443,#1442);
#1445=CARTESIAN_POINT('',(1.45E-1,0.E0,0.E0));
#1446=DIRECTION('',(-1.E0,0.E0,0.E0));
#1447=DIRECTION('',(0.E0,1.E0,0.E0));
#1448=AXIS2_PLACEMENT_3D('',#1445,#1446,#1447);
#1450=DIRECTION('',(-1.E0,0.E0,0.E0));
#1451=VECTOR('',#1450,5.E-3);
#1452=CARTESIAN_POINT('',(1.45E-1,1.385E-1,0.E0));
#1453=LINE('',#1452,#1451);
#1454=DIRECTION('',(-1.E0,0.E0,0.E0));
#1455=VECTOR('',#1454,9.4E-2);
#1456=CARTESIAN_POINT('',(1.4E-1,1.275E-1,0.E0));
#1457=LINE('',#1456,#1455);
#1458=CARTESIAN_POINT('',(-7.499999996362E-2,-2.388017902509E-2,
1.226977466198E-1));
#1459=CARTESIAN_POINT('',(-7.484889663736E-2,-2.807385118926E-2,
1.218815487732E-1));
#1460=CARTESIAN_POINT('',(-7.454671519591E-2,-3.637664952285E-2,
1.198187259975E-1));
#1461=CARTESIAN_POINT('',(-7.409376504199E-2,-4.844052562232E-2,
1.154700256537E-1));
#1462=CARTESIAN_POINT('',(-7.364039945168E-2,-6.000677442373E-2,
1.099047949986E-1));
#1463=CARTESIAN_POINT('',(-7.318719589597E-2,-7.093841140775E-2,
1.031868008805E-1));
#1464=CARTESIAN_POINT('',(-7.273423325557E-2,-8.112036322902E-2,
9.539032885168E-2));
#1465=CARTESIAN_POINT('',(-7.228081211045E-2,-9.046046695679E-2,
8.658392548505E-2));
#1466=CARTESIAN_POINT('',(-7.182768160633E-2,-9.884435000829E-2,
7.687364800059E-2));
#1467=CARTESIAN_POINT('',(-7.137469031645E-2,-1.061892376732E-1,
6.636030072204E-2));
#1468=CARTESIAN_POINT('',(-7.092123766059E-2,-1.124257948750E-1,
5.513895963347E-2));
#1469=CARTESIAN_POINT('',(-7.046816806757E-2,-1.174764081008E-1,
4.334803195308E-2));
#1470=CARTESIAN_POINT('',(-7.001513638350E-2,-1.212947857127E-1,
3.110355941687E-2));
#1471=CARTESIAN_POINT('',(-6.956167507660E-2,-1.238420008359E-1,
1.852059197589E-2));
#1472=CARTESIAN_POINT('',(-6.910865457171E-2,-1.250865077224E-1,
5.755398696967E-3));
#1473=CARTESIAN_POINT('',(-6.865557066405E-2,-1.250194152689E-1,
-7.071934872489E-3));
#1474=CARTESIAN_POINT('',(-6.820212358802E-2,-1.236381998510E-1,
-1.983521052590E-2));
#1475=CARTESIAN_POINT('',(-6.774914034246E-2,-1.209606526364E-1,
-3.237724335256E-2));
#1476=CARTESIAN_POINT('',(-6.729599238396E-2,-1.170133386742E-1,
-4.458421586098E-2));
#1477=CARTESIAN_POINT('',(-6.684258241878E-2,-1.118338001995E-1,
-5.632961012571E-2));
#1478=CARTESIAN_POINT('',(-6.638962460774E-2,-1.054859116967E-1,
-6.747221507528E-2));
#1479=CARTESIAN_POINT('',(-6.593640075797E-2,-9.802745858683E-2,
-7.791338543243E-2));
#1480=CARTESIAN_POINT('',(-6.548305083331E-2,-8.953662150015E-2,
-8.753855335640E-2));
#1481=CARTESIAN_POINT('',(-6.503010644477E-2,-8.011410746482E-2,
-9.623681690373E-2));
#1482=CARTESIAN_POINT('',(-6.457679556345E-2,-6.984299393116E-2,
-1.039318787579E-1));
#1483=CARTESIAN_POINT('',(-6.412352927587E-2,-5.883893492555E-2,
-1.105340005084E-1));
#1484=CARTESIAN_POINT('',(-6.367057964910E-2,-4.722547567260E-2,
-1.159722774474E-1));
#1485=CARTESIAN_POINT('',(-6.321719652471E-2,-3.510495836205E-2,
-1.201978294014E-1));
#1486=CARTESIAN_POINT('',(-6.276401204053E-2,-2.262092486612E-2,
-1.231586957234E-1));
#1487=CARTESIAN_POINT('',(-6.231104267025E-2,-9.905609964956E-3,
-1.248267244205E-1));
#1488=CARTESIAN_POINT('',(-6.185761090069E-2,2.926737611179E-3,
-1.251850811257E-1));
#1489=CARTESIAN_POINT('',(-6.140449619964E-2,1.571937492518E-2,
-1.242282682384E-1));
#1490=CARTESIAN_POINT('',(-6.095149531037E-2,2.834397871151E-2,
-1.219691185836E-1));
#1491=CARTESIAN_POINT('',(-6.049803776165E-2,4.068345209048E-2,
-1.184260037739E-1));
#1492=CARTESIAN_POINT('',(-6.004498101970E-2,5.258480078873E-2,
-1.136424064974E-1));
#1493=CARTESIAN_POINT('',(-5.959193678373E-2,6.393442447778E-2,
-1.076673043687E-1));
#1494=CARTESIAN_POINT('',(-5.913847633543E-2,7.462250747558E-2,
-1.005551172383E-1));
#1495=CARTESIAN_POINT('',(-5.868546572507E-2,8.451657500311E-2,
-9.239430978279E-2));
#1496=CARTESIAN_POINT('',(-5.823236631591E-2,9.352621806140E-2,
-8.326292638940E-2));
#1497=CARTESIAN_POINT('',(-5.777892584696E-2,1.015595783032E-1,
-7.324949233552E-2));
#1498=CARTESIAN_POINT('',(-5.732594954061E-2,1.085187954192E-1,
-6.247750573364E-2));
#1499=CARTESIAN_POINT('',(-5.687278313354E-2,1.143425585032E-1,
-5.104560975617E-2));
#1500=CARTESIAN_POINT('',(-5.641938551658E-2,1.189674299064E-1,
-3.907134235795E-2));
#1501=CARTESIAN_POINT('',(-5.596643170878E-2,1.223395022529E-1,
-2.669882611753E-2));
#1502=CARTESIAN_POINT('',(-5.551318639767E-2,1.244299324409E-1,
-1.403818397807E-2));
#1503=CARTESIAN_POINT('',(-5.505985480966E-2,1.252129898427E-1,
-1.227592136507E-3));
#1504=CARTESIAN_POINT('',(-5.460691055769E-2,1.246819511621E-1,
1.158494342293E-2));
#1505=CARTESIAN_POINT('',(-5.415357868186E-2,1.228414822118E-1,
2.428680527191E-2));
#1506=CARTESIAN_POINT('',(-5.370033355146E-2,1.197105360098E-1,
3.673103044460E-2));
#1507=CARTESIAN_POINT('',(-5.324737956351E-2,1.153261847980E-1,
4.878206907710E-2));
#1508=CARTESIAN_POINT('',(-5.279398160775E-2,1.097262845212E-1,
6.033255625780E-2));
#1509=CARTESIAN_POINT('',(-5.234081521479E-2,1.029764923189E-1,
7.124331249743E-2));
#1510=CARTESIAN_POINT('',(-5.188783856443E-2,9.514974451395E-2,
8.140246997158E-2));
#1511=CARTESIAN_POINT('',(-5.143439770149E-2,8.631530803567E-2,
9.071678901427E-2));
#1512=CARTESIAN_POINT('',(-5.098129814029E-2,7.658093446789E-2,
9.907128863693E-2));
#1513=CARTESIAN_POINT('',(-5.052828702290E-2,6.604547966731E-2,
1.063853594312E-1));
#1514=CARTESIAN_POINT('',(-5.007482612454E-2,5.480550953878E-2,
1.125886981811E-1));
#1515=CARTESIAN_POINT('',(-4.962178157023E-2,4.300036795056E-2,
1.176041069517E-1));
#1516=CARTESIAN_POINT('',(-4.916872415979E-2,3.074398428319E-2,
1.213864443447E-1));
#1517=CARTESIAN_POINT('',(-4.871526610318E-2,1.815363583627E-2,
1.238962962747E-1));
#1518=CARTESIAN_POINT('',(-4.826226472955E-2,5.385386959314E-3,
1.251029925044E-1));
#1519=CARTESIAN_POINT('',(-4.780914920060E-2,-7.442557319600E-3,
1.249979135919E-1));
#1520=CARTESIAN_POINT('',(-4.735571686266E-2,-2.020123479051E-2,
1.235788897685E-1));
#1521=CARTESIAN_POINT('',(-4.690274684275E-2,-3.273490493262E-2,
1.208643714374E-1));
#1522=CARTESIAN_POINT('',(-4.644956137380E-2,-4.493111041593E-2,
1.168805855572E-1));
#1523=CARTESIAN_POINT('',(-4.599617761692E-2,-5.666038127462E-2,
1.116665369142E-1));
#1524=CARTESIAN_POINT('',(-4.554322717689E-2,-6.778398246135E-2,
1.052858818864E-1));
#1525=CARTESIAN_POINT('',(-4.508995974914E-2,-7.820396968845E-2,
9.779579721282E-2));
#1526=CARTESIAN_POINT('',(-4.463664817237E-2,-8.780307202621E-2,
8.927718194144E-2));
#1527=CARTESIAN_POINT('',(-4.418370278788E-2,-9.647347506370E-2,
7.982902444070E-2));
#1528=CARTESIAN_POINT('',(-4.373035164844E-2,-1.041386960469E-1,
6.953423467577E-2));
#1529=CARTESIAN_POINT('',(-4.327712695866E-2,-1.107075420926E-1,
5.851168249769E-2));
#1530=CARTESIAN_POINT('',(-4.282416798695E-2,-1.161115923004E-1,
4.688199587665E-2));
#1531=CARTESIAN_POINT('',(-4.237075674943E-2,-1.203014176488E-1,
3.474826791219E-2));
#1532=CARTESIAN_POINT('',(-4.191760778248E-2,-1.232250464394E-1,
2.225652171337E-2));
#1533=CARTESIAN_POINT('',(-4.146462322124E-2,-1.248555386611E-1,
9.535932215769E-3));
#1534=CARTESIAN_POINT('',(-4.101117480904E-2,-1.251758361274E-1,
-3.297867281604E-3));
#1535=CARTESIAN_POINT('',(-4.055808972667E-2,-1.241812176080E-1,
-1.608675358136E-2));
#1536=CARTESIAN_POINT('',(-4.010506775442E-2,-1.218846397580E-1,
-2.870518294504E-2));
#1537=CARTESIAN_POINT('',(-3.965160504220E-2,-1.183049011903E-1,
-4.103420731125E-2));
#1538=CARTESIAN_POINT('',(-3.919857201930E-2,-1.134863725602E-1,
-5.292070445161E-2));
#1539=CARTESIAN_POINT('',(-3.874550081126E-2,-1.074773632507E-1,
-6.425324888566E-2));
#1540=CARTESIAN_POINT('',(-3.829204667427E-2,-1.003336138319E-1,
-7.492001705110E-2));
#1541=CARTESIAN_POINT('',(-3.783905388570E-2,-9.214392389965E-2,
-8.478950362426E-2));
#1542=CARTESIAN_POINT('',(-3.738592161717E-2,-8.298525271156E-2,
-9.377270056109E-2));
#1543=CARTESIAN_POINT('',(-3.693249893086E-2,-7.294844315620E-2,
-1.017759899697E-1));
#1544=CARTESIAN_POINT('',(-3.647953454979E-2,-6.215624234198E-2,
-1.087031496253E-1));
#1545=CARTESIAN_POINT('',(-3.602632940316E-2,-5.070617983147E-2,
-1.144934936595E-1));
#1546=CARTESIAN_POINT('',(-3.557296101678E-2,-3.871903897740E-2,
-1.190825141952E-1));
#1547=CARTESIAN_POINT('',(-3.512001331321E-2,-2.633680643055E-2,
-1.224179817204E-1));
#1548=CARTESIAN_POINT('',(-3.466672311027E-2,-1.366878774260E-2,
-1.244710525534E-1));
#1549=CARTESIAN_POINT('',(-3.421343321920E-2,-8.571303237518E-4,
-1.252160327432E-1));
#1550=CARTESIAN_POINT('',(-3.376048543828E-2,1.195385862780E-2,
-1.246471598264E-1));
#1551=CARTESIAN_POINT('',(-3.330711675447E-2,2.465121405589E-2,
-1.227688654487E-1));
#1552=CARTESIAN_POINT('',(-3.285391179805E-2,3.708497900545E-2,
-1.196013268734E-1));
#1553=CARTESIAN_POINT('',(-3.240094722144E-2,4.912327379214E-2,
-1.151812979866E-1));
#1554=CARTESIAN_POINT('',(-3.194752424270E-2,6.065771470227E-2,
-1.095468530761E-1));
#1555=CARTESIAN_POINT('',(-3.149439204475E-2,7.154758771020E-2,
-1.027652914916E-1));
#1556=CARTESIAN_POINT('',(-3.104139894230E-2,8.168391661911E-2,
-9.490827490163E-2));
#1557=CARTESIAN_POINT('',(-3.058794451779E-2,9.097224969132E-2,
-8.604599434468E-2));
#1558=CARTESIAN_POINT('',(-3.013487326041E-2,9.929736251210E-2,
-7.628755645374E-2));
#1559=CARTESIAN_POINT('',(-2.968183980610E-2,1.065805865692E-1,
-6.573000958807E-2));
#1560=CARTESIAN_POINT('',(-2.922837681045E-2,1.127505732868E-1,
-5.447165164683E-2));
#1561=CARTESIAN_POINT('',(-2.877535466896E-2,1.177307824995E-1,
-4.265232705867E-2));
#1562=CARTESIAN_POINT('',(-2.832226903876E-2,1.214770542473E-1,
-3.038405615113E-2));
#1563=CARTESIAN_POINT('',(-2.786882034588E-2,1.239494901907E-1,
-1.778659642270E-2));
#1564=CARTESIAN_POINT('',(-2.741583549583E-2,1.251183881209E-1,
-5.015320123089E-3));
#1565=CARTESIAN_POINT('',(-2.696268586600E-2,1.249753042609E-1,
7.813203833579E-3));
#1566=CARTESIAN_POINT('',(-2.650927434866E-2,1.235185045786E-1,
2.056701108736E-2));
#1567=CARTESIAN_POINT('',(-2.605631496933E-2,1.207670340089E-1,
3.309229463326E-2));
#1568=CARTESIAN_POINT('',(-2.560308950269E-2,1.167467663825E-1,
4.527769741708E-2));
#1569=CARTESIAN_POINT('',(-2.514973808404E-2,1.114983231096E-1,
5.699059498468E-2));
#1570=CARTESIAN_POINT('',(-2.469679216596E-2,1.050849208287E-1,
6.809518070366E-2));
#1571=CARTESIAN_POINT('',(-2.424347973030E-2,9.756322268733E-2,
7.849392245233E-2));
#1572=CARTESIAN_POINT('',(-2.379021199592E-2,8.901700824844E-2,
8.806677479269E-2));
#1573=CARTESIAN_POINT('',(-2.333726088117E-2,7.954318142711E-2,
9.670933790289E-2));
#1574=CARTESIAN_POINT('',(-2.288387627593E-2,6.922494590018E-2,
1.043445360525E-1));
#1575=CARTESIAN_POINT('',(-2.243069037718E-2,5.818393110914E-2,
1.108801144222E-1));
#1576=CARTESIAN_POINT('',(-2.197771956890E-2,4.653803840982E-2,
1.162499129581E-1));
#1577=CARTESIAN_POINT('',(-2.152428638380E-2,3.439136014211E-2,
1.204039189942E-1));
#1578=CARTESIAN_POINT('',(-2.107117030464E-2,2.189193161625E-2,
1.232903229694E-1));
#1579=CARTESIAN_POINT('',(-2.061816803043E-2,9.166094652459E-3,
1.248832605079E-1));
#1580=CARTESIAN_POINT('',(-2.016470912501E-2,-3.668881055077E-3,
1.251654903616E-1));
#1581=CARTESIAN_POINT('',(-1.971165104507E-2,-1.645399090015E-2,
1.241330859714E-1));
#1582=CARTESIAN_POINT('',(-1.925860548020E-2,-2.906621371697E-2,
1.217990693735E-1));
#1583=CARTESIAN_POINT('',(-1.880514372790E-2,-4.138452484569E-2,
1.181827836093E-1));
#1584=CARTESIAN_POINT('',(-1.835213182318E-2,-5.325615130502E-2,
1.133293487584E-1));
#1585=CARTESIAN_POINT('',(-1.789903114394E-2,-6.457158156426E-2,
1.072864308141E-1));
#1586=CARTESIAN_POINT('',(-1.744558941792E-2,-7.521680755703E-2,
1.001112727965E-1));
#1587=CARTESIAN_POINT('',(-1.699261186412E-2,-8.506170133743E-2,
9.189272903432E-2));
#1588=CARTESIAN_POINT('',(-1.653944424842E-2,-9.401841704171E-2,
8.270677853903E-2));
#1589=CARTESIAN_POINT('',(-1.608604541586E-2,-1.019914669276E-1,
7.264680894268E-2));
#1590=CARTESIAN_POINT('',(-1.563309041061E-2,-1.088865649584E-1,
6.183442480949E-2));
#1591=CARTESIAN_POINT('',(-1.517984395489E-2,-1.146434577972E-1,
5.036621163435E-2));
#1592=CARTESIAN_POINT('',(-1.472651118709E-2,-1.191965323016E-1,
3.836646316433E-2));
#1593=CARTESIAN_POINT('',(-1.427356579277E-2,-1.224954027871E-1,
2.597450942791E-2));
#1594=CARTESIAN_POINT('',(-1.382023283054E-2,-1.245110719482E-1,
1.329927122525E-2));
#1595=CARTESIAN_POINT('',(-1.336698655870E-2,-1.252179825152E-1,
4.867047576838E-4));
#1596=CARTESIAN_POINT('',(-1.291403148782E-2,-1.246112681351E-1,
-1.232274305991E-2));
#1597=CARTESIAN_POINT('',(-1.246063249232E-2,-1.226951839767E-1,
-2.501530887232E-2));
#1598=CARTESIAN_POINT('',(-1.200746500551E-2,-1.194910798278E-1,
-3.743859480380E-2));
#1599=CARTESIAN_POINT('',(-1.155448733243E-2,-1.150353704829E-1,
-4.946411338785E-2));
#1600=CARTESIAN_POINT('',(-1.110104547177E-2,-1.093664996732E-1,
-6.098225930600E-2));
#1601=CARTESIAN_POINT('',(-1.064794486715E-2,-1.025531991788E-1,
-7.185123578567E-2));
#1602=CARTESIAN_POINT('',(-1.019493278949E-2,-9.466591984684E-2,
-8.196470387824E-2));
#1603=CARTESIAN_POINT('',(-9.741470930738E-3,-8.577598427002E-2,
-9.122685103483E-2));
#1604=CARTESIAN_POINT('',(-9.288425386167E-3,-7.599351420748E-2,
-9.952257231534E-2));
#1605=CARTESIAN_POINT('',(-8.835367079971E-3,-6.541389024017E-2,
-1.067749192559E-1));
#1606=CARTESIAN_POINT('',(-8.381908095902E-3,-5.413738538332E-2,
-1.129114220374E-1));
#1607=CARTESIAN_POINT('',(-7.928905787743E-3,-4.230390940001E-2,
-1.178564353724E-1));
#1608=CARTESIAN_POINT('',(-7.475789429408E-3,-3.002377459652E-2,
-1.215666154940E-1));
#1609=CARTESIAN_POINT('',(-7.022356192931E-3,-1.741947291196E-2,
-1.240015840684E-1));
#1610=CARTESIAN_POINT('',(-6.569385296595E-3,-4.645198175538E-3,
-1.251326951604E-1));
#1611=CARTESIAN_POINT('',(-6.116199066305E-3,8.183874931869E-3,
-1.249515871930E-1));
#1612=CARTESIAN_POINT('',(-5.662814436163E-3,2.093254054281E-2,
-1.234570452911E-1));
#1613=CARTESIAN_POINT('',(-5.209863179837E-3,3.344941193436E-2,
-1.206686414195E-1));
#1614=CARTESIAN_POINT('',(-4.756595060898E-3,4.562397986318E-2,
-1.166118788335E-1));
#1615=CARTESIAN_POINT('',(-4.303282630565E-3,5.732024340467E-2,
-1.113291668403E-1));
#1616=CARTESIAN_POINT('',(-3.850336500365E-3,6.840584306300E-2,
-1.048830021959E-1));
#1617=CARTESIAN_POINT('',(-3.396984709671E-3,7.878312100088E-2,
-9.732983437099E-2));
#1618=CARTESIAN_POINT('',(-2.943759213758E-3,8.832969582099E-2,
-8.875607429950E-2));
#1619=CARTESIAN_POINT('',(-2.490799564236E-3,9.694439639202E-2,
-7.925658585481E-2));
#1620=CARTESIAN_POINT('',(-2.037387703818E-3,1.045494033843E-1,
-6.891512520552E-2));
#1621=CARTESIAN_POINT('',(-1.584237989687E-3,1.110517174834E-1,
-5.785568165201E-2));
#1622=CARTESIAN_POINT('',(-1.131252817516E-3,1.163872396348E-1,
-4.619360332507E-2));
#1623=CARTESIAN_POINT('',(-6.778038081475E-4,1.205053351931E-1,
-3.403423425079E-2));
#1624=CARTESIAN_POINT('',(-2.247180393553E-4,1.233545259897E-1,
-2.152715483565E-2));
#1625=CARTESIAN_POINT('',(2.283044755799E-4,1.249098900083E-1,
-8.796097334552E-3));
#1626=CARTESIAN_POINT('',(6.817677622047E-4,1.251540452420E-1,
4.039779967723E-3));
#1627=CARTESIAN_POINT('',(1.134801408944E-3,1.240838740208E-1,
1.682108672856E-2));
#1628=CARTESIAN_POINT('',(1.587873090309E-3,1.217124074141E-1,
2.942707109623E-2));
#1629=CARTESIAN_POINT('',(2.041327781529E-3,1.180596521041E-1,
4.173440581358E-2));
#1630=CARTESIAN_POINT('',(2.494321129726E-3,1.131713357998E-1,
5.359114132902E-2));
#1631=CARTESIAN_POINT('',(2.947453801286E-3,1.070945069037E-1,
6.488942266573E-2));
#1632=CARTESIAN_POINT('',(3.400877023912E-3,9.988809493751E-2,
7.551288012916E-2));
#1633=CARTESIAN_POINT('',(3.853841898945E-3,9.164072587296E-2,
8.533316827070E-2));
#1634=CARTESIAN_POINT('',(4.307047377589E-3,8.242750356526E-2,
9.426336765916E-2));
#1635=CARTESIAN_POINT('',(4.760416284193E-3,7.234459014991E-2,
1.022060103176E-1));
#1636=CARTESIAN_POINT('',(5.213364415091E-3,6.151205432284E-2,
1.090690416470E-1));
#1637=CARTESIAN_POINT('',(5.666654877420E-3,5.002570259921E-2,
1.147924511733E-1));
#1638=CARTESIAN_POINT('',(6.119945278224E-3,3.801362286753E-2,
1.193094846376E-1));
#1639=CARTESIAN_POINT('',(6.572893403478E-3,2.561190766231E-2,
1.225717685367E-1));
#1640=CARTESIAN_POINT('',(7.026262330714E-3,1.292973819264E-2,
1.245499805566E-1));
#1641=CARTESIAN_POINT('',(7.479467730674E-3,1.162877214270E-4,
1.252188430875E-1));
#1642=CARTESIAN_POINT('',(7.932432582429E-3,-1.269158868549E-2,
1.245742754355E-1));
#1643=CARTESIAN_POINT('',(8.385855786590E-3,-2.537909300058E-2,
1.226204393321E-1));
#1644=CARTESIAN_POINT('',(8.838988361677E-3,-3.779187704739E-2,
1.193797956620E-1));
#1645=CARTESIAN_POINT('',(9.291981669259E-3,-4.980458766453E-2,
1.148884025482E-1));
#1646=CARTESIAN_POINT('',(9.745436302786E-3,-6.130619133048E-2,
1.091852252732E-1));
#1647=CARTESIAN_POINT('',(1.019850786982E-2,-7.215425665516E-2,
1.023402162935E-1));
#1648=CARTESIAN_POINT('',(1.065154145886E-2,-8.224483154832E-2,
9.442267956577E-2));
#1649=CARTESIAN_POINT('',(1.110500464831E-2,-9.148059433328E-2,
8.550527851142E-2));
#1650=CARTESIAN_POINT('',(1.155802703106E-2,-9.974691817225E-2,
7.569880866336E-2));
#1651=CARTESIAN_POINT('',(1.201111272543E-2,-1.069683573934E-1,
6.509712174381E-2));
#1652=CARTESIAN_POINT('',(1.246456159769E-2,-1.130712456995E-1,
5.380271125137E-2));
#1653=CARTESIAN_POINT('',(1.291754661994E-2,-1.179810659188E-1,
4.195511587193E-2));
#1654=CARTESIAN_POINT('',(1.337069624336E-2,-1.216551280146E-1,
2.966313961099E-2));
#1655=CARTESIAN_POINT('',(1.382410792615E-2,-1.240525791603E-1,
1.705226561785E-2));
#1656=CARTESIAN_POINT('',(1.427706740816E-2,-1.251459142410E-1,
4.275022039693E-3));
#1657=CARTESIAN_POINT('',(1.473029279774E-2,-1.249267620657E-1,
-8.554571241133E-3));
#1658=CARTESIAN_POINT('',(1.518364436905E-2,-1.233945138773E-1,
-2.129782120993E-2));
#1659=CARTESIAN_POINT('',(1.563659031611E-2,-1.205691919100E-1,
-3.380626272396E-2));
#1660=CARTESIAN_POINT('',(1.608990261885E-2,-1.164759320101E-1,
-4.596993369791E-2));
#1661=CARTESIAN_POINT('',(1.654317048086E-2,-1.111590681198E-1,
-5.764933173904E-2));
#1662=CARTESIAN_POINT('',(1.699612154261E-2,-1.046801228336E-1,
-6.871597251258E-2));
#1663=CARTESIAN_POINT('',(1.744950600418E-2,-9.709564926304E-2,
-7.907154688199E-2));
#1664=CARTESIAN_POINT('',(1.790269195957E-2,-8.849437689838E-2,
-8.859184040197E-2));
#1665=CARTESIAN_POINT('',(1.835566264524E-2,-7.896923956696E-2,
-9.717864870410E-2));
#1666=CARTESIAN_POINT('',(1.880909567277E-2,-6.860477283231E-2,
-1.047532998708E-1));
#1667=CARTESIAN_POINT('',(1.926221173814E-2,-5.752693538166E-2,
-1.112223513945E-1));
#1668=CARTESIAN_POINT('',(1.971521382027E-2,-4.584869123668E-2,
-1.165235721804E-1));
#1669=CARTESIAN_POINT('',(2.016867255401E-2,-3.367689060130E-2,
-1.206056676466E-1));
#1670=CARTESIAN_POINT('',(2.062173054958E-2,-2.116219249292E-2,
-1.234176560204E-1));
#1671=CARTESIAN_POINT('',(2.107477585346E-2,-8.425940783676E-3,
-1.249354271398E-1));
#1672=CARTESIAN_POINT('',(2.152823741938E-2,4.410563824152E-3,
-1.251415021709E-1));
#1673=CARTESIAN_POINT('',(2.198124916920E-2,1.718804008460E-2,
-1.240335825649E-1));
#1674=CARTESIAN_POINT('',(2.243434951929E-2,2.978775471372E-2,
-1.216246539265E-1));
#1675=CARTESIAN_POINT('',(2.288779104329E-2,4.208385018365E-2,
-1.179355081074E-1));
#1676=CARTESIAN_POINT('',(2.334076837188E-2,5.392567377801E-2,
-1.130123347328E-1));
#1677=CARTESIAN_POINT('',(2.379393559121E-2,6.520677195058E-2,
-1.069015915784E-1));
#1678=CARTESIAN_POINT('',(2.424733420477E-2,7.580823499715E-2,
-9.966408159744E-2));
#1679=CARTESIAN_POINT('',(2.470028891506E-2,8.560390376511E-2,
-9.138791615093E-2));
#1680=CARTESIAN_POINT('',(2.515353490778E-2,9.450755309529E-2,
-8.214742583249E-2));
#1681=CARTESIAN_POINT('',(2.560686743994E-2,1.024196175449E-1,
-7.204179528223E-2));
#1682=CARTESIAN_POINT('',(2.605981246285E-2,1.092505908929E-1,
-6.118910610197E-2));
#1683=CARTESIAN_POINT('',(2.651314492403E-2,1.149404315408E-1,
-4.968474984338E-2));
#1684=CARTESIAN_POINT('',(2.696639091564E-2,1.194213833592E-1,
-3.766049354138E-2));
#1685=CARTESIAN_POINT('',(2.741934554009E-2,1.226470757471E-1,
-2.524900923580E-2));
#1686=CARTESIAN_POINT('',(2.787274402139E-2,1.245877807584E-1,
-1.256018694300E-2));
#1687=CARTESIAN_POINT('',(2.832591115599E-2,1.252186150081E-1,
2.541189953370E-4));
#1688=CARTESIAN_POINT('',(2.877888831619E-2,1.245361819993E-1,
1.306039462735E-2));
#1689=CARTESIAN_POINT('',(2.923232964584E-2,1.225446330163E-1,
2.574256641513E-2));
#1690=CARTESIAN_POINT('',(2.968542982741E-2,1.192674755012E-1,
3.814482466157E-2));
#1691=CARTESIAN_POINT('',(3.013844132690E-2,1.147403945842E-1,
5.014469582099E-2));
#1692=CARTESIAN_POINT('',(3.059190263584E-2,1.090030314083E-1,
6.162951097218E-2));
#1693=CARTESIAN_POINT('',(3.104494768731E-2,1.021263442425E-1,
7.245664955072E-2));
#1694=CARTESIAN_POINT('',(3.149800535155E-2,9.417855454375E-2,
8.252429906628E-2));
#1695=CARTESIAN_POINT('',(3.195146376462E-2,8.523387862595E-2,
9.173348001415E-2));
#1696=CARTESIAN_POINT('',(3.240446551062E-2,7.540344141496E-2,
9.997039971960E-2));
#1697=CARTESIAN_POINT('',(3.285758116489E-2,6.477970456061E-2,
1.071609006291E-1));
#1698=CARTESIAN_POINT('',(3.331101380647E-2,5.346763081219E-2,
1.132300449955E-1));
#1699=CARTESIAN_POINT('',(3.376398407274E-2,4.160594811014E-2,
1.181046742252E-1));
#1700=CARTESIAN_POINT('',(3.421716953873E-2,2.930215160777E-2,
1.217425916234E-1));
#1701=CARTESIAN_POINT('',(3.467055354697E-2,1.668497582799E-2,
1.241024764560E-1));
#1702=CARTESIAN_POINT('',(3.512350410683E-2,3.904794040784E-3,
1.251580462203E-1));
#1703=CARTESIAN_POINT('',(3.557677140272E-2,-8.925295391977E-3,
1.249008275837E-1));
#1704=CARTESIAN_POINT('',(3.603008318282E-2,-2.166284115416E-2,
1.233309160320E-1));
#1705=CARTESIAN_POINT('',(3.648302854390E-2,-3.416288526702E-2,
1.204686706277E-1));
#1706=CARTESIAN_POINT('',(3.693637948412E-2,-4.631541105523E-2,
1.163389847422E-1));
#1707=CARTESIAN_POINT('',(3.738960426887E-2,-5.797789859211E-2,
1.109880130924E-1));
#1708=CARTESIAN_POINT('',(3.784256308494E-2,-6.902555732711E-2,
1.044762877431E-1));
#1709=CARTESIAN_POINT('',(3.829597407229E-2,-7.935920341333E-2,
9.686066784694E-2));
#1710=CARTESIAN_POINT('',(3.874912300592E-2,-8.885320710117E-2,
8.823191811586E-2));
#1711=CARTESIAN_POINT('',(3.920210728499E-2,-9.741209431488E-2,
7.868114352644E-2));
#1712=CARTESIAN_POINT('',(3.965555539455E-2,-1.049562261810E-1,
6.829389037736E-2));
#1713=CARTESIAN_POINT('',(4.010864031524E-2,-1.113920160072E-1,
5.719769423297E-2));
#1714=CARTESIAN_POINT('',(4.056166187961E-2,-1.166589102136E-1,
4.550330320165E-2));
#1715=CARTESIAN_POINT('',(4.101512423591E-2,-1.207049173972E-1,
3.331933071942E-2));
#1716=CARTESIAN_POINT('',(4.146815696863E-2,-1.234797134520E-1,
2.079704653335E-2));
#1717=CARTESIAN_POINT('',(4.192122764454E-2,-1.249598718149E-1,
8.055625951781E-3));
#1718=CARTESIAN_POINT('',(4.237468137017E-2,-1.251278625634E-1,
-4.781231225267E-3));
#1719=CARTESIAN_POINT('',(4.282767374257E-2,-1.239822125129E-1,
-1.755484921E-2));
#1720=CARTESIAN_POINT('',(4.328080534818E-2,-1.215358091070E-1,
-3.014826372865E-2));
#1721=CARTESIAN_POINT('',(4.373422759607E-2,-1.178103530860E-1,
-4.243285705849E-2));
#1722=CARTESIAN_POINT('',(4.418719132122E-2,-1.128523481827E-1,
-5.425974627947E-2));
#1723=CARTESIAN_POINT('',(4.464039610424E-2,-1.067076804628E-1,
-6.552363233719E-2));
#1724=CARTESIAN_POINT('',(4.509376242342E-2,-9.943925196047E-2,
-7.610285837566E-2));
#1725=CARTESIAN_POINT('',(4.554671519604E-2,-9.113423810693E-2,
-8.587395537473E-2));
#1726=CARTESIAN_POINT('',(4.584889044313E-2,-8.495599923359E-2,
-9.179177754581E-2));
#1727=CARTESIAN_POINT('',(4.599999812216E-2,-8.172317707306E-2,
-9.458499396277E-2));
#1729=CARTESIAN_POINT('',(-5.555572946827E-3,-1.114999999999E-1,
-1.054756702733E-7));
#1730=CARTESIAN_POINT('',(-5.709933086025E-3,-1.114999999999E-1,
3.893119399359E-3));
#1731=CARTESIAN_POINT('',(-6.018654358131E-3,-1.110916653287E-1,
1.167900481865E-2));
#1732=CARTESIAN_POINT('',(-6.481417136220E-3,-1.092633675697E-1,
2.322240096534E-2));
#1733=CARTESIAN_POINT('',(-6.944522558095E-3,-1.062365728364E-1,
3.451977923917E-2));
#1734=CARTESIAN_POINT('',(-7.407600571417E-3,-1.020448471421E-1,
4.543794014429E-2));
#1735=CARTESIAN_POINT('',(-7.870362818345E-3,-9.673884982305E-2,
5.585122055707E-2));
#1736=CARTESIAN_POINT('',(-8.333465496712E-3,-9.036900015133E-2,
6.566020617997E-2));
#1737=CARTESIAN_POINT('',(-8.796504527816E-3,-8.300910504312E-2,
7.474786880068E-2));
#1738=CARTESIAN_POINT('',(-9.259277411478E-3,-7.474469389990E-2,
8.301199139786E-2));
#1739=CARTESIAN_POINT('',(-9.722342118526E-3,-6.565621374625E-2,
9.037190868730E-2));
#1740=CARTESIAN_POINT('',(-1.018543476962E-2,-5.584715882417E-2,
9.674118973662E-2));
#1741=CARTESIAN_POINT('',(-1.064820038239E-2,-4.543357643512E-2,
1.020467830185E-1));
#1742=CARTESIAN_POINT('',(-1.111125729300E-2,-3.451574541678E-2,
1.062378653435E-1));
#1743=CARTESIAN_POINT('',(-1.157435177597E-2,-2.321850021241E-2,
1.092641894083E-1));
#1744=CARTESIAN_POINT('',(-1.203711387602E-2,-1.167515525325E-2,
1.110920770449E-1));
#1745=CARTESIAN_POINT('',(-1.250020009485E-2,4.179595545445E-6,
1.117041848045E-1));
#1746=CARTESIAN_POINT('',(-1.296329748467E-2,1.168375061946E-2,
1.110911832580E-1));
#1747=CARTESIAN_POINT('',(-1.342605917884E-2,2.322694109954E-2,
1.092623843039E-1));
#1748=CARTESIAN_POINT('',(-1.388914273711E-2,3.452369468089E-2,
1.062352864447E-1));
#1749=CARTESIAN_POINT('',(-1.435221445131E-2,4.544155539587E-2,
1.020432365267E-1));
#1750=CARTESIAN_POINT('',(-1.481497585391E-2,5.585463102868E-2,
9.673687736818E-2));
#1751=CARTESIAN_POINT('',(-1.527808474493E-2,6.566353993323E-2,
9.036661179818E-2));
#1752=CARTESIAN_POINT('',(-1.574115949635E-2,7.475158939022E-2,
8.300576017699E-2));
#1753=CARTESIAN_POINT('',(-1.620392109645E-2,8.301516908048E-2,
7.474119663332E-2));
#1754=CARTESIAN_POINT('',(-1.666702958641E-2,9.037533145166E-2,
6.565149611883E-2));
#1755=CARTESIAN_POINT('',(-1.713006668124E-2,9.674337594338E-2,
5.584329719487E-2));
#1756=CARTESIAN_POINT('',(-1.759283404676E-2,1.020486045486E-1,
4.542950745637E-2));
#1757=CARTESIAN_POINT('',(-1.805589987070E-2,1.062393736129E-1,
3.451121775447E-2));
#1758=CARTESIAN_POINT('',(-1.851905428652E-2,1.092654407346E-1,
2.321264996097E-2));
#1759=CARTESIAN_POINT('',(-1.898164991743E-2,1.110921236959E-1,
1.167221040641E-2));
#1760=CARTESIAN_POINT('',(-1.929024454877E-2,1.114999999778E-1,
3.892145326205E-3));
#1761=CARTESIAN_POINT('',(-1.944443973570E-2,1.114999999778E-1,
1.283390898439E-6));
#1763=DIRECTION('',(9.999999999782E-1,-1.564808790787E-11,6.595534776447E-6));
#1764=VECTOR('',#1763,5.244937118107E-3);
#1765=CARTESIAN_POINT('',(-5.555572946827E-3,-1.114999999999E-1,
-1.054756702733E-7));
#1766=LINE('',#1765,#1764);
#1767=CARTESIAN_POINT('',(-1.419955351413E-2,1.115E-1,3.431905646415E-8));
#1768=CARTESIAN_POINT('',(-1.404518771708E-2,1.115E-1,3.893188102825E-3));
#1769=CARTESIAN_POINT('',(-1.373649361057E-2,1.110916794882E-1,
1.167869920375E-2));
#1770=CARTESIAN_POINT('',(-1.327373730566E-2,1.092634812654E-1,
2.322181448715E-2));
#1771=CARTESIAN_POINT('',(-1.281064958601E-2,1.062368729848E-1,
3.451881230655E-2));
#1772=CARTESIAN_POINT('',(-1.234758052543E-2,1.020453514309E-1,
4.543679747387E-2));
#1773=CARTESIAN_POINT('',(-1.188482818390E-2,9.673958129981E-2,
5.584991087625E-2));
#1774=CARTESIAN_POINT('',(-1.142174959664E-2,9.037023958038E-2,
6.565849951339E-2));
#1775=CARTESIAN_POINT('',(-1.095869866289E-2,8.301031115117E-2,
7.474651483220E-2));
#1776=CARTESIAN_POINT('',(-1.049594830834E-2,7.474647080997E-2,
8.301040626505E-2));
#1777=CARTESIAN_POINT('',(-1.003284489945E-2,6.565735731649E-2,
9.037108776370E-2));
#1778=CARTESIAN_POINT('',(-9.569790713389E-3,5.584919910082E-2,
9.673996198169E-2));
#1779=CARTESIAN_POINT('',(-9.107037634508E-3,4.543605449334E-2,
1.020457126218E-1));
#1780=CARTESIAN_POINT('',(-8.643944107035E-3,3.451743138615E-2,
1.062373025176E-1));
#1781=CARTESIAN_POINT('',(-8.180913828753E-3,2.322181665033E-2,
1.092634373845E-1));
#1782=CARTESIAN_POINT('',(-7.718157626727E-3,1.167868985626E-2,
1.110917191312E-1));
#1783=CARTESIAN_POINT('',(-7.255076712327E-3,-4.901166782709E-7,
1.117041462540E-1));
#1784=CARTESIAN_POINT('',(-6.792033992525E-3,-1.167870590577E-2,
1.110916958497E-1));
#1785=CARTESIAN_POINT('',(-6.329270156520E-3,-2.322202185297E-2,
1.092633991549E-1));
#1786=CARTESIAN_POINT('',(-5.866250342185E-3,-3.451737894934E-2,
1.062373119945E-1));
#1787=CARTESIAN_POINT('',(-5.403154089159E-3,-4.543607020561E-2,
1.020457093153E-1));
#1788=CARTESIAN_POINT('',(-4.940401848281E-3,-5.584919551813E-2,
9.673996268978E-2));
#1789=CARTESIAN_POINT('',(-4.477347292072E-3,-6.565736328368E-2,
9.037108399520E-2));
#1790=CARTESIAN_POINT('',(-4.014244230515E-3,-7.474647080573E-2,
8.301040589556E-2));
#1791=CARTESIAN_POINT('',(-3.551493901117E-3,-8.301031228329E-2,
7.474651370158E-2));
#1792=CARTESIAN_POINT('',(-3.088443098642E-3,-9.037023999367E-2,
6.565849892182E-2));
#1793=CARTESIAN_POINT('',(-2.625364579E-3,-9.673958199300E-2,
5.584990958553E-2));
#1794=CARTESIAN_POINT('',(-2.162612440241E-3,-1.020453514727E-1,
4.543679763745E-2));
#1795=CARTESIAN_POINT('',(-1.699543118761E-3,-1.062368755060E-1,
3.451880534796E-2));
#1796=CARTESIAN_POINT('',(-1.236456303019E-3,-1.092634791205E-1,
2.322181759297E-2));
#1797=CARTESIAN_POINT('',(-7.736981075763E-4,-1.110916875571E-1,
1.167868428008E-2));
#1798=CARTESIAN_POINT('',(-4.650026896015E-4,-1.114999999999E-1,
3.893055345605E-3));
#1799=CARTESIAN_POINT('',(-3.106358288344E-4,-1.114999999999E-1,
-7.088250511056E-8));
#1801=DIRECTION('',(9.999999716422E-1,4.221695990224E-9,-2.381504104736E-4));
#1802=VECTOR('',#1801,5.244886370305E-3);
#1803=CARTESIAN_POINT('',(-1.944443973570E-2,1.114999999778E-1,
1.283390898439E-6));
#1804=LINE('',#1803,#1802);
#1805=CARTESIAN_POINT('',(-1.944443973570E-2,1.114999999778E-1,
1.283390898439E-6));
#1806=CARTESIAN_POINT('',(-1.959856880671E-2,1.114999999778E-1,
-3.887910217759E-3));
#1807=CARTESIAN_POINT('',(-1.990721686832E-2,1.110925075677E-1,
-1.166933380206E-2));
#1808=CARTESIAN_POINT('',(-2.036977152198E-2,1.092662257062E-1,
-2.320880862825E-2));
#1809=CARTESIAN_POINT('',(-2.083296744728E-2,1.062403041572E-1,
-3.450849291330E-2));
#1810=CARTESIAN_POINT('',(-2.129603845466E-2,1.020497021924E-1,
-4.542699339582E-2));
#1811=CARTESIAN_POINT('',(-2.175880057797E-2,9.674484381256E-2,
-5.584082714635E-2));
#1812=CARTESIAN_POINT('',(-2.222189498091E-2,9.037617758444E-2,
-6.565035112033E-2));
#1813=CARTESIAN_POINT('',(-2.268496438418E-2,8.301675386707E-2,
-7.473938519238E-2));
#1814=CARTESIAN_POINT('',(-2.314773096431E-2,7.475330636648E-2,
-8.300426273207E-2));
#1815=CARTESIAN_POINT('',(-2.361084275687E-2,6.566462213802E-2,
-9.036582631959E-2));
#1816=CARTESIAN_POINT('',(-2.407391955837E-2,5.585647469193E-2,
-9.673578389861E-2));
#1817=CARTESIAN_POINT('',(-2.453668777536E-2,4.544336460266E-2,
-1.020424680891E-1));
#1818=CARTESIAN_POINT('',(-2.499979060545E-2,3.452480868299E-2,
-1.062349139281E-1));
#1819=CARTESIAN_POINT('',(-2.546283559868E-2,2.322903190767E-2,
-1.092619272619E-1));
#1820=CARTESIAN_POINT('',(-2.592561272071E-2,1.168548745048E-2,
-1.110909998200E-1));
#1821=CARTESIAN_POINT('',(-2.638868258957E-2,6.612007576582E-6,
-1.117041692583E-1));
#1822=CARTESIAN_POINT('',(-2.685178096048E-2,-1.167305141685E-2,
-1.110923220167E-1));
#1823=CARTESIAN_POINT('',(-2.731455134062E-2,-2.321663565018E-2,
-1.092645607811E-1));
#1824=CARTESIAN_POINT('',(-2.777760945838E-2,-3.451307341179E-2,
-1.062387346499E-1));
#1825=CARTESIAN_POINT('',(-2.824070781451E-2,-4.543198822997E-2,
-1.020475284414E-1));
#1826=CARTESIAN_POINT('',(-2.870347674732E-2,-5.584571056570E-2,
-9.674200135118E-2));
#1827=CARTESIAN_POINT('',(-2.916655434669E-2,-6.565458467129E-2,
-9.037311837260E-2));
#1828=CARTESIAN_POINT('',(-2.962966457020E-2,-7.474405996776E-2,
-8.301258782455E-2));
#1829=CARTESIAN_POINT('',(-3.009243156850E-2,-8.300844035840E-2,
-7.474862178160E-2));
#1830=CARTESIAN_POINT('',(-3.055550247815E-2,-9.036889905703E-2,
-6.566036672590E-2));
#1831=CARTESIAN_POINT('',(-3.101859108465E-2,-9.673857442110E-2,
-5.585167579834E-2));
#1832=CARTESIAN_POINT('',(-3.148135939247E-2,-1.020447122406E-1,
-4.543827539201E-2));
#1833=CARTESIAN_POINT('',(-3.194444689920E-2,-1.062365331005E-1,
-3.451990265005E-2));
#1834=CARTESIAN_POINT('',(-3.240754414516E-2,-1.092633165369E-1,
-2.322263345633E-2));
#1835=CARTESIAN_POINT('',(-3.287032626751E-2,-1.110916743660E-1,
-1.167905626554E-2));
#1836=CARTESIAN_POINT('',(-3.317902405542E-2,-1.114999999992E-1,
-3.892967420135E-3));
#1837=CARTESIAN_POINT('',(-3.333340478103E-2,-1.114999999992E-1,
2.458612252694E-7));
#1839=CARTESIAN_POINT('',(-2.808848429046E-2,-1.114999999990E-1,
2.782989464082E-7));
#1840=CARTESIAN_POINT('',(-2.793413994135E-2,-1.114999999990E-1,
-3.892811552142E-3));
#1841=CARTESIAN_POINT('',(-2.762540275150E-2,-1.110916957772E-1,
-1.167871210514E-2));
#1842=CARTESIAN_POINT('',(-2.716265710803E-2,-1.092634762873E-1,
-2.322183916203E-2));
#1843=CARTESIAN_POINT('',(-2.669955831994E-2,-1.062368064164E-1,
-3.451903095393E-2));
#1844=CARTESIAN_POINT('',(-2.623649430723E-2,-1.020452954413E-1,
-4.543690534427E-2));
#1845=CARTESIAN_POINT('',(-2.577374276803E-2,-9.673954291694E-2,
-5.584999945905E-2));
#1846=CARTESIAN_POINT('',(-2.531064955470E-2,-9.036996495828E-2,
-6.565887588778E-2));
#1847=CARTESIAN_POINT('',(-2.484761356963E-2,-8.301024618584E-2,
-7.474657491927E-2));
#1848=CARTESIAN_POINT('',(-2.438485983949E-2,-7.474634432250E-2,
-8.301052360425E-2));
#1849=CARTESIAN_POINT('',(-2.392176581250E-2,-6.565739991781E-2,
-9.037103402525E-2));
#1850=CARTESIAN_POINT('',(-2.345872588177E-2,-5.584957155065E-2,
-9.673975709106E-2));
#1851=CARTESIAN_POINT('',(-2.299596389082E-2,-4.543622841609E-2,
-1.020456008116E-1));
#1852=CARTESIAN_POINT('',(-2.253292433047E-2,-3.451891970835E-2,
-1.062368164116E-1));
#1853=CARTESIAN_POINT('',(-2.206984271063E-2,-2.322209067252E-2,
-1.092634137492E-1));
#1854=CARTESIAN_POINT('',(-2.160709409385E-2,-1.167914949187E-2,
-1.110916527853E-1));
#1855=CARTESIAN_POINT('',(-2.114400855076E-2,1.411752522653E-7,
-1.117041765292E-1));
#1856=CARTESIAN_POINT('',(-2.068093148578E-2,1.167921774394E-2,
-1.110916410976E-1));
#1857=CARTESIAN_POINT('',(-2.021818094436E-2,2.322220449371E-2,
-1.092633901566E-1));
#1858=CARTESIAN_POINT('',(-1.975509775004E-2,3.451907362612E-2,
-1.062367784788E-1));
#1859=CARTESIAN_POINT('',(-1.929204703801E-2,4.543662181013E-2,
-1.020454112832E-1));
#1860=CARTESIAN_POINT('',(-1.882929774453E-2,5.584969341956E-2,
-9.673972972087E-2));
#1861=CARTESIAN_POINT('',(-1.836618563194E-2,6.565898219730E-2,
-9.036991097346E-2));
#1862=CARTESIAN_POINT('',(-1.790313613331E-2,7.474691689191E-2,
-8.300994025551E-2));
#1863=CARTESIAN_POINT('',(-1.744038349377E-2,8.301081833240E-2,
-7.474602922562E-2));
#1864=CARTESIAN_POINT('',(-1.697727489843E-2,9.037150512236E-2,
-6.565675394681E-2));
#1865=CARTESIAN_POINT('',(-1.651425541719E-2,9.673987161513E-2,
-5.584931355203E-2));
#1866=CARTESIAN_POINT('',(-1.605150047113E-2,1.020456857256E-1,
-4.543614983335E-2));
#1867=CARTESIAN_POINT('',(-1.558839609812E-2,1.062373531444E-1,
-3.451726646526E-2));
#1868=CARTESIAN_POINT('',(-1.512537227106E-2,1.092634499654E-1,
-2.322180178353E-2));
#1869=CARTESIAN_POINT('',(-1.466260410691E-2,1.110917274645E-1,
-1.167840006644E-2));
#1870=CARTESIAN_POINT('',(-1.435391568836E-2,1.115E-1,-3.893028095817E-3));
#1871=CARTESIAN_POINT('',(-1.419955351413E-2,1.115E-1,3.431905646415E-8));
#1873=CARTESIAN_POINT('',(-3.333340478103E-2,-1.114999999992E-1,
2.458612252694E-7));
#1874=CARTESIAN_POINT('',(-3.348778187887E-2,-1.114999999992E-1,
3.893367656694E-3));
#1875=CARTESIAN_POINT('',(-3.379643922656E-2,-1.110917025348E-1,
1.167843789079E-2));
#1876=CARTESIAN_POINT('',(-3.425921005867E-2,-1.092634762271E-1,
2.322174031551E-2));
#1877=CARTESIAN_POINT('',(-3.472224954178E-2,-1.062372360453E-1,
3.451764851282E-2));
#1878=CARTESIAN_POINT('',(-3.518534643623E-2,-1.020455887381E-1,
4.543634239815E-2));
#1879=CARTESIAN_POINT('',(-3.564809908913E-2,-9.673979147171E-2,
5.584947558010E-2));
#1880=CARTESIAN_POINT('',(-3.611113277273E-2,-9.037117710768E-2,
6.565720469231E-2));
#1881=CARTESIAN_POINT('',(-3.657422452587E-2,-8.301070675860E-2,
7.474613402531E-2));
#1882=CARTESIAN_POINT('',(-3.703697640421E-2,-7.474680917373E-2,
8.301004989109E-2));
#1883=CARTESIAN_POINT('',(-3.750003338038E-2,-6.565868656047E-2,
9.037012227159E-2));
#1884=CARTESIAN_POINT('',(-3.796313279673E-2,-5.584963414984E-2,
9.673975540094E-2));
#1885=CARTESIAN_POINT('',(-3.842588262850E-2,-4.543653301598E-2,
1.020454560851E-1));
#1886=CARTESIAN_POINT('',(-3.888893433066E-2,-3.451893296262E-2,
1.062368207507E-1));
#1887=CARTESIAN_POINT('',(-3.935201079209E-2,-2.322220442288E-2,
1.092633879614E-1));
#1888=CARTESIAN_POINT('',(-3.981476166355E-2,-1.167918688932E-2,
1.110916441226E-1));
#1889=CARTESIAN_POINT('',(-4.027783411032E-2,-2.030948433322E-7,
1.117041730969E-1));
#1890=CARTESIAN_POINT('',(-4.074091832945E-2,1.167907934014E-2,
1.110916634893E-1));
#1891=CARTESIAN_POINT('',(-4.120366747194E-2,2.322205637535E-2,
1.092634139764E-1));
#1892=CARTESIAN_POINT('',(-4.166673766226E-2,3.451863803267E-2,
1.062369087370E-1));
#1893=CARTESIAN_POINT('',(-4.212978648961E-2,4.543619526731E-2,
1.020456192874E-1));
#1894=CARTESIAN_POINT('',(-4.259254415622E-2,5.584946977907E-2,
9.673982062566E-2));
#1895=CARTESIAN_POINT('',(-4.305559682665E-2,6.565758880943E-2,
9.037090651951E-2));
#1896=CARTESIAN_POINT('',(-4.351868692658E-2,7.474645552767E-2,
8.301041429277E-2));
#1897=CARTESIAN_POINT('',(-4.398143834789E-2,8.301033626659E-2,
7.474648795154E-2));
#1898=CARTESIAN_POINT('',(-4.444448486126E-2,9.037021056160E-2,
6.565853663731E-2));
#1899=CARTESIAN_POINT('',(-4.490756400514E-2,9.673958003514E-2,
5.584991619618E-2));
#1900=CARTESIAN_POINT('',(-4.537031499014E-2,1.020453462247E-1,
4.543680711282E-2));
#1901=CARTESIAN_POINT('',(-4.583338259989E-2,1.062368680444E-1,
3.451882913783E-2));
#1902=CARTESIAN_POINT('',(-4.629646981408E-2,1.092634801214E-1,
2.322181788603E-2));
#1903=CARTESIAN_POINT('',(-4.675922472455E-2,1.110916831281E-1,
1.167869642575E-2));
#1904=CARTESIAN_POINT('',(-4.706792173862E-2,1.115E-1,3.893118776112E-3));
#1905=CARTESIAN_POINT('',(-4.722228585296E-2,1.115E-1,-2.192748463788E-8));
#1907=DIRECTION('',(9.999999999809E-1,4.361316379211E-11,6.184597306381E-6));
#1908=VECTOR('',#1907,5.244920490670E-3);
#1909=CARTESIAN_POINT('',(-3.333340478103E-2,-1.114999999992E-1,
2.458612252694E-7));
#1910=LINE('',#1909,#1908);
#1911=CARTESIAN_POINT('',(-4.197738494298E-2,1.114999999999E-1,
8.196479226312E-8));
#1912=CARTESIAN_POINT('',(-4.182301621196E-2,1.114999999999E-1,
3.893239003584E-3));
#1913=CARTESIAN_POINT('',(-4.151433037948E-2,1.110916844031E-1,
1.167865218533E-2));
#1914=CARTESIAN_POINT('',(-4.105157013935E-2,1.092634720223E-1,
2.322182698364E-2));
#1915=CARTESIAN_POINT('',(-4.058850088026E-2,1.062369935707E-1,
3.451839281974E-2));
#1916=CARTESIAN_POINT('',(-4.012543295424E-2,1.020455543031E-1,
4.543638249925E-2));
#1917=CARTESIAN_POINT('',(-3.966267321787E-2,9.673968759823E-2,
5.584965811847E-2));
#1918=CARTESIAN_POINT('',(-3.919965118653E-2,9.037122926550E-2,
6.565712342002E-2));
#1919=CARTESIAN_POINT('',(-3.873655315843E-2,8.301067942043E-2,
7.474617001551E-2));
#1920=CARTESIAN_POINT('',(-3.827380257853E-2,7.474681145243E-2,
8.301004819228E-2));
#1921=CARTESIAN_POINT('',(-3.781074023171E-2,6.565859460688E-2,
9.037019228366E-2));
#1922=CARTESIAN_POINT('',(-3.734764212990E-2,5.584957603697E-2,
9.673978485332E-2));
#1923=CARTESIAN_POINT('',(-3.688489221795E-2,4.543649016266E-2,
1.020454802949E-1));
#1924=CARTESIAN_POINT('',(-3.642183254976E-2,3.451871342207E-2,
1.062368944035E-1));
#1925=CARTESIAN_POINT('',(-3.595875992167E-2,2.322209047504E-2,
1.092634054231E-1));
#1926=CARTESIAN_POINT('',(-3.549600971050E-2,1.167910952850E-2,
1.110916606049E-1));
#1927=CARTESIAN_POINT('',(-3.503292428842E-2,-1.823682336281E-7,
1.117041747312E-1));
#1928=CARTESIAN_POINT('',(-3.456984905710E-2,-1.167921496334E-2,
1.110916404700E-1));
#1929=CARTESIAN_POINT('',(-3.410709849642E-2,-2.322220555952E-2,
1.092633911923E-1));
#1930=CARTESIAN_POINT('',(-3.364401584032E-2,-3.451906176478E-2,
1.062367771696E-1));
#1931=CARTESIAN_POINT('',(-3.318097005063E-2,-4.543650314140E-2,
1.020454691127E-1));
#1932=CARTESIAN_POINT('',(-3.271821594360E-2,-5.584967914359E-2,
9.673972269622E-2));
#1933=CARTESIAN_POINT('',(-3.225513505158E-2,-6.565832570166E-2,
9.037036174129E-2));
#1934=CARTESIAN_POINT('',(-3.179208154357E-2,-7.474642149098E-2,
8.301042242215E-2));
#1935=CARTESIAN_POINT('',(-3.132932018005E-2,-8.301046342745E-2,
7.474634478724E-2));
#1936=CARTESIAN_POINT('',(-3.086629278943E-2,-9.037001822496E-2,
6.565878768051E-2));
#1937=CARTESIAN_POINT('',(-3.040320146459E-2,-9.673957046624E-2,
5.584995224166E-2));
#1938=CARTESIAN_POINT('',(-2.994045055073E-2,-1.020453131113E-1,
4.543686868264E-2));
#1939=CARTESIAN_POINT('',(-2.947738474181E-2,-1.062368310545E-1,
3.451894886506E-2));
#1940=CARTESIAN_POINT('',(-2.901428837098E-2,-1.092634869467E-1,
2.322181368120E-2));
#1941=CARTESIAN_POINT('',(-2.855154580630E-2,-1.110916570423E-1,
1.167876183356E-2));
#1942=CARTESIAN_POINT('',(-2.824283405428E-2,-1.114999999990E-1,
3.893504727851E-3));
#1943=CARTESIAN_POINT('',(-2.808848429046E-2,-1.114999999990E-1,
2.782989464082E-7));
#1945=DIRECTION('',(9.999999998038E-1,-1.600010835242E-11,1.980824398091E-5));
#1946=VECTOR('',#1945,5.244900911011E-3);
#1947=CARTESIAN_POINT('',(-4.722228585296E-2,1.115E-1,-2.192748463788E-8));
#1948=LINE('',#1947,#1946);
#1949=CARTESIAN_POINT('',(1.85E-1,0.E0,0.E0));
#1950=DIRECTION('',(-1.E0,0.E0,0.E0));
#1951=DIRECTION('',(0.E0,1.E0,0.E0));
#1952=AXIS2_PLACEMENT_3D('',#1949,#1950,#1951);
#1954=DIRECTION('',(-1.E0,0.E0,0.E0));
#1955=VECTOR('',#1954,1.E-2);
#1956=CARTESIAN_POINT('',(1.85E-1,6.25E-2,-1.082531754731E-1));
#1957=LINE('',#1956,#1955);
#1958=DIRECTION('',(-1.E0,0.E0,0.E0));
#1959=VECTOR('',#1958,1.E-2);
#1960=CARTESIAN_POINT('',(1.85E-1,-6.25E-2,-1.082531754731E-1));
#1961=LINE('',#1960,#1959);
#1962=CARTESIAN_POINT('',(1.85E-1,0.E0,0.E0));
#1963=DIRECTION('',(-1.E0,0.E0,0.E0));
#1964=DIRECTION('',(0.E0,-5.E-1,-8.660254037844E-1));
#1965=AXIS2_PLACEMENT_3D('',#1962,#1963,#1964);
#1967=CARTESIAN_POINT('',(1.85E-1,0.E0,0.E0));
#1968=DIRECTION('',(-1.E0,0.E0,0.E0));
#1969=DIRECTION('',(0.E0,-1.E0,0.E0));
#1970=AXIS2_PLACEMENT_3D('',#1967,#1968,#1969);
#1972=DIRECTION('',(1.E0,0.E0,0.E0));
#1973=VECTOR('',#1972,5.5E-2);
#1974=CARTESIAN_POINT('',(1.85E-1,1.25E-1,0.E0));
#1975=LINE('',#1974,#1973);
#1976=DIRECTION('',(1.E0,0.E0,0.E0));
#1977=VECTOR('',#1976,5.5E-2);
#1978=CARTESIAN_POINT('',(1.85E-1,-1.25E-1,0.E0));
#1979=LINE('',#1978,#1977);
#1980=CARTESIAN_POINT('',(2.6E-1,0.E0,0.E0));
#1981=DIRECTION('',(1.E0,0.E0,0.E0));
#1982=DIRECTION('',(0.E0,1.E0,0.E0));
#1983=AXIS2_PLACEMENT_3D('',#1980,#1981,#1982);
#1985=CARTESIAN_POINT('',(2.6E-1,0.E0,0.E0));
#1986=DIRECTION('',(1.E0,0.E0,0.E0));
#1987=DIRECTION('',(0.E0,0.E0,1.E0));
#1988=AXIS2_PLACEMENT_3D('',#1985,#1986,#1987);
#1990=DIRECTION('',(5.421268698221E-1,-8.402966482242E-1,0.E0));
#1991=VECTOR('',#1990,3.689173349139E-2);
#1992=CARTESIAN_POINT('',(2.4E-1,-1.25E-1,0.E0));
#1993=LINE('',#1992,#1991);
#1994=CARTESIAN_POINT('',(2.4E-1,0.E0,0.E0));
#1995=DIRECTION('',(1.E0,0.E0,0.E0));
#1996=DIRECTION('',(0.E0,1.E0,0.E0));
#1997=AXIS2_PLACEMENT_3D('',#1994,#1995,#1996);
#1999=DIRECTION('',(5.421268698221E-1,8.402966482242E-1,0.E0));
#2000=VECTOR('',#1999,3.689173349139E-2);
#2001=CARTESIAN_POINT('',(2.4E-1,1.25E-1,0.E0));
#2002=LINE('',#2001,#2000);
#2003=CARTESIAN_POINT('',(3.98E-1,0.E0,0.E0));
#2004=DIRECTION('',(1.E0,0.E0,0.E0));
#2005=DIRECTION('',(0.E0,0.E0,-1.E0));
#2006=AXIS2_PLACEMENT_3D('',#2003,#2004,#2005);
#2008=DIRECTION('',(1.E0,0.E0,0.E0));
#2009=VECTOR('',#2008,1.38E-1);
#2010=CARTESIAN_POINT('',(2.6E-1,0.E0,-1.56E-1));
#2011=LINE('',#2010,#2009);
#2012=CARTESIAN_POINT('',(3.98E-1,0.E0,0.E0));
#2013=DIRECTION('',(1.E0,0.E0,0.E0));
#2014=DIRECTION('',(0.E0,0.E0,-1.E0));
#2015=AXIS2_PLACEMENT_3D('',#2012,#2013,#2014);
#2017=CARTESIAN_POINT('',(3.98E-1,0.E0,0.E0));
#2018=DIRECTION('',(1.E0,0.E0,0.E0));
#2019=DIRECTION('',(0.E0,0.E0,1.E0));
#2020=AXIS2_PLACEMENT_3D('',#2017,#2018,#2019);
#2022=CARTESIAN_POINT('',(3.98E-1,0.E0,0.E0));
#2023=DIRECTION('',(1.E0,0.E0,0.E0));
#2024=DIRECTION('',(0.E0,0.E0,1.E0));
#2025=AXIS2_PLACEMENT_3D('',#2022,#2023,#2024);
#2027=DIRECTION('',(1.E0,0.E0,0.E0));
#2028=VECTOR('',#2027,1.38E-1);
#2029=CARTESIAN_POINT('',(2.6E-1,0.E0,1.56E-1));
#2030=LINE('',#2029,#2028);
#2031=CARTESIAN_POINT('',(2.6E-1,0.E0,0.E0));
#2032=DIRECTION('',(1.E0,0.E0,0.E0));
#2033=DIRECTION('',(0.E0,0.E0,-1.E0));
#2034=AXIS2_PLACEMENT_3D('',#2031,#2032,#2033);
#2036=CARTESIAN_POINT('',(2.4E-1,0.E0,0.E0));
#2037=DIRECTION('',(-1.E0,0.E0,0.E0));
#2038=DIRECTION('',(0.E0,1.E0,0.E0));
#2039=AXIS2_PLACEMENT_3D('',#2036,#2037,#2038);
#2041=CARTESIAN_POINT('',(2.6E-1,0.E0,0.E0));
#2042=DIRECTION('',(1.E0,0.E0,0.E0));
#2043=DIRECTION('',(0.E0,-1.E0,0.E0));
#2044=AXIS2_PLACEMENT_3D('',#2041,#2042,#2043);
#2046=DIRECTION('',(1.E0,0.E0,0.E0));
#2047=VECTOR('',#2046,5.1E-1);
#2048=CARTESIAN_POINT('',(3.98E-1,0.E0,-1.48E-1));
#2049=LINE('',#2048,#2047);
#2050=DIRECTION('',(1.E0,0.E0,0.E0));
#2051=VECTOR('',#2050,5.1E-1);
#2052=CARTESIAN_POINT('',(3.98E-1,0.E0,1.48E-1));
#2053=LINE('',#2052,#2051);
#2054=CARTESIAN_POINT('',(9.08E-1,0.E0,0.E0));
#2055=DIRECTION('',(1.E0,0.E0,0.E0));
#2056=DIRECTION('',(0.E0,0.E0,-1.E0));
#2057=AXIS2_PLACEMENT_3D('',#2054,#2055,#2056);
#2059=CARTESIAN_POINT('',(9.08E-1,0.E0,0.E0));
#2060=DIRECTION('',(1.E0,0.E0,0.E0));
#2061=DIRECTION('',(0.E0,0.E0,1.E0));
#2062=AXIS2_PLACEMENT_3D('',#2059,#2060,#2061);
#2064=CARTESIAN_POINT('',(9.08E-1,0.E0,0.E0));
#2065=DIRECTION('',(-1.E0,0.E0,0.E0));
#2066=DIRECTION('',(0.E0,1.E0,0.E0));
#2067=AXIS2_PLACEMENT_3D('',#2064,#2065,#2066);
#2069=CARTESIAN_POINT('',(9.08E-1,0.E0,0.E0));
#2070=DIRECTION('',(1.E0,0.E0,0.E0));
#2071=DIRECTION('',(0.E0,1.E0,0.E0));
#2072=AXIS2_PLACEMENT_3D('',#2069,#2070,#2071);
#2074=DIRECTION('',(1.E0,0.E0,0.E0));
#2075=VECTOR('',#2074,2.E-2);
#2076=CARTESIAN_POINT('',(8.88E-1,1.295E-1,0.E0));
#2077=LINE('',#2076,#2075);
#2078=DIRECTION('',(1.E0,0.E0,0.E0));
#2079=VECTOR('',#2078,2.E-2);
#2080=CARTESIAN_POINT('',(8.88E-1,-1.295E-1,0.E0));
#2081=LINE('',#2080,#2079);
#2082=CARTESIAN_POINT('',(8.88E-1,0.E0,0.E0));
#2083=DIRECTION('',(-1.E0,0.E0,0.E0));
#2084=DIRECTION('',(0.E0,1.E0,0.E0));
#2085=AXIS2_PLACEMENT_3D('',#2082,#2083,#2084);
#2087=CARTESIAN_POINT('',(8.88E-1,0.E0,0.E0));
#2088=DIRECTION('',(1.E0,0.E0,0.E0));
#2089=DIRECTION('',(0.E0,1.E0,0.E0));
#2090=AXIS2_PLACEMENT_3D('',#2087,#2088,#2089);
#2092=CARTESIAN_POINT('',(8.88E-1,0.E0,0.E0));
#2093=DIRECTION('',(-1.E0,0.E0,0.E0));
#2094=DIRECTION('',(0.E0,-1.E0,0.E0));
#2095=AXIS2_PLACEMENT_3D('',#2092,#2093,#2094);
#2097=CARTESIAN_POINT('',(8.88E-1,0.E0,0.E0));
#2098=DIRECTION('',(-1.E0,0.E0,0.E0));
#2099=DIRECTION('',(0.E0,1.E0,0.E0));
#2100=AXIS2_PLACEMENT_3D('',#2097,#2098,#2099);
#2102=CARTESIAN_POINT('',(6.20275E-1,0.E0,0.E0));
#2103=DIRECTION('',(-1.E0,0.E0,0.E0));
#2104=DIRECTION('',(0.E0,-1.E0,0.E0));
#2105=AXIS2_PLACEMENT_3D('',#2102,#2103,#2104);
#2107=DIRECTION('',(-1.E0,0.E0,0.E0));
#2108=VECTOR('',#2107,2.67725E-1);
#2109=CARTESIAN_POINT('',(8.88E-1,-1.305E-1,0.E0));
#2110=LINE('',#2109,#2108);
#2111=CARTESIAN_POINT('',(6.20275E-1,0.E0,0.E0));
#2112=DIRECTION('',(-1.E0,0.E0,0.E0));
#2113=DIRECTION('',(0.E0,1.E0,0.E0));
#2114=AXIS2_PLACEMENT_3D('',#2111,#2112,#2113);
#2116=DIRECTION('',(-1.E0,0.E0,0.E0));
#2117=VECTOR('',#2116,2.67725E-1);
#2118=CARTESIAN_POINT('',(8.88E-1,1.305E-1,0.E0));
#2119=LINE('',#2118,#2117);
#2120=CARTESIAN_POINT('',(6.20275E-1,0.E0,0.E0));
#2121=DIRECTION('',(-1.E0,0.E0,0.E0));
#2122=DIRECTION('',(0.E0,1.E0,0.E0));
#2123=AXIS2_PLACEMENT_3D('',#2120,#2121,#2122);
#2125=CARTESIAN_POINT('',(6.20275E-1,0.E0,0.E0));
#2126=DIRECTION('',(-1.E0,0.E0,0.E0));
#2127=DIRECTION('',(0.E0,-1.E0,0.E0));
#2128=AXIS2_PLACEMENT_3D('',#2125,#2126,#2127);
#2130=DIRECTION('',(1.E0,0.E0,0.E0));
#2131=VECTOR('',#2130,1.285128387082E-1);
#2132=CARTESIAN_POINT('',(6.20275E-1,1.1E-1,0.E0));
#2133=LINE('',#2132,#2131);
#2134=DIRECTION('',(1.E0,0.E0,0.E0));
#2135=VECTOR('',#2134,1.285128387082E-1);
#2136=CARTESIAN_POINT('',(6.20275E-1,-1.1E-1,0.E0));
#2137=LINE('',#2136,#2135);
#2138=DIRECTION('',(9.396926207859E-1,3.420201433257E-1,0.E0));
#2139=VECTOR('',#2138,4.385706600245E-2);
#2140=CARTESIAN_POINT('',(7.487878387082E-1,-1.1E-1,0.E0));
#2141=LINE('',#2140,#2139);
#2142=CARTESIAN_POINT('',(7.487878387082E-1,0.E0,0.E0));
#2143=DIRECTION('',(1.E0,0.E0,0.E0));
#2144=DIRECTION('',(0.E0,1.E0,0.E0));
#2145=AXIS2_PLACEMENT_3D('',#2142,#2143,#2144);
#2147=DIRECTION('',(9.396926207859E-1,-3.420201433257E-1,0.E0));
#2148=VECTOR('',#2147,4.385706600245E-2);
#2149=CARTESIAN_POINT('',(7.487878387082E-1,1.1E-1,0.E0));
#2150=LINE('',#2149,#2148);
#2151=CARTESIAN_POINT('',(7.9E-1,0.E0,0.E0));
#2152=DIRECTION('',(-1.E0,0.E0,0.E0));
#2153=DIRECTION('',(0.E0,1.E0,0.E0));
#2154=AXIS2_PLACEMENT_3D('',#2151,#2152,#2153);
#2156=CARTESIAN_POINT('',(7.9E-1,0.E0,0.E0));
#2157=DIRECTION('',(-1.E0,0.E0,0.E0));
#2158=DIRECTION('',(0.E0,-1.E0,0.E0));
#2159=AXIS2_PLACEMENT_3D('',#2156,#2157,#2158);
#2161=CARTESIAN_POINT('',(7.9E-1,0.E0,0.E0));
#2162=DIRECTION('',(-1.E0,0.E0,0.E0));
#2163=DIRECTION('',(0.E0,1.E0,0.E0));
#2164=AXIS2_PLACEMENT_3D('',#2161,#2162,#2163);
#2166=CARTESIAN_POINT('',(7.9E-1,0.E0,0.E0));
#2167=DIRECTION('',(-1.E0,0.E0,0.E0));
#2168=DIRECTION('',(0.E0,-1.E0,0.E0));
#2169=AXIS2_PLACEMENT_3D('',#2166,#2167,#2168);
#2171=CARTESIAN_POINT('',(7.487878387082E-1,0.E0,0.E0));
#2172=DIRECTION('',(-1.E0,0.E0,0.E0));
#2173=DIRECTION('',(0.E0,1.E0,0.E0));
#2174=AXIS2_PLACEMENT_3D('',#2171,#2172,#2173);
#2176=CARTESIAN_POINT('',(6.202745060047E-1,0.E0,0.E0));
#2177=DIRECTION('',(-1.E0,0.E0,0.E0));
#2178=DIRECTION('',(0.E0,1.E0,0.E0));
#2179=AXIS2_PLACEMENT_3D('',#2176,#2177,#2178);
#2181=CARTESIAN_POINT('',(6.202745060047E-1,0.E0,0.E0));
#2182=DIRECTION('',(-1.E0,0.E0,0.E0));
#2183=DIRECTION('',(0.E0,-1.E0,0.E0));
#2184=AXIS2_PLACEMENT_3D('',#2181,#2182,#2183);
#2186=DIRECTION('',(-1.E0,0.E0,0.E0));
#2187=VECTOR('',#2186,1.697254939953E-1);
#2188=CARTESIAN_POINT('',(7.9E-1,-8.3E-2,0.E0));
#2189=LINE('',#2188,#2187);
#2190=DIRECTION('',(-1.E0,0.E0,0.E0));
#2191=VECTOR('',#2190,1.697254939953E-1);
#2192=CARTESIAN_POINT('',(7.9E-1,8.3E-2,0.E0));
#2193=LINE('',#2192,#2191);
#2194=CARTESIAN_POINT('',(6.4E-2,0.E0,0.E0));
#2195=DIRECTION('',(-1.E0,0.E0,0.E0));
#2196=DIRECTION('',(0.E0,-1.E0,0.E0));
#2197=AXIS2_PLACEMENT_3D('',#2194,#2195,#2196);
#2199=DIRECTION('',(1.E0,0.E0,0.E0));
#2200=VECTOR('',#2199,6.4E-2);
#2201=CARTESIAN_POINT('',(0.E0,-9.E-2,0.E0));
#2202=LINE('',#2201,#2200);
#2203=DIRECTION('',(1.E0,0.E0,0.E0));
#2204=VECTOR('',#2203,6.4E-2);
#2205=CARTESIAN_POINT('',(0.E0,9.E-2,0.E0));
#2206=LINE('',#2205,#2204);
#2207=DIRECTION('',(1.E0,0.E0,0.E0));
#2208=VECTOR('',#2207,7.581346652053E-2);
#2209=CARTESIAN_POINT('',(-7.581346652053E-2,0.E0,-1.8E-2));
#2210=LINE('',#2209,#2208);
#2211=DIRECTION('',(1.E0,0.E0,0.E0));
#2212=VECTOR('',#2211,7.581346652053E-2);
#2213=CARTESIAN_POINT('',(-7.581346652053E-2,0.E0,1.8E-2));
#2214=LINE('',#2213,#2212);
#2215=CARTESIAN_POINT('',(-7.581346652053E-2,0.E0,0.E0));
#2216=DIRECTION('',(1.E0,0.E0,0.E0));
#2217=DIRECTION('',(0.E0,-1.E0,0.E0));
#2218=AXIS2_PLACEMENT_3D('',#2215,#2216,#2217);
#2220=CARTESIAN_POINT('',(-7.581346652053E-2,0.E0,0.E0));
#2221=DIRECTION('',(1.E0,0.E0,0.E0));
#2222=DIRECTION('',(0.E0,0.E0,-1.E0));
#2223=AXIS2_PLACEMENT_3D('',#2220,#2221,#2222);
#2225=CARTESIAN_POINT('',(-9.4E-2,0.E0,0.E0));
#2226=DIRECTION('',(-1.E0,0.E0,0.E0));
#2227=DIRECTION('',(0.E0,1.E0,0.E0));
#2228=AXIS2_PLACEMENT_3D('',#2225,#2226,#2227);
#2230=CARTESIAN_POINT('',(-9.4E-2,0.E0,0.E0));
#2231=DIRECTION('',(-1.E0,0.E0,0.E0));
#2232=DIRECTION('',(0.E0,-1.E0,0.E0));
#2233=AXIS2_PLACEMENT_3D('',#2230,#2231,#2232);
#2235=DIRECTION('',(8.660254037844E-1,5.E-1,0.E0));
#2236=VECTOR('',#2235,2.1E-2);
#2237=CARTESIAN_POINT('',(-9.4E-2,7.5E-3,0.E0));
#2238=LINE('',#2237,#2236);
#2239=CARTESIAN_POINT('',(-7.581346652053E-2,0.E0,0.E0));
#2240=DIRECTION('',(1.E0,0.E0,0.E0));
#2241=DIRECTION('',(0.E0,1.E0,0.E0));
#2242=AXIS2_PLACEMENT_3D('',#2239,#2240,#2241);
#2244=CARTESIAN_POINT('',(-7.581346652053E-2,0.E0,0.E0));
#2245=DIRECTION('',(1.E0,0.E0,0.E0));
#2246=DIRECTION('',(0.E0,0.E0,1.E0));
#2247=AXIS2_PLACEMENT_3D('',#2244,#2245,#2246);
#2249=DIRECTION('',(8.660254037844E-1,-5.E-1,0.E0));
#2250=VECTOR('',#2249,2.1E-2);
#2251=CARTESIAN_POINT('',(-9.4E-2,-7.5E-3,0.E0));
#2252=LINE('',#2251,#2250);
#2253=CARTESIAN_POINT('',(1.3E-1,9.7E-2,0.E0));
#2254=CARTESIAN_POINT('',(1.75E-1,9.7E-2,0.E0));
#2255=VERTEX_POINT('',#2253);
#2256=VERTEX_POINT('',#2254);
#2257=CARTESIAN_POINT('',(1.3E-1,-9.7E-2,0.E0));
#2258=CARTESIAN_POINT('',(1.75E-1,-9.7E-2,0.E0));
#2259=VERTEX_POINT('',#2257);
#2260=VERTEX_POINT('',#2258);
#2261=CARTESIAN_POINT('',(0.E0,9.E-2,0.E0));
#2262=CARTESIAN_POINT('',(0.E0,-9.E-2,0.E0));
#2263=VERTEX_POINT('',#2261);
#2264=VERTEX_POINT('',#2262);
#2265=CARTESIAN_POINT('',(1.3E-1,1.25E-1,0.E0));
#2266=CARTESIAN_POINT('',(1.3E-1,-1.25E-1,0.E0));
#2267=VERTEX_POINT('',#2265);
#2268=VERTEX_POINT('',#2266);
#2269=CARTESIAN_POINT('',(1.04E-1,1.25E-1,0.E0));
#2270=CARTESIAN_POINT('',(1.04E-1,-1.25E-1,0.E0));
#2271=VERTEX_POINT('',#2269);
#2272=VERTEX_POINT('',#2270);
#2273=CARTESIAN_POINT('',(7.9E-1,8.3E-2,0.E0));
#2274=CARTESIAN_POINT('',(7.9E-1,-8.3E-2,0.E0));
#2275=VERTEX_POINT('',#2273);
#2276=VERTEX_POINT('',#2274);
#2277=CARTESIAN_POINT('',(7.487878387082E-1,1.1E-1,0.E0));
#2278=CARTESIAN_POINT('',(7.487878387082E-1,-1.1E-1,0.E0));
#2279=VERTEX_POINT('',#2277);
#2280=VERTEX_POINT('',#2278);
#2281=CARTESIAN_POINT('',(7.9E-1,9.5E-2,0.E0));
#2282=CARTESIAN_POINT('',(7.9E-1,-9.5E-2,0.E0));
#2283=VERTEX_POINT('',#2281);
#2284=VERTEX_POINT('',#2282);
#2285=CARTESIAN_POINT('',(3.98E-1,0.E0,-1.56E-1));
#2286=CARTESIAN_POINT('',(3.98E-1,0.E0,1.56E-1));
#2287=VERTEX_POINT('',#2285);
#2288=VERTEX_POINT('',#2286);
#2289=CARTESIAN_POINT('',(2.6E-1,0.E0,-1.56E-1));
#2290=VERTEX_POINT('',#2289);
#2291=CARTESIAN_POINT('',(2.6E-1,0.E0,1.56E-1));
#2292=VERTEX_POINT('',#2291);
#2293=CARTESIAN_POINT('',(2.4E-1,1.25E-1,0.E0));
#2294=CARTESIAN_POINT('',(2.4E-1,-1.25E-1,0.E0));
#2295=VERTEX_POINT('',#2293);
#2296=VERTEX_POINT('',#2294);
#2297=CARTESIAN_POINT('',(2.6E-1,1.56E-1,0.E0));
#2298=VERTEX_POINT('',#2297);
#2299=CARTESIAN_POINT('',(2.6E-1,-1.56E-1,0.E0));
#2300=VERTEX_POINT('',#2299);
#2301=CARTESIAN_POINT('',(6.202745060047E-1,8.3E-2,0.E0));
#2302=CARTESIAN_POINT('',(6.202745060047E-1,-8.3E-2,0.E0));
#2303=VERTEX_POINT('',#2301);
#2304=VERTEX_POINT('',#2302);
#2305=CARTESIAN_POINT('',(-9.4E-2,7.5E-3,0.E0));
#2306=CARTESIAN_POINT('',(-9.4E-2,-7.5E-3,0.E0));
#2307=VERTEX_POINT('',#2305);
#2308=VERTEX_POINT('',#2306);
#2309=CARTESIAN_POINT('',(-7.581346652053E-2,0.E0,-1.8E-2));
#2310=CARTESIAN_POINT('',(-7.581346652053E-2,1.8E-2,0.E0));
#2311=VERTEX_POINT('',#2309);
#2312=VERTEX_POINT('',#2310);
#2313=CARTESIAN_POINT('',(-7.581346652053E-2,0.E0,1.8E-2));
#2314=VERTEX_POINT('',#2313);
#2315=CARTESIAN_POINT('',(-7.581346652053E-2,-1.8E-2,0.E0));
#2316=VERTEX_POINT('',#2315);
#2317=CARTESIAN_POINT('',(0.E0,0.E0,-1.8E-2));
#2318=CARTESIAN_POINT('',(0.E0,0.E0,1.8E-2));
#2319=VERTEX_POINT('',#2317);
#2320=VERTEX_POINT('',#2318);
#2321=CARTESIAN_POINT('',(6.4E-2,1.175E-1,0.E0));
#2322=CARTESIAN_POINT('',(6.4E-2,-1.175E-1,0.E0));
#2323=VERTEX_POINT('',#2321);
#2324=VERTEX_POINT('',#2322);
#2325=CARTESIAN_POINT('',(6.4E-2,9.E-2,0.E0));
#2326=CARTESIAN_POINT('',(6.4E-2,-9.E-2,0.E0));
#2327=VERTEX_POINT('',#2325);
#2328=VERTEX_POINT('',#2326);
#2329=CARTESIAN_POINT('',(1.04E-1,1.175E-1,0.E0));
#2330=CARTESIAN_POINT('',(1.04E-1,-1.175E-1,0.E0));
#2331=VERTEX_POINT('',#2329);
#2332=VERTEX_POINT('',#2330);
#2333=CARTESIAN_POINT('',(1.45E-1,6.25E-2,-1.053565375285E-1));
#2334=CARTESIAN_POINT('',(1.45E-1,-6.25E-2,-1.053565375285E-1));
#2335=VERTEX_POINT('',#2333);
#2336=VERTEX_POINT('',#2334);
#2337=CARTESIAN_POINT('',(1.85E-1,1.25E-1,0.E0));
#2338=CARTESIAN_POINT('',(1.85E-1,6.25E-2,-1.082531754731E-1));
#2339=VERTEX_POINT('',#2337);
#2340=VERTEX_POINT('',#2338);
#2341=CARTESIAN_POINT('',(1.85E-1,-6.25E-2,-1.082531754731E-1));
#2342=CARTESIAN_POINT('',(1.85E-1,-1.25E-1,0.E0));
#2343=VERTEX_POINT('',#2341);
#2344=VERTEX_POINT('',#2342);
#2345=CARTESIAN_POINT('',(1.75E-1,-6.25E-2,-1.082531754731E-1));
#2346=VERTEX_POINT('',#2345);
#2347=CARTESIAN_POINT('',(1.75E-1,6.25E-2,-1.082531754731E-1));
#2348=VERTEX_POINT('',#2347);
#2349=CARTESIAN_POINT('',(1.75E-1,6.25E-2,-1.053565375285E-1));
#2350=CARTESIAN_POINT('',(1.75E-1,-6.25E-2,-1.053565375285E-1));
#2351=VERTEX_POINT('',#2349);
#2352=VERTEX_POINT('',#2350);
#2353=CARTESIAN_POINT('',(-1.1E-1,0.E0,1.42E-1));
#2354=CARTESIAN_POINT('',(-1.1E-1,0.E0,-1.42E-1));
#2355=VERTEX_POINT('',#2353);
#2356=VERTEX_POINT('',#2354);
#2357=CARTESIAN_POINT('',(-1.E-1,0.E0,1.52E-1));
#2358=CARTESIAN_POINT('',(-1.E-1,0.E0,-1.52E-1));
#2359=VERTEX_POINT('',#2357);
#2360=VERTEX_POINT('',#2358);
#2361=VERTEX_POINT('',#294);
#2362=VERTEX_POINT('',#309);
#2363=VERTEX_POINT('',#337);
#2364=VERTEX_POINT('',#380);
#2365=VERTEX_POINT('',#438);
#2366=VERTEX_POINT('',#481);
#2367=CARTESIAN_POINT('',(-2.5E-2,1.52E-1,0.E0));
#2368=CARTESIAN_POINT('',(-2.5E-2,0.E0,-1.52E-1));
#2369=VERTEX_POINT('',#2367);
#2370=VERTEX_POINT('',#2368);
#2371=CARTESIAN_POINT('',(-2.5E-2,-1.52E-1,0.E0));
#2372=VERTEX_POINT('',#2371);
#2373=CARTESIAN_POINT('',(-2.5E-2,0.E0,1.52E-1));
#2374=VERTEX_POINT('',#2373);
#2375=VERTEX_POINT('',#198);
#2376=VERTEX_POINT('',#211);
#2377=VERTEX_POINT('',#226);
#2378=VERTEX_POINT('',#228);
#2379=VERTEX_POINT('',#241);
#2380=VERTEX_POINT('',#256);
#2381=VERTEX_POINT('',#283);
#2382=VERTEX_POINT('',#324);
#2383=VERTEX_POINT('',#326);
#2384=VERTEX_POINT('',#369);
#2385=VERTEX_POINT('',#427);
#2386=VERTEX_POINT('',#470);
#2387=CARTESIAN_POINT('',(2.2E-1,-1.275E-1,0.E0));
#2388=CARTESIAN_POINT('',(2.2E-1,1.275E-1,0.E0));
#2389=VERTEX_POINT('',#2387);
#2390=VERTEX_POINT('',#2388);
#2391=CARTESIAN_POINT('',(1.4E-1,-1.385E-1,0.E0));
#2392=CARTESIAN_POINT('',(1.4E-1,1.385E-1,0.E0));
#2393=VERTEX_POINT('',#2391);
#2394=VERTEX_POINT('',#2392);
#2395=CARTESIAN_POINT('',(-7.5E-2,1.3E-1,0.E0));
#2396=CARTESIAN_POINT('',(-7.5E-2,-1.3E-1,0.E0));
#2397=VERTEX_POINT('',#2395);
#2398=VERTEX_POINT('',#2396);
#2399=CARTESIAN_POINT('',(4.6E-2,-1.275E-1,0.E0));
#2400=CARTESIAN_POINT('',(4.6E-2,1.275E-1,0.E0));
#2401=VERTEX_POINT('',#2399);
#2402=VERTEX_POINT('',#2400);
#2403=CARTESIAN_POINT('',(1.4E-1,-1.275E-1,0.E0));
#2404=CARTESIAN_POINT('',(1.4E-1,1.275E-1,0.E0));
#2405=VERTEX_POINT('',#2403);
#2406=VERTEX_POINT('',#2404);
#2407=CARTESIAN_POINT('',(-1.1E-1,-1.35E-1,0.E0));
#2408=CARTESIAN_POINT('',(-1.1E-1,1.35E-1,0.E0));
#2409=VERTEX_POINT('',#2407);
#2410=VERTEX_POINT('',#2408);
#2411=CARTESIAN_POINT('',(-1.05E-1,-1.3E-1,0.E0));
#2412=CARTESIAN_POINT('',(-1.05E-1,1.3E-1,0.E0));
#2413=VERTEX_POINT('',#2411);
#2414=VERTEX_POINT('',#2412);
#2415=VERTEX_POINT('',#1805);
#2416=VERTEX_POINT('',#1837);
#2417=VERTEX_POINT('',#1118);
#2418=VERTEX_POINT('',#1150);
#2419=VERTEX_POINT('',#1152);
#2420=VERTEX_POINT('',#1184);
#2421=VERTEX_POINT('',#1839);
#2422=VERTEX_POINT('',#1871);
#2423=VERTEX_POINT('',#1905);
#2424=VERTEX_POINT('',#1911);
#2425=VERTEX_POINT('',#1458);
#2426=VERTEX_POINT('',#1727);
#2427=VERTEX_POINT('',#847);
#2428=VERTEX_POINT('',#1116);
#2429=VERTEX_POINT('',#1347);
#2430=VERTEX_POINT('',#693);
#2431=CARTESIAN_POINT('',(3.25E-2,7.632610414925E-2,-8.128084537822E-2));
#2432=VERTEX_POINT('',#2431);
#2433=CARTESIAN_POINT('',(-6.15E-2,-3.257564381576E-2,1.066352541610E-1));
#2434=VERTEX_POINT('',#2433);
#2435=CARTESIAN_POINT('',(1.45E-1,-1.385E-1,0.E0));
#2436=CARTESIAN_POINT('',(1.45E-1,1.385E-1,0.E0));
#2437=VERTEX_POINT('',#2435);
#2438=VERTEX_POINT('',#2436);
#2439=CARTESIAN_POINT('',(1.45E-1,6.25E-2,-1.235961164438E-1));
#2440=VERTEX_POINT('',#2439);
#2441=CARTESIAN_POINT('',(1.45E-1,-6.25E-2,-1.235961164438E-1));
#2442=VERTEX_POINT('',#2441);
#2443=CARTESIAN_POINT('',(1.85E-1,-1.275E-1,0.E0));
#2444=CARTESIAN_POINT('',(1.85E-1,1.275E-1,0.E0));
#2445=VERTEX_POINT('',#2443);
#2446=VERTEX_POINT('',#2444);
#2447=CARTESIAN_POINT('',(1.85E-1,6.25E-2,-1.111305538545E-1));
#2448=VERTEX_POINT('',#2447);
#2449=CARTESIAN_POINT('',(1.85E-1,-6.25E-2,-1.111305538545E-1));
#2450=VERTEX_POINT('',#2449);
#2451=CARTESIAN_POINT('',(1.85E-1,-6.25E-2,-1.235961164438E-1));
#2452=VERTEX_POINT('',#2451);
#2453=CARTESIAN_POINT('',(1.85E-1,6.25E-2,-1.235961164438E-1));
#2454=VERTEX_POINT('',#2453);
#2455=CARTESIAN_POINT('',(9.08E-1,0.E0,-1.48E-1));
#2456=CARTESIAN_POINT('',(9.08E-1,0.E0,1.48E-1));
#2457=VERTEX_POINT('',#2455);
#2458=VERTEX_POINT('',#2456);
#2459=CARTESIAN_POINT('',(8.88E-1,1.295E-1,0.E0));
#2460=CARTESIAN_POINT('',(9.08E-1,1.295E-1,0.E0));
#2461=VERTEX_POINT('',#2459);
#2462=VERTEX_POINT('',#2460);
#2463=CARTESIAN_POINT('',(8.88E-1,-1.295E-1,0.E0));
#2464=CARTESIAN_POINT('',(9.08E-1,-1.295E-1,0.E0));
#2465=VERTEX_POINT('',#2463);
#2466=VERTEX_POINT('',#2464);
#2467=CARTESIAN_POINT('',(8.88E-1,-1.305E-1,0.E0));
#2468=CARTESIAN_POINT('',(8.88E-1,1.305E-1,0.E0));
#2469=VERTEX_POINT('',#2467);
#2470=VERTEX_POINT('',#2468);
#2471=CARTESIAN_POINT('',(6.20275E-1,-1.305E-1,0.E0));
#2472=CARTESIAN_POINT('',(6.20275E-1,1.305E-1,0.E0));
#2473=VERTEX_POINT('',#2471);
#2474=VERTEX_POINT('',#2472);
#2475=CARTESIAN_POINT('',(3.98E-1,0.E0,-1.48E-1));
#2476=CARTESIAN_POINT('',(3.98E-1,0.E0,1.48E-1));
#2477=VERTEX_POINT('',#2475);
#2478=VERTEX_POINT('',#2476);
#2479=CARTESIAN_POINT('',(6.20275E-1,1.1E-1,0.E0));
#2480=CARTESIAN_POINT('',(6.20275E-1,-1.1E-1,0.E0));
#2481=VERTEX_POINT('',#2479);
#2482=VERTEX_POINT('',#2480);
#2483=CARTESIAN_POINT('',(0.E0,0.E0,0.E0));
#2484=DIRECTION('',(1.E0,0.E0,0.E0));
#2485=DIRECTION('',(0.E0,0.E0,-1.E0));
#2486=AXIS2_PLACEMENT_3D('',#2483,#2484,#2485);
#2487=PLANE('',#2486);
#2489=ORIENTED_EDGE('',*,*,#2488,.F.);
#2491=ORIENTED_EDGE('',*,*,#2490,.F.);
#2492=EDGE_LOOP('',(#2489,#2491));
#2493=FACE_OUTER_BOUND('',#2492,.F.);
#2495=ORIENTED_EDGE('',*,*,#2494,.F.);
#2497=ORIENTED_EDGE('',*,*,#2496,.F.);
#2498=EDGE_LOOP('',(#2495,#2497));
#2499=FACE_BOUND('',#2498,.F.);
#2500=ADVANCED_FACE('',(#2493,#2499),#2487,.F.);
#2501=CARTESIAN_POINT('',(1.8375E-1,0.E0,0.E0));
#2502=DIRECTION('',(-1.E0,0.E0,0.E0));
#2503=DIRECTION('',(0.E0,1.E0,0.E0));
#2504=AXIS2_PLACEMENT_3D('',#2501,#2502,#2503);
#2505=CYLINDRICAL_SURFACE('',#2504,9.E-2);
#2507=ORIENTED_EDGE('',*,*,#2506,.F.);
#2509=ORIENTED_EDGE('',*,*,#2508,.F.);
#2510=ORIENTED_EDGE('',*,*,#2488,.T.);
#2512=ORIENTED_EDGE('',*,*,#2511,.T.);
#2513=EDGE_LOOP('',(#2507,#2509,#2510,#2512));
#2514=FACE_OUTER_BOUND('',#2513,.F.);
#2515=ADVANCED_FACE('',(#2514),#2505,.T.);
#2516=CARTESIAN_POINT('',(6.4E-2,0.E0,0.E0));
#2517=DIRECTION('',(1.E0,0.E0,0.E0));
#2518=DIRECTION('',(0.E0,-1.E0,0.E0));
#2519=AXIS2_PLACEMENT_3D('',#2516,#2517,#2518);
#2520=PLANE('',#2519);
#2522=ORIENTED_EDGE('',*,*,#2521,.F.);
#2524=ORIENTED_EDGE('',*,*,#2523,.T.);
#2525=EDGE_LOOP('',(#2522,#2524));
#2526=FACE_OUTER_BOUND('',#2525,.F.);
#2527=ORIENTED_EDGE('',*,*,#2506,.T.);
#2529=ORIENTED_EDGE('',*,*,#2528,.T.);
#2530=EDGE_LOOP('',(#2527,#2529));
#2531=FACE_BOUND('',#2530,.F.);
#2532=ADVANCED_FACE('',(#2526,#2531),#2520,.F.);
#2533=CARTESIAN_POINT('',(6.2E-2,0.E0,0.E0));
#2534=DIRECTION('',(1.E0,0.E0,0.E0));
#2535=DIRECTION('',(0.E0,-1.E0,0.E0));
#2536=AXIS2_PLACEMENT_3D('',#2533,#2534,#2535);
#2537=CYLINDRICAL_SURFACE('',#2536,1.175E-1);
#2539=ORIENTED_EDGE('',*,*,#2538,.T.);
#2541=ORIENTED_EDGE('',*,*,#2540,.T.);
#2542=ORIENTED_EDGE('',*,*,#2521,.T.);
#2544=ORIENTED_EDGE('',*,*,#2543,.F.);
#2545=EDGE_LOOP('',(#2539,#2541,#2542,#2544));
#2546=FACE_OUTER_BOUND('',#2545,.F.);
#2547=ADVANCED_FACE('',(#2546),#2537,.T.);
#2548=CARTESIAN_POINT('',(1.04E-1,0.E0,0.E0));
#2549=DIRECTION('',(-1.E0,0.E0,0.E0));
#2550=DIRECTION('',(0.E0,1.E0,0.E0));
#2551=AXIS2_PLACEMENT_3D('',#2548,#2549,#2550);
#2552=PLANE('',#2551);
#2554=ORIENTED_EDGE('',*,*,#2553,.F.);
#2556=ORIENTED_EDGE('',*,*,#2555,.F.);
#2557=EDGE_LOOP('',(#2554,#2556));
#2558=FACE_OUTER_BOUND('',#2557,.F.);
#2560=ORIENTED_EDGE('',*,*,#2559,.F.);
#2561=ORIENTED_EDGE('',*,*,#2538,.F.);
#2562=EDGE_LOOP('',(#2560,#2561));
#2563=FACE_BOUND('',#2562,.F.);
#2564=ADVANCED_FACE('',(#2558,#2563),#2552,.T.);
#2565=CARTESIAN_POINT('',(2.73E-1,0.E0,0.E0));
#2566=DIRECTION('',(-1.E0,0.E0,0.E0));
#2567=DIRECTION('',(0.E0,1.E0,0.E0));
#2568=AXIS2_PLACEMENT_3D('',#2565,#2566,#2567);
#2569=CYLINDRICAL_SURFACE('',#2568,1.25E-1);
#2571=ORIENTED_EDGE('',*,*,#2570,.F.);
#2573=ORIENTED_EDGE('',*,*,#2572,.F.);
#2574=ORIENTED_EDGE('',*,*,#2553,.T.);
#2576=ORIENTED_EDGE('',*,*,#2575,.T.);
#2577=EDGE_LOOP('',(#2571,#2573,#2574,#2576));
#2578=FACE_OUTER_BOUND('',#2577,.F.);
#2579=ADVANCED_FACE('',(#2578),#2569,.T.);
#2580=CARTESIAN_POINT('',(1.3E-1,0.E0,0.E0));
#2581=DIRECTION('',(-1.E0,0.E0,0.E0));
#2582=DIRECTION('',(0.E0,1.E0,0.E0));
#2583=AXIS2_PLACEMENT_3D('',#2580,#2581,#2582);
#2584=PLANE('',#2583);
#2585=ORIENTED_EDGE('',*,*,#2570,.T.);
#2587=ORIENTED_EDGE('',*,*,#2586,.T.);
#2588=EDGE_LOOP('',(#2585,#2587));
#2589=FACE_OUTER_BOUND('',#2588,.F.);
#2591=ORIENTED_EDGE('',*,*,#2590,.T.);
#2593=ORIENTED_EDGE('',*,*,#2592,.F.);
#2594=EDGE_LOOP('',(#2591,#2593));
#2595=FACE_BOUND('',#2594,.F.);
#2596=ADVANCED_FACE('',(#2589,#2595),#2584,.F.);
#2597=CARTESIAN_POINT('',(2.73E-1,0.E0,0.E0));
#2598=DIRECTION('',(-1.E0,0.E0,0.E0));
#2599=DIRECTION('',(0.E0,1.E0,0.E0));
#2600=AXIS2_PLACEMENT_3D('',#2597,#2598,#2599);
#2601=CYLINDRICAL_SURFACE('',#2600,1.25E-1);
#2602=ORIENTED_EDGE('',*,*,#2586,.F.);
#2603=ORIENTED_EDGE('',*,*,#2575,.F.);
#2604=ORIENTED_EDGE('',*,*,#2555,.T.);
#2605=ORIENTED_EDGE('',*,*,#2572,.T.);
#2606=EDGE_LOOP('',(#2602,#2603,#2604,#2605));
#2607=FACE_OUTER_BOUND('',#2606,.F.);
#2608=ADVANCED_FACE('',(#2607),#2601,.T.);
#2609=CARTESIAN_POINT('',(1.8375E-1,0.E0,0.E0));
#2610=DIRECTION('',(-1.E0,0.E0,0.E0));
#2611=DIRECTION('',(0.E0,1.E0,0.E0));
#2612=AXIS2_PLACEMENT_3D('',#2609,#2610,#2611);
#2613=CYLINDRICAL_SURFACE('',#2612,9.7E-2);
#2615=ORIENTED_EDGE('',*,*,#2614,.T.);
#2617=ORIENTED_EDGE('',*,*,#2616,.T.);
#2619=ORIENTED_EDGE('',*,*,#2618,.F.);
#2620=ORIENTED_EDGE('',*,*,#2590,.F.);
#2621=EDGE_LOOP('',(#2615,#2617,#2619,#2620));
#2622=FACE_OUTER_BOUND('',#2621,.F.);
#2623=ADVANCED_FACE('',(#2622),#2613,.T.);
#2624=CARTESIAN_POINT('',(1.8375E-1,0.E0,0.E0));
#2625=DIRECTION('',(-1.E0,0.E0,0.E0));
#2626=DIRECTION('',(0.E0,1.E0,0.E0));
#2627=AXIS2_PLACEMENT_3D('',#2624,#2625,#2626);
#2628=CYLINDRICAL_SURFACE('',#2627,9.7E-2);
#2629=ORIENTED_EDGE('',*,*,#2614,.F.);
#2630=ORIENTED_EDGE('',*,*,#2592,.T.);
#2631=ORIENTED_EDGE('',*,*,#2618,.T.);
#2633=ORIENTED_EDGE('',*,*,#2632,.F.);
#2634=EDGE_LOOP('',(#2629,#2630,#2631,#2633));
#2635=FACE_OUTER_BOUND('',#2634,.F.);
#2636=ADVANCED_FACE('',(#2635),#2628,.T.);
#2637=CARTESIAN_POINT('',(1.75E-1,0.E0,0.E0));
#2638=DIRECTION('',(-1.E0,0.E0,0.E0));
#2639=DIRECTION('',(0.E0,1.E0,0.E0));
#2640=AXIS2_PLACEMENT_3D('',#2637,#2638,#2639);
#2641=PLANE('',#2640);
#2643=ORIENTED_EDGE('',*,*,#2642,.T.);
#2645=ORIENTED_EDGE('',*,*,#2644,.F.);
#2647=ORIENTED_EDGE('',*,*,#2646,.F.);
#2649=ORIENTED_EDGE('',*,*,#2648,.T.);
#2650=EDGE_LOOP('',(#2643,#2645,#2647,#2649));
#2651=FACE_OUTER_BOUND('',#2650,.F.);
#2652=ORIENTED_EDGE('',*,*,#2632,.T.);
#2653=ORIENTED_EDGE('',*,*,#2616,.F.);
#2654=EDGE_LOOP('',(#2652,#2653));
#2655=FACE_BOUND('',#2654,.F.);
#2656=ADVANCED_FACE('',(#2651,#2655),#2641,.T.);
#2657=CARTESIAN_POINT('',(1.45E-1,0.E0,0.E0));
#2658=DIRECTION('',(1.E0,0.E0,0.E0));
#2659=DIRECTION('',(0.E0,1.E0,0.E0));
#2660=AXIS2_PLACEMENT_3D('',#2657,#2658,#2659);
#2661=CYLINDRICAL_SURFACE('',#2660,1.225E-1);
#2662=ORIENTED_EDGE('',*,*,#2642,.F.);
#2664=ORIENTED_EDGE('',*,*,#2663,.F.);
#2666=ORIENTED_EDGE('',*,*,#2665,.T.);
#2668=ORIENTED_EDGE('',*,*,#2667,.T.);
#2669=EDGE_LOOP('',(#2662,#2664,#2666,#2668));
#2670=FACE_OUTER_BOUND('',#2669,.F.);
#2671=ADVANCED_FACE('',(#2670),#2661,.F.);
#2672=CARTESIAN_POINT('',(1.45E-1,6.25E-2,-1.053565375285E-1));
#2673=DIRECTION('',(0.E0,1.E0,0.E0));
#2674=DIRECTION('',(0.E0,0.E0,-1.E0));
#2675=AXIS2_PLACEMENT_3D('',#2672,#2673,#2674);
#2676=PLANE('',#2675);
#2678=ORIENTED_EDGE('',*,*,#2677,.T.);
#2680=ORIENTED_EDGE('',*,*,#2679,.T.);
#2682=ORIENTED_EDGE('',*,*,#2681,.F.);
#2683=ORIENTED_EDGE('',*,*,#2663,.T.);
#2684=ORIENTED_EDGE('',*,*,#2648,.F.);
#2686=ORIENTED_EDGE('',*,*,#2685,.F.);
#2688=ORIENTED_EDGE('',*,*,#2687,.T.);
#2689=EDGE_LOOP('',(#2678,#2680,#2682,#2683,#2684,#2686,#2688));
#2690=FACE_OUTER_BOUND('',#2689,.F.);
#2691=ADVANCED_FACE('',(#2690),#2676,.F.);
#2692=CARTESIAN_POINT('',(1.85E-1,0.E0,0.E0));
#2693=DIRECTION('',(-1.E0,0.E0,0.E0));
#2694=DIRECTION('',(0.E0,-1.E0,0.E0));
#2695=AXIS2_PLACEMENT_3D('',#2692,#2693,#2694);
#2696=PLANE('',#2695);
#2698=ORIENTED_EDGE('',*,*,#2697,.F.);
#2700=ORIENTED_EDGE('',*,*,#2699,.F.);
#2701=ORIENTED_EDGE('',*,*,#2677,.F.);
#2703=ORIENTED_EDGE('',*,*,#2702,.T.);
#2704=EDGE_LOOP('',(#2698,#2700,#2701,#2703));
#2705=FACE_OUTER_BOUND('',#2704,.F.);
#2706=ADVANCED_FACE('',(#2705),#2696,.T.);
#2707=CARTESIAN_POINT('',(1.45E-1,-6.25E-2,-1.336038921589E-1));
#2708=DIRECTION('',(0.E0,-1.E0,0.E0));
#2709=DIRECTION('',(0.E0,0.E0,1.E0));
#2710=AXIS2_PLACEMENT_3D('',#2707,#2708,#2709);
#2711=PLANE('',#2710);
#2712=ORIENTED_EDGE('',*,*,#2697,.T.);
#2714=ORIENTED_EDGE('',*,*,#2713,.T.);
#2716=ORIENTED_EDGE('',*,*,#2715,.T.);
#2717=ORIENTED_EDGE('',*,*,#2644,.T.);
#2718=ORIENTED_EDGE('',*,*,#2667,.F.);
#2720=ORIENTED_EDGE('',*,*,#2719,.F.);
#2722=ORIENTED_EDGE('',*,*,#2721,.F.);
#2723=EDGE_LOOP('',(#2712,#2714,#2716,#2717,#2718,#2720,#2722));
#2724=FACE_OUTER_BOUND('',#2723,.F.);
#2725=ADVANCED_FACE('',(#2724),#2711,.F.);
#2726=CARTESIAN_POINT('',(1.85E-1,0.E0,0.E0));
#2727=DIRECTION('',(1.E0,0.E0,0.E0));
#2728=DIRECTION('',(0.E0,0.E0,-1.E0));
#2729=AXIS2_PLACEMENT_3D('',#2726,#2727,#2728);
#2730=PLANE('',#2729);
#2732=ORIENTED_EDGE('',*,*,#2731,.T.);
#2734=ORIENTED_EDGE('',*,*,#2733,.T.);
#2735=ORIENTED_EDGE('',*,*,#2687,.F.);
#2737=ORIENTED_EDGE('',*,*,#2736,.F.);
#2739=ORIENTED_EDGE('',*,*,#2738,.F.);
#2741=ORIENTED_EDGE('',*,*,#2740,.F.);
#2742=ORIENTED_EDGE('',*,*,#2713,.F.);
#2744=ORIENTED_EDGE('',*,*,#2743,.T.);
#2745=EDGE_LOOP('',(#2732,#2734,#2735,#2737,#2739,#2741,#2742,#2744));
#2746=FACE_OUTER_BOUND('',#2745,.F.);
#2747=ADVANCED_FACE('',(#2746),#2730,.T.);
#2748=CARTESIAN_POINT('',(2.2E-1,0.E0,0.E0));
#2749=DIRECTION('',(-1.E0,0.E0,0.E0));
#2750=DIRECTION('',(0.E0,-1.E0,0.E0));
#2751=AXIS2_PLACEMENT_3D('',#2748,#2749,#2750);
#2752=CYLINDRICAL_SURFACE('',#2751,1.275E-1);
#2753=ORIENTED_EDGE('',*,*,#2731,.F.);
#2755=ORIENTED_EDGE('',*,*,#2754,.F.);
#2757=ORIENTED_EDGE('',*,*,#2756,.T.);
#2759=ORIENTED_EDGE('',*,*,#2758,.T.);
#2760=EDGE_LOOP('',(#2753,#2755,#2757,#2759));
#2761=FACE_OUTER_BOUND('',#2760,.F.);
#2762=ADVANCED_FACE('',(#2761),#2752,.F.);
#2763=CARTESIAN_POINT('',(2.2E-1,0.E0,0.E0));
#2764=DIRECTION('',(-1.E0,0.E0,0.E0));
#2765=DIRECTION('',(0.E0,-1.E0,0.E0));
#2766=AXIS2_PLACEMENT_3D('',#2763,#2764,#2765);
#2767=CYLINDRICAL_SURFACE('',#2766,1.275E-1);
#2768=ORIENTED_EDGE('',*,*,#2733,.F.);
#2769=ORIENTED_EDGE('',*,*,#2758,.F.);
#2771=ORIENTED_EDGE('',*,*,#2770,.T.);
#2772=ORIENTED_EDGE('',*,*,#2754,.T.);
#2773=ORIENTED_EDGE('',*,*,#2743,.F.);
#2774=ORIENTED_EDGE('',*,*,#2702,.F.);
#2775=EDGE_LOOP('',(#2768,#2769,#2771,#2772,#2773,#2774));
#2776=FACE_OUTER_BOUND('',#2775,.F.);
#2777=ADVANCED_FACE('',(#2776),#2767,.F.);
#2778=CARTESIAN_POINT('',(2.2E-1,0.E0,0.E0));
#2779=DIRECTION('',(1.E0,0.E0,0.E0));
#2780=DIRECTION('',(0.E0,0.E0,-1.E0));
#2781=AXIS2_PLACEMENT_3D('',#2778,#2779,#2780);
#2782=PLANE('',#2781);
#2784=ORIENTED_EDGE('',*,*,#2783,.F.);
#2786=ORIENTED_EDGE('',*,*,#2785,.T.);
#2788=ORIENTED_EDGE('',*,*,#2787,.T.);
#2790=ORIENTED_EDGE('',*,*,#2789,.F.);
#2792=ORIENTED_EDGE('',*,*,#2791,.T.);
#2794=ORIENTED_EDGE('',*,*,#2793,.T.);
#2795=EDGE_LOOP('',(#2784,#2786,#2788,#2790,#2792,#2794));
#2796=FACE_OUTER_BOUND('',#2795,.F.);
#2797=ORIENTED_EDGE('',*,*,#2756,.F.);
#2798=ORIENTED_EDGE('',*,*,#2770,.F.);
#2799=EDGE_LOOP('',(#2797,#2798));
#2800=FACE_BOUND('',#2799,.F.);
#2801=ADVANCED_FACE('',(#2796,#2800),#2782,.T.);
#2802=CARTESIAN_POINT('',(2.130269481005E-1,0.E0,0.E0));
#2803=DIRECTION('',(-1.E0,0.E0,0.E0));
#2804=DIRECTION('',(0.E0,1.E0,0.E0));
#2805=AXIS2_PLACEMENT_3D('',#2802,#2803,#2804);
#2806=CONICAL_SURFACE('',#2805,1.680776801737E-1,6.E1);
#2808=ORIENTED_EDGE('',*,*,#2807,.T.);
#2810=ORIENTED_EDGE('',*,*,#2809,.T.);
#2811=ORIENTED_EDGE('',*,*,#2783,.T.);
#2812=EDGE_LOOP('',(#2808,#2810,#2811));
#2813=FACE_OUTER_BOUND('',#2812,.F.);
#2814=ADVANCED_FACE('',(#2813),#2806,.T.);
#2815=CARTESIAN_POINT('',(-1.1E-1,1.801566419936E-1,0.E0));
#2816=DIRECTION('',(0.E0,8.660254037844E-1,5.E-1));
#2817=DIRECTION('',(0.E0,-5.E-1,8.660254037844E-1));
#2818=AXIS2_PLACEMENT_3D('',#2815,#2816,#2817);
#2819=PLANE('',#2818);
#2821=ORIENTED_EDGE('',*,*,#2820,.F.);
#2823=ORIENTED_EDGE('',*,*,#2822,.F.);
#2825=ORIENTED_EDGE('',*,*,#2824,.T.);
#2827=ORIENTED_EDGE('',*,*,#2826,.T.);
#2828=ORIENTED_EDGE('',*,*,#2807,.F.);
#2829=EDGE_LOOP('',(#2821,#2823,#2825,#2827,#2828));
#2830=FACE_OUTER_BOUND('',#2829,.F.);
#2831=ADVANCED_FACE('',(#2830),#2819,.T.);
#2832=CARTESIAN_POINT('',(2.130303193676E-1,0.E0,0.E0));
#2833=DIRECTION('',(-1.E0,0.E0,0.E0));
#2834=DIRECTION('',(0.E0,1.E0,0.E0));
#2835=AXIS2_PLACEMENT_3D('',#2832,#2833,#2834);
#2836=CONICAL_SURFACE('',#2835,1.680718409679E-1,6.E1);
#2837=ORIENTED_EDGE('',*,*,#2793,.F.);
#2839=ORIENTED_EDGE('',*,*,#2838,.T.);
#2840=ORIENTED_EDGE('',*,*,#2820,.T.);
#2841=EDGE_LOOP('',(#2837,#2839,#2840));
#2842=FACE_OUTER_BOUND('',#2841,.F.);
#2843=ADVANCED_FACE('',(#2842),#2836,.T.);
#2844=CARTESIAN_POINT('',(-1.1E-1,9.009E-2,1.56E-1));
#2845=DIRECTION('',(0.E0,0.E0,1.E0));
#2846=DIRECTION('',(0.E0,-1.E0,0.E0));
#2847=AXIS2_PLACEMENT_3D('',#2844,#2845,#2846);
#2848=PLANE('',#2847);
#2850=ORIENTED_EDGE('',*,*,#2849,.F.);
#2852=ORIENTED_EDGE('',*,*,#2851,.F.);
#2854=ORIENTED_EDGE('',*,*,#2853,.T.);
#2855=ORIENTED_EDGE('',*,*,#2822,.T.);
#2856=ORIENTED_EDGE('',*,*,#2838,.F.);
#2857=EDGE_LOOP('',(#2850,#2852,#2854,#2855,#2856));
#2858=FACE_OUTER_BOUND('',#2857,.F.);
#2859=ADVANCED_FACE('',(#2858),#2848,.T.);
#2860=CARTESIAN_POINT('',(2.130303193799E-1,0.E0,0.E0));
#2861=DIRECTION('',(-1.E0,0.E0,0.E0));
#2862=DIRECTION('',(0.E0,1.E0,0.E0));
#2863=AXIS2_PLACEMENT_3D('',#2860,#2861,#2862);
#2864=CONICAL_SURFACE('',#2863,1.680718409465E-1,6.E1);
#2865=ORIENTED_EDGE('',*,*,#2791,.F.);
#2867=ORIENTED_EDGE('',*,*,#2866,.T.);
#2868=ORIENTED_EDGE('',*,*,#2849,.T.);
#2869=EDGE_LOOP('',(#2865,#2867,#2868));
#2870=FACE_OUTER_BOUND('',#2869,.F.);
#2871=ADVANCED_FACE('',(#2870),#2864,.T.);
#2872=CARTESIAN_POINT('',(-1.1E-1,-9.009E-2,1.56E-1));
#2873=DIRECTION('',(0.E0,-8.660254037844E-1,5.E-1));
#2874=DIRECTION('',(0.E0,-5.E-1,-8.660254037844E-1));
#2875=AXIS2_PLACEMENT_3D('',#2872,#2873,#2874);
#2876=PLANE('',#2875);
#2878=ORIENTED_EDGE('',*,*,#2877,.F.);
#2880=ORIENTED_EDGE('',*,*,#2879,.F.);
#2882=ORIENTED_EDGE('',*,*,#2881,.T.);
#2883=ORIENTED_EDGE('',*,*,#2851,.T.);
#2884=ORIENTED_EDGE('',*,*,#2866,.F.);
#2885=EDGE_LOOP('',(#2878,#2880,#2882,#2883,#2884));
#2886=FACE_OUTER_BOUND('',#2885,.F.);
#2887=ADVANCED_FACE('',(#2886),#2876,.T.);
#2888=CARTESIAN_POINT('',(2.130269473662E-1,0.E0,0.E0));
#2889=DIRECTION('',(-1.E0,0.E0,0.E0));
#2890=DIRECTION('',(0.E0,1.E0,0.E0));
#2891=AXIS2_PLACEMENT_3D('',#2888,#2889,#2890);
#2892=CONICAL_SURFACE('',#2891,1.680776814456E-1,6.E1);
#2894=ORIENTED_EDGE('',*,*,#2893,.T.);
#2895=ORIENTED_EDGE('',*,*,#2877,.T.);
#2896=ORIENTED_EDGE('',*,*,#2789,.T.);
#2897=EDGE_LOOP('',(#2894,#2895,#2896));
#2898=FACE_OUTER_BOUND('',#2897,.F.);
#2899=ADVANCED_FACE('',(#2898),#2892,.T.);
#2900=CARTESIAN_POINT('',(-1.1E-1,-1.801566419936E-1,0.E0));
#2901=DIRECTION('',(0.E0,-8.660254037844E-1,-5.E-1));
#2902=DIRECTION('',(0.E0,5.E-1,-8.660254037844E-1));
#2903=AXIS2_PLACEMENT_3D('',#2900,#2901,#2902);
#2904=PLANE('',#2903);
#2906=ORIENTED_EDGE('',*,*,#2905,.F.);
#2908=ORIENTED_EDGE('',*,*,#2907,.F.);
#2910=ORIENTED_EDGE('',*,*,#2909,.T.);
#2911=ORIENTED_EDGE('',*,*,#2879,.T.);
#2912=ORIENTED_EDGE('',*,*,#2893,.F.);
#2913=EDGE_LOOP('',(#2906,#2908,#2910,#2911,#2912));
#2914=FACE_OUTER_BOUND('',#2913,.F.);
#2915=ADVANCED_FACE('',(#2914),#2904,.T.);
#2916=CARTESIAN_POINT('',(2.130301044872E-1,0.E0,0.E0));
#2917=DIRECTION('',(-1.E0,0.E0,0.E0));
#2918=DIRECTION('',(0.E0,1.E0,0.E0));
#2919=AXIS2_PLACEMENT_3D('',#2916,#2917,#2918);
#2920=CONICAL_SURFACE('',#2919,1.680722131515E-1,6.E1);
#2921=ORIENTED_EDGE('',*,*,#2787,.F.);
#2923=ORIENTED_EDGE('',*,*,#2922,.T.);
#2924=ORIENTED_EDGE('',*,*,#2905,.T.);
#2925=EDGE_LOOP('',(#2921,#2923,#2924));
#2926=FACE_OUTER_BOUND('',#2925,.F.);
#2927=ADVANCED_FACE('',(#2926),#2920,.T.);
#2928=CARTESIAN_POINT('',(-1.1E-1,-9.009E-2,-1.56E-1));
#2929=DIRECTION('',(0.E0,0.E0,-1.E0));
#2930=DIRECTION('',(0.E0,1.E0,0.E0));
#2931=AXIS2_PLACEMENT_3D('',#2928,#2929,#2930);
#2932=PLANE('',#2931);
#2934=ORIENTED_EDGE('',*,*,#2933,.F.);
#2936=ORIENTED_EDGE('',*,*,#2935,.F.);
#2938=ORIENTED_EDGE('',*,*,#2937,.T.);
#2939=ORIENTED_EDGE('',*,*,#2907,.T.);
#2940=ORIENTED_EDGE('',*,*,#2922,.F.);
#2941=EDGE_LOOP('',(#2934,#2936,#2938,#2939,#2940));
#2942=FACE_OUTER_BOUND('',#2941,.F.);
#2943=ADVANCED_FACE('',(#2942),#2932,.T.);
#2944=CARTESIAN_POINT('',(2.130303193799E-1,0.E0,0.E0));
#2945=DIRECTION('',(-1.E0,0.E0,0.E0));
#2946=DIRECTION('',(0.E0,1.E0,0.E0));
#2947=AXIS2_PLACEMENT_3D('',#2944,#2945,#2946);
#2948=CONICAL_SURFACE('',#2947,1.680718409465E-1,6.E1);
#2949=ORIENTED_EDGE('',*,*,#2785,.F.);
#2951=ORIENTED_EDGE('',*,*,#2950,.T.);
#2952=ORIENTED_EDGE('',*,*,#2933,.T.);
#2953=EDGE_LOOP('',(#2949,#2951,#2952));
#2954=FACE_OUTER_BOUND('',#2953,.F.);
#2955=ADVANCED_FACE('',(#2954),#2948,.T.);
#2956=CARTESIAN_POINT('',(-1.1E-1,9.009E-2,-1.56E-1));
#2957=DIRECTION('',(0.E0,8.660254037844E-1,-5.E-1));
#2958=DIRECTION('',(0.E0,5.E-1,8.660254037844E-1));
#2959=AXIS2_PLACEMENT_3D('',#2956,#2957,#2958);
#2960=PLANE('',#2959);
#2961=ORIENTED_EDGE('',*,*,#2809,.F.);
#2962=ORIENTED_EDGE('',*,*,#2826,.F.);
#2964=ORIENTED_EDGE('',*,*,#2963,.T.);
#2965=ORIENTED_EDGE('',*,*,#2935,.T.);
#2966=ORIENTED_EDGE('',*,*,#2950,.F.);
#2967=EDGE_LOOP('',(#2961,#2962,#2964,#2965,#2966));
#2968=FACE_OUTER_BOUND('',#2967,.F.);
#2969=ADVANCED_FACE('',(#2968),#2960,.T.);
#2970=CARTESIAN_POINT('',(-1.687187758276E-2,0.E0,0.E0));
#2971=DIRECTION('',(1.E0,0.E0,0.E0));
#2972=DIRECTION('',(0.E0,-1.E0,0.E0));
#2973=AXIS2_PLACEMENT_3D('',#2970,#2971,#2972);
#2974=CONICAL_SURFACE('',#2973,1.660783209968E-1,6.E1);
#2975=ORIENTED_EDGE('',*,*,#2909,.F.);
#2976=ORIENTED_EDGE('',*,*,#2937,.F.);
#2977=ORIENTED_EDGE('',*,*,#2963,.F.);
#2979=ORIENTED_EDGE('',*,*,#2978,.F.);
#2981=ORIENTED_EDGE('',*,*,#2980,.T.);
#2983=ORIENTED_EDGE('',*,*,#2982,.T.);
#2985=ORIENTED_EDGE('',*,*,#2984,.T.);
#2986=EDGE_LOOP('',(#2975,#2976,#2977,#2979,#2981,#2983,#2985));
#2987=FACE_OUTER_BOUND('',#2986,.F.);
#2988=ADVANCED_FACE('',(#2987),#2974,.T.);
#2989=CARTESIAN_POINT('',(-1.687187758276E-2,0.E0,0.E0));
#2990=DIRECTION('',(1.E0,0.E0,0.E0));
#2991=DIRECTION('',(0.E0,-1.E0,0.E0));
#2992=AXIS2_PLACEMENT_3D('',#2989,#2990,#2991);
#2993=CONICAL_SURFACE('',#2992,1.660783209968E-1,6.E1);
#2994=ORIENTED_EDGE('',*,*,#2824,.F.);
#2995=ORIENTED_EDGE('',*,*,#2853,.F.);
#2996=ORIENTED_EDGE('',*,*,#2881,.F.);
#2997=ORIENTED_EDGE('',*,*,#2984,.F.);
#2999=ORIENTED_EDGE('',*,*,#2998,.T.);
#3001=ORIENTED_EDGE('',*,*,#3000,.T.);
#3002=ORIENTED_EDGE('',*,*,#2978,.T.);
#3003=EDGE_LOOP('',(#2994,#2995,#2996,#2997,#2999,#3001,#3002));
#3004=FACE_OUTER_BOUND('',#3003,.F.);
#3005=ADVANCED_FACE('',(#3004),#2993,.T.);
#3006=CARTESIAN_POINT('',(-1.1E-1,0.E0,0.E0));
#3007=DIRECTION('',(-1.E0,0.E0,0.E0));
#3008=DIRECTION('',(0.E0,0.E0,1.E0));
#3009=AXIS2_PLACEMENT_3D('',#3006,#3007,#3008);
#3010=CYLINDRICAL_SURFACE('',#3009,1.52E-1);
#3011=ORIENTED_EDGE('',*,*,#2982,.F.);
#3013=ORIENTED_EDGE('',*,*,#3012,.F.);
#3015=ORIENTED_EDGE('',*,*,#3014,.T.);
#3017=ORIENTED_EDGE('',*,*,#3016,.T.);
#3018=ORIENTED_EDGE('',*,*,#2998,.F.);
#3019=EDGE_LOOP('',(#3011,#3013,#3015,#3017,#3018));
#3020=FACE_OUTER_BOUND('',#3019,.F.);
#3021=ADVANCED_FACE('',(#3020),#3010,.T.);
#3022=CARTESIAN_POINT('',(-1.1E-1,0.E0,0.E0));
#3023=DIRECTION('',(-1.E0,0.E0,0.E0));
#3024=DIRECTION('',(0.E0,0.E0,1.E0));
#3025=AXIS2_PLACEMENT_3D('',#3022,#3023,#3024);
#3026=CYLINDRICAL_SURFACE('',#3025,1.52E-1);
#3027=ORIENTED_EDGE('',*,*,#2980,.F.);
#3028=ORIENTED_EDGE('',*,*,#3000,.F.);
#3029=ORIENTED_EDGE('',*,*,#3016,.F.);
#3031=ORIENTED_EDGE('',*,*,#3030,.T.);
#3032=ORIENTED_EDGE('',*,*,#3012,.T.);
#3033=EDGE_LOOP('',(#3027,#3028,#3029,#3031,#3032));
#3034=FACE_OUTER_BOUND('',#3033,.F.);
#3035=ADVANCED_FACE('',(#3034),#3026,.T.);
#3036=CARTESIAN_POINT('',(-1.E-1,0.E0,0.E0));
#3037=DIRECTION('',(-1.E0,0.E0,0.E0));
#3038=DIRECTION('',(0.E0,0.E0,1.E0));
#3039=AXIS2_PLACEMENT_3D('',#3036,#3037,#3038);
#3040=TOROIDAL_SURFACE('',#3039,1.42E-1,1.E-2);
#3042=ORIENTED_EDGE('',*,*,#3041,.T.);
#3044=ORIENTED_EDGE('',*,*,#3043,.T.);
#3045=ORIENTED_EDGE('',*,*,#3030,.F.);
#3047=ORIENTED_EDGE('',*,*,#3046,.F.);
#3048=EDGE_LOOP('',(#3042,#3044,#3045,#3047));
#3049=FACE_OUTER_BOUND('',#3048,.F.);
#3050=ADVANCED_FACE('',(#3049),#3040,.T.);
#3051=CARTESIAN_POINT('',(-1.1E-1,0.E0,0.E0));
#3052=DIRECTION('',(1.E0,0.E0,0.E0));
#3053=DIRECTION('',(0.E0,0.E0,-1.E0));
#3054=AXIS2_PLACEMENT_3D('',#3051,#3052,#3053);
#3055=PLANE('',#3054);
#3057=ORIENTED_EDGE('',*,*,#3056,.F.);
#3058=ORIENTED_EDGE('',*,*,#3041,.F.);
#3059=EDGE_LOOP('',(#3057,#3058));
#3060=FACE_OUTER_BOUND('',#3059,.F.);
#3062=ORIENTED_EDGE('',*,*,#3061,.F.);
#3064=ORIENTED_EDGE('',*,*,#3063,.F.);
#3065=EDGE_LOOP('',(#3062,#3064));
#3066=FACE_BOUND('',#3065,.F.);
#3067=ADVANCED_FACE('',(#3060,#3066),#3055,.F.);
#3068=CARTESIAN_POINT('',(-1.E-1,0.E0,0.E0));
#3069=DIRECTION('',(-1.E0,0.E0,0.E0));
#3070=DIRECTION('',(0.E0,0.E0,1.E0));
#3071=AXIS2_PLACEMENT_3D('',#3068,#3069,#3070);
#3072=TOROIDAL_SURFACE('',#3071,1.42E-1,1.E-2);
#3073=ORIENTED_EDGE('',*,*,#3056,.T.);
#3074=ORIENTED_EDGE('',*,*,#3046,.T.);
#3075=ORIENTED_EDGE('',*,*,#3014,.F.);
#3076=ORIENTED_EDGE('',*,*,#3043,.F.);
#3077=EDGE_LOOP('',(#3073,#3074,#3075,#3076));
#3078=FACE_OUTER_BOUND('',#3077,.F.);
#3079=ADVANCED_FACE('',(#3078),#3072,.T.);
#3080=CARTESIAN_POINT('',(-1.075E-1,0.E0,0.E0));
#3081=DIRECTION('',(-1.E0,0.E0,0.E0));
#3082=DIRECTION('',(0.E0,-1.E0,0.E0));
#3083=AXIS2_PLACEMENT_3D('',#3080,#3081,#3082);
#3084=CONICAL_SURFACE('',#3083,1.325E-1,4.5E1);
#3085=ORIENTED_EDGE('',*,*,#3061,.T.);
#3087=ORIENTED_EDGE('',*,*,#3086,.T.);
#3089=ORIENTED_EDGE('',*,*,#3088,.F.);
#3091=ORIENTED_EDGE('',*,*,#3090,.F.);
#3092=EDGE_LOOP('',(#3085,#3087,#3089,#3091));
#3093=FACE_OUTER_BOUND('',#3092,.F.);
#3094=ADVANCED_FACE('',(#3093),#3084,.F.);
#3095=CARTESIAN_POINT('',(-1.075E-1,0.E0,0.E0));
#3096=DIRECTION('',(-1.E0,0.E0,0.E0));
#3097=DIRECTION('',(0.E0,-1.E0,0.E0));
#3098=AXIS2_PLACEMENT_3D('',#3095,#3096,#3097);
#3099=CONICAL_SURFACE('',#3098,1.325E-1,4.5E1);
#3100=ORIENTED_EDGE('',*,*,#3063,.T.);
#3101=ORIENTED_EDGE('',*,*,#3090,.T.);
#3103=ORIENTED_EDGE('',*,*,#3102,.F.);
#3104=ORIENTED_EDGE('',*,*,#3086,.F.);
#3105=EDGE_LOOP('',(#3100,#3101,#3103,#3104));
#3106=FACE_OUTER_BOUND('',#3105,.F.);
#3107=ADVANCED_FACE('',(#3106),#3099,.F.);
#3108=CARTESIAN_POINT('',(-1.1E-1,0.E0,0.E0));
#3109=DIRECTION('',(1.E0,0.E0,0.E0));
#3110=DIRECTION('',(0.E0,1.E0,0.E0));
#3111=AXIS2_PLACEMENT_3D('',#3108,#3109,#3110);
#3112=CYLINDRICAL_SURFACE('',#3111,1.3E-1);
#3113=ORIENTED_EDGE('',*,*,#3102,.T.);
#3115=ORIENTED_EDGE('',*,*,#3114,.T.);
#3117=ORIENTED_EDGE('',*,*,#3116,.F.);
#3119=ORIENTED_EDGE('',*,*,#3118,.F.);
#3120=EDGE_LOOP('',(#3113,#3115,#3117,#3119));
#3121=FACE_OUTER_BOUND('',#3120,.F.);
#3122=ADVANCED_FACE('',(#3121),#3112,.F.);
#3123=CARTESIAN_POINT('',(-1.1E-1,0.E0,0.E0));
#3124=DIRECTION('',(1.E0,0.E0,0.E0));
#3125=DIRECTION('',(0.E0,1.E0,0.E0));
#3126=AXIS2_PLACEMENT_3D('',#3123,#3124,#3125);
#3127=CYLINDRICAL_SURFACE('',#3126,1.3E-1);
#3128=ORIENTED_EDGE('',*,*,#3088,.T.);
#3129=ORIENTED_EDGE('',*,*,#3118,.T.);
#3131=ORIENTED_EDGE('',*,*,#3130,.F.);
#3132=ORIENTED_EDGE('',*,*,#3114,.F.);
#3133=EDGE_LOOP('',(#3128,#3129,#3131,#3132));
#3134=FACE_OUTER_BOUND('',#3133,.F.);
#3135=ADVANCED_FACE('',(#3134),#3127,.F.);
#3136=CARTESIAN_POINT('',(-7.5E-2,0.E0,0.E0));
#3137=DIRECTION('',(1.E0,0.E0,0.E0));
#3138=DIRECTION('',(0.E0,1.E0,0.E0));
#3139=AXIS2_PLACEMENT_3D('',#3136,#3137,#3138);
#3140=PLANE('',#3139);
#3141=ORIENTED_EDGE('',*,*,#3130,.T.);
#3142=ORIENTED_EDGE('',*,*,#3116,.T.);
#3143=EDGE_LOOP('',(#3141,#3142));
#3144=FACE_OUTER_BOUND('',#3143,.F.);
#3146=ORIENTED_EDGE('',*,*,#3145,.F.);
#3148=ORIENTED_EDGE('',*,*,#3147,.T.);
#3149=EDGE_LOOP('',(#3146,#3148));
#3150=FACE_BOUND('',#3149,.F.);
#3151=ADVANCED_FACE('',(#3144,#3150),#3140,.F.);
#3152=CARTESIAN_POINT('',(-6.825E-2,0.E0,0.E0));
#3153=DIRECTION('',(-1.E0,0.E0,0.E0));
#3154=DIRECTION('',(0.E0,1.E0,0.E0));
#3155=AXIS2_PLACEMENT_3D('',#3152,#3153,#3154);
#3156=CONICAL_SURFACE('',#3155,1.1825E-1,4.5E1);
#3157=ORIENTED_EDGE('',*,*,#3145,.T.);
#3159=ORIENTED_EDGE('',*,*,#3158,.F.);
#3161=ORIENTED_EDGE('',*,*,#3160,.F.);
#3163=ORIENTED_EDGE('',*,*,#3162,.T.);
#3164=EDGE_LOOP('',(#3157,#3159,#3161,#3163));
#3165=FACE_OUTER_BOUND('',#3164,.F.);
#3166=ADVANCED_FACE('',(#3165),#3156,.F.);
#3167=CARTESIAN_POINT('',(-6.821492289199E-2,9.045790905540E-3,
1.107834354483E-1));
#3168=CARTESIAN_POINT('',(-6.757211047752E-2,-7.062254272757E-3,
1.120987043457E-1));
#3169=CARTESIAN_POINT('',(-6.628648564858E-2,-3.984973799074E-2,
1.075898129698E-1));
#3170=CARTESIAN_POINT('',(-6.435804840517E-2,-8.157700849572E-2,
8.067826823023E-2));
#3171=CARTESIAN_POINT('',(-6.242961116176E-2,-1.080245018346E-1,
3.865747793934E-2));
#3172=CARTESIAN_POINT('',(-6.050117391835E-2,-1.142423047206E-1,
-1.060284043664E-2));
#3173=CARTESIAN_POINT('',(-5.857273667493E-2,-9.906517857490E-2,
-5.787750999955E-2));
#3174=CARTESIAN_POINT('',(-5.664429943152E-2,-6.533565617359E-2,
-9.431314391693E-2));
#3175=CARTESIAN_POINT('',(-5.471586218811E-2,-1.937039089011E-2,
-1.130862695760E-1));
#3176=CARTESIAN_POINT('',(-5.278742494470E-2,3.022244924845E-2,
-1.106811617428E-1));
#3177=CARTESIAN_POINT('',(-5.085898770129E-2,7.415537242013E-2,
-8.754825165556E-2));
#3178=CARTESIAN_POINT('',(-4.893055045788E-2,1.042008515807E-1,
-4.801976429886E-2));
#3179=CARTESIAN_POINT('',(-4.700211321447E-2,1.147321369880E-1,
5.016029794289E-4));
#3180=CARTESIAN_POINT('',(-4.507367597105E-2,1.037769978291E-1,
4.892902228984E-2));
#3181=CARTESIAN_POINT('',(-4.314523872764E-2,7.338706608665E-2,
8.819326891259E-2));
#3182=CARTESIAN_POINT('',(-4.121680148423E-2,2.925361263592E-2,
1.109411553884E-1));
#3183=CARTESIAN_POINT('',(-3.928836424082E-2,-2.035828678361E-2,
1.129125929331E-1));
#3184=CARTESIAN_POINT('',(-3.735992699741E-2,-6.615759130761E-2,
9.373839277580E-2));
#3185=CARTESIAN_POINT('',(-3.543148975400E-2,-9.956726902693E-2,
5.700940099938E-2));
#3186=CARTESIAN_POINT('',(-3.350305251059E-2,-1.143305530047E-1,
9.604021101819E-3));
#3187=CARTESIAN_POINT('',(-3.157461526718E-2,-1.076826694302E-1,
-3.959993681836E-2));
#3188=CARTESIAN_POINT('',(-2.964617802376E-2,-8.086860446821E-2,
-8.138784205939E-2));
#3189=CARTESIAN_POINT('',(-2.771774078035E-2,-3.890994664865E-2,
-1.079339048672E-1));
#3190=CARTESIAN_POINT('',(-2.578930353694E-2,1.033552970005E-2,
-1.142667421023E-1));
#3191=CARTESIAN_POINT('',(-2.386086629353E-2,5.764542350435E-2,
-9.920038529718E-2));
#3192=CARTESIAN_POINT('',(-2.193242905012E-2,9.415982329073E-2,
-6.555637843754E-2));
#3193=CARTESIAN_POINT('',(-2.000399180671E-2,1.130405369130E-1,
-1.963537331E-2));
#3194=CARTESIAN_POINT('',(-1.807555456330E-2,1.107517046134E-1,
2.996282034986E-2));
#3195=CARTESIAN_POINT('',(-1.614711731989E-2,8.772197071387E-2,
7.394975559530E-2));
#3196=CARTESIAN_POINT('',(-1.421868007648E-2,4.826420727958E-2,
1.040878313144E-1));
#3197=CARTESIAN_POINT('',(-1.229024283306E-2,-2.321758766235E-4,
1.147329781413E-1));
#3198=CARTESIAN_POINT('',(-1.036180558965E-2,-4.868507516918E-2,
1.038916430452E-1));
#3199=CARTESIAN_POINT('',(-8.433368346243E-3,-8.802053329340E-2,
7.359412769441E-2));
#3200=CARTESIAN_POINT('',(-6.504931102832E-3,-1.108720527302E-1,
2.951436468558E-2));
#3201=CARTESIAN_POINT('',(-4.576493859420E-3,-1.129601462171E-1,
-2.009266201187E-2));
#3202=CARTESIAN_POINT('',(-2.648056616009E-3,-9.389377105974E-2,
-6.593685896978E-2));
#3203=CARTESIAN_POINT('',(-7.196193725979E-4,-5.724356012656E-2,
-9.943281333173E-2));
#3204=CARTESIAN_POINT('',(1.208817870813E-3,-9.873135592868E-3,
-1.143076142652E-1));
#3205=CARTESIAN_POINT('',(3.137255114225E-3,3.934626709900E-2,
-1.077756034888E-1));
#3206=CARTESIAN_POINT('',(5.065692357636E-3,8.119714801972E-2,
-8.106005530641E-2));
#3207=CARTESIAN_POINT('',(6.994129601047E-3,1.078419375762E-1,
-3.916408939056E-2));
#3208=CARTESIAN_POINT('',(8.922566844459E-3,1.142907667799E-1,
1.006628166302E-2));
#3209=CARTESIAN_POINT('',(1.085100408787E-2,9.933593842930E-2,
5.741150362326E-2));
#3210=CARTESIAN_POINT('',(1.277944133128E-2,6.577809742628E-2,
9.400506018226E-2));
#3211=CARTESIAN_POINT('',(1.470787857469E-2,1.990174437662E-2,
1.129939381359E-1));
#3212=CARTESIAN_POINT('',(1.663631581810E-2,-2.970168527999E-2,
1.108220169235E-1));
#3213=CARTESIAN_POINT('',(1.856475306152E-2,-7.374277064054E-2,
8.789603742802E-2));
#3214=CARTESIAN_POINT('',(2.049319030493E-2,-1.039737696366E-1,
4.850943139075E-2));
#3215=CARTESIAN_POINT('',(2.242162754834E-2,-1.147332050697E-1,
3.827580052986E-5));
#3216=CARTESIAN_POINT('',(2.435006479175E-2,-1.040061119856E-1,
-4.844005160991E-2));
#3217=CARTESIAN_POINT('',(2.627850203516E-2,-7.380138961902E-2,
-8.784682666944E-2));
#3218=CARTESIAN_POINT('',(2.820693927857E-2,-2.977558928506E-2,
-1.108021863467E-1));
#3219=CARTESIAN_POINT('',(3.013537652199E-2,1.982640776582E-2,
-1.130071853392E-1));
#3220=CARTESIAN_POINT('',(3.206381376540E-2,6.571543988119E-2,
-9.404887839190E-2));
#3221=CARTESIAN_POINT('',(3.399225100881E-2,9.929768235254E-2,
-5.747765691416E-2));
#3222=CARTESIAN_POINT('',(3.592068825222E-2,1.142840478476E-1,
-1.014235594501E-2));
#3223=CARTESIAN_POINT('',(3.784912549564E-2,1.078679712274E-1,
3.909235218990E-2));
#3224=CARTESIAN_POINT('',(3.977756273905E-2,8.125100905192E-2,
8.100607985275E-2));
#3225=CARTESIAN_POINT('',(4.170599998246E-2,3.941782440027E-2,
1.077494632411E-1));
#3226=CARTESIAN_POINT('',(4.363443722587E-2,-9.797314404712E-3,
1.143141499393E-1));
#3227=CARTESIAN_POINT('',(4.556287446928E-2,-5.717766483496E-2,
9.947072657877E-2));
#3228=CARTESIAN_POINT('',(4.749131171270E-2,-9.385015319263E-2,
6.599900049884E-2));
#3229=CARTESIAN_POINT('',(4.941974895611E-2,-1.129467559785E-1,
2.016726807941E-2));
#3230=CARTESIAN_POINT('',(5.134818619952E-2,-1.108918959680E-1,
-2.944101504181E-2));
#3231=CARTESIAN_POINT('',(5.327662344294E-2,-8.806762564419E-2,
-7.353677558379E-2));
#3232=CARTESIAN_POINT('',(5.456224827188E-2,-6.186163234510E-2,
-9.375036463635E-2));
#3233=CARTESIAN_POINT('',(5.520506068635E-2,-4.723170687975E-2,
-1.006178941652E-1));
#3234=CARTESIAN_POINT('',(-7.094689453214E-2,9.430883858132E-3,
1.154996532672E-1));
#3235=CARTESIAN_POINT('',(-7.030408211767E-2,-7.362905081320E-3,
1.168709151440E-1));
#3236=CARTESIAN_POINT('',(-6.901845728873E-2,-4.154620139820E-2,
1.121700734664E-1));
#3237=CARTESIAN_POINT('',(-6.709002004532E-2,-8.504986469959E-2,
8.411286370642E-2));
#3238=CARTESIAN_POINT('',(-6.516158280190E-2,-1.126232676913E-1,
4.030318503945E-2));
#3239=CARTESIAN_POINT('',(-6.323314555849E-2,-1.191057718177E-1,
-1.105421933454E-2));
#3240=CARTESIAN_POINT('',(-6.130470831508E-2,-1.032825325371E-1,
-6.034144283275E-2));
#3241=CARTESIAN_POINT('',(-5.937627107167E-2,-6.811709353027E-2,
-9.832819660147E-2));
#3242=CARTESIAN_POINT('',(-5.744783382826E-2,-2.019501762520E-2,
-1.179005225145E-1));
#3243=CARTESIAN_POINT('',(-5.551939658485E-2,3.150906446398E-2,
-1.153930256160E-1));
#3244=CARTESIAN_POINT('',(-5.359095934144E-2,7.731227839043E-2,
-9.127531268055E-2));
#3245=CARTESIAN_POINT('',(-5.166252209802E-2,1.086368388832E-1,
-5.006403804006E-2));
#3246=CARTESIAN_POINT('',(-4.973408485461E-2,1.196164569830E-1,
5.229569742752E-4));
#3247=CARTESIAN_POINT('',(-4.780564761120E-2,1.081949410386E-1,
5.101200451414E-2));
#3248=CARTESIAN_POINT('',(-4.587721036779E-2,7.651126409834E-2,
9.194778929438E-2));
#3249=CARTESIAN_POINT('',(-4.394877312438E-2,3.049898301664E-2,
1.156640875829E-1));
#3250=CARTESIAN_POINT('',(-4.202033588097E-2,-2.122496973583E-2,
1.177194521952E-1));
#3251=CARTESIAN_POINT('',(-4.009189863756E-2,-6.897401968175E-2,
9.772897743801E-2));
#3252=CARTESIAN_POINT('',(-3.816346139415E-2,-1.038059977364E-1,
5.943637712403E-2));
#3253=CARTESIAN_POINT('',(-3.623502415073E-2,-1.191977769642E-1,
1.001287875523E-2));
#3254=CARTESIAN_POINT('',(-3.430658690732E-2,-1.122668829663E-1,
-4.128576581342E-2));
#3255=CARTESIAN_POINT('',(-3.237814966391E-2,-8.431130284493E-2,
-8.485264516295E-2));
#3256=CARTESIAN_POINT('',(-3.044971242050E-2,-4.056640172223E-2,
-1.125288138745E-1));
#3257=CARTESIAN_POINT('',(-2.852127517709E-2,1.077552877701E-2,
-1.191312495354E-1));
#3258=CARTESIAN_POINT('',(-2.659283793368E-2,6.009947606564E-2,
-1.034234952133E-1));
#3259=CARTESIAN_POINT('',(-2.466440069027E-2,9.816834888513E-2,
-6.834721227367E-2));
#3260=CARTESIAN_POINT('',(-2.273596344686E-2,1.178528429432E-1,
-2.047128074608E-2));
#3261=CARTESIAN_POINT('',(-2.080752620345E-2,1.154665716028E-1,
3.123838277187E-2));
#3262=CARTESIAN_POINT('',(-1.887908896003E-2,9.145642722100E-2,
7.709790814746E-2));
#3263=CARTESIAN_POINT('',(-1.695065171662E-2,5.031888732689E-2,
1.085190071738E-1));
#3264=CARTESIAN_POINT('',(-1.502221447321E-2,-2.420599536250E-4,
1.196173339453E-1));
#3265=CARTESIAN_POINT('',(-1.309377722980E-2,-5.075767219687E-2,
1.083144668743E-1));
#3266=CARTESIAN_POINT('',(-1.116533998639E-2,-9.176770005952E-2,
7.672714063082E-2));
#3267=CARTESIAN_POINT('',(-9.236902742979E-3,-1.155920431204E-1,
3.077083567406E-2));
#3268=CARTESIAN_POINT('',(-7.308465499567E-3,-1.177690298942E-1,
-2.094803691721E-2));
#3269=CARTESIAN_POINT('',(-5.380028256156E-3,-9.789097040968E-2,
-6.874389043562E-2));
#3270=CARTESIAN_POINT('',(-3.451591012745E-3,-5.968050475817E-2,
-1.036658180596E-1));
#3271=CARTESIAN_POINT('',(-1.523153769334E-3,-1.029344985577E-2,
-1.191738616880E-1));
#3272=CARTESIAN_POINT('',(4.052834740776E-4,4.102129699177E-2,
-1.123637733678E-1));
#3273=CARTESIAN_POINT('',(2.333720717489E-3,8.465383299059E-2,
-8.451090403386E-2));
#3274=CARTESIAN_POINT('',(4.262157960900E-3,1.124329313973E-1,
-4.083136370371E-2));
#3275=CARTESIAN_POINT('',(6.190595204312E-3,1.191562969798E-1,
1.049481844523E-2));
#3276=CARTESIAN_POINT('',(8.119032447723E-3,1.035648190465E-1,
5.985559786264E-2));
#3277=CARTESIAN_POINT('',(1.004746969113E-2,6.857837017393E-2,
9.800699727787E-2));
#3278=CARTESIAN_POINT('',(1.197590693455E-2,2.074899163048E-2,
1.178042603859E-1));
#3279=CARTESIAN_POINT('',(1.390434417796E-2,-3.096613078849E-2,
1.155398772140E-1));
#3280=CARTESIAN_POINT('',(1.583278142137E-2,-7.688211153121E-2,
9.163790421751E-2));
#3281=CARTESIAN_POINT('',(1.776121866478E-2,-1.084000897185E-1,
5.057455099807E-2));
#3282=CARTESIAN_POINT('',(1.968965590819E-2,-1.196175705345E-1,
3.990525904740E-5));
#3283=CARTESIAN_POINT('',(2.161809315160E-2,-1.084338089300E-1,
-5.050221761539E-2));
#3284=CARTESIAN_POINT('',(2.354653039502E-2,-7.694322600794E-2,
-9.158659848277E-2));
#3285=CARTESIAN_POINT('',(2.547496763843E-2,-3.104318099845E-2,
-1.155192024197E-1));
#3286=CARTESIAN_POINT('',(2.740340488184E-2,2.067044782661E-2,
-1.178180715426E-1));
#3287=CARTESIAN_POINT('',(2.933184212525E-2,6.851304520270E-2,
-9.805268089474E-2));
#3288=CARTESIAN_POINT('',(3.126027936866E-2,1.035249343509E-1,
-5.992456739885E-2));
#3289=CARTESIAN_POINT('',(3.318871661208E-2,1.191492920124E-1,
-1.057413132407E-2));
#3290=CARTESIAN_POINT('',(3.511715385549E-2,1.124600733402E-1,
4.075657254230E-2));
#3291=CARTESIAN_POINT('',(3.704559109890E-2,8.470998696811E-2,
8.445463076378E-2));
#3292=CARTESIAN_POINT('',(3.897402834231E-2,4.109590059521E-2,
1.123365202904E-1));
#3293=CARTESIAN_POINT('',(4.090246558573E-2,-1.021440084535E-2,
1.191806755956E-1));
#3294=CARTESIAN_POINT('',(4.283090282914E-2,-5.961180420469E-2,
1.037053453307E-1));
#3295=CARTESIAN_POINT('',(4.475934007255E-2,-9.784549566421E-2,
6.880867742322E-2));
#3296=CARTESIAN_POINT('',(4.668777731596E-2,-1.177550696129E-1,
2.102581907749E-2));
#3297=CARTESIAN_POINT('',(4.861621455938E-2,-1.156127311147E-1,
-3.069436342539E-2));
#3298=CARTESIAN_POINT('',(5.054465180279E-2,-9.181679720266E-2,
-7.666734695442E-2));
#3299=CARTESIAN_POINT('',(5.183027663173E-2,-6.449517527138E-2,
-9.774145895870E-2));
#3300=CARTESIAN_POINT('',(5.247308904620E-2,-4.924243182886E-2,
-1.049013495703E-1));
#3301=CARTESIAN_POINT('',(-7.367886617229E-2,9.815976810723E-3,
1.202158710861E-1));
#3302=CARTESIAN_POINT('',(-7.303605375782E-2,-7.663555889883E-3,
1.216431259422E-1));
#3303=CARTESIAN_POINT('',(-7.175042892887E-2,-4.324266480567E-2,
1.167503339630E-1));
#3304=CARTESIAN_POINT('',(-6.982199168546E-2,-8.852272090346E-2,
8.754745918261E-2));
#3305=CARTESIAN_POINT('',(-6.789355444205E-2,-1.172220335481E-1,
4.194889213957E-2));
#3306=CARTESIAN_POINT('',(-6.596511719864E-2,-1.239692389147E-1,
-1.150559823244E-2));
#3307=CARTESIAN_POINT('',(-6.403667995523E-2,-1.074998864992E-1,
-6.280537566594E-2));
#3308=CARTESIAN_POINT('',(-6.210824271182E-2,-7.089853088695E-2,
-1.023432492860E-1));
#3309=CARTESIAN_POINT('',(-6.017980546840E-2,-2.101964436029E-2,
-1.227147754531E-1));
#3310=CARTESIAN_POINT('',(-5.825136822499E-2,3.279567967952E-2,
-1.201048894891E-1));
#3311=CARTESIAN_POINT('',(-5.632293098158E-2,8.046918436073E-2,
-9.500237370555E-2));
#3312=CARTESIAN_POINT('',(-5.439449373817E-2,1.130728261857E-1,
-5.210831178127E-2));
#3313=CARTESIAN_POINT('',(-5.246605649476E-2,1.245007769779E-1,
5.443109691176E-4));
#3314=CARTESIAN_POINT('',(-5.053761925135E-2,1.126128842480E-1,
5.309498673844E-2));
#3315=CARTESIAN_POINT('',(-4.860918200794E-2,7.963546211005E-2,
9.570230967616E-2));
#3316=CARTESIAN_POINT('',(-4.668074476453E-2,3.174435339736E-2,
1.203870197774E-1));
#3317=CARTESIAN_POINT('',(-4.475230752111E-2,-2.209165268805E-2,
1.225263114573E-1));
#3318=CARTESIAN_POINT('',(-4.282387027770E-2,-7.179044805590E-2,
1.017195621002E-1));
#3319=CARTESIAN_POINT('',(-4.089543303429E-2,-1.080447264458E-1,
6.186335324868E-2));
#3320=CARTESIAN_POINT('',(-3.896699579088E-2,-1.240650009237E-1,
1.042173640864E-2));
#3321=CARTESIAN_POINT('',(-3.703855854747E-2,-1.168510965023E-1,
-4.297159480848E-2));
#3322=CARTESIAN_POINT('',(-3.511012130406E-2,-8.775400122165E-2,
-8.831744826650E-2));
#3323=CARTESIAN_POINT('',(-3.318168406065E-2,-4.222285679583E-2,
-1.171237228818E-1));
#3324=CARTESIAN_POINT('',(-3.125324681724E-2,1.121552785395E-2,
-1.239957569686E-1));
#3325=CARTESIAN_POINT('',(-2.932480957383E-2,6.255352862693E-2,
-1.076466051294E-1));
#3326=CARTESIAN_POINT('',(-2.739637233041E-2,1.021768744795E-1,
-7.113804610980E-2));
#3327=CARTESIAN_POINT('',(-2.546793508700E-2,1.226651489734E-1,
-2.130718818217E-2));
#3328=CARTESIAN_POINT('',(-2.353949784359E-2,1.201814385923E-1,
3.251394519387E-2));
#3329=CARTESIAN_POINT('',(-2.161106060018E-2,9.519088372814E-2,
8.024606069961E-2));
#3330=CARTESIAN_POINT('',(-1.968262335677E-2,5.237356737421E-2,
1.129501830332E-1));
#3331=CARTESIAN_POINT('',(-1.775418611336E-2,-2.519440306106E-4,
1.245016897494E-1));
#3332=CARTESIAN_POINT('',(-1.582574886995E-2,-5.283026922456E-2,
1.127372907034E-1));
#3333=CARTESIAN_POINT('',(-1.389731162654E-2,-9.551486682565E-2,
7.986015356725E-2));
#3334=CARTESIAN_POINT('',(-1.196887438313E-2,-1.203120335105E-1,
3.202730666255E-2));
#3335=CARTESIAN_POINT('',(-1.004043713971E-2,-1.225779135713E-1,
-2.180341182253E-2));
#3336=CARTESIAN_POINT('',(-8.111999896303E-3,-1.018881697596E-1,
-7.155092190144E-2));
#3337=CARTESIAN_POINT('',(-6.183562652892E-3,-6.211744938980E-2,
-1.078988227874E-1));
#3338=CARTESIAN_POINT('',(-4.255125409481E-3,-1.071376411868E-2,
-1.240401091108E-1));
#3339=CARTESIAN_POINT('',(-2.326688166069E-3,4.269632688453E-2,
-1.169519432469E-1));
#3340=CARTESIAN_POINT('',(-3.982509226580E-4,8.811051796146E-2,
-8.796175276132E-2));
#3341=CARTESIAN_POINT('',(1.530186320753E-3,1.170239252185E-1,
-4.249863801689E-2));
#3342=CARTESIAN_POINT('',(3.458623564165E-3,1.240218271797E-1,
1.092335522742E-2));
#3343=CARTESIAN_POINT('',(5.387060807576E-3,1.077936996638E-1,
6.229969210202E-2));
#3344=CARTESIAN_POINT('',(7.315498050988E-3,7.137864292159E-2,
1.020089343735E-1));
#3345=CARTESIAN_POINT('',(9.243935294399E-3,2.159623888436E-2,
1.226145826359E-1));
#3346=CARTESIAN_POINT('',(1.117237253781E-2,-3.223057629698E-2,
1.202577375044E-1));
#3347=CARTESIAN_POINT('',(1.310080978122E-2,-8.002145242186E-2,
9.537977100703E-2));
#3348=CARTESIAN_POINT('',(1.502924702463E-2,-1.128264098003E-1,
5.263967060541E-2));
#3349=CARTESIAN_POINT('',(1.695768426805E-2,-1.245019359993E-1,
4.153471758755E-5));
#3350=CARTESIAN_POINT('',(1.888612151146E-2,-1.128615058744E-1,
-5.256438362085E-2));
#3351=CARTESIAN_POINT('',(2.081455875487E-2,-8.008506239690E-2,
-9.532637029609E-2));
#3352=CARTESIAN_POINT('',(2.274299599828E-2,-3.231077271187E-2,
-1.202362184926E-1));
#3353=CARTESIAN_POINT('',(2.467143324169E-2,2.151448788738E-2,
-1.226289577460E-1));
#3354=CARTESIAN_POINT('',(2.659987048510E-2,7.131065052420E-2,
-1.020564833976E-1));
#3355=CARTESIAN_POINT('',(2.852830772852E-2,1.077521863493E-1,
-6.237147788356E-2));
#3356=CARTESIAN_POINT('',(3.045674497193E-2,1.240145361773E-1,
-1.100590670315E-2));
#3357=CARTESIAN_POINT('',(3.238518221534E-2,1.170521754531E-1,
4.242079289468E-2));
#3358=CARTESIAN_POINT('',(3.431361945875E-2,8.816896488433E-2,
8.790318167480E-2));
#3359=CARTESIAN_POINT('',(3.624205670217E-2,4.277397679017E-2,
1.169235773397E-1));
#3360=CARTESIAN_POINT('',(3.817049394558E-2,-1.063148728597E-2,
1.240472012519E-1));
#3361=CARTESIAN_POINT('',(4.009893118899E-2,-6.204594357440E-2,
1.079399640826E-1));
#3362=CARTESIAN_POINT('',(4.202736843240E-2,-1.018408381358E-1,
7.161835434763E-2));
#3363=CARTESIAN_POINT('',(4.395580567582E-2,-1.225633832474E-1,
2.188437007559E-2));
#3364=CARTESIAN_POINT('',(4.588424291923E-2,-1.203335662614E-1,
-3.194771180896E-2));
#3365=CARTESIAN_POINT('',(4.781268016264E-2,-9.556596876116E-2,
-7.979791832503E-2));
#3366=CARTESIAN_POINT('',(4.909830499158E-2,-6.712871819767E-2,
-1.017325532810E-1));
#3367=CARTESIAN_POINT('',(4.974111740605E-2,-5.125315677800E-2,
-1.091848049754E-1));
#3368=CARTESIAN_POINT('',(-7.641083781243E-2,1.020106976331E-2,
1.249320889051E-1));
#3369=CARTESIAN_POINT('',(-7.576802539796E-2,-7.964206698447E-3,
1.264153367405E-1));
#3370=CARTESIAN_POINT('',(-7.448240056902E-2,-4.493912821314E-2,
1.213305944596E-1));
#3371=CARTESIAN_POINT('',(-7.255396332561E-2,-9.199557710732E-2,
9.098205465880E-2));
#3372=CARTESIAN_POINT('',(-7.062552608220E-2,-1.218207994048E-1,
4.359459923968E-2));
#3373=CARTESIAN_POINT('',(-6.869708883879E-2,-1.288327060117E-1,
-1.195697713035E-2));
#3374=CARTESIAN_POINT('',(-6.676865159537E-2,-1.117172404614E-1,
-6.526930849913E-2));
#3375=CARTESIAN_POINT('',(-6.484021435196E-2,-7.367996824363E-2,
-1.063583019706E-1));
#3376=CARTESIAN_POINT('',(-6.291177710855E-2,-2.184427109538E-2,
-1.275290283917E-1));
#3377=CARTESIAN_POINT('',(-6.098333986514E-2,3.408229489505E-2,
-1.248167533622E-1));
#3378=CARTESIAN_POINT('',(-5.905490262173E-2,8.362609033103E-2,
-9.872943473053E-2));
#3379=CARTESIAN_POINT('',(-5.712646537832E-2,1.175088134881E-1,
-5.415258552247E-2));
#3380=CARTESIAN_POINT('',(-5.519802813491E-2,1.293850969728E-1,
5.656649639639E-4));
#3381=CARTESIAN_POINT('',(-5.326959089150E-2,1.170308274574E-1,
5.517796896274E-2));
#3382=CARTESIAN_POINT('',(-5.134115364808E-2,8.275966012174E-2,
9.945683005794E-2));
#3383=CARTESIAN_POINT('',(-4.941271640467E-2,3.298972377808E-2,
1.251099519719E-1));
#3384=CARTESIAN_POINT('',(-4.748427916126E-2,-2.295833564027E-2,
1.273331707194E-1));
#3385=CARTESIAN_POINT('',(-4.555584191785E-2,-7.460687643004E-2,
1.057101467624E-1));
#3386=CARTESIAN_POINT('',(-4.362740467444E-2,-1.122834551553E-1,
6.429032937333E-2));
#3387=CARTESIAN_POINT('',(-4.169896743103E-2,-1.289322248832E-1,
1.083059406205E-2));
#3388=CARTESIAN_POINT('',(-3.977053018762E-2,-1.214353100384E-1,
-4.465742380353E-2));
#3389=CARTESIAN_POINT('',(-3.784209294421E-2,-9.119669959836E-2,
-9.178225137006E-2));
#3390=CARTESIAN_POINT('',(-3.591365570079E-2,-4.387931186942E-2,
-1.217186318891E-1));
#3391=CARTESIAN_POINT('',(-3.398521845738E-2,1.165552693091E-2,
-1.288602644018E-1));
#3392=CARTESIAN_POINT('',(-3.205678121397E-2,6.500758118822E-2,
-1.118697150455E-1));
#3393=CARTESIAN_POINT('',(-3.012834397056E-2,1.061854000739E-1,
-7.392887994593E-2));
#3394=CARTESIAN_POINT('',(-2.819990672715E-2,1.274774550035E-1,
-2.214309561826E-2));
#3395=CARTESIAN_POINT('',(-2.627146948374E-2,1.248963055817E-1,
3.378950761588E-2));
#3396=CARTESIAN_POINT('',(-2.434303224033E-2,9.892534023526E-2,
8.339421325177E-2));
#3397=CARTESIAN_POINT('',(-2.241459499692E-2,5.442824742152E-2,
1.173813588926E-1));
#3398=CARTESIAN_POINT('',(-2.048615775351E-2,-2.618281076122E-4,
1.293860455535E-1));
#3399=CARTESIAN_POINT('',(-1.855772051009E-2,-5.490286625226E-2,
1.171601145324E-1));
#3400=CARTESIAN_POINT('',(-1.662928326668E-2,-9.926203359177E-2,
8.299316650367E-2));
#3401=CARTESIAN_POINT('',(-1.470084602327E-2,-1.250320239007E-1,
3.328377765102E-2));
#3402=CARTESIAN_POINT('',(-1.277240877986E-2,-1.273867972483E-1,
-2.265878672788E-2));
#3403=CARTESIAN_POINT('',(-1.084397153645E-2,-1.058853691096E-1,
-7.435795336728E-2));
#3404=CARTESIAN_POINT('',(-8.915534293039E-3,-6.455439402141E-2,
-1.121318275153E-1));
#3405=CARTESIAN_POINT('',(-6.987097049628E-3,-1.113407838158E-2,
-1.289063565336E-1));
#3406=CARTESIAN_POINT('',(-5.058659806216E-3,4.437135677731E-2,
-1.215401131259E-1));
#3407=CARTESIAN_POINT('',(-3.130222562805E-3,9.156720293233E-2,
-9.141260148876E-2));
#3408=CARTESIAN_POINT('',(-1.201785319394E-3,1.216149190396E-1,
-4.416591233004E-2));
#3409=CARTESIAN_POINT('',(7.266519240177E-4,1.288873573797E-1,
1.135189200963E-2));
#3410=CARTESIAN_POINT('',(2.655089167429E-3,1.120225802811E-1,
6.474378634141E-2));
#3411=CARTESIAN_POINT('',(4.583526410841E-3,7.417891566924E-2,
1.060108714691E-1));
#3412=CARTESIAN_POINT('',(6.511963654252E-3,2.244348613822E-2,
1.274249048859E-1));
#3413=CARTESIAN_POINT('',(8.440400897664E-3,-3.349502180548E-2,
1.249755977949E-1));
#3414=CARTESIAN_POINT('',(1.036883814108E-2,-8.316079331253E-2,
9.912163779652E-2));
#3415=CARTESIAN_POINT('',(1.229727538449E-2,-1.172527298821E-1,
5.470479021273E-2));
#3416=CARTESIAN_POINT('',(1.422571262790E-2,-1.293863014640E-1,
4.316417610490E-5));
#3417=CARTESIAN_POINT('',(1.615414987131E-2,-1.172892028188E-1,
-5.462654962633E-2));
#3418=CARTESIAN_POINT('',(1.808258711472E-2,-8.322689878582E-2,
-9.906614210943E-2));
#3419=CARTESIAN_POINT('',(2.001102435813E-2,-3.357836442526E-2,
-1.249532345655E-1));
#3420=CARTESIAN_POINT('',(2.193946160155E-2,2.235852794817E-2,
-1.274398439494E-1));
#3421=CARTESIAN_POINT('',(2.386789884496E-2,7.410825584571E-2,
-1.060602859004E-1));
#3422=CARTESIAN_POINT('',(2.579633608837E-2,1.119794383477E-1,
-6.481838836825E-2));
#3423=CARTESIAN_POINT('',(2.772477333178E-2,1.288797803421E-1,
-1.143768208220E-2));
#3424=CARTESIAN_POINT('',(2.965321057519E-2,1.216442775660E-1,
4.408501324707E-2));
#3425=CARTESIAN_POINT('',(3.158164781861E-2,9.162794280052E-2,
9.135173258583E-2));
#3426=CARTESIAN_POINT('',(3.351008506202E-2,4.445205298511E-2,
1.215106343890E-1));
#3427=CARTESIAN_POINT('',(3.543852230543E-2,-1.104857372661E-2,
1.289137269081E-1));
#3428=CARTESIAN_POINT('',(3.736695954884E-2,-6.448008294413E-2,
1.121745828346E-1));
#3429=CARTESIAN_POINT('',(3.929539679226E-2,-1.058361806074E-1,
7.442803127202E-2));
#3430=CARTESIAN_POINT('',(4.122383403567E-2,-1.273716968818E-1,
2.274292107367E-2));
#3431=CARTESIAN_POINT('',(4.315227127908E-2,-1.250544014081E-1,
-3.320106019255E-2));
#3432=CARTESIAN_POINT('',(4.508070852249E-2,-9.931514031963E-2,
-8.292848969566E-2));
#3433=CARTESIAN_POINT('',(4.636633335144E-2,-6.976226112395E-2,
-1.057236476034E-1));
#3434=CARTESIAN_POINT('',(4.700914576591E-2,-5.326388172711E-2,
-1.134682603805E-1));
#3435=B_SPLINE_SURFACE_WITH_KNOTS('',3,3,((#3167,#3168,#3169,#3170,#3171,#3172,
#3173,#3174,#3175,#3176,#3177,#3178,#3179,#3180,#3181,#3182,#3183,#3184,#3185,
#3186,#3187,#3188,#3189,#3190,#3191,#3192,#3193,#3194,#3195,#3196,#3197,#3198,
#3199,#3200,#3201,#3202,#3203,#3204,#3205,#3206,#3207,#3208,#3209,#3210,#3211,
#3212,#3213,#3214,#3215,#3216,#3217,#3218,#3219,#3220,#3221,#3222,#3223,#3224,
#3225,#3226,#3227,#3228,#3229,#3230,#3231,#3232,#3233),(#3234,#3235,#3236,#3237,
#3238,#3239,#3240,#3241,#3242,#3243,#3244,#3245,#3246,#3247,#3248,#3249,#3250,
#3251,#3252,#3253,#3254,#3255,#3256,#3257,#3258,#3259,#3260,#3261,#3262,#3263,
#3264,#3265,#3266,#3267,#3268,#3269,#3270,#3271,#3272,#3273,#3274,#3275,#3276,
#3277,#3278,#3279,#3280,#3281,#3282,#3283,#3284,#3285,#3286,#3287,#3288,#3289,
#3290,#3291,#3292,#3293,#3294,#3295,#3296,#3297,#3298,#3299,#3300),(#3301,#3302,
#3303,#3304,#3305,#3306,#3307,#3308,#3309,#3310,#3311,#3312,#3313,#3314,#3315,
#3316,#3317,#3318,#3319,#3320,#3321,#3322,#3323,#3324,#3325,#3326,#3327,#3328,
#3329,#3330,#3331,#3332,#3333,#3334,#3335,#3336,#3337,#3338,#3339,#3340,#3341,
#3342,#3343,#3344,#3345,#3346,#3347,#3348,#3349,#3350,#3351,#3352,#3353,#3354,
#3355,#3356,#3357,#3358,#3359,#3360,#3361,#3362,#3363,#3364,#3365,#3366,#3367),(
#3368,#3369,#3370,#3371,#3372,#3373,#3374,#3375,#3376,#3377,#3378,#3379,#3380,
#3381,#3382,#3383,#3384,#3385,#3386,#3387,#3388,#3389,#3390,#3391,#3392,#3393,
#3394,#3395,#3396,#3397,#3398,#3399,#3400,#3401,#3402,#3403,#3404,#3405,#3406,
#3407,#3408,#3409,#3410,#3411,#3412,#3413,#3414,#3415,#3416,#3417,#3418,#3419,
#3420,#3421,#3422,#3423,#3424,#3425,#3426,#3427,#3428,#3429,#3430,#3431,#3432,
#3433,#3434)),.UNSPECIFIED.,.F.,.F.,.F.,(4,4),(4,1,1,1,1,1,1,1,1,1,1,1,1,1,1,1,
1,1,1,1,1,1,1,1,1,1,1,1,1,1,1,1,1,1,1,1,1,1,1,1,1,1,1,1,1,1,1,1,1,1,1,1,1,1,1,1,
1,1,1,1,1,1,1,1,4),(-2.576817618896E-2,1.025768198383E0),(4.193779650515E-2,
5.422083627210E-2,6.650387603906E-2,7.878691580601E-2,9.106995557297E-2,
1.033529953399E-1,1.156360351069E-1,1.279190748738E-1,1.402021146408E-1,
1.524851544077E-1,1.647681941747E-1,1.770512339417E-1,1.893342737086E-1,
2.016173134756E-1,2.139003532425E-1,2.261833930095E-1,2.384664327764E-1,
2.507494725434E-1,2.630325123103E-1,2.753155520773E-1,2.875985918443E-1,
2.998816316112E-1,3.121646713782E-1,3.244477111451E-1,3.367307509121E-1,
3.490137906790E-1,3.612968304460E-1,3.735798702129E-1,3.858629099799E-1,
3.981459497468E-1,4.104289895138E-1,4.227120292808E-1,4.349950690477E-1,
4.472781088147E-1,4.595611485816E-1,4.718441883486E-1,4.841272281155E-1,
4.964102678825E-1,5.086933076494E-1,5.209763474164E-1,5.332593871834E-1,
5.455424269503E-1,5.578254667173E-1,5.701085064842E-1,5.823915462512E-1,
5.946745860181E-1,6.069576257851E-1,6.192406655520E-1,6.315237053190E-1,
6.438067450860E-1,6.560897848529E-1,6.683728246199E-1,6.806558643868E-1,
6.929389041538E-1,7.052219439207E-1,7.175049836877E-1,7.297880234546E-1,
7.420710632216E-1,7.543541029885E-1,7.666371427555E-1,7.789201825225E-1,
7.912032222894E-1,8.034862620564E-1,8.157693018233E-1,8.280523415903E-1),
.UNSPECIFIED.);
#3437=ORIENTED_EDGE('',*,*,#3436,.F.);
#3438=ORIENTED_EDGE('',*,*,#3158,.T.);
#3440=ORIENTED_EDGE('',*,*,#3439,.T.);
#3442=ORIENTED_EDGE('',*,*,#3441,.F.);
#3444=ORIENTED_EDGE('',*,*,#3443,.F.);
#3446=ORIENTED_EDGE('',*,*,#3445,.T.);
#3448=ORIENTED_EDGE('',*,*,#3447,.T.);
#3450=ORIENTED_EDGE('',*,*,#3449,.T.);
#3452=ORIENTED_EDGE('',*,*,#3451,.T.);
#3453=EDGE_LOOP('',(#3437,#3438,#3440,#3442,#3444,#3446,#3448,#3450,#3452));
#3454=FACE_OUTER_BOUND('',#3453,.F.);
#3455=ADVANCED_FACE('',(#3454),#3435,.F.);
#3456=CARTESIAN_POINT('',(-8.105E-2,0.E0,0.E0));
#3457=DIRECTION('',(1.E0,0.E0,0.E0));
#3458=DIRECTION('',(0.E0,-1.E0,0.E0));
#3459=AXIS2_PLACEMENT_3D('',#3456,#3457,#3458);
#3460=CYLINDRICAL_SURFACE('',#3459,1.115E-1);
#3462=ORIENTED_EDGE('',*,*,#3461,.T.);
#3463=ORIENTED_EDGE('',*,*,#3160,.T.);
#3464=ORIENTED_EDGE('',*,*,#3436,.T.);
#3466=ORIENTED_EDGE('',*,*,#3465,.T.);
#3467=EDGE_LOOP('',(#3462,#3463,#3464,#3466));
#3468=FACE_OUTER_BOUND('',#3467,.F.);
#3469=ADVANCED_FACE('',(#3468),#3460,.F.);
#3470=CARTESIAN_POINT('',(-7.600915108074E-2,-1.249321324762E-1,
1.020053298677E-2));
#3471=CARTESIAN_POINT('',(-7.536633866256E-2,-1.264153008149E-1,
-7.964732246280E-3));
#3472=CARTESIAN_POINT('',(-7.408071382621E-2,-1.213304126444E-1,
-4.493959601648E-2));
#3473=CARTESIAN_POINT('',(-7.215227657169E-2,-9.098172949795E-2,
-9.199588766291E-2));
#3474=CARTESIAN_POINT('',(-7.022383931716E-2,-4.359422112225E-2,
-1.218209265922E-1));
#3475=CARTESIAN_POINT('',(-6.829540206263E-2,1.195732464586E-2,
-1.288326662630E-1));
#3476=CARTESIAN_POINT('',(-6.636696480811E-2,6.526956566381E-2,
-1.117170817914E-1));
#3477=CARTESIAN_POINT('',(-6.443852755358E-2,1.063584419407E-1,
-7.367975375563E-2));
#3478=CARTESIAN_POINT('',(-6.251009029906E-2,1.275290573080E-1,
-2.184406146780E-2));
#3479=CARTESIAN_POINT('',(-6.058165304453E-2,1.248167025112E-1,
3.408245570652E-2));
#3480=CARTESIAN_POINT('',(-5.865321579001E-2,9.872934762382E-2,
8.362618311649E-2));
#3481=CARTESIAN_POINT('',(-5.672477853548E-2,5.415250367253E-2,
1.175088442727E-1));
#3482=CARTESIAN_POINT('',(-5.479634128096E-2,-5.657138245276E-4,
1.293850906621E-1));
#3483=CARTESIAN_POINT('',(-5.286790402643E-2,-5.517797739533E-2,
1.170308169658E-1));
#3484=CARTESIAN_POINT('',(-5.093946677191E-2,-9.945681088595E-2,
8.275967426890E-2));
#3485=CARTESIAN_POINT('',(-4.901102951738E-2,-1.251099321823E-1,
3.298977733247E-2));
#3486=CARTESIAN_POINT('',(-4.708259226286E-2,-1.273331813198E-1,
-2.295824714116E-2));
#3487=CARTESIAN_POINT('',(-4.515415500833E-2,-1.057102115779E-1,
-7.460677581887E-2));
#3488=CARTESIAN_POINT('',(-4.322571775380E-2,-6.429045594582E-2,
-1.122833770995E-1));
#3489=CARTESIAN_POINT('',(-4.129728049928E-2,-1.083076918787E-2,
-1.289322055258E-1));
#3490=CARTESIAN_POINT('',(-3.936884324475E-2,4.465723260954E-2,
-1.214353756481E-1));
#3491=CARTESIAN_POINT('',(-3.744040599023E-2,9.178208874877E-2,
-9.119685731563E-2));
#3492=CARTESIAN_POINT('',(-3.551196873570E-2,1.217185435853E-1,
-4.387954511087E-2));
#3493=CARTESIAN_POINT('',(-3.358353148118E-2,1.288602850544E-1,
1.165525701018E-2));
#3494=CARTESIAN_POINT('',(-3.165509422665E-2,1.118698579347E-1,
6.500732828700E-2));
#3495=CARTESIAN_POINT('',(-2.972665697213E-2,7.392913139271E-2,
1.061852209985E-1));
#3496=CARTESIAN_POINT('',(-2.779821971760E-2,2.214341565031E-2,
1.274773963050E-1));
#3497=CARTESIAN_POINT('',(-2.586978246308E-2,-3.378917820574E-2,
1.248963917685E-1));
#3498=CARTESIAN_POINT('',(-2.394134520855E-2,-8.339394086575E-2,
9.892556646172E-2));
#3499=CARTESIAN_POINT('',(-2.201290795403E-2,-1.173812027435E-1,
5.442857856725E-2));
#3500=CARTESIAN_POINT('',(-2.008447069950E-2,-1.293860441943E-1,
-2.614515068950E-4));
#3501=CARTESIAN_POINT('',(-1.815603344498E-2,-1.171602764267E-1,
-5.490251634492E-2));
#3502=CARTESIAN_POINT('',(-1.622759619045E-2,-8.299346690428E-2,
-9.926178029071E-2));
#3503=CARTESIAN_POINT('',(-1.429915893593E-2,-3.328416265823E-2,
-1.250319199687E-1));
#3504=CARTESIAN_POINT('',(-1.237072168140E-2,2.265838966729E-2,
-1.273868667099E-1));
#3505=CARTESIAN_POINT('',(-1.044228442688E-2,7.435762072131E-2,
-1.058856016122E-1));
#3506=CARTESIAN_POINT('',(-8.513847172350E-3,1.121316238636E-1,
-6.455474646892E-2));
#3507=CARTESIAN_POINT('',(-6.585409917825E-3,1.289063211411E-1,
-1.113448355498E-2));
#3508=CARTESIAN_POINT('',(-4.656972663299E-3,1.215402518261E-1,
4.437097644750E-2));
#3509=CARTESIAN_POINT('',(-2.728535408774E-3,9.141288564381E-2,
9.156691942239E-2));
#3510=CARTESIAN_POINT('',(-8.000981542481E-4,4.416628506967E-2,
1.216147840748E-1));
#3511=CARTESIAN_POINT('',(1.128339100277E-3,-1.135150367245E-2,
1.288873922225E-1));
#3512=CARTESIAN_POINT('',(3.056776354803E-3,-6.474345620832E-2,
1.120227721223E-1));
#3513=CARTESIAN_POINT('',(4.985213609329E-3,-1.060106590333E-1,
7.417922129921E-2));
#3514=CARTESIAN_POINT('',(6.913650863855E-3,-1.274248436705E-1,
2.244384195400E-2));
#3515=CARTESIAN_POINT('',(8.842088118380E-3,-1.249756896128E-1,
-3.349468579249E-2));
#3516=CARTESIAN_POINT('',(1.077052537291E-2,-9.912185402528E-2,
-8.316053865408E-2));
#3517=CARTESIAN_POINT('',(1.269896262743E-2,-5.470507957941E-2,
-1.172525973564E-1));
#3518=CARTESIAN_POINT('',(1.462739988196E-2,-4.346508666982E-5,
-1.293863038862E-1));
#3519=CARTESIAN_POINT('',(1.655583713648E-2,5.462629516535E-2,
-1.172893244210E-1));
#3520=CARTESIAN_POINT('',(1.848427439101E-2,9.906597621852E-2,
-8.322710103601E-2));
#3521=CARTESIAN_POINT('',(2.041271164554E-2,1.249531756386E-1,
-3.357859665948E-2));
#3522=CARTESIAN_POINT('',(2.234114890006E-2,1.274398848708E-1,
2.235831579814E-2));
#3523=CARTESIAN_POINT('',(2.426958615459E-2,1.060603984887E-1,
7.410810157806E-2));
#3524=CARTESIAN_POINT('',(2.619802340912E-2,6.481853268562E-2,
1.119793596856E-1));
#3525=CARTESIAN_POINT('',(2.812646066364E-2,1.143781807612E-2,
1.288797727998E-1));
#3526=CARTESIAN_POINT('',(3.005489791817E-2,-4.408491484880E-2,
1.216443183330E-1));
#3527=CARTESIAN_POINT('',(3.198333517270E-2,-9.135168298060E-2,
9.162799945078E-2));
#3528=CARTESIAN_POINT('',(3.391177242722E-2,-1.215106249175E-1,
4.445209456738E-2));
#3529=CARTESIAN_POINT('',(3.584020968175E-2,-1.289137332544E-1,
-1.104856630426E-2));
#3530=CARTESIAN_POINT('',(3.776864693628E-2,-1.121745740845E-1,
-6.448011018489E-2));
#3531=CARTESIAN_POINT('',(3.969708419080E-2,-7.442798136284E-2,
-1.058362233973E-1));
#3532=CARTESIAN_POINT('',(4.162552144533E-2,-2.274281941138E-2,
-1.273717217340E-1));
#3533=CARTESIAN_POINT('',(4.355395869986E-2,3.320120211137E-2,
-1.250543708727E-1));
#3534=CARTESIAN_POINT('',(4.548239595438E-2,8.292863794018E-2,
-9.931502592583E-2));
#3535=CARTESIAN_POINT('',(4.676802079074E-2,1.057237669237E-1,
-6.976208588432E-2));
#3536=CARTESIAN_POINT('',(4.741083320891E-2,1.134683564250E-1,
-5.326367954859E-2));
#3537=CARTESIAN_POINT('',(-7.874112243148E-2,-1.202159135119E-1,
9.815460338415E-3));
#3538=CARTESIAN_POINT('',(-7.809831001330E-2,-1.216430918783E-1,
-7.664061629999E-3));
#3539=CARTESIAN_POINT('',(-7.681268517695E-2,-1.167501594965E-1,
-4.324311512900E-2));
#3540=CARTESIAN_POINT('',(-7.488424792243E-2,-8.754714666044E-2,
-8.852302010332E-2));
#3541=CARTESIAN_POINT('',(-7.295581066790E-2,-4.194852847047E-2,
-1.172221564212E-1));
#3542=CARTESIAN_POINT('',(-7.102737341338E-2,1.150593267696E-2,
-1.239692011816E-1));
#3543=CARTESIAN_POINT('',(-6.909893615885E-2,6.280562338356E-2,
-1.074997342657E-1));
#3544=CARTESIAN_POINT('',(-6.717049890433E-2,1.023433843975E-1,
-7.089832479053E-2));
#3545=CARTESIAN_POINT('',(-6.524206164980E-2,1.227148037877E-1,
-2.101944273355E-2));
#3546=CARTESIAN_POINT('',(-6.331362439528E-2,1.201048410568E-1,
3.279583455658E-2));
#3547=CARTESIAN_POINT('',(-6.138518714075E-2,9.500229028188E-2,
8.046927397788E-2));
#3548=CARTESIAN_POINT('',(-5.945674988623E-2,5.210823323771E-2,
1.130728562780E-1));
#3549=CARTESIAN_POINT('',(-5.752831263170E-2,-5.443579874446E-4,
1.245007714227E-1));
#3550=CARTESIAN_POINT('',(-5.559987537717E-2,-5.309499507331E-2,
1.126128746203E-1));
#3551=CARTESIAN_POINT('',(-5.367143812265E-2,-9.570229162558E-2,
7.963547605404E-2));
#3552=CARTESIAN_POINT('',(-5.174300086812E-2,-1.203870012351E-1,
3.174440506196E-2));
#3553=CARTESIAN_POINT('',(-4.981456361360E-2,-1.225263221667E-1,
-2.209156762159E-2));
#3554=CARTESIAN_POINT('',(-4.788612635907E-2,-1.017196248916E-1,
-7.179035154112E-2));
#3555=CARTESIAN_POINT('',(-4.595768910455E-2,-6.186347530009E-2,
-1.080446517856E-1));
#3556=CARTESIAN_POINT('',(-4.402925185002E-2,-1.042190496673E-2,
-1.240649828126E-1));
#3557=CARTESIAN_POINT('',(-4.210081459550E-2,4.297141101066E-2,
-1.168511601208E-1));
#3558=CARTESIAN_POINT('',(-4.017237734097E-2,8.831729215118E-2,
-8.775415334969E-2));
#3559=CARTESIAN_POINT('',(-3.824394008645E-2,1.171236383982E-1,
-4.222308140781E-2));
#3560=CARTESIAN_POINT('',(-3.631550283192E-2,1.239957773568E-1,
1.121526816940E-2));
#3561=CARTESIAN_POINT('',(-3.438706557740E-2,1.076467430718E-1,
6.255328553271E-2));
#3562=CARTESIAN_POINT('',(-3.245862832287E-2,7.113828836E-2,1.021767025888E-1));
#3563=CARTESIAN_POINT('',(-3.053019106835E-2,2.130749622147E-2,
1.226650930004E-1));
#3564=CARTESIAN_POINT('',(-2.860175381382E-2,-3.251362835415E-2,
1.201815220249E-1));
#3565=CARTESIAN_POINT('',(-2.667331655930E-2,-8.024579892967E-2,
9.519110181003E-2));
#3566=CARTESIAN_POINT('',(-2.474487930477E-2,-1.129500332481E-1,
5.237388623674E-2));
#3567=CARTESIAN_POINT('',(-2.281644205025E-2,-1.245016889589E-1,
-2.515816477106E-4));
#3568=CARTESIAN_POINT('',(-2.088800479572E-2,-1.127374469546E-1,
-5.282993274583E-2));
#3569=CARTESIAN_POINT('',(-1.895956754120E-2,-7.986044295950E-2,
-9.551462348364E-2));
#3570=CARTESIAN_POINT('',(-1.703113028667E-2,-3.202767726872E-2,
-1.203119340019E-1));
#3571=CARTESIAN_POINT('',(-1.510269303215E-2,2.180302984169E-2,
-1.225779809200E-1));
#3572=CARTESIAN_POINT('',(-1.317425577762E-2,7.155060211025E-2,
-1.018883939086E-1));
#3573=CARTESIAN_POINT('',(-1.124581852309E-2,1.078986272720E-1,
-6.211778879044E-2));
#3574=CARTESIAN_POINT('',(-9.317381268569E-3,1.240400755698E-1,
-1.071415404120E-2));
#3575=CARTESIAN_POINT('',(-7.388944014044E-3,1.169520771971E-1,
4.269596108968E-2));
#3576=CARTESIAN_POINT('',(-5.460506759518E-3,8.796202655495E-2,
8.811024552021E-2));
#3577=CARTESIAN_POINT('',(-3.532069504993E-3,4.249899686210E-2,
1.170237958349E-1));
#3578=CARTESIAN_POINT('',(-1.603632250467E-3,-1.092298159545E-2,
1.240218612226E-1));
#3579=CARTESIAN_POINT('',(3.248050040587E-4,-6.229937469041E-2,
1.077938847109E-1));
#3580=CARTESIAN_POINT('',(2.253242258584E-3,-1.020087303811E-1,
7.137893731055E-2));
#3581=CARTESIAN_POINT('',(4.181679513110E-3,-1.226145242409E-1,
2.159658135775E-2));
#3582=CARTESIAN_POINT('',(6.110116767636E-3,-1.202578263559E-1,
-3.223025310248E-2));
#3583=CARTESIAN_POINT('',(8.038554022162E-3,-9.537997946942E-2,
-8.002120770934E-2));
#3584=CARTESIAN_POINT('',(9.966991276688E-3,-5.263994926715E-2,
-1.128262827462E-1));
#3585=CARTESIAN_POINT('',(1.189542853121E-2,-4.182426887665E-5,
-1.245019388473E-1));
#3586=CARTESIAN_POINT('',(1.382386578574E-2,5.256413898425E-2,
-1.128616233551E-1));
#3587=CARTESIAN_POINT('',(1.575230304027E-2,9.532621106372E-2,
-8.008525734486E-2));
#3588=CARTESIAN_POINT('',(1.768074029479E-2,1.202361622898E-1,
-3.231099631345E-2));
#3589=CARTESIAN_POINT('',(1.960917754932E-2,1.226289976321E-1,
2.151428383547E-2));
#3590=CARTESIAN_POINT('',(2.153761480384E-2,1.020565921597E-1,
7.131050237650E-2));
#3591=CARTESIAN_POINT('',(2.346605205837E-2,6.237161701209E-2,
1.077521111045E-1));
#3592=CARTESIAN_POINT('',(2.539448931290E-2,1.100603760899E-2,
1.240145294350E-1));
#3593=CARTESIAN_POINT('',(2.732292656742E-2,-4.242069838723E-2,
1.170522151675E-1));
#3594=CARTESIAN_POINT('',(2.925136382195E-2,-8.790313430744E-2,
8.816901976239E-2));
#3595=CARTESIAN_POINT('',(3.117980107648E-2,-1.169235687116E-1,
4.277401698043E-2));
#3596=CARTESIAN_POINT('',(3.310823833100E-2,-1.240472078740E-1,
-1.063148018800E-2));
#3597=CARTESIAN_POINT('',(3.503667558553E-2,-1.079399561114E-1,
-6.204597004463E-2));
#3598=CARTESIAN_POINT('',(3.696511284006E-2,-7.161830662013E-2,
-1.018408797336E-1));
#3599=CARTESIAN_POINT('',(3.889355009459E-2,-2.188427234201E-2,
-1.225634076707E-1));
#3600=CARTESIAN_POINT('',(4.082198734911E-2,3.194784850306E-2,
-1.203335373787E-1));
#3601=CARTESIAN_POINT('',(4.275042460364E-2,7.979806130486E-2,
-9.556585908285E-2));
#3602=CARTESIAN_POINT('',(4.403604943999E-2,1.017326685197E-1,
-6.712854985232E-2));
#3603=CARTESIAN_POINT('',(4.467886185817E-2,1.091848978479E-1,
-5.125296244473E-2));
#3604=CARTESIAN_POINT('',(-8.147309378222E-2,-1.154996945477E-1,
9.430387690057E-3));
#3605=CARTESIAN_POINT('',(-8.083028136405E-2,-1.168708829417E-1,
-7.363391013719E-3));
#3606=CARTESIAN_POINT('',(-7.954465652770E-2,-1.121699063485E-1,
-4.154663424153E-2));
#3607=CARTESIAN_POINT('',(-7.761621927317E-2,-8.411256382293E-2,
-8.505015254374E-2));
#3608=CARTESIAN_POINT('',(-7.568778201864E-2,-4.030283581869E-2,
-1.126233862502E-1));
#3609=CARTESIAN_POINT('',(-7.375934476412E-2,1.105454070808E-2,
-1.191057361002E-1));
#3610=CARTESIAN_POINT('',(-7.183090750959E-2,6.034168110330E-2,
-1.032823867401E-1));
#3611=CARTESIAN_POINT('',(-6.990247025507E-2,9.832832685426E-2,
-6.811689582542E-2));
#3612=CARTESIAN_POINT('',(-6.797403300054E-2,1.179005502675E-1,
-2.019482399929E-2));
#3613=CARTESIAN_POINT('',(-6.604559574601E-2,1.153929796023E-1,
3.150921340665E-2));
#3614=CARTESIAN_POINT('',(-6.411715849149E-2,9.127523293994E-2,
7.731236483928E-2));
#3615=CARTESIAN_POINT('',(-6.218872123696E-2,5.006396280288E-2,
1.086368682832E-1));
#3616=CARTESIAN_POINT('',(-6.026028398244E-2,-5.230021503678E-4,
1.196164521834E-1));
#3617=CARTESIAN_POINT('',(-5.833184672791E-2,-5.101201275130E-2,
1.081949322749E-1));
#3618=CARTESIAN_POINT('',(-5.640340947339E-2,-9.194777236521E-2,
7.651127783918E-2));
#3619=CARTESIAN_POINT('',(-5.447497221886E-2,-1.156640702879E-1,
3.049903279145E-2));
#3620=CARTESIAN_POINT('',(-5.254653496433E-2,-1.177194630135E-1,
-2.122488810204E-2));
#3621=CARTESIAN_POINT('',(-5.061809770981E-2,-9.772903820523E-2,
-6.897392726338E-2));
#3622=CARTESIAN_POINT('',(-4.868966045528E-2,-5.943649465434E-2,
-1.038059264718E-1));
#3623=CARTESIAN_POINT('',(-4.676122320076E-2,-1.001304074557E-2,
-1.191977600993E-1));
#3624=CARTESIAN_POINT('',(-4.483278594623E-2,4.128558941179E-2,
-1.122669445935E-1));
#3625=CARTESIAN_POINT('',(-4.290434869171E-2,8.485249555360E-2,
-8.431144938373E-2));
#3626=CARTESIAN_POINT('',(-4.097591143718E-2,1.125287332110E-1,
-4.056661770473E-2));
#3627=CARTESIAN_POINT('',(-3.904747418265E-2,1.191312696592E-1,
1.077527932863E-2));
#3628=CARTESIAN_POINT('',(-3.711903692813E-2,1.034236282088E-1,
6.009924277844E-2));
#3629=CARTESIAN_POINT('',(-3.519059967360E-2,6.834744532728E-2,
9.816818417913E-2));
#3630=CARTESIAN_POINT('',(-3.326216241908E-2,2.047157679262E-2,
1.178527896958E-1));
#3631=CARTESIAN_POINT('',(-3.133372516455E-2,-3.123807850257E-2,
1.154666522812E-1));
#3632=CARTESIAN_POINT('',(-2.940528791002E-2,-7.709765699360E-2,
9.145663715832E-2));
#3633=CARTESIAN_POINT('',(-2.747685065550E-2,-1.085188637527E-1,
5.031919390620E-2));
#3634=CARTESIAN_POINT('',(-2.554841340097E-2,-1.196173337234E-1,
-2.417117885433E-4));
#3635=CARTESIAN_POINT('',(-2.361997614645E-2,-1.083146174824E-1,
-5.075734914675E-2));
#3636=CARTESIAN_POINT('',(-2.169153889192E-2,-7.672741901471E-2,
-9.176746667659E-2));
#3637=CARTESIAN_POINT('',(-1.976310163740E-2,-3.077119187919E-2,
-1.155919480351E-1));
#3638=CARTESIAN_POINT('',(-1.783466438287E-2,2.094767001610E-2,
-1.177690951301E-1));
#3639=CARTESIAN_POINT('',(-1.590622712834E-2,6.874358349920E-2,
-9.789118620499E-2));
#3640=CARTESIAN_POINT('',(-1.397778987382E-2,1.036656306804E-1,
-5.968083111194E-2));
#3641=CARTESIAN_POINT('',(-1.204935261929E-2,1.191738299985E-1,
-1.029382452741E-2));
#3642=CARTESIAN_POINT('',(-1.012091536477E-2,1.123639025681E-1,
4.102094573188E-2));
#3643=CARTESIAN_POINT('',(-8.192478110240E-3,8.451116746606E-2,
8.465357161803E-2));
#3644=CARTESIAN_POINT('',(-6.264040855714E-3,4.083170865450E-2,
1.124328075950E-1));
#3645=CARTESIAN_POINT('',(-4.335603601189E-3,-1.049445951848E-2,
1.191563302226E-1));
#3646=CARTESIAN_POINT('',(-2.407166346663E-3,-5.985529317251E-2,
1.035649972995E-1));
#3647=CARTESIAN_POINT('',(-4.787290921367E-4,-9.800680172886E-2,
6.857865332187E-2));
#3648=CARTESIAN_POINT('',(1.449708162389E-3,-1.178042048113E-1,
2.074932076147E-2));
#3649=CARTESIAN_POINT('',(3.378145416915E-3,-1.155399630990E-1,
-3.096582041250E-2));
#3650=CARTESIAN_POINT('',(5.306582671441E-3,-9.163810491353E-2,
-7.688187676462E-2));
#3651=CARTESIAN_POINT('',(7.235019925967E-3,-5.057481895487E-2,
-1.083999681361E-1));
#3652=CARTESIAN_POINT('',(9.163457180493E-3,-4.018345106003E-5,
-1.196175738084E-1));
#3653=CARTESIAN_POINT('',(1.109189443502E-2,5.050198280317E-2,
-1.084339222891E-1));
#3654=CARTESIAN_POINT('',(1.302033168955E-2,9.158644590891E-2,
-7.694341365368E-2));
#3655=CARTESIAN_POINT('',(1.494876894407E-2,1.155191489409E-1,
-3.104339596740E-2));
#3656=CARTESIAN_POINT('',(1.687720619860E-2,1.178181103935E-1,
2.067025187281E-2));
#3657=CARTESIAN_POINT('',(1.880564345312E-2,9.805278583062E-2,
6.851290317496E-2));
#3658=CARTESIAN_POINT('',(2.073408070765E-2,5.992470133853E-2,
1.035248625233E-1));
#3659=CARTESIAN_POINT('',(2.266251796218E-2,1.057425714184E-2,
1.191492860701E-1));
#3660=CARTESIAN_POINT('',(2.459095521670E-2,-4.075648192568E-2,
1.124601120020E-1));
#3661=CARTESIAN_POINT('',(2.651939247123E-2,-8.445458563429E-2,
8.471004007397E-2));
#3662=CARTESIAN_POINT('',(2.844782972575E-2,-1.123365125057E-1,
4.109593939346E-2));
#3663=CARTESIAN_POINT('',(3.037626698028E-2,-1.191806824936E-1,
-1.021439407175E-2));
#3664=CARTESIAN_POINT('',(3.230470423481E-2,-1.037053381383E-1,
-5.961182990438E-2));
#3665=CARTESIAN_POINT('',(3.423314148933E-2,-6.880863187739E-2,
-9.784553606982E-2));
#3666=CARTESIAN_POINT('',(3.616157874386E-2,-2.102572527262E-2,
-1.177550936074E-1));
#3667=CARTESIAN_POINT('',(3.809001599839E-2,3.069449489477E-2,
-1.156127038847E-1));
#3668=CARTESIAN_POINT('',(4.001845325291E-2,7.666748466955E-2,
-9.181669223985E-2));
#3669=CARTESIAN_POINT('',(4.130407808926E-2,9.774157011571E-2,
-6.449501382030E-2));
#3670=CARTESIAN_POINT('',(4.194689050744E-2,1.049014392708E-1,
-4.924224534086E-2));
#3671=CARTESIAN_POINT('',(-8.420506513297E-2,-1.107834755835E-1,
9.045315041701E-3));
#3672=CARTESIAN_POINT('',(-8.356225271479E-2,-1.120986740051E-1,
-7.062720397438E-3));
#3673=CARTESIAN_POINT('',(-8.227662787844E-2,-1.075896532006E-1,
-3.985015335405E-2));
#3674=CARTESIAN_POINT('',(-8.034819062391E-2,-8.067798098542E-2,
-8.157728498415E-2));
#3675=CARTESIAN_POINT('',(-7.841975336939E-2,-3.865714316690E-2,
-1.080246160792E-1));
#3676=CARTESIAN_POINT('',(-7.649131611486E-2,1.060314873918E-2,
-1.142422710188E-1));
#3677=CARTESIAN_POINT('',(-7.456287886034E-2,5.787773882305E-2,
-9.906503921445E-2));
#3678=CARTESIAN_POINT('',(-7.263444160581E-2,9.431326931107E-2,
-6.533546686032E-2));
#3679=CARTESIAN_POINT('',(-7.070600435128E-2,1.130862967472E-1,
-1.937020526504E-2));
#3680=CARTESIAN_POINT('',(-6.877756709676E-2,1.106811181479E-1,
3.022259225671E-2));
#3681=CARTESIAN_POINT('',(-6.684912984223E-2,8.754817559801E-2,
7.415545570067E-2));
#3682=CARTESIAN_POINT('',(-6.492069258771E-2,4.801969236805E-2,
1.042008802885E-1));
#3683=CARTESIAN_POINT('',(-6.299225533318E-2,-5.016463132848E-4,
1.147321329440E-1));
#3684=CARTESIAN_POINT('',(-6.106381807866E-2,-4.892903042929E-2,
1.037769899294E-1));
#3685=CARTESIAN_POINT('',(-5.913538082413E-2,-8.819325310484E-2,
7.338707962433E-2));
#3686=CARTESIAN_POINT('',(-5.720694356960E-2,-1.109411393408E-1,
2.925366052095E-2));
#3687=CARTESIAN_POINT('',(-5.527850631508E-2,-1.129126038604E-1,
-2.035820858247E-2));
#3688=CARTESIAN_POINT('',(-5.335006906055E-2,-9.373845151889E-2,
-6.615750298564E-2));
#3689=CARTESIAN_POINT('',(-5.142163180603E-2,-5.700951400861E-2,
-9.956720115788E-2));
#3690=CARTESIAN_POINT('',(-4.949319455150E-2,-9.604176524426E-3,
-1.143305373861E-1));
#3691=CARTESIAN_POINT('',(-4.756475729697E-2,3.959976781290E-2,
-1.076827290661E-1));
#3692=CARTESIAN_POINT('',(-4.563632004245E-2,8.138769895601E-2,
-8.086874541779E-2));
#3693=CARTESIAN_POINT('',(-4.370788278792E-2,1.079338280239E-1,
-3.891015400167E-2));
#3694=CARTESIAN_POINT('',(-4.177944553340E-2,1.142667619616E-1,
1.033529048785E-2));
#3695=CARTESIAN_POINT('',(-3.985100827887E-2,9.920051334593E-2,
5.764520002415E-2));
#3696=CARTESIAN_POINT('',(-3.792257102435E-2,6.555660229457E-2,
9.415966576943E-2));
#3697=CARTESIAN_POINT('',(-3.599413376982E-2,1.963565736379E-2,
1.130404863912E-1));
#3698=CARTESIAN_POINT('',(-3.406569651529E-2,-2.996252865097E-2,
1.107517825376E-1));
#3699=CARTESIAN_POINT('',(-3.213725926077E-2,-7.394951505752E-2,
8.772217250663E-2));
#3700=CARTESIAN_POINT('',(-3.020882200624E-2,-1.040876942573E-1,
4.826450157568E-2));
#3701=CARTESIAN_POINT('',(-2.828038475172E-2,-1.147329784880E-1,
-2.318419293590E-4));
#3702=CARTESIAN_POINT('',(-2.635194749719E-2,-1.038917880102E-1,
-4.868476554767E-2));
#3703=CARTESIAN_POINT('',(-2.442351024267E-2,-7.359439506993E-2,
-8.802030986952E-2));
#3704=CARTESIAN_POINT('',(-2.249507298814E-2,-2.951470648968E-2,
-1.108719620683E-1));
#3705=CARTESIAN_POINT('',(-2.056663573361E-2,2.009231019049E-2,
-1.129602093401E-1));
#3706=CARTESIAN_POINT('',(-1.863819847909E-2,6.593656488814E-2,
-9.389397850139E-2));
#3707=CARTESIAN_POINT('',(-1.670976122456E-2,9.943263408877E-2,
-5.724387343346E-2));
#3708=CARTESIAN_POINT('',(-1.478132397004E-2,1.143075844272E-1,
-9.873495013631E-3));
#3709=CARTESIAN_POINT('',(-1.285288671551E-2,1.077757279390E-1,
3.934593037406E-2));
#3710=CARTESIAN_POINT('',(-1.092444946098E-2,8.106030837719E-2,
8.119689771585E-2));
#3711=CARTESIAN_POINT('',(-8.996012206459E-3,3.916442044693E-2,
1.078418193551E-1));
#3712=CARTESIAN_POINT('',(-7.067574951933E-3,-1.006593744148E-2,
1.142907992227E-1));
#3713=CARTESIAN_POINT('',(-5.139137697407E-3,-5.741121165460E-2,
9.933610988810E-2));
#3714=CARTESIAN_POINT('',(-3.210700442881E-3,-9.400487307662E-2,
6.577836933321E-2));
#3715=CARTESIAN_POINT('',(-1.282263188355E-3,-1.129938853817E-1,
1.990206016521E-2));
#3716=CARTESIAN_POINT('',(6.461740661708E-4,-1.108220998420E-1,
-2.970138772249E-2));
#3717=CARTESIAN_POINT('',(2.574611320697E-3,-8.789623035767E-2,
-7.374254581988E-2));
#3718=CARTESIAN_POINT('',(4.503048575223E-3,-4.850968864262E-2,
-1.039736535259E-1));
#3719=CARTESIAN_POINT('',(6.431485829749E-3,-3.854263326670E-5,
-1.147332087696E-1));
#3720=CARTESIAN_POINT('',(8.359923084275E-3,4.843982662207E-2,
-1.040062212232E-1));
#3721=CARTESIAN_POINT('',(1.028836033880E-2,8.784668075411E-2,
-7.380156996253E-2));
#3722=CARTESIAN_POINT('',(1.221679759333E-2,1.108021355921E-1,
-2.977579562137E-2));
#3723=CARTESIAN_POINT('',(1.414523484785E-2,1.130072231549E-1,
1.982621991013E-2));
#3724=CARTESIAN_POINT('',(1.607367210238E-2,9.404897950162E-2,
6.571530397340E-2));
#3725=CARTESIAN_POINT('',(1.800210935691E-2,5.747778566499E-2,
9.929761394218E-2));
#3726=CARTESIAN_POINT('',(1.993054661143E-2,1.014247667471E-2,
1.142840427053E-1));
#3727=CARTESIAN_POINT('',(2.185898386596E-2,-3.909226546411E-2,
1.078680088366E-1));
#3728=CARTESIAN_POINT('',(2.378742112048E-2,-8.100603696112E-2,
8.125106038558E-2));
#3729=CARTESIAN_POINT('',(2.571585837501E-2,-1.077494562998E-1,
3.941786180652E-2));
#3730=CARTESIAN_POINT('',(2.764429562954E-2,-1.143141571132E-1,
-9.797307955478E-3));
#3731=CARTESIAN_POINT('',(2.957273288406E-2,-9.947072016521E-2,
-5.717768976412E-2));
#3732=CARTESIAN_POINT('',(3.150117013859E-2,-6.599895713468E-2,
-9.385019240607E-2));
#3733=CARTESIAN_POINT('',(3.342960739312E-2,-2.016717820325E-2,
-1.129467795440E-1));
#3734=CARTESIAN_POINT('',(3.535804464764E-2,2.944114128646E-2,
-1.108918703907E-1));
#3735=CARTESIAN_POINT('',(3.728648190217E-2,7.353690803423E-2,
-8.806752539686E-2));
#3736=CARTESIAN_POINT('',(3.857210673852E-2,9.375047171171E-2,
-6.186147778830E-2));
#3737=CARTESIAN_POINT('',(3.921491915670E-2,1.006179806937E-1,
-4.723152823700E-2));
#3738=B_SPLINE_SURFACE_WITH_KNOTS('',3,3,((#3470,#3471,#3472,#3473,#3474,#3475,
#3476,#3477,#3478,#3479,#3480,#3481,#3482,#3483,#3484,#3485,#3486,#3487,#3488,
#3489,#3490,#3491,#3492,#3493,#3494,#3495,#3496,#3497,#3498,#3499,#3500,#3501,
#3502,#3503,#3504,#3505,#3506,#3507,#3508,#3509,#3510,#3511,#3512,#3513,#3514,
#3515,#3516,#3517,#3518,#3519,#3520,#3521,#3522,#3523,#3524,#3525,#3526,#3527,
#3528,#3529,#3530,#3531,#3532,#3533,#3534,#3535,#3536),(#3537,#3538,#3539,#3540,
#3541,#3542,#3543,#3544,#3545,#3546,#3547,#3548,#3549,#3550,#3551,#3552,#3553,
#3554,#3555,#3556,#3557,#3558,#3559,#3560,#3561,#3562,#3563,#3564,#3565,#3566,
#3567,#3568,#3569,#3570,#3571,#3572,#3573,#3574,#3575,#3576,#3577,#3578,#3579,
#3580,#3581,#3582,#3583,#3584,#3585,#3586,#3587,#3588,#3589,#3590,#3591,#3592,
#3593,#3594,#3595,#3596,#3597,#3598,#3599,#3600,#3601,#3602,#3603),(#3604,#3605,
#3606,#3607,#3608,#3609,#3610,#3611,#3612,#3613,#3614,#3615,#3616,#3617,#3618,
#3619,#3620,#3621,#3622,#3623,#3624,#3625,#3626,#3627,#3628,#3629,#3630,#3631,
#3632,#3633,#3634,#3635,#3636,#3637,#3638,#3639,#3640,#3641,#3642,#3643,#3644,
#3645,#3646,#3647,#3648,#3649,#3650,#3651,#3652,#3653,#3654,#3655,#3656,#3657,
#3658,#3659,#3660,#3661,#3662,#3663,#3664,#3665,#3666,#3667,#3668,#3669,#3670),(
#3671,#3672,#3673,#3674,#3675,#3676,#3677,#3678,#3679,#3680,#3681,#3682,#3683,
#3684,#3685,#3686,#3687,#3688,#3689,#3690,#3691,#3692,#3693,#3694,#3695,#3696,
#3697,#3698,#3699,#3700,#3701,#3702,#3703,#3704,#3705,#3706,#3707,#3708,#3709,
#3710,#3711,#3712,#3713,#3714,#3715,#3716,#3717,#3718,#3719,#3720,#3721,#3722,
#3723,#3724,#3725,#3726,#3727,#3728,#3729,#3730,#3731,#3732,#3733,#3734,#3735,
#3736,#3737)),.UNSPECIFIED.,.F.,.F.,.F.,(4,4),(4,1,1,1,1,1,1,1,1,1,1,1,1,1,1,1,
1,1,1,1,1,1,1,1,1,1,1,1,1,1,1,1,1,1,1,1,1,1,1,1,1,1,1,1,1,1,1,1,1,1,1,1,1,1,1,1,
1,1,1,1,1,1,1,1,4),(-2.576819823136E-2,1.025768064949E0),(8.616992846666E-2,
9.845296830441E-2,1.107360081422E-1,1.230190479799E-1,1.353020878176E-1,
1.475851276554E-1,1.598681674931E-1,1.721512073309E-1,1.844342471686E-1,
1.967172870064E-1,2.090003268441E-1,2.212833666819E-1,2.335664065196E-1,
2.458494463574E-1,2.581324861951E-1,2.704155260328E-1,2.826985658706E-1,
2.949816057083E-1,3.072646455461E-1,3.195476853838E-1,3.318307252216E-1,
3.441137650593E-1,3.563968048971E-1,3.686798447348E-1,3.809628845726E-1,
3.932459244103E-1,4.055289642480E-1,4.178120040858E-1,4.300950439235E-1,
4.423780837613E-1,4.546611235990E-1,4.669441634368E-1,4.792272032745E-1,
4.915102431123E-1,5.037932829500E-1,5.160763227878E-1,5.283593626255E-1,
5.406424024632E-1,5.529254423010E-1,5.652084821387E-1,5.774915219765E-1,
5.897745618142E-1,6.020576016520E-1,6.143406414897E-1,6.266236813275E-1,
6.389067211652E-1,6.511897610030E-1,6.634728008407E-1,6.757558406785E-1,
6.880388805162E-1,7.003219203539E-1,7.126049601917E-1,7.248880000294E-1,
7.371710398672E-1,7.494540797049E-1,7.617371195427E-1,7.740201593804E-1,
7.863031992182E-1,7.985862390559E-1,8.108692788937E-1,8.231523187314E-1,
8.354353585691E-1,8.477183984069E-1,8.600014382446E-1,8.722844780824E-1),
.UNSPECIFIED.);
#3740=ORIENTED_EDGE('',*,*,#3739,.T.);
#3742=ORIENTED_EDGE('',*,*,#3741,.F.);
#3744=ORIENTED_EDGE('',*,*,#3743,.T.);
#3746=ORIENTED_EDGE('',*,*,#3745,.F.);
#3747=ORIENTED_EDGE('',*,*,#3162,.F.);
#3748=ORIENTED_EDGE('',*,*,#3461,.F.);
#3750=ORIENTED_EDGE('',*,*,#3749,.T.);
#3752=ORIENTED_EDGE('',*,*,#3751,.T.);
#3754=ORIENTED_EDGE('',*,*,#3753,.T.);
#3755=EDGE_LOOP('',(#3740,#3742,#3744,#3746,#3747,#3748,#3750,#3752,#3754));
#3756=FACE_OUTER_BOUND('',#3755,.F.);
#3757=ADVANCED_FACE('',(#3756),#3738,.F.);
#3758=CARTESIAN_POINT('',(-8.105E-2,0.E0,0.E0));
#3759=DIRECTION('',(1.E0,0.E0,0.E0));
#3760=DIRECTION('',(0.E0,-1.E0,0.E0));
#3761=AXIS2_PLACEMENT_3D('',#3758,#3759,#3760);
#3762=CYLINDRICAL_SURFACE('',#3761,1.115E-1);
#3763=ORIENTED_EDGE('',*,*,#3445,.F.);
#3765=ORIENTED_EDGE('',*,*,#3764,.T.);
#3766=ORIENTED_EDGE('',*,*,#3739,.F.);
#3768=ORIENTED_EDGE('',*,*,#3767,.F.);
#3769=EDGE_LOOP('',(#3763,#3765,#3766,#3768));
#3770=FACE_OUTER_BOUND('',#3769,.F.);
#3771=ADVANCED_FACE('',(#3770),#3762,.F.);
#3772=CARTESIAN_POINT('',(-8.105E-2,0.E0,0.E0));
#3773=DIRECTION('',(1.E0,0.E0,0.E0));
#3774=DIRECTION('',(0.E0,-1.E0,0.E0));
#3775=AXIS2_PLACEMENT_3D('',#3772,#3773,#3774);
#3776=CYLINDRICAL_SURFACE('',#3775,1.115E-1);
#3777=ORIENTED_EDGE('',*,*,#3443,.T.);
#3779=ORIENTED_EDGE('',*,*,#3778,.F.);
#3780=ORIENTED_EDGE('',*,*,#3741,.T.);
#3781=ORIENTED_EDGE('',*,*,#3764,.F.);
#3782=EDGE_LOOP('',(#3777,#3779,#3780,#3781));
#3783=FACE_OUTER_BOUND('',#3782,.F.);
#3784=ADVANCED_FACE('',(#3783),#3776,.F.);
#3785=CARTESIAN_POINT('',(3.925000007233E-2,0.E0,0.E0));
#3786=DIRECTION('',(1.E0,0.E0,0.E0));
#3787=DIRECTION('',(0.E0,-1.E0,0.E0));
#3788=AXIS2_PLACEMENT_3D('',#3785,#3786,#3787);
#3789=CONICAL_SURFACE('',#3788,1.182500000723E-1,4.5E1);
#3790=ORIENTED_EDGE('',*,*,#3441,.T.);
#3792=ORIENTED_EDGE('',*,*,#3791,.T.);
#3793=ORIENTED_EDGE('',*,*,#3743,.F.);
#3794=ORIENTED_EDGE('',*,*,#3778,.T.);
#3795=EDGE_LOOP('',(#3790,#3792,#3793,#3794));
#3796=FACE_OUTER_BOUND('',#3795,.F.);
#3797=ADVANCED_FACE('',(#3796),#3789,.F.);
#3798=CARTESIAN_POINT('',(4.6E-2,0.E0,0.E0));
#3799=DIRECTION('',(1.E0,0.E0,0.E0));
#3800=DIRECTION('',(0.E0,-1.E0,0.E0));
#3801=AXIS2_PLACEMENT_3D('',#3798,#3799,#3800);
#3802=PLANE('',#3801);
#3804=ORIENTED_EDGE('',*,*,#3803,.T.);
#3806=ORIENTED_EDGE('',*,*,#3805,.T.);
#3807=EDGE_LOOP('',(#3804,#3806));
#3808=FACE_OUTER_BOUND('',#3807,.F.);
#3809=ORIENTED_EDGE('',*,*,#3791,.F.);
#3811=ORIENTED_EDGE('',*,*,#3810,.F.);
#3812=EDGE_LOOP('',(#3809,#3811));
#3813=FACE_BOUND('',#3812,.F.);
#3814=ADVANCED_FACE('',(#3808,#3813),#3802,.T.);
#3815=CARTESIAN_POINT('',(1.4E-1,0.E0,0.E0));
#3816=DIRECTION('',(-1.E0,0.E0,0.E0));
#3817=DIRECTION('',(0.E0,-1.E0,0.E0));
#3818=AXIS2_PLACEMENT_3D('',#3815,#3816,#3817);
#3819=CYLINDRICAL_SURFACE('',#3818,1.275E-1);
#3821=ORIENTED_EDGE('',*,*,#3820,.T.);
#3823=ORIENTED_EDGE('',*,*,#3822,.T.);
#3824=ORIENTED_EDGE('',*,*,#3803,.F.);
#3826=ORIENTED_EDGE('',*,*,#3825,.F.);
#3827=EDGE_LOOP('',(#3821,#3823,#3824,#3826));
#3828=FACE_OUTER_BOUND('',#3827,.F.);
#3829=ADVANCED_FACE('',(#3828),#3819,.F.);
#3830=CARTESIAN_POINT('',(1.4E-1,0.E0,0.E0));
#3831=DIRECTION('',(-1.E0,0.E0,0.E0));
#3832=DIRECTION('',(0.E0,-1.E0,0.E0));
#3833=AXIS2_PLACEMENT_3D('',#3830,#3831,#3832);
#3834=PLANE('',#3833);
#3836=ORIENTED_EDGE('',*,*,#3835,.T.);
#3838=ORIENTED_EDGE('',*,*,#3837,.T.);
#3839=EDGE_LOOP('',(#3836,#3838));
#3840=FACE_OUTER_BOUND('',#3839,.F.);
#3841=ORIENTED_EDGE('',*,*,#3820,.F.);
#3843=ORIENTED_EDGE('',*,*,#3842,.F.);
#3844=EDGE_LOOP('',(#3841,#3843));
#3845=FACE_BOUND('',#3844,.F.);
#3846=ADVANCED_FACE('',(#3840,#3845),#3834,.F.);
#3847=CARTESIAN_POINT('',(1.85E-1,0.E0,0.E0));
#3848=DIRECTION('',(-1.E0,0.E0,0.E0));
#3849=DIRECTION('',(0.E0,-1.E0,0.E0));
#3850=AXIS2_PLACEMENT_3D('',#3847,#3848,#3849);
#3851=CYLINDRICAL_SURFACE('',#3850,1.385E-1);
#3853=ORIENTED_EDGE('',*,*,#3852,.T.);
#3855=ORIENTED_EDGE('',*,*,#3854,.T.);
#3856=ORIENTED_EDGE('',*,*,#3835,.F.);
#3858=ORIENTED_EDGE('',*,*,#3857,.F.);
#3859=EDGE_LOOP('',(#3853,#3855,#3856,#3858));
#3860=FACE_OUTER_BOUND('',#3859,.F.);
#3861=ADVANCED_FACE('',(#3860),#3851,.F.);
#3862=CARTESIAN_POINT('',(1.45E-1,0.E0,0.E0));
#3863=DIRECTION('',(1.E0,0.E0,0.E0));
#3864=DIRECTION('',(0.E0,0.E0,-1.E0));
#3865=AXIS2_PLACEMENT_3D('',#3862,#3863,#3864);
#3866=PLANE('',#3865);
#3867=ORIENTED_EDGE('',*,*,#3852,.F.);
#3869=ORIENTED_EDGE('',*,*,#3868,.F.);
#3870=ORIENTED_EDGE('',*,*,#2719,.T.);
#3871=ORIENTED_EDGE('',*,*,#2665,.F.);
#3872=ORIENTED_EDGE('',*,*,#2681,.T.);
#3874=ORIENTED_EDGE('',*,*,#3873,.F.);
#3875=EDGE_LOOP('',(#3867,#3869,#3870,#3871,#3872,#3874));
#3876=FACE_OUTER_BOUND('',#3875,.F.);
#3877=ADVANCED_FACE('',(#3876),#3866,.F.);
#3878=CARTESIAN_POINT('',(1.85E-1,0.E0,0.E0));
#3879=DIRECTION('',(-1.E0,0.E0,0.E0));
#3880=DIRECTION('',(0.E0,-1.E0,0.E0));
#3881=AXIS2_PLACEMENT_3D('',#3878,#3879,#3880);
#3882=CYLINDRICAL_SURFACE('',#3881,1.385E-1);
#3883=ORIENTED_EDGE('',*,*,#3873,.T.);
#3884=ORIENTED_EDGE('',*,*,#2679,.F.);
#3885=ORIENTED_EDGE('',*,*,#2699,.T.);
#3886=ORIENTED_EDGE('',*,*,#2721,.T.);
#3887=ORIENTED_EDGE('',*,*,#3868,.T.);
#3888=ORIENTED_EDGE('',*,*,#3857,.T.);
#3889=ORIENTED_EDGE('',*,*,#3837,.F.);
#3890=ORIENTED_EDGE('',*,*,#3854,.F.);
#3891=EDGE_LOOP('',(#3883,#3884,#3885,#3886,#3887,#3888,#3889,#3890));
#3892=FACE_OUTER_BOUND('',#3891,.F.);
#3893=ADVANCED_FACE('',(#3892),#3882,.F.);
#3894=CARTESIAN_POINT('',(1.4E-1,0.E0,0.E0));
#3895=DIRECTION('',(-1.E0,0.E0,0.E0));
#3896=DIRECTION('',(0.E0,-1.E0,0.E0));
#3897=AXIS2_PLACEMENT_3D('',#3894,#3895,#3896);
#3898=CYLINDRICAL_SURFACE('',#3897,1.275E-1);
#3899=ORIENTED_EDGE('',*,*,#3842,.T.);
#3900=ORIENTED_EDGE('',*,*,#3825,.T.);
#3901=ORIENTED_EDGE('',*,*,#3805,.F.);
#3902=ORIENTED_EDGE('',*,*,#3822,.F.);
#3903=EDGE_LOOP('',(#3899,#3900,#3901,#3902));
#3904=FACE_OUTER_BOUND('',#3903,.F.);
#3905=ADVANCED_FACE('',(#3904),#3898,.F.);
#3906=CARTESIAN_POINT('',(-7.587775245928E-2,1.212840909248E-2,
1.244102153056E-1));
#3907=CARTESIAN_POINT('',(-7.519804765419E-2,-6.999175924263E-3,
1.262749108482E-1));
#3908=CARTESIAN_POINT('',(-7.383863804403E-2,-4.611267455906E-2,
1.210227702200E-1));
#3909=CARTESIAN_POINT('',(-7.179952362878E-2,-9.515881072381E-2,
8.785261579610E-2));
#3910=CARTESIAN_POINT('',(-6.976040921353E-2,-1.243136088448E-1,
3.632131678058E-2));
#3911=CARTESIAN_POINT('',(-6.772129479829E-2,-1.274883694896E-1,
-2.280086476850E-2));
#3912=CARTESIAN_POINT('',(-6.568218038304E-2,-1.040183969664E-1,
-7.715777937415E-2));
#3913=CARTESIAN_POINT('',(-6.364306596779E-2,-5.880914845054E-2,
-1.153890628548E-1));
#3914=CARTESIAN_POINT('',(-6.160395155255E-2,-1.309067178231E-3,
-1.295045837459E-1));
#3915=CARTESIAN_POINT('',(-5.956483713730E-2,5.646458280220E-2,
-1.165542839466E-1));
#3916=CARTESIAN_POINT('',(-5.752572272205E-2,1.024374069067E-1,
-7.924473070615E-2));
#3917=CARTESIAN_POINT('',(-5.548660830681E-2,1.270013282336E-1,
-2.537344522356E-2));
#3918=CARTESIAN_POINT('',(-5.344749389156E-2,1.250226307122E-1,
3.380074501467E-2));
#3919=CARTESIAN_POINT('',(-5.140837947631E-2,9.691486853620E-2,
8.591074601097E-2));
#3920=CARTESIAN_POINT('',(-4.936926506107E-2,4.855242815207E-2,
1.200658537378E-1));
#3921=CARTESIAN_POINT('',(-4.733015064582E-2,-9.957193786261E-3,
1.291278487128E-1));
#3922=CARTESIAN_POINT('',(-4.529103623057E-2,-6.638580599037E-2,
1.112028385928E-1));
#3923=CARTESIAN_POINT('',(-4.325192181533E-2,-1.089401475503E-1,
7.003706408430E-2));
#3924=CARTESIAN_POINT('',(-4.121280740008E-2,-1.287266108717E-1,
1.423394928172E-2));
#3925=CARTESIAN_POINT('',(-3.917369298483E-2,-1.216099503561E-1,
-4.454396948132E-2));
#3926=CARTESIAN_POINT('',(-3.713457856959E-2,-8.907751903001E-2,
-9.401244837682E-2));
#3927=CARTESIAN_POINT('',(-3.509546415434E-2,-3.792841466718E-2,
-1.238328705570E-1));
#3928=CARTESIAN_POINT('',(-3.305634973909E-2,2.114749610018E-2,
-1.277729530114E-1));
#3929=CARTESIAN_POINT('',(-3.101723532385E-2,7.580369879126E-2,
-1.050092520928E-1));
#3930=CARTESIAN_POINT('',(-2.897812090860E-2,1.146173786662E-1,
-6.029925344773E-2));
#3931=CARTESIAN_POINT('',(-2.693900649336E-2,1.294767179926E-1,
-2.987082191830E-3));
#3932=CARTESIAN_POINT('',(-2.489989207811E-2,1.172762132088E-1,
5.494936488740E-2));
#3933=CARTESIAN_POINT('',(-2.286077766286E-2,8.056570230986E-2,
1.014017270173E-1));
#3934=CARTESIAN_POINT('',(-2.082166324762E-2,2.701746103015E-2,
1.266617511160E-1));
#3935=CARTESIAN_POINT('',(-1.878254883237E-2,-3.217725751422E-2,
1.254502542114E-1));
#3936=CARTESIAN_POINT('',(-1.674343441712E-2,-8.464712587835E-2,
9.802043700744E-2));
#3937=CARTESIAN_POINT('',(-1.470432000188E-2,-1.194262718407E-1,
5.010496396519E-2));
#3938=CARTESIAN_POINT('',(-1.266520558663E-2,-1.292460753911E-1,
-8.282129341448E-3));
#3939=CARTESIAN_POINT('',(-1.062609117138E-2,-1.120542626903E-1,
-6.493830730624E-2));
#3940=CARTESIAN_POINT('',(-8.586976756137E-3,-7.144381669217E-2,
-1.080227869186E-1));
#3941=CARTESIAN_POINT('',(-6.547862340890E-3,-1.590206539831E-2,
-1.285311855920E-1));
#3942=CARTESIAN_POINT('',(-4.508747925644E-3,4.296311618883E-2,
-1.221773790014E-1));
#3943=CARTESIAN_POINT('',(-2.469633510397E-3,9.284927795169E-2,
-9.028927310190E-2));
#3944=CARTESIAN_POINT('',(-4.305190951501E-4,1.233305280071E-1,
-3.953128000264E-2));
#3945=CARTESIAN_POINT('',(1.608595320097E-3,1.280364774333E-1,
1.948850148507E-2));
#3946=CARTESIAN_POINT('',(3.647709735343E-3,1.059836111364E-1,
7.443531046236E-2));
#3947=CARTESIAN_POINT('',(5.686824150590E-3,6.178083692165E-2,
1.138256101016E-1));
#3948=CARTESIAN_POINT('',(7.725938565837E-3,4.666254124462E-3,
1.294270739610E-1));
#3949=CARTESIAN_POINT('',(9.765052981084E-3,-5.342354942629E-2,
1.179790908075E-1));
#3950=CARTESIAN_POINT('',(1.180416739633E-2,-1.003481680127E-1,
8.187421328262E-2));
#3951=CARTESIAN_POINT('',(1.384328181158E-2,-1.263006463511E-1,
2.865813152212E-2));
#3952=CARTESIAN_POINT('',(1.588239622683E-2,-1.258570728152E-1,
-3.054732663208E-2));
#3953=CARTESIAN_POINT('',(1.792151064207E-2,-9.911014529666E-2,
-8.336858662808E-2));
#3954=CARTESIAN_POINT('',(1.996062505732E-2,-5.164980092074E-2,
-1.187663269677E-1));
#3955=CARTESIAN_POINT('',(2.199973947257E-2,6.605043098487E-3,
-1.293426302742E-1));
#3956=CARTESIAN_POINT('',(2.403885388781E-2,6.347947968209E-2,
-1.128871052361E-1));
#3957=CARTESIAN_POINT('',(2.607796830306E-2,1.070870920206E-1,
-7.283884873815E-2));
#3958=CARTESIAN_POINT('',(2.811708271831E-2,1.283141434476E-1,
-1.756769970530E-2));
#3959=CARTESIAN_POINT('',(3.015619713356E-2,1.227242964319E-1,
4.137500320981E-2));
#3960=CARTESIAN_POINT('',(3.219531154880E-2,9.148578516346E-2,
9.167058038953E-2));
#3961=CARTESIAN_POINT('',(3.423442596405E-2,4.112726679181E-2,
1.228075425689E-1));
#3962=CARTESIAN_POINT('',(3.627354037930E-2,-1.782662466610E-2,
1.282784334053E-1));
#3963=CARTESIAN_POINT('',(3.831265479455E-2,-7.305486275121E-2,
1.069398543796E-1));
#3964=CARTESIAN_POINT('',(4.035176920980E-2,-1.130150505023E-1,
6.325143720919E-2));
#3965=CARTESIAN_POINT('',(4.239088362504E-2,-1.293557222972E-1,
6.343803171554E-3));
#3966=CARTESIAN_POINT('',(4.442999804029E-2,-1.186617429981E-1,
-5.188964661327E-2));
#3967=CARTESIAN_POINT('',(4.646911245554E-2,-8.316811673679E-2,
-9.927851176643E-2));
#3968=CARTESIAN_POINT('',(4.850822687079E-2,-3.029267620390E-2,
-1.259184649904E-1));
#3969=CARTESIAN_POINT('',(5.054734128604E-2,2.891339761079E-2,
-1.262429854579E-1));
#3970=CARTESIAN_POINT('',(5.258645570129E-2,8.207819780700E-2,
-1.001801059238E-1));
#3971=CARTESIAN_POINT('',(5.394586531145E-2,1.060818028587E-1,
-6.885484812505E-2));
#3972=CARTESIAN_POINT('',(5.462557011654E-2,1.139738593798E-1,
-5.133184366032E-2));
#3973=CARTESIAN_POINT('',(-7.846035823734E-2,1.212840909248E-2,
1.244102153056E-1));
#3974=CARTESIAN_POINT('',(-7.778065343226E-2,-6.999175924263E-3,
1.262749108482E-1));
#3975=CARTESIAN_POINT('',(-7.642124382210E-2,-4.611267455906E-2,
1.210227702200E-1));
#3976=CARTESIAN_POINT('',(-7.438212940685E-2,-9.515881072381E-2,
8.785261579610E-2));
#3977=CARTESIAN_POINT('',(-7.234301499160E-2,-1.243136088448E-1,
3.632131678058E-2));
#3978=CARTESIAN_POINT('',(-7.030390057636E-2,-1.274883694896E-1,
-2.280086476850E-2));
#3979=CARTESIAN_POINT('',(-6.826478616111E-2,-1.040183969664E-1,
-7.715777937415E-2));
#3980=CARTESIAN_POINT('',(-6.622567174586E-2,-5.880914845054E-2,
-1.153890628548E-1));
#3981=CARTESIAN_POINT('',(-6.418655733062E-2,-1.309067178231E-3,
-1.295045837459E-1));
#3982=CARTESIAN_POINT('',(-6.214744291537E-2,5.646458280220E-2,
-1.165542839466E-1));
#3983=CARTESIAN_POINT('',(-6.010832850012E-2,1.024374069067E-1,
-7.924473070615E-2));
#3984=CARTESIAN_POINT('',(-5.806921408487E-2,1.270013282336E-1,
-2.537344522356E-2));
#3985=CARTESIAN_POINT('',(-5.603009966963E-2,1.250226307122E-1,
3.380074501467E-2));
#3986=CARTESIAN_POINT('',(-5.399098525438E-2,9.691486853620E-2,
8.591074601097E-2));
#3987=CARTESIAN_POINT('',(-5.195187083913E-2,4.855242815207E-2,
1.200658537378E-1));
#3988=CARTESIAN_POINT('',(-4.991275642389E-2,-9.957193786261E-3,
1.291278487128E-1));
#3989=CARTESIAN_POINT('',(-4.787364200864E-2,-6.638580599037E-2,
1.112028385928E-1));
#3990=CARTESIAN_POINT('',(-4.583452759340E-2,-1.089401475503E-1,
7.003706408430E-2));
#3991=CARTESIAN_POINT('',(-4.379541317815E-2,-1.287266108717E-1,
1.423394928172E-2));
#3992=CARTESIAN_POINT('',(-4.175629876290E-2,-1.216099503561E-1,
-4.454396948132E-2));
#3993=CARTESIAN_POINT('',(-3.971718434766E-2,-8.907751903001E-2,
-9.401244837682E-2));
#3994=CARTESIAN_POINT('',(-3.767806993241E-2,-3.792841466718E-2,
-1.238328705570E-1));
#3995=CARTESIAN_POINT('',(-3.563895551716E-2,2.114749610018E-2,
-1.277729530114E-1));
#3996=CARTESIAN_POINT('',(-3.359984110192E-2,7.580369879126E-2,
-1.050092520928E-1));
#3997=CARTESIAN_POINT('',(-3.156072668667E-2,1.146173786662E-1,
-6.029925344773E-2));
#3998=CARTESIAN_POINT('',(-2.952161227142E-2,1.294767179926E-1,
-2.987082191830E-3));
#3999=CARTESIAN_POINT('',(-2.748249785618E-2,1.172762132088E-1,
5.494936488740E-2));
#4000=CARTESIAN_POINT('',(-2.544338344093E-2,8.056570230986E-2,
1.014017270173E-1));
#4001=CARTESIAN_POINT('',(-2.340426902568E-2,2.701746103015E-2,
1.266617511160E-1));
#4002=CARTESIAN_POINT('',(-2.136515461044E-2,-3.217725751422E-2,
1.254502542114E-1));
#4003=CARTESIAN_POINT('',(-1.932604019519E-2,-8.464712587835E-2,
9.802043700744E-2));
#4004=CARTESIAN_POINT('',(-1.728692577994E-2,-1.194262718407E-1,
5.010496396519E-2));
#4005=CARTESIAN_POINT('',(-1.524781136470E-2,-1.292460753911E-1,
-8.282129341448E-3));
#4006=CARTESIAN_POINT('',(-1.320869694945E-2,-1.120542626903E-1,
-6.493830730624E-2));
#4007=CARTESIAN_POINT('',(-1.116958253420E-2,-7.144381669217E-2,
-1.080227869186E-1));
#4008=CARTESIAN_POINT('',(-9.130468118958E-3,-1.590206539831E-2,
-1.285311855920E-1));
#4009=CARTESIAN_POINT('',(-7.091353703712E-3,4.296311618883E-2,
-1.221773790014E-1));
#4010=CARTESIAN_POINT('',(-5.052239288465E-3,9.284927795169E-2,
-9.028927310190E-2));
#4011=CARTESIAN_POINT('',(-3.013124873218E-3,1.233305280071E-1,
-3.953128000264E-2));
#4012=CARTESIAN_POINT('',(-9.740104579713E-4,1.280364774333E-1,
1.948850148507E-2));
#4013=CARTESIAN_POINT('',(1.065103957276E-3,1.059836111364E-1,
7.443531046236E-2));
#4014=CARTESIAN_POINT('',(3.104218372522E-3,6.178083692165E-2,
1.138256101016E-1));
#4015=CARTESIAN_POINT('',(5.143332787769E-3,4.666254124462E-3,
1.294270739610E-1));
#4016=CARTESIAN_POINT('',(7.182447203016E-3,-5.342354942629E-2,
1.179790908075E-1));
#4017=CARTESIAN_POINT('',(9.221561618263E-3,-1.003481680127E-1,
8.187421328262E-2));
#4018=CARTESIAN_POINT('',(1.126067603351E-2,-1.263006463511E-1,
2.865813152212E-2));
#4019=CARTESIAN_POINT('',(1.329979044876E-2,-1.258570728152E-1,
-3.054732663208E-2));
#4020=CARTESIAN_POINT('',(1.533890486400E-2,-9.911014529666E-2,
-8.336858662808E-2));
#4021=CARTESIAN_POINT('',(1.737801927925E-2,-5.164980092074E-2,
-1.187663269677E-1));
#4022=CARTESIAN_POINT('',(1.941713369450E-2,6.605043098487E-3,
-1.293426302742E-1));
#4023=CARTESIAN_POINT('',(2.145624810975E-2,6.347947968209E-2,
-1.128871052361E-1));
#4024=CARTESIAN_POINT('',(2.349536252499E-2,1.070870920206E-1,
-7.283884873815E-2));
#4025=CARTESIAN_POINT('',(2.553447694024E-2,1.283141434476E-1,
-1.756769970530E-2));
#4026=CARTESIAN_POINT('',(2.757359135549E-2,1.227242964319E-1,
4.137500320981E-2));
#4027=CARTESIAN_POINT('',(2.961270577074E-2,9.148578516346E-2,
9.167058038953E-2));
#4028=CARTESIAN_POINT('',(3.165182018598E-2,4.112726679181E-2,
1.228075425689E-1));
#4029=CARTESIAN_POINT('',(3.369093460123E-2,-1.782662466610E-2,
1.282784334053E-1));
#4030=CARTESIAN_POINT('',(3.573004901648E-2,-7.305486275121E-2,
1.069398543796E-1));
#4031=CARTESIAN_POINT('',(3.776916343173E-2,-1.130150505023E-1,
6.325143720919E-2));
#4032=CARTESIAN_POINT('',(3.980827784698E-2,-1.293557222972E-1,
6.343803171554E-3));
#4033=CARTESIAN_POINT('',(4.184739226223E-2,-1.186617429981E-1,
-5.188964661327E-2));
#4034=CARTESIAN_POINT('',(4.388650667747E-2,-8.316811673679E-2,
-9.927851176643E-2));
#4035=CARTESIAN_POINT('',(4.592562109272E-2,-3.029267620390E-2,
-1.259184649904E-1));
#4036=CARTESIAN_POINT('',(4.796473550797E-2,2.891339761079E-2,
-1.262429854579E-1));
#4037=CARTESIAN_POINT('',(5.000384992322E-2,8.207819780700E-2,
-1.001801059238E-1));
#4038=CARTESIAN_POINT('',(5.136325953339E-2,1.060818028587E-1,
-6.885484812505E-2));
#4039=CARTESIAN_POINT('',(5.204296433847E-2,1.139738593798E-1,
-5.133184366032E-2));
#4040=CARTESIAN_POINT('',(-8.104296401541E-2,1.212840909248E-2,
1.244102153056E-1));
#4041=CARTESIAN_POINT('',(-8.036325921033E-2,-6.999175924263E-3,
1.262749108482E-1));
#4042=CARTESIAN_POINT('',(-7.900384960016E-2,-4.611267455906E-2,
1.210227702200E-1));
#4043=CARTESIAN_POINT('',(-7.696473518492E-2,-9.515881072381E-2,
8.785261579610E-2));
#4044=CARTESIAN_POINT('',(-7.492562076967E-2,-1.243136088448E-1,
3.632131678058E-2));
#4045=CARTESIAN_POINT('',(-7.288650635442E-2,-1.274883694896E-1,
-2.280086476850E-2));
#4046=CARTESIAN_POINT('',(-7.084739193918E-2,-1.040183969664E-1,
-7.715777937415E-2));
#4047=CARTESIAN_POINT('',(-6.880827752393E-2,-5.880914845054E-2,
-1.153890628548E-1));
#4048=CARTESIAN_POINT('',(-6.676916310868E-2,-1.309067178231E-3,
-1.295045837459E-1));
#4049=CARTESIAN_POINT('',(-6.473004869344E-2,5.646458280220E-2,
-1.165542839466E-1));
#4050=CARTESIAN_POINT('',(-6.269093427819E-2,1.024374069067E-1,
-7.924473070615E-2));
#4051=CARTESIAN_POINT('',(-6.065181986294E-2,1.270013282336E-1,
-2.537344522356E-2));
#4052=CARTESIAN_POINT('',(-5.861270544770E-2,1.250226307122E-1,
3.380074501467E-2));
#4053=CARTESIAN_POINT('',(-5.657359103245E-2,9.691486853620E-2,
8.591074601097E-2));
#4054=CARTESIAN_POINT('',(-5.453447661720E-2,4.855242815207E-2,
1.200658537378E-1));
#4055=CARTESIAN_POINT('',(-5.249536220196E-2,-9.957193786261E-3,
1.291278487128E-1));
#4056=CARTESIAN_POINT('',(-5.045624778671E-2,-6.638580599037E-2,
1.112028385928E-1));
#4057=CARTESIAN_POINT('',(-4.841713337146E-2,-1.089401475503E-1,
7.003706408430E-2));
#4058=CARTESIAN_POINT('',(-4.637801895622E-2,-1.287266108717E-1,
1.423394928172E-2));
#4059=CARTESIAN_POINT('',(-4.433890454097E-2,-1.216099503561E-1,
-4.454396948132E-2));
#4060=CARTESIAN_POINT('',(-4.229979012572E-2,-8.907751903001E-2,
-9.401244837682E-2));
#4061=CARTESIAN_POINT('',(-4.026067571048E-2,-3.792841466718E-2,
-1.238328705570E-1));
#4062=CARTESIAN_POINT('',(-3.822156129523E-2,2.114749610018E-2,
-1.277729530114E-1));
#4063=CARTESIAN_POINT('',(-3.618244687998E-2,7.580369879126E-2,
-1.050092520928E-1));
#4064=CARTESIAN_POINT('',(-3.414333246474E-2,1.146173786662E-1,
-6.029925344773E-2));
#4065=CARTESIAN_POINT('',(-3.210421804949E-2,1.294767179926E-1,
-2.987082191830E-3));
#4066=CARTESIAN_POINT('',(-3.006510363424E-2,1.172762132088E-1,
5.494936488740E-2));
#4067=CARTESIAN_POINT('',(-2.802598921900E-2,8.056570230986E-2,
1.014017270173E-1));
#4068=CARTESIAN_POINT('',(-2.598687480375E-2,2.701746103015E-2,
1.266617511160E-1));
#4069=CARTESIAN_POINT('',(-2.394776038851E-2,-3.217725751422E-2,
1.254502542114E-1));
#4070=CARTESIAN_POINT('',(-2.190864597326E-2,-8.464712587835E-2,
9.802043700744E-2));
#4071=CARTESIAN_POINT('',(-1.986953155801E-2,-1.194262718407E-1,
5.010496396519E-2));
#4072=CARTESIAN_POINT('',(-1.783041714277E-2,-1.292460753911E-1,
-8.282129341449E-3));
#4073=CARTESIAN_POINT('',(-1.579130272752E-2,-1.120542626903E-1,
-6.493830730624E-2));
#4074=CARTESIAN_POINT('',(-1.375218831227E-2,-7.144381669217E-2,
-1.080227869186E-1));
#4075=CARTESIAN_POINT('',(-1.171307389703E-2,-1.590206539831E-2,
-1.285311855920E-1));
#4076=CARTESIAN_POINT('',(-9.673959481779E-3,4.296311618883E-2,
-1.221773790014E-1));
#4077=CARTESIAN_POINT('',(-7.634845066533E-3,9.284927795169E-2,
-9.028927310190E-2));
#4078=CARTESIAN_POINT('',(-5.595730651286E-3,1.233305280071E-1,
-3.953128000264E-2));
#4079=CARTESIAN_POINT('',(-3.556616236039E-3,1.280364774333E-1,
1.948850148507E-2));
#4080=CARTESIAN_POINT('',(-1.517501820792E-3,1.059836111364E-1,
7.443531046236E-2));
#4081=CARTESIAN_POINT('',(5.216125944545E-4,6.178083692165E-2,
1.138256101016E-1));
#4082=CARTESIAN_POINT('',(2.560727009701E-3,4.666254124462E-3,
1.294270739610E-1));
#4083=CARTESIAN_POINT('',(4.599841424948E-3,-5.342354942629E-2,
1.179790908075E-1));
#4084=CARTESIAN_POINT('',(6.638955840195E-3,-1.003481680127E-1,
8.187421328262E-2));
#4085=CARTESIAN_POINT('',(8.678070255442E-3,-1.263006463511E-1,
2.865813152212E-2));
#4086=CARTESIAN_POINT('',(1.071718467069E-2,-1.258570728152E-1,
-3.054732663208E-2));
#4087=CARTESIAN_POINT('',(1.275629908594E-2,-9.911014529666E-2,
-8.336858662808E-2));
#4088=CARTESIAN_POINT('',(1.479541350118E-2,-5.164980092074E-2,
-1.187663269677E-1));
#4089=CARTESIAN_POINT('',(1.683452791643E-2,6.605043098487E-3,
-1.293426302742E-1));
#4090=CARTESIAN_POINT('',(1.887364233168E-2,6.347947968209E-2,
-1.128871052361E-1));
#4091=CARTESIAN_POINT('',(2.091275674693E-2,1.070870920206E-1,
-7.283884873815E-2));
#4092=CARTESIAN_POINT('',(2.295187116217E-2,1.283141434476E-1,
-1.756769970530E-2));
#4093=CARTESIAN_POINT('',(2.499098557742E-2,1.227242964319E-1,
4.137500320981E-2));
#4094=CARTESIAN_POINT('',(2.703009999267E-2,9.148578516346E-2,
9.167058038953E-2));
#4095=CARTESIAN_POINT('',(2.906921440792E-2,4.112726679181E-2,
1.228075425689E-1));
#4096=CARTESIAN_POINT('',(3.110832882316E-2,-1.782662466610E-2,
1.282784334053E-1));
#4097=CARTESIAN_POINT('',(3.314744323841E-2,-7.305486275121E-2,
1.069398543796E-1));
#4098=CARTESIAN_POINT('',(3.518655765366E-2,-1.130150505023E-1,
6.325143720919E-2));
#4099=CARTESIAN_POINT('',(3.722567206891E-2,-1.293557222972E-1,
6.343803171554E-3));
#4100=CARTESIAN_POINT('',(3.926478648416E-2,-1.186617429981E-1,
-5.188964661327E-2));
#4101=CARTESIAN_POINT('',(4.130390089941E-2,-8.316811673679E-2,
-9.927851176643E-2));
#4102=CARTESIAN_POINT('',(4.334301531465E-2,-3.029267620390E-2,
-1.259184649904E-1));
#4103=CARTESIAN_POINT('',(4.538212972990E-2,2.891339761079E-2,
-1.262429854579E-1));
#4104=CARTESIAN_POINT('',(4.742124414515E-2,8.207819780700E-2,
-1.001801059238E-1));
#4105=CARTESIAN_POINT('',(4.878065375532E-2,1.060818028587E-1,
-6.885484812505E-2));
#4106=CARTESIAN_POINT('',(4.946035856040E-2,1.139738593798E-1,
-5.133184366032E-2));
#4107=CARTESIAN_POINT('',(-8.362556979348E-2,1.212840909248E-2,
1.244102153056E-1));
#4108=CARTESIAN_POINT('',(-8.294586498840E-2,-6.999175924263E-3,
1.262749108482E-1));
#4109=CARTESIAN_POINT('',(-8.158645537823E-2,-4.611267455906E-2,
1.210227702200E-1));
#4110=CARTESIAN_POINT('',(-7.954734096299E-2,-9.515881072381E-2,
8.785261579610E-2));
#4111=CARTESIAN_POINT('',(-7.750822654774E-2,-1.243136088448E-1,
3.632131678058E-2));
#4112=CARTESIAN_POINT('',(-7.546911213249E-2,-1.274883694896E-1,
-2.280086476850E-2));
#4113=CARTESIAN_POINT('',(-7.342999771724E-2,-1.040183969664E-1,
-7.715777937415E-2));
#4114=CARTESIAN_POINT('',(-7.139088330200E-2,-5.880914845054E-2,
-1.153890628548E-1));
#4115=CARTESIAN_POINT('',(-6.935176888675E-2,-1.309067178231E-3,
-1.295045837459E-1));
#4116=CARTESIAN_POINT('',(-6.731265447150E-2,5.646458280220E-2,
-1.165542839466E-1));
#4117=CARTESIAN_POINT('',(-6.527354005626E-2,1.024374069067E-1,
-7.924473070615E-2));
#4118=CARTESIAN_POINT('',(-6.323442564101E-2,1.270013282336E-1,
-2.537344522356E-2));
#4119=CARTESIAN_POINT('',(-6.119531122576E-2,1.250226307122E-1,
3.380074501467E-2));
#4120=CARTESIAN_POINT('',(-5.915619681052E-2,9.691486853620E-2,
8.591074601097E-2));
#4121=CARTESIAN_POINT('',(-5.711708239527E-2,4.855242815207E-2,
1.200658537378E-1));
#4122=CARTESIAN_POINT('',(-5.507796798002E-2,-9.957193786261E-3,
1.291278487128E-1));
#4123=CARTESIAN_POINT('',(-5.303885356478E-2,-6.638580599037E-2,
1.112028385928E-1));
#4124=CARTESIAN_POINT('',(-5.099973914953E-2,-1.089401475503E-1,
7.003706408430E-2));
#4125=CARTESIAN_POINT('',(-4.896062473428E-2,-1.287266108717E-1,
1.423394928172E-2));
#4126=CARTESIAN_POINT('',(-4.692151031904E-2,-1.216099503561E-1,
-4.454396948132E-2));
#4127=CARTESIAN_POINT('',(-4.488239590379E-2,-8.907751903001E-2,
-9.401244837682E-2));
#4128=CARTESIAN_POINT('',(-4.284328148855E-2,-3.792841466718E-2,
-1.238328705570E-1));
#4129=CARTESIAN_POINT('',(-4.080416707330E-2,2.114749610018E-2,
-1.277729530114E-1));
#4130=CARTESIAN_POINT('',(-3.876505265805E-2,7.580369879126E-2,
-1.050092520928E-1));
#4131=CARTESIAN_POINT('',(-3.672593824281E-2,1.146173786662E-1,
-6.029925344773E-2));
#4132=CARTESIAN_POINT('',(-3.468682382756E-2,1.294767179926E-1,
-2.987082191830E-3));
#4133=CARTESIAN_POINT('',(-3.264770941231E-2,1.172762132088E-1,
5.494936488740E-2));
#4134=CARTESIAN_POINT('',(-3.060859499707E-2,8.056570230986E-2,
1.014017270173E-1));
#4135=CARTESIAN_POINT('',(-2.856948058182E-2,2.701746103015E-2,
1.266617511160E-1));
#4136=CARTESIAN_POINT('',(-2.653036616657E-2,-3.217725751422E-2,
1.254502542114E-1));
#4137=CARTESIAN_POINT('',(-2.449125175133E-2,-8.464712587835E-2,
9.802043700744E-2));
#4138=CARTESIAN_POINT('',(-2.245213733608E-2,-1.194262718407E-1,
5.010496396519E-2));
#4139=CARTESIAN_POINT('',(-2.041302292083E-2,-1.292460753911E-1,
-8.282129341449E-3));
#4140=CARTESIAN_POINT('',(-1.837390850559E-2,-1.120542626903E-1,
-6.493830730624E-2));
#4141=CARTESIAN_POINT('',(-1.633479409034E-2,-7.144381669217E-2,
-1.080227869186E-1));
#4142=CARTESIAN_POINT('',(-1.429567967509E-2,-1.590206539831E-2,
-1.285311855920E-1));
#4143=CARTESIAN_POINT('',(-1.225656525985E-2,4.296311618883E-2,
-1.221773790014E-1));
#4144=CARTESIAN_POINT('',(-1.021745084460E-2,9.284927795169E-2,
-9.028927310190E-2));
#4145=CARTESIAN_POINT('',(-8.178336429354E-3,1.233305280071E-1,
-3.953128000264E-2));
#4146=CARTESIAN_POINT('',(-6.139222014107E-3,1.280364774333E-1,
1.948850148507E-2));
#4147=CARTESIAN_POINT('',(-4.100107598860E-3,1.059836111364E-1,
7.443531046236E-2));
#4148=CARTESIAN_POINT('',(-2.060993183613E-3,6.178083692165E-2,
1.138256101016E-1));
#4149=CARTESIAN_POINT('',(-2.187876836652E-5,4.666254124462E-3,
1.294270739610E-1));
#4150=CARTESIAN_POINT('',(2.017235646880E-3,-5.342354942629E-2,
1.179790908075E-1));
#4151=CARTESIAN_POINT('',(4.056350062127E-3,-1.003481680127E-1,
8.187421328262E-2));
#4152=CARTESIAN_POINT('',(6.095464477374E-3,-1.263006463511E-1,
2.865813152212E-2));
#4153=CARTESIAN_POINT('',(8.134578892622E-3,-1.258570728152E-1,
-3.054732663208E-2));
#4154=CARTESIAN_POINT('',(1.017369330787E-2,-9.911014529666E-2,
-8.336858662808E-2));
#4155=CARTESIAN_POINT('',(1.221280772312E-2,-5.164980092074E-2,
-1.187663269677E-1));
#4156=CARTESIAN_POINT('',(1.425192213836E-2,6.605043098487E-3,
-1.293426302742E-1));
#4157=CARTESIAN_POINT('',(1.629103655361E-2,6.347947968209E-2,
-1.128871052361E-1));
#4158=CARTESIAN_POINT('',(1.833015096886E-2,1.070870920206E-1,
-7.283884873815E-2));
#4159=CARTESIAN_POINT('',(2.036926538411E-2,1.283141434476E-1,
-1.756769970530E-2));
#4160=CARTESIAN_POINT('',(2.240837979935E-2,1.227242964319E-1,
4.137500320981E-2));
#4161=CARTESIAN_POINT('',(2.444749421460E-2,9.148578516346E-2,
9.167058038953E-2));
#4162=CARTESIAN_POINT('',(2.648660862985E-2,4.112726679181E-2,
1.228075425689E-1));
#4163=CARTESIAN_POINT('',(2.852572304510E-2,-1.782662466610E-2,
1.282784334053E-1));
#4164=CARTESIAN_POINT('',(3.056483746034E-2,-7.305486275121E-2,
1.069398543796E-1));
#4165=CARTESIAN_POINT('',(3.260395187559E-2,-1.130150505023E-1,
6.325143720919E-2));
#4166=CARTESIAN_POINT('',(3.464306629084E-2,-1.293557222972E-1,
6.343803171554E-3));
#4167=CARTESIAN_POINT('',(3.668218070609E-2,-1.186617429981E-1,
-5.188964661327E-2));
#4168=CARTESIAN_POINT('',(3.872129512134E-2,-8.316811673679E-2,
-9.927851176643E-2));
#4169=CARTESIAN_POINT('',(4.076040953659E-2,-3.029267620390E-2,
-1.259184649904E-1));
#4170=CARTESIAN_POINT('',(4.279952395183E-2,2.891339761079E-2,
-1.262429854579E-1));
#4171=CARTESIAN_POINT('',(4.483863836708E-2,8.207819780700E-2,
-1.001801059238E-1));
#4172=CARTESIAN_POINT('',(4.619804797725E-2,1.060818028587E-1,
-6.885484812505E-2));
#4173=CARTESIAN_POINT('',(4.687775278233E-2,1.139738593798E-1,
-5.133184366032E-2));
#4174=B_SPLINE_SURFACE_WITH_KNOTS('',3,3,((#3906,#3907,#3908,#3909,#3910,#3911,
#3912,#3913,#3914,#3915,#3916,#3917,#3918,#3919,#3920,#3921,#3922,#3923,#3924,
#3925,#3926,#3927,#3928,#3929,#3930,#3931,#3932,#3933,#3934,#3935,#3936,#3937,
#3938,#3939,#3940,#3941,#3942,#3943,#3944,#3945,#3946,#3947,#3948,#3949,#3950,
#3951,#3952,#3953,#3954,#3955,#3956,#3957,#3958,#3959,#3960,#3961,#3962,#3963,
#3964,#3965,#3966,#3967,#3968,#3969,#3970,#3971,#3972),(#3973,#3974,#3975,#3976,
#3977,#3978,#3979,#3980,#3981,#3982,#3983,#3984,#3985,#3986,#3987,#3988,#3989,
#3990,#3991,#3992,#3993,#3994,#3995,#3996,#3997,#3998,#3999,#4000,#4001,#4002,
#4003,#4004,#4005,#4006,#4007,#4008,#4009,#4010,#4011,#4012,#4013,#4014,#4015,
#4016,#4017,#4018,#4019,#4020,#4021,#4022,#4023,#4024,#4025,#4026,#4027,#4028,
#4029,#4030,#4031,#4032,#4033,#4034,#4035,#4036,#4037,#4038,#4039),(#4040,#4041,
#4042,#4043,#4044,#4045,#4046,#4047,#4048,#4049,#4050,#4051,#4052,#4053,#4054,
#4055,#4056,#4057,#4058,#4059,#4060,#4061,#4062,#4063,#4064,#4065,#4066,#4067,
#4068,#4069,#4070,#4071,#4072,#4073,#4074,#4075,#4076,#4077,#4078,#4079,#4080,
#4081,#4082,#4083,#4084,#4085,#4086,#4087,#4088,#4089,#4090,#4091,#4092,#4093,
#4094,#4095,#4096,#4097,#4098,#4099,#4100,#4101,#4102,#4103,#4104,#4105,#4106),(
#4107,#4108,#4109,#4110,#4111,#4112,#4113,#4114,#4115,#4116,#4117,#4118,#4119,
#4120,#4121,#4122,#4123,#4124,#4125,#4126,#4127,#4128,#4129,#4130,#4131,#4132,
#4133,#4134,#4135,#4136,#4137,#4138,#4139,#4140,#4141,#4142,#4143,#4144,#4145,
#4146,#4147,#4148,#4149,#4150,#4151,#4152,#4153,#4154,#4155,#4156,#4157,#4158,
#4159,#4160,#4161,#4162,#4163,#4164,#4165,#4166,#4167,#4168,#4169,#4170,#4171,
#4172,#4173)),.UNSPECIFIED.,.F.,.F.,.F.,(4,4),(4,1,1,1,1,1,1,1,1,1,1,1,1,1,1,1,
1,1,1,1,1,1,1,1,1,1,1,1,1,1,1,1,1,1,1,1,1,1,1,1,1,1,1,1,1,1,1,1,1,1,1,1,1,1,1,1,
1,1,1,1,1,1,1,1,4),(-5.784284806266E-2,1.057842848063E0),(4.149547598665E-2,
5.448346589268E-2,6.747145579872E-2,8.045944570475E-2,9.344743561079E-2,
1.064354255168E-1,1.194234154229E-1,1.324114053289E-1,1.453993952349E-1,
1.583873851410E-1,1.713753750470E-1,1.843633649530E-1,1.973513548591E-1,
2.103393447651E-1,2.233273346711E-1,2.363153245772E-1,2.493033144832E-1,
2.622913043892E-1,2.752792942953E-1,2.882672842013E-1,3.012552741073E-1,
3.142432640134E-1,3.272312539194E-1,3.402192438254E-1,3.532072337315E-1,
3.661952236375E-1,3.791832135435E-1,3.921712034496E-1,4.051591933556E-1,
4.181471832616E-1,4.311351731677E-1,4.441231630737E-1,4.571111529797E-1,
4.700991428858E-1,4.830871327918E-1,4.960751226979E-1,5.090631126039E-1,
5.220511025099E-1,5.350390924160E-1,5.480270823220E-1,5.610150722280E-1,
5.740030621341E-1,5.869910520401E-1,5.999790419461E-1,6.129670318522E-1,
6.259550217582E-1,6.389430116642E-1,6.519310015703E-1,6.649189914763E-1,
6.779069813823E-1,6.908949712884E-1,7.038829611944E-1,7.168709511004E-1,
7.298589410065E-1,7.428469309125E-1,7.558349208185E-1,7.688229107246E-1,
7.818109006306E-1,7.947988905366E-1,8.077868804427E-1,8.207748703487E-1,
8.337628602547E-1,8.467508501608E-1,8.597388400668E-1,8.727268299728E-1),
.UNSPECIFIED.);
#4175=ORIENTED_EDGE('',*,*,#3439,.F.);
#4176=ORIENTED_EDGE('',*,*,#3147,.F.);
#4177=ORIENTED_EDGE('',*,*,#3745,.T.);
#4178=ORIENTED_EDGE('',*,*,#3810,.T.);
#4179=EDGE_LOOP('',(#4175,#4176,#4177,#4178));
#4180=FACE_OUTER_BOUND('',#4179,.F.);
#4181=ADVANCED_FACE('',(#4180),#4174,.F.);
#4182=CARTESIAN_POINT('',(-8.105E-2,0.E0,0.E0));
#4183=DIRECTION('',(1.E0,0.E0,0.E0));
#4184=DIRECTION('',(0.E0,-1.E0,0.E0));
#4185=AXIS2_PLACEMENT_3D('',#4182,#4183,#4184);
#4186=CYLINDRICAL_SURFACE('',#4185,1.115E-1);
#4187=ORIENTED_EDGE('',*,*,#3447,.F.);
#4188=ORIENTED_EDGE('',*,*,#3767,.T.);
#4189=ORIENTED_EDGE('',*,*,#3753,.F.);
#4191=ORIENTED_EDGE('',*,*,#4190,.F.);
#4192=EDGE_LOOP('',(#4187,#4188,#4189,#4191));
#4193=FACE_OUTER_BOUND('',#4192,.F.);
#4194=ADVANCED_FACE('',(#4193),#4186,.F.);
#4195=CARTESIAN_POINT('',(-8.105E-2,0.E0,0.E0));
#4196=DIRECTION('',(1.E0,0.E0,0.E0));
#4197=DIRECTION('',(0.E0,-1.E0,0.E0));
#4198=AXIS2_PLACEMENT_3D('',#4195,#4196,#4197);
#4199=CYLINDRICAL_SURFACE('',#4198,1.115E-1);
#4200=ORIENTED_EDGE('',*,*,#3449,.F.);
#4201=ORIENTED_EDGE('',*,*,#4190,.T.);
#4202=ORIENTED_EDGE('',*,*,#3751,.F.);
#4204=ORIENTED_EDGE('',*,*,#4203,.F.);
#4205=EDGE_LOOP('',(#4200,#4201,#4202,#4204));
#4206=FACE_OUTER_BOUND('',#4205,.F.);
#4207=ADVANCED_FACE('',(#4206),#4199,.F.);
#4208=CARTESIAN_POINT('',(-8.105E-2,0.E0,0.E0));
#4209=DIRECTION('',(1.E0,0.E0,0.E0));
#4210=DIRECTION('',(0.E0,-1.E0,0.E0));
#4211=AXIS2_PLACEMENT_3D('',#4208,#4209,#4210);
#4212=CYLINDRICAL_SURFACE('',#4211,1.115E-1);
#4213=ORIENTED_EDGE('',*,*,#3451,.F.);
#4214=ORIENTED_EDGE('',*,*,#4203,.T.);
#4215=ORIENTED_EDGE('',*,*,#3749,.F.);
#4216=ORIENTED_EDGE('',*,*,#3465,.F.);
#4217=EDGE_LOOP('',(#4213,#4214,#4215,#4216));
#4218=FACE_OUTER_BOUND('',#4217,.F.);
#4219=ADVANCED_FACE('',(#4218),#4212,.F.);
#4220=CARTESIAN_POINT('',(2.73E-1,0.E0,0.E0));
#4221=DIRECTION('',(-1.E0,0.E0,0.E0));
#4222=DIRECTION('',(0.E0,1.E0,0.E0));
#4223=AXIS2_PLACEMENT_3D('',#4220,#4221,#4222);
#4224=CYLINDRICAL_SURFACE('',#4223,1.25E-1);
#4225=ORIENTED_EDGE('',*,*,#2736,.T.);
#4226=ORIENTED_EDGE('',*,*,#2685,.T.);
#4227=ORIENTED_EDGE('',*,*,#2646,.T.);
#4228=ORIENTED_EDGE('',*,*,#2715,.F.);
#4229=ORIENTED_EDGE('',*,*,#2740,.T.);
#4231=ORIENTED_EDGE('',*,*,#4230,.T.);
#4233=ORIENTED_EDGE('',*,*,#4232,.F.);
#4235=ORIENTED_EDGE('',*,*,#4234,.F.);
#4236=EDGE_LOOP('',(#4225,#4226,#4227,#4228,#4229,#4231,#4233,#4235));
#4237=FACE_OUTER_BOUND('',#4236,.F.);
#4238=ADVANCED_FACE('',(#4237),#4224,.T.);
#4239=CARTESIAN_POINT('',(2.73E-1,0.E0,0.E0));
#4240=DIRECTION('',(-1.E0,0.E0,0.E0));
#4241=DIRECTION('',(0.E0,1.E0,0.E0));
#4242=AXIS2_PLACEMENT_3D('',#4239,#4240,#4241);
#4243=CYLINDRICAL_SURFACE('',#4242,1.25E-1);
#4244=ORIENTED_EDGE('',*,*,#2738,.T.);
#4245=ORIENTED_EDGE('',*,*,#4234,.T.);
#4247=ORIENTED_EDGE('',*,*,#4246,.T.);
#4248=ORIENTED_EDGE('',*,*,#4230,.F.);
#4249=EDGE_LOOP('',(#4244,#4245,#4247,#4248));
#4250=FACE_OUTER_BOUND('',#4249,.F.);
#4251=ADVANCED_FACE('',(#4250),#4243,.T.);
#4252=CARTESIAN_POINT('',(2.5E-1,0.E0,0.E0));
#4253=DIRECTION('',(1.E0,0.E0,0.E0));
#4254=DIRECTION('',(0.E0,-1.E0,0.E0));
#4255=AXIS2_PLACEMENT_3D('',#4252,#4253,#4254);
#4256=CONICAL_SURFACE('',#4255,1.405E-1,5.717145820859E1);
#4258=ORIENTED_EDGE('',*,*,#4257,.T.);
#4260=ORIENTED_EDGE('',*,*,#4259,.T.);
#4262=ORIENTED_EDGE('',*,*,#4261,.F.);
#4263=ORIENTED_EDGE('',*,*,#4246,.F.);
#4265=ORIENTED_EDGE('',*,*,#4264,.T.);
#4266=EDGE_LOOP('',(#4258,#4260,#4262,#4263,#4265));
#4267=FACE_OUTER_BOUND('',#4266,.F.);
#4268=ADVANCED_FACE('',(#4267),#4256,.T.);
#4269=CARTESIAN_POINT('',(0.E0,0.E0,0.E0));
#4270=DIRECTION('',(1.E0,0.E0,0.E0));
#4271=DIRECTION('',(0.E0,0.E0,-1.E0));
#4272=AXIS2_PLACEMENT_3D('',#4269,#4270,#4271);
#4273=CYLINDRICAL_SURFACE('',#4272,1.56E-1);
#4275=ORIENTED_EDGE('',*,*,#4274,.T.);
#4277=ORIENTED_EDGE('',*,*,#4276,.F.);
#4278=ORIENTED_EDGE('',*,*,#4257,.F.);
#4280=ORIENTED_EDGE('',*,*,#4279,.F.);
#4282=ORIENTED_EDGE('',*,*,#4281,.T.);
#4283=EDGE_LOOP('',(#4275,#4277,#4278,#4280,#4282));
#4284=FACE_OUTER_BOUND('',#4283,.F.);
#4285=ADVANCED_FACE('',(#4284),#4273,.T.);
#4286=CARTESIAN_POINT('',(3.98E-1,0.E0,0.E0));
#4287=DIRECTION('',(-1.E0,0.E0,0.E0));
#4288=DIRECTION('',(0.E0,1.E0,0.E0));
#4289=AXIS2_PLACEMENT_3D('',#4286,#4287,#4288);
#4290=PLANE('',#4289);
#4291=ORIENTED_EDGE('',*,*,#4274,.F.);
#4293=ORIENTED_EDGE('',*,*,#4292,.F.);
#4294=EDGE_LOOP('',(#4291,#4293));
#4295=FACE_OUTER_BOUND('',#4294,.F.);
#4297=ORIENTED_EDGE('',*,*,#4296,.T.);
#4299=ORIENTED_EDGE('',*,*,#4298,.T.);
#4300=EDGE_LOOP('',(#4297,#4299));
#4301=FACE_BOUND('',#4300,.F.);
#4302=ADVANCED_FACE('',(#4295,#4301),#4290,.F.);
#4303=CARTESIAN_POINT('',(0.E0,0.E0,0.E0));
#4304=DIRECTION('',(1.E0,0.E0,0.E0));
#4305=DIRECTION('',(0.E0,0.E0,-1.E0));
#4306=AXIS2_PLACEMENT_3D('',#4303,#4304,#4305);
#4307=CYLINDRICAL_SURFACE('',#4306,1.56E-1);
#4308=ORIENTED_EDGE('',*,*,#4292,.T.);
#4309=ORIENTED_EDGE('',*,*,#4281,.F.);
#4311=ORIENTED_EDGE('',*,*,#4310,.F.);
#4312=ORIENTED_EDGE('',*,*,#4259,.F.);
#4313=ORIENTED_EDGE('',*,*,#4276,.T.);
#4314=EDGE_LOOP('',(#4308,#4309,#4311,#4312,#4313));
#4315=FACE_OUTER_BOUND('',#4314,.F.);
#4316=ADVANCED_FACE('',(#4315),#4307,.T.);
#4317=CARTESIAN_POINT('',(2.5E-1,0.E0,0.E0));
#4318=DIRECTION('',(1.E0,0.E0,0.E0));
#4319=DIRECTION('',(0.E0,-1.E0,0.E0));
#4320=AXIS2_PLACEMENT_3D('',#4317,#4318,#4319);
#4321=CONICAL_SURFACE('',#4320,1.405E-1,5.717145820859E1);
#4322=ORIENTED_EDGE('',*,*,#4279,.T.);
#4323=ORIENTED_EDGE('',*,*,#4264,.F.);
#4324=ORIENTED_EDGE('',*,*,#4232,.T.);
#4325=ORIENTED_EDGE('',*,*,#4261,.T.);
#4326=ORIENTED_EDGE('',*,*,#4310,.T.);
#4327=EDGE_LOOP('',(#4322,#4323,#4324,#4325,#4326));
#4328=FACE_OUTER_BOUND('',#4327,.F.);
#4329=ADVANCED_FACE('',(#4328),#4321,.T.);
#4330=CARTESIAN_POINT('',(3.98E-1,0.E0,0.E0));
#4331=DIRECTION('',(1.E0,0.E0,0.E0));
#4332=DIRECTION('',(0.E0,0.E0,-1.E0));
#4333=AXIS2_PLACEMENT_3D('',#4330,#4331,#4332);
#4334=CYLINDRICAL_SURFACE('',#4333,1.48E-1);
#4335=ORIENTED_EDGE('',*,*,#4296,.F.);
#4337=ORIENTED_EDGE('',*,*,#4336,.T.);
#4339=ORIENTED_EDGE('',*,*,#4338,.T.);
#4341=ORIENTED_EDGE('',*,*,#4340,.F.);
#4342=EDGE_LOOP('',(#4335,#4337,#4339,#4341));
#4343=FACE_OUTER_BOUND('',#4342,.F.);
#4344=ADVANCED_FACE('',(#4343),#4334,.T.);
#4345=CARTESIAN_POINT('',(3.98E-1,0.E0,0.E0));
#4346=DIRECTION('',(1.E0,0.E0,0.E0));
#4347=DIRECTION('',(0.E0,0.E0,-1.E0));
#4348=AXIS2_PLACEMENT_3D('',#4345,#4346,#4347);
#4349=CYLINDRICAL_SURFACE('',#4348,1.48E-1);
#4350=ORIENTED_EDGE('',*,*,#4298,.F.);
#4351=ORIENTED_EDGE('',*,*,#4340,.T.);
#4353=ORIENTED_EDGE('',*,*,#4352,.T.);
#4354=ORIENTED_EDGE('',*,*,#4336,.F.);
#4355=EDGE_LOOP('',(#4350,#4351,#4353,#4354));
#4356=FACE_OUTER_BOUND('',#4355,.F.);
#4357=ADVANCED_FACE('',(#4356),#4349,.T.);
#4358=CARTESIAN_POINT('',(9.08E-1,0.E0,0.E0));
#4359=DIRECTION('',(1.E0,0.E0,0.E0));
#4360=DIRECTION('',(0.E0,0.E0,-1.E0));
#4361=AXIS2_PLACEMENT_3D('',#4358,#4359,#4360);
#4362=PLANE('',#4361);
#4363=ORIENTED_EDGE('',*,*,#4338,.F.);
#4364=ORIENTED_EDGE('',*,*,#4352,.F.);
#4365=EDGE_LOOP('',(#4363,#4364));
#4366=FACE_OUTER_BOUND('',#4365,.F.);
#4368=ORIENTED_EDGE('',*,*,#4367,.F.);
#4370=ORIENTED_EDGE('',*,*,#4369,.T.);
#4371=EDGE_LOOP('',(#4368,#4370));
#4372=FACE_BOUND('',#4371,.F.);
#4373=ADVANCED_FACE('',(#4366,#4372),#4362,.T.);
#4374=CARTESIAN_POINT('',(8.87E-1,0.E0,0.E0));
#4375=DIRECTION('',(1.E0,0.E0,0.E0));
#4376=DIRECTION('',(0.E0,-1.E0,0.E0));
#4377=AXIS2_PLACEMENT_3D('',#4374,#4375,#4376);
#4378=CYLINDRICAL_SURFACE('',#4377,1.295E-1);
#4380=ORIENTED_EDGE('',*,*,#4379,.T.);
#4381=ORIENTED_EDGE('',*,*,#4367,.T.);
#4383=ORIENTED_EDGE('',*,*,#4382,.F.);
#4385=ORIENTED_EDGE('',*,*,#4384,.F.);
#4386=EDGE_LOOP('',(#4380,#4381,#4383,#4385));
#4387=FACE_OUTER_BOUND('',#4386,.F.);
#4388=ADVANCED_FACE('',(#4387),#4378,.F.);
#4389=CARTESIAN_POINT('',(8.87E-1,0.E0,0.E0));
#4390=DIRECTION('',(1.E0,0.E0,0.E0));
#4391=DIRECTION('',(0.E0,-1.E0,0.E0));
#4392=AXIS2_PLACEMENT_3D('',#4389,#4390,#4391);
#4393=CYLINDRICAL_SURFACE('',#4392,1.295E-1);
#4394=ORIENTED_EDGE('',*,*,#4379,.F.);
#4396=ORIENTED_EDGE('',*,*,#4395,.T.);
#4397=ORIENTED_EDGE('',*,*,#4382,.T.);
#4398=ORIENTED_EDGE('',*,*,#4369,.F.);
#4399=EDGE_LOOP('',(#4394,#4396,#4397,#4398));
#4400=FACE_OUTER_BOUND('',#4399,.F.);
#4401=ADVANCED_FACE('',(#4400),#4393,.F.);
#4402=CARTESIAN_POINT('',(8.88E-1,0.E0,0.E0));
#4403=DIRECTION('',(1.E0,0.E0,0.E0));
#4404=DIRECTION('',(0.E0,-1.E0,0.E0));
#4405=AXIS2_PLACEMENT_3D('',#4402,#4403,#4404);
#4406=PLANE('',#4405);
#4408=ORIENTED_EDGE('',*,*,#4407,.F.);
#4410=ORIENTED_EDGE('',*,*,#4409,.F.);
#4411=EDGE_LOOP('',(#4408,#4410));
#4412=FACE_OUTER_BOUND('',#4411,.F.);
#4413=ORIENTED_EDGE('',*,*,#4395,.F.);
#4414=ORIENTED_EDGE('',*,*,#4384,.T.);
#4415=EDGE_LOOP('',(#4413,#4414));
#4416=FACE_BOUND('',#4415,.F.);
#4417=ADVANCED_FACE('',(#4412,#4416),#4406,.F.);
#4418=CARTESIAN_POINT('',(9.08E-1,0.E0,0.E0));
#4419=DIRECTION('',(-1.E0,0.E0,0.E0));
#4420=DIRECTION('',(0.E0,-1.E0,0.E0));
#4421=AXIS2_PLACEMENT_3D('',#4418,#4419,#4420);
#4422=CYLINDRICAL_SURFACE('',#4421,1.305E-1);
#4424=ORIENTED_EDGE('',*,*,#4423,.F.);
#4426=ORIENTED_EDGE('',*,*,#4425,.F.);
#4427=ORIENTED_EDGE('',*,*,#4407,.T.);
#4429=ORIENTED_EDGE('',*,*,#4428,.T.);
#4430=EDGE_LOOP('',(#4424,#4426,#4427,#4429));
#4431=FACE_OUTER_BOUND('',#4430,.F.);
#4432=ADVANCED_FACE('',(#4431),#4422,.F.);
#4433=CARTESIAN_POINT('',(6.20275E-1,0.E0,0.E0));
#4434=DIRECTION('',(1.E0,0.E0,0.E0));
#4435=DIRECTION('',(0.E0,-1.E0,0.E0));
#4436=AXIS2_PLACEMENT_3D('',#4433,#4434,#4435);
#4437=PLANE('',#4436);
#4438=ORIENTED_EDGE('',*,*,#4423,.T.);
#4440=ORIENTED_EDGE('',*,*,#4439,.T.);
#4441=EDGE_LOOP('',(#4438,#4440));
#4442=FACE_OUTER_BOUND('',#4441,.F.);
#4444=ORIENTED_EDGE('',*,*,#4443,.F.);
#4446=ORIENTED_EDGE('',*,*,#4445,.F.);
#4447=EDGE_LOOP('',(#4444,#4446));
#4448=FACE_BOUND('',#4447,.F.);
#4449=ADVANCED_FACE('',(#4442,#4448),#4437,.T.);
#4450=CARTESIAN_POINT('',(9.08E-1,0.E0,0.E0));
#4451=DIRECTION('',(-1.E0,0.E0,0.E0));
#4452=DIRECTION('',(0.E0,-1.E0,0.E0));
#4453=AXIS2_PLACEMENT_3D('',#4450,#4451,#4452);
#4454=CYLINDRICAL_SURFACE('',#4453,1.305E-1);
#4455=ORIENTED_EDGE('',*,*,#4439,.F.);
#4456=ORIENTED_EDGE('',*,*,#4428,.F.);
#4457=ORIENTED_EDGE('',*,*,#4409,.T.);
#4458=ORIENTED_EDGE('',*,*,#4425,.T.);
#4459=EDGE_LOOP('',(#4455,#4456,#4457,#4458));
#4460=FACE_OUTER_BOUND('',#4459,.F.);
#4461=ADVANCED_FACE('',(#4460),#4454,.F.);
#4462=CARTESIAN_POINT('',(8.096E-1,0.E0,0.E0));
#4463=DIRECTION('',(-1.E0,0.E0,0.E0));
#4464=DIRECTION('',(0.E0,1.E0,0.E0));
#4465=AXIS2_PLACEMENT_3D('',#4462,#4463,#4464);
#4466=CYLINDRICAL_SURFACE('',#4465,1.1E-1);
#4467=ORIENTED_EDGE('',*,*,#4443,.T.);
#4469=ORIENTED_EDGE('',*,*,#4468,.T.);
#4471=ORIENTED_EDGE('',*,*,#4470,.F.);
#4473=ORIENTED_EDGE('',*,*,#4472,.F.);
#4474=EDGE_LOOP('',(#4467,#4469,#4471,#4473));
#4475=FACE_OUTER_BOUND('',#4474,.F.);
#4476=ADVANCED_FACE('',(#4475),#4466,.T.);
#4477=CARTESIAN_POINT('',(8.096E-1,0.E0,0.E0));
#4478=DIRECTION('',(-1.E0,0.E0,0.E0));
#4479=DIRECTION('',(0.E0,1.E0,0.E0));
#4480=AXIS2_PLACEMENT_3D('',#4477,#4478,#4479);
#4481=CYLINDRICAL_SURFACE('',#4480,1.1E-1);
#4482=ORIENTED_EDGE('',*,*,#4445,.T.);
#4483=ORIENTED_EDGE('',*,*,#4472,.T.);
#4485=ORIENTED_EDGE('',*,*,#4484,.T.);
#4486=ORIENTED_EDGE('',*,*,#4468,.F.);
#4487=EDGE_LOOP('',(#4482,#4483,#4485,#4486));
#4488=FACE_OUTER_BOUND('',#4487,.F.);
#4489=ADVANCED_FACE('',(#4488),#4481,.T.);
#4490=CARTESIAN_POINT('',(7.693939193541E-1,0.E0,0.E0));
#4491=DIRECTION('',(-1.E0,0.E0,0.E0));
#4492=DIRECTION('',(0.E0,1.E0,0.E0));
#4493=AXIS2_PLACEMENT_3D('',#4490,#4491,#4492);
#4494=CONICAL_SURFACE('',#4493,1.025E-1,2.E1);
#4496=ORIENTED_EDGE('',*,*,#4495,.F.);
#4498=ORIENTED_EDGE('',*,*,#4497,.F.);
#4499=ORIENTED_EDGE('',*,*,#4484,.F.);
#4501=ORIENTED_EDGE('',*,*,#4500,.T.);
#4502=EDGE_LOOP('',(#4496,#4498,#4499,#4501));
#4503=FACE_OUTER_BOUND('',#4502,.F.);
#4504=ADVANCED_FACE('',(#4503),#4494,.T.);
#4505=CARTESIAN_POINT('',(7.9E-1,0.E0,0.E0));
#4506=DIRECTION('',(1.E0,0.E0,0.E0));
#4507=DIRECTION('',(0.E0,0.E0,-1.E0));
#4508=AXIS2_PLACEMENT_3D('',#4505,#4506,#4507);
#4509=PLANE('',#4508);
#4511=ORIENTED_EDGE('',*,*,#4510,.T.);
#4512=ORIENTED_EDGE('',*,*,#4495,.T.);
#4513=EDGE_LOOP('',(#4511,#4512));
#4514=FACE_OUTER_BOUND('',#4513,.F.);
#4516=ORIENTED_EDGE('',*,*,#4515,.F.);
#4518=ORIENTED_EDGE('',*,*,#4517,.F.);
#4519=EDGE_LOOP('',(#4516,#4518));
#4520=FACE_BOUND('',#4519,.F.);
#4521=ADVANCED_FACE('',(#4514,#4520),#4509,.T.);
#4522=CARTESIAN_POINT('',(7.693939193541E-1,0.E0,0.E0));
#4523=DIRECTION('',(-1.E0,0.E0,0.E0));
#4524=DIRECTION('',(0.E0,1.E0,0.E0));
#4525=AXIS2_PLACEMENT_3D('',#4522,#4523,#4524);
#4526=CONICAL_SURFACE('',#4525,1.025E-1,2.E1);
#4527=ORIENTED_EDGE('',*,*,#4510,.F.);
#4528=ORIENTED_EDGE('',*,*,#4500,.F.);
#4529=ORIENTED_EDGE('',*,*,#4470,.T.);
#4530=ORIENTED_EDGE('',*,*,#4497,.T.);
#4531=EDGE_LOOP('',(#4527,#4528,#4529,#4530));
#4532=FACE_OUTER_BOUND('',#4531,.F.);
#4533=ADVANCED_FACE('',(#4532),#4526,.T.);
#4534=CARTESIAN_POINT('',(8.16E-1,0.E0,0.E0));
#4535=DIRECTION('',(-1.E0,0.E0,0.E0));
#4536=DIRECTION('',(0.E0,1.E0,0.E0));
#4537=AXIS2_PLACEMENT_3D('',#4534,#4535,#4536);
#4538=CYLINDRICAL_SURFACE('',#4537,8.3E-2);
#4540=ORIENTED_EDGE('',*,*,#4539,.F.);
#4542=ORIENTED_EDGE('',*,*,#4541,.F.);
#4543=ORIENTED_EDGE('',*,*,#4515,.T.);
#4545=ORIENTED_EDGE('',*,*,#4544,.T.);
#4546=EDGE_LOOP('',(#4540,#4542,#4543,#4545));
#4547=FACE_OUTER_BOUND('',#4546,.F.);
#4548=ADVANCED_FACE('',(#4547),#4538,.F.);
#4549=CARTESIAN_POINT('',(6.202745060047E-1,0.E0,0.E0));
#4550=DIRECTION('',(1.E0,0.E0,0.E0));
#4551=DIRECTION('',(0.E0,-1.E0,0.E0));
#4552=AXIS2_PLACEMENT_3D('',#4549,#4550,#4551);
#4553=PLANE('',#4552);
#4554=ORIENTED_EDGE('',*,*,#4539,.T.);
#4556=ORIENTED_EDGE('',*,*,#4555,.T.);
#4557=EDGE_LOOP('',(#4554,#4556));
#4558=FACE_OUTER_BOUND('',#4557,.F.);
#4559=ADVANCED_FACE('',(#4558),#4553,.T.);
#4560=CARTESIAN_POINT('',(8.16E-1,0.E0,0.E0));
#4561=DIRECTION('',(-1.E0,0.E0,0.E0));
#4562=DIRECTION('',(0.E0,1.E0,0.E0));
#4563=AXIS2_PLACEMENT_3D('',#4560,#4561,#4562);
#4564=CYLINDRICAL_SURFACE('',#4563,8.3E-2);
#4565=ORIENTED_EDGE('',*,*,#4555,.F.);
#4566=ORIENTED_EDGE('',*,*,#4544,.F.);
#4567=ORIENTED_EDGE('',*,*,#4517,.T.);
#4568=ORIENTED_EDGE('',*,*,#4541,.T.);
#4569=EDGE_LOOP('',(#4565,#4566,#4567,#4568));
#4570=FACE_OUTER_BOUND('',#4569,.F.);
#4571=ADVANCED_FACE('',(#4570),#4564,.F.);
#4572=CARTESIAN_POINT('',(6.2E-2,0.E0,0.E0));
#4573=DIRECTION('',(1.E0,0.E0,0.E0));
#4574=DIRECTION('',(0.E0,-1.E0,0.E0));
#4575=AXIS2_PLACEMENT_3D('',#4572,#4573,#4574);
#4576=CYLINDRICAL_SURFACE('',#4575,1.175E-1);
#4577=ORIENTED_EDGE('',*,*,#2559,.T.);
#4578=ORIENTED_EDGE('',*,*,#2543,.T.);
#4579=ORIENTED_EDGE('',*,*,#2523,.F.);
#4580=ORIENTED_EDGE('',*,*,#2540,.F.);
#4581=EDGE_LOOP('',(#4577,#4578,#4579,#4580));
#4582=FACE_OUTER_BOUND('',#4581,.F.);
#4583=ADVANCED_FACE('',(#4582),#4576,.T.);
#4584=CARTESIAN_POINT('',(1.8375E-1,0.E0,0.E0));
#4585=DIRECTION('',(-1.E0,0.E0,0.E0));
#4586=DIRECTION('',(0.E0,1.E0,0.E0));
#4587=AXIS2_PLACEMENT_3D('',#4584,#4585,#4586);
#4588=CYLINDRICAL_SURFACE('',#4587,9.E-2);
#4589=ORIENTED_EDGE('',*,*,#2528,.F.);
#4590=ORIENTED_EDGE('',*,*,#2511,.F.);
#4591=ORIENTED_EDGE('',*,*,#2490,.T.);
#4592=ORIENTED_EDGE('',*,*,#2508,.T.);
#4593=EDGE_LOOP('',(#4589,#4590,#4591,#4592));
#4594=FACE_OUTER_BOUND('',#4593,.F.);
#4595=ADVANCED_FACE('',(#4594),#4588,.T.);
#4596=CARTESIAN_POINT('',(-9.4E-2,0.E0,0.E0));
#4597=DIRECTION('',(1.E0,0.E0,0.E0));
#4598=DIRECTION('',(0.E0,0.E0,-1.E0));
#4599=AXIS2_PLACEMENT_3D('',#4596,#4597,#4598);
#4600=CYLINDRICAL_SURFACE('',#4599,1.8E-2);
#4601=ORIENTED_EDGE('',*,*,#2494,.T.);
#4603=ORIENTED_EDGE('',*,*,#4602,.F.);
#4605=ORIENTED_EDGE('',*,*,#4604,.F.);
#4607=ORIENTED_EDGE('',*,*,#4606,.F.);
#4609=ORIENTED_EDGE('',*,*,#4608,.T.);
#4610=EDGE_LOOP('',(#4601,#4603,#4605,#4607,#4609));
#4611=FACE_OUTER_BOUND('',#4610,.F.);
#4612=ADVANCED_FACE('',(#4611),#4600,.T.);
#4613=CARTESIAN_POINT('',(-9.4E-2,0.E0,0.E0));
#4614=DIRECTION('',(1.E0,0.E0,0.E0));
#4615=DIRECTION('',(0.E0,0.E0,-1.E0));
#4616=AXIS2_PLACEMENT_3D('',#4613,#4614,#4615);
#4617=CYLINDRICAL_SURFACE('',#4616,1.8E-2);
#4618=ORIENTED_EDGE('',*,*,#2496,.T.);
#4619=ORIENTED_EDGE('',*,*,#4608,.F.);
#4621=ORIENTED_EDGE('',*,*,#4620,.F.);
#4623=ORIENTED_EDGE('',*,*,#4622,.F.);
#4624=ORIENTED_EDGE('',*,*,#4602,.T.);
#4625=EDGE_LOOP('',(#4618,#4619,#4621,#4623,#4624));
#4626=FACE_OUTER_BOUND('',#4625,.F.);
#4627=ADVANCED_FACE('',(#4626),#4617,.T.);
#4628=CARTESIAN_POINT('',(-8.490673326026E-2,0.E0,0.E0));
#4629=DIRECTION('',(1.E0,0.E0,0.E0));
#4630=DIRECTION('',(0.E0,-1.E0,0.E0));
#4631=AXIS2_PLACEMENT_3D('',#4628,#4629,#4630);
#4632=CONICAL_SURFACE('',#4631,1.275E-2,3.E1);
#4634=ORIENTED_EDGE('',*,*,#4633,.T.);
#4636=ORIENTED_EDGE('',*,*,#4635,.T.);
#4637=ORIENTED_EDGE('',*,*,#4620,.T.);
#4638=ORIENTED_EDGE('',*,*,#4606,.T.);
#4640=ORIENTED_EDGE('',*,*,#4639,.F.);
#4641=EDGE_LOOP('',(#4634,#4636,#4637,#4638,#4640));
#4642=FACE_OUTER_BOUND('',#4641,.F.);
#4643=ADVANCED_FACE('',(#4642),#4632,.T.);
#4644=CARTESIAN_POINT('',(-9.4E-2,0.E0,0.E0));
#4645=DIRECTION('',(1.E0,0.E0,0.E0));
#4646=DIRECTION('',(0.E0,0.E0,-1.E0));
#4647=AXIS2_PLACEMENT_3D('',#4644,#4645,#4646);
#4648=PLANE('',#4647);
#4649=ORIENTED_EDGE('',*,*,#4633,.F.);
#4651=ORIENTED_EDGE('',*,*,#4650,.F.);
#4652=EDGE_LOOP('',(#4649,#4651));
#4653=FACE_OUTER_BOUND('',#4652,.F.);
#4654=ADVANCED_FACE('',(#4653),#4648,.F.);
#4655=CARTESIAN_POINT('',(-8.490673326026E-2,0.E0,0.E0));
#4656=DIRECTION('',(1.E0,0.E0,0.E0));
#4657=DIRECTION('',(0.E0,-1.E0,0.E0));
#4658=AXIS2_PLACEMENT_3D('',#4655,#4656,#4657);
#4659=CONICAL_SURFACE('',#4658,1.275E-2,3.E1);
#4660=ORIENTED_EDGE('',*,*,#4650,.T.);
#4661=ORIENTED_EDGE('',*,*,#4639,.T.);
#4662=ORIENTED_EDGE('',*,*,#4604,.T.);
#4663=ORIENTED_EDGE('',*,*,#4622,.T.);
#4664=ORIENTED_EDGE('',*,*,#4635,.F.);
#4665=EDGE_LOOP('',(#4660,#4661,#4662,#4663,#4664));
#4666=FACE_OUTER_BOUND('',#4665,.F.);
#4667=ADVANCED_FACE('',(#4666),#4659,.T.);
#4668=CLOSED_SHELL('',(#2500,#2515,#2532,#2547,#2564,#2579,#2596,#2608,#2623,
#2636,#2656,#2671,#2691,#2706,#2725,#2747,#2762,#2777,#2801,#2814,#2831,#2843,
#2859,#2871,#2887,#2899,#2915,#2927,#2943,#2955,#2969,#2988,#3005,#3021,#3035,
#3050,#3067,#3079,#3094,#3107,#3122,#3135,#3151,#3166,#3455,#3469,#3757,#3771,
#3784,#3797,#3814,#3829,#3846,#3861,#3877,#3893,#3905,#4181,#4194,#4207,#4219,
#4238,#4251,#4268,#4285,#4302,#4316,#4329,#4344,#4357,#4373,#4388,#4401,#4417,
#4432,#4449,#4461,#4476,#4489,#4504,#4521,#4533,#4548,#4559,#4571,#4583,#4595,
#4612,#4627,#4643,#4654,#4667));
#4669=MANIFOLD_SOLID_BREP('',#4668);
#4670=DIMENSIONAL_EXPONENTS(1.E0,0.E0,0.E0,0.E0,0.E0,0.E0,0.E0);
#4672=LENGTH_MEASURE_WITH_UNIT(LENGTH_MEASURE(2.54E1),#4671);
#4673=(CONVERSION_BASED_UNIT('INCH',#4672)LENGTH_UNIT()NAMED_UNIT(#4670));
#4674=DIMENSIONAL_EXPONENTS(0.E0,0.E0,0.E0,0.E0,0.E0,0.E0,0.E0);
#4676=PLANE_ANGLE_MEASURE_WITH_UNIT(PLANE_ANGLE_MEASURE(1.745329251994E-2),
#4675);
#4677=(CONVERSION_BASED_UNIT('DEGREE',#4676)NAMED_UNIT(*)PLANE_ANGLE_UNIT());
#4679=UNCERTAINTY_MEASURE_WITH_UNIT(LENGTH_MEASURE(4.020864024340E-5),#4673,
'closure',
'Maximum model space distance between geometric entities at asserted connectivities');
#4680=(GEOMETRIC_REPRESENTATION_CONTEXT(3)GLOBAL_UNCERTAINTY_ASSIGNED_CONTEXT((
#4679))GLOBAL_UNIT_ASSIGNED_CONTEXT((#4673,#4677,#4678))REPRESENTATION_CONTEXT(
'ID1','3'));
#4682=APPLICATION_CONTEXT(
'CONFIGURATION CONTROLLED 3D DESIGNS OF MECHANICAL PARTS AND ASSEMBLIES');
#4683=APPLICATION_PROTOCOL_DEFINITION('international standard',
'config_control_design',1994,#4682);
#4684=DESIGN_CONTEXT('',#4682,'design');
#4685=MECHANICAL_CONTEXT('',#4682,'mechanical');
#4686=PRODUCT('901-10011_SW0001','901-10011_SW0001','NOT SPECIFIED',(#4685));
#4687=PRODUCT_DEFINITION_FORMATION_WITH_SPECIFIED_SOURCE('1','LAST_VERSION',
#4686,.MADE.);
#4691=PRODUCT_CATEGORY('part','');
#4692=PRODUCT_RELATED_PRODUCT_CATEGORY('detail','',(#4686));
#4693=PRODUCT_CATEGORY_RELATIONSHIP('','',#4691,#4692);
#4694=SECURITY_CLASSIFICATION_LEVEL('unclassified');
#4695=SECURITY_CLASSIFICATION('','',#4694);
#4696=CC_DESIGN_SECURITY_CLASSIFICATION(#4695,(#4687));
#4697=APPROVAL_STATUS('approved');
#4698=APPROVAL(#4697,'');
#4699=CC_DESIGN_APPROVAL(#4698,(#4695,#4687,#4688));
#4700=CALENDAR_DATE(118,30,4);
#4701=COORDINATED_UNIVERSAL_TIME_OFFSET(5,30,.AHEAD.);
#4702=LOCAL_TIME(12,58,3.3E1,#4701);
#4703=DATE_AND_TIME(#4700,#4702);
#4704=APPROVAL_DATE_TIME(#4703,#4698);
#4705=DATE_TIME_ROLE('creation_date');
#4706=CC_DESIGN_DATE_AND_TIME_ASSIGNMENT(#4703,#4705,(#4688));
#4707=DATE_TIME_ROLE('classification_date');
#4708=CC_DESIGN_DATE_AND_TIME_ASSIGNMENT(#4703,#4707,(#4695));
#4709=PERSON('UNSPECIFIED','UNSPECIFIED',$,$,$,$);
#4710=ORGANIZATION('UNSPECIFIED','UNSPECIFIED','UNSPECIFIED');
#4711=PERSON_AND_ORGANIZATION(#4709,#4710);
#4712=APPROVAL_ROLE('approver');
#4713=APPROVAL_PERSON_ORGANIZATION(#4711,#4698,#4712);
#4714=PERSON_AND_ORGANIZATION_ROLE('creator');
#4715=CC_DESIGN_PERSON_AND_ORGANIZATION_ASSIGNMENT(#4711,#4714,(#4687,#4688));
#4716=PERSON_AND_ORGANIZATION_ROLE('design_supplier');
#4717=CC_DESIGN_PERSON_AND_ORGANIZATION_ASSIGNMENT(#4711,#4716,(#4687));
#4718=PERSON_AND_ORGANIZATION_ROLE('classification_officer');
#4719=CC_DESIGN_PERSON_AND_ORGANIZATION_ASSIGNMENT(#4711,#4718,(#4695));
#4720=PERSON_AND_ORGANIZATION_ROLE('design_owner');
#4721=CC_DESIGN_PERSON_AND_ORGANIZATION_ASSIGNMENT(#4711,#4720,(#4686));
#5=CIRCLE('',#4,9.E-2);
#10=CIRCLE('',#9,9.E-2);
#15=CIRCLE('',#14,1.8E-2);
#20=CIRCLE('',#19,1.8E-2);
#25=CIRCLE('',#24,9.E-2);
#30=CIRCLE('',#29,1.175E-1);
#35=CIRCLE('',#34,1.175E-1);
#48=CIRCLE('',#47,1.25E-1);
#53=CIRCLE('',#52,1.25E-1);
#58=CIRCLE('',#57,1.175E-1);
#63=CIRCLE('',#62,1.175E-1);
#68=CIRCLE('',#67,1.25E-1);
#73=CIRCLE('',#72,1.25E-1);
#94=CIRCLE('',#93,9.7E-2);
#99=CIRCLE('',#98,9.7E-2);
#104=CIRCLE('',#103,1.225E-1);
#113=CIRCLE('',#112,1.25E-1);
#122=CIRCLE('',#121,9.7E-2);
#127=CIRCLE('',#126,9.7E-2);
#132=CIRCLE('',#131,1.225E-1);
#149=CIRCLE('',#148,1.385E-1);
#154=CIRCLE('',#153,1.275E-1);
#171=CIRCLE('',#170,1.275E-1);
#176=CIRCLE('',#175,1.275E-1);
#189=CIRCLE('',#188,1.275E-1);
#212=B_SPLINE_CURVE_WITH_KNOTS('',3,(#198,#199,#200,#201,#202,#203,#204,#205,
#206,#207,#208,#209,#210,#211),.UNSPECIFIED.,.F.,.F.,(4,1,1,1,1,1,1,1,1,1,1,4),(
0.E0,9.090909090909E-2,1.818181818182E-1,2.727272727273E-1,3.636363636364E-1,
4.545454545455E-1,5.454545454545E-1,6.363636363636E-1,7.272727272727E-1,
8.181818181818E-1,9.090909090909E-1,1.E0),.UNSPECIFIED.);
#227=B_SPLINE_CURVE_WITH_KNOTS('',3,(#213,#214,#215,#216,#217,#218,#219,#220,
#221,#222,#223,#224,#225,#226),.UNSPECIFIED.,.F.,.F.,(4,1,1,1,1,1,1,1,1,1,1,4),(
0.E0,9.090909090909E-2,1.818181818182E-1,2.727272727273E-1,3.636363636364E-1,
4.545454545455E-1,5.454545454545E-1,6.363636363636E-1,7.272727272727E-1,
8.181818181818E-1,9.090909090909E-1,1.E0),.UNSPECIFIED.);
#242=B_SPLINE_CURVE_WITH_KNOTS('',3,(#228,#229,#230,#231,#232,#233,#234,#235,
#236,#237,#238,#239,#240,#241),.UNSPECIFIED.,.F.,.F.,(4,1,1,1,1,1,1,1,1,1,1,4),(
0.E0,9.090909090909E-2,1.818181818182E-1,2.727272727273E-1,3.636363636364E-1,
4.545454545455E-1,5.454545454545E-1,6.363636363636E-1,7.272727272727E-1,
8.181818181818E-1,9.090909090909E-1,1.E0),.UNSPECIFIED.);
#257=B_SPLINE_CURVE_WITH_KNOTS('',3,(#243,#244,#245,#246,#247,#248,#249,#250,
#251,#252,#253,#254,#255,#256),.UNSPECIFIED.,.F.,.F.,(4,1,1,1,1,1,1,1,1,1,1,4),(
0.E0,9.090909090909E-2,1.818181818182E-1,2.727272727273E-1,3.636363636364E-1,
4.545454545455E-1,5.454545454545E-1,6.363636363636E-1,7.272727272727E-1,
8.181818181818E-1,9.090909090909E-1,1.E0),.UNSPECIFIED.);
#262=CIRCLE('',#261,1.275E-1);
#267=CIRCLE('',#266,1.275E-1);
#282=B_SPLINE_CURVE_WITH_KNOTS('',3,(#268,#269,#270,#271,#272,#273,#274,#275,
#276,#277,#278,#279,#280,#281),.UNSPECIFIED.,.F.,.F.,(4,1,1,1,1,1,1,1,1,1,1,4),(
0.E0,9.090909090909E-2,1.818181818182E-1,2.727272727273E-1,3.636363636364E-1,
4.545454545455E-1,5.454545454545E-1,6.363636363636E-1,7.272727272727E-1,
8.181818181818E-1,9.090909090909E-1,1.E0),.UNSPECIFIED.);
#293=B_SPLINE_CURVE_WITH_KNOTS('',3,(#283,#284,#285,#286,#287,#288,#289,#290,
#291,#292),.UNSPECIFIED.,.F.,.F.,(4,1,1,1,1,1,1,4),(0.E0,1.428571428571E-1,
2.857142857143E-1,4.285714285714E-1,5.714285714286E-1,7.142857142857E-1,
8.571428571429E-1,1.E0),.UNSPECIFIED.);
#310=B_SPLINE_CURVE_WITH_KNOTS('',3,(#294,#295,#296,#297,#298,#299,#300,#301,
#302,#303,#304,#305,#306,#307,#308,#309),.UNSPECIFIED.,.F.,.F.,(4,1,1,1,1,1,1,1,
1,1,1,1,1,4),(0.E0,7.692307692308E-2,1.538461538462E-1,2.307692307692E-1,
3.076923076923E-1,3.846153846154E-1,4.615384615385E-1,5.384615384615E-1,
6.153846153846E-1,6.923076923077E-1,7.692307692308E-1,8.461538461538E-1,
9.230769230769E-1,1.E0),.UNSPECIFIED.);
#325=B_SPLINE_CURVE_WITH_KNOTS('',3,(#315,#316,#317,#318,#319,#320,#321,#322,
#323,#324),.UNSPECIFIED.,.F.,.F.,(4,1,1,1,1,1,1,4),(0.E0,1.428571428571E-1,
2.857142857143E-1,4.285714285714E-1,5.714285714286E-1,7.142857142857E-1,
8.571428571429E-1,1.E0),.UNSPECIFIED.);
#336=B_SPLINE_CURVE_WITH_KNOTS('',3,(#326,#327,#328,#329,#330,#331,#332,#333,
#334,#335),.UNSPECIFIED.,.F.,.F.,(4,1,1,1,1,1,1,4),(0.E0,1.428571428571E-1,
2.857142857143E-1,4.285714285714E-1,5.714285714286E-1,7.142857142857E-1,
8.571428571429E-1,1.E0),.UNSPECIFIED.);
#353=B_SPLINE_CURVE_WITH_KNOTS('',3,(#337,#338,#339,#340,#341,#342,#343,#344,
#345,#346,#347,#348,#349,#350,#351,#352),.UNSPECIFIED.,.F.,.F.,(4,1,1,1,1,1,1,1,
1,1,1,1,1,4),(0.E0,7.692307692308E-2,1.538461538462E-1,2.307692307692E-1,
3.076923076923E-1,3.846153846154E-1,4.615384615385E-1,5.384615384615E-1,
6.153846153846E-1,6.923076923077E-1,7.692307692308E-1,8.461538461538E-1,
9.230769230769E-1,1.E0),.UNSPECIFIED.);
#368=B_SPLINE_CURVE_WITH_KNOTS('',3,(#358,#359,#360,#361,#362,#363,#364,#365,
#366,#367),.UNSPECIFIED.,.F.,.F.,(4,1,1,1,1,1,1,4),(0.E0,1.428571428571E-1,
2.857142857143E-1,4.285714285714E-1,5.714285714286E-1,7.142857142857E-1,
8.571428571429E-1,1.E0),.UNSPECIFIED.);
#379=B_SPLINE_CURVE_WITH_KNOTS('',3,(#369,#370,#371,#372,#373,#374,#375,#376,
#377,#378),.UNSPECIFIED.,.F.,.F.,(4,1,1,1,1,1,1,4),(0.E0,1.428571428571E-1,
2.857142857143E-1,4.285714285714E-1,5.714285714286E-1,7.142857142857E-1,
8.571428571429E-1,1.E0),.UNSPECIFIED.);
#396=B_SPLINE_CURVE_WITH_KNOTS('',3,(#380,#381,#382,#383,#384,#385,#386,#387,
#388,#389,#390,#391,#392,#393,#394,#395),.UNSPECIFIED.,.F.,.F.,(4,1,1,1,1,1,1,1,
1,1,1,1,1,4),(0.E0,7.692307692308E-2,1.538461538462E-1,2.307692307692E-1,
3.076923076923E-1,3.846153846154E-1,4.615384615385E-1,5.384615384615E-1,
6.153846153846E-1,6.923076923077E-1,7.692307692308E-1,8.461538461538E-1,
9.230769230769E-1,1.E0),.UNSPECIFIED.);
#411=B_SPLINE_CURVE_WITH_KNOTS('',3,(#401,#402,#403,#404,#405,#406,#407,#408,
#409,#410),.UNSPECIFIED.,.F.,.F.,(4,1,1,1,1,1,1,4),(0.E0,1.428571428571E-1,
2.857142857143E-1,4.285714285714E-1,5.714285714286E-1,7.142857142857E-1,
8.571428571429E-1,1.E0),.UNSPECIFIED.);
#426=B_SPLINE_CURVE_WITH_KNOTS('',3,(#412,#413,#414,#415,#416,#417,#418,#419,
#420,#421,#422,#423,#424,#425),.UNSPECIFIED.,.F.,.F.,(4,1,1,1,1,1,1,1,1,1,1,4),(
0.E0,9.090909090909E-2,1.818181818182E-1,2.727272727273E-1,3.636363636364E-1,
4.545454545455E-1,5.454545454545E-1,6.363636363636E-1,7.272727272727E-1,
8.181818181818E-1,9.090909090909E-1,1.E0),.UNSPECIFIED.);
#437=B_SPLINE_CURVE_WITH_KNOTS('',3,(#427,#428,#429,#430,#431,#432,#433,#434,
#435,#436),.UNSPECIFIED.,.F.,.F.,(4,1,1,1,1,1,1,4),(0.E0,1.428571428571E-1,
2.857142857143E-1,4.285714285714E-1,5.714285714286E-1,7.142857142857E-1,
8.571428571429E-1,1.E0),.UNSPECIFIED.);
#454=B_SPLINE_CURVE_WITH_KNOTS('',3,(#438,#439,#440,#441,#442,#443,#444,#445,
#446,#447,#448,#449,#450,#451,#452,#453),.UNSPECIFIED.,.F.,.F.,(4,1,1,1,1,1,1,1,
1,1,1,1,1,4),(0.E0,7.692307692308E-2,1.538461538462E-1,2.307692307692E-1,
3.076923076923E-1,3.846153846154E-1,4.615384615385E-1,5.384615384615E-1,
6.153846153846E-1,6.923076923077E-1,7.692307692308E-1,8.461538461538E-1,
9.230769230769E-1,1.E0),.UNSPECIFIED.);
#469=B_SPLINE_CURVE_WITH_KNOTS('',3,(#459,#460,#461,#462,#463,#464,#465,#466,
#467,#468),.UNSPECIFIED.,.F.,.F.,(4,1,1,1,1,1,1,4),(0.E0,1.428571428571E-1,
2.857142857143E-1,4.285714285714E-1,5.714285714286E-1,7.142857142857E-1,
8.571428571429E-1,1.E0),.UNSPECIFIED.);
#480=B_SPLINE_CURVE_WITH_KNOTS('',3,(#470,#471,#472,#473,#474,#475,#476,#477,
#478,#479),.UNSPECIFIED.,.F.,.F.,(4,1,1,1,1,1,1,4),(0.E0,1.428571428571E-1,
2.857142857143E-1,4.285714285714E-1,5.714285714286E-1,7.142857142857E-1,
8.571428571429E-1,1.E0),.UNSPECIFIED.);
#497=B_SPLINE_CURVE_WITH_KNOTS('',3,(#481,#482,#483,#484,#485,#486,#487,#488,
#489,#490,#491,#492,#493,#494,#495,#496),.UNSPECIFIED.,.F.,.F.,(4,1,1,1,1,1,1,1,
1,1,1,1,1,4),(0.E0,7.692307692308E-2,1.538461538462E-1,2.307692307692E-1,
3.076923076923E-1,3.846153846154E-1,4.615384615385E-1,5.384615384615E-1,
6.153846153846E-1,6.923076923077E-1,7.692307692308E-1,8.461538461538E-1,
9.230769230769E-1,1.E0),.UNSPECIFIED.);
#512=B_SPLINE_CURVE_WITH_KNOTS('',3,(#502,#503,#504,#505,#506,#507,#508,#509,
#510,#511),.UNSPECIFIED.,.F.,.F.,(4,1,1,1,1,1,1,4),(0.E0,1.428571428571E-1,
2.857142857143E-1,4.285714285714E-1,5.714285714286E-1,7.142857142857E-1,
8.571428571429E-1,1.E0),.UNSPECIFIED.);
#523=B_SPLINE_CURVE_WITH_KNOTS('',3,(#513,#514,#515,#516,#517,#518,#519,#520,
#521,#522),.UNSPECIFIED.,.F.,.F.,(4,1,1,1,1,1,1,4),(0.E0,1.428571428571E-1,
2.857142857143E-1,4.285714285714E-1,5.714285714286E-1,7.142857142857E-1,
8.571428571429E-1,1.E0),.UNSPECIFIED.);
#540=B_SPLINE_CURVE_WITH_KNOTS('',3,(#524,#525,#526,#527,#528,#529,#530,#531,
#532,#533,#534,#535,#536,#537,#538,#539),.UNSPECIFIED.,.F.,.F.,(4,1,1,1,1,1,1,1,
1,1,1,1,1,4),(0.E0,7.692307692308E-2,1.538461538462E-1,2.307692307692E-1,
3.076923076923E-1,3.846153846154E-1,4.615384615385E-1,5.384615384615E-1,
6.153846153846E-1,6.923076923077E-1,7.692307692308E-1,8.461538461538E-1,
9.230769230769E-1,1.E0),.UNSPECIFIED.);
#555=B_SPLINE_CURVE_WITH_KNOTS('',3,(#545,#546,#547,#548,#549,#550,#551,#552,
#553,#554),.UNSPECIFIED.,.F.,.F.,(4,1,1,1,1,1,1,4),(0.E0,1.428571428571E-1,
2.857142857143E-1,4.285714285714E-1,5.714285714286E-1,7.142857142857E-1,
8.571428571429E-1,1.E0),.UNSPECIFIED.);
#568=CIRCLE('',#567,1.52E-1);
#577=CIRCLE('',#576,1.52E-1);
#582=CIRCLE('',#581,1.52E-1);
#587=CIRCLE('',#586,1.52E-1);
#596=CIRCLE('',#595,1.42E-1);
#601=CIRCLE('',#600,1.52E-1);
#606=CIRCLE('',#605,1.42E-1);
#611=CIRCLE('',#610,1.E-2);
#616=CIRCLE('',#615,1.52E-1);
#621=CIRCLE('',#620,1.E-2);
#626=CIRCLE('',#625,1.35E-1);
#635=CIRCLE('',#634,1.3E-1);
#644=CIRCLE('',#643,1.35E-1);
#649=CIRCLE('',#648,1.3E-1);
#662=CIRCLE('',#661,1.3E-1);
#667=CIRCLE('',#666,1.3E-1);
#687=B_SPLINE_CURVE_WITH_KNOTS('',3,(#668,#669,#670,#671,#672,#673,#674,#675,
#676,#677,#678,#679,#680,#681,#682,#683,#684,#685,#686),.UNSPECIFIED.,.F.,.F.,
(4,1,1,1,1,1,1,1,1,1,1,1,1,1,1,1,4),(0.E0,6.25E-2,1.25E-1,1.875E-1,2.5E-1,
3.125E-1,3.75E-1,4.375E-1,5.E-1,5.625E-1,6.25E-1,6.875E-1,7.5E-1,8.125E-1,
8.75E-1,9.375E-1,1.E0),.UNSPECIFIED.);
#692=CIRCLE('',#691,1.25E-1);
#709=B_SPLINE_CURVE_WITH_KNOTS('',3,(#693,#694,#695,#696,#697,#698,#699,#700,
#701,#702,#703,#704,#705,#706,#707,#708),.UNSPECIFIED.,.F.,.F.,(4,1,1,1,1,1,1,1,
1,1,1,1,1,4),(0.E0,7.692307692308E-2,1.538461538462E-1,2.307692307692E-1,
3.076923076923E-1,3.846153846154E-1,4.615384615385E-1,5.384615384615E-1,
6.153846153846E-1,6.923076923077E-1,7.692307692308E-1,8.461538461538E-1,
9.230769230769E-1,1.E0),.UNSPECIFIED.);
#714=CIRCLE('',#713,1.115E-1);
#765=B_SPLINE_CURVE_WITH_KNOTS('',3,(#715,#716,#717,#718,#719,#720,#721,#722,
#723,#724,#725,#726,#727,#728,#729,#730,#731,#732,#733,#734,#735,#736,#737,#738,
#739,#740,#741,#742,#743,#744,#745,#746,#747,#748,#749,#750,#751,#752,#753,#754,
#755,#756,#757,#758,#759,#760,#761,#762,#763,#764),.UNSPECIFIED.,.F.,.F.,(4,1,1,
1,1,1,1,1,1,1,1,1,1,1,1,1,1,1,1,1,1,1,1,1,1,1,1,1,1,1,1,1,1,1,1,1,1,1,1,1,1,1,1,
1,1,1,1,4),(0.E0,2.127659574468E-2,4.255319148936E-2,6.382978723404E-2,
8.510638297872E-2,1.063829787234E-1,1.276595744681E-1,1.489361702128E-1,
1.702127659574E-1,1.914893617021E-1,2.127659574468E-1,2.340425531915E-1,
2.553191489362E-1,2.765957446809E-1,2.978723404255E-1,3.191489361702E-1,
3.404255319149E-1,3.617021276596E-1,3.829787234043E-1,4.042553191489E-1,
4.255319148936E-1,4.468085106383E-1,4.680851063830E-1,4.893617021277E-1,
5.106382978723E-1,5.319148936170E-1,5.531914893617E-1,5.744680851064E-1,
5.957446808511E-1,6.170212765957E-1,6.382978723404E-1,6.595744680851E-1,
6.808510638298E-1,7.021276595745E-1,7.234042553191E-1,7.446808510638E-1,
7.659574468085E-1,7.872340425532E-1,8.085106382979E-1,8.297872340426E-1,
8.510638297872E-1,8.723404255319E-1,8.936170212766E-1,9.148936170213E-1,
9.361702127660E-1,9.574468085106E-1,9.787234042553E-1,1.E0),.UNSPECIFIED.);
#811=B_SPLINE_CURVE_WITH_KNOTS('',3,(#766,#767,#768,#769,#770,#771,#772,#773,
#774,#775,#776,#777,#778,#779,#780,#781,#782,#783,#784,#785,#786,#787,#788,#789,
#790,#791,#792,#793,#794,#795,#796,#797,#798,#799,#800,#801,#802,#803,#804,#805,
#806,#807,#808,#809,#810),.UNSPECIFIED.,.F.,.F.,(4,1,1,1,1,1,1,1,1,1,1,1,1,1,1,
1,1,1,1,1,1,1,1,1,1,1,1,1,1,1,1,1,1,1,1,1,1,1,1,1,1,1,4),(0.E0,
2.380952380952E-2,4.761904761905E-2,7.142857142857E-2,9.523809523810E-2,
1.190476190476E-1,1.428571428571E-1,1.666666666667E-1,1.904761904762E-1,
2.142857142857E-1,2.380952380952E-1,2.619047619048E-1,2.857142857143E-1,
3.095238095238E-1,3.333333333333E-1,3.571428571429E-1,3.809523809524E-1,
4.047619047619E-1,4.285714285714E-1,4.523809523810E-1,4.761904761905E-1,5.E-1,
5.238095238095E-1,5.476190476190E-1,5.714285714286E-1,5.952380952381E-1,
6.190476190476E-1,6.428571428571E-1,6.666666666667E-1,6.904761904762E-1,
7.142857142857E-1,7.380952380952E-1,7.619047619048E-1,7.857142857143E-1,
8.095238095238E-1,8.333333333333E-1,8.571428571429E-1,8.809523809524E-1,
9.047619047619E-1,9.285714285714E-1,9.523809523810E-1,9.761904761905E-1,1.E0),
.UNSPECIFIED.);
#846=B_SPLINE_CURVE_WITH_KNOTS('',3,(#812,#813,#814,#815,#816,#817,#818,#819,
#820,#821,#822,#823,#824,#825,#826,#827,#828,#829,#830,#831,#832,#833,#834,#835,
#836,#837,#838,#839,#840,#841,#842,#843,#844,#845),.UNSPECIFIED.,.F.,.F.,(4,1,1,
1,1,1,1,1,1,1,1,1,1,1,1,1,1,1,1,1,1,1,1,1,1,1,1,1,1,1,1,4),(0.E0,
3.225806451613E-2,6.451612903226E-2,9.677419354839E-2,1.290322580645E-1,
1.612903225806E-1,1.935483870968E-1,2.258064516129E-1,2.580645161290E-1,
2.903225806452E-1,3.225806451613E-1,3.548387096774E-1,3.870967741935E-1,
4.193548387097E-1,4.516129032258E-1,4.838709677419E-1,5.161290322581E-1,
5.483870967742E-1,5.806451612903E-1,6.129032258065E-1,6.451612903226E-1,
6.774193548387E-1,7.096774193548E-1,7.419354838710E-1,7.741935483871E-1,
8.064516129032E-1,8.387096774194E-1,8.709677419355E-1,9.032258064516E-1,
9.354838709677E-1,9.677419354839E-1,1.E0),.UNSPECIFIED.);
#1117=B_SPLINE_CURVE_WITH_KNOTS('',3,(#847,#848,#849,#850,#851,#852,#853,#854,
#855,#856,#857,#858,#859,#860,#861,#862,#863,#864,#865,#866,#867,#868,#869,#870,
#871,#872,#873,#874,#875,#876,#877,#878,#879,#880,#881,#882,#883,#884,#885,#886,
#887,#888,#889,#890,#891,#892,#893,#894,#895,#896,#897,#898,#899,#900,#901,#902,
#903,#904,#905,#906,#907,#908,#909,#910,#911,#912,#913,#914,#915,#916,#917,#918,
#919,#920,#921,#922,#923,#924,#925,#926,#927,#928,#929,#930,#931,#932,#933,#934,
#935,#936,#937,#938,#939,#940,#941,#942,#943,#944,#945,#946,#947,#948,#949,#950,
#951,#952,#953,#954,#955,#956,#957,#958,#959,#960,#961,#962,#963,#964,#965,#966,
#967,#968,#969,#970,#971,#972,#973,#974,#975,#976,#977,#978,#979,#980,#981,#982,
#983,#984,#985,#986,#987,#988,#989,#990,#991,#992,#993,#994,#995,#996,#997,#998,
#999,#1000,#1001,#1002,#1003,#1004,#1005,#1006,#1007,#1008,#1009,#1010,#1011,
#1012,#1013,#1014,#1015,#1016,#1017,#1018,#1019,#1020,#1021,#1022,#1023,#1024,
#1025,#1026,#1027,#1028,#1029,#1030,#1031,#1032,#1033,#1034,#1035,#1036,#1037,
#1038,#1039,#1040,#1041,#1042,#1043,#1044,#1045,#1046,#1047,#1048,#1049,#1050,
#1051,#1052,#1053,#1054,#1055,#1056,#1057,#1058,#1059,#1060,#1061,#1062,#1063,
#1064,#1065,#1066,#1067,#1068,#1069,#1070,#1071,#1072,#1073,#1074,#1075,#1076,
#1077,#1078,#1079,#1080,#1081,#1082,#1083,#1084,#1085,#1086,#1087,#1088,#1089,
#1090,#1091,#1092,#1093,#1094,#1095,#1096,#1097,#1098,#1099,#1100,#1101,#1102,
#1103,#1104,#1105,#1106,#1107,#1108,#1109,#1110,#1111,#1112,#1113,#1114,#1115,
#1116),.UNSPECIFIED.,.F.,.F.,(4,1,1,1,1,1,1,1,1,1,1,1,1,1,1,1,1,1,1,1,1,1,1,1,1,
1,1,1,1,1,1,1,1,1,1,1,1,1,1,1,1,1,1,1,1,1,1,1,1,1,1,1,1,1,1,1,1,1,1,1,1,1,1,1,1,
1,1,1,1,1,1,1,1,1,1,1,1,1,1,1,1,1,1,1,1,1,1,1,1,1,1,1,1,1,1,1,1,1,1,1,1,1,1,1,1,
1,1,1,1,1,1,1,1,1,1,1,1,1,1,1,1,1,1,1,1,1,1,1,1,1,1,1,1,1,1,1,1,1,1,1,1,1,1,1,1,
1,1,1,1,1,1,1,1,1,1,1,1,1,1,1,1,1,1,1,1,1,1,1,1,1,1,1,1,1,1,1,1,1,1,1,1,1,1,1,1,
1,1,1,1,1,1,1,1,1,1,1,1,1,1,1,1,1,1,1,1,1,1,1,1,1,1,1,1,1,1,1,1,1,1,1,1,1,1,1,1,
1,1,1,1,1,1,1,1,1,1,1,1,1,1,1,1,1,1,1,1,1,1,1,1,1,1,1,1,1,1,1,1,1,1,1,1,1,1,1,1,
1,1,4),(0.E0,3.745318352060E-3,7.490636704120E-3,1.123595505618E-2,
1.498127340824E-2,1.872659176030E-2,2.247191011236E-2,2.621722846442E-2,
2.996254681648E-2,3.370786516854E-2,3.745318352060E-2,4.119850187266E-2,
4.494382022472E-2,4.868913857678E-2,5.243445692884E-2,5.617977528090E-2,
5.992509363296E-2,6.367041198502E-2,6.741573033708E-2,7.116104868914E-2,
7.490636704120E-2,7.865168539326E-2,8.239700374532E-2,8.614232209738E-2,
8.988764044944E-2,9.363295880150E-2,9.737827715356E-2,1.011235955056E-1,
1.048689138577E-1,1.086142322097E-1,1.123595505618E-1,1.161048689139E-1,
1.198501872659E-1,1.235955056180E-1,1.273408239700E-1,1.310861423221E-1,
1.348314606742E-1,1.385767790262E-1,1.423220973783E-1,1.460674157303E-1,
1.498127340824E-1,1.535580524345E-1,1.573033707865E-1,1.610486891386E-1,
1.647940074906E-1,1.685393258427E-1,1.722846441948E-1,1.760299625468E-1,
1.797752808989E-1,1.835205992509E-1,1.872659176030E-1,1.910112359551E-1,
1.947565543071E-1,1.985018726592E-1,2.022471910112E-1,2.059925093633E-1,
2.097378277154E-1,2.134831460674E-1,2.172284644195E-1,2.209737827715E-1,
2.247191011236E-1,2.284644194757E-1,2.322097378277E-1,2.359550561798E-1,
2.397003745318E-1,2.434456928839E-1,2.471910112360E-1,2.509363295880E-1,
2.546816479401E-1,2.584269662921E-1,2.621722846442E-1,2.659176029963E-1,
2.696629213483E-1,2.734082397004E-1,2.771535580524E-1,2.808988764045E-1,
2.846441947566E-1,2.883895131086E-1,2.921348314607E-1,2.958801498127E-1,
2.996254681648E-1,3.033707865169E-1,3.071161048689E-1,3.108614232210E-1,
3.146067415730E-1,3.183520599251E-1,3.220973782772E-1,3.258426966292E-1,
3.295880149813E-1,3.333333333333E-1,3.370786516854E-1,3.408239700375E-1,
3.445692883895E-1,3.483146067416E-1,3.520599250936E-1,3.558052434457E-1,
3.595505617978E-1,3.632958801498E-1,3.670411985019E-1,3.707865168539E-1,
3.745318352060E-1,3.782771535581E-1,3.820224719101E-1,3.857677902622E-1,
3.895131086142E-1,3.932584269663E-1,3.970037453184E-1,4.007490636704E-1,
4.044943820225E-1,4.082397003745E-1,4.119850187266E-1,4.157303370787E-1,
4.194756554307E-1,4.232209737828E-1,4.269662921348E-1,4.307116104869E-1,
4.344569288390E-1,4.382022471910E-1,4.419475655431E-1,4.456928838951E-1,
4.494382022472E-1,4.531835205993E-1,4.569288389513E-1,4.606741573034E-1,
4.644194756554E-1,4.681647940075E-1,4.719101123596E-1,4.756554307116E-1,
4.794007490637E-1,4.831460674157E-1,4.868913857678E-1,4.906367041199E-1,
4.943820224719E-1,4.981273408240E-1,5.018726591760E-1,5.056179775281E-1,
5.093632958801E-1,5.131086142322E-1,5.168539325843E-1,5.205992509363E-1,
5.243445692884E-1,5.280898876404E-1,5.318352059925E-1,5.355805243446E-1,
5.393258426966E-1,5.430711610487E-1,5.468164794007E-1,5.505617977528E-1,
5.543071161049E-1,5.580524344569E-1,5.617977528090E-1,5.655430711610E-1,
5.692883895131E-1,5.730337078652E-1,5.767790262172E-1,5.805243445693E-1,
5.842696629213E-1,5.880149812734E-1,5.917602996255E-1,5.955056179775E-1,
5.992509363296E-1,6.029962546816E-1,6.067415730337E-1,6.104868913858E-1,
6.142322097378E-1,6.179775280899E-1,6.217228464419E-1,6.254681647940E-1,
6.292134831461E-1,6.329588014981E-1,6.367041198502E-1,6.404494382022E-1,
6.441947565543E-1,6.479400749064E-1,6.516853932584E-1,6.554307116105E-1,
6.591760299625E-1,6.629213483146E-1,6.666666666667E-1,6.704119850187E-1,
6.741573033708E-1,6.779026217228E-1,6.816479400749E-1,6.853932584270E-1,
6.891385767790E-1,6.928838951311E-1,6.966292134831E-1,7.003745318352E-1,
7.041198501873E-1,7.078651685393E-1,7.116104868914E-1,7.153558052434E-1,
7.191011235955E-1,7.228464419476E-1,7.265917602996E-1,7.303370786517E-1,
7.340823970037E-1,7.378277153558E-1,7.415730337079E-1,7.453183520599E-1,
7.490636704120E-1,7.528089887640E-1,7.565543071161E-1,7.602996254682E-1,
7.640449438202E-1,7.677902621723E-1,7.715355805243E-1,7.752808988764E-1,
7.790262172285E-1,7.827715355805E-1,7.865168539326E-1,7.902621722846E-1,
7.940074906367E-1,7.977528089888E-1,8.014981273408E-1,8.052434456929E-1,
8.089887640449E-1,8.127340823970E-1,8.164794007491E-1,8.202247191011E-1,
8.239700374532E-1,8.277153558052E-1,8.314606741573E-1,8.352059925094E-1,
8.389513108614E-1,8.426966292135E-1,8.464419475655E-1,8.501872659176E-1,
8.539325842697E-1,8.576779026217E-1,8.614232209738E-1,8.651685393258E-1,
8.689138576779E-1,8.726591760300E-1,8.764044943820E-1,8.801498127341E-1,
8.838951310861E-1,8.876404494382E-1,8.913857677903E-1,8.951310861423E-1,
8.988764044944E-1,9.026217228464E-1,9.063670411985E-1,9.101123595506E-1,
9.138576779026E-1,9.176029962547E-1,9.213483146067E-1,9.250936329588E-1,
9.288389513109E-1,9.325842696629E-1,9.363295880150E-1,9.400749063670E-1,
9.438202247191E-1,9.475655430712E-1,9.513108614232E-1,9.550561797753E-1,
9.588014981273E-1,9.625468164794E-1,9.662921348315E-1,9.700374531835E-1,
9.737827715356E-1,9.775280898876E-1,9.812734082397E-1,9.850187265918E-1,
9.887640449438E-1,9.925093632959E-1,9.962546816479E-1,1.E0),.UNSPECIFIED.);
#1151=B_SPLINE_CURVE_WITH_KNOTS('',3,(#1118,#1119,#1120,#1121,#1122,#1123,#1124,
#1125,#1126,#1127,#1128,#1129,#1130,#1131,#1132,#1133,#1134,#1135,#1136,#1137,
#1138,#1139,#1140,#1141,#1142,#1143,#1144,#1145,#1146,#1147,#1148,#1149,#1150),
.UNSPECIFIED.,.F.,.F.,(4,1,1,1,1,1,1,1,1,1,1,1,1,1,1,1,1,1,1,1,1,1,1,1,1,1,1,1,
1,1,4),(0.E0,3.333333333333E-2,6.666666666667E-2,1.E-1,1.333333333333E-1,
1.666666666667E-1,2.E-1,2.333333333333E-1,2.666666666667E-1,3.E-1,
3.333333333333E-1,3.666666666667E-1,4.E-1,4.333333333333E-1,4.666666666667E-1,
5.E-1,5.333333333333E-1,5.666666666667E-1,6.E-1,6.333333333333E-1,
6.666666666667E-1,7.E-1,7.333333333333E-1,7.666666666667E-1,8.E-1,
8.333333333333E-1,8.666666666667E-1,9.E-1,9.333333333333E-1,9.666666666667E-1,
1.E0),.UNSPECIFIED.);
#1185=B_SPLINE_CURVE_WITH_KNOTS('',3,(#1152,#1153,#1154,#1155,#1156,#1157,#1158,
#1159,#1160,#1161,#1162,#1163,#1164,#1165,#1166,#1167,#1168,#1169,#1170,#1171,
#1172,#1173,#1174,#1175,#1176,#1177,#1178,#1179,#1180,#1181,#1182,#1183,#1184),
.UNSPECIFIED.,.F.,.F.,(4,1,1,1,1,1,1,1,1,1,1,1,1,1,1,1,1,1,1,1,1,1,1,1,1,1,1,1,
1,1,4),(0.E0,3.333333333333E-2,6.666666666667E-2,1.E-1,1.333333333333E-1,
1.666666666667E-1,2.E-1,2.333333333333E-1,2.666666666667E-1,3.E-1,
3.333333333333E-1,3.666666666667E-1,4.E-1,4.333333333333E-1,4.666666666667E-1,
5.E-1,5.333333333333E-1,5.666666666667E-1,6.E-1,6.333333333333E-1,
6.666666666667E-1,7.E-1,7.333333333333E-1,7.666666666667E-1,8.E-1,
8.333333333333E-1,8.666666666667E-1,9.E-1,9.333333333333E-1,9.666666666667E-1,
1.E0),.UNSPECIFIED.);
#1241=B_SPLINE_CURVE_WITH_KNOTS('',3,(#1186,#1187,#1188,#1189,#1190,#1191,#1192,
#1193,#1194,#1195,#1196,#1197,#1198,#1199,#1200,#1201,#1202,#1203,#1204,#1205,
#1206,#1207,#1208,#1209,#1210,#1211,#1212,#1213,#1214,#1215,#1216,#1217,#1218,
#1219,#1220,#1221,#1222,#1223,#1224,#1225,#1226,#1227,#1228,#1229,#1230,#1231,
#1232,#1233,#1234,#1235,#1236,#1237,#1238,#1239,#1240),.UNSPECIFIED.,.F.,.F.,(4,
1,1,1,1,1,1,1,1,1,1,1,1,1,1,1,1,1,1,1,1,1,1,1,1,1,1,1,1,1,1,1,1,1,1,1,1,1,1,1,1,
1,1,1,1,1,1,1,1,1,1,1,4),(0.E0,1.923076923077E-2,3.846153846154E-2,
5.769230769231E-2,7.692307692308E-2,9.615384615385E-2,1.153846153846E-1,
1.346153846154E-1,1.538461538462E-1,1.730769230769E-1,1.923076923077E-1,
2.115384615385E-1,2.307692307692E-1,2.5E-1,2.692307692308E-1,2.884615384615E-1,
3.076923076923E-1,3.269230769231E-1,3.461538461538E-1,3.653846153846E-1,
3.846153846154E-1,4.038461538462E-1,4.230769230769E-1,4.423076923077E-1,
4.615384615385E-1,4.807692307692E-1,5.E-1,5.192307692308E-1,5.384615384615E-1,
5.576923076923E-1,5.769230769231E-1,5.961538461538E-1,6.153846153846E-1,
6.346153846154E-1,6.538461538462E-1,6.730769230769E-1,6.923076923077E-1,
7.115384615385E-1,7.307692307692E-1,7.5E-1,7.692307692308E-1,7.884615384615E-1,
8.076923076923E-1,8.269230769231E-1,8.461538461538E-1,8.653846153846E-1,
8.846153846154E-1,9.038461538462E-1,9.230769230769E-1,9.423076923077E-1,
9.615384615385E-1,9.807692307692E-1,1.E0),.UNSPECIFIED.);
#1286=B_SPLINE_CURVE_WITH_KNOTS('',3,(#1242,#1243,#1244,#1245,#1246,#1247,#1248,
#1249,#1250,#1251,#1252,#1253,#1254,#1255,#1256,#1257,#1258,#1259,#1260,#1261,
#1262,#1263,#1264,#1265,#1266,#1267,#1268,#1269,#1270,#1271,#1272,#1273,#1274,
#1275,#1276,#1277,#1278,#1279,#1280,#1281,#1282,#1283,#1284,#1285),
.UNSPECIFIED.,.F.,.F.,(4,1,1,1,1,1,1,1,1,1,1,1,1,1,1,1,1,1,1,1,1,1,1,1,1,1,1,1,
1,1,1,1,1,1,1,1,1,1,1,1,1,4),(0.E0,2.439024390244E-2,4.878048780488E-2,
7.317073170732E-2,9.756097560976E-2,1.219512195122E-1,1.463414634146E-1,
1.707317073171E-1,1.951219512195E-1,2.195121951220E-1,2.439024390244E-1,
2.682926829268E-1,2.926829268293E-1,3.170731707317E-1,3.414634146341E-1,
3.658536585366E-1,3.902439024390E-1,4.146341463415E-1,4.390243902439E-1,
4.634146341463E-1,4.878048780488E-1,5.121951219512E-1,5.365853658537E-1,
5.609756097561E-1,5.853658536585E-1,6.097560975610E-1,6.341463414634E-1,
6.585365853659E-1,6.829268292683E-1,7.073170731707E-1,7.317073170732E-1,
7.560975609756E-1,7.804878048780E-1,8.048780487805E-1,8.292682926829E-1,
8.536585365854E-1,8.780487804878E-1,9.024390243902E-1,9.268292682927E-1,
9.512195121951E-1,9.756097560976E-1,1.E0),.UNSPECIFIED.);
#1341=B_SPLINE_CURVE_WITH_KNOTS('',3,(#1291,#1292,#1293,#1294,#1295,#1296,#1297,
#1298,#1299,#1300,#1301,#1302,#1303,#1304,#1305,#1306,#1307,#1308,#1309,#1310,
#1311,#1312,#1313,#1314,#1315,#1316,#1317,#1318,#1319,#1320,#1321,#1322,#1323,
#1324,#1325,#1326,#1327,#1328,#1329,#1330,#1331,#1332,#1333,#1334,#1335,#1336,
#1337,#1338,#1339,#1340),.UNSPECIFIED.,.F.,.F.,(4,1,1,1,1,1,1,1,1,1,1,1,1,1,1,1,
1,1,1,1,1,1,1,1,1,1,1,1,1,1,1,1,1,1,1,1,1,1,1,1,1,1,1,1,1,1,1,4),(0.E0,
2.127659574468E-2,4.255319148936E-2,6.382978723404E-2,8.510638297872E-2,
1.063829787234E-1,1.276595744681E-1,1.489361702128E-1,1.702127659574E-1,
1.914893617021E-1,2.127659574468E-1,2.340425531915E-1,2.553191489362E-1,
2.765957446809E-1,2.978723404255E-1,3.191489361702E-1,3.404255319149E-1,
3.617021276596E-1,3.829787234043E-1,4.042553191489E-1,4.255319148936E-1,
4.468085106383E-1,4.680851063830E-1,4.893617021277E-1,5.106382978723E-1,
5.319148936170E-1,5.531914893617E-1,5.744680851064E-1,5.957446808511E-1,
6.170212765957E-1,6.382978723404E-1,6.595744680851E-1,6.808510638298E-1,
7.021276595745E-1,7.234042553191E-1,7.446808510638E-1,7.659574468085E-1,
7.872340425532E-1,8.085106382979E-1,8.297872340426E-1,8.510638297872E-1,
8.723404255319E-1,8.936170212766E-1,9.148936170213E-1,9.361702127660E-1,
9.574468085106E-1,9.787234042553E-1,1.E0),.UNSPECIFIED.);
#1346=CIRCLE('',#1345,1.25E-1);
#1363=B_SPLINE_CURVE_WITH_KNOTS('',3,(#1347,#1348,#1349,#1350,#1351,#1352,#1353,
#1354,#1355,#1356,#1357,#1358,#1359,#1360,#1361,#1362),.UNSPECIFIED.,.F.,.F.,(4,
1,1,1,1,1,1,1,1,1,1,1,1,4),(0.E0,7.692307692308E-2,1.538461538462E-1,
2.307692307692E-1,3.076923076923E-1,3.846153846154E-1,4.615384615385E-1,
5.384615384615E-1,6.153846153846E-1,6.923076923077E-1,7.692307692308E-1,
8.461538461538E-1,9.230769230769E-1,1.E0),.UNSPECIFIED.);
#1368=CIRCLE('',#1367,1.115E-1);
#1373=CIRCLE('',#1372,1.275E-1);
#1378=CIRCLE('',#1377,1.275E-1);
#1398=B_SPLINE_CURVE_WITH_KNOTS('',3,(#1379,#1380,#1381,#1382,#1383,#1384,#1385,
#1386,#1387,#1388,#1389,#1390,#1391,#1392,#1393,#1394,#1395,#1396,#1397),
.UNSPECIFIED.,.F.,.F.,(4,1,1,1,1,1,1,1,1,1,1,1,1,1,1,1,4),(0.E0,6.25E-2,1.25E-1,
1.875E-1,2.5E-1,3.125E-1,3.75E-1,4.375E-1,5.E-1,5.625E-1,6.25E-1,6.875E-1,
7.5E-1,8.125E-1,8.75E-1,9.375E-1,1.E0),.UNSPECIFIED.);
#1407=CIRCLE('',#1406,1.385E-1);
#1412=CIRCLE('',#1411,1.385E-1);
#1417=CIRCLE('',#1416,1.275E-1);
#1422=CIRCLE('',#1421,1.275E-1);
#1431=CIRCLE('',#1430,1.385E-1);
#1436=CIRCLE('',#1435,1.385E-1);
#1449=CIRCLE('',#1448,1.385E-1);
#1728=B_SPLINE_CURVE_WITH_KNOTS('',3,(#1458,#1459,#1460,#1461,#1462,#1463,#1464,
#1465,#1466,#1467,#1468,#1469,#1470,#1471,#1472,#1473,#1474,#1475,#1476,#1477,
#1478,#1479,#1480,#1481,#1482,#1483,#1484,#1485,#1486,#1487,#1488,#1489,#1490,
#1491,#1492,#1493,#1494,#1495,#1496,#1497,#1498,#1499,#1500,#1501,#1502,#1503,
#1504,#1505,#1506,#1507,#1508,#1509,#1510,#1511,#1512,#1513,#1514,#1515,#1516,
#1517,#1518,#1519,#1520,#1521,#1522,#1523,#1524,#1525,#1526,#1527,#1528,#1529,
#1530,#1531,#1532,#1533,#1534,#1535,#1536,#1537,#1538,#1539,#1540,#1541,#1542,
#1543,#1544,#1545,#1546,#1547,#1548,#1549,#1550,#1551,#1552,#1553,#1554,#1555,
#1556,#1557,#1558,#1559,#1560,#1561,#1562,#1563,#1564,#1565,#1566,#1567,#1568,
#1569,#1570,#1571,#1572,#1573,#1574,#1575,#1576,#1577,#1578,#1579,#1580,#1581,
#1582,#1583,#1584,#1585,#1586,#1587,#1588,#1589,#1590,#1591,#1592,#1593,#1594,
#1595,#1596,#1597,#1598,#1599,#1600,#1601,#1602,#1603,#1604,#1605,#1606,#1607,
#1608,#1609,#1610,#1611,#1612,#1613,#1614,#1615,#1616,#1617,#1618,#1619,#1620,
#1621,#1622,#1623,#1624,#1625,#1626,#1627,#1628,#1629,#1630,#1631,#1632,#1633,
#1634,#1635,#1636,#1637,#1638,#1639,#1640,#1641,#1642,#1643,#1644,#1645,#1646,
#1647,#1648,#1649,#1650,#1651,#1652,#1653,#1654,#1655,#1656,#1657,#1658,#1659,
#1660,#1661,#1662,#1663,#1664,#1665,#1666,#1667,#1668,#1669,#1670,#1671,#1672,
#1673,#1674,#1675,#1676,#1677,#1678,#1679,#1680,#1681,#1682,#1683,#1684,#1685,
#1686,#1687,#1688,#1689,#1690,#1691,#1692,#1693,#1694,#1695,#1696,#1697,#1698,
#1699,#1700,#1701,#1702,#1703,#1704,#1705,#1706,#1707,#1708,#1709,#1710,#1711,
#1712,#1713,#1714,#1715,#1716,#1717,#1718,#1719,#1720,#1721,#1722,#1723,#1724,
#1725,#1726,#1727),.UNSPECIFIED.,.F.,.F.,(4,1,1,1,1,1,1,1,1,1,1,1,1,1,1,1,1,1,1,
1,1,1,1,1,1,1,1,1,1,1,1,1,1,1,1,1,1,1,1,1,1,1,1,1,1,1,1,1,1,1,1,1,1,1,1,1,1,1,1,
1,1,1,1,1,1,1,1,1,1,1,1,1,1,1,1,1,1,1,1,1,1,1,1,1,1,1,1,1,1,1,1,1,1,1,1,1,1,1,1,
1,1,1,1,1,1,1,1,1,1,1,1,1,1,1,1,1,1,1,1,1,1,1,1,1,1,1,1,1,1,1,1,1,1,1,1,1,1,1,1,
1,1,1,1,1,1,1,1,1,1,1,1,1,1,1,1,1,1,1,1,1,1,1,1,1,1,1,1,1,1,1,1,1,1,1,1,1,1,1,1,
1,1,1,1,1,1,1,1,1,1,1,1,1,1,1,1,1,1,1,1,1,1,1,1,1,1,1,1,1,1,1,1,1,1,1,1,1,1,1,1,
1,1,1,1,1,1,1,1,1,1,1,1,1,1,1,1,1,1,1,1,1,1,1,1,1,1,1,1,1,1,1,1,1,1,1,1,1,1,1,1,
1,1,1,1,1,1,1,1,4),(0.E0,3.745318352060E-3,7.490636704120E-3,1.123595505618E-2,
1.498127340824E-2,1.872659176030E-2,2.247191011236E-2,2.621722846442E-2,
2.996254681648E-2,3.370786516854E-2,3.745318352060E-2,4.119850187266E-2,
4.494382022472E-2,4.868913857678E-2,5.243445692884E-2,5.617977528090E-2,
5.992509363296E-2,6.367041198502E-2,6.741573033708E-2,7.116104868914E-2,
7.490636704120E-2,7.865168539326E-2,8.239700374532E-2,8.614232209738E-2,
8.988764044944E-2,9.363295880150E-2,9.737827715356E-2,1.011235955056E-1,
1.048689138577E-1,1.086142322097E-1,1.123595505618E-1,1.161048689139E-1,
1.198501872659E-1,1.235955056180E-1,1.273408239700E-1,1.310861423221E-1,
1.348314606742E-1,1.385767790262E-1,1.423220973783E-1,1.460674157303E-1,
1.498127340824E-1,1.535580524345E-1,1.573033707865E-1,1.610486891386E-1,
1.647940074906E-1,1.685393258427E-1,1.722846441948E-1,1.760299625468E-1,
1.797752808989E-1,1.835205992509E-1,1.872659176030E-1,1.910112359551E-1,
1.947565543071E-1,1.985018726592E-1,2.022471910112E-1,2.059925093633E-1,
2.097378277154E-1,2.134831460674E-1,2.172284644195E-1,2.209737827715E-1,
2.247191011236E-1,2.284644194757E-1,2.322097378277E-1,2.359550561798E-1,
2.397003745318E-1,2.434456928839E-1,2.471910112360E-1,2.509363295880E-1,
2.546816479401E-1,2.584269662921E-1,2.621722846442E-1,2.659176029963E-1,
2.696629213483E-1,2.734082397004E-1,2.771535580524E-1,2.808988764045E-1,
2.846441947566E-1,2.883895131086E-1,2.921348314607E-1,2.958801498127E-1,
2.996254681648E-1,3.033707865169E-1,3.071161048689E-1,3.108614232210E-1,
3.146067415730E-1,3.183520599251E-1,3.220973782772E-1,3.258426966292E-1,
3.295880149813E-1,3.333333333333E-1,3.370786516854E-1,3.408239700375E-1,
3.445692883895E-1,3.483146067416E-1,3.520599250936E-1,3.558052434457E-1,
3.595505617978E-1,3.632958801498E-1,3.670411985019E-1,3.707865168539E-1,
3.745318352060E-1,3.782771535581E-1,3.820224719101E-1,3.857677902622E-1,
3.895131086142E-1,3.932584269663E-1,3.970037453184E-1,4.007490636704E-1,
4.044943820225E-1,4.082397003745E-1,4.119850187266E-1,4.157303370787E-1,
4.194756554307E-1,4.232209737828E-1,4.269662921348E-1,4.307116104869E-1,
4.344569288390E-1,4.382022471910E-1,4.419475655431E-1,4.456928838951E-1,
4.494382022472E-1,4.531835205993E-1,4.569288389513E-1,4.606741573034E-1,
4.644194756554E-1,4.681647940075E-1,4.719101123596E-1,4.756554307116E-1,
4.794007490637E-1,4.831460674157E-1,4.868913857678E-1,4.906367041199E-1,
4.943820224719E-1,4.981273408240E-1,5.018726591760E-1,5.056179775281E-1,
5.093632958801E-1,5.131086142322E-1,5.168539325843E-1,5.205992509363E-1,
5.243445692884E-1,5.280898876404E-1,5.318352059925E-1,5.355805243446E-1,
5.393258426966E-1,5.430711610487E-1,5.468164794007E-1,5.505617977528E-1,
5.543071161049E-1,5.580524344569E-1,5.617977528090E-1,5.655430711610E-1,
5.692883895131E-1,5.730337078652E-1,5.767790262172E-1,5.805243445693E-1,
5.842696629213E-1,5.880149812734E-1,5.917602996255E-1,5.955056179775E-1,
5.992509363296E-1,6.029962546816E-1,6.067415730337E-1,6.104868913858E-1,
6.142322097378E-1,6.179775280899E-1,6.217228464419E-1,6.254681647940E-1,
6.292134831461E-1,6.329588014981E-1,6.367041198502E-1,6.404494382022E-1,
6.441947565543E-1,6.479400749064E-1,6.516853932584E-1,6.554307116105E-1,
6.591760299625E-1,6.629213483146E-1,6.666666666667E-1,6.704119850187E-1,
6.741573033708E-1,6.779026217228E-1,6.816479400749E-1,6.853932584270E-1,
6.891385767790E-1,6.928838951311E-1,6.966292134831E-1,7.003745318352E-1,
7.041198501873E-1,7.078651685393E-1,7.116104868914E-1,7.153558052434E-1,
7.191011235955E-1,7.228464419476E-1,7.265917602996E-1,7.303370786517E-1,
7.340823970037E-1,7.378277153558E-1,7.415730337079E-1,7.453183520599E-1,
7.490636704120E-1,7.528089887640E-1,7.565543071161E-1,7.602996254682E-1,
7.640449438202E-1,7.677902621723E-1,7.715355805243E-1,7.752808988764E-1,
7.790262172285E-1,7.827715355805E-1,7.865168539326E-1,7.902621722846E-1,
7.940074906367E-1,7.977528089888E-1,8.014981273408E-1,8.052434456929E-1,
8.089887640449E-1,8.127340823970E-1,8.164794007491E-1,8.202247191011E-1,
8.239700374532E-1,8.277153558052E-1,8.314606741573E-1,8.352059925094E-1,
8.389513108614E-1,8.426966292135E-1,8.464419475655E-1,8.501872659176E-1,
8.539325842697E-1,8.576779026217E-1,8.614232209738E-1,8.651685393258E-1,
8.689138576779E-1,8.726591760300E-1,8.764044943820E-1,8.801498127341E-1,
8.838951310861E-1,8.876404494382E-1,8.913857677903E-1,8.951310861423E-1,
8.988764044944E-1,9.026217228464E-1,9.063670411985E-1,9.101123595506E-1,
9.138576779026E-1,9.176029962547E-1,9.213483146067E-1,9.250936329588E-1,
9.288389513109E-1,9.325842696629E-1,9.363295880150E-1,9.400749063670E-1,
9.438202247191E-1,9.475655430712E-1,9.513108614232E-1,9.550561797753E-1,
9.588014981273E-1,9.625468164794E-1,9.662921348315E-1,9.700374531835E-1,
9.737827715356E-1,9.775280898876E-1,9.812734082397E-1,9.850187265918E-1,
9.887640449438E-1,9.925093632959E-1,9.962546816479E-1,1.E0),.UNSPECIFIED.);
#1762=B_SPLINE_CURVE_WITH_KNOTS('',3,(#1729,#1730,#1731,#1732,#1733,#1734,#1735,
#1736,#1737,#1738,#1739,#1740,#1741,#1742,#1743,#1744,#1745,#1746,#1747,#1748,
#1749,#1750,#1751,#1752,#1753,#1754,#1755,#1756,#1757,#1758,#1759,#1760,#1761),
.UNSPECIFIED.,.F.,.F.,(4,1,1,1,1,1,1,1,1,1,1,1,1,1,1,1,1,1,1,1,1,1,1,1,1,1,1,1,
1,1,4),(0.E0,3.333333333333E-2,6.666666666667E-2,1.E-1,1.333333333333E-1,
1.666666666667E-1,2.E-1,2.333333333333E-1,2.666666666667E-1,3.E-1,
3.333333333333E-1,3.666666666667E-1,4.E-1,4.333333333333E-1,4.666666666667E-1,
5.E-1,5.333333333333E-1,5.666666666667E-1,6.E-1,6.333333333333E-1,
6.666666666667E-1,7.E-1,7.333333333333E-1,7.666666666667E-1,8.E-1,
8.333333333333E-1,8.666666666667E-1,9.E-1,9.333333333333E-1,9.666666666667E-1,
1.E0),.UNSPECIFIED.);
#1800=B_SPLINE_CURVE_WITH_KNOTS('',3,(#1767,#1768,#1769,#1770,#1771,#1772,#1773,
#1774,#1775,#1776,#1777,#1778,#1779,#1780,#1781,#1782,#1783,#1784,#1785,#1786,
#1787,#1788,#1789,#1790,#1791,#1792,#1793,#1794,#1795,#1796,#1797,#1798,#1799),
.UNSPECIFIED.,.F.,.F.,(4,1,1,1,1,1,1,1,1,1,1,1,1,1,1,1,1,1,1,1,1,1,1,1,1,1,1,1,
1,1,4),(0.E0,3.333333333333E-2,6.666666666667E-2,1.E-1,1.333333333333E-1,
1.666666666667E-1,2.E-1,2.333333333333E-1,2.666666666667E-1,3.E-1,
3.333333333333E-1,3.666666666667E-1,4.E-1,4.333333333333E-1,4.666666666667E-1,
5.E-1,5.333333333333E-1,5.666666666667E-1,6.E-1,6.333333333333E-1,
6.666666666667E-1,7.E-1,7.333333333333E-1,7.666666666667E-1,8.E-1,
8.333333333333E-1,8.666666666667E-1,9.E-1,9.333333333333E-1,9.666666666667E-1,
1.E0),.UNSPECIFIED.);
#1838=B_SPLINE_CURVE_WITH_KNOTS('',3,(#1805,#1806,#1807,#1808,#1809,#1810,#1811,
#1812,#1813,#1814,#1815,#1816,#1817,#1818,#1819,#1820,#1821,#1822,#1823,#1824,
#1825,#1826,#1827,#1828,#1829,#1830,#1831,#1832,#1833,#1834,#1835,#1836,#1837),
.UNSPECIFIED.,.F.,.F.,(4,1,1,1,1,1,1,1,1,1,1,1,1,1,1,1,1,1,1,1,1,1,1,1,1,1,1,1,
1,1,4),(0.E0,3.333333333333E-2,6.666666666667E-2,1.E-1,1.333333333333E-1,
1.666666666667E-1,2.E-1,2.333333333333E-1,2.666666666667E-1,3.E-1,
3.333333333333E-1,3.666666666667E-1,4.E-1,4.333333333333E-1,4.666666666667E-1,
5.E-1,5.333333333333E-1,5.666666666667E-1,6.E-1,6.333333333333E-1,
6.666666666667E-1,7.E-1,7.333333333333E-1,7.666666666667E-1,8.E-1,
8.333333333333E-1,8.666666666667E-1,9.E-1,9.333333333333E-1,9.666666666667E-1,
1.E0),.UNSPECIFIED.);
#1872=B_SPLINE_CURVE_WITH_KNOTS('',3,(#1839,#1840,#1841,#1842,#1843,#1844,#1845,
#1846,#1847,#1848,#1849,#1850,#1851,#1852,#1853,#1854,#1855,#1856,#1857,#1858,
#1859,#1860,#1861,#1862,#1863,#1864,#1865,#1866,#1867,#1868,#1869,#1870,#1871),
.UNSPECIFIED.,.F.,.F.,(4,1,1,1,1,1,1,1,1,1,1,1,1,1,1,1,1,1,1,1,1,1,1,1,1,1,1,1,
1,1,4),(0.E0,3.333333333333E-2,6.666666666667E-2,1.E-1,1.333333333333E-1,
1.666666666667E-1,2.E-1,2.333333333333E-1,2.666666666667E-1,3.E-1,
3.333333333333E-1,3.666666666667E-1,4.E-1,4.333333333333E-1,4.666666666667E-1,
5.E-1,5.333333333333E-1,5.666666666667E-1,6.E-1,6.333333333333E-1,
6.666666666667E-1,7.E-1,7.333333333333E-1,7.666666666667E-1,8.E-1,
8.333333333333E-1,8.666666666667E-1,9.E-1,9.333333333333E-1,9.666666666667E-1,
1.E0),.UNSPECIFIED.);
#1906=B_SPLINE_CURVE_WITH_KNOTS('',3,(#1873,#1874,#1875,#1876,#1877,#1878,#1879,
#1880,#1881,#1882,#1883,#1884,#1885,#1886,#1887,#1888,#1889,#1890,#1891,#1892,
#1893,#1894,#1895,#1896,#1897,#1898,#1899,#1900,#1901,#1902,#1903,#1904,#1905),
.UNSPECIFIED.,.F.,.F.,(4,1,1,1,1,1,1,1,1,1,1,1,1,1,1,1,1,1,1,1,1,1,1,1,1,1,1,1,
1,1,4),(0.E0,3.333333333333E-2,6.666666666667E-2,1.E-1,1.333333333333E-1,
1.666666666667E-1,2.E-1,2.333333333333E-1,2.666666666667E-1,3.E-1,
3.333333333333E-1,3.666666666667E-1,4.E-1,4.333333333333E-1,4.666666666667E-1,
5.E-1,5.333333333333E-1,5.666666666667E-1,6.E-1,6.333333333333E-1,
6.666666666667E-1,7.E-1,7.333333333333E-1,7.666666666667E-1,8.E-1,
8.333333333333E-1,8.666666666667E-1,9.E-1,9.333333333333E-1,9.666666666667E-1,
1.E0),.UNSPECIFIED.);
#1944=B_SPLINE_CURVE_WITH_KNOTS('',3,(#1911,#1912,#1913,#1914,#1915,#1916,#1917,
#1918,#1919,#1920,#1921,#1922,#1923,#1924,#1925,#1926,#1927,#1928,#1929,#1930,
#1931,#1932,#1933,#1934,#1935,#1936,#1937,#1938,#1939,#1940,#1941,#1942,#1943),
.UNSPECIFIED.,.F.,.F.,(4,1,1,1,1,1,1,1,1,1,1,1,1,1,1,1,1,1,1,1,1,1,1,1,1,1,1,1,
1,1,4),(0.E0,3.333333333333E-2,6.666666666667E-2,1.E-1,1.333333333333E-1,
1.666666666667E-1,2.E-1,2.333333333333E-1,2.666666666667E-1,3.E-1,
3.333333333333E-1,3.666666666667E-1,4.E-1,4.333333333333E-1,4.666666666667E-1,
5.E-1,5.333333333333E-1,5.666666666667E-1,6.E-1,6.333333333333E-1,
6.666666666667E-1,7.E-1,7.333333333333E-1,7.666666666667E-1,8.E-1,
8.333333333333E-1,8.666666666667E-1,9.E-1,9.333333333333E-1,9.666666666667E-1,
1.E0),.UNSPECIFIED.);
#1953=CIRCLE('',#1952,1.25E-1);
#1966=CIRCLE('',#1965,1.25E-1);
#1971=CIRCLE('',#1970,1.25E-1);
#1984=CIRCLE('',#1983,1.56E-1);
#1989=CIRCLE('',#1988,1.56E-1);
#1998=CIRCLE('',#1997,1.25E-1);
#2007=CIRCLE('',#2006,1.56E-1);
#2016=CIRCLE('',#2015,1.48E-1);
#2021=CIRCLE('',#2020,1.48E-1);
#2026=CIRCLE('',#2025,1.56E-1);
#2035=CIRCLE('',#2034,1.56E-1);
#2040=CIRCLE('',#2039,1.25E-1);
#2045=CIRCLE('',#2044,1.56E-1);
#2058=CIRCLE('',#2057,1.48E-1);
#2063=CIRCLE('',#2062,1.48E-1);
#2068=CIRCLE('',#2067,1.295E-1);
#2073=CIRCLE('',#2072,1.295E-1);
#2086=CIRCLE('',#2085,1.295E-1);
#2091=CIRCLE('',#2090,1.295E-1);
#2096=CIRCLE('',#2095,1.305E-1);
#2101=CIRCLE('',#2100,1.305E-1);
#2106=CIRCLE('',#2105,1.305E-1);
#2115=CIRCLE('',#2114,1.305E-1);
#2124=CIRCLE('',#2123,1.1E-1);
#2129=CIRCLE('',#2128,1.1E-1);
#2146=CIRCLE('',#2145,1.1E-1);
#2155=CIRCLE('',#2154,9.5E-2);
#2160=CIRCLE('',#2159,9.5E-2);
#2165=CIRCLE('',#2164,8.3E-2);
#2170=CIRCLE('',#2169,8.3E-2);
#2175=CIRCLE('',#2174,1.1E-1);
#2180=CIRCLE('',#2179,8.3E-2);
#2185=CIRCLE('',#2184,8.3E-2);
#2198=CIRCLE('',#2197,9.E-2);
#2219=CIRCLE('',#2218,1.8E-2);
#2224=CIRCLE('',#2223,1.8E-2);
#2229=CIRCLE('',#2228,7.5E-3);
#2234=CIRCLE('',#2233,7.5E-3);
#2243=CIRCLE('',#2242,1.8E-2);
#2248=CIRCLE('',#2247,1.8E-2);
#2488=EDGE_CURVE('',#2263,#2264,#5,.T.);
#2490=EDGE_CURVE('',#2264,#2263,#10,.T.);
#2494=EDGE_CURVE('',#2319,#2320,#15,.T.);
#2496=EDGE_CURVE('',#2320,#2319,#20,.T.);
#2506=EDGE_CURVE('',#2327,#2328,#25,.T.);
#2508=EDGE_CURVE('',#2263,#2327,#2206,.T.);
#2511=EDGE_CURVE('',#2264,#2328,#2202,.T.);
#2521=EDGE_CURVE('',#2323,#2324,#30,.T.);
#2523=EDGE_CURVE('',#2323,#2324,#35,.T.);
#2528=EDGE_CURVE('',#2328,#2327,#2198,.T.);
#2538=EDGE_CURVE('',#2332,#2331,#63,.T.);
#2540=EDGE_CURVE('',#2331,#2323,#39,.T.);
#2543=EDGE_CURVE('',#2332,#2324,#43,.T.);
#2553=EDGE_CURVE('',#2271,#2272,#48,.T.);
#2555=EDGE_CURVE('',#2272,#2271,#53,.T.);
#2559=EDGE_CURVE('',#2331,#2332,#58,.T.);
#2570=EDGE_CURVE('',#2267,#2268,#68,.T.);
#2572=EDGE_CURVE('',#2271,#2267,#81,.T.);
#2575=EDGE_CURVE('',#2272,#2268,#77,.T.);
#2586=EDGE_CURVE('',#2268,#2267,#73,.T.);
#2590=EDGE_CURVE('',#2255,#2259,#94,.T.);
#2592=EDGE_CURVE('',#2255,#2259,#99,.T.);
#2614=EDGE_CURVE('',#2255,#2256,#85,.T.);
#2616=EDGE_CURVE('',#2256,#2260,#127,.T.);
#2618=EDGE_CURVE('',#2259,#2260,#89,.T.);
#2632=EDGE_CURVE('',#2256,#2260,#122,.T.);
#2642=EDGE_CURVE('',#2351,#2352,#104,.T.);
#2644=EDGE_CURVE('',#2346,#2352,#108,.T.);
#2646=EDGE_CURVE('',#2348,#2346,#113,.T.);
#2648=EDGE_CURVE('',#2348,#2351,#117,.T.);
#2663=EDGE_CURVE('',#2335,#2351,#144,.T.);
#2665=EDGE_CURVE('',#2335,#2336,#132,.T.);
#2667=EDGE_CURVE('',#2336,#2352,#162,.T.);
#2677=EDGE_CURVE('',#2448,#2454,#136,.T.);
#2679=EDGE_CURVE('',#2454,#2440,#140,.T.);
#2681=EDGE_CURVE('',#2335,#2440,#1444,.T.);
#2685=EDGE_CURVE('',#2340,#2348,#1957,.T.);
#2687=EDGE_CURVE('',#2340,#2448,#180,.T.);
#2697=EDGE_CURVE('',#2452,#2450,#158,.T.);
#2699=EDGE_CURVE('',#2454,#2452,#149,.T.);
#2702=EDGE_CURVE('',#2448,#2450,#154,.T.);
#2713=EDGE_CURVE('',#2450,#2343,#184,.T.);
#2715=EDGE_CURVE('',#2343,#2346,#1961,.T.);
#2719=EDGE_CURVE('',#2442,#2336,#1440,.T.);
#2721=EDGE_CURVE('',#2452,#2442,#166,.T.);
#2731=EDGE_CURVE('',#2445,#2446,#171,.T.);
#2733=EDGE_CURVE('',#2446,#2448,#176,.T.);
#2736=EDGE_CURVE('',#2339,#2340,#1953,.T.);
#2738=EDGE_CURVE('',#2344,#2339,#1971,.T.);
#2740=EDGE_CURVE('',#2343,#2344,#1966,.T.);
#2743=EDGE_CURVE('',#2450,#2445,#189,.T.);
#2754=EDGE_CURVE('',#2389,#2445,#193,.T.);
#2756=EDGE_CURVE('',#2389,#2390,#262,.T.);
#2758=EDGE_CURVE('',#2390,#2446,#197,.T.);
#2770=EDGE_CURVE('',#2390,#2389,#267,.T.);
#2783=EDGE_CURVE('',#2375,#2380,#282,.T.);
#2785=EDGE_CURVE('',#2375,#2376,#212,.T.);
#2787=EDGE_CURVE('',#2376,#2377,#227,.T.);
#2789=EDGE_CURVE('',#2378,#2377,#426,.T.);
#2791=EDGE_CURVE('',#2378,#2379,#242,.T.);
#2793=EDGE_CURVE('',#2379,#2380,#257,.T.);
#2807=EDGE_CURVE('',#2380,#2382,#325,.T.);
#2809=EDGE_CURVE('',#2382,#2375,#523,.T.);
#2820=EDGE_CURVE('',#2381,#2380,#293,.T.);
#2822=EDGE_CURVE('',#2361,#2381,#357,.T.);
#2824=EDGE_CURVE('',#2361,#2362,#310,.T.);
#2826=EDGE_CURVE('',#2362,#2382,#314,.T.);
#2838=EDGE_CURVE('',#2379,#2381,#368,.T.);
#2849=EDGE_CURVE('',#2383,#2379,#336,.T.);
#2851=EDGE_CURVE('',#2363,#2383,#400,.T.);
#2853=EDGE_CURVE('',#2363,#2361,#353,.T.);
#2866=EDGE_CURVE('',#2378,#2383,#411,.T.);
#2877=EDGE_CURVE('',#2384,#2378,#379,.T.);
#2879=EDGE_CURVE('',#2364,#2384,#458,.T.);
#2881=EDGE_CURVE('',#2364,#2363,#396,.T.);
#2893=EDGE_CURVE('',#2377,#2384,#469,.T.);
#2905=EDGE_CURVE('',#2385,#2377,#437,.T.);
#2907=EDGE_CURVE('',#2365,#2385,#501,.T.);
#2909=EDGE_CURVE('',#2365,#2364,#454,.T.);
#2922=EDGE_CURVE('',#2376,#2385,#512,.T.);
#2933=EDGE_CURVE('',#2386,#2376,#480,.T.);
#2935=EDGE_CURVE('',#2366,#2386,#544,.T.);
#2937=EDGE_CURVE('',#2366,#2365,#497,.T.);
#2950=EDGE_CURVE('',#2375,#2386,#555,.T.);
#2963=EDGE_CURVE('',#2362,#2366,#540,.T.);
#2978=EDGE_CURVE('',#2369,#2362,#563,.T.);
#2980=EDGE_CURVE('',#2369,#2370,#582,.T.);
#2982=EDGE_CURVE('',#2370,#2372,#568,.T.);
#2984=EDGE_CURVE('',#2372,#2364,#559,.T.);
#2998=EDGE_CURVE('',#2372,#2374,#577,.T.);
#3000=EDGE_CURVE('',#2374,#2369,#587,.T.);
#3012=EDGE_CURVE('',#2360,#2370,#591,.T.);
#3014=EDGE_CURVE('',#2360,#2359,#616,.T.);
#3016=EDGE_CURVE('',#2359,#2374,#572,.T.);
#3030=EDGE_CURVE('',#2359,#2360,#601,.T.);
#3041=EDGE_CURVE('',#2355,#2356,#596,.T.);
#3043=EDGE_CURVE('',#2356,#2360,#621,.T.);
#3046=EDGE_CURVE('',#2355,#2359,#611,.T.);
#3056=EDGE_CURVE('',#2356,#2355,#606,.T.);
#3061=EDGE_CURVE('',#2410,#2409,#626,.T.);
#3063=EDGE_CURVE('',#2409,#2410,#644,.T.);
#3086=EDGE_CURVE('',#2409,#2413,#630,.T.);
#3088=EDGE_CURVE('',#2414,#2413,#635,.T.);
#3090=EDGE_CURVE('',#2410,#2414,#639,.T.);
#3102=EDGE_CURVE('',#2413,#2414,#649,.T.);
#3114=EDGE_CURVE('',#2414,#2397,#657,.T.);
#3116=EDGE_CURVE('',#2398,#2397,#667,.T.);
#3118=EDGE_CURVE('',#2413,#2398,#653,.T.);
#3130=EDGE_CURVE('',#2397,#2398,#662,.T.);
#3145=EDGE_CURVE('',#2427,#2425,#692,.T.);
#3147=EDGE_CURVE('',#2427,#2425,#687,.T.);
#3158=EDGE_CURVE('',#2430,#2425,#709,.T.);
#3160=EDGE_CURVE('',#2434,#2430,#714,.T.);
#3162=EDGE_CURVE('',#2434,#2427,#765,.T.);
#3436=EDGE_CURVE('',#2430,#2423,#846,.T.);
#3439=EDGE_CURVE('',#2425,#2426,#1728,.T.);
#3441=EDGE_CURVE('',#2432,#2426,#1341,.T.);
#3443=EDGE_CURVE('',#2417,#2432,#1241,.T.);
#3445=EDGE_CURVE('',#2417,#2418,#1151,.T.);
#3447=EDGE_CURVE('',#2418,#2415,#1762,.T.);
#3449=EDGE_CURVE('',#2415,#2416,#1838,.T.);
#3451=EDGE_CURVE('',#2416,#2423,#1906,.T.);
#3461=EDGE_CURVE('',#2424,#2434,#811,.T.);
#3465=EDGE_CURVE('',#2423,#2424,#1948,.T.);
#3739=EDGE_CURVE('',#2419,#2420,#1185,.T.);
#3741=EDGE_CURVE('',#2429,#2420,#1286,.T.);
#3743=EDGE_CURVE('',#2429,#2428,#1363,.T.);
#3745=EDGE_CURVE('',#2427,#2428,#1117,.T.);
#3749=EDGE_CURVE('',#2424,#2421,#1944,.T.);
#3751=EDGE_CURVE('',#2421,#2422,#1872,.T.);
#3753=EDGE_CURVE('',#2422,#2419,#1800,.T.);
#3764=EDGE_CURVE('',#2417,#2420,#1290,.T.);
#3767=EDGE_CURVE('',#2418,#2419,#1766,.T.);
#3778=EDGE_CURVE('',#2429,#2432,#1368,.T.);
#3791=EDGE_CURVE('',#2426,#2428,#1346,.T.);
#3803=EDGE_CURVE('',#2401,#2402,#1373,.T.);
#3805=EDGE_CURVE('',#2402,#2401,#1378,.T.);
#3810=EDGE_CURVE('',#2428,#2426,#1398,.T.);
#3820=EDGE_CURVE('',#2405,#2406,#1417,.T.);
#3822=EDGE_CURVE('',#2406,#2402,#1457,.T.);
#3825=EDGE_CURVE('',#2405,#2401,#1402,.T.);
#3835=EDGE_CURVE('',#2393,#2394,#1407,.T.);
#3837=EDGE_CURVE('',#2394,#2393,#1412,.T.);
#3842=EDGE_CURVE('',#2406,#2405,#1422,.T.);
#3852=EDGE_CURVE('',#2437,#2438,#1431,.T.);
#3854=EDGE_CURVE('',#2438,#2394,#1453,.T.);
#3857=EDGE_CURVE('',#2437,#2393,#1426,.T.);
#3868=EDGE_CURVE('',#2442,#2437,#1436,.T.);
#3873=EDGE_CURVE('',#2438,#2440,#1449,.T.);
#4190=EDGE_CURVE('',#2415,#2422,#1804,.T.);
#4203=EDGE_CURVE('',#2416,#2421,#1910,.T.);
#4230=EDGE_CURVE('',#2344,#2296,#1979,.T.);
#4232=EDGE_CURVE('',#2295,#2296,#2040,.T.);
#4234=EDGE_CURVE('',#2339,#2295,#1975,.T.);
#4246=EDGE_CURVE('',#2295,#2296,#1998,.T.);
#4257=EDGE_CURVE('',#2298,#2292,#1984,.T.);
#4259=EDGE_CURVE('',#2292,#2300,#1989,.T.);
#4261=EDGE_CURVE('',#2296,#2300,#1993,.T.);
#4264=EDGE_CURVE('',#2295,#2298,#2002,.T.);
#4274=EDGE_CURVE('',#2287,#2288,#2007,.T.);
#4276=EDGE_CURVE('',#2292,#2288,#2030,.T.);
#4279=EDGE_CURVE('',#2290,#2298,#2035,.T.);
#4281=EDGE_CURVE('',#2290,#2287,#2011,.T.);
#4292=EDGE_CURVE('',#2288,#2287,#2026,.T.);
#4296=EDGE_CURVE('',#2477,#2478,#2016,.T.);
#4298=EDGE_CURVE('',#2478,#2477,#2021,.T.);
#4310=EDGE_CURVE('',#2300,#2290,#2045,.T.);
#4336=EDGE_CURVE('',#2477,#2457,#2049,.T.);
#4338=EDGE_CURVE('',#2457,#2458,#2058,.T.);
#4340=EDGE_CURVE('',#2478,#2458,#2053,.T.);
#4352=EDGE_CURVE('',#2458,#2457,#2063,.T.);
#4367=EDGE_CURVE('',#2462,#2466,#2068,.T.);
#4369=EDGE_CURVE('',#2462,#2466,#2073,.T.);
#4379=EDGE_CURVE('',#2461,#2462,#2077,.T.);
#4382=EDGE_CURVE('',#2465,#2466,#2081,.T.);
#4384=EDGE_CURVE('',#2461,#2465,#2086,.T.);
#4395=EDGE_CURVE('',#2461,#2465,#2091,.T.);
#4407=EDGE_CURVE('',#2469,#2470,#2096,.T.);
#4409=EDGE_CURVE('',#2470,#2469,#2101,.T.);
#4423=EDGE_CURVE('',#2473,#2474,#2106,.T.);
#4425=EDGE_CURVE('',#2469,#2473,#2110,.T.);
#4428=EDGE_CURVE('',#2470,#2474,#2119,.T.);
#4439=EDGE_CURVE('',#2474,#2473,#2115,.T.);
#4443=EDGE_CURVE('',#2481,#2482,#2124,.T.);
#4445=EDGE_CURVE('',#2482,#2481,#2129,.T.);
#4468=EDGE_CURVE('',#2482,#2280,#2137,.T.);
#4470=EDGE_CURVE('',#2279,#2280,#2175,.T.);
#4472=EDGE_CURVE('',#2481,#2279,#2133,.T.);
#4484=EDGE_CURVE('',#2279,#2280,#2146,.T.);
#4495=EDGE_CURVE('',#2284,#2283,#2160,.T.);
#4497=EDGE_CURVE('',#2280,#2284,#2141,.T.);
#4500=EDGE_CURVE('',#2279,#2283,#2150,.T.);
#4510=EDGE_CURVE('',#2283,#2284,#2155,.T.);
#4515=EDGE_CURVE('',#2275,#2276,#2165,.T.);
#4517=EDGE_CURVE('',#2276,#2275,#2170,.T.);
#4539=EDGE_CURVE('',#2303,#2304,#2180,.T.);
#4541=EDGE_CURVE('',#2275,#2303,#2193,.T.);
#4544=EDGE_CURVE('',#2276,#2304,#2189,.T.);
#4555=EDGE_CURVE('',#2304,#2303,#2185,.T.);
#4602=EDGE_CURVE('',#2314,#2320,#2214,.T.);
#4604=EDGE_CURVE('',#2312,#2314,#2243,.T.);
#4606=EDGE_CURVE('',#2311,#2312,#2224,.T.);
#4608=EDGE_CURVE('',#2311,#2319,#2210,.T.);
#4620=EDGE_CURVE('',#2316,#2311,#2219,.T.);
#4622=EDGE_CURVE('',#2314,#2316,#2248,.T.);
#4633=EDGE_CURVE('',#2307,#2308,#2229,.T.);
#4635=EDGE_CURVE('',#2308,#2316,#2252,.T.);
#4639=EDGE_CURVE('',#2307,#2312,#2238,.T.);
#4650=EDGE_CURVE('',#2308,#2307,#2234,.T.);
#4671=(LENGTH_UNIT()NAMED_UNIT(*)SI_UNIT(.MILLI.,.METRE.));
#4675=(NAMED_UNIT(*)PLANE_ANGLE_UNIT()SI_UNIT($,.RADIAN.));
#4678=(NAMED_UNIT(*)SI_UNIT($,.STERADIAN.)SOLID_ANGLE_UNIT());
#4681=ADVANCED_BREP_SHAPE_REPRESENTATION('',(#4669),#4680);
#4688=PRODUCT_DEFINITION('design','',#4687,#4684);
#4689=PRODUCT_DEFINITION_SHAPE('','SHAPE FOR 901-10011_SW0001.',#4688);
#4690=SHAPE_DEFINITION_REPRESENTATION(#4689,#4681);
ENDSEC;
END-ISO-10303-21;
