ISO-10303-21;
HEADER;
FILE_DESCRIPTION (( 'STEP AP214' ),
    '1' );
FILE_NAME ('Antenne UEFL Brass Light 5_8G.STEP',
    '2024-09-03T08:59:26',
    ( '' ),
    ( '' ),
    'SwSTEP 2.0',
    'SolidWorks 2022',
    '' );
FILE_SCHEMA (( 'AUTOMOTIVE_DESIGN' ));
ENDSEC;

DATA;
#1 = DIRECTION ( 'NONE',  ( -0.000000000000000000, -0.000000000000000000, 1.000000000000000000 ) ) ;
#2 = DIRECTION ( 'NONE',  ( -0.000000000000000000, -0.000000000000000000, -1.000000000000000000 ) ) ;
#3 = CARTESIAN_POINT ( 'NONE',  ( -0.9818061230651708993, -1.559999999955594907, 89.51004713418490155 ) ) ;
#4 = CARTESIAN_POINT ( 'NONE',  ( -1.199999999969489695, -0.5500000000000000444, 88.16252174461479285 ) ) ;
#5 = DIRECTION ( 'NONE',  ( -0.000000000000000000, -1.000000000000000000, -0.000000000000000000 ) ) ;
#6 = VERTEX_POINT ( 'NONE', #18 ) ;
#7 = VERTEX_POINT ( 'NONE', #89 ) ;
#8 = EDGE_CURVE ( 'NONE', #308, #4308, #5021, .T. ) ;
#9 = VECTOR ( 'NONE', #2408, 1000.000000000000000 ) ;
#10 = CARTESIAN_POINT ( 'NONE',  ( -1.499999999999999556, 0.4672857773748925192, 87.90024184023025100 ) ) ;
#11 = DIRECTION ( 'NONE',  ( -0.000000000000000000, -1.000000000000000000, -0.000000000000000000 ) ) ;
#12 = CARTESIAN_POINT ( 'NONE',  ( 0.5269999999996810569, 0.5000000000000000000, 88.76999602396600153 ) ) ;
#13 = DIRECTION ( 'NONE',  ( -0.4357831908167431045, 0.000000000000000000, -0.9000516710731546466 ) ) ;
#14 = UNCERTAINTY_MEASURE_WITH_UNIT (LENGTH_MEASURE( 1.000000000000000082E-05 ), #2650, 'distance_accuracy_value', 'NONE');
#15 = ORIENTED_EDGE ( 'NONE', *, *, #392, .F. ) ;
#16 = CARTESIAN_POINT ( 'NONE',  ( -1.082537796358959969, -1.299999999994693844, 89.56820459287459357 ) ) ;
#17 = CARTESIAN_POINT ( 'NONE',  ( -1.349999999999837996, 0.5000000000000000000, 87.81864577568100572 ) ) ;
#18 = CARTESIAN_POINT ( 'NONE',  ( -1.471789159540854097, 0.2999999999999944933, 87.88474792445090600 ) ) ;
#19 = VERTEX_POINT ( 'NONE', #4945 ) ;
#20 = VERTEX_POINT ( 'NONE', #5972 ) ;
#21 = COLOUR_RGB ( '',0.000000000000000000, 0.000000000000000000, 0.000000000000000000 ) ;
#22 = DIRECTION ( 'NONE',  ( 0.000000000000000000, 0.000000000000000000, 1.000000000000000000 ) ) ;
#23 = CARTESIAN_POINT ( 'NONE',  ( 0.5269999999986120232, 0.2999999999999944933, 90.01231840488179614 ) ) ;
#24 = CARTESIAN_POINT ( 'NONE',  ( 0.000000000000000000, 0.000000000000000000, 41.92357466772867980 ) ) ;
#25 = ORIENTED_EDGE ( 'NONE', *, *, #2554, .T. ) ;
#26 = CARTESIAN_POINT ( 'NONE',  ( -1.379289321881083108, 0.5000000000002720046, 87.81864577567831986 ) ) ;
#27 = DIRECTION ( 'NONE',  ( -0.9021342605811359938, 0.000000000000000000, 0.4314554158725175115 ) ) ;
#28 = CARTESIAN_POINT ( 'NONE',  ( -1.500000000000000000, 0.2999999999999944933, 89.37468692922600155 ) ) ;
#29 = EDGE_CURVE ( 'NONE', #609, #4543, #1599, .T. ) ;
#30 = CARTESIAN_POINT ( 'NONE',  ( 1.180009520027989867, 0.2999999999999944933, 89.42472606815599079 ) ) ;
#31 = DIRECTION ( 'NONE',  ( 0.000000000000000000, 0.000000000000000000, 1.000000000000000000 ) ) ;
#32 = CARTESIAN_POINT ( 'NONE',  ( 0.7763821387352801695, 0.5000000000000059952, 84.97811123891865748 ) ) ;
#33 = CARTESIAN_POINT ( 'NONE',  ( 1.157497499995399304, 0.4792893218813479295, 86.71499268920800318 ) ) ;
#34 = CARTESIAN_POINT ( 'NONE',  ( -0.7649950000000179662, 0.4500000000000060063, 84.51499602396599187 ) ) ;
#35 = CARTESIAN_POINT ( 'NONE',  ( -0.1499999999993174016, -1.512041912182385817, 87.44455905442164578 ) ) ;
#36 = ORIENTED_EDGE ( 'NONE', *, *, #1015, .T. ) ;
#37 = EDGE_CURVE ( 'NONE', #3750, #1563, #4444, .T. ) ;
#38 = CIRCLE ( 'NONE', #1459, 0.2500000000000000000 ) ;
#39 = EDGE_CURVE ( 'NONE', #20, #277, #1697, .T. ) ;
#40 = VERTEX_POINT ( 'NONE', #1560 ) ;
#41 = EDGE_CURVE ( 'NONE', #2664, #1150, #1274, .T. ) ;
#42 = EDGE_CURVE ( 'NONE', #5028, #3404, #4910, .T. ) ;
#43 = EDGE_CURVE ( 'NONE', #3873, #151, #4620, .T. ) ;
#44 = VECTOR ( 'NONE', #3893, 1000.000000000000000 ) ;
#45 = VECTOR ( 'NONE', #4729, 1000.000000000000000 ) ;
#46 = CARTESIAN_POINT ( 'NONE',  ( -1.479036125287863657, 0.5002758878798752029, 87.92975050800498593 ) ) ;
#47 = AXIS2_PLACEMENT_3D ( 'NONE', #24, #1501, #4438 ) ;
#48 = CARTESIAN_POINT ( 'NONE',  ( -1.199999999939013851, -0.5500000000000000444, 88.76999602396600153 ) ) ;
#49 = DIRECTION ( 'NONE',  ( 0.000000000000000000, 1.000000000000000000, 0.000000000000000000 ) ) ;
#50 = LINE ( 'NONE', #2001, #1882 ) ;
#51 = ORIENTED_EDGE ( 'NONE', *, *, #3082, .T. ) ;
#52 = VECTOR ( 'NONE', #1571, 1000.000000000000000 ) ;
#53 = STYLED_ITEM ( 'NONE', ( #4287 ), #3444 ) ;
#54 = DIRECTION ( 'NONE',  ( 0.000000000000000000, 0.000000000000000000, 1.000000000000000000 ) ) ;
#55 = CARTESIAN_POINT ( 'NONE',  ( -1.428210840459229969, 0.2999999999999944933, 87.86364835922600491 ) ) ;
#56 = ORIENTED_EDGE ( 'NONE', *, *, #4690, .T. ) ;
#57 = ORIENTED_EDGE ( 'NONE', *, *, #897, .T. ) ;
#58 = VERTEX_POINT ( 'NONE', #780 ) ;
#59 = VECTOR ( 'NONE', #5243, 1000.000000000000000 ) ;
#60 = ORIENTED_EDGE ( 'NONE', *, *, #5529, .T. ) ;
#61 = CARTESIAN_POINT ( 'NONE',  ( 0.7734432197780564122, 0.5000000000000002220, 86.35243376988574937 ) ) ;
#62 = CARTESIAN_POINT ( 'NONE',  ( -0.1164870213031879986, -0.04024414218303499352, 88.02907430474644457 ) ) ;
#63 = DIRECTION ( 'NONE',  ( 1.000000000000000000, 0.000000000000000000, 0.000000000000000000 ) ) ;
#64 = ORIENTED_EDGE ( 'NONE', *, *, #355, .T. ) ;
#65 = FACE_OUTER_BOUND ( 'NONE', #100, .T. ) ;
#66 = AXIS2_PLACEMENT_3D ( 'NONE', #3570, #2985, #4008 ) ;
#67 = DIRECTION ( 'NONE',  ( 0.000000000000000000, 1.000000000000000000, 0.000000000000000000 ) ) ;
#68 = DIRECTION ( 'NONE',  ( -1.000000000000000000, 0.000000000000000000, 0.000000000000000000 ) ) ;
#69 = VERTEX_POINT ( 'NONE', #1171 ) ;
#70 = B_SPLINE_CURVE_WITH_KNOTS ( 'NONE', 3,
 ( #4825, #1437, #1925, #5883, #4352, #3392 ),
 .UNSPECIFIED., .F., .F.,
 ( 4, 2, 4 ),
 ( 0.000000000000000000, 0.5000000000000000000, 1.000000000000000000 ),
 .UNSPECIFIED. ) ;
#71 = FACE_OUTER_BOUND ( 'NONE', #5176, .T. ) ;
#72 = CARTESIAN_POINT ( 'NONE',  ( -1.050000000000000044, 1.285879139104720978E-16, 41.78215331149137768 ) ) ;
#73 = CARTESIAN_POINT ( 'NONE',  ( -1.387778780781445991E-14, 0.2999999999999944933, 87.96999602396599016 ) ) ;
#74 = CARTESIAN_POINT ( 'NONE',  ( 0.000000000000000000, 0.000000000000000000, 54.32660299285757333 ) ) ;
#75 = LINE ( 'NONE', #3937, #4034 ) ;
#76 = ORIENTED_EDGE ( 'NONE', *, *, #579, .F. ) ;
#77 = ORIENTED_EDGE ( 'NONE', *, *, #5774, .F. ) ;
#78 = ADVANCED_FACE ( 'NONE', ( #2622 ), #5073, .F. ) ;
#79 = CARTESIAN_POINT ( 'NONE',  ( -1.150000000000011902, -0.7500000000000000000, 88.76999602396600153 ) ) ;
#80 = DIRECTION ( 'NONE',  ( 0.000000000000000000, 1.000000000000000000, 0.000000000000000000 ) ) ;
#81 = CARTESIAN_POINT ( 'NONE',  ( -1.082537796350619974, -1.004436947752708420, 89.56820459287040137 ) ) ;
#82 = FACE_OUTER_BOUND ( 'NONE', #2610, .T. ) ;
#83 = AXIS2_PLACEMENT_3D ( 'NONE', #6020, #4581, #1614 ) ;
#84 = EDGE_CURVE ( 'NONE', #2090, #4467, #722, .T. ) ;
#85 = ORIENTED_EDGE ( 'NONE', *, *, #3819, .T. ) ;
#86 = CARTESIAN_POINT ( 'NONE',  ( -1.000000000000014211, 0.2999999999999944933, 87.18953935445298953 ) ) ;
#87 = CARTESIAN_POINT ( 'NONE',  ( -0.09633637340545148087, -0.07688801999389399677, 87.62901496139316748 ) ) ;
#88 = EDGE_LOOP ( 'NONE', ( #5853, #2567, #2122, #456, #1703 ) ) ;
#89 = CARTESIAN_POINT ( 'NONE',  ( -0.5649950000000130146, -0.5000000000000000000, 85.01499602396599187 ) ) ;
#90 = VECTOR ( 'NONE', #5874, 1000.000000000000000 ) ;
#91 = ORIENTED_EDGE ( 'NONE', *, *, #4332, .F. ) ;
#92 = ORIENTED_EDGE ( 'NONE', *, *, #5192, .T. ) ;
#93 = CARTESIAN_POINT ( 'NONE',  ( 0.9818061230711379039, -1.559999999966865003, 89.51004713418301151 ) ) ;
#94 = CARTESIAN_POINT ( 'NONE',  ( 0.01366716844755626152, -0.1224999999999975830, 87.62499602396599130 ) ) ;
#95 = CARTESIAN_POINT ( 'NONE',  ( 0.3999999999999835354, -1.300000000000000044, 88.46999602396599016 ) ) ;
#96 = VERTEX_POINT ( 'NONE', #3091 ) ;
#97 = CARTESIAN_POINT ( 'NONE',  ( 0.000000000000000000, 0.000000000000000000, 54.13341782759975729 ) ) ;
#98 = CARTESIAN_POINT ( 'NONE',  ( -1.199999999999999956, 0.2999999999999944933, 88.16252174467508951 ) ) ;
#99 = AXIS2_PLACEMENT_3D ( 'NONE', #1452, #5414, #4906 ) ;
#100 = EDGE_LOOP ( 'NONE', ( #3680, #1628, #2117, #5914, #4393, #2955, #5062 ) ) ;
#101 = VERTEX_POINT ( 'NONE', #2143 ) ;
#102 = FACE_OUTER_BOUND ( 'NONE', #4196, .T. ) ;
#103 = CARTESIAN_POINT ( 'NONE',  ( 0.5500000000000000444, 0.000000000000000000, 84.36499602396600039 ) ) ;
#104 = CARTESIAN_POINT ( 'NONE',  ( 0.000000000000000000, 0.000000000000000000, 82.41186213473042699 ) ) ;
#105 = DIRECTION ( 'NONE',  ( 0.000000000000000000, 0.000000000000000000, 1.000000000000000000 ) ) ;
#106 = PLANE ( 'NONE',  #4940 ) ;
#107 = ORIENTED_EDGE ( 'NONE', *, *, #5435, .F. ) ;
#108 = ORIENTED_EDGE ( 'NONE', *, *, #6249, .F. ) ;
#109 = CARTESIAN_POINT ( 'NONE',  ( 1.232537796360205995, -1.300000000002325962, 89.30839697173711045 ) ) ;
#110 = CARTESIAN_POINT ( 'NONE',  ( -1.339375098708966538, 0.4500000000000059508, 86.80808444372063093 ) ) ;
#111 = LINE ( 'NONE', #2071, #5583 ) ;
#112 = CARTESIAN_POINT ( 'NONE',  ( 0.8149949999999850370, 0.2999999999999944933, 84.51499602396599187 ) ) ;
#113 = ORIENTED_EDGE ( 'NONE', *, *, #884, .T. ) ;
#114 = CIRCLE ( 'NONE', #3376, 1.699999999999999956 ) ;
#115 =( NAMED_UNIT ( * ) PLANE_ANGLE_UNIT ( ) SI_UNIT ( $, .RADIAN. ) );
#116 = CARTESIAN_POINT ( 'NONE',  ( -0.1103737234330463973, -0.05314029709674319979, 87.63032824729789638 ) ) ;
#117 = ORIENTED_EDGE ( 'NONE', *, *, #4406, .T. ) ;
#118 = ORIENTED_EDGE ( 'NONE', *, *, #355, .F. ) ;
#119 = EDGE_CURVE ( 'NONE', #5069, #5326, #3186, .T. ) ;
#120 = ORIENTED_EDGE ( 'NONE', *, *, #5432, .F. ) ;
#121 = VERTEX_POINT ( 'NONE', #5171 ) ;
#122 = ADVANCED_FACE ( 'NONE', ( #3128 ), #4082, .F. ) ;
#123 = CARTESIAN_POINT ( 'NONE',  ( 0.9030883399701046255, 0.5000000000000000000, 86.60916337295280698 ) ) ;
#124 = DIRECTION ( 'NONE',  ( 0.000000000000000000, -1.000000000000000000, 0.000000000000000000 ) ) ;
#125 = ORIENTED_EDGE ( 'NONE', *, *, #6201, .F. ) ;
#126 = DIRECTION ( 'NONE',  ( 0.000000000000000000, 0.000000000000000000, -1.000000000000000000 ) ) ;
#127 = DIRECTION ( 'NONE',  ( 0.000000000000000000, 1.000000000000000000, 0.000000000000000000 ) ) ;
#128 = DIRECTION ( 'NONE',  ( -0.000000000000000000, -0.000000000000000000, 1.000000000000000000 ) ) ;
#129 = ORIENTED_EDGE ( 'NONE', *, *, #4409, .F. ) ;
#130 = ORIENTED_EDGE ( 'NONE', *, *, #1208, .F. ) ;
#131 = FACE_OUTER_BOUND ( 'NONE', #3854, .T. ) ;
#132 = CARTESIAN_POINT ( 'NONE',  ( -1.072862086728661346, -1.512041912175237091, 89.56261831931784911 ) ) ;
#133 = DIRECTION ( 'NONE',  ( -0.000000000000000000, -0.000000000000000000, 1.000000000000000000 ) ) ;
#134 = DIRECTION ( 'NONE',  ( 0.000000000000000000, 1.000000000000000000, 0.000000000000000000 ) ) ;
#135 = ORIENTED_EDGE ( 'NONE', *, *, #3441, .F. ) ;
#136 = AXIS2_PLACEMENT_3D ( 'NONE', #2339, #5270, #1302 ) ;
#137 = VERTEX_POINT ( 'NONE', #246 ) ;
#138 = CARTESIAN_POINT ( 'NONE',  ( 0.000000000000000000, 0.000000000000000000, 82.41186213473042699 ) ) ;
#139 = CARTESIAN_POINT ( 'NONE',  ( 0.9276158248340409251, -0.9167559493307999574, 89.44122912916670032 ) ) ;
#140 = AXIS2_PLACEMENT_3D ( 'NONE', #3018, #1104, #4006 ) ;
#141 = DIRECTION ( 'NONE',  ( 0.000000000000000000, 0.000000000000000000, 1.000000000000000000 ) ) ;
#142 = CARTESIAN_POINT ( 'NONE',  ( -1.387778780781445991E-14, -1.350000000000018074, 88.76999602396600153 ) ) ;
#143 = VERTEX_POINT ( 'NONE', #309 ) ;
#144 = MECHANICAL_DESIGN_GEOMETRIC_PRESENTATION_REPRESENTATION (  '', ( #3405 ), #2603 ) ;
#145 = DIRECTION ( 'NONE',  ( 0.000000000000000000, 1.000000000000000000, 0.000000000000000000 ) ) ;
#146 = CARTESIAN_POINT ( 'NONE',  ( -0.08699259373019579966, 0.08732753955333982798, 87.62825496653688617 ) ) ;
#147 = ORIENTED_EDGE ( 'NONE', *, *, #2309, .F. ) ;
#148 = VECTOR ( 'NONE', #4450, 1000.000000000000000 ) ;
#149 = CARTESIAN_POINT ( 'NONE',  ( 0.3999999999999835354, -1.300000000000000044, 88.76999602396600153 ) ) ;
#150 = CIRCLE ( 'NONE', #2202, 1.108578643762694771 ) ;
#151 = VERTEX_POINT ( 'NONE', #185 ) ;
#152 = ADVANCED_FACE ( 'NONE', ( #1691 ), #6161, .F. ) ;
#153 = MECHANICAL_DESIGN_GEOMETRIC_PRESENTATION_REPRESENTATION (  '', ( #53 ), #3625 ) ;
#154 = VECTOR ( 'NONE', #605, 1000.000000000000000 ) ;
#155 = EDGE_CURVE ( 'NONE', #101, #3347, #4596, .T. ) ;
#156 = PRESENTATION_LAYER_ASSIGNMENT (  '', '', ( #2107 ) ) ;
#157 = ADVANCED_FACE ( 'NONE', ( #1660 ), #3577, .T. ) ;
#158 = DIRECTION ( 'NONE',  ( -1.224646799147353207E-16, 1.000000000000000000, 0.000000000000000000 ) ) ;
#159 = CARTESIAN_POINT ( 'NONE',  ( 0.08669551980802769897, 0.08654557669351969906, 87.62828288712070446 ) ) ;
#160 = SURFACE_STYLE_USAGE ( .BOTH. , #4537 ) ;
#161 = ORIENTED_EDGE ( 'NONE', *, *, #508, .F. ) ;
#162 = EDGE_CURVE ( 'NONE', #4004, #3377, #2179, .T. ) ;
#163 =( LENGTH_UNIT ( ) NAMED_UNIT ( * ) SI_UNIT ( .MILLI., .METRE. ) );
#164 = VECTOR ( 'NONE', #1897, 1000.000000000000000 ) ;
#165 = CARTESIAN_POINT ( 'NONE',  ( 1.494795229908210343, 0.4500000000000060063, 87.95196283290512440 ) ) ;
#166 = VECTOR ( 'NONE', #2812, 1000.000000000000000 ) ;
#167 = ADVANCED_FACE ( 'NONE', ( #5038 ), #3601, .T. ) ;
#168 = ORIENTED_EDGE ( 'NONE', *, *, #3138, .F. ) ;
#169 = VERTEX_POINT ( 'NONE', #2657 ) ;
#170 = AXIS2_PLACEMENT_3D ( 'NONE', #5650, #3374, #3878 ) ;
#171 = EDGE_CURVE ( 'NONE', #2617, #3005, #1260, .T. ) ;
#172 = CARTESIAN_POINT ( 'NONE',  ( -1.387778780781445991E-14, -1.300000000000000044, 88.76999602396600153 ) ) ;
#173 = CARTESIAN_POINT ( 'NONE',  ( 0.7965599999999879444, 0.2999999999999944933, 85.09499602396600437 ) ) ;
#174 = CARTESIAN_POINT ( 'NONE',  ( -1.387778780781445991E-14, -1.653000000000000025, 88.76999602396600153 ) ) ;
#175 = DIRECTION ( 'NONE',  ( -1.000000000000000000, 0.000000000000000000, 0.000000000000000000 ) ) ;
#176 = ORIENTED_EDGE ( 'NONE', *, *, #1569, .F. ) ;
#177 = ORIENTED_EDGE ( 'NONE', *, *, #6136, .T. ) ;
#178 = AXIS2_PLACEMENT_3D ( 'NONE', #4978, #1530, #2533 ) ;
#179 = CARTESIAN_POINT ( 'NONE',  ( 0.9411808574325307708, -0.8921168091084058505, 89.42222723341116364 ) ) ;
#180 = CARTESIAN_POINT ( 'NONE',  ( 0.000000000000000000, 0.000000000000000000, 53.90471579162801419 ) ) ;
#181 = EDGE_LOOP ( 'NONE', ( #945, #64, #670, #1332 ) ) ;
#182 = LINE ( 'NONE', #4110, #1321 ) ;
#183 = DIRECTION ( 'NONE',  ( 0.000000000000000000, 1.000000000000000000, 0.000000000000000000 ) ) ;
#184 = ORIENTED_EDGE ( 'NONE', *, *, #5084, .T. ) ;
#185 = CARTESIAN_POINT ( 'NONE',  ( 0.3649949999999930195, 0.5000000000000000000, 84.51499602396599187 ) ) ;
#186 = ORIENTED_EDGE ( 'NONE', *, *, #231, .F. ) ;
#187 = DIRECTION ( 'NONE',  ( 0.000000000000000000, 1.000000000000000000, 0.000000000000000000 ) ) ;
#188 = VECTOR ( 'NONE', #1916, 1000.000000000000000 ) ;
#189 = CARTESIAN_POINT ( 'NONE',  ( 0.09633637340542904048, 0.07688801999388862607, 87.62901496139316748 ) ) ;
#190 = CARTESIAN_POINT ( 'NONE',  ( -0.2500000000000139888, 0.2999999999999944933, 88.46999602396599016 ) ) ;
#191 = ORIENTED_EDGE ( 'NONE', *, *, #1727, .F. ) ;
#192 = FACE_OUTER_BOUND ( 'NONE', #5959, .T. ) ;
#193 = CARTESIAN_POINT ( 'NONE',  ( 1.476155377345189867, 0.4999977793551888539, 87.94293786835325477 ) ) ;
#194 = EDGE_CURVE ( 'NONE', #5271, #4180, #4113, .T. ) ;
#195 = ORIENTED_EDGE ( 'NONE', *, *, #815, .F. ) ;
#196 = VERTEX_POINT ( 'NONE', #5589 ) ;
#197 = DIRECTION ( 'NONE',  ( -0.000000000000000000, -1.000000000000000000, -0.000000000000000000 ) ) ;
#198 = CARTESIAN_POINT ( 'NONE',  ( -1.387778780781445991E-14, -1.300000000000000044, 88.76999602396600153 ) ) ;
#199 = CARTESIAN_POINT ( 'NONE',  ( 1.428210840457440067, 0.4500000000000060063, 87.86364835922590544 ) ) ;
#200 = VECTOR ( 'NONE', #5548, 1000.000000000000000 ) ;
#201 = DIRECTION ( 'NONE',  ( -0.000000000000000000, -0.000000000000000000, 1.000000000000000000 ) ) ;
#202 = CARTESIAN_POINT ( 'NONE',  ( 0.000000000000000000, 0.000000000000000000, 41.86499602396599329 ) ) ;
#203 = ORIENTED_EDGE ( 'NONE', *, *, #1540, .F. ) ;
#204 = ORIENTED_EDGE ( 'NONE', *, *, #3285, .T. ) ;
#205 = VECTOR ( 'NONE', #5518, 1000.000000000000000 ) ;
#206 = DIRECTION ( 'NONE',  ( 0.000000000000000000, -1.000000000000000000, 0.000000000000000000 ) ) ;
#207 = CARTESIAN_POINT ( 'NONE',  ( 0.9131696131657179860, -0.9605910757334580330, 89.46075376557351433 ) ) ;
#208 = DIRECTION ( 'NONE',  ( -0.8660254038113618380, 0.000000000000000000, 0.4999999999533679129 ) ) ;
#209 = CARTESIAN_POINT ( 'NONE',  ( -1.195695800895789862, -1.416128856692012050, 89.28712623574320162 ) ) ;
#210 = EDGE_CURVE ( 'NONE', #5527, #308, #3155, .T. ) ;
#211 = ORIENTED_EDGE ( 'NONE', *, *, #4691, .T. ) ;
#212 = FACE_OUTER_BOUND ( 'NONE', #5822, .T. ) ;
#213 = DIRECTION ( 'NONE',  ( 0.000000000000000000, -1.000000000000000000, 0.000000000000000000 ) ) ;
#214 = ORIENTED_EDGE ( 'NONE', *, *, #6184, .T. ) ;
#215 = CARTESIAN_POINT ( 'NONE',  ( -1.387778780781445991E-14, 0.2999999999999944933, 89.36999602396599585 ) ) ;
#216 =( GEOMETRIC_REPRESENTATION_CONTEXT ( 3 ) GLOBAL_UNCERTAINTY_ASSIGNED_CONTEXT ( ( #4147 ) ) GLOBAL_UNIT_ASSIGNED_CONTEXT ( ( #2423, #1422, #941 ) ) REPRESENTATION_CONTEXT ( 'NONE', 'WORKASPACE' ) );
#217 = DIRECTION ( 'NONE',  ( 0.000000000000000000, 0.000000000000000000, -1.000000000000000000 ) ) ;
#218 = DIRECTION ( 'NONE',  ( 1.000000000000000000, 0.000000000000000000, 0.000000000000000000 ) ) ;
#219 = CARTESIAN_POINT ( 'NONE',  ( -0.5649950000000130146, -0.5000000000000000000, 86.21499602396599471 ) ) ;
#220 = VERTEX_POINT ( 'NONE', #278 ) ;
#221 = CARTESIAN_POINT ( 'NONE',  ( 0.7965599999999879444, 0.2999999999999944933, 85.09499602396600437 ) ) ;
#222 = ORIENTED_EDGE ( 'NONE', *, *, #2775, .F. ) ;
#223 = ORIENTED_EDGE ( 'NONE', *, *, #315, .F. ) ;
#224 = CARTESIAN_POINT ( 'NONE',  ( 0.9999999999999870104, 0.4500000000000060063, 87.18953935445298953 ) ) ;
#225 = CARTESIAN_POINT ( 'NONE',  ( 0.000000000000000000, 0.4000000000000000222, 29.36499602396599329 ) ) ;
#226 = DIRECTION ( 'NONE',  ( -0.000000000000000000, -0.000000000000000000, 1.000000000000000000 ) ) ;
#227 = DIRECTION ( 'NONE',  ( -0.000000000000000000, -0.000000000000000000, -1.000000000000000000 ) ) ;
#228 = DIRECTION ( 'NONE',  ( -0.000000000000000000, -0.000000000000000000, 1.000000000000000000 ) ) ;
#229 = ORIENTED_EDGE ( 'NONE', *, *, #4407, .F. ) ;
#230 = ORIENTED_EDGE ( 'NONE', *, *, #2248, .F. ) ;
#231 = EDGE_CURVE ( 'NONE', #2994, #1974, #2238, .T. ) ;
#232 = EDGE_CURVE ( 'NONE', #1617, #1110, #5646, .T. ) ;
#233 = VECTOR ( 'NONE', #2182, 1000.000000000000000 ) ;
#234 = PLANE ( 'NONE',  #2798 ) ;
#235 = EDGE_CURVE ( 'NONE', #856, #5888, #6290, .T. ) ;
#236 = DIRECTION ( 'NONE',  ( 0.000000000000000000, 1.000000000000000000, 0.000000000000000000 ) ) ;
#237 = ADVANCED_FACE ( 'NONE', ( #4331 ), #1877, .F. ) ;
#238 = ADVANCED_FACE ( 'NONE', ( #6296 ), #4042, .T. ) ;
#239 = ORIENTED_EDGE ( 'NONE', *, *, #4882, .F. ) ;
#240 = EDGE_CURVE ( 'NONE', #5412, #5794, #6004, .T. ) ;
#241 = AXIS2_PLACEMENT_3D ( 'NONE', #5709, #4746, #2333 ) ;
#242 = LINE ( 'NONE', #2204, #5001 ) ;
#243 = EDGE_CURVE ( 'NONE', #4532, #500, #1102, .T. ) ;
#244 = DIRECTION ( 'NONE',  ( 0.000000000000000000, -1.000000000000000000, 0.000000000000000000 ) ) ;
#245 = ORIENTED_EDGE ( 'NONE', *, *, #4037, .T. ) ;
#246 = CARTESIAN_POINT ( 'NONE',  ( -0.7965599999758959937, 0.4500000000000060063, 85.01499602396599187 ) ) ;
#247 = CIRCLE ( 'NONE', #3811, 1.302732552838956170 ) ;
#248 = AXIS2_PLACEMENT_3D ( 'NONE', #2605, #5600, #4547 ) ;
#249 = FACE_OUTER_BOUND ( 'NONE', #1279, .T. ) ;
#250 = VECTOR ( 'NONE', #4348, 1000.000000000000000 ) ;
#251 = CARTESIAN_POINT ( 'NONE',  ( -1.226881883364222103, -0.9447422831974801039, 89.32119162484158892 ) ) ;
#252 = FACE_BOUND ( 'NONE', #467, .T. ) ;
#253 = ORIENTED_EDGE ( 'NONE', *, *, #5780, .F. ) ;
#254 = PRESENTATION_STYLE_ASSIGNMENT (( #2753 ) ) ;
#255 = VERTEX_POINT ( 'NONE', #3277 ) ;
#256 = AXIS2_PLACEMENT_3D ( 'NONE', #104, #2062, #3044 ) ;
#257 = PLANE ( 'NONE',  #4368 ) ;
#258 = LINE ( 'NONE', #3648, #3424 ) ;
#259 = DIRECTION ( 'NONE',  ( -0.000000000000000000, 1.000000000000000000, -0.000000000000000000 ) ) ;
#260 = CARTESIAN_POINT ( 'NONE',  ( -1.386278588452490511E-14, -0.1224999999999999978, 89.24499602396599585 ) ) ;
#261 = ADVANCED_FACE ( 'NONE', ( #1849 ), #3784, .T. ) ;
#262 = ORIENTED_EDGE ( 'NONE', *, *, #3166, .F. ) ;
#263 = EDGE_LOOP ( 'NONE', ( #651, #765, #6176, #3431 ) ) ;
#264 = VECTOR ( 'NONE', #1431, 1000.000000000000000 ) ;
#265 = AXIS2_PLACEMENT_3D ( 'NONE', #4700, #2311, #384 ) ;
#266 = DIRECTION ( 'NONE',  ( 0.000000000000000000, 0.000000000000000000, -1.000000000000000000 ) ) ;
#267 = FACE_OUTER_BOUND ( 'NONE', #1237, .T. ) ;
#268 = DIRECTION ( 'NONE',  ( -0.000000000000000000, -0.000000000000000000, 1.000000000000000000 ) ) ;
#269 = DIRECTION ( 'NONE',  ( -1.000000000000000000, 0.000000000000000000, 0.000000000000000000 ) ) ;
#270 = ORIENTED_EDGE ( 'NONE', *, *, #2126, .T. ) ;
#271 = VECTOR ( 'NONE', #5, 1000.000000000000000 ) ;
#272 = ORIENTED_EDGE ( 'NONE', *, *, #3082, .F. ) ;
#273 = EDGE_CURVE ( 'NONE', #1158, #4672, #1746, .T. ) ;
#274 = CARTESIAN_POINT ( 'NONE',  ( 0.01360985678196289551, -0.1224999999999975830, 88.01999602396911371 ) ) ;
#275 = DIRECTION ( 'NONE',  ( 0.000000000000000000, 0.000000000000000000, -1.000000000000000000 ) ) ;
#276 = FACE_OUTER_BOUND ( 'NONE', #4795, .T. ) ;
#277 = VERTEX_POINT ( 'NONE', #2861 ) ;
#278 = CARTESIAN_POINT ( 'NONE',  ( 0.7649950000004619444, 0.5000000000000000000, 85.56110570152740991 ) ) ;
#279 = DIRECTION ( 'NONE',  ( 0.8660254037790087178, 0.000000000000000000, -0.5000000000094049213 ) ) ;
#280 = LINE ( 'NONE', #2421, #3129 ) ;
#281 = CARTESIAN_POINT ( 'NONE',  ( 1.232537796360205995, -1.300000000002325962, 89.30839697173711045 ) ) ;
#282 = ORIENTED_EDGE ( 'NONE', *, *, #5987, .T. ) ;
#283 = PRESENTATION_LAYER_ASSIGNMENT (  '', '', ( #3041 ) ) ;
#284 = ORIENTED_EDGE ( 'NONE', *, *, #343, .T. ) ;
#285 = DIRECTION ( 'NONE',  ( 0.000000000000000000, 0.000000000000000000, 1.000000000000000000 ) ) ;
#286 = CARTESIAN_POINT ( 'NONE',  ( -0.7075112081460606106, 0.5000000000000000000, 84.98327442450252533 ) ) ;
#287 = VERTEX_POINT ( 'NONE', #1780 ) ;
#288 = DIRECTION ( 'NONE',  ( 0.000000000000000000, 0.000000000000000000, -1.000000000000000000 ) ) ;
#289 = UNCERTAINTY_MEASURE_WITH_UNIT (LENGTH_MEASURE( 1.000000000000000082E-05 ), #445, 'distance_accuracy_value', 'NONE');
#290 = FILL_AREA_STYLE ('',( #6212 ) ) ;
#291 = DIRECTION ( 'NONE',  ( -0.000000000000000000, -1.000000000000000000, -0.000000000000000000 ) ) ;
#292 = VERTEX_POINT ( 'NONE', #1298 ) ;
#293 = VECTOR ( 'NONE', #6173, 1000.000000000000000 ) ;
#294 = ORIENTED_EDGE ( 'NONE', *, *, #907, .F. ) ;
#295 = B_SPLINE_CURVE_WITH_KNOTS ( 'NONE', 3,
 ( #5677, #3339, #2388, #3372, #5798, #430 ),
 .UNSPECIFIED., .F., .F.,
 ( 4, 2, 4 ),
 ( 0.000000000000000000, 0.5000000000000000000, 1.000000000000000000 ),
 .UNSPECIFIED. ) ;
#296 = VECTOR ( 'NONE', #1880, 1000.000000000000000 ) ;
#297 = CARTESIAN_POINT ( 'NONE',  ( -0.1499999999993174016, -1.377420204569069551, 87.46174484977478869 ) ) ;
#298 = CARTESIAN_POINT ( 'NONE',  ( 1.699999999999999956, 2.081899558550500280E-16, 53.86499602396599329 ) ) ;
#299 = CARTESIAN_POINT ( 'NONE',  ( 0.4999999999999870104, 0.2999999999999944933, 90.11499602396600039 ) ) ;
#300 = CARTESIAN_POINT ( 'NONE',  ( -1.150000000000011902, -0.7500000000000000000, 87.80217870674209735 ) ) ;
#301 = CARTESIAN_POINT ( 'NONE',  ( 0.000000000000000000, 0.000000000000000000, 34.86499602396599329 ) ) ;
#302 = VERTEX_POINT ( 'NONE', #4303 ) ;
#303 = EDGE_LOOP ( 'NONE', ( #4466, #3316, #3068, #2637 ) ) ;
#304 = VECTOR ( 'NONE', #5009, 1000.000000000000000 ) ;
#305 = FACE_OUTER_BOUND ( 'NONE', #785, .T. ) ;
#306 = DIRECTION ( 'NONE',  ( 1.000000000000000000, 0.000000000000000000, 0.000000000000000000 ) ) ;
#307 = LINE ( 'NONE', #4301, #1108 ) ;
#308 = VERTEX_POINT ( 'NONE', #5681 ) ;
#309 = CARTESIAN_POINT ( 'NONE',  ( -0.7965599999513179874, 0.2999999999999944933, 85.51499602396599187 ) ) ;
#310 = CARTESIAN_POINT ( 'NONE',  ( -0.5000000000000139888, 0.2999999999999944933, 90.11499602396600039 ) ) ;
#311 = CARTESIAN_POINT ( 'NONE',  ( -1.196326917044304494, -0.8741069832042298593, 89.38483755122943819 ) ) ;
#312 = EDGE_CURVE ( 'NONE', #4269, #1550, #2175, .T. ) ;
#313 = ORIENTED_EDGE ( 'NONE', *, *, #4407, .T. ) ;
#314 = EDGE_CURVE ( 'NONE', #3898, #645, #5713, .T. ) ;
#315 = EDGE_CURVE ( 'NONE', #4981, #544, #4091, .T. ) ;
#316 = EDGE_CURVE ( 'NONE', #5597, #5028, #1937, .T. ) ;
#317 = AXIS2_PLACEMENT_3D ( 'NONE', #1433, #3387, #27 ) ;
#318 = DIRECTION ( 'NONE',  ( 0.000000000000000000, 0.000000000000000000, -1.000000000000000000 ) ) ;
#319 = DIRECTION ( 'NONE',  ( -1.000000000000000000, 0.000000000000000000, 0.000000000000000000 ) ) ;
#320 = ORIENTED_EDGE ( 'NONE', *, *, #4529, .T. ) ;
#321 = DIRECTION ( 'NONE',  ( 0.000000000000000000, 1.000000000000000000, 0.000000000000000000 ) ) ;
#322 = FACE_OUTER_BOUND ( 'NONE', #1625, .T. ) ;
#323 = CARTESIAN_POINT ( 'NONE',  ( 1.410469516049381422, 0.4792893218813565337, 87.85505844021123778 ) ) ;
#324 = VERTEX_POINT ( 'NONE', #5830 ) ;
#325 = SURFACE_STYLE_USAGE ( .BOTH. , #3709 ) ;
#326 = CARTESIAN_POINT ( 'NONE',  ( 1.232163547752046062, -0.9933370093774538390, 89.30925291227718787 ) ) ;
#327 = CARTESIAN_POINT ( 'NONE',  ( -1.365099999999999980, 0.2999999999999944933, 87.96999602396599016 ) ) ;
#328 = CARTESIAN_POINT ( 'NONE',  ( -0.6665600001177517386, 0.5000000000000059952, 85.51114826095900412 ) ) ;
#329 = CARTESIAN_POINT ( 'NONE',  ( -1.015692636539247129, -0.8675309747759137879, 89.29882818571461200 ) ) ;
#330 = VERTEX_POINT ( 'NONE', #3403 ) ;
#331 = ORIENTED_EDGE ( 'NONE', *, *, #6216, .F. ) ;
#332 = EDGE_CURVE ( 'NONE', #366, #137, #4604, .T. ) ;
#333 = PRESENTATION_LAYER_ASSIGNMENT (  '', '', ( #5647 ) ) ;
#334 = CARTESIAN_POINT ( 'NONE',  ( 0.1048881984710229448, 0.06472259614926308136, 88.02734333897893748 ) ) ;
#335 = DIRECTION ( 'NONE',  ( -1.000000000000000000, 0.000000000000000000, 0.000000000000000000 ) ) ;
#336 = ORIENTED_EDGE ( 'NONE', *, *, #5746, .F. ) ;
#337 = SURFACE_SIDE_STYLE ('',( #2336 ) ) ;
#338 = CIRCLE ( 'NONE', #241, 1.699999999999999956 ) ;
#339 = DIRECTION ( 'NONE',  ( -0.000000000000000000, 1.000000000000000000, -0.000000000000000000 ) ) ;
#340 = DIRECTION ( 'NONE',  ( -0.8660254037790087178, 0.000000000000000000, 0.5000000000094049213 ) ) ;
#341 = ORIENTED_EDGE ( 'NONE', *, *, #5622, .F. ) ;
#342 = EDGE_CURVE ( 'NONE', #5701, #5271, #6339, .T. ) ;
#343 = EDGE_CURVE ( 'NONE', #5889, #1044, #1825, .T. ) ;
#344 = CIRCLE ( 'NONE', #3914, 0.05000000000000002359 ) ;
#345 = EDGE_CURVE ( 'NONE', #4275, #3511, #3273, .T. ) ;
#346 =( GEOMETRIC_REPRESENTATION_CONTEXT ( 3 ) GLOBAL_UNCERTAINTY_ASSIGNED_CONTEXT ( ( #2489 ) ) GLOBAL_UNIT_ASSIGNED_CONTEXT ( ( #5118, #5575, #4040 ) ) REPRESENTATION_CONTEXT ( 'NONE', 'WORKASPACE' ) );
#347 = AXIS2_PLACEMENT_3D ( 'NONE', #2967, #5913, #5425 ) ;
#348 = DIRECTION ( 'NONE',  ( -1.000000000000000000, -0.000000000000000000, -0.000000000000000000 ) ) ;
#349 = LINE ( 'NONE', #4311, #2911 ) ;
#350 = DIRECTION ( 'NONE',  ( 0.000000000000000000, 0.000000000000000000, -1.000000000000000000 ) ) ;
#351 = ORIENTED_EDGE ( 'NONE', *, *, #4222, .F. ) ;
#352 = CARTESIAN_POINT ( 'NONE',  ( -0.3103994648601114958, 0.2601483657733715260, 84.36499602396600039 ) ) ;
#353 = ADVANCED_FACE ( 'NONE', ( #386 ), #6242, .T. ) ;
#354 = DIRECTION ( 'NONE',  ( -1.000000000000000000, 0.000000000000000000, 0.000000000000000000 ) ) ;
#355 = EDGE_CURVE ( 'NONE', #3440, #4302, #5841, .T. ) ;
#356 = CARTESIAN_POINT ( 'NONE',  ( 1.399999999999976596, 0.4792893218813565892, 87.81864577567300501 ) ) ;
#357 = VECTOR ( 'NONE', #5369, 1000.000000000000000 ) ;
#358 = ORIENTED_EDGE ( 'NONE', *, *, #5893, .T. ) ;
#359 = EDGE_CURVE ( 'NONE', #5037, #4154, #5812, .T. ) ;
#360 = VECTOR ( 'NONE', #715, 1000.000000000000000 ) ;
#361 = ADVANCED_FACE ( 'NONE', ( #4313 ), #5304, .T. ) ;
#362 = DIRECTION ( 'NONE',  ( 0.000000000000000000, 0.000000000000000000, -1.000000000000000000 ) ) ;
#363 = DIRECTION ( 'NONE',  ( -0.000000000000000000, -0.000000000000000000, 1.000000000000000000 ) ) ;
#364 = SURFACE_STYLE_FILL_AREA ( #4827 ) ;
#365 = CARTESIAN_POINT ( 'NONE',  ( -0.9576338382761149237, -0.8746980263238109954, 89.39766029074290543 ) ) ;
#366 = VERTEX_POINT ( 'NONE', #3418 ) ;
#367 = CLOSED_SHELL ( 'NONE', ( #6218, #4768, #3359, #433, #3637, #4291, #3050, #896, #261, #775, #3782, #2706, #3865, #1109, #4932, #1566, #586, #1944, #624, #4418, #3636, #1426, #1480, #4143, #3668, #5002, #5587, #2891, #2322, #3443, #623, #2970, #3423, #5985, #1953, #5153, #5168, #157, #898, #6182, #4017, #3247, #2819, #4767, #4719, #3639, #3707, #5788, #928, #2713, #361, #6101, #2041, #5110, #1811, #6125, #3241, #3857, #2139, #2172, #1399, #1177, #4770, #1954, #3899, #1751, #1017, #2123, #1692, #4104, #2119, #2937, #78, #4106, #3176, #6028, #512, #4293, #2461, #2594, #543, #2242, #5452, #1357, #4297, #6304, #1445, #237, #1725, #2039, #4295, #3593, #3390, #2880, #820, #807, #4658, #353, #6067, #4361, #3162, #1864, #1843, #3279, #1444, #3187, #167, #2503, #6257, #5635, #3975, #152, #2591, #423, #2702, #122, #2883, #6187, #5237, #5549, #2639, #4913, #625, #3240, #5846, #3085, #3445, #1844, #2705, #3350, #3758, #4971, #5627, #4061, #5063, #2319, #238, #1478, #812, #5043, #1100, #2667, #1653, #5496, #3852, #4651, #1666, #4843, #2232, #1295, #3891, #4304, #674, #6335, #2636, #1755, #6307, #1364, #5545, #2779, #5007, #6131, #5898, #620, #5152, #709, #1481, #5708, #3604, #5235, #3238, #4966, #5555, #4965, #2893, #3444, #3708, #3904, #1837, #1752, #1525, #546 ) ) ;
#368 = ORIENTED_EDGE ( 'NONE', *, *, #6314, .F. ) ;
#369 = VECTOR ( 'NONE', #761, 1000.000000000000000 ) ;
#370 = CARTESIAN_POINT ( 'NONE',  ( 0.08741151367702698627, 0.08582235883899949624, 88.02510728913908622 ) ) ;
#371 = B_SPLINE_CURVE_WITH_KNOTS ( 'NONE', 3,
 ( #3179, #2228, #3080, #5670, #6090, #2136, #4165, #4678, #5638, #1251, #5095, #4647, #1713, #6031, #1225, #5124 ),
 .UNSPECIFIED., .F., .F.,
 ( 4, 3, 3, 3, 3, 4 ),
 ( 0.000000000000000000, 5.012456036519889394E-05, 0.0001002307301699022235, 0.0001506123997870041750, 0.0002011855880198738333, 0.0002345756464664171508 ),
 .UNSPECIFIED. ) ;
#372 = DIRECTION ( 'NONE',  ( 0.000000000000000000, -1.000000000000000000, 0.000000000000000000 ) ) ;
#373 = AXIS2_PLACEMENT_3D ( 'NONE', #1785, #1265, #940 ) ;
#374 = LINE ( 'NONE', #403, #3772 ) ;
#375 = CARTESIAN_POINT ( 'NONE',  ( 0.9456351623233230086, 0.4500000000000060618, 86.64467760541859320 ) ) ;
#376 = ORIENTED_EDGE ( 'NONE', *, *, #5937, .T. ) ;
#377 = CARTESIAN_POINT ( 'NONE',  ( -1.499999999999999778, 0.4792893218813945033, 89.37468692922604419 ) ) ;
#378 = VECTOR ( 'NONE', #4897, 1000.000000000000000 ) ;
#379 = CARTESIAN_POINT ( 'NONE',  ( -1.141747749999825645, 0.5000000000000061062, 86.76244735573393996 ) ) ;
#380 = FACE_OUTER_BOUND ( 'NONE', #1890, .T. ) ;
#381 = EDGE_LOOP ( 'NONE', ( #2037, #3997, #5258, #4339 ) ) ;
#382 = ORIENTED_EDGE ( 'NONE', *, *, #5344, .F. ) ;
#383 = LINE ( 'NONE', #2839, #4271 ) ;
#384 = DIRECTION ( 'NONE',  ( 0.000000000000000000, 0.000000000000000000, 1.000000000000000000 ) ) ;
#385 = CARTESIAN_POINT ( 'NONE',  ( -0.08018966561443598151, -0.8821424550662717579, 87.62773235852661458 ) ) ;
#386 = FACE_OUTER_BOUND ( 'NONE', #2266, .T. ) ;
#387 = ORIENTED_EDGE ( 'NONE', *, *, #3138, .T. ) ;
#388 = LINE ( 'NONE', #3700, #5149 ) ;
#389 = DIRECTION ( 'NONE',  ( 0.000000000000000000, 0.000000000000000000, -1.000000000000000000 ) ) ;
#390 = AXIS2_PLACEMENT_3D ( 'NONE', #74, #201, #4926 ) ;
#391 = CARTESIAN_POINT ( 'NONE',  ( -1.200000000000019940, 0.2999999999999944933, 88.16252174467499003 ) ) ;
#392 = EDGE_CURVE ( 'NONE', #3750, #2707, #2368, .T. ) ;
#393 = CARTESIAN_POINT ( 'NONE',  ( 1.087527708820992034, -0.9605243595625649888, 89.56139256334849108 ) ) ;
#394 = SURFACE_SIDE_STYLE ('',( #3777 ) ) ;
#395 = AXIS2_PLACEMENT_3D ( 'NONE', #5422, #3065, #5015 ) ;
#396 = CARTESIAN_POINT ( 'NONE',  ( -0.7965599999864292347, 0.5000000000000059952, 85.56499602396611692 ) ) ;
#397 = CARTESIAN_POINT ( 'NONE',  ( -0.8149950000000130146, -0.2500000000000000000, 85.51499602396599187 ) ) ;
#398 = EDGE_LOOP ( 'NONE', ( #5055, #4026, #6167, #585 ) ) ;
#399 = ORIENTED_EDGE ( 'NONE', *, *, #5512, .F. ) ;
#400 = AXIS2_PLACEMENT_3D ( 'NONE', #1185, #5793, #1518 ) ;
#401 = CARTESIAN_POINT ( 'NONE',  ( -0.7496970849701285466, 0.4500000000000060618, 85.01499602398762079 ) ) ;
#402 = DIRECTION ( 'NONE',  ( -0.000000000000000000, -0.000000000000000000, -1.000000000000000000 ) ) ;
#403 = CARTESIAN_POINT ( 'NONE',  ( -0.8149950000000130146, -0.2500000000000000000, 85.51499602396599187 ) ) ;
#404 = ORIENTED_EDGE ( 'NONE', *, *, #3829, .T. ) ;
#405 = AXIS2_PLACEMENT_3D ( 'NONE', #2894, #6164, #3821 ) ;
#406 = DIRECTION ( 'NONE',  ( 0.000000000000000000, 1.000000000000000000, 0.000000000000000000 ) ) ;
#407 = ORIENTED_EDGE ( 'NONE', *, *, #5039, .T. ) ;
#408 = ORIENTED_EDGE ( 'NONE', *, *, #504, .T. ) ;
#409 = LINE ( 'NONE', #1333, #1304 ) ;
#410 = LINE ( 'NONE', #2343, #2004 ) ;
#411 = CARTESIAN_POINT ( 'NONE',  ( -0.1462256768164222065, -0.9765627238038370184, 87.63437150351938953 ) ) ;
#412 = CARTESIAN_POINT ( 'NONE',  ( 1.449999999999979972, 0.2999999999999944933, 87.81864577567199603 ) ) ;
#413 = ORIENTED_EDGE ( 'NONE', *, *, #3839, .F. ) ;
#414 = DIRECTION ( 'NONE',  ( 0.000000000000000000, -0.9999999916691373336, 0.0001290803055994874245 ) ) ;
#415 = CARTESIAN_POINT ( 'NONE',  ( 1.370939032098775767, 0.5000000000000061062, 87.89147110475043689 ) ) ;
#416 = COLOUR_RGB ( '',0.000000000000000000, 0.000000000000000000, 0.000000000000000000 ) ;
#417 = DIRECTION ( 'NONE',  ( -0.000000000000000000, -0.000000000000000000, 1.000000000000000000 ) ) ;
#418 = CARTESIAN_POINT ( 'NONE',  ( 0.3354101966249745104, 0.2999999999999944933, 86.21499602396599471 ) ) ;
#419 = DIRECTION ( 'NONE',  ( -0.000000000000000000, -0.000000000000000000, -1.000000000000000000 ) ) ;
#420 = CARTESIAN_POINT ( 'NONE',  ( 1.449999999999979972, 0.4500000000000060063, 87.92975050800500014 ) ) ;
#421 = CARTESIAN_POINT ( 'NONE',  ( -1.400001221705346133, 0.2999999999999944933, 87.81864900317580691 ) ) ;
#422 = ORIENTED_EDGE ( 'NONE', *, *, #5352, .T. ) ;
#423 = ADVANCED_FACE ( 'NONE', ( #923 ), #4885, .T. ) ;
#424 = VERTEX_POINT ( 'NONE', #474 ) ;
#425 = EDGE_CURVE ( 'NONE', #1044, #457, #2434, .T. ) ;
#426 = CARTESIAN_POINT ( 'NONE',  ( -1.400000000000011902, 0.4500000000000060063, 68.26368161825600112 ) ) ;
#427 = EDGE_CURVE ( 'NONE', #2447, #1758, #869, .T. ) ;
#428 = EDGE_CURVE ( 'NONE', #699, #5069, #2870, .T. ) ;
#429 = EDGE_CURVE ( 'NONE', #754, #2090, #4374, .T. ) ;
#430 = CARTESIAN_POINT ( 'NONE',  ( 1.399999999999983924, 0.4500000000000060063, 86.88953935445299237 ) ) ;
#431 = CARTESIAN_POINT ( 'NONE',  ( 1.058053279324815854, -1.009999999999316111, 89.20765828885760129 ) ) ;
#432 = DIRECTION ( 'NONE',  ( 4.770489558936745207E-14, 0.000000000000000000, 1.000000000000000000 ) ) ;
#433 = ADVANCED_FACE ( 'NONE', ( #4820 ), #1080, .F. ) ;
#434 = EDGE_CURVE ( 'NONE', #2623, #3597, #2526, .T. ) ;
#435 = CARTESIAN_POINT ( 'NONE',  ( -0.9303357769114729559, 0.5000000000000814904, 86.66142142576009633 ) ) ;
#436 = SURFACE_SIDE_STYLE ('',( #5743 ) ) ;
#437 = VERTEX_POINT ( 'NONE', #3861 ) ;
#438 = VECTOR ( 'NONE', #846, 1000.000000000000000 ) ;
#439 = ORIENTED_EDGE ( 'NONE', *, *, #4100, .T. ) ;
#440 = LINE ( 'NONE', #6206, #188 ) ;
#441 = CONICAL_SURFACE ( 'NONE', #3907, 1.345000000023896636, 0.3490658506378628845 ) ;
#442 = CARTESIAN_POINT ( 'NONE',  ( 1.157497499946126496, 0.4500000000000060063, 86.71499268919161807 ) ) ;
#443 = LINE ( 'NONE', #1430, #2213 ) ;
#444 = CARTESIAN_POINT ( 'NONE',  ( -1.294687278665100472, 0.5000000000000000000, 86.83825064137990069 ) ) ;
#445 =( LENGTH_UNIT ( ) NAMED_UNIT ( * ) SI_UNIT ( .MILLI., .METRE. ) );
#446 = DIRECTION ( 'NONE',  ( 0.000000000000000000, -1.000000000000000000, 0.000000000000000000 ) ) ;
#447 = DIRECTION ( 'NONE',  ( -0.1544993265838049690, 0.000000000000000000, 0.9879928937422327584 ) ) ;
#448 = AXIS2_PLACEMENT_3D ( 'NONE', #3683, #2264, #3596 ) ;
#449 = EDGE_CURVE ( 'NONE', #6320, #3474, #443, .T. ) ;
#450 = AXIS2_PLACEMENT_3D ( 'NONE', #5921, #3494, #5437 ) ;
#451 = PLANE ( 'NONE',  #970 ) ;
#452 = LINE ( 'NONE', #2413, #3309 ) ;
#453 = SURFACE_SIDE_STYLE ('',( #4961 ) ) ;
#454 = SURFACE_SIDE_STYLE ('',( #364 ) ) ;
#455 = CARTESIAN_POINT ( 'NONE',  ( -1.232537796353571968, -1.653000000000000025, 89.30839697173630043 ) ) ;
#456 = ORIENTED_EDGE ( 'NONE', *, *, #5628, .T. ) ;
#457 = VERTEX_POINT ( 'NONE', #1858 ) ;
#458 = AXIS2_PLACEMENT_3D ( 'NONE', #463, #4813, #5322 ) ;
#459 = DIRECTION ( 'NONE',  ( -0.9490933304839931361, -0.000000000000000000, -0.3149950000092096025 ) ) ;
#460 = CARTESIAN_POINT ( 'NONE',  ( -1.449999999999999956, 0.2999999999999944933, 87.92975050800500014 ) ) ;
#461 = LINE ( 'NONE', #2000, #2308 ) ;
#462 = CARTESIAN_POINT ( 'NONE',  ( 0.7649950000004619444, 0.5000000000000000000, 85.56110570152740991 ) ) ;
#463 = CARTESIAN_POINT ( 'NONE',  ( -1.250000000000000222, 1.530808498934191817E-16, 41.78215331149137768 ) ) ;
#464 = EDGE_CURVE ( 'NONE', #5831, #2200, #1075, .T. ) ;
#465 = AXIS2_PLACEMENT_3D ( 'NONE', #4800, #6188, #929 ) ;
#466 = CARTESIAN_POINT ( 'NONE',  ( 1.199999999964769914, 0.2999999999999944933, 88.16252174460559843 ) ) ;
#467 = EDGE_LOOP ( 'NONE', ( #1115, #2155, #743, #3632 ) ) ;
#468 = VERTEX_POINT ( 'NONE', #4279 ) ;
#469 = VECTOR ( 'NONE', #6191, 1000.000000000000000 ) ;
#470 = EDGE_LOOP ( 'NONE', ( #2357, #1533, #3547, #3830 ) ) ;
#471 = CARTESIAN_POINT ( 'NONE',  ( 1.141747749986280036, 0.5000000000000000000, 86.76244735572920774 ) ) ;
#472 = CARTESIAN_POINT ( 'NONE',  ( -0.02812825626393591905, -0.1200195593847812742, 88.02039888275116652 ) ) ;
#473 = FACE_OUTER_BOUND ( 'NONE', #5183, .T. ) ;
#474 = CARTESIAN_POINT ( 'NONE',  ( -1.376144636189584049E-14, 0.2999999999999944933, 87.81999602396909665 ) ) ;
#475 = LINE ( 'NONE', #6276, #1166 ) ;
#476 = PLANE ( 'NONE',  #5825 ) ;
#477 = CYLINDRICAL_SURFACE ( 'NONE', #2502, 1.349479121033003715 ) ;
#478 = CARTESIAN_POINT ( 'NONE',  ( 5.410800000000000054, 0.4500000000000060063, 85.56499602396600324 ) ) ;
#479 = CARTESIAN_POINT ( 'NONE',  ( -0.8149950000000130146, 0.2999999999999944933, 86.24044602396099890 ) ) ;
#480 = FACE_OUTER_BOUND ( 'NONE', #1352, .T. ) ;
#481 = DIRECTION ( 'NONE',  ( 1.000000000000000000, 0.000000000000000000, 0.000000000000000000 ) ) ;
#482 = B_SPLINE_CURVE_WITH_KNOTS ( 'NONE', 3,
 ( #5732, #904, #1929, #3845 ),
 .UNSPECIFIED., .F., .F.,
 ( 4, 4 ),
 ( 3.830763438135581802E-15, 0.0002735921099693670736 ),
 .UNSPECIFIED. ) ;
#483 = CARTESIAN_POINT ( 'NONE',  ( -1.365099999999999980, 0.2999999999999944933, 89.36999602396599585 ) ) ;
#484 = ORIENTED_EDGE ( 'NONE', *, *, #4956, .T. ) ;
#485 = ORIENTED_EDGE ( 'NONE', *, *, #1008, .F. ) ;
#486 = VECTOR ( 'NONE', #348, 1000.000000000000000 ) ;
#487 = DIRECTION ( 'NONE',  ( -0.000000000000000000, -1.000000000000000000, -0.000000000000000000 ) ) ;
#488 = DIRECTION ( 'NONE',  ( 0.000000000000000000, 1.000000000000000000, 0.000000000000000000 ) ) ;
#489 = CARTESIAN_POINT ( 'NONE',  ( -1.305437588837811580, 0.5000000000000059952, 86.84622993479413822 ) ) ;
#490 = LINE ( 'NONE', #3946, #5966 ) ;
#491 = EDGE_CURVE ( 'NONE', #534, #4269, #3322, .T. ) ;
#492 = ORIENTED_EDGE ( 'NONE', *, *, #2275, .F. ) ;
#493 = CIRCLE ( 'NONE', #4070, 0.07999999999999674039 ) ;
#494 = AXIS2_PLACEMENT_3D ( 'NONE', #2834, #1300, #5717 ) ;
#495 = CARTESIAN_POINT ( 'NONE',  ( -1.365099999999999980, 0.09999999999998900047, 89.36999602396599585 ) ) ;
#496 = CARTESIAN_POINT ( 'NONE',  ( -0.07627617323761880230, 0.09585507496334690070, 87.62753948413778460 ) ) ;
#497 = CARTESIAN_POINT ( 'NONE',  ( -0.6665600001641112105, 0.5000000000000000000, 85.49425311765409674 ) ) ;
#498 = EDGE_CURVE ( 'NONE', #3986, #5448, #6086, .T. ) ;
#499 = ORIENTED_EDGE ( 'NONE', *, *, #844, .F. ) ;
#500 = VERTEX_POINT ( 'NONE', #2841 ) ;
#501 = AXIS2_PLACEMENT_3D ( 'NONE', #1741, #275, #2234 ) ;
#502 = EDGE_CURVE ( 'NONE', #4083, #1267, #6175, .T. ) ;
#503 = CARTESIAN_POINT ( 'NONE',  ( 1.499999999999999556, 1.836970198721029441E-16, 42.59783873644060748 ) ) ;
#504 = EDGE_CURVE ( 'NONE', #818, #644, #6273, .T. ) ;
#505 = CARTESIAN_POINT ( 'NONE',  ( -0.1048881984710514775, -0.06472259614928276006, 88.02734333897893748 ) ) ;
#506 = CARTESIAN_POINT ( 'NONE',  ( 0.000000000000000000, 0.000000000000000000, 53.71153062637019815 ) ) ;
#507 = FILL_AREA_STYLE_COLOUR ( '', #3837 ) ;
#508 = EDGE_CURVE ( 'NONE', #842, #3541, #3833, .T. ) ;
#509 = CARTESIAN_POINT ( 'NONE',  ( -1.350000000003066303, 0.5000000000000058842, 87.85806867766802952 ) ) ;
#510 = PLANE ( 'NONE',  #5523 ) ;
#511 = DIRECTION ( 'NONE',  ( 0.000000000000000000, -1.000000000000000000, 0.000000000000000000 ) ) ;
#512 = ADVANCED_FACE ( 'NONE', ( #1794 ), #5303, .T. ) ;
#513 = DIRECTION ( 'NONE',  ( 0.000000000000000000, 0.000000000000000000, -1.000000000000000000 ) ) ;
#514 = CARTESIAN_POINT ( 'NONE',  ( -1.232537796363549987, -1.300000000007155876, 89.30839697174330638 ) ) ;
#515 = DIRECTION ( 'NONE',  ( 0.000000000000000000, 1.000000000000000000, 0.000000000000000000 ) ) ;
#516 = CARTESIAN_POINT ( 'NONE',  ( -0.8084257744460380257, 0.4791180200904264774, 85.52156524951998051 ) ) ;
#517 = LINE ( 'NONE', #1030, #6065 ) ;
#518 = LINE ( 'NONE', #2415, #5172 ) ;
#519 = ORIENTED_EDGE ( 'NONE', *, *, #3705, .T. ) ;
#520 = B_SPLINE_CURVE_WITH_KNOTS ( 'NONE', 3,
 ( #1707, #5473, #132, #1613 ),
 .UNSPECIFIED., .F., .F.,
 ( 4, 4 ),
 ( 2.226373553676905053E-14, 0.0001513686829384199592 ),
 .UNSPECIFIED. ) ;
#521 = ORIENTED_EDGE ( 'NONE', *, *, #1578, .T. ) ;
#522 = VECTOR ( 'NONE', #3862, 1000.000000000000000 ) ;
#523 = CARTESIAN_POINT ( 'NONE',  ( -1.479036125287859438, 0.4794509332596843532, 87.87947462012513711 ) ) ;
#524 = CARTESIAN_POINT ( 'NONE',  ( -1.141747749995870143, 0.4500000000000060063, 86.76244735573250466 ) ) ;
#525 = LINE ( 'NONE', #5409, #5570 ) ;
#526 = DIRECTION ( 'NONE',  ( -1.000000000000000000, -0.000000000000000000, -0.000000000000000000 ) ) ;
#527 = UNCERTAINTY_MEASURE_WITH_UNIT (LENGTH_MEASURE( 1.000000000000000082E-05 ), #5293, 'distance_accuracy_value', 'NONE');
#528 = ORIENTED_EDGE ( 'NONE', *, *, #2428, .F. ) ;
#529 = PLANE ( 'NONE',  #6329 ) ;
#530 = CARTESIAN_POINT ( 'NONE',  ( -0.1109927135606524895, 0.05362277839965187004, 87.63036470601369388 ) ) ;
#531 = ORIENTED_EDGE ( 'NONE', *, *, #5384, .F. ) ;
#532 = CARTESIAN_POINT ( 'NONE',  ( 1.449999999999979972, 0.5000000000000000000, 88.76999602396600153 ) ) ;
#533 = ORIENTED_EDGE ( 'NONE', *, *, #1879, .T. ) ;
#534 = VERTEX_POINT ( 'NONE', #4852 ) ;
#535 = PRESENTATION_LAYER_ASSIGNMENT (  '', '', ( #5745 ) ) ;
#536 = CARTESIAN_POINT ( 'NONE',  ( 1.082537796358224114, -1.300000000002325962, 89.56820459287089875 ) ) ;
#537 = CARTESIAN_POINT ( 'NONE',  ( -0.07594818622978780076, 0.09611515493618269512, 88.02385135099449087 ) ) ;
#538 = CARTESIAN_POINT ( 'NONE',  ( -1.387778780781445991E-14, 0.2999999999999944933, 85.41999602396599300 ) ) ;
#539 = ORIENTED_EDGE ( 'NONE', *, *, #243, .F. ) ;
#540 = DIRECTION ( 'NONE',  ( 1.000000000000000000, 0.000000000000000000, 0.000000000000000000 ) ) ;
#541 = CARTESIAN_POINT ( 'NONE',  ( 1.494795229908210343, 0.4792880210576814792, 87.95196283290513861 ) ) ;
#542 = CARTESIAN_POINT ( 'NONE',  ( 1.349999999999962119, 0.5000000000000000000, 86.90669664197800159 ) ) ;
#543 = ADVANCED_FACE ( 'NONE', ( #473 ), #4214, .T. ) ;
#544 = VERTEX_POINT ( 'NONE', #824 ) ;
#545 = VECTOR ( 'NONE', #3435, 1000.000000000000000 ) ;
#546 = ADVANCED_FACE ( 'NONE', ( #2784 ), #4433, .T. ) ;
#547 = CARTESIAN_POINT ( 'NONE',  ( -0.2500000000000139888, -1.300000000000000044, 89.06999602396599869 ) ) ;
#548 = CARTESIAN_POINT ( 'NONE',  ( 0.7649950000000599326, 0.5000000000000000000, 84.96888634640301063 ) ) ;
#549 = LINE ( 'NONE', #3045, #6322 ) ;
#550 = ORIENTED_EDGE ( 'NONE', *, *, #1179, .F. ) ;
#551 = CIRCLE ( 'NONE', #1162, 1.641421356237307450 ) ;
#552 = ORIENTED_EDGE ( 'NONE', *, *, #316, .T. ) ;
#553 = EDGE_CURVE ( 'NONE', #3460, #856, #1686, .T. ) ;
#554 = VECTOR ( 'NONE', #677, 1000.000000000000000 ) ;
#555 = CARTESIAN_POINT ( 'NONE',  ( 0.3354101966249745104, 0.2999999999999944933, 85.41999602396599300 ) ) ;
#556 = DIRECTION ( 'NONE',  ( 0.000000000000000000, 0.000000000000000000, 1.000000000000000000 ) ) ;
#557 = CARTESIAN_POINT ( 'NONE',  ( -1.401089665019311647, 0.4500000000000060063, 86.89099776503088890 ) ) ;
#558 = CARTESIAN_POINT ( 'NONE',  ( -1.108227401692849945, -0.9037868695312150091, 89.53213579207759665 ) ) ;
#559 = AXIS2_PLACEMENT_3D ( 'NONE', #4321, #992, #3894 ) ;
#560 = ORIENTED_EDGE ( 'NONE', *, *, #4769, .F. ) ;
#561 = AXIS2_PLACEMENT_3D ( 'NONE', #863, #798, #2379 ) ;
#562 = CARTESIAN_POINT ( 'NONE',  ( -0.5269999999998190576, 0.5000000000000000000, 90.10775836525610316 ) ) ;
#563 = CARTESIAN_POINT ( 'NONE',  ( -0.06550681974643948746, -0.1044193998423619818, 87.62680441613028393 ) ) ;
#564 = ORIENTED_EDGE ( 'NONE', *, *, #894, .F. ) ;
#565 = VERTEX_POINT ( 'NONE', #3033 ) ;
#566 = EDGE_LOOP ( 'NONE', ( #4713, #4600, #1795, #161 ) ) ;
#567 = VECTOR ( 'NONE', #1888, 1000.000000000000000 ) ;
#568 = EDGE_LOOP ( 'NONE', ( #1675, #5433, #2778, #3077, #3545, #3450, #3966, #4740 ) ) ;
#569 = PLANE ( 'NONE',  #6007 ) ;
#570 = DIRECTION ( 'NONE',  ( -0.000000000000000000, -1.000000000000000000, -0.000000000000000000 ) ) ;
#571 = DIRECTION ( 'NONE',  ( -1.000000000000000000, 0.000000000000000000, 0.000000000000000000 ) ) ;
#572 = ORIENTED_EDGE ( 'NONE', *, *, #3635, .T. ) ;
#573 = COLOUR_RGB ( '',0.000000000000000000, 0.000000000000000000, 0.000000000000000000 ) ;
#574 = DIRECTION ( 'NONE',  ( 0.000000000000000000, 0.000000000000000000, -1.000000000000000000 ) ) ;
#575 = DIRECTION ( 'NONE',  ( 0.000000000000000000, 0.000000000000000000, 1.000000000000000000 ) ) ;
#576 = VECTOR ( 'NONE', #4739, 1000.000000000000000 ) ;
#577 = ORIENTED_EDGE ( 'NONE', *, *, #724, .T. ) ;
#578 = ORIENTED_EDGE ( 'NONE', *, *, #1101, .F. ) ;
#579 = EDGE_CURVE ( 'NONE', #5766, #4004, #2934, .T. ) ;
#580 = CARTESIAN_POINT ( 'NONE',  ( -1.387778780781445991E-14, 0.2999999999999944933, 88.76999602396600153 ) ) ;
#581 = DIRECTION ( 'NONE',  ( 1.000000000000000000, 0.000000000000000000, 0.000000000000000000 ) ) ;
#582 = DIRECTION ( 'NONE',  ( 0.000000000000000000, 1.000000000000000000, 0.000000000000000000 ) ) ;
#583 = DIRECTION ( 'NONE',  ( 0.9000516710731800707, 0.000000000000000000, 0.4357831908166904800 ) ) ;
#584 = ORIENTED_EDGE ( 'NONE', *, *, #5356, .F. ) ;
#585 = ORIENTED_EDGE ( 'NONE', *, *, #4208, .T. ) ;
#586 = ADVANCED_FACE ( 'NONE', ( #6338 ), #5945, .F. ) ;
#587 = LINE ( 'NONE', #4358, #545 ) ;
#588 = DIRECTION ( 'NONE',  ( 0.000000000000000000, 0.000000000000000000, -1.000000000000000000 ) ) ;
#589 = DIRECTION ( 'NONE',  ( -0.000000000000000000, -1.000000000000000000, -0.000000000000000000 ) ) ;
#590 = CARTESIAN_POINT ( 'NONE',  ( 0.7877288329322948979, 0.4959656368223140932, 85.54265591651366663 ) ) ;
#591 = VECTOR ( 'NONE', #6037, 1000.000000000000000 ) ;
#592 = ORIENTED_EDGE ( 'NONE', *, *, #464, .T. ) ;
#593 = EDGE_CURVE ( 'NONE', #644, #4502, #1979, .T. ) ;
#594 = DIRECTION ( 'NONE',  ( -0.000000000000000000, -1.000000000000000000, -0.000000000000000000 ) ) ;
#595 = VERTEX_POINT ( 'NONE', #3518 ) ;
#596 = ORIENTED_EDGE ( 'NONE', *, *, #5104, .T. ) ;
#597 = CIRCLE ( 'NONE', #998, 0.4999999999999959477 ) ;
#598 = VERTEX_POINT ( 'NONE', #5840 ) ;
#599 = EDGE_LOOP ( 'NONE', ( #1637, #25 ) ) ;
#600 = COLOUR_RGB ( '',0.000000000000000000, 0.000000000000000000, 0.000000000000000000 ) ;
#601 = LINE ( 'NONE', #4436, #4682 ) ;
#602 = DIRECTION ( 'NONE',  ( 0.000000000000000000, 1.000000000000000000, 0.000000000000000000 ) ) ;
#603 =( NAMED_UNIT ( * ) SI_UNIT ( $, .STERADIAN. ) SOLID_ANGLE_UNIT ( ) );
#604 = ORIENTED_EDGE ( 'NONE', *, *, #5893, .F. ) ;
#605 = DIRECTION ( 'NONE',  ( -0.000000000000000000, -0.000000000000000000, 1.000000000000000000 ) ) ;
#606 = DIRECTION ( 'NONE',  ( 0.000000000000000000, 0.000000000000000000, 1.000000000000000000 ) ) ;
#607 = CARTESIAN_POINT ( 'NONE',  ( 0.3999999999999835354, 0.2999999999999944933, 88.46999602396599016 ) ) ;
#608 = CONICAL_SURFACE ( 'NONE', #3867, 1.050000000000000044, 0.7853981633974446153 ) ;
#609 = VERTEX_POINT ( 'NONE', #95 ) ;
#610 = ORIENTED_EDGE ( 'NONE', *, *, #1289, .F. ) ;
#611 = CARTESIAN_POINT ( 'NONE',  ( -0.1499999999993450184, -1.300000000007155876, 87.43338650731570283 ) ) ;
#612 = DIRECTION ( 'NONE',  ( 0.000000000000000000, 0.000000000000000000, -1.000000000000000000 ) ) ;
#613 = CARTESIAN_POINT ( 'NONE',  ( 5.335799999998919851, -1.009999999999316111, 85.51616537679079499 ) ) ;
#614 = DIRECTION ( 'NONE',  ( -0.000000000000000000, -0.000000000000000000, -1.000000000000000000 ) ) ;
#615 = ORIENTED_EDGE ( 'NONE', *, *, #5041, .T. ) ;
#616 = VERTEX_POINT ( 'NONE', #1120 ) ;
#617 = CARTESIAN_POINT ( 'NONE',  ( 1.180009520028195924, 0.5000000000000000000, 89.42472606815569236 ) ) ;
#618 = LINE ( 'NONE', #3438, #2007 ) ;
#619 = FACE_OUTER_BOUND ( 'NONE', #1393, .T. ) ;
#620 = ADVANCED_FACE ( 'NONE', ( #3417 ), #1945, .T. ) ;
#621 = ORIENTED_EDGE ( 'NONE', *, *, #2241, .F. ) ;
#622 = STYLED_ITEM ( 'NONE', ( #5306 ), #1837 ) ;
#623 = ADVANCED_FACE ( 'NONE', ( #5395 ), #1019, .T. ) ;
#624 = ADVANCED_FACE ( 'NONE', ( #4951 ), #5365, .T. ) ;
#625 = ADVANCED_FACE ( 'NONE', ( #4471 ), #1051, .T. ) ;
#626 = CARTESIAN_POINT ( 'NONE',  ( -1.082537796350937942, -1.009999999999316111, 89.56820459287000347 ) ) ;
#627 = CARTESIAN_POINT ( 'NONE',  ( -1.350000000000018074, 0.5000000000000000000, 86.90669664197899635 ) ) ;
#628 = ORIENTED_EDGE ( 'NONE', *, *, #6216, .T. ) ;
#629 = ORIENTED_EDGE ( 'NONE', *, *, #593, .F. ) ;
#630 = EDGE_LOOP ( 'NONE', ( #5974, #3216, #1682, #5426 ) ) ;
#631 = EDGE_CURVE ( 'NONE', #277, #1012, #3992, .T. ) ;
#632 = DIRECTION ( 'NONE',  ( -1.000000000000000000, 0.000000000000000000, 0.000000000000000000 ) ) ;
#633 = CYLINDRICAL_SURFACE ( 'NONE', #5272, 0.07999999999999674039 ) ;
#634 = DIRECTION ( 'NONE',  ( 0.000000000000000000, 1.000000000000000000, 0.000000000000000000 ) ) ;
#635 = ORIENTED_EDGE ( 'NONE', *, *, #498, .T. ) ;
#636 = CARTESIAN_POINT ( 'NONE',  ( 0.4999999999999870104, 0.5000000000000000000, 90.11499602396600039 ) ) ;
#637 = CARTESIAN_POINT ( 'NONE',  ( 1.462653455327200591, 0.5002758878800762643, 87.90361649491852347 ) ) ;
#638 = ORIENTED_EDGE ( 'NONE', *, *, #4807, .T. ) ;
#639 = ORIENTED_EDGE ( 'NONE', *, *, #4873, .F. ) ;
#640 = CARTESIAN_POINT ( 'NONE',  ( -1.387778780781445991E-14, -0.8600000000000160849, 87.42499602396600267 ) ) ;
#641 = CYLINDRICAL_SURFACE ( 'NONE', #248, 0.07999999999999674039 ) ;
#642 = DIRECTION ( 'NONE',  ( 0.000000000000000000, -1.000000000000000000, 0.000000000000000000 ) ) ;
#643 = DIRECTION ( 'NONE',  ( 0.000000000000000000, 0.000000000000000000, -1.000000000000000000 ) ) ;
#644 = VERTEX_POINT ( 'NONE', #1147 ) ;
#645 = VERTEX_POINT ( 'NONE', #6134 ) ;
#646 =( BOUNDED_CURVE ( )  B_SPLINE_CURVE ( 3, ( #6323, #2520, #3398, #3434 ),
 .UNSPECIFIED., .F., .F. ) 
 B_SPLINE_CURVE_WITH_KNOTS ( ( 4, 4 ),
 ( 3.589807327492522404, 3.839142329470173642 ),
 .UNSPECIFIED. ) 
 CURVE ( )  GEOMETRIC_REPRESENTATION_ITEM ( )  RATIONAL_B_SPLINE_CURVE ( ( 1.000000000000000000, 0.9948260444050893714, 0.9948260444050893714, 1.000000000000000000 ) ) 
 REPRESENTATION_ITEM ( '' )  );
#647 = CARTESIAN_POINT ( 'NONE',  ( -1.387778780781445991E-14, -1.559999999715790064, 88.76999602396600153 ) ) ;
#648 = VECTOR ( 'NONE', #4073, 1000.000000000000000 ) ;
#649 = DIRECTION ( 'NONE',  ( 0.000000000000000000, 1.000000000000000000, 0.000000000000000000 ) ) ;
#650 = CARTESIAN_POINT ( 'NONE',  ( -1.220259343962950549, -1.338710554778573369, 89.30130800394567814 ) ) ;
#651 = ORIENTED_EDGE ( 'NONE', *, *, #2856, .T. ) ;
#652 = VECTOR ( 'NONE', #1542, 1000.000000000000000 ) ;
#653 = AXIS2_PLACEMENT_3D ( 'NONE', #3258, #1824, #5208 ) ;
#654 = CARTESIAN_POINT ( 'NONE',  ( -1.387778780781445991E-14, -1.299999999974321918, 88.76999602396600153 ) ) ;
#655 = LINE ( 'NONE', #2714, #1621 ) ;
#656 = EDGE_CURVE ( 'NONE', #4055, #4215, #2302, .T. ) ;
#657 = ORIENTED_EDGE ( 'NONE', *, *, #359, .F. ) ;
#658 = AXIS2_PLACEMENT_3D ( 'NONE', #173, #4094, #1671 ) ;
#659 = CARTESIAN_POINT ( 'NONE',  ( -1.387778780781445991E-14, 0.5000000000000000000, 84.51499602396599187 ) ) ;
#660 = AXIS2_PLACEMENT_3D ( 'NONE', #6214, #1311, #2258 ) ;
#661 = EDGE_LOOP ( 'NONE', ( #3611, #4687, #2947, #3271, #810 ) ) ;
#662 = CIRCLE ( 'NONE', #1591, 0.2500000000000000000 ) ;
#663 = PRESENTATION_LAYER_ASSIGNMENT (  '', '', ( #3725 ) ) ;
#664 = CARTESIAN_POINT ( 'NONE',  ( -0.1499999999993174016, -1.299999999985923971, 87.63486387307760594 ) ) ;
#665 = CARTESIAN_POINT ( 'NONE',  ( -0.7965599999870119907, 0.2999999999999944933, 85.01499602396599187 ) ) ;
#666 = EDGE_LOOP ( 'NONE', ( #1568, #3591, #2142, #4005 ) ) ;
#667 =( NAMED_UNIT ( * ) SI_UNIT ( $, .STERADIAN. ) SOLID_ANGLE_UNIT ( ) );
#668 = DIRECTION ( 'NONE',  ( -0.000000000000000000, -0.000000000000000000, -1.000000000000000000 ) ) ;
#669 = VECTOR ( 'NONE', #2642, 1000.000000000000000 ) ;
#670 = ORIENTED_EDGE ( 'NONE', *, *, #4732, .F. ) ;
#671 = ORIENTED_EDGE ( 'NONE', *, *, #4037, .F. ) ;
#672 = B_SPLINE_CURVE_WITH_KNOTS ( 'NONE', 3,
 ( #1555, #5998, #4424, #3908 ),
 .UNSPECIFIED., .F., .F.,
 ( 4, 4 ),
 ( 2.598058642333462889E-15, 0.0001513686829084135799 ),
 .UNSPECIFIED. ) ;
#673 = CIRCLE ( 'NONE', #170, 0.3499999999999999778 ) ;
#674 = ADVANCED_FACE ( 'NONE', ( #252, #1724, #1696 ), #2116, .F. ) ;
#675 = DIRECTION ( 'NONE',  ( 0.000000000000000000, 1.000000000000000000, 0.000000000000000000 ) ) ;
#676 = CARTESIAN_POINT ( 'NONE',  ( -1.058053279324649987, -1.009999999999316111, 89.20765828885799920 ) ) ;
#677 = DIRECTION ( 'NONE',  ( -0.000000000000000000, -0.000000000000000000, -1.000000000000000000 ) ) ;
#678 = VERTEX_POINT ( 'NONE', #219 ) ;
#679 = ORIENTED_EDGE ( 'NONE', *, *, #2708, .F. ) ;
#680 = AXIS2_PLACEMENT_3D ( 'NONE', #4648, #236, #2765 ) ;
#681 = DIRECTION ( 'NONE',  ( 0.4357831908167501545, 0.000000000000000000, -0.9000516710731513159 ) ) ;
#682 = CARTESIAN_POINT ( 'NONE',  ( 0.9830339082458739997, -0.8600406414083415774, 89.35730872205034814 ) ) ;
#683 = CARTESIAN_POINT ( 'NONE',  ( -0.8149950000000130146, 0.2999999999999944933, 85.01499602396599187 ) ) ;
#684 = SURFACE_SIDE_STYLE ('',( #4460 ) ) ;
#685 =( BOUNDED_SURFACE ( )  B_SPLINE_SURFACE ( 3, 3, ( 
 ( #5197, #5679, #375, #1813 ),
 ( #5226, #5264, #841, #33 ),
 ( #3895, #1296, #1991, #5403 ),
 ( #3936, #4749, #993, #3723 ) ),
 .UNSPECIFIED., .F., .F., .T. ) 
 B_SPLINE_SURFACE_WITH_KNOTS ( ( 4, 4 ),
 ( 4, 4 ),
 ( 0.000000000000000000, 1.000000000000000000 ),
 ( 0.000000000000000000, 1.000000000000000000 ),
 .UNSPECIFIED. ) 
 GEOMETRIC_REPRESENTATION_ITEM ( )  RATIONAL_B_SPLINE_SURFACE ( (
 ( 1.000000000000000000, 0.8739081302969964327, 0.8739081302969964327, 1.000000000000000000),
 ( 0.8047378541243976890, 0.7032669534770694675, 0.7032669534770694675, 0.8047378541243976890),
 ( 0.8047378541243976890, 0.7032669534770694675, 0.7032669534770694675, 0.8047378541243976890),
 ( 1.000000000000000000, 0.8739081302969964327, 0.8739081302969964327, 1.000000000000000000) ) ) 
 REPRESENTATION_ITEM ( '' )  SURFACE ( )  );
#686 = ORIENTED_EDGE ( 'NONE', *, *, #1951, .F. ) ;
#687 = EDGE_CURVE ( 'NONE', #3788, #3336, #879, .T. ) ;
#688 = AXIS2_PLACEMENT_3D ( 'NONE', #875, #5885, #6229 ) ;
#689 = PLANE ( 'NONE',  #5796 ) ;
#690 = ORIENTED_EDGE ( 'NONE', *, *, #4571, .T. ) ;
#691 = CARTESIAN_POINT ( 'NONE',  ( -1.150000000000011902, -0.5000000000000000000, 104.2628561271959882 ) ) ;
#692 = CARTESIAN_POINT ( 'NONE',  ( 0.5500000000000000444, 0.000000000000000000, 54.32660299285757333 ) ) ;
#693 = CIRCLE ( 'NONE', #4993, 0.04999999999999998196 ) ;
#694 = CARTESIAN_POINT ( 'NONE',  ( 0.07700615524784915067, 0.09625172840279815067, 87.62754712918813027 ) ) ;
#695 =( NAMED_UNIT ( * ) PLANE_ANGLE_UNIT ( ) SI_UNIT ( $, .RADIAN. ) );
#696 = VERTEX_POINT ( 'NONE', #2211 ) ;
#697 = DIRECTION ( 'NONE',  ( 0.000000000000000000, 1.000000000000000000, 0.000000000000000000 ) ) ;
#698 = EDGE_CURVE ( 'NONE', #500, #6038, #1266, .T. ) ;
#699 = VERTEX_POINT ( 'NONE', #4116 ) ;
#700 = CIRCLE ( 'NONE', #4880, 0.1999999999999987899 ) ;
#701 = EDGE_CURVE ( 'NONE', #6053, #137, #1182, .T. ) ;
#702 = VERTEX_POINT ( 'NONE', #2630 ) ;
#703 = EDGE_CURVE ( 'NONE', #5520, #4197, #4621, .T. ) ;
#704 = EDGE_CURVE ( 'NONE', #3404, #4918, #5540, .T. ) ;
#705 = EDGE_CURVE ( 'NONE', #1047, #3498, #1632, .T. ) ;
#706 = CARTESIAN_POINT ( 'NONE',  ( 0.3999999999999835354, 0.2999999999999944933, 88.46999602396599016 ) ) ;
#707 = CARTESIAN_POINT ( 'NONE',  ( -1.082537796352492032, -1.653000000000000025, 89.56820459286780078 ) ) ;
#708 = CARTESIAN_POINT ( 'NONE',  ( 1.365099999999979996, 0.09999999999998900047, 89.36999602396599585 ) ) ;
#709 = ADVANCED_FACE ( 'NONE', ( #4151 ), #2685, .T. ) ;
#710 = CIRCLE ( 'NONE', #1831, 1.551763809020503260 ) ;
#711 = DIRECTION ( 'NONE',  ( 0.000000000000000000, 1.000000000000000000, 0.000000000000000000 ) ) ;
#712 = ORIENTED_EDGE ( 'NONE', *, *, #1175, .T. ) ;
#713 = ORIENTED_EDGE ( 'NONE', *, *, #6099, .T. ) ;
#714 = CARTESIAN_POINT ( 'NONE',  ( -1.387778780781445991E-14, 0.2999999999999944933, 90.11499602396600039 ) ) ;
#715 = DIRECTION ( 'NONE',  ( 0.000000000000000000, -1.000000000000000000, 0.000000000000000000 ) ) ;
#716 = CARTESIAN_POINT ( 'NONE',  ( 0.6982361909794951860, 1.377727649040771403E-16, 54.13341782759975729 ) ) ;
#717 = CARTESIAN_POINT ( 'NONE',  ( -0.9658719878030479489, -0.8675169449176222125, 89.38509126113687842 ) ) ;
#718 = EDGE_LOOP ( 'NONE', ( #399, #125, #4309, #2491 ) ) ;
#719 = DIRECTION ( 'NONE',  ( -0.000000000000000000, -1.000000000000000000, -0.000000000000000000 ) ) ;
#720 = DIRECTION ( 'NONE',  ( 0.000000000000000000, -1.000000000000000000, 0.000000000000000000 ) ) ;
#721 = ORIENTED_EDGE ( 'NONE', *, *, #5039, .F. ) ;
#722 = LINE ( 'NONE', #2747, #1923 ) ;
#723 = VECTOR ( 'NONE', #4280, 1000.000000000000000 ) ;
#724 = EDGE_CURVE ( 'NONE', #4939, #1531, #4625, .T. ) ;
#725 = CARTESIAN_POINT ( 'NONE',  ( 0.000000000000000000, 0.000000000000000000, 53.90471579162801419 ) ) ;
#726 = CARTESIAN_POINT ( 'NONE',  ( 0.05314293484944000029, 0.1103724534274042046, 87.62622995152131011 ) ) ;
#727 = CARTESIAN_POINT ( 'NONE',  ( 1.207978751374813475, -1.377420204572731732, 89.29421780050334689 ) ) ;
#728 = ORIENTED_EDGE ( 'NONE', *, *, #5991, .F. ) ;
#729 = ORIENTED_EDGE ( 'NONE', *, *, #5342, .F. ) ;
#730 = DIRECTION ( 'NONE',  ( 0.000000000000000000, 1.000000000000000000, 0.000000000000000000 ) ) ;
#731 = CARTESIAN_POINT ( 'NONE',  ( -0.7165600000000189596, 0.2999999999999944933, 85.09499602396600437 ) ) ;
#732 = CARTESIAN_POINT ( 'NONE',  ( 1.225269861995839538, 0.5000000000000000000, 86.79016754596376870 ) ) ;
#733 = DIRECTION ( 'NONE',  ( 0.9000516710731800707, 0.000000000000000000, -0.4357831908166904800 ) ) ;
#734 = ORIENTED_EDGE ( 'NONE', *, *, #2324, .T. ) ;
#735 = EDGE_CURVE ( 'NONE', #912, #5361, #739, .T. ) ;
#736 = ORIENTED_EDGE ( 'NONE', *, *, #2516, .F. ) ;
#737 = CARTESIAN_POINT ( 'NONE',  ( 0.8149949999999850370, 0.4500000000000060063, 84.51499602396599187 ) ) ;
#738 = CARTESIAN_POINT ( 'NONE',  ( 1.015624095026387508, -0.8675169449176353131, 89.29891808364465078 ) ) ;
#739 = CIRCLE ( 'NONE', #5132, 1.344999999999998863 ) ;
#740 = CARTESIAN_POINT ( 'NONE',  ( 0.3999999999999835354, -1.300000000000000044, 89.06999602396599869 ) ) ;
#741 = CARTESIAN_POINT ( 'NONE',  ( -0.9345460202381939974, -0.9035159339449979621, 89.43154627606860174 ) ) ;
#742 = VERTEX_POINT ( 'NONE', #6009 ) ;
#743 = ORIENTED_EDGE ( 'NONE', *, *, #2008, .F. ) ;
#744 = VECTOR ( 'NONE', #2100, 1000.000000000000000 ) ;
#745 = CARTESIAN_POINT ( 'NONE',  ( 0.8303717999999788990, 0.4500000000000060063, 85.51499602396599187 ) ) ;
#746 = DIRECTION ( 'NONE',  ( 0.000000000000000000, 1.000000000000000000, 0.000000000000000000 ) ) ;
#747 = ORIENTED_EDGE ( 'NONE', *, *, #3482, .T. ) ;
#748 = DIRECTION ( 'NONE',  ( 0.000000000000000000, 1.000000000000000000, 0.000000000000000000 ) ) ;
#749 = CIRCLE ( 'NONE', #448, 1.144999999999993356 ) ;
#750 = CIRCLE ( 'NONE', #658, 0.07999999999999674039 ) ;
#751 = DIRECTION ( 'NONE',  ( -0.8660254037790087178, 0.000000000000000000, -0.5000000000094049213 ) ) ;
#752 = DIRECTION ( 'NONE',  ( 0.000000000000000000, 0.000000000000000000, 1.000000000000000000 ) ) ;
#753 = CYLINDRICAL_SURFACE ( 'NONE', #3193, 0.5500000000000000444 ) ;
#754 = VERTEX_POINT ( 'NONE', #1749 ) ;
#755 = DIRECTION ( 'NONE',  ( 1.000000000000000000, 0.000000000000000000, 0.000000000000000000 ) ) ;
#756 = CIRCLE ( 'NONE', #5355, 0.5000000000000004441 ) ;
#757 = VECTOR ( 'NONE', #1744, 1000.000000000000114 ) ;
#758 = ORIENTED_EDGE ( 'NONE', *, *, #5238, .T. ) ;
#759 = STYLED_ITEM ( 'NONE', ( #2381 ), #3637 ) ;
#760 = DIRECTION ( 'NONE',  ( 0.000000000000000000, 1.000000000000000000, 0.000000000000000000 ) ) ;
#761 = DIRECTION ( 'NONE',  ( -0.000000000000000000, -0.000000000000000000, -1.000000000000000000 ) ) ;
#762 = VERTEX_POINT ( 'NONE', #5526 ) ;
#763 = DIRECTION ( 'NONE',  ( -0.000000000000000000, -0.000000000000000000, 1.000000000000000000 ) ) ;
#764 = DIRECTION ( 'NONE',  ( 0.000000000000000000, 0.000000000000000000, 1.000000000000000000 ) ) ;
#765 = ORIENTED_EDGE ( 'NONE', *, *, #4409, .T. ) ;
#766 = ORIENTED_EDGE ( 'NONE', *, *, #4878, .F. ) ;
#767 = AXIS2_PLACEMENT_3D ( 'NONE', #478, #4381, #4480 ) ;
#768 = CARTESIAN_POINT ( 'NONE',  ( 1.131806123070663972, -1.559999999955484995, 89.25023951304629577 ) ) ;
#769 =( LENGTH_UNIT ( ) NAMED_UNIT ( * ) SI_UNIT ( .MILLI., .METRE. ) );
#770 = CARTESIAN_POINT ( 'NONE',  ( 0.3649949999999930195, 0.2999999999999944933, 84.51499602396599187 ) ) ;
#771 = CARTESIAN_POINT ( 'NONE',  ( -0.4000000000000115130, 0.2999999999999944933, 88.46999602396599016 ) ) ;
#772 = ORIENTED_EDGE ( 'NONE', *, *, #3903, .T. ) ;
#773 = VECTOR ( 'NONE', #5338, 1000.000000000000000 ) ;
#774 = ORIENTED_EDGE ( 'NONE', *, *, #4336, .T. ) ;
#775 = ADVANCED_FACE ( 'NONE', ( #3190 ), #753, .T. ) ;
#776 = CARTESIAN_POINT ( 'NONE',  ( 0.07594818622976010070, -0.09611515493618269512, 88.02385135099449087 ) ) ;
#777 = FACE_OUTER_BOUND ( 'NONE', #4445, .T. ) ;
#778 = CARTESIAN_POINT ( 'NONE',  ( 0.8149949999999850370, 0.2999999999999944933, 85.01499602396599187 ) ) ;
#779 = VERTEX_POINT ( 'NONE', #4307 ) ;
#780 = CARTESIAN_POINT ( 'NONE',  ( 0.7649950000000599326, 0.5000000000000000000, 84.96888634640301063 ) ) ;
#781 = EDGE_CURVE ( 'NONE', #4398, #842, #6166, .T. ) ;
#782 = CARTESIAN_POINT ( 'NONE',  ( -1.180009520020479874, 0.2999999999999944933, 89.42472606815599079 ) ) ;
#783 = CARTESIAN_POINT ( 'NONE',  ( -1.219056812410344026, -0.9166290513094589310, 89.33826135646128819 ) ) ;
#784 = CARTESIAN_POINT ( 'NONE',  ( -0.5000000000062180261, 0.2999999999999944933, 90.11499602396600039 ) ) ;
#785 = EDGE_LOOP ( 'NONE', ( #5605, #671, #2540, #2925, #3114 ) ) ;
#786 = FILL_AREA_STYLE_COLOUR ( '', #5357 ) ;
#787 = CIRCLE ( 'NONE', #4363, 1.349479121017210792 ) ;
#788 = ORIENTED_EDGE ( 'NONE', *, *, #5352, .F. ) ;
#789 = VECTOR ( 'NONE', #3691, 1000.000000000000000 ) ;
#790 = CARTESIAN_POINT ( 'NONE',  ( 1.406421680905850069, 0.4500000000000060063, 87.90865094277329206 ) ) ;
#791 = CARTESIAN_POINT ( 'NONE',  ( 1.305437588828444406, 0.5000000000000061062, 86.84622993478093633 ) ) ;
#792 = ORIENTED_EDGE ( 'NONE', *, *, #5162, .F. ) ;
#793 = CARTESIAN_POINT ( 'NONE',  ( -0.4000000000000115130, 0.2999999999999944933, 88.46999602396599016 ) ) ;
#794 = DIRECTION ( 'NONE',  ( 0.000000000000000000, 0.000000000000000000, 1.000000000000000000 ) ) ;
#795 = VECTOR ( 'NONE', #2494, 1000.000000000000000 ) ;
#796 = ORIENTED_EDGE ( 'NONE', *, *, #8, .T. ) ;
#797 = VECTOR ( 'NONE', #217, 1000.000000000000000 ) ;
#798 = DIRECTION ( 'NONE',  ( -7.274188196237929560E-12, -0.000000000000000000, 1.000000000000000000 ) ) ;
#799 = CARTESIAN_POINT ( 'NONE',  ( 1.226469782819441967, -0.9448566138371140566, 89.32208014059210655 ) ) ;
#800 = CARTESIAN_POINT ( 'NONE',  ( 1.428210840461089814, 0.2999999999999944933, 87.86364835922680072 ) ) ;
#801 = CARTESIAN_POINT ( 'NONE',  ( -0.7496970850428972266, 0.4500000000000060063, 85.51499602396110333 ) ) ;
#802 = CARTESIAN_POINT ( 'NONE',  ( -1.035439225225810889, -0.8921168091084076268, 89.25896695135891434 ) ) ;
#803 = ORIENTED_EDGE ( 'NONE', *, *, #5967, .T. ) ;
#804 = ORIENTED_EDGE ( 'NONE', *, *, #4691, .F. ) ;
#805 = VECTOR ( 'NONE', #4654, 1000.000000000000000 ) ;
#806 = CARTESIAN_POINT ( 'NONE',  ( -0.7965599999400635456, 0.5000000000000059952, 84.96499602396586681 ) ) ;
#807 = ADVANCED_FACE ( 'NONE', ( #6235 ), #5895, .T. ) ;
#808 = CARTESIAN_POINT ( 'NONE',  ( -1.387778780781445991E-14, -1.300000000000000044, 90.11499602398055231 ) ) ;
#809 = FACE_OUTER_BOUND ( 'NONE', #1626, .T. ) ;
#810 = ORIENTED_EDGE ( 'NONE', *, *, #2275, .T. ) ;
#811 = CARTESIAN_POINT ( 'NONE',  ( -0.8149950000000130146, 0.2999999999999944933, 85.51499602396599187 ) ) ;
#812 = ADVANCED_FACE ( 'NONE', ( #380 ), #1523, .F. ) ;
#813 = EDGE_CURVE ( 'NONE', #1974, #1790, #5684, .T. ) ;
#814 = EDGE_CURVE ( 'NONE', #2766, #330, #1356, .T. ) ;
#815 = EDGE_CURVE ( 'NONE', #2994, #1270, #2306, .T. ) ;
#816 = PLANE ( 'NONE',  #405 ) ;
#817 = CARTESIAN_POINT ( 'NONE',  ( -1.181096467584463960, -0.8637426923872040252, 89.41345242051480113 ) ) ;
#818 = VERTEX_POINT ( 'NONE', #6301 ) ;
#819 = EDGE_CURVE ( 'NONE', #4612, #6073, #2081, .T. ) ;
#820 = ADVANCED_FACE ( 'NONE', ( #4274 ), #880, .T. ) ;
#821 =( GEOMETRIC_REPRESENTATION_CONTEXT ( 3 ) GLOBAL_UNCERTAINTY_ASSIGNED_CONTEXT ( ( #3473 ) ) GLOBAL_UNIT_ASSIGNED_CONTEXT ( ( #1221, #4188, #1242 ) ) REPRESENTATION_CONTEXT ( 'NONE', 'WORKASPACE' ) );
#822 = DIRECTION ( 'NONE',  ( -0.000000000000000000, -0.000000000000000000, 1.000000000000000000 ) ) ;
#823 = CARTESIAN_POINT ( 'NONE',  ( 1.325317721837039109, 0.5000000000000366374, 86.82388482345275804 ) ) ;
#824 = CARTESIAN_POINT ( 'NONE',  ( -1.400000000000011902, 0.4500000000000060063, 86.88953935445299237 ) ) ;
#825 = ORIENTED_EDGE ( 'NONE', *, *, #4223, .T. ) ;
#826 = CARTESIAN_POINT ( 'NONE',  ( 0.2291287847477920525, 0.5000000000000000000, 84.36499602396600039 ) ) ;
#827 = LINE ( 'NONE', #260, #2274 ) ;
#828 = CARTESIAN_POINT ( 'NONE',  ( 1.379289321881315367, 0.5000000000000126565, 87.81864577567340291 ) ) ;
#829 = ORIENTED_EDGE ( 'NONE', *, *, #5467, .T. ) ;
#830 = LINE ( 'NONE', #5185, #164 ) ;
#831 = CARTESIAN_POINT ( 'NONE',  ( 1.147797819415360188, -0.8637426923872040252, 89.47112737096549040 ) ) ;
#832 =( NAMED_UNIT ( * ) SI_UNIT ( $, .STERADIAN. ) SOLID_ANGLE_UNIT ( ) );
#833 = CARTESIAN_POINT ( 'NONE',  ( -0.7165600000725415031, 0.4500000000000060063, 85.48185893903855970 ) ) ;
#834 = CARTESIAN_POINT ( 'NONE',  ( 0.8149949999999850370, 0.4500000000000060063, 97.34421605180600068 ) ) ;
#835 = ORIENTED_EDGE ( 'NONE', *, *, #3901, .F. ) ;
#836 = VERTEX_POINT ( 'NONE', #4243 ) ;
#837 = VECTOR ( 'NONE', #1620, 1000.000000000000000 ) ;
#838 = DIRECTION ( 'NONE',  ( 0.000000000000000000, 1.000000000000000000, 0.000000000000000000 ) ) ;
#839 = DIRECTION ( 'NONE',  ( 1.000000000000000000, 0.000000000000000000, -1.217502654249357916E-09 ) ) ;
#840 = CARTESIAN_POINT ( 'NONE',  ( -0.2291287847477920525, 0.5000000000000000000, 84.36499602396600039 ) ) ;
#841 = CARTESIAN_POINT ( 'NONE',  ( 0.9456351623233230086, 0.4792893218813479850, 86.64467760541860741 ) ) ;
#842 = VERTEX_POINT ( 'NONE', #6203 ) ;
#843 = CARTESIAN_POINT ( 'NONE',  ( -1.479289321881295471, 0.5000000000000607292, 89.37792560213821957 ) ) ;
#844 = EDGE_CURVE ( 'NONE', #5161, #5939, #4011, .T. ) ;
#845 = CARTESIAN_POINT ( 'NONE',  ( -1.387778780781445991E-14, 0.2999999999999944933, 88.76999602396600153 ) ) ;
#846 = DIRECTION ( 'NONE',  ( 0.000000000000000000, 1.000000000000000000, 0.000000000000000000 ) ) ;
#847 = VERTEX_POINT ( 'NONE', #3791 ) ;
#848 = CIRCLE ( 'NONE', #4427, 0.9499999999968977704 ) ;
#849 = AXIS2_PLACEMENT_3D ( 'NONE', #2941, #4893, #3461 ) ;
#850 = CIRCLE ( 'NONE', #3006, 0.07999999999999563016 ) ;
#851 = AXIS2_PLACEMENT_3D ( 'NONE', #506, #4373, #571 ) ;
#852 = CARTESIAN_POINT ( 'NONE',  ( 0.6665600000080319498, 0.5000000000000000000, 85.43499602411479543 ) ) ;
#853 = CARTESIAN_POINT ( 'NONE',  ( 1.157497499946126496, 0.4792893218813755740, 86.71499268919161807 ) ) ;
#854 = DIRECTION ( 'NONE',  ( 0.000000000000000000, 1.000000000000000000, 0.000000000000000000 ) ) ;
#855 = DIRECTION ( 'NONE',  ( 0.000000000000000000, 1.000000000000000000, 0.000000000000000000 ) ) ;
#856 = VERTEX_POINT ( 'NONE', #2002 ) ;
#857 = CARTESIAN_POINT ( 'NONE',  ( 1.399999999999983924, 0.4500000000000060063, 87.81864577567300501 ) ) ;
#858 = DIRECTION ( 'NONE',  ( 0.000000000000000000, 1.000000000000000000, 0.000000000000000000 ) ) ;
#859 = PRODUCT_DEFINITION_FORMATION_WITH_SPECIFIED_SOURCE ( 'ANY', '', #5659, .NOT_KNOWN. ) ;
#860 = MANIFOLD_SOLID_BREP ( 'Congé1', #367 ) ;
#861 = EDGE_CURVE ( 'NONE', #544, #1496, #4105, .T. ) ;
#862 = AXIS2_PLACEMENT_3D ( 'NONE', #4802, #5187, #6220 ) ;
#863 = CARTESIAN_POINT ( 'NONE',  ( -0.7649950000000179662, 0.4500000000000060063, 86.24044602397000858 ) ) ;
#864 = CARTESIAN_POINT ( 'NONE',  ( 1.090790334477012902, -0.9447422831974823243, 89.55690910198890720 ) ) ;
#865 = CARTESIAN_POINT ( 'NONE',  ( -0.5000000000000139888, 0.2999999999999944933, 90.11499602396600039 ) ) ;
#866 = LINE ( 'NONE', #3872, #5996 ) ;
#867 = ORIENTED_EDGE ( 'NONE', *, *, #3990, .F. ) ;
#868 = ORIENTED_EDGE ( 'NONE', *, *, #3572, .F. ) ;
#869 = CIRCLE ( 'NONE', #1700, 0.04999999999999996808 ) ;
#870 = VECTOR ( 'NONE', #3860, 1000.000000000000000 ) ;
#871 = CARTESIAN_POINT ( 'NONE',  ( 0.02740700938792330413, -0.1201659607043837064, 88.02038669679903649 ) ) ;
#872 = DIRECTION ( 'NONE',  ( 0.000000000000000000, 0.000000000000000000, -1.000000000000000000 ) ) ;
#873 = CIRCLE ( 'NONE', #3433, 1.344999999999998863 ) ;
#874 = CARTESIAN_POINT ( 'NONE',  ( -1.386278588452490511E-14, -0.1224999999999999978, 87.62499602396600551 ) ) ;
#875 = CARTESIAN_POINT ( 'NONE',  ( 0.3999999999999835354, 0.2999999999999944933, 89.06999602396599869 ) ) ;
#876 = ORIENTED_EDGE ( 'NONE', *, *, #3942, .T. ) ;
#877 = DIRECTION ( 'NONE',  ( 0.000000000000000000, 0.000000000000000000, -1.000000000000000000 ) ) ;
#878 = DIRECTION ( 'NONE',  ( 0.000000000000000000, 0.000000000000000000, -1.000000000000000000 ) ) ;
#879 = B_SPLINE_CURVE_WITH_KNOTS ( 'NONE', 3,
 ( #2246, #5048, #5562, #1212 ),
 .UNSPECIFIED., .F., .F.,
 ( 4, 4 ),
 ( 5.258208912374177180E-15, 0.0001513686829781213286 ),
 .UNSPECIFIED. ) ;
#880 = CYLINDRICAL_SURFACE ( 'NONE', #5837, 0.04999999999999449329 ) ;
#881 = ORIENTED_EDGE ( 'NONE', *, *, #2125, .T. ) ;
#882 =( BOUNDED_CURVE ( )  B_SPLINE_CURVE ( 3, ( #5379, #5890, #4420, #5407 ),
 .UNSPECIFIED., .F., .T. ) 
 B_SPLINE_CURVE_WITH_KNOTS ( ( 4, 4 ),
 ( 0.000000000000000000, 0.8875680034451495226 ),
 .UNSPECIFIED. ) 
 CURVE ( )  GEOMETRIC_REPRESENTATION_ITEM ( )  RATIONAL_B_SPLINE_CURVE ( ( 1.000000000000000000, 0.9354222893231469715, 0.9354222893231469715, 1.000000000000000000 ) ) 
 REPRESENTATION_ITEM ( '' )  );
#883 = ORIENTED_EDGE ( 'NONE', *, *, #2847, .F. ) ;
#884 = EDGE_CURVE ( 'NONE', #4964, #5593, #1786, .T. ) ;
#885 = CARTESIAN_POINT ( 'NONE',  ( -0.7965599999670699427, 0.4887769361334169949, 85.53343102398170572 ) ) ;
#886 = LINE ( 'NONE', #1240, #166 ) ;
#887 = CARTESIAN_POINT ( 'NONE',  ( -0.1268353201387822093, -0.9299200301873529195, 87.63204268504330230 ) ) ;
#888 = CARTESIAN_POINT ( 'NONE',  ( 0.3354101966249884992, 0.2999999999999944933, 88.76999602396600153 ) ) ;
#889 = ORIENTED_EDGE ( 'NONE', *, *, #210, .T. ) ;
#890 = LINE ( 'NONE', #5245, #5865 ) ;
#891 = DIRECTION ( 'NONE',  ( 1.000000000000000000, 0.000000000000000000, 0.000000000000000000 ) ) ;
#892 = CIRCLE ( 'NONE', #1406, 1.349479121039998120 ) ;
#893 = CARTESIAN_POINT ( 'NONE',  ( 0.7965599999999879444, 0.4500000000000060063, 85.09499602396600437 ) ) ;
#894 = EDGE_CURVE ( 'NONE', #5950, #1052, #2652, .T. ) ;
#895 = EDGE_CURVE ( 'NONE', #2986, #5835, #1656, .T. ) ;
#896 = ADVANCED_FACE ( 'NONE', ( #619 ), #1137, .T. ) ;
#897 = EDGE_CURVE ( 'NONE', #5520, #5925, #2422, .T. ) ;
#898 = ADVANCED_FACE ( 'NONE', ( #82 ), #2036, .T. ) ;
#899 = FACE_OUTER_BOUND ( 'NONE', #4486, .T. ) ;
#900 = CARTESIAN_POINT ( 'NONE',  ( 1.122783513976155945, -0.8830667002820700162, 89.51052433587811663 ) ) ;
#901 = CARTESIAN_POINT ( 'NONE',  ( 0.8149949999999850370, -0.2500000000000000000, 85.51499602396599187 ) ) ;
#902 = AXIS2_PLACEMENT_3D ( 'NONE', #4114, #5558, #1747 ) ;
#903 = CARTESIAN_POINT ( 'NONE',  ( -0.7165600000000188485, 0.4500000000000060063, 85.43499602408979854 ) ) ;
#904 = CARTESIAN_POINT ( 'NONE',  ( 0.1499999999992896182, -1.473328650837019804, 87.57807460801872423 ) ) ;
#905 = ORIENTED_EDGE ( 'NONE', *, *, #4870, .F. ) ;
#906 = VERTEX_POINT ( 'NONE', #1652 ) ;
#907 = EDGE_CURVE ( 'NONE', #2105, #5299, #1497, .T. ) ;
#908 = VECTOR ( 'NONE', #5797, 1000.000000000000000 ) ;
#909 = CARTESIAN_POINT ( 'NONE',  ( -0.6958493218813098791, 0.5000000000001016964, 85.09499602396600437 ) ) ;
#910 = CARTESIAN_POINT ( 'NONE',  ( -0.3103994648601114958, 0.5000000000000000000, 84.36499602396600039 ) ) ;
#911 = DIRECTION ( 'NONE',  ( -0.000000000000000000, -0.000000000000000000, 1.000000000000000000 ) ) ;
#912 = VERTEX_POINT ( 'NONE', #5513 ) ;
#913 = SURFACE_STYLE_USAGE ( .BOTH. , #337 ) ;
#914 = CONICAL_SURFACE ( 'NONE', #1220, 1.345000000023896636, 0.3490658506378628845 ) ;
#915 = CARTESIAN_POINT ( 'NONE',  ( -0.7942843218829783725, 0.5000000000000814904, 86.47291838042514200 ) ) ;
#916 = CARTESIAN_POINT ( 'NONE',  ( -1.365099999999999980, 0.2999999999999944933, 87.96999602396599016 ) ) ;
#917 = VERTEX_POINT ( 'NONE', #3504 ) ;
#918 = ORIENTED_EDGE ( 'NONE', *, *, #1540, .T. ) ;
#919 = EDGE_CURVE ( 'NONE', #6124, #220, #4928, .T. ) ;
#920 = DIRECTION ( 'NONE',  ( 0.000000000000000000, 0.000000000000000000, 1.000000000000000000 ) ) ;
#921 = CARTESIAN_POINT ( 'NONE',  ( -0.05403945361942549819, -0.1099362881514520107, 88.02194539904290593 ) ) ;
#922 = DIRECTION ( 'NONE',  ( -1.000000000000000000, 0.000000000000000000, 0.000000000000000000 ) ) ;
#923 = FACE_OUTER_BOUND ( 'NONE', #1729, .T. ) ;
#924 = CARTESIAN_POINT ( 'NONE',  ( -1.428210840459134046, 0.4792893218815622580, 87.86364835922564964 ) ) ;
#925 = CARTESIAN_POINT ( 'NONE',  ( 0.7965599999850140334, 0.4887769361334169949, 84.99656102395029222 ) ) ;
#926 = CARTESIAN_POINT ( 'NONE',  ( 1.400000000000370282, 0.4500000000000060063, 87.83835722666509582 ) ) ;
#927 =( GEOMETRIC_REPRESENTATION_CONTEXT ( 3 ) GLOBAL_UNCERTAINTY_ASSIGNED_CONTEXT ( ( #2529 ) ) GLOBAL_UNIT_ASSIGNED_CONTEXT ( ( #1948, #1862, #1919 ) ) REPRESENTATION_CONTEXT ( 'NONE', 'WORKASPACE' ) );
#928 = ADVANCED_FACE ( 'NONE', ( #5447 ), #4493, .T. ) ;
#929 = DIRECTION ( 'NONE',  ( 0.000000000000000000, 0.000000000000000000, 1.000000000000000000 ) ) ;
#930 = CARTESIAN_POINT ( 'NONE',  ( -0.7649950000000179662, 0.4500000000000060063, 71.42083586284699948 ) ) ;
#931 = LINE ( 'NONE', #73, #1268 ) ;
#932 = CARTESIAN_POINT ( 'NONE',  ( 0.000000000000000000, 0.000000000000000000, 42.45641738020330536 ) ) ;
#933 = CARTESIAN_POINT ( 'NONE',  ( 1.499999999999988010, 0.2999999999999944933, 87.89840692922399512 ) ) ;
#934 = VERTEX_POINT ( 'NONE', #1590 ) ;
#935 = VERTEX_POINT ( 'NONE', #1107 ) ;
#936 = EDGE_CURVE ( 'NONE', #5279, #40, #3207, .T. ) ;
#937 = CARTESIAN_POINT ( 'NONE',  ( -1.449528768078362617, 0.4999977793554571948, 87.92975050800498593 ) ) ;
#938 = CARTESIAN_POINT ( 'NONE',  ( -1.378593929787878720E-14, -1.350000000000018074, 88.01999602396909950 ) ) ;
#939 = CARTESIAN_POINT ( 'NONE',  ( -1.200000000000103872, 0.2999999999999944933, 87.82609174467479818 ) ) ;
#940 = DIRECTION ( 'NONE',  ( 0.000000000000000000, 0.000000000000000000, 1.000000000000000000 ) ) ;
#941 =( NAMED_UNIT ( * ) SI_UNIT ( $, .STERADIAN. ) SOLID_ANGLE_UNIT ( ) );
#942 = FACE_OUTER_BOUND ( 'NONE', #718, .T. ) ;
#943 = ORIENTED_EDGE ( 'NONE', *, *, #6033, .T. ) ;
#944 = EDGE_LOOP ( 'NONE', ( #1818, #628, #1743, #1881 ) ) ;
#945 = ORIENTED_EDGE ( 'NONE', *, *, #1442, .F. ) ;
#946 = DIRECTION ( 'NONE',  ( -0.000000000000000000, -1.000000000000000000, -0.000000000000000000 ) ) ;
#947 = CIRCLE ( 'NONE', #3809, 1.344999999999998863 ) ;
#948 = CARTESIAN_POINT ( 'NONE',  ( 0.05331023142851640945, -0.1111341630801609831, 87.62616498143228227 ) ) ;
#949 = CARTESIAN_POINT ( 'NONE',  ( -0.06517108889564315888, -0.8738701407585429681, 87.62674339645128896 ) ) ;
#950 = DIRECTION ( 'NONE',  ( -0.000000000000000000, -1.000000000000000000, -0.000000000000000000 ) ) ;
#951 = CARTESIAN_POINT ( 'NONE',  ( -1.400000000001732303, 0.4792893218815622025, 87.83835722666992751 ) ) ;
#952 = PLANE ( 'NONE',  #4744 ) ;
#953 = CIRCLE ( 'NONE', #4129, 0.5500000000000000444 ) ;
#954 = FACE_OUTER_BOUND ( 'NONE', #5227, .T. ) ;
#955 = DIRECTION ( 'NONE',  ( 0.000000000000000000, -1.000000000000000000, 0.000000000000000000 ) ) ;
#956 = SURFACE_STYLE_USAGE ( .BOTH. , #453 ) ;
#957 = CIRCLE ( 'NONE', #660, 0.05000000000000002359 ) ;
#958 = DIRECTION ( 'NONE',  ( -9.769962616701416999E-15, 0.000000000000000000, -1.000000000000000000 ) ) ;
#959 = CARTESIAN_POINT ( 'NONE',  ( -1.058053279317100026, -1.299999999979734033, 89.20765828885379278 ) ) ;
#960 = ORIENTED_EDGE ( 'NONE', *, *, #4690, .F. ) ;
#961 = ORIENTED_EDGE ( 'NONE', *, *, #2424, .T. ) ;
#962 = VECTOR ( 'NONE', #2951, 1000.000000000000000 ) ;
#963 = AXIS2_PLACEMENT_3D ( 'NONE', #4751, #1815, #5801 ) ;
#964 = CARTESIAN_POINT ( 'NONE',  ( -1.499999999999999556, 0.4499999999999978462, 87.92975050800497172 ) ) ;
#965 = LINE ( 'NONE', #79, #4423 ) ;
#966 = CIRCLE ( 'NONE', #4891, 0.9499999999968977704 ) ;
#967 = SURFACE_SIDE_STYLE ('',( #1448 ) ) ;
#968 = EDGE_CURVE ( 'NONE', #4532, #2085, #1806, .T. ) ;
#969 = CARTESIAN_POINT ( 'NONE',  ( -1.231385180811257252, -0.9763088208505710242, 89.31105636433807149 ) ) ;
#970 = AXIS2_PLACEMENT_3D ( 'NONE', #2412, #1924, #3391 ) ;
#971 = ORIENTED_EDGE ( 'NONE', *, *, #976, .F. ) ;
#972 = EDGE_CURVE ( 'NONE', #1365, #4231, #2330, .T. ) ;
#973 = EDGE_CURVE ( 'NONE', #5299, #3759, #3714, .T. ) ;
#974 = EDGE_CURVE ( 'NONE', #5361, #2638, #2726, .T. ) ;
#975 = AXIS2_PLACEMENT_3D ( 'NONE', #4985, #6071, #602 ) ;
#976 = EDGE_CURVE ( 'NONE', #934, #1734, #4248, .T. ) ;
#977 = CARTESIAN_POINT ( 'NONE',  ( -0.2500000000000139888, -1.300000000000000044, 88.46999602396599016 ) ) ;
#978 = CARTESIAN_POINT ( 'NONE',  ( -0.1201730444645409401, -0.02739773403982571562, 87.63131879002082769 ) ) ;
#979 = ORIENTED_EDGE ( 'NONE', *, *, #2882, .F. ) ;
#980 = ORIENTED_EDGE ( 'NONE', *, *, #5282, .T. ) ;
#981 = AXIS2_PLACEMENT_3D ( 'NONE', #5067, #4048, #4591 ) ;
#982 = ORIENTED_EDGE ( 'NONE', *, *, #155, .T. ) ;
#983 = CARTESIAN_POINT ( 'NONE',  ( -0.3103994648601114958, 0.5000000000000000000, 84.36499602396600039 ) ) ;
#984 = CARTESIAN_POINT ( 'NONE',  ( -1.386278588452490511E-14, -0.1224999999999999978, 87.62499602396600551 ) ) ;
#985 = DIRECTION ( 'NONE',  ( -0.000000000000000000, -0.000000000000000000, 1.000000000000000000 ) ) ;
#986 = LINE ( 'NONE', #1405, #4733 ) ;
#987 = SURFACE_SIDE_STYLE ('',( #5331 ) ) ;
#988 = CARTESIAN_POINT ( 'NONE',  ( 0.7204077632682817089, 0.5000000000000061062, 84.96499602397386752 ) ) ;
#989 = EDGE_CURVE ( 'NONE', #3750, #302, #2737, .T. ) ;
#990 = PLANE ( 'NONE',  #1797 ) ;
#991 = PLANE ( 'NONE',  #849 ) ;
#992 = DIRECTION ( 'NONE',  ( 0.000000000000000000, 0.000000000000000000, -1.000000000000000000 ) ) ;
#993 = CARTESIAN_POINT ( 'NONE',  ( 0.9086991785556629564, 0.5000000000000059952, 86.68510076356385241 ) ) ;
#994 = FACE_OUTER_BOUND ( 'NONE', #2459, .T. ) ;
#995 = DIRECTION ( 'NONE',  ( 0.000000000000000000, 1.000000000000000000, 0.000000000000000000 ) ) ;
#996 = ORIENTED_EDGE ( 'NONE', *, *, #2810, .F. ) ;
#997 = ORIENTED_EDGE ( 'NONE', *, *, #1247, .T. ) ;
#998 = AXIS2_PLACEMENT_3D ( 'NONE', #6042, #6132, #3692 ) ;
#999 = DIRECTION ( 'NONE',  ( -0.3149950000092105462, 2.200930410145590914E-13, 0.9490933304839928031 ) ) ;
#1000 = LINE ( 'NONE', #3537, #4936 ) ;
#1001 = CARTESIAN_POINT ( 'NONE',  ( -1.500000000000000000, 0.2999999999999944933, 87.96999602396599016 ) ) ;
#1002 = CARTESIAN_POINT ( 'NONE',  ( 0.8149949999999850370, 0.2999999999999944933, 85.51499602396599187 ) ) ;
#1003 = ORIENTED_EDGE ( 'NONE', *, *, #1246, .F. ) ;
#1004 = VECTOR ( 'NONE', #1756, 1000.000000000000000 ) ;
#1005 = MECHANICAL_DESIGN_GEOMETRIC_PRESENTATION_REPRESENTATION (  '', ( #4488 ), #2561 ) ;
#1006 = CARTESIAN_POINT ( 'NONE',  ( -0.5270000000000140128, 0.2999999999999944933, 88.76999602396600153 ) ) ;
#1007 = CARTESIAN_POINT ( 'NONE',  ( -1.386278588452490511E-14, -0.1224999999999999978, 87.62499602396600551 ) ) ;
#1008 = EDGE_CURVE ( 'NONE', #2206, #169, #5881, .T. ) ;
#1009 = ORIENTED_EDGE ( 'NONE', *, *, #5705, .T. ) ;
#1010 = EDGE_CURVE ( 'NONE', #5412, #5611, #1287, .T. ) ;
#1011 = DIRECTION ( 'NONE',  ( -1.000000000000000000, 1.224646799147353454E-16, 0.000000000000000000 ) ) ;
#1012 = VERTEX_POINT ( 'NONE', #1318 ) ;
#1013 = ORIENTED_EDGE ( 'NONE', *, *, #1963, .T. ) ;
#1014 = VECTOR ( 'NONE', #1391, 1000.000000000000000 ) ;
#1015 = EDGE_CURVE ( 'NONE', #5551, #2855, #1226, .T. ) ;
#1016 = CARTESIAN_POINT ( 'NONE',  ( 0.7649950000000860229, 0.5000000000000001110, 86.29742187873677040 ) ) ;
#1017 = ADVANCED_FACE ( 'NONE', ( #4711 ), #5700, .T. ) ;
#1018 = DIRECTION ( 'NONE',  ( 0.000000000000000000, 0.000000000000000000, -1.000000000000000000 ) ) ;
#1019 = PLANE ( 'NONE',  #2611 ) ;
#1020 = ORIENTED_EDGE ( 'NONE', *, *, #1561, .F. ) ;
#1021 = FILL_AREA_STYLE ('',( #5397 ) ) ;
#1022 = CARTESIAN_POINT ( 'NONE',  ( 1.489160817022158634, 0.5002758878798118092, 87.91645071658693666 ) ) ;
#1023 = CARTESIAN_POINT ( 'NONE',  ( 0.3999999999999835354, 0.2999999999999944933, 88.46999602396599016 ) ) ;
#1024 = ORIENTED_EDGE ( 'NONE', *, *, #5342, .T. ) ;
#1025 = VECTOR ( 'NONE', #4203, 1000.000000000000000 ) ;
#1026 = FACE_OUTER_BOUND ( 'NONE', #2832, .T. ) ;
#1027 = CARTESIAN_POINT ( 'NONE',  ( -1.500000000000000000, 0.2999999999999944933, 87.92975050800500014 ) ) ;
#1028 = CARTESIAN_POINT ( 'NONE',  ( 0.8149949999999850370, 0.2999999999999944933, 85.51499602396599187 ) ) ;
#1029 = PLANE ( 'NONE',  #688 ) ;
#1030 = CARTESIAN_POINT ( 'NONE',  ( 1.499999999999988010, 0.2999999999999944933, 89.36999602396599585 ) ) ;
#1031 = ORIENTED_EDGE ( 'NONE', *, *, #429, .T. ) ;
#1032 = ORIENTED_EDGE ( 'NONE', *, *, #4448, .T. ) ;
#1033 = AXIS2_PLACEMENT_3D ( 'NONE', #6231, #5740, #1450 ) ;
#1034 = CARTESIAN_POINT ( 'NONE',  ( 1.141747749994926009, 0.4500000000000060063, 86.76244735573220623 ) ) ;
#1035 = CARTESIAN_POINT ( 'NONE',  ( -1.387778780781445991E-14, 0.000000000000000000, 87.81999602396899718 ) ) ;
#1036 = FACE_OUTER_BOUND ( 'NONE', #5325, .T. ) ;
#1037 = FACE_OUTER_BOUND ( 'NONE', #1330, .T. ) ;
#1038 = PRESENTATION_STYLE_ASSIGNMENT (( #6032 ) ) ;
#1039 = UNCERTAINTY_MEASURE_WITH_UNIT (LENGTH_MEASURE( 1.000000000000000082E-05 ), #2474, 'distance_accuracy_value', 'NONE');
#1040 = ORIENTED_EDGE ( 'NONE', *, *, #3056, .F. ) ;
#1041 = EDGE_CURVE ( 'NONE', #3953, #5037, #5134, .T. ) ;
#1042 = DIRECTION ( 'NONE',  ( -0.000000000000000000, -0.000000000000000000, 1.000000000000000000 ) ) ;
#1043 = CARTESIAN_POINT ( 'NONE',  ( 0.7067735684292888454, 0.5000000000000000000, 84.98345905424794466 ) ) ;
#1044 = VERTEX_POINT ( 'NONE', #5255 ) ;
#1045 = EDGE_LOOP ( 'NONE', ( #2669, #6010, #5313, #2224, #331 ) ) ;
#1046 = ORIENTED_EDGE ( 'NONE', *, *, #2554, .F. ) ;
#1047 = VERTEX_POINT ( 'NONE', #421 ) ;
#1048 = EDGE_CURVE ( 'NONE', #5537, #3511, #2878, .T. ) ;
#1049 = FACE_OUTER_BOUND ( 'NONE', #5482, .T. ) ;
#1050 = CARTESIAN_POINT ( 'NONE',  ( -0.1224364448944079281, 0.01422249504360913706, 88.03005075773207011 ) ) ;
#1051 = PLANE ( 'NONE',  #5047 ) ;
#1052 = VERTEX_POINT ( 'NONE', #4804 ) ;
#1053 = CARTESIAN_POINT ( 'NONE',  ( -1.141747749996702144, 0.5000000000000000000, 86.76244735573260414 ) ) ;
#1054 = CARTESIAN_POINT ( 'NONE',  ( 1.471789159540815684, 0.4499999999999976796, 87.88474792445134653 ) ) ;
#1055 = CARTESIAN_POINT ( 'NONE',  ( 0.7965599999894384942, 0.5000000000000873746, 84.99428534584728823 ) ) ;
#1056 = VERTEX_POINT ( 'NONE', #1439 ) ;
#1057 =( BOUNDED_CURVE ( )  B_SPLINE_CURVE ( 3, ( #2977, #1545, #2548, #4960 ),
 .UNSPECIFIED., .F., .T. ) 
 B_SPLINE_CURVE_WITH_KNOTS ( ( 4, 4 ),
 ( 4.712388980386221782, 6.283185307179586232 ),
 .UNSPECIFIED. ) 
 CURVE ( )  GEOMETRIC_REPRESENTATION_ITEM ( )  RATIONAL_B_SPLINE_CURVE ( ( 1.000000000000000000, 0.8047378541247260930, 0.8047378541247260930, 1.000000000000000000 ) ) 
 REPRESENTATION_ITEM ( '' )  );
#1058 = VERTEX_POINT ( 'NONE', #959 ) ;
#1059 =( GEOMETRIC_REPRESENTATION_CONTEXT ( 3 ) GLOBAL_UNCERTAINTY_ASSIGNED_CONTEXT ( ( #4635 ) ) GLOBAL_UNIT_ASSIGNED_CONTEXT ( ( #5607, #5509, #2166 ) ) REPRESENTATION_CONTEXT ( 'NONE', 'WORKASPACE' ) );
#1060 = DIRECTION ( 'NONE',  ( 0.000000000000000000, 0.000000000000000000, 1.000000000000000000 ) ) ;
#1061 = LINE ( 'NONE', #3011, #2098 ) ;
#1062 = CARTESIAN_POINT ( 'NONE',  ( -1.387778780781445991E-14, 0.000000000000000000, 86.51999602396600153 ) ) ;
#1063 = LINE ( 'NONE', #613, #3343 ) ;
#1064 = DIRECTION ( 'NONE',  ( -0.000000000000000000, -0.000000000000000000, 1.000000000000000000 ) ) ;
#1065 = ORIENTED_EDGE ( 'NONE', *, *, #84, .F. ) ;
#1066 = VERTEX_POINT ( 'NONE', #2383 ) ;
#1067 = AXIS2_PLACEMENT_3D ( 'NONE', #2092, #5501, #3170 ) ;
#1068 = CARTESIAN_POINT ( 'NONE',  ( 1.399999999999983924, 0.2999999999999944933, 87.84998935445300106 ) ) ;
#1069 = PLANE ( 'NONE',  #3213 ) ;
#1070 = CARTESIAN_POINT ( 'NONE',  ( -1.082537796350937942, -1.009999999999316111, 89.56820459287000347 ) ) ;
#1071 = CARTESIAN_POINT ( 'NONE',  ( 0.7965599999555369459, 0.4887769361553159220, 85.53343102400589260 ) ) ;
#1072 = COLOUR_RGB ( '',0.000000000000000000, 0.000000000000000000, 0.000000000000000000 ) ;
#1073 = VERTEX_POINT ( 'NONE', #3395 ) ;
#1074 = AXIS2_PLACEMENT_3D ( 'NONE', #5308, #1341, #4285 ) ;
#1075 = B_SPLINE_CURVE_WITH_KNOTS ( 'NONE', 3,
 ( #3353, #3290, #4727, #3797, #949, #385, #5277, #4761, #4250, #887, #2312, #2344, #411, #1370, #6241, #2404 ),
 .UNSPECIFIED., .F., .F.,
 ( 4, 3, 3, 3, 3, 4 ),
 ( 0.0002345756464664171508, 0.0002847028433509796131, 0.0003348120525975028833, 0.0003851915535193460322, 0.0004357662741965702630, 0.0004691540659418728400 ),
 .UNSPECIFIED. ) ;
#1076 = CARTESIAN_POINT ( 'NONE',  ( 0.2499999999999865108, -1.300000000000000044, 88.46999602396599016 ) ) ;
#1077 = ORIENTED_EDGE ( 'NONE', *, *, #3282, .F. ) ;
#1078 = ORIENTED_EDGE ( 'NONE', *, *, #6034, .T. ) ;
#1079 = EDGE_LOOP ( 'NONE', ( #3083, #2230, #4568, #971 ) ) ;
#1080 = TOROIDAL_SURFACE ( 'NONE', #2003, 1.250000000000000222, 0.2000000000000000111 ) ;
#1081 = ORIENTED_EDGE ( 'NONE', *, *, #1360, .T. ) ;
#1082 = FACE_OUTER_BOUND ( 'NONE', #263, .T. ) ;
#1083 = CARTESIAN_POINT ( 'NONE',  ( 0.1103737234330187944, 0.05314029709671540258, 87.63032824729789638 ) ) ;
#1084 = DIRECTION ( 'NONE',  ( 0.000000000000000000, -1.000000000000000000, 0.000000000000000000 ) ) ;
#1085 = ORIENTED_EDGE ( 'NONE', *, *, #5432, .T. ) ;
#1086 = DIRECTION ( 'NONE',  ( -1.000000000000000000, 0.000000000000000000, 0.000000000000000000 ) ) ;
#1087 = PLANE ( 'NONE',  #5392 ) ;
#1088 = DIRECTION ( 'NONE',  ( 1.000000000000000000, 0.000000000000000000, 0.000000000000000000 ) ) ;
#1089 = VECTOR ( 'NONE', #6286, 1000.000000000000000 ) ;
#1090 = ORIENTED_EDGE ( 'NONE', *, *, #2543, .F. ) ;
#1091 = EDGE_CURVE ( 'NONE', #847, #1066, #4289, .T. ) ;
#1092 = ORIENTED_EDGE ( 'NONE', *, *, #4255, .F. ) ;
#1093 = CARTESIAN_POINT ( 'NONE',  ( -0.7877288329587044391, 0.4959656368125395787, 85.54265591649766520 ) ) ;
#1094 = LINE ( 'NONE', #3649, #2201 ) ;
#1095 = DIRECTION ( 'NONE',  ( 1.000000000000000000, 0.000000000000000000, 0.000000000000000000 ) ) ;
#1096 = LINE ( 'NONE', #1513, #5150 ) ;
#1097 = ORIENTED_EDGE ( 'NONE', *, *, #3285, .F. ) ;
#1098 = EDGE_CURVE ( 'NONE', #5641, #5151, #1608, .T. ) ;
#1099 = ORIENTED_EDGE ( 'NONE', *, *, #2528, .F. ) ;
#1100 = ADVANCED_FACE ( 'NONE', ( #3367 ), #5312, .T. ) ;
#1101 = EDGE_CURVE ( 'NONE', #5611, #1912, #6319, .T. ) ;
#1102 =( BOUNDED_CURVE ( )  B_SPLINE_CURVE ( 3, ( #3246, #2890, #2773, #3726 ),
 .UNSPECIFIED., .F., .F. ) 
 B_SPLINE_CURVE_WITH_KNOTS ( ( 4, 4 ),
 ( 1.570796326794896558, 1.982269529700860788 ),
 .UNSPECIFIED. ) 
 CURVE ( )  GEOMETRIC_REPRESENTATION_ITEM ( )  RATIONAL_B_SPLINE_CURVE ( ( 1.000000000000000000, 0.9859405140380164134, 0.9859405140380164134, 1.000000000000000000 ) ) 
 REPRESENTATION_ITEM ( '' )  );
#1103 = EDGE_CURVE ( 'NONE', #1073, #3541, #4354, .T. ) ;
#1104 = DIRECTION ( 'NONE',  ( 0.000000000000000000, 1.000000000000000000, 0.000000000000000000 ) ) ;
#1105 = DIRECTION ( 'NONE',  ( -1.000000000000000000, 0.000000000000000000, 0.000000000000000000 ) ) ;
#1106 = CARTESIAN_POINT ( 'NONE',  ( -1.150000000000011902, -0.5000000000000000000, 87.84999999999999432 ) ) ;
#1107 = CARTESIAN_POINT ( 'NONE',  ( 0.7649950000000459438, 0.5000000000000000000, 86.24044602396620007 ) ) ;
#1108 = VECTOR ( 'NONE', #4238, 1000.000000000000000 ) ;
#1109 = ADVANCED_FACE ( 'NONE', ( #2853 ), #1414, .F. ) ;
#1110 = VERTEX_POINT ( 'NONE', #397 ) ;
#1111 = AXIS2_PLACEMENT_3D ( 'NONE', #2682, #748, #5102 ) ;
#1112 = CARTESIAN_POINT ( 'NONE',  ( 1.218338669593077794, -0.7429452348420854113, 87.83486241070723111 ) ) ;
#1113 = CARTESIAN_POINT ( 'NONE',  ( -0.04041731638244894925, 0.1156403499494862014, 87.62570959105839563 ) ) ;
#1114 = ORIENTED_EDGE ( 'NONE', *, *, #3200, .T. ) ;
#1115 = ORIENTED_EDGE ( 'NONE', *, *, #4379, .F. ) ;
#1116 = VECTOR ( 'NONE', #4400, 1000.000000000000000 ) ;
#1117 = ORIENTED_EDGE ( 'NONE', *, *, #2165, .T. ) ;
#1118 = DIRECTION ( 'NONE',  ( -0.000000000000000000, -1.000000000000000000, -0.000000000000000000 ) ) ;
#1119 =( LENGTH_UNIT ( ) NAMED_UNIT ( * ) SI_UNIT ( .MILLI., .METRE. ) );
#1120 = CARTESIAN_POINT ( 'NONE',  ( 0.1499999999991924182, -1.559999999971585005, 87.54970142468378924 ) ) ;
#1121 = ORIENTED_EDGE ( 'NONE', *, *, #3167, .F. ) ;
#1122 = CARTESIAN_POINT ( 'NONE',  ( -1.387778780781445991E-14, 0.000000000000000000, 89.24499602396599585 ) ) ;
#1123 = CARTESIAN_POINT ( 'NONE',  ( 1.507904352227938283, 0.4794509332595947027, 87.92552588175986727 ) ) ;
#1124 = CARTESIAN_POINT ( 'NONE',  ( -1.236441097765009989, -1.560000000000000053, 89.31065054385601343 ) ) ;
#1125 = ORIENTED_EDGE ( 'NONE', *, *, #2856, .F. ) ;
#1126 = ORIENTED_EDGE ( 'NONE', *, *, #4692, .F. ) ;
#1127 = CARTESIAN_POINT ( 'NONE',  ( -0.1462576302426325803, -0.9767027689492060460, 87.43297182613119389 ) ) ;
#1128 = DIRECTION ( 'NONE',  ( -0.000000000000000000, 1.000000000000000000, -0.000000000000000000 ) ) ;
#1129 = CARTESIAN_POINT ( 'NONE',  ( -1.200000000000047917, 0.2999999999999944933, 87.82609174467489765 ) ) ;
#1130 =( NAMED_UNIT ( * ) SI_UNIT ( $, .STERADIAN. ) SOLID_ANGLE_UNIT ( ) );
#1131 = EDGE_LOOP ( 'NONE', ( #788, #3076, #2581, #1196 ) ) ;
#1132 = ORIENTED_EDGE ( 'NONE', *, *, #1952, .T. ) ;
#1133 = EDGE_CURVE ( 'NONE', #5835, #19, #1475, .T. ) ;
#1134 = DIRECTION ( 'NONE',  ( 1.000000000000000000, 0.000000000000000000, 0.000000000000000000 ) ) ;
#1135 = FACE_OUTER_BOUND ( 'NONE', #2073, .T. ) ;
#1136 = CARTESIAN_POINT ( 'NONE',  ( 0.3354101966249745104, 0.2999999999999944933, 85.51499602396599187 ) ) ;
#1137 = CYLINDRICAL_SURFACE ( 'NONE', #3135, 1.699999999999999956 ) ;
#1138 =( BOUNDED_CURVE ( )  B_SPLINE_CURVE ( 3, ( #5483, #2425, #1112, #3060 ),
 .UNSPECIFIED., .F., .T. ) 
 B_SPLINE_CURVE_WITH_KNOTS ( ( 4, 4 ),
 ( 4.712388980384538684, 5.123861051530777644 ),
 .UNSPECIFIED. ) 
 CURVE ( )  GEOMETRIC_REPRESENTATION_ITEM ( )  RATIONAL_B_SPLINE_CURVE ( ( 1.000000000000000000, 0.9859405911063287009, 0.9859405911063287009, 1.000000000000000000 ) ) 
 REPRESENTATION_ITEM ( '' )  );
#1139 = ORIENTED_EDGE ( 'NONE', *, *, #4099, .T. ) ;
#1140 = AXIS2_PLACEMENT_3D ( 'NONE', #3701, #3197, #354 ) ;
#1141 = DIRECTION ( 'NONE',  ( 0.000000000000000000, 0.000000000000000000, 1.000000000000000000 ) ) ;
#1142 = CARTESIAN_POINT ( 'NONE',  ( -1.371520977750346981, 0.5000000000000000000, 87.89175286872281845 ) ) ;
#1143 = ORIENTED_EDGE ( 'NONE', *, *, #6023, .F. ) ;
#1144 = DIRECTION ( 'NONE',  ( 0.000000000000000000, 0.000000000000000000, 1.000000000000000000 ) ) ;
#1145 = VERTEX_POINT ( 'NONE', #1959 ) ;
#1146 = CARTESIAN_POINT ( 'NONE',  ( -1.200000000000019940, -0.5500000000000000444, 87.82609174467499713 ) ) ;
#1147 = CARTESIAN_POINT ( 'NONE',  ( -0.3354101966250024880, 0.2999999999999944933, 85.41999602396599300 ) ) ;
#1148 = ORIENTED_EDGE ( 'NONE', *, *, #2974, .T. ) ;
#1149 = CARTESIAN_POINT ( 'NONE',  ( 1.471789159540811465, 0.4500000000000033418, 87.88474792445134653 ) ) ;
#1150 = VERTEX_POINT ( 'NONE', #3897 ) ;
#1151 = ORIENTED_EDGE ( 'NONE', *, *, #703, .T. ) ;
#1152 = CARTESIAN_POINT ( 'NONE',  ( -1.500000000000000666, 0.4795086677747475434, 87.91246473063009148 ) ) ;
#1153 = CARTESIAN_POINT ( 'NONE',  ( 1.399999999999983924, 0.2999999999999944933, 86.90000000000000568 ) ) ;
#1154 = CARTESIAN_POINT ( 'NONE',  ( 1.349999999999962119, 0.5000000000000000000, 86.90669664197800159 ) ) ;
#1155 = DIRECTION ( 'NONE',  ( 0.000000000000000000, 1.000000000000000000, 0.000000000000000000 ) ) ;
#1156 = FILL_AREA_STYLE_COLOUR ( '', #3818 ) ;
#1157 = ORIENTED_EDGE ( 'NONE', *, *, #2359, .T. ) ;
#1158 = VERTEX_POINT ( 'NONE', #3430 ) ;
#1159 = STYLED_ITEM ( 'NONE', ( #3146 ), #5555 ) ;
#1160 = FACE_OUTER_BOUND ( 'NONE', #5112, .T. ) ;
#1161 = CARTESIAN_POINT ( 'NONE',  ( 0.9658284046683184298, -0.8675309747759163415, 89.38519556879317918 ) ) ;
#1162 = AXIS2_PLACEMENT_3D ( 'NONE', #932, #3871, #2382 ) ;
#1163 = CARTESIAN_POINT ( 'NONE',  ( -0.1499999999993311961, -1.009999999999316111, 87.43338650731570283 ) ) ;
#1164 =( LENGTH_UNIT ( ) NAMED_UNIT ( * ) SI_UNIT ( .MILLI., .METRE. ) );
#1165 = ORIENTED_EDGE ( 'NONE', *, *, #3827, .F. ) ;
#1166 = VECTOR ( 'NONE', #540, 1000.000000000000000 ) ;
#1167 = EDGE_CURVE ( 'NONE', #616, #6154, #482, .T. ) ;
#1168 = DIRECTION ( 'NONE',  ( 0.000000000000000000, -1.000000000000000000, 0.000000000000000000 ) ) ;
#1169 = ORIENTED_EDGE ( 'NONE', *, *, #5927, .F. ) ;
#1170 = AXIS2_PLACEMENT_3D ( 'NONE', #4087, #126, #3520 ) ;
#1171 = CARTESIAN_POINT ( 'NONE',  ( -1.387778780781445991E-14, 0.2999999999999944933, 89.91499602396599755 ) ) ;
#1172 = AXIS2_PLACEMENT_3D ( 'NONE', #6156, #6228, #335 ) ;
#1173 = EDGE_CURVE ( 'NONE', #4398, #1073, #2945, .T. ) ;
#1174 = ORIENTED_EDGE ( 'NONE', *, *, #4580, .F. ) ;
#1175 = EDGE_CURVE ( 'NONE', #2879, #5027, #518, .T. ) ;
#1176 = EDGE_CURVE ( 'NONE', #2150, #5361, #866, .T. ) ;
#1177 = ADVANCED_FACE ( 'NONE', ( #2826 ), #2356, .F. ) ;
#1178 = CIRCLE ( 'NONE', #4747, 0.2500000000000000000 ) ;
#1179 = EDGE_CURVE ( 'NONE', #2623, #3788, #3335, .T. ) ;
#1180 = CARTESIAN_POINT ( 'NONE',  ( -0.1499999999993174016, -1.386661630810349655, 87.60646102059520501 ) ) ;
#1181 = CARTESIAN_POINT ( 'NONE',  ( 0.1044508054546597203, 0.06544234557172005917, 87.62975462880639554 ) ) ;
#1182 = LINE ( 'NONE', #665, #2884 ) ;
#1183 = ORIENTED_EDGE ( 'NONE', *, *, #464, .F. ) ;
#1184 = CYLINDRICAL_SURFACE ( 'NONE', #2909, 0.2500000000000000000 ) ;
#1185 = CARTESIAN_POINT ( 'NONE',  ( 0.7649949999999909878, 0.4500000000000060063, 97.34421605180600068 ) ) ;
#1186 = AXIS2_PLACEMENT_3D ( 'NONE', #4437, #5424, #2403 ) ;
#1187 = ORIENTED_EDGE ( 'NONE', *, *, #1322, .F. ) ;
#1188 = ORIENTED_EDGE ( 'NONE', *, *, #1360, .F. ) ;
#1189 = VECTOR ( 'NONE', #5006, 1000.000000000000000 ) ;
#1190 = CARTESIAN_POINT ( 'NONE',  ( 1.131806123070663972, -1.559999999955484995, 89.25023951304629577 ) ) ;
#1191 = DIRECTION ( 'NONE',  ( 4.817892160021999876E-14, 0.000000000000000000, 1.000000000000000000 ) ) ;
#1192 = DIRECTION ( 'NONE',  ( -0.000000000000000000, -1.000000000000000000, -0.000000000000000000 ) ) ;
#1193 = DIRECTION ( 'NONE',  ( 0.000000000000000000, 0.000000000000000000, -1.000000000000000000 ) ) ;
#1194 = DIRECTION ( 'NONE',  ( 1.000000000000000000, 0.000000000000000000, 0.000000000000000000 ) ) ;
#1195 = ORIENTED_EDGE ( 'NONE', *, *, #5467, .F. ) ;
#1196 = ORIENTED_EDGE ( 'NONE', *, *, #4969, .T. ) ;
#1197 = CARTESIAN_POINT ( 'NONE',  ( -0.5649950000000130146, -0.2500000000000000000, 86.21499602396599471 ) ) ;
#1198 = DIRECTION ( 'NONE',  ( 0.000000000000000000, 0.000000000000000000, -1.000000000000000000 ) ) ;
#1199 = CARTESIAN_POINT ( 'NONE',  ( 1.195695800902881967, -1.416128856636640121, 89.28712623574179474 ) ) ;
#1200 = CARTESIAN_POINT ( 'NONE',  ( -1.049368413012553569, -0.9298141408730763446, 89.22820936333874897 ) ) ;
#1201 = ORIENTED_EDGE ( 'NONE', *, *, #989, .F. ) ;
#1202 = FILL_AREA_STYLE ('',( #3152 ) ) ;
#1203 = VECTOR ( 'NONE', #2644, 1000.000000000000000 ) ;
#1204 = CARTESIAN_POINT ( 'NONE',  ( -1.449999999999999956, 3.185416000000000025, 87.92975050800500014 ) ) ;
#1205 = EDGE_LOOP ( 'NONE', ( #712, #2582, #5665, #2145 ) ) ;
#1206 = DIRECTION ( 'NONE',  ( 0.000000000000000000, 1.000000000000000000, 0.000000000000000000 ) ) ;
#1207 = UNCERTAINTY_MEASURE_WITH_UNIT (LENGTH_MEASURE( 1.000000000000000082E-05 ), #2084, 'distance_accuracy_value', 'NONE');
#1208 = EDGE_CURVE ( 'NONE', #598, #5588, #3381, .T. ) ;
#1209 = CARTESIAN_POINT ( 'NONE',  ( -1.236441097759013896, -1.560000000000000053, 89.31065054385601343 ) ) ;
#1210 = AXIS2_PLACEMENT_3D ( 'NONE', #1209, #5133, #279 ) ;
#1211 = FILL_AREA_STYLE_COLOUR ( '', #573 ) ;
#1212 = CARTESIAN_POINT ( 'NONE',  ( 1.045695800894931971, -1.416128856618763976, 89.54693385687390617 ) ) ;
#1213 = ORIENTED_EDGE ( 'NONE', *, *, #553, .F. ) ;
#1214 = EDGE_CURVE ( 'NONE', #1254, #4899, #6215, .T. ) ;
#1215 = AXIS2_PLACEMENT_3D ( 'NONE', #97, #574, #2056 ) ;
#1216 = ORIENTED_EDGE ( 'NONE', *, *, #1879, .F. ) ;
#1217 = DIRECTION ( 'NONE',  ( -0.000000000000000000, -0.000000000000000000, 1.000000000000000000 ) ) ;
#1218 = CARTESIAN_POINT ( 'NONE',  ( 0.9080532793200040143, -1.300000000001465983, 89.46746590999170223 ) ) ;
#1219 = CARTESIAN_POINT ( 'NONE',  ( -1.200000000000019940, 0.2999999999999944933, 88.76999602396600153 ) ) ;
#1220 = AXIS2_PLACEMENT_3D ( 'NONE', #1694, #187, #2719 ) ;
#1221 =( LENGTH_UNIT ( ) NAMED_UNIT ( * ) SI_UNIT ( .MILLI., .METRE. ) );
#1222 = ORIENTED_EDGE ( 'NONE', *, *, #1646, .T. ) ;
#1223 = ORIENTED_EDGE ( 'NONE', *, *, #4379, .T. ) ;
#1224 = CARTESIAN_POINT ( 'NONE',  ( 5.410800000000000054, 0.4500000000000060063, 89.84747380952599372 ) ) ;
#1225 = CARTESIAN_POINT ( 'NONE',  ( 0.01121863104657448706, -0.8599999999990445287, 87.62499602396589182 ) ) ;
#1226 = LINE ( 'NONE', #3749, #3024 ) ;
#1227 = EDGE_LOOP ( 'NONE', ( #4159, #5686, #5353, #4256, #3369 ) ) ;
#1228 = ORIENTED_EDGE ( 'NONE', *, *, #4217, .T. ) ;
#1229 = DIRECTION ( 'NONE',  ( 1.000000000000000000, 0.000000000000000000, 0.000000000000000000 ) ) ;
#1230 = CARTESIAN_POINT ( 'NONE',  ( 0.8149949999999850370, -0.2500000000000000000, 86.21499602396599471 ) ) ;
#1231 = ORIENTED_EDGE ( 'NONE', *, *, #359, .T. ) ;
#1232 = CARTESIAN_POINT ( 'NONE',  ( 1.199999999999999956, 0.2999999999999944933, 88.76999602396600153 ) ) ;
#1233 = AXIS2_PLACEMENT_3D ( 'NONE', #6115, #764, #5088 ) ;
#1234 = CARTESIAN_POINT ( 'NONE',  ( -0.3103994648601114958, 0.5000000000000000000, 84.36499602396600039 ) ) ;
#1235 = CARTESIAN_POINT ( 'NONE',  ( -1.387778780781445991E-14, 0.2999999999999944933, 88.76999602396600153 ) ) ;
#1236 = DIRECTION ( 'NONE',  ( 0.000000000000000000, 0.000000000000000000, 1.000000000000000000 ) ) ;
#1237 = EDGE_LOOP ( 'NONE', ( #4152, #3270, #4251, #729, #5553 ) ) ;
#1238 = VERTEX_POINT ( 'NONE', #2487 ) ;
#1239 = CARTESIAN_POINT ( 'NONE',  ( 1.141747749986280036, 0.5000000000000000000, 86.76244735572920774 ) ) ;
#1240 = CARTESIAN_POINT ( 'NONE',  ( -1.387778780781445991E-14, 0.09999999999998900047, 89.36999602396599585 ) ) ;
#1241 = FACE_OUTER_BOUND ( 'NONE', #6193, .T. ) ;
#1242 =( NAMED_UNIT ( * ) SI_UNIT ( $, .STERADIAN. ) SOLID_ANGLE_UNIT ( ) );
#1243 = CARTESIAN_POINT ( 'NONE',  ( 1.471789159540326075, 0.4500000000000060063, 87.88474792445289552 ) ) ;
#1244 = ORIENTED_EDGE ( 'NONE', *, *, #4497, .F. ) ;
#1245 = ORIENTED_EDGE ( 'NONE', *, *, #5899, .T. ) ;
#1246 = EDGE_CURVE ( 'NONE', #742, #58, #4755, .T. ) ;
#1247 = EDGE_CURVE ( 'NONE', #4120, #3192, #1638, .T. ) ;
#1248 = DIRECTION ( 'NONE',  ( 0.000000000000000000, 0.000000000000000000, 1.000000000000000000 ) ) ;
#1249 = DIRECTION ( 'NONE',  ( 0.000000000000000000, 0.000000000000000000, 1.000000000000000000 ) ) ;
#1250 =( GEOMETRIC_REPRESENTATION_CONTEXT ( 3 ) GLOBAL_UNCERTAINTY_ASSIGNED_CONTEXT ( ( #5103 ) ) GLOBAL_UNIT_ASSIGNED_CONTEXT ( ( #1663, #695, #2835 ) ) REPRESENTATION_CONTEXT ( 'NONE', 'WORKASPACE' ) );
#1251 = CARTESIAN_POINT ( 'NONE',  ( 0.08008201210057959429, -0.8831659693225579755, 87.62779995001990585 ) ) ;
#1252 = CARTESIAN_POINT ( 'NONE',  ( -1.449999999999999956, 0.4500000000000060063, 87.92975050800500014 ) ) ;
#1253 = VERTEX_POINT ( 'NONE', #55 ) ;
#1254 = VERTEX_POINT ( 'NONE', #5484 ) ;
#1255 = COLOUR_RGB ( '',0.000000000000000000, 0.000000000000000000, 0.000000000000000000 ) ;
#1256 = DIRECTION ( 'NONE',  ( 0.000000000000000000, 0.000000000000000000, -1.000000000000000000 ) ) ;
#1257 = CARTESIAN_POINT ( 'NONE',  ( -0.8149950000000130146, -0.2500000000000000000, 84.51499602396599187 ) ) ;
#1258 = DIRECTION ( 'NONE',  ( -0.000000000000000000, -1.000000000000000000, -0.000000000000000000 ) ) ;
#1259 = VERTEX_POINT ( 'NONE', #1596 ) ;
#1260 = LINE ( 'NONE', #1232, #1593 ) ;
#1261 = CIRCLE ( 'NONE', #3302, 0.04999999999999449329 ) ;
#1262 = VECTOR ( 'NONE', #4772, 1000.000000000000000 ) ;
#1263 = DIRECTION ( 'NONE',  ( -0.000000000000000000, -0.000000000000000000, 1.000000000000000000 ) ) ;
#1264 = MECHANICAL_DESIGN_GEOMETRIC_PRESENTATION_REPRESENTATION (  '', ( #1885 ), #346 ) ;
#1265 = DIRECTION ( 'NONE',  ( 0.000000000000000000, 1.000000000000000000, 0.000000000000000000 ) ) ;
#1266 = LINE ( 'NONE', #6043, #233 ) ;
#1267 = VERTEX_POINT ( 'NONE', #4942 ) ;
#1268 = VECTOR ( 'NONE', #2025, 1000.000000000000000 ) ;
#1269 = COLOUR_RGB ( '',0.000000000000000000, 0.000000000000000000, 0.000000000000000000 ) ;
#1270 = VERTEX_POINT ( 'NONE', #5451 ) ;
#1271 = COLOUR_RGB ( '',0.7529411764705882248, 0.7529411764705882248, 0.7529411764705882248 ) ;
#1272 = FACE_OUTER_BOUND ( 'NONE', #6046, .T. ) ;
#1273 = CARTESIAN_POINT ( 'NONE',  ( -0.9080532793248189405, -1.560000000000000053, 89.46746590999600812 ) ) ;
#1274 = B_SPLINE_CURVE_WITH_KNOTS ( 'NONE', 3,
 ( #4054, #497, #5417, #1973 ),
 .UNSPECIFIED., .F., .F.,
 ( 4, 4 ),
 ( 0.000000000000000000, 1.000000000000000000 ),
 .UNSPECIFIED. ) ;
#1275 = ORIENTED_EDGE ( 'NONE', *, *, #3126, .T. ) ;
#1276 = CARTESIAN_POINT ( 'NONE',  ( 0.6958493218812082937, 0.5000000000000912603, 85.43499602396597936 ) ) ;
#1277 = CARTESIAN_POINT ( 'NONE',  ( 0.4000000000000000777, 0.000000000000000000, 34.86499602396599329 ) ) ;
#1278 = CARTESIAN_POINT ( 'NONE',  ( 1.406421680905836524, 0.5000000000000061062, 87.90865094277329206 ) ) ;
#1279 = EDGE_LOOP ( 'NONE', ( #5265, #129, #4541, #772, #3585, #3015, #3808 ) ) ;
#1280 = VERTEX_POINT ( 'NONE', #3476 ) ;
#1281 = EDGE_CURVE ( 'NONE', #609, #2879, #3985, .T. ) ;
#1282 = CIRCLE ( 'NONE', #2723, 0.5000000000000004441 ) ;
#1283 = EDGE_CURVE ( 'NONE', #779, #4131, #2531, .T. ) ;
#1284 = CARTESIAN_POINT ( 'NONE',  ( 1.219278202430791547, -0.9156451087554349222, 89.33791146498839453 ) ) ;
#1285 = CARTESIAN_POINT ( 'NONE',  ( -1.400000000208345918, 0.4500000000000060063, 87.81864900317580691 ) ) ;
#1286 = PRESENTATION_STYLE_ASSIGNMENT (( #4353 ) ) ;
#1287 = LINE ( 'NONE', #834, #576 ) ;
#1288 = ORIENTED_EDGE ( 'NONE', *, *, #2194, .T. ) ;
#1289 = EDGE_CURVE ( 'NONE', #324, #1267, #5833, .T. ) ;
#1290 = VECTOR ( 'NONE', #4828, 1000.000000000000000 ) ;
#1291 = ORIENTED_EDGE ( 'NONE', *, *, #84, .T. ) ;
#1292 = EDGE_CURVE ( 'NONE', #1238, #143, #3447, .T. ) ;
#1293 = CARTESIAN_POINT ( 'NONE',  ( 0.06530694136607521905, -0.1045236441818211404, 88.02276820549215586 ) ) ;
#1294 = LINE ( 'NONE', #3756, #2193 ) ;
#1295 = ADVANCED_FACE ( 'NONE', ( #1453 ), #3330, .F. ) ;
#1296 = CARTESIAN_POINT ( 'NONE',  ( 0.7942843218803962158, 0.5000000000000019984, 86.47291838041965661 ) ) ;
#1297 = ORIENTED_EDGE ( 'NONE', *, *, #2240, .T. ) ;
#1298 = CARTESIAN_POINT ( 'NONE',  ( 0.5269999999997920792, 0.5000000000000000000, 90.10775836525598947 ) ) ;
#1299 =( BOUNDED_SURFACE ( )  B_SPLINE_SURFACE ( 3, 3, ( 
 ( #4667, #791, #2281, #4213 ),
 ( #1306, #823, #1793, #1823 ),
 ( #3767, #5720, #5242, #853 ),
 ( #4342, #2869, #2016, #442 ) ),
 .UNSPECIFIED., .F., .F., .F. ) 
 B_SPLINE_SURFACE_WITH_KNOTS ( ( 4, 4 ),
 ( 4, 4 ),
 ( 0.000000000000000000, 1.000000000000000000 ),
 ( 0.000000000000000000, 1.000000000000000000 ),
 .UNSPECIFIED. ) 
 GEOMETRIC_REPRESENTATION_ITEM ( )  RATIONAL_B_SPLINE_SURFACE ( (
 ( 1.000000000000000000, 0.9691827461116132580, 0.9691827461116132580, 1.000000000000000000),
 ( 0.8047378541241189120, 0.7799380433599804041, 0.7799380433599804041, 0.8047378541241189120),
 ( 0.8047378541241189120, 0.7799380433599804041, 0.7799380433599804041, 0.8047378541241189120),
 ( 1.000000000000000000, 0.9691827461116132580, 0.9691827461116132580, 1.000000000000000000) ) ) 
 REPRESENTATION_ITEM ( '' )  SURFACE ( )  );
#1300 = DIRECTION ( 'NONE',  ( -0.000000000000000000, -0.000000000000000000, 1.000000000000000000 ) ) ;
#1301 = PLANE ( 'NONE',  #5068 ) ;
#1302 = DIRECTION ( 'NONE',  ( 1.000000000000000000, 0.000000000000000000, 0.000000000000000000 ) ) ;
#1303 = VERTEX_POINT ( 'NONE', #5386 ) ;
#1304 = VECTOR ( 'NONE', #822, 1000.000000000000000 ) ;
#1305 = CARTESIAN_POINT ( 'NONE',  ( 1.035203661518339091, 0.5000000000000000000, 86.71795260496698177 ) ) ;
#1306 = CARTESIAN_POINT ( 'NONE',  ( 1.384475987121595697, 0.5000000000000366374, 86.90336376255824291 ) ) ;
#1307 = CARTESIAN_POINT ( 'NONE',  ( 0.000000000000000000, 0.000000000000000000, 41.78215331149137768 ) ) ;
#1308 = VERTEX_POINT ( 'NONE', #2563 ) ;
#1309 = CARTESIAN_POINT ( 'NONE',  ( -0.5649950000000130146, -0.2500000000000000000, 85.51499602396599187 ) ) ;
#1310 = FACE_OUTER_BOUND ( 'NONE', #303, .T. ) ;
#1311 = DIRECTION ( 'NONE',  ( 0.000000000000000000, 0.000000000000000000, 1.000000000000000000 ) ) ;
#1312 = VECTOR ( 'NONE', #2087, 1000.000000000000000 ) ;
#1313 = ORIENTED_EDGE ( 'NONE', *, *, #5544, .F. ) ;
#1314 = CIRCLE ( 'NONE', #2350, 0.5500000000000000444 ) ;
#1315 = LINE ( 'NONE', #298, #1262 ) ;
#1316 = DIRECTION ( 'NONE',  ( 0.000000000000000000, 1.000000000000000000, 0.000000000000000000 ) ) ;
#1317 = CARTESIAN_POINT ( 'NONE',  ( -0.7165600000725415031, 0.4792893218814092693, 85.48185893903857391 ) ) ;
#1318 = CARTESIAN_POINT ( 'NONE',  ( -1.399999999890391811, -0.4999895298645750108, 87.84999985214498963 ) ) ;
#1319 = EDGE_LOOP ( 'NONE', ( #2589, #4869, #2797, #2693, #2017, #5777, #3040, #3236, #2586, #4668, #4829, #1980, #2536, #2544, #1764, #4705, #2866, #3524 ) ) ;
#1320 = ORIENTED_EDGE ( 'NONE', *, *, #1578, .F. ) ;
#1321 = VECTOR ( 'NONE', #2140, 1000.000000000000000 ) ;
#1322 = EDGE_CURVE ( 'NONE', #4728, #4055, #6297, .T. ) ;
#1323 = CARTESIAN_POINT ( 'NONE',  ( 0.1107931762070895471, -0.05404077778770025736, 88.02818722140285956 ) ) ;
#1324 = PLANE ( 'NONE',  #5054 ) ;
#1325 = PRESENTATION_STYLE_ASSIGNMENT (( #2389 ) ) ;
#1326 =( NAMED_UNIT ( * ) SI_UNIT ( $, .STERADIAN. ) SOLID_ANGLE_UNIT ( ) );
#1327 = VERTEX_POINT ( 'NONE', #4396 ) ;
#1328 = CARTESIAN_POINT ( 'NONE',  ( -1.449999999999999956, 0.5000000000000000000, 89.38250577729540680 ) ) ;
#1329 = CARTESIAN_POINT ( 'NONE',  ( -1.157497499999881718, 0.4792893218814111567, 86.71499268920945269 ) ) ;
#1330 = EDGE_LOOP ( 'NONE', ( #5170, #6321, #5615 ) ) ;
#1331 = EDGE_CURVE ( 'NONE', #6040, #3071, #3542, .T. ) ;
#1332 = ORIENTED_EDGE ( 'NONE', *, *, #2162, .F. ) ;
#1333 = CARTESIAN_POINT ( 'NONE',  ( 1.699999999999999956, 0.000000000000000000, 82.41186213473042699 ) ) ;
#1334 = CARTESIAN_POINT ( 'NONE',  ( -1.387778780781445991E-14, 0.5000000000000000000, 84.51499602396599187 ) ) ;
#1335 = DIRECTION ( 'NONE',  ( -0.000000000000000000, -1.000000000000000000, -0.000000000000000000 ) ) ;
#1336 = PRESENTATION_STYLE_ASSIGNMENT (( #5721 ) ) ;
#1337 = ORIENTED_EDGE ( 'NONE', *, *, #3003, .F. ) ;
#1338 = DIRECTION ( 'NONE',  ( -1.000000000000000000, 0.000000000000000000, 0.000000000000000000 ) ) ;
#1339 = DIRECTION ( 'NONE',  ( 0.000000000000000000, 0.000000000000000000, 1.000000000000000000 ) ) ;
#1340 = FACE_OUTER_BOUND ( 'NONE', #2560, .T. ) ;
#1341 = DIRECTION ( 'NONE',  ( 0.000000000000000000, 1.000000000000000000, 0.000000000000000000 ) ) ;
#1342 = CARTESIAN_POINT ( 'NONE',  ( -1.387778780781445991E-14, -1.300000000000000044, 89.91499602396599755 ) ) ;
#1343 = DIRECTION ( 'NONE',  ( 1.000000000000000000, 0.000000000000000000, 0.000000000000000000 ) ) ;
#1344 = CARTESIAN_POINT ( 'NONE',  ( -0.7165600000000188485, 0.4792893218814092138, 85.43499602408981275 ) ) ;
#1345 = DIRECTION ( 'NONE',  ( 0.000000000000000000, 1.000000000000000000, 0.000000000000000000 ) ) ;
#1346 = ORIENTED_EDGE ( 'NONE', *, *, #1103, .F. ) ;
#1347 = VERTEX_POINT ( 'NONE', #3689 ) ;
#1348 = CARTESIAN_POINT ( 'NONE',  ( 0.7965599999791159735, 0.4500000000000060063, 85.01499602396599187 ) ) ;
#1349 = CARTESIAN_POINT ( 'NONE',  ( -0.8149950000000130146, 0.2999999999999944933, 84.51499602396599187 ) ) ;
#1350 = SURFACE_STYLE_FILL_AREA ( #4267 ) ;
#1351 = DIRECTION ( 'NONE',  ( 0.000000000000000000, 1.000000000000000000, 0.000000000000000000 ) ) ;
#1352 = EDGE_LOOP ( 'NONE', ( #1451, #5468, #5101, #4717 ) ) ;
#1353 = FILL_AREA_STYLE_COLOUR ( '', #1269 ) ;
#1354 = EDGE_CURVE ( 'NONE', #4909, #4514, #2205, .T. ) ;
#1355 = CYLINDRICAL_SURFACE ( 'NONE', #2044, 0.04999999999999996808 ) ;
#1356 = LINE ( 'NONE', #1396, #438 ) ;
#1357 = ADVANCED_FACE ( 'NONE', ( #276 ), #5644, .T. ) ;
#1358 = EDGE_LOOP ( 'NONE', ( #4191, #2898, #979, #2488 ) ) ;
#1359 = VECTOR ( 'NONE', #3334, 1000.000000000000000 ) ;
#1360 = EDGE_CURVE ( 'NONE', #4308, #121, #2236, .T. ) ;
#1361 = EDGE_CURVE ( 'NONE', #4120, #96, #3215, .T. ) ;
#1362 = EDGE_CURVE ( 'NONE', #3873, #5611, #6213, .T. ) ;
#1363 = B_SPLINE_CURVE_WITH_KNOTS ( 'NONE', 3,
 ( #2905, #2018, #4854, #1947, #5429, #3456, #3888, #5786, #5842, #4821, #3962, #1463, #1053 ),
 .UNSPECIFIED., .F., .F.,
 ( 4, 2, 2, 1, 2, 2, 4 ),
 ( 0.000000000000000000, 0.2500000000000097700, 0.5000000000000195399, 0.6250000000000244249, 0.6875000000000268674, 0.7500000000000293099, 1.000000000000000000 ),
 .UNSPECIFIED. ) ;
#1364 = ADVANCED_FACE ( 'NONE', ( #5071 ), #6128, .F. ) ;
#1365 = VERTEX_POINT ( 'NONE', #1624 ) ;
#1366 = VECTOR ( 'NONE', #5819, 1000.000000000000000 ) ;
#1367 = CONICAL_SURFACE ( 'NONE', #2710, 1.699999999999999956, 1.308996938995750980 ) ;
#1368 = DIRECTION ( 'NONE',  ( 0.000000000000000000, 1.000000000000000000, 0.000000000000000000 ) ) ;
#1369 = DIRECTION ( 'NONE',  ( -0.000000000000000000, -1.000000000000000000, -0.000000000000000000 ) ) ;
#1370 = CARTESIAN_POINT ( 'NONE',  ( -0.1487252520245364029, -0.9874937001914840806, 87.63469335468585086 ) ) ;
#1371 = DIRECTION ( 'NONE',  ( 0.000000000000000000, 0.000000000000000000, -1.000000000000000000 ) ) ;
#1372 = VERTEX_POINT ( 'NONE', #1230 ) ;
#1373 = CARTESIAN_POINT ( 'NONE',  ( -1.387778780781445991E-14, 0.2999999999999944933, 88.76999602396600153 ) ) ;
#1374 =( GEOMETRIC_REPRESENTATION_CONTEXT ( 3 ) GLOBAL_UNCERTAINTY_ASSIGNED_CONTEXT ( ( #14 ) ) GLOBAL_UNIT_ASSIGNED_CONTEXT ( ( #2650, #3052, #2614 ) ) REPRESENTATION_CONTEXT ( 'NONE', 'WORKASPACE' ) );
#1375 = CARTESIAN_POINT ( 'NONE',  ( 0.8084257744486015307, 0.4791180200848700332, 85.00842679841451854 ) ) ;
#1376 = EDGE_CURVE ( 'NONE', #5597, #2484, #3184, .T. ) ;
#1377 = FACE_OUTER_BOUND ( 'NONE', #4665, .T. ) ;
#1378 = MECHANICAL_DESIGN_GEOMETRIC_PRESENTATION_REPRESENTATION (  '', ( #759 ), #4551 ) ;
#1379 = CARTESIAN_POINT ( 'NONE',  ( -1.387778780781445991E-14, 0.2999999999999944933, 88.76999602396600153 ) ) ;
#1380 = CARTESIAN_POINT ( 'NONE',  ( 1.095673107907303878, -0.9297015085932126555, 89.55014624767649423 ) ) ;
#1381 = DIRECTION ( 'NONE',  ( 0.000000000000000000, -1.000000000000000000, 0.000000000000000000 ) ) ;
#1382 = LINE ( 'NONE', #2877, #1359 ) ;
#1383 = DIRECTION ( 'NONE',  ( 0.000000000000000000, 0.000000000000000000, 1.000000000000000000 ) ) ;
#1384 = ORIENTED_EDGE ( 'NONE', *, *, #5514, .F. ) ;
#1385 = ORIENTED_EDGE ( 'NONE', *, *, #449, .T. ) ;
#1386 = AXIS2_PLACEMENT_3D ( 'NONE', #5689, #922, #6311 ) ;
#1387 = VECTOR ( 'NONE', #5115, 1000.000000000000000 ) ;
#1388 = CARTESIAN_POINT ( 'NONE',  ( 0.1232603552862056862, -0.0001782529898098525164, 88.03019254645444391 ) ) ;
#1389 = FACE_OUTER_BOUND ( 'NONE', #5957, .T. ) ;
#1390 = VECTOR ( 'NONE', #218, 1000.000000000000000 ) ;
#1391 = DIRECTION ( 'NONE',  ( 0.000000000000000000, -1.000000000000000000, 0.000000000000000000 ) ) ;
#1392 = VECTOR ( 'NONE', #1901, 1000.000000000000000 ) ;
#1393 = EDGE_LOOP ( 'NONE', ( #4575, #3695, #4397, #4430 ) ) ;
#1394 = EDGE_CURVE ( 'NONE', #1327, #2617, #2109, .T. ) ;
#1395 = PLANE ( 'NONE',  #3057 ) ;
#1396 = CARTESIAN_POINT ( 'NONE',  ( -0.4000000000000115130, 0.2999999999999944933, 89.06999602396599869 ) ) ;
#1397 = EDGE_LOOP ( 'NONE', ( #1183, #5531, #6192, #3023, #107, #3028, #867, #657, #3672, #3318, #6230, #120 ) ) ;
#1398 = ORIENTED_EDGE ( 'NONE', *, *, #5741, .F. ) ;
#1399 = ADVANCED_FACE ( 'NONE', ( #4144 ), #689, .T. ) ;
#1400 = DIRECTION ( 'NONE',  ( 2.769223073073590058E-09, -0.000000000000000000, -1.000000000000000000 ) ) ;
#1401 = CARTESIAN_POINT ( 'NONE',  ( -0.07780060099225909187, -0.09561123480280142584, 88.02397946375214133 ) ) ;
#1402 = CARTESIAN_POINT ( 'NONE',  ( -1.449999999999999956, 0.5000000000000000000, 88.76999602396600153 ) ) ;
#1403 = DIRECTION ( 'NONE',  ( 1.000000000000000000, -0.000000000000000000, 4.612167869844089618E-10 ) ) ;
#1404 = VERTEX_POINT ( 'NONE', #5100 ) ;
#1405 = CARTESIAN_POINT ( 'NONE',  ( 0.8149949999999850370, -0.5000000000000000000, 84.51499602396599187 ) ) ;
#1406 = AXIS2_PLACEMENT_3D ( 'NONE', #5992, #5923, #2159 ) ;
#1407 = DIRECTION ( 'NONE',  ( -0.2696648779639184146, 0.000000000000000000, -0.9629542323458083475 ) ) ;
#1408 = UNCERTAINTY_MEASURE_WITH_UNIT (LENGTH_MEASURE( 1.000000000000000082E-05 ), #2443, 'distance_accuracy_value', 'NONE');
#1409 = LINE ( 'NONE', #1803, #3326 ) ;
#1410 = LINE ( 'NONE', #4038, #3413 ) ;
#1411 = CARTESIAN_POINT ( 'NONE',  ( 0.7877288329586257243, 0.4959656368125817116, 84.98733613143434695 ) ) ;
#1412 = AXIS2_PLACEMENT_3D ( 'NONE', #3579, #4565, #3097 ) ;
#1413 = DIRECTION ( 'NONE',  ( 0.000000000000000000, -1.000000000000000000, 0.000000000000000000 ) ) ;
#1414 = CYLINDRICAL_SURFACE ( 'NONE', #2121, 1.144999999999993356 ) ;
#1415 = ORIENTED_EDGE ( 'NONE', *, *, #631, .T. ) ;
#1416 = EDGE_LOOP ( 'NONE', ( #5864, #3252, #2681, #3954 ) ) ;
#1417 = AXIS2_PLACEMENT_3D ( 'NONE', #1234, #2661, #4623 ) ;
#1418 = CARTESIAN_POINT ( 'NONE',  ( -1.428210840461019870, 0.2999999999999944933, 87.86364835922699967 ) ) ;
#1419 = CARTESIAN_POINT ( 'NONE',  ( 1.365099999999979996, 0.2999999999999944933, 89.36999602396599585 ) ) ;
#1420 = LINE ( 'NONE', #939, #3528 ) ;
#1421 = DIRECTION ( 'NONE',  ( -3.552713678800503296E-15, 0.000000000000000000, 1.000000000000000000 ) ) ;
#1422 =( NAMED_UNIT ( * ) PLANE_ANGLE_UNIT ( ) SI_UNIT ( $, .RADIAN. ) );
#1423 = LINE ( 'NONE', #4844, #296 ) ;
#1424 = EDGE_LOOP ( 'NONE', ( #4340, #6223, #1575 ) ) ;
#1425 = EDGE_LOOP ( 'NONE', ( #2478, #943, #77, #3527, #1930, #1065, #1869, #5569 ) ) ;
#1426 = ADVANCED_FACE ( 'NONE', ( #4111 ), #2655, .T. ) ;
#1427 = ORIENTED_EDGE ( 'NONE', *, *, #1574, .T. ) ;
#1428 = LINE ( 'NONE', #5275, #4876 ) ;
#1429 = CARTESIAN_POINT ( 'NONE',  ( -0.1232603552862375634, 0.0001782529897909264122, 88.03019254645444391 ) ) ;
#1430 = CARTESIAN_POINT ( 'NONE',  ( 1.399999999999983924, 0.2999999999999944933, 86.88953935445299237 ) ) ;
#1431 = DIRECTION ( 'NONE',  ( 0.000000000000000000, 0.000000000000000000, -1.000000000000000000 ) ) ;
#1432 = CARTESIAN_POINT ( 'NONE',  ( -0.9818061230651708993, -1.559999999955594907, 89.51004713418490155 ) ) ;
#1433 = CARTESIAN_POINT ( 'NONE',  ( -1.387778780781445991E-14, 0.2999999999999944933, 87.25217883429100141 ) ) ;
#1434 = CARTESIAN_POINT ( 'NONE',  ( 0.7165599999999910930, 0.4500000000000060063, 85.09499602374452820 ) ) ;
#1435 = VECTOR ( 'NONE', #5813, 1000.000000000000000 ) ;
#1436 = DIRECTION ( 'NONE',  ( 0.000000000000000000, 0.000000000000000000, 1.000000000000000000 ) ) ;
#1437 = CARTESIAN_POINT ( 'NONE',  ( -1.366176045807753869, 0.5000000000000056621, 86.90097754613699976 ) ) ;
#1438 = DIRECTION ( 'NONE',  ( 0.000000000000000000, 0.000000000000000000, -1.000000000000000000 ) ) ;
#1439 = CARTESIAN_POINT ( 'NONE',  ( -1.157497499999937896, 0.2999999999999944933, 86.71499268920949532 ) ) ;
#1440 = ORIENTED_EDGE ( 'NONE', *, *, #5205, .T. ) ;
#1441 = EDGE_CURVE ( 'NONE', #457, #1372, #1688, .T. ) ;
#1442 = EDGE_CURVE ( 'NONE', #3440, #4543, #655, .T. ) ;
#1443 = VERTEX_POINT ( 'NONE', #2620 ) ;
#1444 = ADVANCED_FACE ( 'NONE', ( #4561 ), #2141, .T. ) ;
#1445 = ADVANCED_FACE ( 'NONE', ( #4618 ), #3599, .T. ) ;
#1446 = CARTESIAN_POINT ( 'NONE',  ( 1.314994999999985925, 0.2999999999999944933, 86.24044602396600112 ) ) ;
#1447 = LINE ( 'NONE', #1068, #2796 ) ;
#1448 = SURFACE_STYLE_FILL_AREA ( #3877 ) ;
#1449 = CYLINDRICAL_SURFACE ( 'NONE', #373, 1.344999999999998863 ) ;
#1450 = DIRECTION ( 'NONE',  ( -0.2856626172011958453, 0.000000000000000000, -0.9583302505575846952 ) ) ;
#1451 = ORIENTED_EDGE ( 'NONE', *, *, #1597, .T. ) ;
#1452 = CARTESIAN_POINT ( 'NONE',  ( 0.000000000000000000, 0.000000000000000000, 82.41186213473042699 ) ) ;
#1453 = FACE_OUTER_BOUND ( 'NONE', #5391, .T. ) ;
#1454 = ORIENTED_EDGE ( 'NONE', *, *, #2677, .F. ) ;
#1455 = ORIENTED_EDGE ( 'NONE', *, *, #5942, .F. ) ;
#1456 = CIRCLE ( 'NONE', #5749, 0.07999999999999674039 ) ;
#1457 = ORIENTED_EDGE ( 'NONE', *, *, #1354, .F. ) ;
#1458 = CARTESIAN_POINT ( 'NONE',  ( -1.387778780781445991E-14, 0.2999999999999944933, 87.84999940858099876 ) ) ;
#1459 = AXIS2_PLACEMENT_3D ( 'NONE', #1106, #1589, #2454 ) ;
#1460 = CARTESIAN_POINT ( 'NONE',  ( -0.1162655570767621716, 0.04097143011300240917, 88.02905596208702832 ) ) ;
#1461 = DIRECTION ( 'NONE',  ( 0.000000000000000000, 1.000000000000000000, 0.000000000000000000 ) ) ;
#1462 = DIRECTION ( 'NONE',  ( 0.000000000000000000, -1.000000000000000000, 0.000000000000000000 ) ) ;
#1463 = CARTESIAN_POINT ( 'NONE',  ( -1.087672346235090348, 0.5000000000000000000, 86.74450024635839895 ) ) ;
#1464 = SURFACE_STYLE_USAGE ( .BOTH. , #987 ) ;
#1465 = DIRECTION ( 'NONE',  ( 1.000000000000000000, 0.000000000000000000, 0.000000000000000000 ) ) ;
#1466 =( GEOMETRIC_REPRESENTATION_CONTEXT ( 3 ) GLOBAL_UNCERTAINTY_ASSIGNED_CONTEXT ( ( #3171 ) ) GLOBAL_UNIT_ASSIGNED_CONTEXT ( ( #3561, #5504, #1130 ) ) REPRESENTATION_CONTEXT ( 'NONE', 'WORKASPACE' ) );
#1467 = PRESENTATION_LAYER_ASSIGNMENT (  '', '', ( #3115 ) ) ;
#1468 = AXIS2_PLACEMENT_3D ( 'NONE', #793, #5145, #4252 ) ;
#1469 = SURFACE_STYLE_FILL_AREA ( #5847 ) ;
#1470 = CARTESIAN_POINT ( 'NONE',  ( 1.350000000000000089, 0.5000000000000000000, 87.81864577567549190 ) ) ;
#1471 = CARTESIAN_POINT ( 'NONE',  ( -1.387778780781445991E-14, 0.2999999999999944933, 87.84999970428999916 ) ) ;
#1472 = FILL_AREA_STYLE ('',( #4716 ) ) ;
#1473 = VECTOR ( 'NONE', #3037, 1000.000000000000000 ) ;
#1474 = LINE ( 'NONE', #1993, #3310 ) ;
#1475 = LINE ( 'NONE', #455, #4148 ) ;
#1476 = ORIENTED_EDGE ( 'NONE', *, *, #3096, .F. ) ;
#1477 = ORIENTED_EDGE ( 'NONE', *, *, #5162, .T. ) ;
#1478 = ADVANCED_FACE ( 'NONE', ( #1875 ), #3787, .T. ) ;
#1479 = VECTOR ( 'NONE', #4554, 1000.000000000000000 ) ;
#1480 = ADVANCED_FACE ( 'NONE', ( #2801 ), #685, .T. ) ;
#1481 = ADVANCED_FACE ( 'NONE', ( #4268 ), #1029, .T. ) ;
#1482 = CARTESIAN_POINT ( 'NONE',  ( -1.387778780781445991E-14, -1.300000000000000044, 89.06999602396599869 ) ) ;
#1483 = CYLINDRICAL_SURFACE ( 'NONE', #6162, 0.1499999999992952249 ) ;
#1484 = CARTESIAN_POINT ( 'NONE',  ( -0.8149950000000130146, 0.2999999999999944933, 85.51499602396599187 ) ) ;
#1485 = CARTESIAN_POINT ( 'NONE',  ( -1.083091938301430135, -0.9933370093774538390, 89.56745251380510808 ) ) ;
#1486 = VECTOR ( 'NONE', #5276, 1000.000000000000000 ) ;
#1487 = EDGE_CURVE ( 'NONE', #2855, #366, #3568, .T. ) ;
#1488 = EDGE_CURVE ( 'NONE', #2358, #5324, #3244, .T. ) ;
#1489 = UNCERTAINTY_MEASURE_WITH_UNIT (LENGTH_MEASURE( 1.000000000000000082E-05 ), #4786, 'distance_accuracy_value', 'NONE');
#1490 = VERTEX_POINT ( 'NONE', #2298 ) ;
#1491 = EDGE_CURVE ( 'NONE', #2498, #1617, #3950, .T. ) ;
#1492 = AXIS2_PLACEMENT_3D ( 'NONE', #4661, #4150, #5321 ) ;
#1493 = EDGE_CURVE ( 'NONE', #1280, #2617, #307, .T. ) ;
#1494 = CARTESIAN_POINT ( 'NONE',  ( -0.1232626397973206056, -0.0002440967531506095479, 87.63164908859080526 ) ) ;
#1495 = CARTESIAN_POINT ( 'NONE',  ( 0.1471205906781248296, -0.9763088208505756871, 87.43305500535535657 ) ) ;
#1496 = VERTEX_POINT ( 'NONE', #2271 ) ;
#1497 = CIRCLE ( 'NONE', #3735, 0.7499999999969059195 ) ;
#1498 = EDGE_LOOP ( 'NONE', ( #2694, #4367, #1715, #186 ) ) ;
#1499 = CARTESIAN_POINT ( 'NONE',  ( 0.000000000000000000, 0.000000000000000000, 53.71153062637019815 ) ) ;
#1500 = DIRECTION ( 'NONE',  ( -0.000000000000000000, 1.000000000000000000, -0.000000000000000000 ) ) ;
#1501 = DIRECTION ( 'NONE',  ( -0.000000000000000000, -0.000000000000000000, 1.000000000000000000 ) ) ;
#1502 = ORIENTED_EDGE ( 'NONE', *, *, #5867, .T. ) ;
#1503 = DIRECTION ( 'NONE',  ( -1.000000000000000000, -0.000000000000000000, -0.000000000000000000 ) ) ;
#1504 = DIRECTION ( 'NONE',  ( 0.000000000000000000, 0.000000000000000000, -1.000000000000000000 ) ) ;
#1505 = CARTESIAN_POINT ( 'NONE',  ( 0.6958493220445982619, 0.5000000000000874856, 85.03600107445542733 ) ) ;
#1506 =( BOUNDED_SURFACE ( )  B_SPLINE_SURFACE ( 3, 3, ( 
 ( #1964, #2480, #1933, #937 ),
 ( #4900, #523, #3500, #46 ),
 ( #5532, #10, #1152, #2885 ),
 ( #4809, #2387, #964, #3875 ) ),
 .UNSPECIFIED., .F., .F., .F. ) 
 B_SPLINE_SURFACE_WITH_KNOTS ( ( 4, 4 ),
 ( 4, 4 ),
 ( 0.000000000000000000, 1.000000000000000000 ),
 ( 0.000000000000000000, 1.000000000000000000 ),
 .UNSPECIFIED. ) 
 GEOMETRIC_REPRESENTATION_ITEM ( )  RATIONAL_B_SPLINE_SURFACE ( (
 ( 1.000000000000000000, 0.8047378541243649375, 0.8047378541243649375, 1.000000000000000000),
 ( 0.8025111867386680586, 0.6458111303268732062, 0.6458111303268732062, 0.8025111867386680586),
 ( 0.8025111867386680586, 0.6458111303268732062, 0.6458111303268732062, 0.8025111867386680586),
 ( 1.000000000000000000, 0.8047378541243649375, 0.8047378541243649375, 1.000000000000000000) ) ) 
 REPRESENTATION_ITEM ( '' )  SURFACE ( )  );
#1507 = VERTEX_POINT ( 'NONE', #5850 ) ;
#1508 = AXIS2_PLACEMENT_3D ( 'NONE', #4413, #3428, #1847 ) ;
#1509 = PRESENTATION_STYLE_ASSIGNMENT (( #2940 ) ) ;
#1510 = CARTESIAN_POINT ( 'NONE',  ( -0.5649950000000130146, -0.5000000000000000000, 85.51499602396599187 ) ) ;
#1511 = DIRECTION ( 'NONE',  ( 0.9879928937418841484, 0.000000000000000000, 0.1544993265860335474 ) ) ;
#1512 = CARTESIAN_POINT ( 'NONE',  ( -0.7649950000004069883, 0.5000000000000000000, 84.96888634640460225 ) ) ;
#1513 = CARTESIAN_POINT ( 'NONE',  ( -1.400002442994013885, 0.2999999999999944933, 88.76999602396600153 ) ) ;
#1514 = CARTESIAN_POINT ( 'NONE',  ( -1.225269861997100307, 0.5000000000000000000, 86.79016754596423766 ) ) ;
#1515 = EDGE_LOOP ( 'NONE', ( #883, #2460, #1585, #1654 ) ) ;
#1516 = ORIENTED_EDGE ( 'NONE', *, *, #3163, .F. ) ;
#1517 = AXIS2_PLACEMENT_3D ( 'NONE', #3831, #1942, #920 ) ;
#1518 = DIRECTION ( 'NONE',  ( 0.000000000000000000, 1.000000000000000000, 0.000000000000000000 ) ) ;
#1519 = CARTESIAN_POINT ( 'NONE',  ( 0.5649949999999850370, -0.2500000000000000000, 72.17119545480700538 ) ) ;
#1520 = CARTESIAN_POINT ( 'NONE',  ( 1.149999999999983924, -0.5000000000000000000, 86.90000000000000568 ) ) ;
#1521 = B_SPLINE_CURVE_WITH_KNOTS ( 'NONE', 3,
 ( #3934, #5848, #2913, #1470 ),
 .UNSPECIFIED., .F., .F.,
 ( 4, 4 ),
 ( 0.000000000000000000, 1.000000000000000000 ),
 .UNSPECIFIED. ) ;
#1522 = CARTESIAN_POINT ( 'NONE',  ( -1.101468300324979666, -0.9156451087554345891, 89.54196420106516996 ) ) ;
#1523 = CYLINDRICAL_SURFACE ( 'NONE', #4012, 0.1499999999992952249 ) ;
#1524 = ORIENTED_EDGE ( 'NONE', *, *, #3919, .T. ) ;
#1525 = ADVANCED_FACE ( 'NONE', ( #3306 ), #4162, .F. ) ;
#1526 = B_SPLINE_CURVE_WITH_KNOTS ( 'NONE', 3,
 ( #471, #2868, #1305, #3255, #123, #5393, #2995, #2462, #3549, #4915, #61, #1016, #2015 ),
 .UNSPECIFIED., .F., .F.,
 ( 4, 2, 2, 1, 2, 2, 4 ),
 ( 0.000000000000000000, 0.2499999999999609201, 0.4999999999999214517, 0.6249999999999260591, 0.6874999999999285016, 0.7499999999999309441, 1.000000000000000000 ),
 .UNSPECIFIED. ) ;
#1527 = VECTOR ( 'NONE', #2725, 1000.000000000000000 ) ;
#1528 = PRESENTATION_LAYER_ASSIGNMENT (  '', '', ( #4380 ) ) ;
#1529 = FACE_OUTER_BOUND ( 'NONE', #3652, .T. ) ;
#1530 = DIRECTION ( 'NONE',  ( 0.000000000000000000, 0.000000000000000000, -1.000000000000000000 ) ) ;
#1531 = VERTEX_POINT ( 'NONE', #2831 ) ;
#1532 = CARTESIAN_POINT ( 'NONE',  ( 0.06569507662547652282, -0.8741069832042306365, 87.42652575894358336 ) ) ;
#1533 = ORIENTED_EDGE ( 'NONE', *, *, #2514, .T. ) ;
#1534 = ORIENTED_EDGE ( 'NONE', *, *, #2780, .T. ) ;
#1535 = DIRECTION ( 'NONE',  ( 1.734723475976807094E-15, -1.000000000000000000, 0.000000000000000000 ) ) ;
#1536 = CARTESIAN_POINT ( 'NONE',  ( -0.004826436809052843738, -0.1224999999999975830, 88.01999602396911371 ) ) ;
#1537 = DIRECTION ( 'NONE',  ( 0.000000000000000000, -1.000000000000000000, 0.000000000000000000 ) ) ;
#1538 = VERTEX_POINT ( 'NONE', #1129 ) ;
#1539 = LINE ( 'NONE', #5564, #154 ) ;
#1540 = EDGE_CURVE ( 'NONE', #4899, #4728, #2550, .T. ) ;
#1541 = LINE ( 'NONE', #4029, #4483 ) ;
#1542 = DIRECTION ( 'NONE',  ( -0.000000000000000000, -1.000000000000000000, -0.000000000000000000 ) ) ;
#1543 = ORIENTED_EDGE ( 'NONE', *, *, #5229, .F. ) ;
#1544 = FACE_BOUND ( 'NONE', #2672, .T. ) ;
#1545 = CARTESIAN_POINT ( 'NONE',  ( 1.479289321881366304, 0.4999999999999611422, 89.37792560214053594 ) ) ;
#1546 = DIRECTION ( 'NONE',  ( 0.000000000000000000, 1.000000000000000000, 0.000000000000000000 ) ) ;
#1547 = FACE_OUTER_BOUND ( 'NONE', #630, .T. ) ;
#1548 = CARTESIAN_POINT ( 'NONE',  ( 1.499999999999988010, 0.2999999999999944933, 87.89840692922399512 ) ) ;
#1549 = EDGE_LOOP ( 'NONE', ( #5082, #1013, #130, #3181, #3127, #4500, #1085 ) ) ;
#1550 = VERTEX_POINT ( 'NONE', #2130 ) ;
#1551 = AXIS2_PLACEMENT_3D ( 'NONE', #3385, #985, #6274 ) ;
#1552 = CARTESIAN_POINT ( 'NONE',  ( 1.350000000000000089, 0.5000000000000000000, 87.81864577567549190 ) ) ;
#1553 = CARTESIAN_POINT ( 'NONE',  ( -1.387778780781445991E-14, 0.2999999999999944933, 88.76999602396600153 ) ) ;
#1554 = CARTESIAN_POINT ( 'NONE',  ( 1.045695800894931971, -1.416128856618763976, 89.54693385687390617 ) ) ;
#1555 = CARTESIAN_POINT ( 'NONE',  ( -1.236441097746232121, -1.560000000002450093, 89.31065054384690427 ) ) ;
#1556 = DIRECTION ( 'NONE',  ( 0.000000000000000000, 0.000000000000000000, 1.000000000000000000 ) ) ;
#1557 = ORIENTED_EDGE ( 'NONE', *, *, #4771, .F. ) ;
#1558 = CARTESIAN_POINT ( 'NONE',  ( -0.1162843104538839462, -0.04086386032829359555, 87.63090067156971941 ) ) ;
#1559 = VERTEX_POINT ( 'NONE', #4002 ) ;
#1560 = CARTESIAN_POINT ( 'NONE',  ( -0.4000000000000115130, -1.300000000000000044, 88.46999602396599016 ) ) ;
#1561 = EDGE_CURVE ( 'NONE', #1912, #5794, #3588, .T. ) ;
#1562 = ORIENTED_EDGE ( 'NONE', *, *, #4375, .T. ) ;
#1563 = VERTEX_POINT ( 'NONE', #2579 ) ;
#1564 = EDGE_CURVE ( 'NONE', #1327, #3505, #1581, .T. ) ;
#1565 = PLANE ( 'NONE',  #3151 ) ;
#1566 = ADVANCED_FACE ( 'NONE', ( #5955 ), #2510, .T. ) ;
#1567 = CARTESIAN_POINT ( 'NONE',  ( -0.3354101966250024880, 0.2999999999999944933, 86.51999602396600153 ) ) ;
#1568 = ORIENTED_EDGE ( 'NONE', *, *, #814, .T. ) ;
#1569 = EDGE_CURVE ( 'NONE', #3378, #2335, #4263, .T. ) ;
#1570 = EDGE_CURVE ( 'NONE', #3953, #19, #1063, .T. ) ;
#1571 = DIRECTION ( 'NONE',  ( -0.9000516710581580870, 0.000000000000000000, -0.4357831908477164951 ) ) ;
#1572 = CARTESIAN_POINT ( 'NONE',  ( 0.8149949999999850370, 0.2999999999999944933, 86.21499602396599471 ) ) ;
#1573 = CARTESIAN_POINT ( 'NONE',  ( -0.6665600000161089334, 0.5000000000000000000, 88.76999602396600153 ) ) ;
#1574 = EDGE_CURVE ( 'NONE', #644, #2090, #2833, .T. ) ;
#1575 = ORIENTED_EDGE ( 'NONE', *, *, #4759, .F. ) ;
#1576 = ORIENTED_EDGE ( 'NONE', *, *, #4266, .T. ) ;
#1577 = VECTOR ( 'NONE', #3051, 1000.000000000000000 ) ;
#1578 = EDGE_CURVE ( 'NONE', #645, #2484, #892, .T. ) ;
#1579 = CARTESIAN_POINT ( 'NONE',  ( -1.387778780781445991E-14, -1.009999999999316111, 104.2628561271959882 ) ) ;
#1580 = CARTESIAN_POINT ( 'NONE',  ( 0.1499999999992896182, -1.416128856636555966, 87.47592797929900144 ) ) ;
#1581 = LINE ( 'NONE', #4066, #1203 ) ;
#1582 = DIRECTION ( 'NONE',  ( 0.000000000000000000, -1.000000000000000000, 0.000000000000000000 ) ) ;
#1583 = EDGE_LOOP ( 'NONE', ( #1216, #3143, #4526, #5191 ) ) ;
#1584 = CIRCLE ( 'NONE', #5141, 0.2500000000000000000 ) ;
#1585 = ORIENTED_EDGE ( 'NONE', *, *, #2781, .T. ) ;
#1586 = VECTOR ( 'NONE', #2128, 1000.000000000000000 ) ;
#1587 = FACE_OUTER_BOUND ( 'NONE', #3948, .T. ) ;
#1588 = CARTESIAN_POINT ( 'NONE',  ( 0.9744561315288560177, -0.8637749353145600661, 89.37121166558370078 ) ) ;
#1589 = DIRECTION ( 'NONE',  ( -0.000000000000000000, -0.000000000000000000, 1.000000000000000000 ) ) ;
#1590 = CARTESIAN_POINT ( 'NONE',  ( -1.471789159540854097, 0.4500000000000060063, 87.88474792445140338 ) ) ;
#1591 = AXIS2_PLACEMENT_3D ( 'NONE', #6150, #419, #4164 ) ;
#1592 = ORIENTED_EDGE ( 'NONE', *, *, #4318, .F. ) ;
#1593 = VECTOR ( 'NONE', #5131, 1000.000000000000000 ) ;
#1594 = VECTOR ( 'NONE', #3295, 1000.000000000000000 ) ;
#1595 = CARTESIAN_POINT ( 'NONE',  ( 1.499999999999988010, 0.09999999999998900047, 89.36999602396599585 ) ) ;
#1596 = CARTESIAN_POINT ( 'NONE',  ( -1.500000000000000000, 0.09999999999998900047, 89.36999602396599585 ) ) ;
#1597 = EDGE_CURVE ( 'NONE', #2335, #3378, #4983, .T. ) ;
#1598 = ORIENTED_EDGE ( 'NONE', *, *, #1292, .T. ) ;
#1599 = LINE ( 'NONE', #149, #5266 ) ;
#1600 = ORIENTED_EDGE ( 'NONE', *, *, #3793, .T. ) ;
#1601 = ORIENTED_EDGE ( 'NONE', *, *, #4109, .F. ) ;
#1602 = CARTESIAN_POINT ( 'NONE',  ( 1.082537796358224114, -1.300000000002325962, 89.56820459287089875 ) ) ;
#1603 = DIRECTION ( 'NONE',  ( -0.000000000000000000, -0.000000000000000000, 1.000000000000000000 ) ) ;
#1604 = ORIENTED_EDGE ( 'NONE', *, *, #1718, .F. ) ;
#1605 = DIRECTION ( 'NONE',  ( 0.000000000000000000, 1.000000000000000000, 0.000000000000000000 ) ) ;
#1606 = CARTESIAN_POINT ( 'NONE',  ( -1.387778780781445991E-14, 0.2999999999999944933, 88.76999602396600153 ) ) ;
#1607 = LINE ( 'NONE', #6258, #4233 ) ;
#1608 = CIRCLE ( 'NONE', #4857, 1.344999999999998863 ) ;
#1609 = EDGE_CURVE ( 'NONE', #2621, #1303, #4095, .T. ) ;
#1610 = ORIENTED_EDGE ( 'NONE', *, *, #39, .F. ) ;
#1611 = ORIENTED_EDGE ( 'NONE', *, *, #4371, .T. ) ;
#1612 = CARTESIAN_POINT ( 'NONE',  ( -1.350000000000018074, 0.4500000000000060063, 68.26368161825600112 ) ) ;
#1613 = CARTESIAN_POINT ( 'NONE',  ( -1.086441097743542139, -1.560000000000000053, 89.57045816497910096 ) ) ;
#1614 = DIRECTION ( 'NONE',  ( 0.000000000000000000, 1.000000000000000000, 0.000000000000000000 ) ) ;
#1615 = FILL_AREA_STYLE_COLOUR ( '', #4130 ) ;
#1616 = ORIENTED_EDGE ( 'NONE', *, *, #5344, .T. ) ;
#1617 = VERTEX_POINT ( 'NONE', #5439 ) ;
#1618 = SURFACE_SIDE_STYLE ('',( #2226 ) ) ;
#1619 = LINE ( 'NONE', #4492, #3911 ) ;
#1620 = DIRECTION ( 'NONE',  ( 0.000000000000000000, 0.000000000000000000, -1.000000000000000000 ) ) ;
#1621 = VECTOR ( 'NONE', #244, 1000.000000000000000 ) ;
#1622 = ORIENTED_EDGE ( 'NONE', *, *, #2248, .T. ) ;
#1623 = CARTESIAN_POINT ( 'NONE',  ( -1.428210840459145814, 0.2999999999999944933, 87.86364835922580596 ) ) ;
#1624 = CARTESIAN_POINT ( 'NONE',  ( -1.180009520020522062, 0.5000000000000000000, 89.42472606815589131 ) ) ;
#1625 = EDGE_LOOP ( 'NONE', ( #6210, #1711, #376, #1126 ) ) ;
#1626 = EDGE_LOOP ( 'NONE', ( #1201, #4849, #3988, #4931 ) ) ;
#1627 = VECTOR ( 'NONE', #5808, 1000.000000000000000 ) ;
#1628 = ORIENTED_EDGE ( 'NONE', *, *, #3003, .T. ) ;
#1629 = CIRCLE ( 'NONE', #5918, 0.2000000000000000944 ) ;
#1630 = DIRECTION ( 'NONE',  ( -0.000000000000000000, -0.000000000000000000, -1.000000000000000000 ) ) ;
#1631 = CARTESIAN_POINT ( 'NONE',  ( -0.5269999999998610241, 0.5000000000000000000, 90.01231840487490388 ) ) ;
#1632 = LINE ( 'NONE', #5108, #2987 ) ;
#1633 = ORIENTED_EDGE ( 'NONE', *, *, #4698, .T. ) ;
#1634 = DIRECTION ( 'NONE',  ( 0.000000000000000000, 0.000000000000000000, -1.000000000000000000 ) ) ;
#1635 = CARTESIAN_POINT ( 'NONE',  ( 1.471789159540811687, 0.4500000000000060063, 87.88474792445133232 ) ) ;
#1636 = STYLED_ITEM ( 'NONE', ( #1325 ), #3238 ) ;
#1637 = ORIENTED_EDGE ( 'NONE', *, *, #5435, .T. ) ;
#1638 = B_SPLINE_CURVE_WITH_KNOTS ( 'NONE', 3,
 ( #5358, #2928, #2075, #1113, #3952, #3061, #496, #146, #2989, #3881, #530, #5010, #2457, #2010, #1494, #1972, #978, #1558, #116, #5869, #87, #3026, #5969, #563, #4908, #5415, #2957, #5904, #4014, #3510, #1007 ),
 .UNSPECIFIED., .F., .F.,
 ( 4, 3, 3, 3, 3, 3, 3, 3, 3, 3, 4 ),
 ( 0.0003831793032536997515, 0.0004241808814540721346, 0.0004651725850826798664, 0.0005063125749262466658, 0.0005475576007710345394, 0.0005886415384426578554, 0.0006295494486499359681, 0.0006705410401823654401, 0.0007117448664337614828, 0.0007529595435596097425, 0.0007663592873981225385 ),
 .UNSPECIFIED. ) ;
#1639 = ORIENTED_EDGE ( 'NONE', *, *, #2125, .F. ) ;
#1640 = CARTESIAN_POINT ( 'NONE',  ( -0.1358935998311968096, -0.9443061161404735504, 87.43184845146326722 ) ) ;
#1641 = CARTESIAN_POINT ( 'NONE',  ( 0.000000000000000000, 0.000000000000000000, 84.36499602396600039 ) ) ;
#1642 = CARTESIAN_POINT ( 'NONE',  ( 0.000000000000000000, 0.000000000000000000, 29.36499602396599329 ) ) ;
#1643 = DIRECTION ( 'NONE',  ( 0.000000000000000000, 0.000000000000000000, 1.000000000000000000 ) ) ;
#1644 = ORIENTED_EDGE ( 'NONE', *, *, #210, .F. ) ;
#1645 = ORIENTED_EDGE ( 'NONE', *, *, #4839, .F. ) ;
#1646 = EDGE_CURVE ( 'NONE', #4302, #5027, #549, .T. ) ;
#1647 = EDGE_CURVE ( 'NONE', #836, #5161, #787, .T. ) ;
#1648 = CARTESIAN_POINT ( 'NONE',  ( 0.9326508711153349562, -1.386661630846762305, 89.48166733623344271 ) ) ;
#1649 = CARTESIAN_POINT ( 'NONE',  ( 1.450000000000229994, 0.5000000000000000000, 87.92975050800549752 ) ) ;
#1650 = DIRECTION ( 'NONE',  ( 1.000000000000000000, 0.000000000000000000, 0.000000000000000000 ) ) ;
#1651 = EDGE_CURVE ( 'NONE', #4231, #4059, #4039, .T. ) ;
#1652 = CARTESIAN_POINT ( 'NONE',  ( -0.3649950000000344863, 0.1755096862711134909, 84.51499602396599187 ) ) ;
#1653 = ADVANCED_FACE ( 'NONE', ( #1547 ), #5014, .F. ) ;
#1654 = ORIENTED_EDGE ( 'NONE', *, *, #2635, .F. ) ;
#1655 = EDGE_CURVE ( 'NONE', #4365, #2085, #2063, .T. ) ;
#1656 = B_SPLINE_CURVE_WITH_KNOTS ( 'NONE', 3,
 ( #209, #4074, #650, #3571 ),
 .UNSPECIFIED., .F., .F.,
 ( 4, 4 ),
 ( 2.115929689697976267E-14, 0.0001236757380803971856 ),
 .UNSPECIFIED. ) ;
#1657 = FACE_OUTER_BOUND ( 'NONE', #398, .T. ) ;
#1658 = DIRECTION ( 'NONE',  ( 0.000000000000000000, 0.000000000000000000, -1.000000000000000000 ) ) ;
#1659 = ORIENTED_EDGE ( 'NONE', *, *, #3755, .F. ) ;
#1660 = FACE_OUTER_BOUND ( 'NONE', #5487, .T. ) ;
#1661 = ORIENTED_EDGE ( 'NONE', *, *, #1878, .T. ) ;
#1662 = CARTESIAN_POINT ( 'NONE',  ( -0.6665599999999689551, 0.5000000000000000000, 85.43499602432599715 ) ) ;
#1663 =( LENGTH_UNIT ( ) NAMED_UNIT ( * ) SI_UNIT ( .MILLI., .METRE. ) );
#1664 = ORIENTED_EDGE ( 'NONE', *, *, #3126, .F. ) ;
#1665 = LINE ( 'NONE', #4088, #4273 ) ;
#1666 = ADVANCED_FACE ( 'NONE', ( #3013 ), #4962, .T. ) ;
#1667 = ORIENTED_EDGE ( 'NONE', *, *, #3086, .F. ) ;
#1668 = ORIENTED_EDGE ( 'NONE', *, *, #579, .T. ) ;
#1669 = FACE_OUTER_BOUND ( 'NONE', #5694, .T. ) ;
#1670 = CARTESIAN_POINT ( 'NONE',  ( -0.7763821387354404857, 0.4999999999999604205, 85.55188080901334047 ) ) ;
#1671 = DIRECTION ( 'NONE',  ( 0.000000000000000000, 0.000000000000000000, 1.000000000000000000 ) ) ;
#1672 = DIRECTION ( 'NONE',  ( 1.000000000000000000, 0.000000000000000000, 0.000000000000000000 ) ) ;
#1673 = FACE_OUTER_BOUND ( 'NONE', #5273, .T. ) ;
#1674 = EDGE_LOOP ( 'NONE', ( #91, #6013, #1576, #803 ) ) ;
#1675 = ORIENTED_EDGE ( 'NONE', *, *, #4495, .F. ) ;
#1676 = CARTESIAN_POINT ( 'NONE',  ( -1.387778780781445991E-14, 0.2999999999999944933, 88.76999602396600153 ) ) ;
#1677 = CARTESIAN_POINT ( 'NONE',  ( 1.057928714391016545, -0.9986362277852034453, 89.20795978558078332 ) ) ;
#1678 = AXIS2_PLACEMENT_3D ( 'NONE', #2064, #3497, #958 ) ;
#1679 = CARTESIAN_POINT ( 'NONE',  ( -1.387778780781445991E-14, 0.000000000000000000, 89.24499602396599585 ) ) ;
#1680 = CARTESIAN_POINT ( 'NONE',  ( -0.9172117298287399967, -0.9445171414504409668, 89.45537740879099431 ) ) ;
#1681 = ADVANCED_BREP_SHAPE_REPRESENTATION ( 'Antenne UEFL Brass Light 5_8G', ( #860, #6186 ), #4743 ) ;
#1682 = ORIENTED_EDGE ( 'NONE', *, *, #6302, .T. ) ;
#1683 = EDGE_CURVE ( 'NONE', #2946, #4068, #6041, .T. ) ;
#1684 = CIRCLE ( 'NONE', #450, 0.7499999999969059195 ) ;
#1685 = AXIS2_PLACEMENT_3D ( 'NONE', #2348, #5787, #4189 ) ;
#1686 = CIRCLE ( 'NONE', #47, 1.108578643762694771 ) ;
#1687 = CARTESIAN_POINT ( 'NONE',  ( 1.199999999999999956, 0.2999999999999944933, 87.82609174467499713 ) ) ;
#1688 = LINE ( 'NONE', #3631, #5489 ) ;
#1689 = ORIENTED_EDGE ( 'NONE', *, *, #2744, .F. ) ;
#1690 = CIRCLE ( 'NONE', #3921, 1.302732552838956170 ) ;
#1691 = FACE_OUTER_BOUND ( 'NONE', #1425, .T. ) ;
#1692 = ADVANCED_FACE ( 'NONE', ( #1828 ), #6144, .T. ) ;
#1693 = VECTOR ( 'NONE', #5791, 1000.000000000000000 ) ;
#1694 = CARTESIAN_POINT ( 'NONE',  ( -1.387778780781445991E-14, -1.299999999974321918, 88.76999602396600153 ) ) ;
#1695 = CARTESIAN_POINT ( 'NONE',  ( 0.1164011615104692116, -0.04056962331132944050, 87.63092396200408984 ) ) ;
#1696 = FACE_OUTER_BOUND ( 'NONE', #4943, .T. ) ;
#1697 = CIRCLE ( 'NONE', #3319, 0.2500000000000000000 ) ;
#1698 = ORIENTED_EDGE ( 'NONE', *, *, #3634, .T. ) ;
#1699 = DIRECTION ( 'NONE',  ( 0.000000000000000000, 0.000000000000000000, -1.000000000000000000 ) ) ;
#1700 = AXIS2_PLACEMENT_3D ( 'NONE', #4794, #2814, #2373 ) ;
#1701 = PRESENTATION_LAYER_ASSIGNMENT (  '', '', ( #5773 ) ) ;
#1702 = EDGE_LOOP ( 'NONE', ( #4439, #5685, #2854, #1940 ) ) ;
#1703 = ORIENTED_EDGE ( 'NONE', *, *, #434, .T. ) ;
#1704 = CIRCLE ( 'NONE', #975, 0.3499999999999999778 ) ;
#1705 = CARTESIAN_POINT ( 'NONE',  ( -0.1499999999993174016, -1.009999999999316111, 87.63486387306890890 ) ) ;
#1706 = DIRECTION ( 'NONE',  ( -0.000000000000000000, -1.000000000000000000, -0.000000000000000000 ) ) ;
#1707 = CARTESIAN_POINT ( 'NONE',  ( -1.045695800895904082, -1.416128856630449961, 89.54693385687900786 ) ) ;
#1708 = PLANE ( 'NONE',  #6138 ) ;
#1709 = SURFACE_STYLE_USAGE ( .BOTH. , #2607 ) ;
#1710 = ORIENTED_EDGE ( 'NONE', *, *, #3380, .T. ) ;
#1711 = ORIENTED_EDGE ( 'NONE', *, *, #5274, .F. ) ;
#1712 = CARTESIAN_POINT ( 'NONE',  ( 1.052163555443573983, -0.9445171414504129892, 89.22163399025789943 ) ) ;
#1713 = CARTESIAN_POINT ( 'NONE',  ( 0.03343995301624545086, -0.8637749353145600661, 87.62548443837928858 ) ) ;
#1714 = DIRECTION ( 'NONE',  ( 1.000000000000000000, 0.000000000000000000, 0.000000000000000000 ) ) ;
#1715 = ORIENTED_EDGE ( 'NONE', *, *, #813, .F. ) ;
#1716 = AXIS2_PLACEMENT_3D ( 'NONE', #1642, #133, #1095 ) ;
#1717 = DIRECTION ( 'NONE',  ( 0.000000000000000000, 0.000000000000000000, -1.000000000000000000 ) ) ;
#1718 = EDGE_CURVE ( 'NONE', #5986, #2931, #3739, .T. ) ;
#1719 = VERTEX_POINT ( 'NONE', #1277 ) ;
#1720 = DIRECTION ( 'NONE',  ( 0.000000000000000000, 0.000000000000000000, -1.000000000000000000 ) ) ;
#1721 = CARTESIAN_POINT ( 'NONE',  ( -0.1499999999993174016, -1.473328650843940268, 87.57807460801645050 ) ) ;
#1722 = VECTOR ( 'NONE', #3158, 1000.000000000000114 ) ;
#1723 = DIRECTION ( 'NONE',  ( 0.000000000000000000, 0.000000000000000000, 1.000000000000000000 ) ) ;
#1724 = FACE_BOUND ( 'NONE', #4262, .T. ) ;
#1725 = ADVANCED_FACE ( 'NONE', ( #1310 ), #5117, .T. ) ;
#1726 = EDGE_LOOP ( 'NONE', ( #1346, #3412, #1097, #4121 ) ) ;
#1727 = EDGE_CURVE ( 'NONE', #5361, #5641, #3650, .T. ) ;
#1728 = VECTOR ( 'NONE', #3371, 1000.000000000000114 ) ;
#1729 = EDGE_LOOP ( 'NONE', ( #2477, #1698, #5209, #2647 ) ) ;
#1730 = CARTESIAN_POINT ( 'NONE',  ( 0.5500000000000000444, 0.000000000000000000, 82.41186213473042699 ) ) ;
#1731 = CARTESIAN_POINT ( 'NONE',  ( -0.1425212700960724055, -0.9602908583027486289, 87.43256310414871280 ) ) ;
#1732 = DIRECTION ( 'NONE',  ( 0.000000000000000000, 0.000000000000000000, 1.000000000000000000 ) ) ;
#1733 = SURFACE_SIDE_STYLE ('',( #2223 ) ) ;
#1734 = VERTEX_POINT ( 'NONE', #3677 ) ;
#1735 = ORIENTED_EDGE ( 'NONE', *, *, #974, .T. ) ;
#1736 = CARTESIAN_POINT ( 'NONE',  ( -0.2720753572083149940, 0.2999999999999944933, 88.76999602396600153 ) ) ;
#1737 = CARTESIAN_POINT ( 'NONE',  ( -0.9086470058922020421, -0.9929961987921180899, 89.46669224089500005 ) ) ;
#1738 = ORIENTED_EDGE ( 'NONE', *, *, #2377, .T. ) ;
#1739 = ORIENTED_EDGE ( 'NONE', *, *, #6034, .F. ) ;
#1740 = CARTESIAN_POINT ( 'NONE',  ( -0.7165600000000521552, 0.4500000000000060063, 85.09499602396600437 ) ) ;
#1741 = CARTESIAN_POINT ( 'NONE',  ( -1.387778780781445991E-14, 0.000000000000000000, 88.76999602396600153 ) ) ;
#1742 = CARTESIAN_POINT ( 'NONE',  ( -1.406421680915080019, 0.5000000000000000000, 87.90865094277840797 ) ) ;
#1743 = ORIENTED_EDGE ( 'NONE', *, *, #2543, .T. ) ;
#1744 = DIRECTION ( 'NONE',  ( 0.9658987175526235758, 0.000000000000000000, 0.2589201950991794621 ) ) ;
#1745 = VECTOR ( 'NONE', #227, 1000.000000000000000 ) ;
#1746 =( BOUNDED_CURVE ( )  B_SPLINE_CURVE ( 3, ( #3342, #5228, #4362, #6199 ),
 .UNSPECIFIED., .F., .F. ) 
 B_SPLINE_CURVE_WITH_KNOTS ( ( 4, 4 ),
 ( 3.589807327492612554, 3.839142329470286441 ),
 .UNSPECIFIED. ) 
 CURVE ( )  GEOMETRIC_REPRESENTATION_ITEM ( )  RATIONAL_B_SPLINE_CURVE ( ( 1.000000000000000000, 0.9948260444050884832, 0.9948260444050884832, 1.000000000000000000 ) ) 
 REPRESENTATION_ITEM ( '' )  );
#1747 = DIRECTION ( 'NONE',  ( -0.4357831908167431045, 0.000000000000000000, 0.9000516710731546466 ) ) ;
#1748 = LINE ( 'NONE', #6295, #2216 ) ;
#1749 = CARTESIAN_POINT ( 'NONE',  ( 0.2720753572082595384, 0.2999999999999944933, 85.41999602396599300 ) ) ;
#1750 = EDGE_LOOP ( 'NONE', ( #4063, #829, #4167, #1807, #4089 ) ) ;
#1751 = ADVANCED_FACE ( 'NONE', ( #1761 ), #1708, .F. ) ;
#1752 = ADVANCED_FACE ( 'NONE', ( #322 ), #4808, .T. ) ;
#1753 = EDGE_CURVE ( 'NONE', #762, #3192, #827, .T. ) ;
#1754 = ORIENTED_EDGE ( 'NONE', *, *, #819, .F. ) ;
#1755 = ADVANCED_FACE ( 'NONE', ( #2189 ), #5146, .T. ) ;
#1756 = DIRECTION ( 'NONE',  ( 0.000000000000000000, 0.000000000000000000, 1.000000000000000000 ) ) ;
#1757 = DIRECTION ( 'NONE',  ( -0.8660254037790087178, 0.000000000000000000, 0.5000000000094049213 ) ) ;
#1758 = VERTEX_POINT ( 'NONE', #5724 ) ;
#1759 = LINE ( 'NONE', #6113, #4232 ) ;
#1760 = EDGE_CURVE ( 'NONE', #4138, #1559, #114, .T. ) ;
#1761 = FACE_OUTER_BOUND ( 'NONE', #2313, .T. ) ;
#1762 = CARTESIAN_POINT ( 'NONE',  ( 1.449999999999979972, 0.5000000000000000000, 89.38250577729660051 ) ) ;
#1763 = ORIENTED_EDGE ( 'NONE', *, *, #3360, .F. ) ;
#1764 = ORIENTED_EDGE ( 'NONE', *, *, #4684, .F. ) ;
#1765 = EDGE_CURVE ( 'NONE', #1303, #5873, #4670, .T. ) ;
#1766 = SURFACE_STYLE_FILL_AREA ( #2849 ) ;
#1767 = DIRECTION ( 'NONE',  ( 1.000000000000000000, 0.000000000000000000, 0.000000000000000000 ) ) ;
#1768 = CYLINDRICAL_SURFACE ( 'NONE', #1788, 1.349479121039998120 ) ;
#1769 = CYLINDRICAL_SURFACE ( 'NONE', #4024, 0.1224999999999999978 ) ;
#1770 = CARTESIAN_POINT ( 'NONE',  ( -1.387778780781445991E-14, 0.5000000000000000000, 88.76999602396600153 ) ) ;
#1771 = ORIENTED_EDGE ( 'NONE', *, *, #2740, .T. ) ;
#1772 = VECTOR ( 'NONE', #3274, 1000.000000000000000 ) ;
#1773 = ORIENTED_EDGE ( 'NONE', *, *, #3531, .T. ) ;
#1774 = VECTOR ( 'NONE', #2921, 1000.000000000000000 ) ;
#1775 = CARTESIAN_POINT ( 'NONE',  ( 0.004826436809025633733, 0.1224999999999975830, 88.01999602396911371 ) ) ;
#1776 = DIRECTION ( 'NONE',  ( 0.000000000000000000, -1.000000000000000000, 0.000000000000000000 ) ) ;
#1777 = DIRECTION ( 'NONE',  ( 0.9990458660452981032, 0.000000000000000000, -0.04367330463567187931 ) ) ;
#1778 = SURFACE_SIDE_STYLE ('',( #4781 ) ) ;
#1779 = VERTEX_POINT ( 'NONE', #925 ) ;
#1780 = CARTESIAN_POINT ( 'NONE',  ( -0.3103994648601116624, 0.4540398354930504365, 84.36499602396600039 ) ) ;
#1781 = AXIS2_PLACEMENT_3D ( 'NONE', #5286, #3844, #3268 ) ;
#1782 = VECTOR ( 'NONE', #6081, 1000.000000000000000 ) ;
#1783 = CARTESIAN_POINT ( 'NONE',  ( -1.387778780781445991E-14, -1.560000000000000053, 88.76999602396600153 ) ) ;
#1784 = AXIS2_PLACEMENT_3D ( 'NONE', #2872, #2376, #2285 ) ;
#1785 = CARTESIAN_POINT ( 'NONE',  ( -1.387778780781445991E-14, -1.653000000000000025, 88.76999602396600153 ) ) ;
#1786 = LINE ( 'NONE', #5411, #3602 ) ;
#1787 = ORIENTED_EDGE ( 'NONE', *, *, #6264, .F. ) ;
#1788 = AXIS2_PLACEMENT_3D ( 'NONE', #3267, #1316, #3333 ) ;
#1789 = AXIS2_PLACEMENT_3D ( 'NONE', #1122, #1699, #1605 ) ;
#1790 = VERTEX_POINT ( 'NONE', #5246 ) ;
#1791 = AXIS2_PLACEMENT_3D ( 'NONE', #5922, #1546, #3495 ) ;
#1792 = CARTESIAN_POINT ( 'NONE',  ( -0.8149950000000130146, -0.2500000000000000000, 86.21499602396599471 ) ) ;
#1793 = CARTESIAN_POINT ( 'NONE',  ( 1.245008737054394743, 0.5000000000000366374, 86.76585837193282202 ) ) ;
#1794 = FACE_OUTER_BOUND ( 'NONE', #5383, .T. ) ;
#1795 = ORIENTED_EDGE ( 'NONE', *, *, #1103, .T. ) ;
#1796 = CARTESIAN_POINT ( 'NONE',  ( -0.6665600000000109215, 0.4500000000000060063, 85.43499602432599715 ) ) ;
#1797 = AXIS2_PLACEMENT_3D ( 'NONE', #225, #6080, #3140 ) ;
#1798 = CARTESIAN_POINT ( 'NONE',  ( -0.2500000000000139888, 0.2999999999999944933, 88.46999602396599016 ) ) ;
#1799 = DIRECTION ( 'NONE',  ( 1.000000000000000000, 0.000000000000000000, 0.000000000000000000 ) ) ;
#1800 = EDGE_CURVE ( 'NONE', #1779, #5412, #2449, .T. ) ;
#1801 = ORIENTED_EDGE ( 'NONE', *, *, #231, .T. ) ;
#1802 = B_SPLINE_CURVE_WITH_KNOTS ( 'NONE', 3,
 ( #6240, #286, #6272, #3195 ),
 .UNSPECIFIED., .F., .F.,
 ( 4, 4 ),
 ( 0.000000000000000000, 1.000000000000000000 ),
 .UNSPECIFIED. ) ;
#1803 = CARTESIAN_POINT ( 'NONE',  ( 0.4000000000000000777, 0.000000000000000000, 82.41186213473042699 ) ) ;
#1804 = CARTESIAN_POINT ( 'NONE',  ( 1.058053279326981899, -1.009999999999316111, 89.20765828885600968 ) ) ;
#1805 = CARTESIAN_POINT ( 'NONE',  ( -1.699999999999999956, 0.000000000000000000, 53.86499602396599329 ) ) ;
#1806 = LINE ( 'NONE', #2703, #6200 ) ;
#1807 = ORIENTED_EDGE ( 'NONE', *, *, #4369, .T. ) ;
#1808 = ORIENTED_EDGE ( 'NONE', *, *, #232, .F. ) ;
#1809 = CARTESIAN_POINT ( 'NONE',  ( 0.1162655570767343743, -0.04097143011300238141, 88.02905596208702832 ) ) ;
#1810 = CARTESIAN_POINT ( 'NONE',  ( -0.4000000000000115130, 0.2999999999999944933, 88.46999602396599016 ) ) ;
#1811 = ADVANCED_FACE ( 'NONE', ( #5281 ), #3889, .T. ) ;
#1812 = CARTESIAN_POINT ( 'NONE',  ( -0.8149950000000180106, 0.4653000412828950383, 85.01499602396580713 ) ) ;
#1813 = CARTESIAN_POINT ( 'NONE',  ( 1.157497499995399526, 0.4500000000000060063, 86.71499268920801740 ) ) ;
#1814 = ORIENTED_EDGE ( 'NONE', *, *, #5428, .F. ) ;
#1815 = DIRECTION ( 'NONE',  ( 0.000000000000000000, -1.000000000000000000, 0.000000000000000000 ) ) ;
#1816 = CARTESIAN_POINT ( 'NONE',  ( -0.9456351623275134344, 0.4500000000000060618, 86.64467760542214592 ) ) ;
#1817 = CARTESIAN_POINT ( 'NONE',  ( 0.1499999999992339961, -1.560000000002530030, 87.42887936309568886 ) ) ;
#1818 = ORIENTED_EDGE ( 'NONE', *, *, #1176, .F. ) ;
#1819 = SHAPE_DEFINITION_REPRESENTATION ( #4841, #1681 ) ;
#1820 = ORIENTED_EDGE ( 'NONE', *, *, #4498, .T. ) ;
#1821 = AXIS2_PLACEMENT_3D ( 'NONE', #2310, #1400, #2782 ) ;
#1822 = DIRECTION ( 'NONE',  ( -1.000000000000000000, -0.000000000000000000, -4.612167869844089618E-10 ) ) ;
#1823 = CARTESIAN_POINT ( 'NONE',  ( 1.150973739894367576, 0.5000000000000366374, 86.73464905566466143 ) ) ;
#1824 = DIRECTION ( 'NONE',  ( 0.000000000000000000, 0.000000000000000000, -1.000000000000000000 ) ) ;
#1825 = LINE ( 'NONE', #4853, #6248 ) ;
#1826 = ORIENTED_EDGE ( 'NONE', *, *, #3705, .F. ) ;
#1827 = CARTESIAN_POINT ( 'NONE',  ( 0.7165599999999411329, 0.4792893218814189837, 85.48185893896761911 ) ) ;
#1828 = FACE_OUTER_BOUND ( 'NONE', #6129, .T. ) ;
#1829 = PLANE ( 'NONE',  #3409 ) ;
#1830 = VECTOR ( 'NONE', #668, 1000.000000000000000 ) ;
#1831 = AXIS2_PLACEMENT_3D ( 'NONE', #725, #4149, #6103 ) ;
#1832 = CARTESIAN_POINT ( 'NONE',  ( 1.232537796354072013, -1.009999999999316111, 89.30839697173510672 ) ) ;
#1833 = DIRECTION ( 'NONE',  ( 0.000000000000000000, 0.000000000000000000, 1.000000000000000000 ) ) ;
#1834 = DIRECTION ( 'NONE',  ( -3.252606517456871760E-13, 0.000000000000000000, 1.000000000000000000 ) ) ;
#1835 = CARTESIAN_POINT ( 'NONE',  ( 1.157497499981825939, 0.2999999999999944933, 86.71499268920349834 ) ) ;
#1836 = ORIENTED_EDGE ( 'NONE', *, *, #5348, .T. ) ;
#1837 = ADVANCED_FACE ( 'NONE', ( #6245 ), #4907, .F. ) ;
#1838 = VERTEX_POINT ( 'NONE', #5843 ) ;
#1839 = CIRCLE ( 'NONE', #6233, 1.302732552849197756 ) ;
#1840 = EDGE_CURVE ( 'NONE', #1758, #5324, #3327, .T. ) ;
#1841 = CARTESIAN_POINT ( 'NONE',  ( 1.350000000000000089, 0.4500000000000060063, 104.2628561271959882 ) ) ;
#1842 = EDGE_CURVE ( 'NONE', #2785, #7, #4765, .T. ) ;
#1843 = ADVANCED_FACE ( 'NONE', ( #5755 ), #476, .T. ) ;
#1844 = ADVANCED_FACE ( 'NONE', ( #3293 ), #2347, .T. ) ;
#1845 = CARTESIAN_POINT ( 'NONE',  ( -1.387778780781445991E-14, -1.299999999917477833, 88.76999602396600153 ) ) ;
#1846 = CYLINDRICAL_SURFACE ( 'NONE', #4544, 0.1499999999992999988 ) ;
#1847 = DIRECTION ( 'NONE',  ( 0.000000000000000000, 0.000000000000000000, -1.000000000000000000 ) ) ;
#1848 = ORIENTED_EDGE ( 'NONE', *, *, #5084, .F. ) ;
#1849 = FACE_OUTER_BOUND ( 'NONE', #4626, .T. ) ;
#1850 = EDGE_CURVE ( 'NONE', #678, #917, #2375, .T. ) ;
#1851 = VECTOR ( 'NONE', #2490, 1000.000000000000000 ) ;
#1852 = DIRECTION ( 'NONE',  ( 0.000000000000000000, -1.000000000000000000, 0.000000000000000000 ) ) ;
#1853 = ORIENTED_EDGE ( 'NONE', *, *, #2847, .T. ) ;
#1854 = AXIS2_PLACEMENT_3D ( 'NONE', #1918, #1403, #3354 ) ;
#1855 = ORIENTED_EDGE ( 'NONE', *, *, #3370, .T. ) ;
#1856 = FACE_OUTER_BOUND ( 'NONE', #6146, .T. ) ;
#1857 = CARTESIAN_POINT ( 'NONE',  ( -0.8149950000000130146, 0.2999999999999944933, 85.51499602396599187 ) ) ;
#1858 = CARTESIAN_POINT ( 'NONE',  ( 0.8149949999999850370, 0.2999999999999944933, 86.21499602396599471 ) ) ;
#1859 = CARTESIAN_POINT ( 'NONE',  ( -1.387778780781445991E-14, 0.2999999999999944933, 85.41999602396599300 ) ) ;
#1860 = ORIENTED_EDGE ( 'NONE', *, *, #2162, .T. ) ;
#1861 = FACE_OUTER_BOUND ( 'NONE', #3323, .T. ) ;
#1862 =( NAMED_UNIT ( * ) PLANE_ANGLE_UNIT ( ) SI_UNIT ( $, .RADIAN. ) );
#1863 = CARTESIAN_POINT ( 'NONE',  ( 1.499999999999988010, 0.2999999999999944933, 89.36999602396599585 ) ) ;
#1864 = ADVANCED_FACE ( 'NONE', ( #1982 ), #510, .T. ) ;
#1865 = CYLINDRICAL_SURFACE ( 'NONE', #465, 1.344999999999998863 ) ;
#1866 = CARTESIAN_POINT ( 'NONE',  ( -1.200000000000019940, 0.2999999999999944933, 87.82609174467499713 ) ) ;
#1867 = CARTESIAN_POINT ( 'NONE',  ( -0.7204077631946164129, 0.5000000000000059952, 85.56499602395813042 ) ) ;
#1868 = CARTESIAN_POINT ( 'NONE',  ( 1.449999999999979972, -4.245416000000000523, 87.81864577567199603 ) ) ;
#1869 = ORIENTED_EDGE ( 'NONE', *, *, #429, .F. ) ;
#1870 = ORIENTED_EDGE ( 'NONE', *, *, #3557, .F. ) ;
#1871 = VECTOR ( 'NONE', #3671, 1000.000000000000000 ) ;
#1872 = FILL_AREA_STYLE_COLOUR ( '', #1271 ) ;
#1873 = CARTESIAN_POINT ( 'NONE',  ( -0.7965599998417389749, 0.4500000000000060063, 85.56499602396600324 ) ) ;
#1874 = DIRECTION ( 'NONE',  ( 0.000000000000000000, -1.000000000000000000, 0.000000000000000000 ) ) ;
#1875 = FACE_OUTER_BOUND ( 'NONE', #1750, .T. ) ;
#1876 = ORIENTED_EDGE ( 'NONE', *, *, #4491, .T. ) ;
#1877 = CYLINDRICAL_SURFACE ( 'NONE', #3219, 0.07999999999999674039 ) ;
#1878 = EDGE_CURVE ( 'NONE', #4021, #4939, #4283, .T. ) ;
#1879 = EDGE_CURVE ( 'NONE', #4068, #424, #4347, .T. ) ;
#1880 = DIRECTION ( 'NONE',  ( 0.000000000000000000, 1.000000000000000000, 0.000000000000000000 ) ) ;
#1881 = ORIENTED_EDGE ( 'NONE', *, *, #974, .F. ) ;
#1882 = VECTOR ( 'NONE', #4868, 1000.000000000000000 ) ;
#1883 = ORIENTED_EDGE ( 'NONE', *, *, #4497, .T. ) ;
#1884 = AXIS2_PLACEMENT_3D ( 'NONE', #1676, #4613, #5093 ) ;
#1885 = STYLED_ITEM ( 'NONE', ( #3110 ), #4965 ) ;
#1886 = FACE_OUTER_BOUND ( 'NONE', #5712, .T. ) ;
#1887 = DIRECTION ( 'NONE',  ( -3.049990815462758276E-10, 0.000000000000000000, -1.000000000000000000 ) ) ;
#1888 = DIRECTION ( 'NONE',  ( -0.000000000000000000, -0.000000000000000000, -1.000000000000000000 ) ) ;
#1889 = CARTESIAN_POINT ( 'NONE',  ( 1.499999999999988010, 0.2999999999999944933, 89.37468692922600155 ) ) ;
#1890 = EDGE_LOOP ( 'NONE', ( #3432, #6003, #407, #4817 ) ) ;
#1891 = CARTESIAN_POINT ( 'NONE',  ( -1.379289321883578001, 0.5000000000002720046, 87.84652197700739862 ) ) ;
#1892 = PRESENTATION_LAYER_ASSIGNMENT (  '', '', ( #3927 ) ) ;
#1893 = CARTESIAN_POINT ( 'NONE',  ( 0.7965599999850140334, 0.4887769361334169949, 84.99656102395029222 ) ) ;
#1894 = PLANE ( 'NONE',  #1685 ) ;
#1895 = AXIS2_PLACEMENT_3D ( 'NONE', #691, #3665, #5616 ) ;
#1896 = STYLED_ITEM ( 'NONE', ( #5667 ), #3708 ) ;
#1897 = DIRECTION ( 'NONE',  ( -1.000000000000000000, -0.000000000000000000, -0.000000000000000000 ) ) ;
#1898 = CARTESIAN_POINT ( 'NONE',  ( 1.058053279312673789, -1.299999999964855935, 89.20765828884849213 ) ) ;
#1899 = DIRECTION ( 'NONE',  ( 1.000000000000000000, 0.000000000000000000, 0.000000000000000000 ) ) ;
#1900 = DIRECTION ( 'NONE',  ( 0.000000000000000000, 0.000000000000000000, 1.000000000000000000 ) ) ;
#1901 = DIRECTION ( 'NONE',  ( 0.000000000000000000, -1.000000000000000000, 0.000000000000000000 ) ) ;
#1902 = ORIENTED_EDGE ( 'NONE', *, *, #4807, .F. ) ;
#1903 = ORIENTED_EDGE ( 'NONE', *, *, #2708, .T. ) ;
#1904 = CIRCLE ( 'NONE', #6087, 0.07999999999999674039 ) ;
#1905 = CARTESIAN_POINT ( 'NONE',  ( -1.400000000000011902, 0.2999999999999944933, 86.88953935445299237 ) ) ;
#1906 = DIRECTION ( 'NONE',  ( 0.9658987175258111346, -0.000000000000000000, -0.2589201951992030626 ) ) ;
#1907 = PLANE ( 'NONE',  #4693 ) ;
#1908 = B_SPLINE_CURVE_WITH_KNOTS ( 'NONE', 3,
 ( #2613, #1648, #4553, #2134 ),
 .UNSPECIFIED., .F., .F.,
 ( 4, 4 ),
 ( 9.987337331812761323E-16, 0.0002735921098944005649 ),
 .UNSPECIFIED. ) ;
#1909 = CYLINDRICAL_SURFACE ( 'NONE', #3329, 0.04999999999999449329 ) ;
#1910 = AXIS2_PLACEMENT_3D ( 'NONE', #3540, #5932, #3981 ) ;
#1911 = CARTESIAN_POINT ( 'NONE',  ( 1.399999999999983924, 0.2999999999999944933, 87.84999999999999432 ) ) ;
#1912 = VERTEX_POINT ( 'NONE', #3001 ) ;
#1913 = ORIENTED_EDGE ( 'NONE', *, *, #4888, .T. ) ;
#1914 = ORIENTED_EDGE ( 'NONE', *, *, #4419, .F. ) ;
#1915 = EDGE_CURVE ( 'NONE', #4055, #534, #3070, .T. ) ;
#1916 = DIRECTION ( 'NONE',  ( 0.000000000000000000, 0.000000000000000000, 1.000000000000000000 ) ) ;
#1917 = LINE ( 'NONE', #6337, #3629 ) ;
#1918 = CARTESIAN_POINT ( 'NONE',  ( -0.7965599999400500009, 0.4500000000000060063, 84.96499602396599471 ) ) ;
#1919 =( NAMED_UNIT ( * ) SI_UNIT ( $, .STERADIAN. ) SOLID_ANGLE_UNIT ( ) );
#1920 = AXIS2_PLACEMENT_3D ( 'NONE', #6095, #6062, #4594 ) ;
#1921 = CARTESIAN_POINT ( 'NONE',  ( 0.7165600001297284249, 0.4792893218814157086, 85.04813310884112809 ) ) ;
#1922 = EDGE_CURVE ( 'NONE', #3511, #6040, #2120, .T. ) ;
#1923 = VECTOR ( 'NONE', #4688, 1000.000000000000000 ) ;
#1924 = DIRECTION ( 'NONE',  ( 1.000000000000000000, 0.000000000000000000, 0.000000000000000000 ) ) ;
#1925 = CARTESIAN_POINT ( 'NONE',  ( -1.380111880632336474, 0.4920074034357702630, 86.89668822425551298 ) ) ;
#1926 = CARTESIAN_POINT ( 'NONE',  ( -1.449999999999999956, 0.5000000000000000000, 89.38250577729600366 ) ) ;
#1927 = CIRCLE ( 'NONE', #6014, 0.2500000000000000000 ) ;
#1928 = CARTESIAN_POINT ( 'NONE',  ( 0.3103994648600729156, 0.2601483657734020016, 84.36499602396600039 ) ) ;
#1929 = CARTESIAN_POINT ( 'NONE',  ( 0.1499999999992896182, -1.386661630796508504, 87.60646102059972407 ) ) ;
#1930 = ORIENTED_EDGE ( 'NONE', *, *, #6172, .F. ) ;
#1931 = EDGE_LOOP ( 'NONE', ( #5144, #1853, #6076, #2493 ) ) ;
#1932 = AXIS2_PLACEMENT_3D ( 'NONE', #2683, #2628, #2209 ) ;
#1933 = CARTESIAN_POINT ( 'NONE',  ( -1.449528768078359953, 0.4999977793554490346, 87.90046248694710584 ) ) ;
#1934 = LINE ( 'NONE', #3978, #3401 ) ;
#1935 = DIRECTION ( 'NONE',  ( -0.000000000000000000, 1.000000000000000000, -0.000000000000000000 ) ) ;
#1936 = PLANE ( 'NONE',  #4970 ) ;
#1937 = LINE ( 'NONE', #6327, #4905 ) ;
#1938 = COLOUR_RGB ( '',0.000000000000000000, 0.000000000000000000, 0.000000000000000000 ) ;
#1939 = ORIENTED_EDGE ( 'NONE', *, *, #4099, .F. ) ;
#1940 = ORIENTED_EDGE ( 'NONE', *, *, #1091, .F. ) ;
#1941 = ORIENTED_EDGE ( 'NONE', *, *, #553, .T. ) ;
#1942 = DIRECTION ( 'NONE',  ( 0.000000000000000000, 1.000000000000000000, 0.000000000000000000 ) ) ;
#1943 = CARTESIAN_POINT ( 'NONE',  ( -0.02740700938794993560, 0.1201659607043573802, 88.02038669679903649 ) ) ;
#1944 = ADVANCED_FACE ( 'NONE', ( #2972 ), #3583, .T. ) ;
#1945 = PLANE ( 'NONE',  #5859 ) ;
#1946 = SURFACE_SIDE_STYLE ('',( #6209 ) ) ;
#1947 = CARTESIAN_POINT ( 'NONE',  ( -0.8083390802107738304, 0.5000000000000000000, 86.46287540585554154 ) ) ;
#1948 =( LENGTH_UNIT ( ) NAMED_UNIT ( * ) SI_UNIT ( .MILLI., .METRE. ) );
#1949 = CARTESIAN_POINT ( 'NONE',  ( 0.6665600002106862876, 0.5000000000000061062, 85.01884378688799870 ) ) ;
#1950 = VECTOR ( 'NONE', #2468, 1000.000000000000000 ) ;
#1951 = EDGE_CURVE ( 'NONE', #3986, #7, #5879, .T. ) ;
#1952 = EDGE_CURVE ( 'NONE', #3460, #4131, #1541, .T. ) ;
#1953 = ADVANCED_FACE ( 'NONE', ( #4539 ), #5982, .T. ) ;
#1954 = ADVANCED_FACE ( 'NONE', ( #5465 ), #3058, .T. ) ;
#1955 = DIRECTION ( 'NONE',  ( 0.000000000000000000, 0.000000000000000000, 1.000000000000000000 ) ) ;
#1956 = FACE_OUTER_BOUND ( 'NONE', #2329, .T. ) ;
#1957 = PLANE ( 'NONE',  #559 ) ;
#1958 = DIRECTION ( 'NONE',  ( 0.000000000000000000, 1.000000000000000000, 0.000000000000000000 ) ) ;
#1959 = CARTESIAN_POINT ( 'NONE',  ( 0.1802775637731874880, 0.2999999999999944933, 86.90000000000000568 ) ) ;
#1960 = ORIENTED_EDGE ( 'NONE', *, *, #6016, .T. ) ;
#1961 = ORIENTED_EDGE ( 'NONE', *, *, #3312, .F. ) ;
#1962 = EDGE_CURVE ( 'NONE', #2767, #4059, #2349, .T. ) ;
#1963 = EDGE_CURVE ( 'NONE', #1838, #5588, #3489, .T. ) ;
#1964 = CARTESIAN_POINT ( 'NONE',  ( -1.449528768078358398, 0.4500000000000060063, 87.87975272864954945 ) ) ;
#1965 = B_SPLINE_CURVE_WITH_KNOTS ( 'NONE', 3,
 ( #6133, #5351, #969, #2923, #251, #3693, #783, #2750, #2210, #4695, #311, #4205, #817, #3729, #5683, #3251, #5511, #5894, #5863, #5382, #4459, #558, #1522, #4937, #3053, #3471, #2952, #1485, #5410, #81, #1070 ),
 .UNSPECIFIED., .F., .F.,
 ( 4, 3, 3, 3, 3, 3, 3, 3, 3, 3, 4 ),
 ( 8.653916737128200892E-17, 5.019105467404139803E-05, 0.0001003687762966260877, 0.0001507462945309323544, 0.0002012619129753183617, 0.0002515630814555672840, 0.0003016339522602629292, 0.0003518135252779340787, 0.0004022730177751336622, 0.0004527503360224822732, 0.0004692274733418723832 ),
 .UNSPECIFIED. ) ;
#1966 = DIRECTION ( 'NONE',  ( 0.000000000000000000, 0.000000000000000000, 1.000000000000000000 ) ) ;
#1967 = CARTESIAN_POINT ( 'NONE',  ( -1.360980698517075371, 0.5000000000000059952, 86.92085192397331639 ) ) ;
#1968 = LINE ( 'NONE', #1002, #648 ) ;
#1969 = ORIENTED_EDGE ( 'NONE', *, *, #42, .F. ) ;
#1970 =( GEOMETRIC_REPRESENTATION_CONTEXT ( 3 ) GLOBAL_UNCERTAINTY_ASSIGNED_CONTEXT ( ( #1489 ) ) GLOBAL_UNIT_ASSIGNED_CONTEXT ( ( #4786, #3823, #4938 ) ) REPRESENTATION_CONTEXT ( 'NONE', 'WORKASPACE' ) );
#1971 = LINE ( 'NONE', #495, #2450 ) ;
#1972 = CARTESIAN_POINT ( 'NONE',  ( -0.1217146537181855864, -0.01384893751391060024, 87.63148359844299762 ) ) ;
#1973 = CARTESIAN_POINT ( 'NONE',  ( -0.7649950000002130324, 0.5000000000000000000, 85.56110570152900152 ) ) ;
#1974 = VERTEX_POINT ( 'NONE', #2633 ) ;
#1975 = AXIS2_PLACEMENT_3D ( 'NONE', #1519, #2556, #4972 ) ;
#1976 = ORIENTED_EDGE ( 'NONE', *, *, #3828, .T. ) ;
#1977 = CARTESIAN_POINT ( 'NONE',  ( -0.5270000000000140128, 0.2999999999999944933, 90.10775836525598947 ) ) ;
#1978 = CARTESIAN_POINT ( 'NONE',  ( -0.01360985678199218979, 0.1224999999999975830, 88.01999602396911371 ) ) ;
#1979 = LINE ( 'NONE', #538, #5347 ) ;
#1980 = ORIENTED_EDGE ( 'NONE', *, *, #3745, .F. ) ;
#1981 = CARTESIAN_POINT ( 'NONE',  ( -0.9080532793127730207, -1.299999999985895993, 89.46746590998961324 ) ) ;
#1982 = FACE_OUTER_BOUND ( 'NONE', #1726, .T. ) ;
#1983 = CARTESIAN_POINT ( 'NONE',  ( -1.387778780781445991E-14, 0.000000000000000000, 84.36499602396600039 ) ) ;
#1984 = CIRCLE ( 'NONE', #3210, 0.2500000000000000000 ) ;
#1985 = AXIS2_PLACEMENT_3D ( 'NONE', #34, #2580, #3046 ) ;
#1986 = AXIS2_PLACEMENT_3D ( 'NONE', #2998, #1461, #3960 ) ;
#1987 = EDGE_CURVE ( 'NONE', #1563, #4509, #4785, .T. ) ;
#1988 = CARTESIAN_POINT ( 'NONE',  ( -1.236441097746232121, -1.560000000002450093, 89.31065054384690427 ) ) ;
#1989 = FACE_OUTER_BOUND ( 'NONE', #5492, .T. ) ;
#1990 = FACE_OUTER_BOUND ( 'NONE', #3276, .T. ) ;
#1991 = CARTESIAN_POINT ( 'NONE',  ( 0.9303357769071629590, 0.5000000000000019984, 86.66142142575630203 ) ) ;
#1992 = VECTOR ( 'NONE', #5917, 1000.000000000000000 ) ;
#1993 = CARTESIAN_POINT ( 'NONE',  ( 1.249990000000000157, -0.5500000000000000444, 87.84999999999999432 ) ) ;
#1994 = CARTESIAN_POINT ( 'NONE',  ( -0.1499999999993174016, -1.560000000002530030, 87.42887936309568886 ) ) ;
#1995 = ORIENTED_EDGE ( 'NONE', *, *, #884, .F. ) ;
#1996 = ORIENTED_EDGE ( 'NONE', *, *, #3477, .T. ) ;
#1997 =( BOUNDED_SURFACE ( )  B_SPLINE_SURFACE ( 3, 3, ( 
 ( #6253, #801, #833, #903 ),
 ( #3748, #2414, #1317, #1344 ),
 ( #2355, #5217, #4738, #4774 ),
 ( #396, #1867, #328, #6318 ) ),
 .UNSPECIFIED., .F., .F., .T. ) 
 B_SPLINE_SURFACE_WITH_KNOTS ( ( 4, 4 ),
 ( 4, 4 ),
 ( 0.000000000000000000, 1.000000000000000000 ),
 ( 0.000000000000000000, 1.000000000000000000 ),
 .UNSPECIFIED. ) 
 GEOMETRIC_REPRESENTATION_ITEM ( )  RATIONAL_B_SPLINE_SURFACE ( (
 ( 1.000000000000000000, 0.8047378545137610084, 0.8047378545137610084, 1.000000000000000000),
 ( 0.8047378541237765193, 0.6476030141735759083, 0.6476030141735759083, 0.8047378541237765193),
 ( 0.8047378541237765193, 0.6476030141735759083, 0.6476030141735759083, 0.8047378541237765193),
 ( 1.000000000000000000, 0.8047378545137610084, 0.8047378545137610084, 1.000000000000000000) ) ) 
 REPRESENTATION_ITEM ( '' )  SURFACE ( )  );
#1998 = DIRECTION ( 'NONE',  ( -1.000000000000000000, 0.000000000000000000, 0.000000000000000000 ) ) ;
#1999 = DIRECTION ( 'NONE',  ( 0.000000000000000000, 0.000000000000000000, -1.000000000000000000 ) ) ;
#2000 = CARTESIAN_POINT ( 'NONE',  ( -1.387778780781445991E-14, 0.2999999999999944933, 85.01499602396599187 ) ) ;
#2001 = CARTESIAN_POINT ( 'NONE',  ( 0.7965599999755910154, 0.2999999999999944933, 85.01499602396599187 ) ) ;
#2002 = CARTESIAN_POINT ( 'NONE',  ( -1.108578643762694771, 1.683889348827612478E-16, 41.92357466772867980 ) ) ;
#2003 = AXIS2_PLACEMENT_3D ( 'NONE', #1307, #5811, #4312 ) ;
#2004 = VECTOR ( 'NONE', #1369, 1000.000000000000000 ) ;
#2005 = UNCERTAINTY_MEASURE_WITH_UNIT (LENGTH_MEASURE( 1.000000000000000082E-05 ), #2074, 'distance_accuracy_value', 'NONE');
#2006 = ORIENTED_EDGE ( 'NONE', *, *, #4576, .T. ) ;
#2007 = VECTOR ( 'NONE', #2524, 1000.000000000000000 ) ;
#2008 = EDGE_CURVE ( 'NONE', #5279, #5986, #4572, .T. ) ;
#2009 = DIRECTION ( 'NONE',  ( -0.9658987175258111346, 0.000000000000000000, 0.2589201951992030626 ) ) ;
#2010 = CARTESIAN_POINT ( 'NONE',  ( -0.1224854223036576789, 0.01381974062355093361, 87.63156216931338349 ) ) ;
#2011 = EDGE_LOOP ( 'NONE', ( #6035, #5836, #1600, #1848 ) ) ;
#2012 = CARTESIAN_POINT ( 'NONE',  ( 0.09411748396150292073, -0.8920033806391730602, 87.42821770704642859 ) ) ;
#2013 = ORIENTED_EDGE ( 'NONE', *, *, #1491, .F. ) ;
#2014 = ORIENTED_EDGE ( 'NONE', *, *, #5702, .F. ) ;
#2015 = CARTESIAN_POINT ( 'NONE',  ( 0.7649950000000459438, 0.5000000000000000000, 86.24044602396620007 ) ) ;
#2016 = CARTESIAN_POINT ( 'NONE',  ( 1.255595864406783058, 0.4500000000000060063, 86.74755059820748215 ) ) ;
#2017 = ORIENTED_EDGE ( 'NONE', *, *, #2969, .F. ) ;
#2018 = CARTESIAN_POINT ( 'NONE',  ( -0.7649950000000140804, 0.5000000000000000000, 86.29932105014924559 ) ) ;
#2019 = CARTESIAN_POINT ( 'NONE',  ( 1.471789159541061931, 0.4795086677749220705, 87.88474792445143180 ) ) ;
#2020 = CARTESIAN_POINT ( 'NONE',  ( 0.7496970850882131998, 0.4500000000000061173, 85.01499602397093724 ) ) ;
#2021 = ORIENTED_EDGE ( 'NONE', *, *, #4207, .T. ) ;
#2022 = AXIS2_PLACEMENT_3D ( 'NONE', #5519, #1717, #4686 ) ;
#2023 = CARTESIAN_POINT ( 'NONE',  ( -1.314995000000011904, 0.2999999999999944933, 86.24044602396600112 ) ) ;
#2024 = CARTESIAN_POINT ( 'NONE',  ( 0.6665600000160809557, 0.5000000000000000000, 88.76999602396600153 ) ) ;
#2025 = DIRECTION ( 'NONE',  ( 1.000000000000000000, 0.000000000000000000, 0.000000000000000000 ) ) ;
#2026 = DIRECTION ( 'NONE',  ( 0.000000000000000000, 0.000000000000000000, 1.000000000000000000 ) ) ;
#2027 = CARTESIAN_POINT ( 'NONE',  ( -0.2500000000000139888, -1.300000000000000044, 88.76999602396600153 ) ) ;
#2028 = ORIENTED_EDGE ( 'NONE', *, *, #989, .T. ) ;
#2029 = EDGE_LOOP ( 'NONE', ( #1078, #5505, #3882, #4434 ) ) ;
#2030 = CIRCLE ( 'NONE', #902, 0.04999999999999381328 ) ;
#2031 = FACE_OUTER_BOUND ( 'NONE', #4239, .T. ) ;
#2032 = DIRECTION ( 'NONE',  ( 3.552713678800503296E-15, 0.000000000000000000, 1.000000000000000000 ) ) ;
#2033 = FACE_OUTER_BOUND ( 'NONE', #3573, .T. ) ;
#2034 = EDGE_CURVE ( 'NONE', #3460, #4879, #700, .T. ) ;
#2035 = CARTESIAN_POINT ( 'NONE',  ( 0.1499999999992896182, -1.377420204573008400, 87.46174484977622399 ) ) ;
#2036 = CYLINDRICAL_SURFACE ( 'NONE', #1910, 0.04999999999999400063 ) ;
#2037 = ORIENTED_EDGE ( 'NONE', *, *, #4305, .F. ) ;
#2038 = AXIS2_PLACEMENT_3D ( 'NONE', #1905, #1998, #3977 ) ;
#2039 = ADVANCED_FACE ( 'NONE', ( #4989 ), #1087, .T. ) ;
#2040 = EDGE_CURVE ( 'NONE', #1790, #5641, #1665, .T. ) ;
#2041 = ADVANCED_FACE ( 'NONE', ( #3608 ), #5565, .T. ) ;
#2042 = EDGE_CURVE ( 'NONE', #324, #6124, #882, .T. ) ;
#2043 = EDGE_CURVE ( 'NONE', #5835, #3940, #5606, .T. ) ;
#2044 = AXIS2_PLACEMENT_3D ( 'NONE', #5269, #878, #406 ) ;
#2045 = DIRECTION ( 'NONE',  ( -1.000000000000000000, 0.000000000000000000, 0.000000000000000000 ) ) ;
#2046 = ORIENTED_EDGE ( 'NONE', *, *, #491, .F. ) ;
#2047 = DIRECTION ( 'NONE',  ( 0.000000000000000000, 1.000000000000000000, 0.000000000000000000 ) ) ;
#2048 = EDGE_LOOP ( 'NONE', ( #3847, #422, #4050, #736 ) ) ;
#2049 = ORIENTED_EDGE ( 'NONE', *, *, #1246, .T. ) ;
#2050 = EDGE_CURVE ( 'NONE', #906, #6106, #646, .T. ) ;
#2051 = DIRECTION ( 'NONE',  ( 0.000000000000000000, -1.000000000000000000, 0.000000000000000000 ) ) ;
#2052 = SURFACE_STYLE_USAGE ( .BOTH. , #3159 ) ;
#2053 = DIRECTION ( 'NONE',  ( 0.000000000000000000, 0.000000000000000000, -1.000000000000000000 ) ) ;
#2054 = ORIENTED_EDGE ( 'NONE', *, *, #5624, .T. ) ;
#2055 = DIRECTION ( 'NONE',  ( 0.000000000000000000, 0.000000000000000000, 1.000000000000000000 ) ) ;
#2056 = DIRECTION ( 'NONE',  ( -1.000000000000000000, 0.000000000000000000, 0.000000000000000000 ) ) ;
#2057 = CARTESIAN_POINT ( 'NONE',  ( 0.1499999999992339961, -1.560000000002530030, 87.42887936309568886 ) ) ;
#2058 = EDGE_LOOP ( 'NONE', ( #5497, #905, #2385, #2990, #572, #1738, #6096, #5097 ) ) ;
#2059 = ORIENTED_EDGE ( 'NONE', *, *, #491, .T. ) ;
#2060 = CYLINDRICAL_SURFACE ( 'NONE', #767, 0.04999999999999996808 ) ;
#2061 = DIRECTION ( 'NONE',  ( -0.000000000000000000, -0.000000000000000000, 1.000000000000000000 ) ) ;
#2062 = DIRECTION ( 'NONE',  ( -0.000000000000000000, -0.000000000000000000, 1.000000000000000000 ) ) ;
#2063 = LINE ( 'NONE', #2606, #5317 ) ;
#2064 = CARTESIAN_POINT ( 'NONE',  ( -1.387778780781445991E-14, -1.560000000000000053, 88.76999602396600153 ) ) ;
#2065 = AXIS2_PLACEMENT_3D ( 'NONE', #2222, #3773, #2730 ) ;
#2066 = VERTEX_POINT ( 'NONE', #1552 ) ;
#2067 = ORIENTED_EDGE ( 'NONE', *, *, #6100, .F. ) ;
#2068 = EDGE_CURVE ( 'NONE', #2272, #1066, #3970, .T. ) ;
#2069 = CARTESIAN_POINT ( 'NONE',  ( -1.387778780781445991E-14, -1.299999999974321918, 88.76999602396600153 ) ) ;
#2070 = LINE ( 'NONE', #3979, #5868 ) ;
#2071 = CARTESIAN_POINT ( 'NONE',  ( 1.082537796353519877, -1.653000000000000025, 89.56820459286639391 ) ) ;
#2072 = DIRECTION ( 'NONE',  ( 0.000000000000000000, 0.000000000000000000, -1.000000000000000000 ) ) ;
#2073 = EDGE_LOOP ( 'NONE', ( #4431, #1337, #3137, #1077, #5970 ) ) ;
#2074 =( LENGTH_UNIT ( ) NAMED_UNIT ( * ) SI_UNIT ( .MILLI., .METRE. ) );
#2075 = CARTESIAN_POINT ( 'NONE',  ( -0.02752263624505385878, 0.1201471537337280709, 87.62525413833975563 ) ) ;
#2076 = EDGE_CURVE ( 'NONE', #4981, #1056, #2983, .T. ) ;
#2077 = ORIENTED_EDGE ( 'NONE', *, *, #5815, .T. ) ;
#2078 = CARTESIAN_POINT ( 'NONE',  ( 0.02241024873984391250, -0.8612637121050449318, 87.42513862977693861 ) ) ;
#2079 = ORIENTED_EDGE ( 'NONE', *, *, #5356, .T. ) ;
#2080 = EDGE_LOOP ( 'NONE', ( #5485, #3341, #3673, #1787 ) ) ;
#2081 = CIRCLE ( 'NONE', #136, 0.5500000000000000444 ) ;
#2082 = CARTESIAN_POINT ( 'NONE',  ( 1.057978751377932847, -1.377420204553840621, 89.55402542164192425 ) ) ;
#2083 = CARTESIAN_POINT ( 'NONE',  ( 0.01355118708799839949, 0.1217481635528981920, 87.62507621658710377 ) ) ;
#2084 =( LENGTH_UNIT ( ) NAMED_UNIT ( * ) SI_UNIT ( .MILLI., .METRE. ) );
#2085 = VERTEX_POINT ( 'NONE', #4933 ) ;
#2086 = DIRECTION ( 'NONE',  ( 0.000000000000000000, -1.000000000000000000, 0.000000000000000000 ) ) ;
#2087 = DIRECTION ( 'NONE',  ( -0.000000000000000000, -0.000000000000000000, 1.000000000000000000 ) ) ;
#2088 = DIRECTION ( 'NONE',  ( 0.000000000000000000, 0.000000000000000000, -1.000000000000000000 ) ) ;
#2089 = ORIENTED_EDGE ( 'NONE', *, *, #1609, .F. ) ;
#2090 = VERTEX_POINT ( 'NONE', #555 ) ;
#2091 = VECTOR ( 'NONE', #1134, 1000.000000000000000 ) ;
#2092 = CARTESIAN_POINT ( 'NONE',  ( -0.5270000000000140128, 0.2999999999999944933, 90.10775836525598947 ) ) ;
#2093 = CARTESIAN_POINT ( 'NONE',  ( -1.387778780781445991E-14, -1.653000000000000025, 88.76999602396600153 ) ) ;
#2094 = DIRECTION ( 'NONE',  ( 1.000000000000000000, -4.336808689942025625E-15, 8.992806499463783487E-11 ) ) ;
#2095 = ORIENTED_EDGE ( 'NONE', *, *, #1331, .T. ) ;
#2096 = VECTOR ( 'NONE', #6190, 1000.000000000000114 ) ;
#2097 = ORIENTED_EDGE ( 'NONE', *, *, #342, .F. ) ;
#2098 = VECTOR ( 'NONE', #2061, 1000.000000000000000 ) ;
#2099 = AXIS2_PLACEMENT_3D ( 'NONE', #5440, #2160, #1643 ) ;
#2100 = DIRECTION ( 'NONE',  ( -0.000000000000000000, -1.000000000000000000, -0.000000000000000000 ) ) ;
#2101 = CARTESIAN_POINT ( 'NONE',  ( 0.9491298100827159079, -0.8831659693225579755, 89.41044711781499643 ) ) ;
#2102 = DIRECTION ( 'NONE',  ( 0.000000000000000000, 0.000000000000000000, 1.000000000000000000 ) ) ;
#2103 = DIRECTION ( 'NONE',  ( -0.000000000000000000, -1.000000000000000000, -0.000000000000000000 ) ) ;
#2104 = CIRCLE ( 'NONE', #4137, 0.4500000000000000111 ) ;
#2105 = VERTEX_POINT ( 'NONE', #4456 ) ;
#2106 = MECHANICAL_DESIGN_GEOMETRIC_PRESENTATION_REPRESENTATION (  '', ( #3725 ), #3620 ) ;
#2107 = STYLED_ITEM ( 'NONE', ( #4837 ), #261 ) ;
#2108 = DIRECTION ( 'NONE',  ( -0.000000000000000000, -0.000000000000000000, 1.000000000000000000 ) ) ;
#2109 = LINE ( 'NONE', #5129, #6107 ) ;
#2110 = ORIENTED_EDGE ( 'NONE', *, *, #4075, .T. ) ;
#2111 = DIRECTION ( 'NONE',  ( 1.224646799147353207E-16, 1.000000000000000000, 0.000000000000000000 ) ) ;
#2112 = ORIENTED_EDGE ( 'NONE', *, *, #6108, .T. ) ;
#2113 = AXIS2_PLACEMENT_3D ( 'NONE', #198, #4606, #5024 ) ;
#2114 = CARTESIAN_POINT ( 'NONE',  ( 1.399999999999983924, 0.4500000000000060063, 104.2628561271959882 ) ) ;
#2115 = CARTESIAN_POINT ( 'NONE',  ( 0.1109927135606245119, -0.05362277839965185616, 87.63036470601369388 ) ) ;
#2116 = PLANE ( 'NONE',  #3506 ) ;
#2117 = ORIENTED_EDGE ( 'NONE', *, *, #1564, .F. ) ;
#2118 =( NAMED_UNIT ( * ) PLANE_ANGLE_UNIT ( ) SI_UNIT ( $, .RADIAN. ) );
#2119 = ADVANCED_FACE ( 'NONE', ( #2031 ), #5346, .T. ) ;
#2120 = LINE ( 'NONE', #5494, #2848 ) ;
#2121 = AXIS2_PLACEMENT_3D ( 'NONE', #3779, #4385, #4323 ) ;
#2122 = ORIENTED_EDGE ( 'NONE', *, *, #4559, .T. ) ;
#2123 = ADVANCED_FACE ( 'NONE', ( #3943 ), #1506, .T. ) ;
#2124 = ORIENTED_EDGE ( 'NONE', *, *, #1952, .F. ) ;
#2125 = EDGE_CURVE ( 'NONE', #595, #5834, #3848, .T. ) ;
#2126 = EDGE_CURVE ( 'NONE', #544, #3498, #5826, .T. ) ;
#2127 = CARTESIAN_POINT ( 'NONE',  ( -0.1269339754041559909, -0.9300764997763329989, 87.43099909869388853 ) ) ;
#2128 = DIRECTION ( 'NONE',  ( 0.000000000000000000, 0.000000000000000000, 1.000000000000000000 ) ) ;
#2129 = EDGE_CURVE ( 'NONE', #1253, #6, #2920, .T. ) ;
#2130 = CARTESIAN_POINT ( 'NONE',  ( -1.500000000000000000, 0.4500000000000060063, 89.37468692922600155 ) ) ;
#2131 = CARTESIAN_POINT ( 'NONE',  ( 0.000000000000000000, 0.000000000000000000, 53.86499602396599329 ) ) ;
#2132 = EDGE_LOOP ( 'NONE', ( #1969, #2592, #5406, #3989 ) ) ;
#2133 = ORIENTED_EDGE ( 'NONE', *, *, #5544, .T. ) ;
#2134 = CARTESIAN_POINT ( 'NONE',  ( 0.9818061230711379039, -1.559999999966865003, 89.51004713418301151 ) ) ;
#2135 = CARTESIAN_POINT ( 'NONE',  ( 0.1499999999993034128, -1.653000000000000025, 87.43338650731570283 ) ) ;
#2136 = CARTESIAN_POINT ( 'NONE',  ( 0.1278598142694402362, -0.9298141408730726809, 87.63210965068330438 ) ) ;
#2137 = ORIENTED_EDGE ( 'NONE', *, *, #6099, .F. ) ;
#2138 = VECTOR ( 'NONE', #4506, 1000.000000000000000 ) ;
#2139 = ADVANCED_FACE ( 'NONE', ( #4833 ), #4357, .F. ) ;
#2140 = DIRECTION ( 'NONE',  ( -0.000000000000000000, -1.000000000000000000, -0.000000000000000000 ) ) ;
#2141 = CYLINDRICAL_SURFACE ( 'NONE', #2235, 0.04999999999999449329 ) ;
#2142 = ORIENTED_EDGE ( 'NONE', *, *, #936, .T. ) ;
#2143 = CARTESIAN_POINT ( 'NONE',  ( 1.499999999999988010, 0.2999999999999944933, 87.92975050800500014 ) ) ;
#2144 = AXIS2_PLACEMENT_3D ( 'NONE', #3468, #487, #2949 ) ;
#2145 = ORIENTED_EDGE ( 'NONE', *, *, #1281, .T. ) ;
#2146 = AXIS2_PLACEMENT_3D ( 'NONE', #845, #4784, #3344 ) ;
#2147 = CARTESIAN_POINT ( 'NONE',  ( 0.9999999999999870104, 0.2999999999999944933, 87.18953935445298953 ) ) ;
#2148 = DIRECTION ( 'NONE',  ( -0.000000000000000000, 1.000000000000000000, -0.000000000000000000 ) ) ;
#2149 = DIRECTION ( 'NONE',  ( 0.000000000000000000, -1.000000000000000000, 0.000000000000000000 ) ) ;
#2150 = VERTEX_POINT ( 'NONE', #2451 ) ;
#2151 = FACE_OUTER_BOUND ( 'NONE', #1205, .T. ) ;
#2152 = DIRECTION ( 'NONE',  ( 0.000000000000000000, -1.000000000000000000, 0.000000000000000000 ) ) ;
#2153 = AXIS2_PLACEMENT_3D ( 'NONE', #6197, #4237, #1777 ) ;
#2154 = ORIENTED_EDGE ( 'NONE', *, *, #4031, .F. ) ;
#2155 = ORIENTED_EDGE ( 'NONE', *, *, #2974, .F. ) ;
#2156 = LINE ( 'NONE', #5629, #2244 ) ;
#2157 = DIRECTION ( 'NONE',  ( 0.000000000000000000, 0.000000000000000000, 1.000000000000000000 ) ) ;
#2158 = DIRECTION ( 'NONE',  ( -0.000000000000000000, -0.000000000000000000, -1.000000000000000000 ) ) ;
#2159 = DIRECTION ( 'NONE',  ( 0.000000000000000000, 0.000000000000000000, 1.000000000000000000 ) ) ;
#2160 = DIRECTION ( 'NONE',  ( 0.000000000000000000, 1.000000000000000000, 0.000000000000000000 ) ) ;
#2161 = ORIENTED_EDGE ( 'NONE', *, *, #861, .T. ) ;
#2162 = EDGE_CURVE ( 'NONE', #4543, #2417, #4389, .T. ) ;
#2163 = EDGE_CURVE ( 'NONE', #2707, #5779, #3674, .T. ) ;
#2164 = EDGE_LOOP ( 'NONE', ( #3931, #3411, #1820, #5198, #284, #3696 ) ) ;
#2165 = EDGE_CURVE ( 'NONE', #4021, #6053, #493, .T. ) ;
#2166 =( NAMED_UNIT ( * ) SI_UNIT ( $, .STERADIAN. ) SOLID_ANGLE_UNIT ( ) );
#2167 = CARTESIAN_POINT ( 'NONE',  ( 0.9998685790720829303, -0.8609382803239089554, 89.32792776224980003 ) ) ;
#2168 = CARTESIAN_POINT ( 'NONE',  ( 0.3103994648600839623, 0.4540398354930694214, 84.36499602396600039 ) ) ;
#2169 = FILL_AREA_STYLE_COLOUR ( '', #2485 ) ;
#2170 = EDGE_CURVE ( 'NONE', #4220, #6059, #4699, .T. ) ;
#2171 = AXIS2_PLACEMENT_3D ( 'NONE', #5295, #877, #5199 ) ;
#2172 = ADVANCED_FACE ( 'NONE', ( #2690 ), #5085, .T. ) ;
#2173 = EDGE_LOOP ( 'NONE', ( #4999, #533, #1534, #1961 ) ) ;
#2174 = VECTOR ( 'NONE', #711, 1000.000000000000000 ) ;
#2175 =( BOUNDED_CURVE ( )  B_SPLINE_CURVE ( 3, ( #1328, #843, #377, #6262 ),
 .UNSPECIFIED., .F., .T. ) 
 B_SPLINE_CURVE_WITH_KNOTS ( ( 4, 4 ),
 ( 1.570796326793032494, 3.141592653589793116 ),
 .UNSPECIFIED. ) 
 CURVE ( )  GEOMETRIC_REPRESENTATION_ITEM ( )  RATIONAL_B_SPLINE_CURVE ( ( 1.000000000000000000, 0.8047378541239256222, 0.8047378541239256222, 1.000000000000000000 ) ) 
 REPRESENTATION_ITEM ( '' )  );
#2176 = SURFACE_STYLE_USAGE ( .BOTH. , #4051 ) ;
#2177 = CARTESIAN_POINT ( 'NONE',  ( 1.449999999999979972, 0.4500000000000060063, 87.81864577567199603 ) ) ;
#2178 = ORIENTED_EDGE ( 'NONE', *, *, #2641, .T. ) ;
#2179 = LINE ( 'NONE', #4146, #5459 ) ;
#2180 = DIRECTION ( 'NONE',  ( -0.5000000000094049213, 0.000000000000000000, 0.8660254037790087178 ) ) ;
#2181 = CARTESIAN_POINT ( 'NONE',  ( 0.1232626397972930166, 0.0002440967531506061598, 87.63164908859080526 ) ) ;
#2182 = DIRECTION ( 'NONE',  ( -0.000000000000000000, 1.000000000000000000, -0.000000000000000000 ) ) ;
#2183 = ORIENTED_EDGE ( 'NONE', *, *, #1289, .T. ) ;
#2184 = ORIENTED_EDGE ( 'NONE', *, *, #4181, .F. ) ;
#2185 = ORIENTED_EDGE ( 'NONE', *, *, #2351, .T. ) ;
#2186 = DIRECTION ( 'NONE',  ( -1.000000000000000000, -0.000000000000000000, -0.000000000000000000 ) ) ;
#2187 = DIRECTION ( 'NONE',  ( -1.000000000000000000, 0.000000000000000000, 4.817892160021999876E-14 ) ) ;
#2188 = CARTESIAN_POINT ( 'NONE',  ( 0.1802775637731874880, 0.2999999999999944933, 88.76999602396600153 ) ) ;
#2189 = FACE_OUTER_BOUND ( 'NONE', #666, .T. ) ;
#2190 = PRESENTATION_STYLE_ASSIGNMENT (( #1709 ) ) ;
#2191 = ORIENTED_EDGE ( 'NONE', *, *, #4020, .F. ) ;
#2192 = ORIENTED_EDGE ( 'NONE', *, *, #5702, .T. ) ;
#2193 = VECTOR ( 'NONE', #402, 1000.000000000000000 ) ;
#2194 = EDGE_CURVE ( 'NONE', #1734, #1550, #4123, .T. ) ;
#2195 = FACE_OUTER_BOUND ( 'NONE', #88, .T. ) ;
#2196 = CARTESIAN_POINT ( 'NONE',  ( 0.5649949999999850370, -0.2500000000000000000, 85.51499602396599187 ) ) ;
#2197 = CIRCLE ( 'NONE', #2996, 1.349479121039998120 ) ;
#2198 = CARTESIAN_POINT ( 'NONE',  ( 1.236441097746594053, -1.560000000000000053, 89.31065054384400526 ) ) ;
#2199 = CARTESIAN_POINT ( 'NONE',  ( -0.9746327108620571611, -0.8627981176152936804, 89.37115327083738237 ) ) ;
#2200 = VERTEX_POINT ( 'NONE', #1705 ) ;
#2201 = VECTOR ( 'NONE', #1128, 1000.000000000000000 ) ;
#2202 = AXIS2_PLACEMENT_3D ( 'NONE', #2818, #4798, #1799 ) ;
#2203 = CIRCLE ( 'NONE', #4642, 0.2500000000000000000 ) ;
#2204 = CARTESIAN_POINT ( 'NONE',  ( 0.3103994648600581496, 0.5000000000000000000, 84.36499602396600039 ) ) ;
#2205 = LINE ( 'NONE', #3663, #591 ) ;
#2206 = VERTEX_POINT ( 'NONE', #2252 ) ;
#2207 = DIRECTION ( 'NONE',  ( -0.000000000000000000, 1.000000000000000000, -0.000000000000000000 ) ) ;
#2208 = AXIS2_PLACEMENT_3D ( 'NONE', #1841, #1256, #838 ) ;
#2209 = DIRECTION ( 'NONE',  ( 0.000000000000000000, 1.000000000000000000, 0.000000000000000000 ) ) ;
#2210 = CARTESIAN_POINT ( 'NONE',  ( -1.209072850673659660, -0.8920033806391693965, 89.35937705038844570 ) ) ;
#2211 = CARTESIAN_POINT ( 'NONE',  ( -0.8149950000000130146, 0.4500000000000060063, 84.51499602396599187 ) ) ;
#2212 = ORIENTED_EDGE ( 'NONE', *, *, #5900, .T. ) ;
#2213 = VECTOR ( 'NONE', #1335, 1000.000000000000000 ) ;
#2214 = AXIS2_PLACEMENT_3D ( 'NONE', #6049, #5630, #1887 ) ;
#2215 = EDGE_LOOP ( 'NONE', ( #4649, #1213, #5984, #5620 ) ) ;
#2216 = VECTOR ( 'NONE', #2889, 1000.000000000000000 ) ;
#2217 = CARTESIAN_POINT ( 'NONE',  ( -0.8149950000000130146, 0.4500000000000060063, 70.21515678606500899 ) ) ;
#2218 = AXIS2_PLACEMENT_3D ( 'NONE', #1868, #3807, #1383 ) ;
#2219 = CARTESIAN_POINT ( 'NONE',  ( -0.09337312886327500672, -0.8926055418418950005, 87.42824103187309959 ) ) ;
#2220 = DIRECTION ( 'NONE',  ( 0.000000000000000000, 0.000000000000000000, -1.000000000000000000 ) ) ;
#2221 = UNCERTAINTY_MEASURE_WITH_UNIT (LENGTH_MEASURE( 1.000000000000000082E-05 ), #4723, 'distance_accuracy_value', 'NONE');
#2222 = CARTESIAN_POINT ( 'NONE',  ( -0.4000000000000115130, 0.2999999999999944933, 89.06999602396599869 ) ) ;
#2223 = SURFACE_STYLE_FILL_AREA ( #6021 ) ;
#2224 = ORIENTED_EDGE ( 'NONE', *, *, #687, .T. ) ;
#2225 = ORIENTED_EDGE ( 'NONE', *, *, #508, .T. ) ;
#2226 = SURFACE_STYLE_FILL_AREA ( #3621 ) ;
#2227 = PLANE ( 'NONE',  #3820 ) ;
#2228 = CARTESIAN_POINT ( 'NONE',  ( 0.1499999999992896182, -0.9932918132109240794, 87.63486387306890890 ) ) ;
#2229 = CARTESIAN_POINT ( 'NONE',  ( -0.9216348102913052287, -0.9293950616428015010, 89.44945822077090725 ) ) ;
#2230 = ORIENTED_EDGE ( 'NONE', *, *, #5516, .T. ) ;
#2231 = ORIENTED_EDGE ( 'NONE', *, *, #4448, .F. ) ;
#2232 = ADVANCED_FACE ( 'NONE', ( #4092, #1272 ), #3194, .F. ) ;
#2233 = CARTESIAN_POINT ( 'NONE',  ( 0.1034193343907170021, -0.06565585483547799195, 88.02716061738560427 ) ) ;
#2234 = DIRECTION ( 'NONE',  ( 0.000000000000000000, 1.000000000000000000, 0.000000000000000000 ) ) ;
#2235 = AXIS2_PLACEMENT_3D ( 'NONE', #1204, #4080, #1658 ) ;
#2236 = LINE ( 'NONE', #3125, #4674 ) ;
#2237 = VERTEX_POINT ( 'NONE', #706 ) ;
#2238 = LINE ( 'NONE', #6130, #757 ) ;
#2239 = EDGE_CURVE ( 'NONE', #5926, #6040, #693, .T. ) ;
#2240 = EDGE_CURVE ( 'NONE', #2879, #2417, #2156, .T. ) ;
#2241 = EDGE_CURVE ( 'NONE', #754, #4502, #5296, .T. ) ;
#2242 = ADVANCED_FACE ( 'NONE', ( #1669 ), #257, .T. ) ;
#2243 = CARTESIAN_POINT ( 'NONE',  ( -0.1499999999993174016, -1.559999999955570038, 87.54970142468900463 ) ) ;
#2244 = VECTOR ( 'NONE', #1217, 1000.000000000000000 ) ;
#2245 = LINE ( 'NONE', #5174, #3941 ) ;
#2246 = CARTESIAN_POINT ( 'NONE',  ( 1.086441097743960027, -1.560000000000000053, 89.57045816497848989 ) ) ;
#2247 = VERTEX_POINT ( 'NONE', #5114 ) ;
#2248 = EDGE_CURVE ( 'NONE', #1365, #2767, #3168, .T. ) ;
#2249 = ORIENTED_EDGE ( 'NONE', *, *, #3370, .F. ) ;
#2250 = VECTOR ( 'NONE', #4056, 1000.000000000000000 ) ;
#2251 = VERTEX_POINT ( 'NONE', #4632 ) ;
#2252 = CARTESIAN_POINT ( 'NONE',  ( -1.050000000000000044, 1.285879139104720978E-16, 34.86499602396599329 ) ) ;
#2253 = CARTESIAN_POINT ( 'NONE',  ( -1.376144636189584049E-14, -1.350000000000018074, 87.81999602396909665 ) ) ;
#2254 = ORIENTED_EDGE ( 'NONE', *, *, #2732, .F. ) ;
#2255 = CARTESIAN_POINT ( 'NONE',  ( -1.400001628662675968, 0.2999999999999944933, 87.84999970428999916 ) ) ;
#2256 = VECTOR ( 'NONE', #5167, 1000.000000000000000 ) ;
#2257 = DIRECTION ( 'NONE',  ( 0.000000000000000000, 1.000000000000000000, 0.000000000000000000 ) ) ;
#2258 = DIRECTION ( 'NONE',  ( 0.000000000000000000, -1.000000000000000000, 0.000000000000000000 ) ) ;
#2259 = ORIENTED_EDGE ( 'NONE', *, *, #2321, .F. ) ;
#2260 = ORIENTED_EDGE ( 'NONE', *, *, #2519, .F. ) ;
#2261 = APPLICATION_CONTEXT ( 'automotive_design' ) ;
#2262 = CARTESIAN_POINT ( 'NONE',  ( 1.229481170809512136, -0.9599963296498831289, 89.31539026080216104 ) ) ;
#2263 = CARTESIAN_POINT ( 'NONE',  ( 1.314994999999985925, 0.2999999999999944933, 86.24044602396600112 ) ) ;
#2264 = DIRECTION ( 'NONE',  ( 0.000000000000000000, 1.000000000000000000, 0.000000000000000000 ) ) ;
#2265 = CARTESIAN_POINT ( 'NONE',  ( -1.058053279324052021, -0.9932918132109229692, 89.20765828885940607 ) ) ;
#2266 = EDGE_LOOP ( 'NONE', ( #3307, #4108, #1139, #2292 ) ) ;
#2267 = ORIENTED_EDGE ( 'NONE', *, *, #1646, .F. ) ;
#2268 = CARTESIAN_POINT ( 'NONE',  ( -0.7165600000000521552, 0.4500000000000060618, 85.04813310897299061 ) ) ;
#2269 = CARTESIAN_POINT ( 'NONE',  ( -1.387778780781445991E-14, 0.000000000000000000, 85.01499602396599187 ) ) ;
#2270 =( NAMED_UNIT ( * ) PLANE_ANGLE_UNIT ( ) SI_UNIT ( $, .RADIAN. ) );
#2271 = CARTESIAN_POINT ( 'NONE',  ( -1.400000000000011902, 0.2999999999999944933, 86.88953935445299237 ) ) ;
#2272 = VERTEX_POINT ( 'NONE', #1239 ) ;
#2273 = CARTESIAN_POINT ( 'NONE',  ( 1.499999999999988010, 0.2999999999999944933, 87.92975050800500014 ) ) ;
#2274 = VECTOR ( 'NONE', #4253, 1000.000000000000000 ) ;
#2275 = EDGE_CURVE ( 'NONE', #1617, #3704, #4605, .T. ) ;
#2276 = CYLINDRICAL_SURFACE ( 'NONE', #4789, 0.4500000000000000111 ) ;
#2277 = CARTESIAN_POINT ( 'NONE',  ( 0.2499999999999865108, 0.2999999999999944933, 89.06999602396599869 ) ) ;
#2278 = FILL_AREA_STYLE ('',( #4696 ) ) ;
#2279 = ORIENTED_EDGE ( 'NONE', *, *, #2437, .F. ) ;
#2280 = CARTESIAN_POINT ( 'NONE',  ( -1.387778780781445991E-14, -0.5000000000000000000, 88.76999602396600153 ) ) ;
#2281 = CARTESIAN_POINT ( 'NONE',  ( 1.230036277966083613, 0.5000000000000061062, 86.79174947383206984 ) ) ;
#2282 = ORIENTED_EDGE ( 'NONE', *, *, #5556, .T. ) ;
#2283 = CARTESIAN_POINT ( 'NONE',  ( 0.7965599999815442533, 0.4500000000000060063, 85.51499602396603450 ) ) ;
#2284 = SURFACE_SIDE_STYLE ('',( #4157 ) ) ;
#2285 = DIRECTION ( 'NONE',  ( 0.000000000000000000, 0.000000000000000000, -1.000000000000000000 ) ) ;
#2286 = ORIENTED_EDGE ( 'NONE', *, *, #332, .F. ) ;
#2287 = DIRECTION ( 'NONE',  ( 1.000000000000000000, 0.000000000000000000, 0.000000000000000000 ) ) ;
#2288 = CARTESIAN_POINT ( 'NONE',  ( 1.232412834339401186, -0.9988652061869889298, 89.30868331019598827 ) ) ;
#2289 = FACE_OUTER_BOUND ( 'NONE', #4557, .T. ) ;
#2290 = DIRECTION ( 'NONE',  ( -0.7071067811865449082, 8.659560562354900811E-17, 0.7071067811865501263 ) ) ;
#2291 = CARTESIAN_POINT ( 'NONE',  ( -1.000144670616636366, -0.8600406414083382467, 89.32767201226873510 ) ) ;
#2292 = ORIENTED_EDGE ( 'NONE', *, *, #4100, .F. ) ;
#2293 = VECTOR ( 'NONE', #1906, 1000.000000000000000 ) ;
#2294 = VERTEX_POINT ( 'NONE', #1190 ) ;
#2295 = CIRCLE ( 'NONE', #2495, 0.04999999999999381328 ) ;
#2296 = FACE_OUTER_BOUND ( 'NONE', #2011, .T. ) ;
#2297 = CARTESIAN_POINT ( 'NONE',  ( -1.387778780781445991E-14, 0.5000000000000000000, 84.36499602396600039 ) ) ;
#2298 = CARTESIAN_POINT ( 'NONE',  ( -1.045695800895904082, -1.416128856630449961, 89.54693385687900786 ) ) ;
#2299 = ORIENTED_EDGE ( 'NONE', *, *, #6108, .F. ) ;
#2300 = CIRCLE ( 'NONE', #5856, 0.2500000000000000000 ) ;
#2301 = CIRCLE ( 'NONE', #4432, 0.4000000000000000777 ) ;
#2302 = CIRCLE ( 'NONE', #4741, 0.04999999999999381328 ) ;
#2303 = CIRCLE ( 'NONE', #5663, 0.04999999999999449329 ) ;
#2304 = CARTESIAN_POINT ( 'NONE',  ( -1.499999999999999778, 0.000000000000000000, 53.71153062637019815 ) ) ;
#2305 = AXIS2_PLACEMENT_3D ( 'NONE', #1983, #5844, #68 ) ;
#2306 = LINE ( 'NONE', #3762, #6268 ) ;
#2307 = ORIENTED_EDGE ( 'NONE', *, *, #656, .T. ) ;
#2308 = VECTOR ( 'NONE', #2482, 1000.000000000000000 ) ;
#2309 = EDGE_CURVE ( 'NONE', #4782, #121, #2341, .T. ) ;
#2310 = CARTESIAN_POINT ( 'NONE',  ( 0.6665599999999829439, 0.4500000000000060063, 85.09499602360601500 ) ) ;
#2311 = DIRECTION ( 'NONE',  ( 0.000000000000000000, 1.000000000000000000, 0.000000000000000000 ) ) ;
#2312 = CARTESIAN_POINT ( 'NONE',  ( -0.1358179811926563396, -0.9441472919251060469, 87.63304388487418350 ) ) ;
#2313 = EDGE_LOOP ( 'NONE', ( #4366, #1457, #528, #5213, #3600, #413, #1320, #5053, #3519, #222, #1592, #2646, #3455, #5405, #3581, #5315, #4742, #1169 ) ) ;
#2314 = CARTESIAN_POINT ( 'NONE',  ( 0.6665599999997953162, 0.5000000000000059952, 85.43499602396597936 ) ) ;
#2315 = AXIS2_PLACEMENT_3D ( 'NONE', #5472, #3933, #1436 ) ;
#2316 = DIRECTION ( 'NONE',  ( 0.000000000000000000, 0.000000000000000000, 1.000000000000000000 ) ) ;
#2317 = CARTESIAN_POINT ( 'NONE',  ( 0.8149949999999850370, 0.4500000000000060063, 86.25582282396599965 ) ) ;
#2318 = VERTEX_POINT ( 'NONE', #1792 ) ;
#2319 = ADVANCED_FACE ( 'NONE', ( #6048 ), #3734, .F. ) ;
#2320 = EDGE_CURVE ( 'NONE', #4215, #934, #4578, .T. ) ;
#2321 = EDGE_CURVE ( 'NONE', #6320, #1066, #3349, .T. ) ;
#2322 = ADVANCED_FACE ( 'NONE', ( #6336 ), #4310, .T. ) ;
#2323 = VECTOR ( 'NONE', #2148, 1000.000000000000000 ) ;
#2324 = EDGE_CURVE ( 'NONE', #742, #5324, #2939, .T. ) ;
#2325 =( NAMED_UNIT ( * ) PLANE_ANGLE_UNIT ( ) SI_UNIT ( $, .RADIAN. ) );
#2326 = CARTESIAN_POINT ( 'NONE',  ( 1.214146101252464138, -0.9037868695312150091, 89.34867922297340215 ) ) ;
#2327 = CARTESIAN_POINT ( 'NONE',  ( 0.000000000000000000, 1.050000000000000044, 34.86499602396599329 ) ) ;
#2328 = CARTESIAN_POINT ( 'NONE',  ( -0.9493709145177505748, -0.8819007030861051311, 89.41026711864905963 ) ) ;
#2329 = EDGE_LOOP ( 'NONE', ( #5584, #3685, #3562, #3724, #3551 ) ) ;
#2330 = CIRCLE ( 'NONE', #3439, 1.349479121033003715 ) ;
#2331 = ORIENTED_EDGE ( 'NONE', *, *, #2050, .F. ) ;
#2332 = CARTESIAN_POINT ( 'NONE',  ( -0.7965599999631284289, 0.4500000000000060063, 85.01499602396603450 ) ) ;
#2333 = DIRECTION ( 'NONE',  ( -1.000000000000000000, 0.000000000000000000, 0.000000000000000000 ) ) ;
#2334 = FILL_AREA_STYLE_COLOUR ( '', #1938 ) ;
#2335 = VERTEX_POINT ( 'NONE', #5719 ) ;
#2336 = SURFACE_STYLE_FILL_AREA ( #4718 ) ;
#2337 = MECHANICAL_DESIGN_GEOMETRIC_PRESENTATION_REPRESENTATION (  '', ( #3041 ), #3957 ) ;
#2338 = DIRECTION ( 'NONE',  ( -1.000000000000000000, -1.224646799147353207E-16, 0.000000000000000000 ) ) ;
#2339 = CARTESIAN_POINT ( 'NONE',  ( 0.000000000000000000, 0.000000000000000000, 84.36499602396600039 ) ) ;
#2340 = VERTEX_POINT ( 'NONE', #5206 ) ;
#2341 = CIRCLE ( 'NONE', #2838, 1.344999999999998863 ) ;
#2342 = CARTESIAN_POINT ( 'NONE',  ( 0.7965599999400220232, 0.4500000000000060063, 85.56499602396600324 ) ) ;
#2343 = CARTESIAN_POINT ( 'NONE',  ( -1.199999999999979972, -1.653000000000000025, 88.16252174467499003 ) ) ;
#2344 = CARTESIAN_POINT ( 'NONE',  ( -0.1424698921336295110, -0.9601381755240248062, 87.63388789987457983 ) ) ;
#2345 = ORIENTED_EDGE ( 'NONE', *, *, #5042, .T. ) ;
#2346 = CARTESIAN_POINT ( 'NONE',  ( 0.3649949999999930195, 0.5000000000000000000, 84.51499602396599187 ) ) ;
#2347 = PLANE ( 'NONE',  #317 ) ;
#2348 = CARTESIAN_POINT ( 'NONE',  ( -1.387778780781445991E-14, -1.560000000000000053, 88.76999602396600153 ) ) ;
#2349 = CIRCLE ( 'NONE', #5910, 1.349479121033003715 ) ;
#2350 = AXIS2_PLACEMENT_3D ( 'NONE', #3088, #2108, #2679 ) ;
#2351 = EDGE_CURVE ( 'NONE', #1056, #1496, #2654, .T. ) ;
#2352 =( LENGTH_UNIT ( ) NAMED_UNIT ( * ) SI_UNIT ( .MILLI., .METRE. ) );
#2353 = CARTESIAN_POINT ( 'NONE',  ( 1.107234225521198212, -1.473328650836951859, 89.23605292138098832 ) ) ;
#2354 = SURFACE_STYLE_USAGE ( .BOTH. , #394 ) ;
#2355 = CARTESIAN_POINT ( 'NONE',  ( -0.7965599999894940053, 0.5000000000000791589, 85.53570670208470972 ) ) ;
#2356 = CYLINDRICAL_SURFACE ( 'NONE', #2218, 0.04999999999999449329 ) ;
#2357 = ORIENTED_EDGE ( 'NONE', *, *, #5418, .F. ) ;
#2358 = VERTEX_POINT ( 'NONE', #5781 ) ;
#2359 = EDGE_CURVE ( 'NONE', #2247, #1559, #409, .T. ) ;
#2360 = CARTESIAN_POINT ( 'NONE',  ( 0.07780060099223506942, 0.09561123480279755393, 88.02397946375214133 ) ) ;
#2361 = LINE ( 'NONE', #3720, #2293 ) ;
#2362 = CARTESIAN_POINT ( 'NONE',  ( -1.387778780781445991E-14, -1.416128856720266116, 88.76999602396600153 ) ) ;
#2363 = ORIENTED_EDGE ( 'NONE', *, *, #3056, .T. ) ;
#2364 = FACE_OUTER_BOUND ( 'NONE', #1131, .T. ) ;
#2365 = VECTOR ( 'NONE', #4060, 1000.000000000000114 ) ;
#2366 = CARTESIAN_POINT ( 'NONE',  ( 1.365099999999979996, 0.2999999999999944933, 87.96999602396599016 ) ) ;
#2367 = ORIENTED_EDGE ( 'NONE', *, *, #656, .F. ) ;
#2368 = CIRCLE ( 'NONE', #1551, 0.5500000000000000444 ) ;
#2369 = ORIENTED_EDGE ( 'NONE', *, *, #162, .T. ) ;
#2370 = DIRECTION ( 'NONE',  ( -0.000000000000000000, -0.000000000000000000, -1.000000000000000000 ) ) ;
#2371 = LINE ( 'NONE', #5143, #369 ) ;
#2372 = CARTESIAN_POINT ( 'NONE',  ( -0.3354101966250159772, 0.2999999999999944933, 88.76999602396600153 ) ) ;
#2373 = DIRECTION ( 'NONE',  ( 0.000000000000000000, 1.000000000000000000, 0.000000000000000000 ) ) ;
#2374 = VERTEX_POINT ( 'NONE', #4791 ) ;
#2375 = LINE ( 'NONE', #6277, #1950 ) ;
#2376 = DIRECTION ( 'NONE',  ( 0.000000000000000000, -1.000000000000000000, 0.000000000000000000 ) ) ;
#2377 = EDGE_CURVE ( 'NONE', #6059, #4076, #6239, .T. ) ;
#2378 = UNCERTAINTY_MEASURE_WITH_UNIT (LENGTH_MEASURE( 1.000000000000000082E-05 ), #4923, 'distance_accuracy_value', 'NONE');
#2379 = DIRECTION ( 'NONE',  ( 1.000000000000000000, -1.084202172485503842E-15, 7.216449660063514282E-12 ) ) ;
#2380 = CARTESIAN_POINT ( 'NONE',  ( 1.082650871103897794, -1.386661630796488964, 89.22185971509018998 ) ) ;
#2381 = PRESENTATION_STYLE_ASSIGNMENT (( #956 ) ) ;
#2382 = DIRECTION ( 'NONE',  ( -1.000000000000000000, 0.000000000000000000, 0.000000000000000000 ) ) ;
#2383 = CARTESIAN_POINT ( 'NONE',  ( 1.157497499979675881, 0.4500000000000060063, 86.71499268920280201 ) ) ;
#2384 = VERTEX_POINT ( 'NONE', #6270 ) ;
#2385 = ORIENTED_EDGE ( 'NONE', *, *, #1441, .F. ) ;
#2386 = PRESENTATION_LAYER_ASSIGNMENT (  '', '', ( #6056 ) ) ;
#2387 = CARTESIAN_POINT ( 'NONE',  ( -1.499999999999999556, 0.4500000000000060618, 87.92975050800497172 ) ) ;
#2388 = CARTESIAN_POINT ( 'NONE',  ( 1.378845915079800255, 0.4927434489280654306, 86.89631484492069546 ) ) ;
#2389 = SURFACE_STYLE_USAGE ( .BOTH. , #3275 ) ;
#2390 = FACE_OUTER_BOUND ( 'NONE', #4230, .T. ) ;
#2391 = DIRECTION ( 'NONE',  ( -0.000000000000000000, -1.000000000000000000, -0.000000000000000000 ) ) ;
#2392 = EDGE_CURVE ( 'NONE', #5831, #3192, #383, .T. ) ;
#2393 = CIRCLE ( 'NONE', #4725, 0.04999999999999449329 ) ;
#2394 = EDGE_CURVE ( 'NONE', #4918, #6040, #4818, .T. ) ;
#2395 = DIRECTION ( 'NONE',  ( -1.224646799147353207E-16, 1.000000000000000000, 0.000000000000000000 ) ) ;
#2396 = DIRECTION ( 'NONE',  ( -0.5000000000094181329, 0.000000000000000000, -0.8660254037790009463 ) ) ;
#2397 = ORIENTED_EDGE ( 'NONE', *, *, #4336, .F. ) ;
#2398 = CIRCLE ( 'NONE', #4221, 0.7499999999969059195 ) ;
#2399 = ORIENTED_EDGE ( 'NONE', *, *, #5471, .F. ) ;
#2400 = CIRCLE ( 'NONE', #5971, 0.6982361909794951860 ) ;
#2401 = STYLED_ITEM ( 'NONE', ( #2190 ), #4966 ) ;
#2402 = LINE ( 'NONE', #2431, #5389 ) ;
#2403 = DIRECTION ( 'NONE',  ( 0.000000000000000000, 1.000000000000000000, 0.000000000000000000 ) ) ;
#2404 = CARTESIAN_POINT ( 'NONE',  ( -0.1499999999993174016, -1.009999999999316111, 87.63486387306890890 ) ) ;
#2405 = FILL_AREA_STYLE ('',( #507 ) ) ;
#2406 = CARTESIAN_POINT ( 'NONE',  ( -1.406421680918100936, 0.5000000000000059952, 87.90865094277971536 ) ) ;
#2407 = AXIS2_PLACEMENT_3D ( 'NONE', #2922, #588, #49 ) ;
#2408 = DIRECTION ( 'NONE',  ( -0.000000000000000000, -0.000000000000000000, 1.000000000000000000 ) ) ;
#2409 = DIRECTION ( 'NONE',  ( 1.000000000000000000, 0.000000000000000000, 0.000000000000000000 ) ) ;
#2410 = VECTOR ( 'NONE', #3218, 1000.000000000000000 ) ;
#2411 = COLOUR_RGB ( '',0.7529411764705882248, 0.7529411764705882248, 0.7529411764705882248 ) ;
#2412 = CARTESIAN_POINT ( 'NONE',  ( 1.499999999999988010, 0.2999999999999944933, 89.37468692922600155 ) ) ;
#2413 = CARTESIAN_POINT ( 'NONE',  ( -0.4000000000000000777, 4.898587196589413692E-17, 82.41186213473042699 ) ) ;
#2414 = CARTESIAN_POINT ( 'NONE',  ( -0.7496970850428972266, 0.4792893218814092693, 85.51499602396108912 ) ) ;
#2415 = CARTESIAN_POINT ( 'NONE',  ( 0.2499999999999865108, 0.2999999999999944933, 88.46999602396599016 ) ) ;
#2416 = ORIENTED_EDGE ( 'NONE', *, *, #1362, .T. ) ;
#2417 = VERTEX_POINT ( 'NONE', #4247 ) ;
#2418 =( GEOMETRIC_REPRESENTATION_CONTEXT ( 3 ) GLOBAL_UNCERTAINTY_ASSIGNED_CONTEXT ( ( #2378 ) ) GLOBAL_UNIT_ASSIGNED_CONTEXT ( ( #4923, #2507, #5086 ) ) REPRESENTATION_CONTEXT ( 'NONE', 'WORKASPACE' ) );
#2419 = DIRECTION ( 'NONE',  ( -0.000000000000000000, 1.000000000000000000, -0.000000000000000000 ) ) ;
#2420 = DIRECTION ( 'NONE',  ( 0.000000000000000000, -1.000000000000000000, 0.000000000000000000 ) ) ;
#2421 = CARTESIAN_POINT ( 'NONE',  ( 1.149999999999983924, -0.7500000000000000000, 88.76999602396600153 ) ) ;
#2422 = CIRCLE ( 'NONE', #981, 1.344999999999998863 ) ;
#2423 =( LENGTH_UNIT ( ) NAMED_UNIT ( * ) SI_UNIT ( .MILLI., .METRE. ) );
#2424 = EDGE_CURVE ( 'NONE', #4806, #754, #440, .T. ) ;
#2425 = CARTESIAN_POINT ( 'NONE',  ( 1.184533474980464351, -0.7500000000000052180, 87.81869471268541361 ) ) ;
#2426 = EDGE_CURVE ( 'NONE', #3548, #4612, #1428, .T. ) ;
#2427 = EDGE_LOOP ( 'NONE', ( #2254, #592, #1689, #3751 ) ) ;
#2428 = EDGE_CURVE ( 'NONE', #5326, #4909, #2402, .T. ) ;
#2429 = VERTEX_POINT ( 'NONE', #4724 ) ;
#2430 = ORIENTED_EDGE ( 'NONE', *, *, #1214, .T. ) ;
#2431 = CARTESIAN_POINT ( 'NONE',  ( 1.365099999999979996, 0.2999999999999944933, 88.76999602396600153 ) ) ;
#2432 = CARTESIAN_POINT ( 'NONE',  ( 0.08699259373016804409, -0.08732753955333986962, 87.62825496653688617 ) ) ;
#2433 = DIRECTION ( 'NONE',  ( 0.000000000000000000, -1.000000000000000000, 0.000000000000000000 ) ) ;
#2434 = LINE ( 'NONE', #2935, #5113 ) ;
#2435 = CARTESIAN_POINT ( 'NONE',  ( -1.410469516053209693, 0.4500000000000060063, 87.85505844021611210 ) ) ;
#2436 = CARTESIAN_POINT ( 'NONE',  ( 0.000000000000000000, 0.000000000000000000, 41.78215331149137768 ) ) ;
#2437 = EDGE_CURVE ( 'NONE', #6124, #1267, #2444, .T. ) ;
#2438 = LINE ( 'NONE', #3421, #357 ) ;
#2439 = CIRCLE ( 'NONE', #3248, 1.699999999999999956 ) ;
#2440 = B_SPLINE_CURVE_WITH_KNOTS ( 'NONE', 3,
 ( #1898, #2380, #2353, #768 ),
 .UNSPECIFIED., .F., .F.,
 ( 4, 4 ),
 ( 2.758412965780483565E-14, 0.0002735921099498200468 ),
 .UNSPECIFIED. ) ;
#2441 = CARTESIAN_POINT ( 'NONE',  ( 0.000000000000000000, 0.000000000000000000, 54.32660299285757333 ) ) ;
#2442 = CARTESIAN_POINT ( 'NONE',  ( -0.1802775637732149938, 0.2999999999999944933, 86.51999602396600153 ) ) ;
#2443 =( LENGTH_UNIT ( ) NAMED_UNIT ( * ) SI_UNIT ( .MILLI., .METRE. ) );
#2444 = CIRCLE ( 'NONE', #5604, 0.04999999999999449329 ) ;
#2445 = DIRECTION ( 'NONE',  ( 0.000000000000000000, 0.000000000000000000, -1.000000000000000000 ) ) ;
#2446 = CARTESIAN_POINT ( 'NONE',  ( -1.387778780781445991E-14, 0.2999999999999944933, 88.76999602396600153 ) ) ;
#2447 = VERTEX_POINT ( 'NONE', #852 ) ;
#2448 = ORIENTED_EDGE ( 'NONE', *, *, #4419, .T. ) ;
#2449 =( BOUNDED_CURVE ( )  B_SPLINE_CURVE ( 3, ( #1893, #1375, #6341, #4797 ),
 .UNSPECIFIED., .F., .F. ) 
 B_SPLINE_CURVE_WITH_KNOTS ( ( 4, 4 ),
 ( 2.254024650837330057, 3.141592653589795336 ),
 .UNSPECIFIED. ) 
 CURVE ( )  GEOMETRIC_REPRESENTATION_ITEM ( )  RATIONAL_B_SPLINE_CURVE ( ( 1.000000000000000000, 0.9354222894222838924, 0.9354222894222838924, 1.000000000000000000 ) ) 
 REPRESENTATION_ITEM ( '' )  );
#2450 = VECTOR ( 'NONE', #4394, 1000.000000000000000 ) ;
#2451 = CARTESIAN_POINT ( 'NONE',  ( -1.387778780781445991E-14, -1.416128856606580166, 90.07272857680496259 ) ) ;
#2452 = FACE_OUTER_BOUND ( 'NONE', #3368, .T. ) ;
#2453 = PRESENTATION_STYLE_ASSIGNMENT (( #4867 ) ) ;
#2454 = DIRECTION ( 'NONE',  ( 0.000000000000000000, 1.000000000000000000, 0.000000000000000000 ) ) ;
#2455 = ORIENTED_EDGE ( 'NONE', *, *, #919, .F. ) ;
#2456 = DIRECTION ( 'NONE',  ( 0.000000000000000000, 1.000000000000000000, 0.000000000000000000 ) ) ;
#2457 = CARTESIAN_POINT ( 'NONE',  ( -0.1194491970128163938, 0.02716871975261269875, 87.63124368507361339 ) ) ;
#2458 = CARTESIAN_POINT ( 'NONE',  ( 0.1277933585328439314, -0.9297015085932067713, 87.43104016641815690 ) ) ;
#2459 = EDGE_LOOP ( 'NONE', ( #5119, #2512, #5506, #4202 ) ) ;
#2460 = ORIENTED_EDGE ( 'NONE', *, *, #2740, .F. ) ;
#2461 = ADVANCED_FACE ( 'NONE', ( #1856 ), #3885, .T. ) ;
#2462 = CARTESIAN_POINT ( 'NONE',  ( 0.8111763578603439218, 0.5000000000000000000, 86.46150648152442386 ) ) ;
#2463 = CARTESIAN_POINT ( 'NONE',  ( 0.09638406936826240945, -0.07683744919653877348, 87.62903643818057731 ) ) ;
#2464 = SURFACE_STYLE_FILL_AREA ( #2497 ) ;
#2465 = DIRECTION ( 'NONE',  ( 0.000000000000000000, 0.000000000000000000, 1.000000000000000000 ) ) ;
#2466 = DIRECTION ( 'NONE',  ( 0.000000000000000000, 0.000000000000000000, -1.000000000000000000 ) ) ;
#2467 = AXIS2_PLACEMENT_3D ( 'NONE', #5366, #2465, #4344 ) ;
#2468 = DIRECTION ( 'NONE',  ( 1.000000000000000000, 0.000000000000000000, 0.000000000000000000 ) ) ;
#2469 = CARTESIAN_POINT ( 'NONE',  ( 0.7965599999916056495, 0.4500000000000060063, 85.01499602396600608 ) ) ;
#2470 = AXIS2_PLACEMENT_3D ( 'NONE', #174, #582, #105 ) ;
#2471 = CARTESIAN_POINT ( 'NONE',  ( -1.107234225521242399, -1.473328650843640952, 89.23605292138651635 ) ) ;
#2472 = CARTESIAN_POINT ( 'NONE',  ( 0.8149949999999850370, 0.4500000000000060063, 86.24044602396548953 ) ) ;
#2473 = CARTESIAN_POINT ( 'NONE',  ( -0.2720753572082875160, 0.2999999999999944933, 85.01499602396599187 ) ) ;
#2474 =( LENGTH_UNIT ( ) NAMED_UNIT ( * ) SI_UNIT ( .MILLI., .METRE. ) );
#2475 = DIRECTION ( 'NONE',  ( 0.000000000000000000, 0.000000000000000000, -1.000000000000000000 ) ) ;
#2476 = CARTESIAN_POINT ( 'NONE',  ( -0.9080532793218220045, -1.004322751735845065, 89.46746590999190119 ) ) ;
#2477 = ORIENTED_EDGE ( 'NONE', *, *, #342, .T. ) ;
#2478 = ORIENTED_EDGE ( 'NONE', *, *, #2926, .F. ) ;
#2479 = EDGE_CURVE ( 'NONE', #1058, #3953, #3795, .T. ) ;
#2480 = CARTESIAN_POINT ( 'NONE',  ( -1.449528768078358176, 0.4792880210578917555, 87.87975272864954945 ) ) ;
#2481 = DIRECTION ( 'NONE',  ( 0.000000000000000000, 1.000000000000000000, 0.000000000000000000 ) ) ;
#2482 = DIRECTION ( 'NONE',  ( -1.000000000000000000, -0.000000000000000000, -0.000000000000000000 ) ) ;
#2483 = CARTESIAN_POINT ( 'NONE',  ( 0.1499999999993034128, -1.300000000002381917, 87.43338650730919426 ) ) ;
#2484 = VERTEX_POINT ( 'NONE', #2901 ) ;
#2485 = COLOUR_RGB ( '',0.000000000000000000, 0.000000000000000000, 0.000000000000000000 ) ;
#2486 = CARTESIAN_POINT ( 'NONE',  ( 0.4999999999999870104, 0.2999999999999944933, 90.11499602396600039 ) ) ;
#2487 = CARTESIAN_POINT ( 'NONE',  ( -0.7965599999513179874, 0.4500000000000060063, 85.51499602396599187 ) ) ;
#2488 = ORIENTED_EDGE ( 'NONE', *, *, #4496, .T. ) ;
#2489 = UNCERTAINTY_MEASURE_WITH_UNIT (LENGTH_MEASURE( 1.000000000000000082E-05 ), #5118, 'distance_accuracy_value', 'NONE');
#2490 = DIRECTION ( 'NONE',  ( -0.000000000000000000, -0.000000000000000000, -1.000000000000000000 ) ) ;
#2491 = ORIENTED_EDGE ( 'NONE', *, *, #3166, .T. ) ;
#2492 = VECTOR ( 'NONE', #1776, 1000.000000000000000 ) ;
#2493 = ORIENTED_EDGE ( 'NONE', *, *, #2781, .F. ) ;
#2494 = DIRECTION ( 'NONE',  ( 0.000000000000000000, 0.000000000000000000, -1.000000000000000000 ) ) ;
#2495 = AXIS2_PLACEMENT_3D ( 'NONE', #4391, #3539, #13 ) ;
#2496 = CARTESIAN_POINT ( 'NONE',  ( -0.09608791334598587586, 0.07720411182622294310, 88.02613991929035819 ) ) ;
#2497 = FILL_AREA_STYLE ('',( #5876 ) ) ;
#2498 = VERTEX_POINT ( 'NONE', #885 ) ;
#2499 = CARTESIAN_POINT ( 'NONE',  ( 1.498348485282771314, 0.4672857773748693155, 87.89760730585103943 ) ) ;
#2500 = LINE ( 'NONE', #5814, #5253 ) ;
#2501 = VECTOR ( 'NONE', #3968, 1000.000000000000000 ) ;
#2502 = AXIS2_PLACEMENT_3D ( 'NONE', #3002, #5332, #575 ) ;
#2503 = ADVANCED_FACE ( 'NONE', ( #1886 ), #4850, .F. ) ;
#2504 = ORIENTED_EDGE ( 'NONE', *, *, #6023, .T. ) ;
#2505 = AXIS2_PLACEMENT_3D ( 'NONE', #4072, #6030, #3079 ) ;
#2506 = COLOUR_RGB ( '',0.000000000000000000, 0.000000000000000000, 0.000000000000000000 ) ;
#2507 =( NAMED_UNIT ( * ) PLANE_ANGLE_UNIT ( ) SI_UNIT ( $, .RADIAN. ) );
#2508 = PLANE ( 'NONE',  #3618 ) ;
#2509 = DIRECTION ( 'NONE',  ( 0.000000000000000000, -1.000000000000000000, 0.000000000000000000 ) ) ;
#2510 = CYLINDRICAL_SURFACE ( 'NONE', #5896, 0.9499999999968977704 ) ;
#2511 = CARTESIAN_POINT ( 'NONE',  ( -1.387778780781445991E-14, -1.416128856606580166, 88.76999602396600153 ) ) ;
#2512 = ORIENTED_EDGE ( 'NONE', *, *, #3824, .T. ) ;
#2513 = EDGE_CURVE ( 'NONE', #2272, #935, #1526, .T. ) ;
#2514 = EDGE_CURVE ( 'NONE', #2247, #4131, #3049, .T. ) ;
#2515 = ORIENTED_EDGE ( 'NONE', *, *, #2635, .T. ) ;
#2516 = EDGE_CURVE ( 'NONE', #169, #4879, #4881, .T. ) ;
#2517 = EDGE_CURVE ( 'NONE', #1073, #3770, #601, .T. ) ;
#2518 = AXIS2_PLACEMENT_3D ( 'NONE', #2978, #4412, #1899 ) ;
#2519 = EDGE_CURVE ( 'NONE', #196, #5625, #3958, .T. ) ;
#2520 = CARTESIAN_POINT ( 'NONE',  ( -0.3503701847514279488, 0.2059238734027563078, 84.47481467430677071 ) ) ;
#2521 = AXIS2_PLACEMENT_3D ( 'NONE', #5486, #2111, #1011 ) ;
#2522 = DIRECTION ( 'NONE',  ( 0.5000000000094181329, 0.000000000000000000, -0.8660254037790009463 ) ) ;
#2523 = CARTESIAN_POINT ( 'NONE',  ( -1.325317721847124375, 0.5000000000002292611, 86.82388482346672731 ) ) ;
#2524 = DIRECTION ( 'NONE',  ( 0.000000000000000000, 1.000000000000000000, 0.000000000000000000 ) ) ;
#2525 = CARTESIAN_POINT ( 'NONE',  ( 0.000000000000000000, 0.000000000000000000, 82.41186213473042699 ) ) ;
#2526 = CIRCLE ( 'NONE', #5578, 1.229479121016063825 ) ;
#2527 = CONICAL_SURFACE ( 'NONE', #2817, 1.349479120980281888, 0.3141592652858753998 ) ;
#2528 = EDGE_CURVE ( 'NONE', #4004, #3505, #1927, .T. ) ;
#2529 = UNCERTAINTY_MEASURE_WITH_UNIT (LENGTH_MEASURE( 1.000000000000000082E-05 ), #1948, 'distance_accuracy_value', 'NONE');
#2530 = ORIENTED_EDGE ( 'NONE', *, *, #4529, .F. ) ;
#2531 = CIRCLE ( 'NONE', #178, 1.641421356237307450 ) ;
#2532 = PRESENTATION_STYLE_ASSIGNMENT (( #3406 ) ) ;
#2533 = DIRECTION ( 'NONE',  ( -1.000000000000000000, 0.000000000000000000, 0.000000000000000000 ) ) ;
#2534 = ORIENTED_EDGE ( 'NONE', *, *, #2068, .F. ) ;
#2535 = CARTESIAN_POINT ( 'NONE',  ( 0.03329864816847830089, -0.8637426923872040252, 87.42540828044380419 ) ) ;
#2536 = ORIENTED_EDGE ( 'NONE', *, *, #5516, .F. ) ;
#2537 = EDGE_LOOP ( 'NONE', ( #4454, #499, #1032, #4864, #2653, #889, #2249 ) ) ;
#2538 = DIRECTION ( 'NONE',  ( 0.000000000000000000, 1.000000000000000000, 0.000000000000000000 ) ) ;
#2539 = LINE ( 'NONE', #2997, #870 ) ;
#2540 = ORIENTED_EDGE ( 'NONE', *, *, #1487, .T. ) ;
#2541 = CARTESIAN_POINT ( 'NONE',  ( -1.406421680914009986, 0.5000000000000000000, 87.90865094277799585 ) ) ;
#2542 = CARTESIAN_POINT ( 'NONE',  ( 1.232537796353543991, -1.653000000000000025, 89.30839697173630043 ) ) ;
#2543 = EDGE_CURVE ( 'NONE', #3336, #2638, #6263, .T. ) ;
#2544 = ORIENTED_EDGE ( 'NONE', *, *, #2129, .F. ) ;
#2545 = ORIENTED_EDGE ( 'NONE', *, *, #2593, .F. ) ;
#2546 = VECTOR ( 'NONE', #2026, 1000.000000000000000 ) ;
#2547 = CARTESIAN_POINT ( 'NONE',  ( -0.7965600000000160330, 0.2999999999999944933, 85.43499602396599357 ) ) ;
#2548 = CARTESIAN_POINT ( 'NONE',  ( 1.499999999999980016, 0.4792893218813157330, 89.37468692922837477 ) ) ;
#2549 = FACE_OUTER_BOUND ( 'NONE', #3564, .T. ) ;
#2550 = LINE ( 'NONE', #3075, #2546 ) ;
#2551 = CARTESIAN_POINT ( 'NONE',  ( -1.199999999959371788, -0.5500000000000000444, 87.82609174465549984 ) ) ;
#2552 = EDGE_LOOP ( 'NONE', ( #774, #3229, #1228, #5339 ) ) ;
#2553 = ORIENTED_EDGE ( 'NONE', *, *, #1292, .F. ) ;
#2554 = EDGE_CURVE ( 'NONE', #96, #69, #3567, .T. ) ;
#2555 = AXIS2_PLACEMENT_3D ( 'NONE', #5649, #2180, #751 ) ;
#2556 = DIRECTION ( 'NONE',  ( 0.000000000000000000, 0.000000000000000000, 1.000000000000000000 ) ) ;
#2557 = CARTESIAN_POINT ( 'NONE',  ( 0.8149949999999850370, 0.2999999999999944933, 86.24044602396600112 ) ) ;
#2558 = CARTESIAN_POINT ( 'NONE',  ( 1.365099999999979996, 0.2999999999999944933, 87.96999602396599016 ) ) ;
#2559 = CARTESIAN_POINT ( 'NONE',  ( 0.7649950000004619444, 0.5000000000000000000, 85.56110570152740991 ) ) ;
#2560 = EDGE_LOOP ( 'NONE', ( #6015, #282, #3491, #1313 ) ) ;
#2561 =( GEOMETRIC_REPRESENTATION_CONTEXT ( 3 ) GLOBAL_UNCERTAINTY_ASSIGNED_CONTEXT ( ( #2954 ) ) GLOBAL_UNIT_ASSIGNED_CONTEXT ( ( #3124, #3598, #3662 ) ) REPRESENTATION_CONTEXT ( 'NONE', 'WORKASPACE' ) );
#2562 = DIRECTION ( 'NONE',  ( 1.000000000000000000, 0.000000000000000000, -4.819300595881999905E-14 ) ) ;
#2563 = CARTESIAN_POINT ( 'NONE',  ( -1.131806123074951875, -1.559999999971585005, 89.25023951304959269 ) ) ;
#2564 = ORIENTED_EDGE ( 'NONE', *, *, #6302, .F. ) ;
#2565 = CARTESIAN_POINT ( 'NONE',  ( 0.1173961921892979904, -0.9166290513094589310, 87.43012918951589540 ) ) ;
#2566 = ORIENTED_EDGE ( 'NONE', *, *, #1564, .T. ) ;
#2567 = ORIENTED_EDGE ( 'NONE', *, *, #3990, .T. ) ;
#2568 = B_SPLINE_CURVE_WITH_KNOTS ( 'NONE', 3,
 ( #984, #94, #2933, #3832, #948, #3352, #2902, #2432, #2463, #4401, #2115, #1695, #4624, #2629, #2181, #4057, #5591, #4566, #1083, #1181, #189, #159, #694, #2662, #726, #3606, #2596, #2083, #4598, #5491, #4115 ),
 .UNSPECIFIED., .F., .F.,
 ( 4, 3, 3, 3, 3, 3, 3, 3, 3, 3, 4 ),
 ( 1.476925615058600599E-19, 4.100150534271040871E-05, 8.199313613122129847E-05, 0.0001231330528711848489, 0.0001643780054257264005, 0.0002054618700933484078, 0.0002463697076093914634, 0.0002873612263019394023, 0.0003285649793362985737, 0.0003697795832258252580, 0.0003831793032536997515 ),
 .UNSPECIFIED. ) ;
#2569 = DIRECTION ( 'NONE',  ( -0.000000000000000000, -0.000000000000000000, -1.000000000000000000 ) ) ;
#2570 = CARTESIAN_POINT ( 'NONE',  ( -1.387778780781445991E-14, -0.5500000000000000444, 88.76999602396600153 ) ) ;
#2571 = ORIENTED_EDGE ( 'NONE', *, *, #4643, .F. ) ;
#2572 = DIRECTION ( 'NONE',  ( 0.000000000000000000, 0.000000000000000000, 1.000000000000000000 ) ) ;
#2573 = DIRECTION ( 'NONE',  ( 0.000000000000000000, -1.000000000000000000, 0.000000000000000000 ) ) ;
#2574 = LINE ( 'NONE', #1124, #5568 ) ;
#2575 = ORIENTED_EDGE ( 'NONE', *, *, #4956, .F. ) ;
#2576 = ORIENTED_EDGE ( 'NONE', *, *, #2810, .T. ) ;
#2577 = DIRECTION ( 'NONE',  ( 0.000000000000000000, 0.000000000000000000, 1.000000000000000000 ) ) ;
#2578 = LINE ( 'NONE', #4125, #4540 ) ;
#2579 = CARTESIAN_POINT ( 'NONE',  ( -0.6982361909794951860, 0.000000000000000000, 54.13341782759975729 ) ) ;
#2580 = DIRECTION ( 'NONE',  ( 0.000000000000000000, 0.000000000000000000, 1.000000000000000000 ) ) ;
#2581 = ORIENTED_EDGE ( 'NONE', *, *, #2516, .T. ) ;
#2582 = ORIENTED_EDGE ( 'NONE', *, *, #5156, .T. ) ;
#2583 = DIRECTION ( 'NONE',  ( -0.000000000000000000, -0.000000000000000000, 1.000000000000000000 ) ) ;
#2584 = CARTESIAN_POINT ( 'NONE',  ( 0.9080532793207950482, -1.009999999999316111, 89.46746590999320858 ) ) ;
#2585 = CARTESIAN_POINT ( 'NONE',  ( -1.387778780781445991E-14, 0.2999999999999944933, 89.71999602396289220 ) ) ;
#2586 = ORIENTED_EDGE ( 'NONE', *, *, #2517, .F. ) ;
#2587 = FACE_OUTER_BOUND ( 'NONE', #3467, .T. ) ;
#2588 = CARTESIAN_POINT ( 'NONE',  ( 0.6665600001640821226, 0.5000000000000000000, 85.03573893027804331 ) ) ;
#2589 = ORIENTED_EDGE ( 'NONE', *, *, #5987, .F. ) ;
#2590 = CARTESIAN_POINT ( 'NONE',  ( 0.01117028633667453870, -0.8599999999991275734, 87.42499602396590319 ) ) ;
#2591 = ADVANCED_FACE ( 'NONE', ( #4949 ), #569, .T. ) ;
#2592 = ORIENTED_EDGE ( 'NONE', *, *, #5780, .T. ) ;
#2593 = EDGE_CURVE ( 'NONE', #169, #2206, #5090, .T. ) ;
#2594 = ADVANCED_FACE ( 'NONE', ( #1049 ), #1565, .T. ) ;
#2595 = CARTESIAN_POINT ( 'NONE',  ( 1.199999999999999956, 0.2999999999999944933, 87.82609174467499713 ) ) ;
#2596 = CARTESIAN_POINT ( 'NONE',  ( 0.02720252203270979302, 0.1202287008485878467, 87.62523779278889435 ) ) ;
#2597 = SURFACE_STYLE_FILL_AREA ( #2721 ) ;
#2598 = ORIENTED_EDGE ( 'NONE', *, *, #3828, .F. ) ;
#2599 = DIRECTION ( 'NONE',  ( 0.7071067811865449082, 0.000000000000000000, 0.7071067811865501263 ) ) ;
#2600 = AXIS2_PLACEMENT_3D ( 'NONE', #1873, #839, #6292 ) ;
#2601 = ORIENTED_EDGE ( 'NONE', *, *, #37, .T. ) ;
#2602 = EDGE_LOOP ( 'NONE', ( #4292, #1398, #4994, #1710 ) ) ;
#2603 =( GEOMETRIC_REPRESENTATION_CONTEXT ( 3 ) GLOBAL_UNCERTAINTY_ASSIGNED_CONTEXT ( ( #4350 ) ) GLOBAL_UNIT_ASSIGNED_CONTEXT ( ( #5188, #4710, #4384 ) ) REPRESENTATION_CONTEXT ( 'NONE', 'WORKASPACE' ) );
#2604 = DIRECTION ( 'NONE',  ( 0.000000000000000000, 0.000000000000000000, -1.000000000000000000 ) ) ;
#2605 = CARTESIAN_POINT ( 'NONE',  ( -0.7965600000000160330, 0.2999999999999944933, 85.43499602396599357 ) ) ;
#2606 = CARTESIAN_POINT ( 'NONE',  ( 1.149999999999983924, -0.7500000000000000000, 87.80217870674199787 ) ) ;
#2607 = SURFACE_SIDE_STYLE ('',( #4637 ) ) ;
#2608 = ORIENTED_EDGE ( 'NONE', *, *, #814, .F. ) ;
#2609 = AXIS2_PLACEMENT_3D ( 'NONE', #180, #268, #1650 ) ;
#2610 = EDGE_LOOP ( 'NONE', ( #2307, #5880, #1883, #5718 ) ) ;
#2611 = AXIS2_PLACEMENT_3D ( 'NONE', #5017, #63, #2433 ) ;
#2612 = VECTOR ( 'NONE', #2158, 1000.000000000000000 ) ;
#2613 = CARTESIAN_POINT ( 'NONE',  ( 0.9080532793200040143, -1.300000000001465983, 89.46746590999170223 ) ) ;
#2614 =( NAMED_UNIT ( * ) SI_UNIT ( $, .STERADIAN. ) SOLID_ANGLE_UNIT ( ) );
#2615 = DIRECTION ( 'NONE',  ( 0.000000000000000000, 1.000000000000000000, 0.000000000000000000 ) ) ;
#2616 = CIRCLE ( 'NONE', #6185, 0.07999999999999560241 ) ;
#2617 = VERTEX_POINT ( 'NONE', #2595 ) ;
#2618 = STYLED_ITEM ( 'NONE', ( #254 ), #1681 ) ;
#2619 = DIRECTION ( 'NONE',  ( 0.000000000000000000, -1.000000000000000000, 0.000000000000000000 ) ) ;
#2620 = CARTESIAN_POINT ( 'NONE',  ( 1.399999999999983924, 0.2999999999999944933, 86.90000000000000568 ) ) ;
#2621 = VERTEX_POINT ( 'NONE', #4469 ) ;
#2622 = FACE_OUTER_BOUND ( 'NONE', #4494, .T. ) ;
#2623 = VERTEX_POINT ( 'NONE', #93 ) ;
#2624 = EDGE_CURVE ( 'NONE', #1270, #1790, #4534, .T. ) ;
#2625 = MECHANICAL_DESIGN_GEOMETRIC_PRESENTATION_REPRESENTATION (  '', ( #4556 ), #4758 ) ;
#2626 = EDGE_CURVE ( 'NONE', #3071, #6320, #5943, .T. ) ;
#2627 = EDGE_CURVE ( 'NONE', #5766, #1327, #5838, .T. ) ;
#2628 = DIRECTION ( 'NONE',  ( 0.000000000000000000, 0.000000000000000000, -1.000000000000000000 ) ) ;
#2629 = CARTESIAN_POINT ( 'NONE',  ( 0.1224854223036298956, -0.01381974062355093014, 87.63156216931338349 ) ) ;
#2630 = CARTESIAN_POINT ( 'NONE',  ( -0.7165600000000189596, 0.4500000000000060063, 85.09499602387300854 ) ) ;
#2631 = ORIENTED_EDGE ( 'NONE', *, *, #1718, .T. ) ;
#2632 = DIRECTION ( 'NONE',  ( 0.000000000000000000, 1.000000000000000000, 0.000000000000000000 ) ) ;
#2633 = CARTESIAN_POINT ( 'NONE',  ( -0.5000000000062180261, 0.5000000000000000000, 90.11499602396600039 ) ) ;
#2634 = AXIS2_PLACEMENT_3D ( 'NONE', #2177, #1258, #3089 ) ;
#2635 = EDGE_CURVE ( 'NONE', #1559, #4138, #2439, .T. ) ;
#2636 = ADVANCED_FACE ( 'NONE', ( #1082 ), #4584, .T. ) ;
#2637 = ORIENTED_EDGE ( 'NONE', *, *, #3361, .T. ) ;
#2638 = VERTEX_POINT ( 'NONE', #536 ) ;
#2639 = ADVANCED_FACE ( 'NONE', ( #5044 ), #3188, .F. ) ;
#2640 = DIRECTION ( 'NONE',  ( 0.000000000000000000, 0.000000000000000000, 1.000000000000000000 ) ) ;
#2641 = EDGE_CURVE ( 'NONE', #1066, #5889, #597, .T. ) ;
#2642 = DIRECTION ( 'NONE',  ( -0.000000000000000000, 1.000000000000000000, -0.000000000000000000 ) ) ;
#2643 = CARTESIAN_POINT ( 'NONE',  ( 0.5649949999999850370, -0.5000000000000000000, 70.85528406208601382 ) ) ;
#2644 = DIRECTION ( 'NONE',  ( 0.000000000000000000, -1.000000000000000000, 0.000000000000000000 ) ) ;
#2645 = SURFACE_STYLE_USAGE ( .BOTH. , #1733 ) ;
#2646 = ORIENTED_EDGE ( 'NONE', *, *, #171, .F. ) ;
#2647 = ORIENTED_EDGE ( 'NONE', *, *, #3635, .F. ) ;
#2648 = VECTOR ( 'NONE', #746, 1000.000000000000000 ) ;
#2649 = CARTESIAN_POINT ( 'NONE',  ( -1.387778780781445991E-14, 0.09999999999998900047, 87.96999602396599016 ) ) ;
#2650 =( LENGTH_UNIT ( ) NAMED_UNIT ( * ) SI_UNIT ( .MILLI., .METRE. ) );
#2651 = LINE ( 'NONE', #4194, #4122 ) ;
#2652 = LINE ( 'NONE', #3119, #837 ) ;
#2653 = ORIENTED_EDGE ( 'NONE', *, *, #5427, .T. ) ;
#2654 = CIRCLE ( 'NONE', #5802, 0.5000000000000004441 ) ;
#2655 = CYLINDRICAL_SURFACE ( 'NONE', #1920, 0.04999999999999996808 ) ;
#2656 = ORIENTED_EDGE ( 'NONE', *, *, #3745, .T. ) ;
#2657 = CARTESIAN_POINT ( 'NONE',  ( 1.050000000000000044, 0.000000000000000000, 34.86499602396599329 ) ) ;
#2658 = VECTOR ( 'NONE', #5399, 1000.000000000000000 ) ;
#2659 =( BOUNDED_SURFACE ( )  B_SPLINE_SURFACE ( 3, 3, ( 
 ( #5725, #926, #5212, #3357 ),
 ( #356, #6178, #323, #5660 ),
 ( #828, #3294, #2760, #4823 ),
 ( #5247, #4317, #415, #1278 ) ),
 .UNSPECIFIED., .F., .F., .T. ) 
 B_SPLINE_SURFACE_WITH_KNOTS ( ( 4, 4 ),
 ( 4, 4 ),
 ( 0.000000000000000000, 1.000000000000000000 ),
 ( 0.000000000000000000, 1.000000000000000000 ),
 .UNSPECIFIED. ) 
 GEOMETRIC_REPRESENTATION_ITEM ( )  RATIONAL_B_SPLINE_SURFACE ( (
 ( 1.000000000000000000, 0.8981898915180237530, 0.8981898915180237530, 1.000000000000000000),
 ( 0.8047378541243117578, 0.7228074058963628312, 0.7228074058963628312, 0.8047378541243117578),
 ( 0.8047378541243117578, 0.7228074058963628312, 0.7228074058963628312, 0.8047378541243117578),
 ( 1.000000000000000000, 0.8981898915180237530, 0.8981898915180237530, 1.000000000000000000) ) ) 
 REPRESENTATION_ITEM ( '' )  SURFACE ( )  );
#2660 = VECTOR ( 'NONE', #6265, 1000.000000000000000 ) ;
#2661 = DIRECTION ( 'NONE',  ( -0.9396926207858973257, 0.000000000000000000, -0.3420201433256991330 ) ) ;
#2662 = CARTESIAN_POINT ( 'NONE',  ( 0.06550681974641169025, 0.1044193998423619818, 87.62680441613028393 ) ) ;
#2663 = FILL_AREA_STYLE_COLOUR ( '', #21 ) ;
#2664 = VERTEX_POINT ( 'NONE', #1662 ) ;
#2665 = DIRECTION ( 'NONE',  ( 0.000000000000000000, 0.000000000000000000, -1.000000000000000000 ) ) ;
#2666 = AXIS2_PLACEMENT_3D ( 'NONE', #3183, #719, #5128 ) ;
#2667 = ADVANCED_FACE ( 'NONE', ( #249 ), #3605, .F. ) ;
#2668 = ORIENTED_EDGE ( 'NONE', *, *, #5033, .T. ) ;
#2669 = ORIENTED_EDGE ( 'NONE', *, *, #3742, .F. ) ;
#2670 = DIRECTION ( 'NONE',  ( -0.9000516710731800707, 0.000000000000000000, 0.4357831908166904800 ) ) ;
#2671 = LINE ( 'NONE', #1219, #554 ) ;
#2672 = EDGE_LOOP ( 'NONE', ( #1659, #4848 ) ) ;
#2673 = ORIENTED_EDGE ( 'NONE', *, *, #2626, .F. ) ;
#2674 = DIRECTION ( 'NONE',  ( 1.000000000000000000, 0.000000000000000000, 0.000000000000000000 ) ) ;
#2675 = DIRECTION ( 'NONE',  ( 0.000000000000000000, 0.000000000000000000, -1.000000000000000000 ) ) ;
#2676 = CARTESIAN_POINT ( 'NONE',  ( -1.022962154969969895, -0.8741831285481902469, 89.28456072652829789 ) ) ;
#2677 = EDGE_CURVE ( 'NONE', #3347, #4918, #2030, .T. ) ;
#2678 = ORIENTED_EDGE ( 'NONE', *, *, #4504, .T. ) ;
#2679 = DIRECTION ( 'NONE',  ( 1.000000000000000000, 0.000000000000000000, 0.000000000000000000 ) ) ;
#2680 = DIRECTION ( 'NONE',  ( 0.000000000000000000, -1.000000000000000000, 0.000000000000000000 ) ) ;
#2681 = ORIENTED_EDGE ( 'NONE', *, *, #701, .F. ) ;
#2682 = CARTESIAN_POINT ( 'NONE',  ( -1.314995000000011904, 0.2999999999999944933, 86.24044602396600112 ) ) ;
#2683 = CARTESIAN_POINT ( 'NONE',  ( -1.387778780781445991E-14, 0.000000000000000000, 89.24499602396599585 ) ) ;
#2684 = CARTESIAN_POINT ( 'NONE',  ( 1.500000000000349942, 0.2999999999999944933, 89.37468692922830371 ) ) ;
#2685 = PLANE ( 'NONE',  #4930 ) ;
#2686 = ORIENTED_EDGE ( 'NONE', *, *, #155, .F. ) ;
#2687 = ORIENTED_EDGE ( 'NONE', *, *, #1281, .F. ) ;
#2688 = ORIENTED_EDGE ( 'NONE', *, *, #4692, .T. ) ;
#2689 = VECTOR ( 'NONE', #4338, 1000.000000000000000 ) ;
#2690 = FACE_OUTER_BOUND ( 'NONE', #3607, .T. ) ;
#2691 = CARTESIAN_POINT ( 'NONE',  ( -0.06525928545638598477, -0.8739091412448839469, 87.42648731510858795 ) ) ;
#2692 = CARTESIAN_POINT ( 'NONE',  ( -0.2500000000000139888, 0.2999999999999944933, 88.46999602396599016 ) ) ;
#2693 = ORIENTED_EDGE ( 'NONE', *, *, #2624, .F. ) ;
#2694 = ORIENTED_EDGE ( 'NONE', *, *, #815, .T. ) ;
#2695 = EDGE_CURVE ( 'NONE', #4846, #2752, #4660, .T. ) ;
#2696 = AXIS2_PLACEMENT_3D ( 'NONE', #1035, #6324, #3876 ) ;
#2697 = EDGE_CURVE ( 'NONE', #4041, #1838, #3348, .T. ) ;
#2698 = CARTESIAN_POINT ( 'NONE',  ( 0.7500000000000000000, 0.000000000000000000, 54.32660299285757333 ) ) ;
#2699 = CARTESIAN_POINT ( 'NONE',  ( 0.9337560918394262055, -0.9036271112215117363, 89.43274353928924825 ) ) ;
#2700 = CIRCLE ( 'NONE', #1678, 1.349479121017210792 ) ;
#2701 = DIRECTION ( 'NONE',  ( 0.000000000000000000, 1.000000000000000000, 0.000000000000000000 ) ) ;
#2702 = ADVANCED_FACE ( 'NONE', ( #5075 ), #6069, .T. ) ;
#2703 = CARTESIAN_POINT ( 'NONE',  ( -1.387778780781445991E-14, -0.7500000000000000000, 87.25217883429100141 ) ) ;
#2704 = ORIENTED_EDGE ( 'NONE', *, *, #5967, .F. ) ;
#2705 = ADVANCED_FACE ( 'NONE', ( #3130 ), #5617, .T. ) ;
#2706 = ADVANCED_FACE ( 'NONE', ( #5106 ), #914, .T. ) ;
#2707 = VERTEX_POINT ( 'NONE', #692 ) ;
#2708 = EDGE_CURVE ( 'NONE', #3474, #847, #4174, .T. ) ;
#2709 = CIRCLE ( 'NONE', #4333, 0.7499999999969059195 ) ;
#2710 = AXIS2_PLACEMENT_3D ( 'NONE', #2131, #4127, #175 ) ;
#2711 = AXIS2_PLACEMENT_3D ( 'NONE', #5158, #5252, #5697 ) ;
#2712 = CARTESIAN_POINT ( 'NONE',  ( 1.499999999999988010, 0.09999999999998900047, 89.37468692922600155 ) ) ;
#2713 = ADVANCED_FACE ( 'NONE', ( #5590 ), #4084, .T. ) ;
#2714 = CARTESIAN_POINT ( 'NONE',  ( 0.3999999999999835354, 0.2999999999999944933, 89.06999602396599869 ) ) ;
#2715 = EDGE_LOOP ( 'NONE', ( #4476, #2981, #2673, #713, #3199, #1668, #2369, #2191 ) ) ;
#2716 = CARTESIAN_POINT ( 'NONE',  ( -1.449999999999999956, 0.4500000000000060063, 66.36315375021600005 ) ) ;
#2717 = VECTOR ( 'NONE', #2391, 1000.000000000000000 ) ;
#2718 = MECHANICAL_DESIGN_GEOMETRIC_PRESENTATION_REPRESENTATION (  '', ( #1896 ), #3317 ) ;
#2719 = DIRECTION ( 'NONE',  ( 0.000000000000000000, 0.000000000000000000, 1.000000000000000000 ) ) ;
#2720 = DIRECTION ( 'NONE',  ( -0.000000000000000000, -1.000000000000000000, -0.000000000000000000 ) ) ;
#2721 = FILL_AREA_STYLE ('',( #2663 ) ) ;
#2722 = ORIENTED_EDGE ( 'NONE', *, *, #861, .F. ) ;
#2723 = AXIS2_PLACEMENT_3D ( 'NONE', #2023, #4959, #5882 ) ;
#2724 = ORIENTED_EDGE ( 'NONE', *, *, #6136, .F. ) ;
#2725 = DIRECTION ( 'NONE',  ( -0.000000000000000000, -0.000000000000000000, 1.000000000000000000 ) ) ;
#2726 = CIRCLE ( 'NONE', #680, 1.344999999999998863 ) ;
#2727 = FACE_OUTER_BOUND ( 'NONE', #5061, .T. ) ;
#2728 = ORIENTED_EDGE ( 'NONE', *, *, #698, .F. ) ;
#2729 = CARTESIAN_POINT ( 'NONE',  ( 0.7375650506213856650, 0.5000000000000912603, 85.53570670207118098 ) ) ;
#2730 = DIRECTION ( 'NONE',  ( 0.000000000000000000, 1.000000000000000000, 0.000000000000000000 ) ) ;
#2731 = LINE ( 'NONE', #4671, #5762 ) ;
#2732 = EDGE_CURVE ( 'NONE', #5831, #4308, #5524, .T. ) ;
#2733 = ORIENTED_EDGE ( 'NONE', *, *, #4611, .T. ) ;
#2734 = ORIENTED_EDGE ( 'NONE', *, *, #2043, .T. ) ;
#2735 = DIRECTION ( 'NONE',  ( 0.000000000000000000, 1.000000000000000000, 0.000000000000000000 ) ) ;
#2736 = CARTESIAN_POINT ( 'NONE',  ( -0.2720753572082875160, 0.2999999999999944933, 85.41999602396599300 ) ) ;
#2737 = LINE ( 'NONE', #6152, #469 ) ;
#2738 = ORIENTED_EDGE ( 'NONE', *, *, #5512, .T. ) ;
#2739 = ORIENTED_EDGE ( 'NONE', *, *, #1651, .F. ) ;
#2740 = EDGE_CURVE ( 'NONE', #3855, #5089, #710, .T. ) ;
#2741 = CARTESIAN_POINT ( 'NONE',  ( 0.08667650477012370236, -0.08763786189142956651, 88.02494335950699167 ) ) ;
#2742 = DIRECTION ( 'NONE',  ( 0.000000000000000000, 1.000000000000000000, 0.000000000000000000 ) ) ;
#2743 = VECTOR ( 'NONE', #1672, 1000.000000000000000 ) ;
#2744 = EDGE_CURVE ( 'NONE', #4513, #2200, #3669, .T. ) ;
#2745 = DIRECTION ( 'NONE',  ( 0.000000000000000000, 1.000000000000000000, 0.000000000000000000 ) ) ;
#2746 = ORIENTED_EDGE ( 'NONE', *, *, #3358, .T. ) ;
#2747 = CARTESIAN_POINT ( 'NONE',  ( 0.3354101966249884992, 0.2999999999999944933, 88.76999602396600153 ) ) ;
#2748 = DIRECTION ( 'NONE',  ( 0.000000000000000000, 0.000000000000000000, 1.000000000000000000 ) ) ;
#2749 = AXIS2_PLACEMENT_3D ( 'NONE', #224, #2811, #3382 ) ;
#2750 = CARTESIAN_POINT ( 'NONE',  ( -1.214629883341452388, -0.9035053820311224060, 89.34775811392808009 ) ) ;
#2751 = CARTESIAN_POINT ( 'NONE',  ( 1.449999999999979972, 3.185416000000000025, 87.92975050800500014 ) ) ;
#2752 = VERTEX_POINT ( 'NONE', #3220 ) ;
#2753 = SURFACE_STYLE_USAGE ( .BOTH. , #3732 ) ;
#2754 = VECTOR ( 'NONE', #2562, 1000.000000000000000 ) ;
#2755 = DIRECTION ( 'NONE',  ( -0.9000516710128142472, -0.000000000000000000, -0.4357831909413680815 ) ) ;
#2756 = CARTESIAN_POINT ( 'NONE',  ( -1.406421680915080019, 0.5000000000000000000, 87.90865094277840797 ) ) ;
#2757 = ORIENTED_EDGE ( 'NONE', *, *, #2042, .F. ) ;
#2758 = DIRECTION ( 'NONE',  ( 0.9396926207858973257, 0.000000000000000000, -0.3420201433256991330 ) ) ;
#2759 = DIRECTION ( 'NONE',  ( 0.000000000000000000, 0.000000000000000000, -1.000000000000000000 ) ) ;
#2760 = CARTESIAN_POINT ( 'NONE',  ( 1.394095453469882173, 0.5000000000000126565, 87.87014105970550304 ) ) ;
#2761 = ORIENTED_EDGE ( 'NONE', *, *, #498, .F. ) ;
#2762 = LINE ( 'NONE', #5759, #3727 ) ;
#2763 = CARTESIAN_POINT ( 'NONE',  ( 1.156319657900302555, -0.8600219286770622862, 89.45717656464042022 ) ) ;
#2764 = LINE ( 'NONE', #2942, #1693 ) ;
#2765 = DIRECTION ( 'NONE',  ( 0.000000000000000000, 0.000000000000000000, 1.000000000000000000 ) ) ;
#2766 = VERTEX_POINT ( 'NONE', #5173 ) ;
#2767 = VERTEX_POINT ( 'NONE', #782 ) ;
#2768 = CARTESIAN_POINT ( 'NONE',  ( -0.7965599999631284289, 0.4792893218814270884, 85.01499602396600608 ) ) ;
#2769 = DIRECTION ( 'NONE',  ( 0.000000000000000000, 1.000000000000000000, 0.000000000000000000 ) ) ;
#2770 = DIRECTION ( 'NONE',  ( -0.000000000000000000, -0.000000000000000000, 1.000000000000000000 ) ) ;
#2771 = CARTESIAN_POINT ( 'NONE',  ( -0.8149950000000130146, 0.4500000000000060063, 85.51499602396599187 ) ) ;
#2772 = ORIENTED_EDGE ( 'NONE', *, *, #240, .T. ) ;
#2773 = CARTESIAN_POINT ( 'NONE',  ( -1.218338856249749691, -0.7429451960312126735, 87.83486249997758932 ) ) ;
#2774 = AXIS2_PLACEMENT_3D ( 'NONE', #4887, #4404, #2907 ) ;
#2775 = EDGE_CURVE ( 'NONE', #5641, #3514, #4694, .T. ) ;
#2776 = LINE ( 'NONE', #4306, #2660 ) ;
#2777 = EDGE_CURVE ( 'NONE', #5794, #2785, #4890, .T. ) ;
#2778 = ORIENTED_EDGE ( 'NONE', *, *, #4107, .T. ) ;
#2779 = ADVANCED_FACE ( 'NONE', ( #5201 ), #816, .T. ) ;
#2780 = EDGE_CURVE ( 'NONE', #424, #4417, #3976, .T. ) ;
#2781 = EDGE_CURVE ( 'NONE', #3855, #4138, #3254, .T. ) ;
#2782 = DIRECTION ( 'NONE',  ( -1.000000000000000000, -2.168404344971007685E-15, -2.769173779171295460E-09 ) ) ;
#2783 = CARTESIAN_POINT ( 'NONE',  ( -0.1499999999993174016, -1.299999999985923971, 87.63486387307760594 ) ) ;
#2784 = FACE_OUTER_BOUND ( 'NONE', #1515, .T. ) ;
#2785 = VERTEX_POINT ( 'NONE', #3283 ) ;
#2786 = CARTESIAN_POINT ( 'NONE',  ( 0.000000000000000000, 0.000000000000000000, 54.13341782759975729 ) ) ;
#2787 = PRESENTATION_STYLE_ASSIGNMENT (( #5601 ) ) ;
#2788 = DIRECTION ( 'NONE',  ( -1.000000000000000000, -0.000000000000000000, -0.000000000000000000 ) ) ;
#2789 = ORIENTED_EDGE ( 'NONE', *, *, #37, .F. ) ;
#2790 = VECTOR ( 'NONE', #4009, 1000.000000000000000 ) ;
#2791 = DIRECTION ( 'NONE',  ( 0.000000000000000000, -1.000000000000000000, 0.000000000000000000 ) ) ;
#2792 = LINE ( 'NONE', #3266, #4838 ) ;
#2793 = DIRECTION ( 'NONE',  ( -1.500102125850944904E-11, 1.000000000000000000, 0.000000000000000000 ) ) ;
#2794 = DIRECTION ( 'NONE',  ( 0.000000000000000000, 1.000000000000000000, 0.000000000000000000 ) ) ;
#2795 = ORIENTED_EDGE ( 'NONE', *, *, #6172, .T. ) ;
#2796 = VECTOR ( 'NONE', #1999, 1000.000000000000000 ) ;
#2797 = ORIENTED_EDGE ( 'NONE', *, *, #2040, .F. ) ;
#2798 = AXIS2_PLACEMENT_3D ( 'NONE', #3657, #5731, #6285 ) ;
#2799 = CARTESIAN_POINT ( 'NONE',  ( -1.386278588452490511E-14, -0.1224999999999999978, 88.01999602396909950 ) ) ;
#2800 = DIRECTION ( 'NONE',  ( 0.8660254037790087178, 0.000000000000000000, 0.5000000000094049213 ) ) ;
#2801 = FACE_OUTER_BOUND ( 'NONE', #5522, .T. ) ;
#2802 = ORIENTED_EDGE ( 'NONE', *, *, #2170, .F. ) ;
#2803 = DIRECTION ( 'NONE',  ( 0.000000000000000000, 1.000000000000000000, 0.000000000000000000 ) ) ;
#2804 = VECTOR ( 'NONE', #3776, 1000.000000000000000 ) ;
#2805 = VECTOR ( 'NONE', #2788, 1000.000000000000000 ) ;
#2806 = MECHANICAL_DESIGN_GEOMETRIC_PRESENTATION_REPRESENTATION (  '', ( #3115 ), #5561 ) ;
#2807 = VECTOR ( 'NONE', #4118, 1000.000000000000000 ) ;
#2808 = CARTESIAN_POINT ( 'NONE',  ( -0.9456351623275072171, 0.4792893218814112122, 86.64467760542216013 ) ) ;
#2809 = ORIENTED_EDGE ( 'NONE', *, *, #5398, .F. ) ;
#2810 = EDGE_CURVE ( 'NONE', #702, #1531, #2776, .T. ) ;
#2811 = DIRECTION ( 'NONE',  ( 0.000000000000000000, 1.000000000000000000, 0.000000000000000000 ) ) ;
#2812 = DIRECTION ( 'NONE',  ( -1.000000000000000000, -0.000000000000000000, -0.000000000000000000 ) ) ;
#2813 = CARTESIAN_POINT ( 'NONE',  ( -1.387778780781445991E-14, -1.559999999943165072, 88.76999602396600153 ) ) ;
#2814 = DIRECTION ( 'NONE',  ( 0.000000000000000000, 0.000000000000000000, -1.000000000000000000 ) ) ;
#2815 = ORIENTED_EDGE ( 'NONE', *, *, #5232, .F. ) ;
#2816 = CARTESIAN_POINT ( 'NONE',  ( 0.7165599999999411329, 0.4500000000000060063, 85.43499602396597936 ) ) ;
#2817 = AXIS2_PLACEMENT_3D ( 'NONE', #3363, #3265, #5789 ) ;
#2818 = CARTESIAN_POINT ( 'NONE',  ( 0.000000000000000000, 0.000000000000000000, 41.92357466772867980 ) ) ;
#2819 = ADVANCED_FACE ( 'NONE', ( #942 ), #3507, .T. ) ;
#2820 = VECTOR ( 'NONE', #526, 1000.000000000000000 ) ;
#2821 = B_SPLINE_CURVE_WITH_KNOTS ( 'NONE', 3,
 ( #1154, #6050, #732, #5025 ),
 .UNSPECIFIED., .F., .F.,
 ( 4, 4 ),
 ( 0.000000000000000000, 1.000000000000000000 ),
 .UNSPECIFIED. ) ;
#2822 = CARTESIAN_POINT ( 'NONE',  ( -1.386278588452490511E-14, -0.1224999999999999978, 88.01999602396909950 ) ) ;
#2823 = CARTESIAN_POINT ( 'NONE',  ( 0.7165599999999909819, 0.2999999999999944933, 85.43499602396599357 ) ) ;
#2824 = LINE ( 'NONE', #1805, #5458 ) ;
#2825 = FACE_OUTER_BOUND ( 'NONE', #4386, .T. ) ;
#2826 = FACE_OUTER_BOUND ( 'NONE', #5288, .T. ) ;
#2827 = EDGE_LOOP ( 'NONE', ( #1639, #3939, #2962, #2014 ) ) ;
#2828 = ORIENTED_EDGE ( 'NONE', *, *, #2695, .T. ) ;
#2829 = CARTESIAN_POINT ( 'NONE',  ( 0.1164870213031577173, 0.04024414218300607221, 88.02907430474644457 ) ) ;
#2830 = DIRECTION ( 'NONE',  ( 0.000000000000000000, 0.000000000000000000, 1.000000000000000000 ) ) ;
#2831 = CARTESIAN_POINT ( 'NONE',  ( -0.7165600000000189596, 0.4500000000000060063, 85.43499602405879045 ) ) ;
#2832 = EDGE_LOOP ( 'NONE', ( #5434, #176 ) ) ;
#2833 = CIRCLE ( 'NONE', #83, 0.4500000000000000111 ) ;
#2834 = CARTESIAN_POINT ( 'NONE',  ( -1.387778780781445991E-14, 0.000000000000000000, 85.51499602396599187 ) ) ;
#2835 =( NAMED_UNIT ( * ) SI_UNIT ( $, .STERADIAN. ) SOLID_ANGLE_UNIT ( ) );
#2836 = ORIENTED_EDGE ( 'NONE', *, *, #5902, .T. ) ;
#2837 = ORIENTED_EDGE ( 'NONE', *, *, #4406, .F. ) ;
#2838 = AXIS2_PLACEMENT_3D ( 'NONE', #3139, #197, #4666 ) ;
#2839 = CARTESIAN_POINT ( 'NONE',  ( -1.373756574931208772E-14, -1.653000000000000025, 87.62499602396600551 ) ) ;
#2840 = CARTESIAN_POINT ( 'NONE',  ( -0.5270000000000140128, 0.2999999999999944933, 90.01231840487479019 ) ) ;
#2841 = CARTESIAN_POINT ( 'NONE',  ( -1.249990000000186230, -0.7291331488457339915, 87.84999999999999432 ) ) ;
#2842 = CARTESIAN_POINT ( 'NONE',  ( 0.3103994648600839623, 0.5000000000000000000, 84.36499602396600039 ) ) ;
#2843 = ORIENTED_EDGE ( 'NONE', *, *, #3826, .T. ) ;
#2844 = PLANE ( 'NONE',  #1468 ) ;
#2845 = FILL_AREA_STYLE_COLOUR ( '', #4395 ) ;
#2846 = PLANE ( 'NONE',  #2900 ) ;
#2847 = EDGE_CURVE ( 'NONE', #5089, #1559, #1629, .T. ) ;
#2848 = VECTOR ( 'NONE', #67, 1000.000000000000000 ) ;
#2849 = FILL_AREA_STYLE ('',( #1872 ) ) ;
#2850 = CARTESIAN_POINT ( 'NONE',  ( 1.139239952364757391, -0.8674791867146149915, 89.48513715840626048 ) ) ;
#2851 = FACE_BOUND ( 'NONE', #4206, .T. ) ;
#2852 = LINE ( 'NONE', #5699, #3712 ) ;
#2853 = FACE_OUTER_BOUND ( 'NONE', #1397, .T. ) ;
#2854 = ORIENTED_EDGE ( 'NONE', *, *, #2641, .F. ) ;
#2855 = VERTEX_POINT ( 'NONE', #6300 ) ;
#2856 = EDGE_CURVE ( 'NONE', #5588, #3846, #5502, .T. ) ;
#2857 = CARTESIAN_POINT ( 'NONE',  ( -0.7204077630763329188, 0.5000000000000059952, 84.96499602400099604 ) ) ;
#2858 = CARTESIAN_POINT ( 'NONE',  ( -1.500000000000000000, 0.2999999999999944933, 87.96999602396599016 ) ) ;
#2859 = DIRECTION ( 'NONE',  ( 0.000000000000000000, -1.000000000000000000, 0.000000000000000000 ) ) ;
#2860 = DIRECTION ( 'NONE',  ( 0.000000000000000000, 1.000000000000000000, 0.000000000000000000 ) ) ;
#2861 = CARTESIAN_POINT ( 'NONE',  ( -1.400000000000011902, -0.5000000000000000000, 86.90000000000000568 ) ) ;
#2862 = PRODUCT_DEFINITION ( 'UNKNOWN', '', #859, #6114 ) ;
#2863 = CARTESIAN_POINT ( 'NONE',  ( -1.157497499999881718, 0.4500000000000060063, 86.71499268920945269 ) ) ;
#2864 = STYLED_ITEM ( 'NONE', ( #2787 ), #1752 ) ;
#2865 = DIRECTION ( 'NONE',  ( 0.000000000000000000, 0.000000000000000000, -1.000000000000000000 ) ) ;
#2866 = ORIENTED_EDGE ( 'NONE', *, *, #3566, .F. ) ;
#2867 = ORIENTED_EDGE ( 'NONE', *, *, #1840, .F. ) ;
#2868 = CARTESIAN_POINT ( 'NONE',  ( 1.085869855315558352, 0.5000000000000002220, 86.74390201685996260 ) ) ;
#2869 = CARTESIAN_POINT ( 'NONE',  ( 1.339375098698312616, 0.4500000000000060063, 86.80808444370622112 ) ) ;
#2870 = LINE ( 'NONE', #1889, #264 ) ;
#2871 = CARTESIAN_POINT ( 'NONE',  ( -1.370939032106098576, 0.5000000000000058842, 87.89147110476054081 ) ) ;
#2872 = CARTESIAN_POINT ( 'NONE',  ( -1.387778780781445991E-14, -1.300000000000000044, 88.76999602396600153 ) ) ;
#2873 = UNCERTAINTY_MEASURE_WITH_UNIT (LENGTH_MEASURE( 1.000000000000000082E-05 ), #1119, 'distance_accuracy_value', 'NONE');
#2874 = CARTESIAN_POINT ( 'NONE',  ( 0.5269999999994999795, 0.2999999999999944933, 90.10775836525458260 ) ) ;
#2875 = DIRECTION ( 'NONE',  ( 0.000000000000000000, -1.000000000000000000, 0.000000000000000000 ) ) ;
#2876 = CARTESIAN_POINT ( 'NONE',  ( -1.387778780781445991E-14, 0.000000000000000000, 86.21499602396599471 ) ) ;
#2877 = CARTESIAN_POINT ( 'NONE',  ( 0.2499999999999865108, 0.2999999999999944933, 89.06999602396599869 ) ) ;
#2878 = LINE ( 'NONE', #933, #1290 ) ;
#2879 = VERTEX_POINT ( 'NONE', #4337 ) ;
#2880 = ADVANCED_FACE ( 'NONE', ( #5230 ), #1395, .T. ) ;
#2881 = ORIENTED_EDGE ( 'NONE', *, *, #4874, .F. ) ;
#2882 = EDGE_CURVE ( 'NONE', #1012, #6139, #1423, .T. ) ;
#2883 = ADVANCED_FACE ( 'NONE', ( #5775 ), #2276, .T. ) ;
#2884 = VECTOR ( 'NONE', #6072, 1000.000000000000000 ) ;
#2885 = CARTESIAN_POINT ( 'NONE',  ( -1.500000000000002220, 0.4795086677747557036, 87.92975050800498593 ) ) ;
#2886 = EDGE_CURVE ( 'NONE', #818, #4467, #3157, .T. ) ;
#2887 = CARTESIAN_POINT ( 'NONE',  ( -1.050000000000000044, 1.285879139104720978E-16, 82.41186213473042699 ) ) ;
#2888 = LINE ( 'NONE', #5030, #360 ) ;
#2889 = DIRECTION ( 'NONE',  ( -0.000000000000000000, -0.000000000000000000, 1.000000000000000000 ) ) ;
#2890 = CARTESIAN_POINT ( 'NONE',  ( -1.184533571320782075, -0.7500000000000000000, 87.81869475876096942 ) ) ;
#2891 = ADVANCED_FACE ( 'NONE', ( #6234 ), #1355, .T. ) ;
#2892 = VECTOR ( 'NONE', #3849, 1000.000000000000000 ) ;
#2893 = ADVANCED_FACE ( 'NONE', ( #2364 ), #4871, .T. ) ;
#2894 = CARTESIAN_POINT ( 'NONE',  ( -0.2500000000000139888, 0.2999999999999944933, 89.06999602396599869 ) ) ;
#2895 = ORIENTED_EDGE ( 'NONE', *, *, #4031, .T. ) ;
#2896 = AXIS2_PLACEMENT_3D ( 'NONE', #3206, #4590, #5159 ) ;
#2897 = ORIENTED_EDGE ( 'NONE', *, *, #4181, .T. ) ;
#2898 = ORIENTED_EDGE ( 'NONE', *, *, #3566, .T. ) ;
#2899 = VECTOR ( 'NONE', #4801, 1000.000000000000227 ) ;
#2900 = AXIS2_PLACEMENT_3D ( 'NONE', #3840, #3231, #5756 ) ;
#2901 = CARTESIAN_POINT ( 'NONE',  ( 1.180009520028195924, 0.2999999999999944933, 89.42472606815569236 ) ) ;
#2902 = CARTESIAN_POINT ( 'NONE',  ( 0.07627617323759110224, -0.09585507496334690070, 87.62753948413778460 ) ) ;
#2903 = DIRECTION ( 'NONE',  ( 0.000000000000000000, 1.000000000000000000, 0.000000000000000000 ) ) ;
#2904 = DIRECTION ( 'NONE',  ( 0.000000000000000000, 0.000000000000000000, 1.000000000000000000 ) ) ;
#2905 = CARTESIAN_POINT ( 'NONE',  ( -0.7649950000001429773, 0.5000000000000000000, 86.24044602397000858 ) ) ;
#2906 = AXIS2_PLACEMENT_3D ( 'NONE', #327, #5761, #1381 ) ;
#2907 = DIRECTION ( 'NONE',  ( 0.000000000000000000, 1.000000000000000000, 0.000000000000000000 ) ) ;
#2908 = LINE ( 'NONE', #3866, #1992 ) ;
#2909 = AXIS2_PLACEMENT_3D ( 'NONE', #4028, #2665, #2632 ) ;
#2910 = VECTOR ( 'NONE', #6064, 1000.000000000000000 ) ;
#2911 = VECTOR ( 'NONE', #5179, 1000.000000000000000 ) ;
#2912 = CARTESIAN_POINT ( 'NONE',  ( -1.131806123074951875, -1.559999999971585005, 89.25023951304959269 ) ) ;
#2913 = CARTESIAN_POINT ( 'NONE',  ( 1.350000000004975442, 0.5000000000000000000, 87.85742210850943934 ) ) ;
#2914 = FACE_OUTER_BOUND ( 'NONE', #6093, .T. ) ;
#2915 = CARTESIAN_POINT ( 'NONE',  ( 0.000000000000000000, 0.000000000000000000, 84.36499602396600039 ) ) ;
#2916 = DIRECTION ( 'NONE',  ( -0.000000000000000000, -1.000000000000000000, -0.000000000000000000 ) ) ;
#2917 = ORIENTED_EDGE ( 'NONE', *, *, #6249, .T. ) ;
#2918 = EDGE_LOOP ( 'NONE', ( #1114, #6085, #3396, #3659 ) ) ;
#2919 = AXIS2_PLACEMENT_3D ( 'NONE', #1612, #2577, #3169 ) ;
#2920 = LINE ( 'NONE', #1418, #1728 ) ;
#2921 = DIRECTION ( 'NONE',  ( 0.000000000000000000, 0.000000000000000000, -1.000000000000000000 ) ) ;
#2922 = CARTESIAN_POINT ( 'NONE',  ( -1.387778780781445991E-14, 0.000000000000000000, 85.41999602396599300 ) ) ;
#2923 = CARTESIAN_POINT ( 'NONE',  ( -1.229133361970613958, -0.9605243595625649888, 89.31612437746069588 ) ) ;
#2924 = VECTOR ( 'NONE', #4429, 1000.000000000000000 ) ;
#2925 = ORIENTED_EDGE ( 'NONE', *, *, #332, .T. ) ;
#2926 = EDGE_CURVE ( 'NONE', #5919, #4806, #3025, .T. ) ;
#2927 = CYLINDRICAL_SURFACE ( 'NONE', #3667, 0.5000000000000004441 ) ;
#2928 = CARTESIAN_POINT ( 'NONE',  ( -0.01366716844758556273, 0.1224999999999975830, 87.62499602396599130 ) ) ;
#2929 = CARTESIAN_POINT ( 'NONE',  ( 0.07992457333438900136, -0.8830667002820700162, 87.42737282195540161 ) ) ;
#2930 = ORIENTED_EDGE ( 'NONE', *, *, #4296, .T. ) ;
#2931 = VERTEX_POINT ( 'NONE', #977 ) ;
#2932 = DIRECTION ( 'NONE',  ( 0.000000000000000000, 0.000000000000000000, -1.000000000000000000 ) ) ;
#2933 = CARTESIAN_POINT ( 'NONE',  ( 0.02752263624502723771, -0.1201471537337543971, 87.62525413833975563 ) ) ;
#2934 = LINE ( 'NONE', #4917, #5257 ) ;
#2935 = CARTESIAN_POINT ( 'NONE',  ( 0.8149949999999850370, 0.2999999999999944933, 86.24044602396600112 ) ) ;
#2936 = DIRECTION ( 'NONE',  ( -0.9021342605811359938, 0.000000000000000000, -0.4314554158725175115 ) ) ;
#2937 = ADVANCED_FACE ( 'NONE', ( #1529 ), #2927, .T. ) ;
#2938 = CARTESIAN_POINT ( 'NONE',  ( 0.6665599999998578218, 0.5000000000000061062, 85.09499602360610027 ) ) ;
#2939 = CIRCLE ( 'NONE', #1821, 0.05000000000000002359 ) ;
#2940 = SURFACE_STYLE_USAGE ( .BOTH. , #5371 ) ;
#2941 = CARTESIAN_POINT ( 'NONE',  ( 0.2499999999999865108, 0.2999999999999944933, 89.06999602396599869 ) ) ;
#2942 = CARTESIAN_POINT ( 'NONE',  ( 0.3649949999999930195, 0.5000000000000000000, 84.51499602396599187 ) ) ;
#2943 = VECTOR ( 'NONE', #6140, 1000.000000000000000 ) ;
#2944 = CARTESIAN_POINT ( 'NONE',  ( -0.7780697340964382036, 0.5000000000000441869, 84.97735218402098667 ) ) ;
#2945 = LINE ( 'NONE', #3299, #378 ) ;
#2946 = VERTEX_POINT ( 'NONE', #6330 ) ;
#2947 = ORIENTED_EDGE ( 'NONE', *, *, #3949, .T. ) ;
#2948 = MECHANICAL_DESIGN_GEOMETRIC_PRESENTATION_REPRESENTATION (  '', ( #4380 ), #6019 ) ;
#2949 = DIRECTION ( 'NONE',  ( -1.598721155460232045E-14, 0.000000000000000000, -1.000000000000000000 ) ) ;
#2950 = DIRECTION ( 'NONE',  ( -0.000000000000000000, -1.000000000000000000, -0.000000000000000000 ) ) ;
#2951 = DIRECTION ( 'NONE',  ( -0.000000000000000000, -0.000000000000000000, -1.000000000000000000 ) ) ;
#2952 = CARTESIAN_POINT ( 'NONE',  ( -1.084206788025388279, -0.9766188054303637234, 89.56593834373585139 ) ) ;
#2953 = VECTOR ( 'NONE', #3688, 1000.000000000000000 ) ;
#2954 = UNCERTAINTY_MEASURE_WITH_UNIT (LENGTH_MEASURE( 1.000000000000000082E-05 ), #3124, 'distance_accuracy_value', 'NONE');
#2955 = ORIENTED_EDGE ( 'NONE', *, *, #4878, .T. ) ;
#2956 = FACE_OUTER_BOUND ( 'NONE', #4185, .T. ) ;
#2957 = CARTESIAN_POINT ( 'NONE',  ( -0.02720252203274014721, -0.1202287008486157271, 87.62523779278889435 ) ) ;
#2958 = ORIENTED_EDGE ( 'NONE', *, *, #6033, .F. ) ;
#2959 = DIRECTION ( 'NONE',  ( 0.000000000000000000, 0.000000000000000000, -1.000000000000000000 ) ) ;
#2960 = EDGE_CURVE ( 'NONE', #1259, #3541, #1971, .T. ) ;
#2961 = ORIENTED_EDGE ( 'NONE', *, *, #4643, .T. ) ;
#2962 = ORIENTED_EDGE ( 'NONE', *, *, #1850, .F. ) ;
#2963 = EDGE_CURVE ( 'NONE', #3617, #137, #4013, .T. ) ;
#2964 = DIRECTION ( 'NONE',  ( 0.000000000000000000, 0.000000000000000000, -1.000000000000000000 ) ) ;
#2965 = EDGE_CURVE ( 'NONE', #912, #1490, #5105, .T. ) ;
#2966 = CARTESIAN_POINT ( 'NONE',  ( -0.06530694136610640244, 0.1045236441818183787, 88.02276820549215586 ) ) ;
#2967 = CARTESIAN_POINT ( 'NONE',  ( -1.387778780781445991E-14, 0.000000000000000000, 89.24499602396599585 ) ) ;
#2968 = VERTEX_POINT ( 'NONE', #3509 ) ;
#2969 = EDGE_CURVE ( 'NONE', #4059, #1270, #5968, .T. ) ;
#2970 = ADVANCED_FACE ( 'NONE', ( #2956 ), #529, .T. ) ;
#2971 = SURFACE_STYLE_FILL_AREA ( #1021 ) ;
#2972 = FACE_OUTER_BOUND ( 'NONE', #5341, .T. ) ;
#2973 = CARTESIAN_POINT ( 'NONE',  ( 0.7965599999863737235, 0.5000000000000061062, 84.96499602396586681 ) ) ;
#2974 = EDGE_CURVE ( 'NONE', #5986, #468, #5903, .T. ) ;
#2975 = VECTOR ( 'NONE', #4126, 1000.000000000000000 ) ;
#2976 = ORIENTED_EDGE ( 'NONE', *, *, #3949, .F. ) ;
#2977 = CARTESIAN_POINT ( 'NONE',  ( 1.449999999999979972, 0.5000000000000000000, 89.38250577729660051 ) ) ;
#2978 = CARTESIAN_POINT ( 'NONE',  ( 0.000000000000000000, 0.000000000000000000, 84.36499602396600039 ) ) ;
#2979 = CARTESIAN_POINT ( 'NONE',  ( -0.7965599999555650346, 0.4887769361552889436, 84.99656102392609114 ) ) ;
#2980 = CARTESIAN_POINT ( 'NONE',  ( 0.000000000000000000, 0.000000000000000000, 54.32660299285757333 ) ) ;
#2981 = ORIENTED_EDGE ( 'NONE', *, *, #449, .F. ) ;
#2982 = VERTEX_POINT ( 'NONE', #1595 ) ;
#2983 = LINE ( 'NONE', #5318, #3463 ) ;
#2984 = DIRECTION ( 'NONE',  ( 0.000000000000000000, 0.000000000000000000, -1.000000000000000000 ) ) ;
#2985 = DIRECTION ( 'NONE',  ( 0.000000000000000000, 0.000000000000000000, -1.000000000000000000 ) ) ;
#2986 = VERTEX_POINT ( 'NONE', #2988 ) ;
#2987 = VECTOR ( 'NONE', #3222, 1000.000000000000000 ) ;
#2988 = CARTESIAN_POINT ( 'NONE',  ( -1.195695800895789862, -1.416128856692012050, 89.28712623574320162 ) ) ;
#2989 = CARTESIAN_POINT ( 'NONE',  ( -0.09638406936829038707, 0.07683744919653882899, 87.62903643818057731 ) ) ;
#2990 = ORIENTED_EDGE ( 'NONE', *, *, #3743, .T. ) ;
#2991 = CARTESIAN_POINT ( 'NONE',  ( 0.1069582944350439963, -0.9035053820311162998, 87.42921464381679186 ) ) ;
#2992 = ORIENTED_EDGE ( 'NONE', *, *, #3286, .T. ) ;
#2993 = AXIS2_PLACEMENT_3D ( 'NONE', #524, #5929, #3501 ) ;
#2994 = VERTEX_POINT ( 'NONE', #562 ) ;
#2995 = CARTESIAN_POINT ( 'NONE',  ( 0.8293765468265424934, 0.5000000000000000000, 86.50173854177830890 ) ) ;
#2996 = AXIS2_PLACEMENT_3D ( 'NONE', #5404, #4518, #4927 ) ;
#2997 = CARTESIAN_POINT ( 'NONE',  ( 0.8149949999999850370, -0.2500000000000000000, 86.24044602396600112 ) ) ;
#2998 = CARTESIAN_POINT ( 'NONE',  ( -1.387778780781445991E-14, -1.653000000000000025, 88.76999602396600153 ) ) ;
#2999 = ORIENTED_EDGE ( 'NONE', *, *, #972, .F. ) ;
#3000 = PRESENTATION_STYLE_ASSIGNMENT (( #3487 ) ) ;
#3001 = CARTESIAN_POINT ( 'NONE',  ( 0.8149949999999850370, -0.2500000000000000000, 84.51499602396599187 ) ) ;
#3002 = CARTESIAN_POINT ( 'NONE',  ( -1.387778780781445991E-14, 0.2999999999999944933, 88.76999602396600153 ) ) ;
#3003 = EDGE_CURVE ( 'NONE', #4365, #3505, #1138, .T. ) ;
#3004 = VECTOR ( 'NONE', #4411, 1000.000000000000000 ) ;
#3005 = VERTEX_POINT ( 'NONE', #466 ) ;
#3006 = AXIS2_PLACEMENT_3D ( 'NONE', #4766, #4284, #1407 ) ;
#3007 = ORIENTED_EDGE ( 'NONE', *, *, #6098, .F. ) ;
#3008 = EDGE_CURVE ( 'NONE', #1496, #2621, #3984, .T. ) ;
#3009 = MECHANICAL_DESIGN_GEOMETRIC_PRESENTATION_REPRESENTATION (  '', ( #2618 ), #5259 ) ;
#3010 = DIRECTION ( 'NONE',  ( -0.000000000000000000, -0.000000000000000000, 1.000000000000000000 ) ) ;
#3011 = CARTESIAN_POINT ( 'NONE',  ( 1.399999999999983924, 0.2999999999999944933, 87.84998935445300106 ) ) ;
#3012 = FILL_AREA_STYLE_COLOUR ( '', #2411 ) ;
#3013 = FACE_OUTER_BOUND ( 'NONE', #1583, .T. ) ;
#3014 = DIRECTION ( 'NONE',  ( 0.000000000000000000, 1.000000000000000000, 0.000000000000000000 ) ) ;
#3015 = ORIENTED_EDGE ( 'NONE', *, *, #1570, .T. ) ;
#3016 = EDGE_LOOP ( 'NONE', ( #3781, #5177, #980, #3974, #1502, #492 ) ) ;
#3017 = AXIS2_PLACEMENT_3D ( 'NONE', #5728, #3841, #2287 ) ;
#3018 = CARTESIAN_POINT ( 'NONE',  ( -1.387778780781445991E-14, -1.653000000000000025, 88.76999602396600153 ) ) ;
#3019 = LINE ( 'NONE', #12, #962 ) ;
#3020 = PLANE ( 'NONE',  #66 ) ;
#3021 =( NAMED_UNIT ( * ) SI_UNIT ( $, .STERADIAN. ) SOLID_ANGLE_UNIT ( ) );
#3022 = CIRCLE ( 'NONE', #2214, 0.04999999999999449329 ) ;
#3023 = ORIENTED_EDGE ( 'NONE', *, *, #1361, .T. ) ;
#3024 = VECTOR ( 'NONE', #5189, 1000.000000000000000 ) ;
#3025 = LINE ( 'NONE', #3446, #4077 ) ;
#3026 = CARTESIAN_POINT ( 'NONE',  ( -0.08669551980805549618, -0.08654557669351969906, 87.62828288712070446 ) ) ;
#3027 = ORIENTED_EDGE ( 'NONE', *, *, #3087, .F. ) ;
#3028 = ORIENTED_EDGE ( 'NONE', *, *, #5423, .F. ) ;
#3029 = ORIENTED_EDGE ( 'NONE', *, *, #6024, .T. ) ;
#3030 = ORIENTED_EDGE ( 'NONE', *, *, #4732, .T. ) ;
#3031 = DIRECTION ( 'NONE',  ( 0.000000000000000000, -1.000000000000000000, 0.000000000000000000 ) ) ;
#3032 = DIRECTION ( 'NONE',  ( 0.000000000000000000, 0.000000000000000000, 1.000000000000000000 ) ) ;
#3033 = CARTESIAN_POINT ( 'NONE',  ( -1.387778780781445991E-14, 0.1224999999999999978, 88.76999602396600153 ) ) ;
#3034 = ORIENTED_EDGE ( 'NONE', *, *, #3380, .F. ) ;
#3035 = CARTESIAN_POINT ( 'NONE',  ( 1.199999999964769914, -0.5500000000000000444, 88.16252174460559843 ) ) ;
#3036 = CARTESIAN_POINT ( 'NONE',  ( 1.498348485282771314, 0.4500000000000060063, 87.89760730585105364 ) ) ;
#3037 = DIRECTION ( 'NONE',  ( 0.000000000000000000, 0.000000000000000000, 1.000000000000000000 ) ) ;
#3038 = EDGE_CURVE ( 'NONE', #3223, #287, #1314, .T. ) ;
#3039 = ORIENTED_EDGE ( 'NONE', *, *, #6227, .F. ) ;
#3040 = ORIENTED_EDGE ( 'NONE', *, *, #4577, .F. ) ;
#3041 = STYLED_ITEM ( 'NONE', ( #5374 ), #1525 ) ;
#3042 = CARTESIAN_POINT ( 'NONE',  ( -0.04947677631018940203, -0.8683947437206630537, 87.42590635113688791 ) ) ;
#3043 = CARTESIAN_POINT ( 'NONE',  ( 1.406421680905920013, 0.5000000000000000000, 87.90865094277310732 ) ) ;
#3044 = DIRECTION ( 'NONE',  ( 1.000000000000000000, 0.000000000000000000, 0.000000000000000000 ) ) ;
#3045 = CARTESIAN_POINT ( 'NONE',  ( 0.2499999999999865108, 0.2999999999999944933, 89.06999602396599869 ) ) ;
#3046 = DIRECTION ( 'NONE',  ( 0.000000000000000000, -1.000000000000000000, 0.000000000000000000 ) ) ;
#3047 = EDGE_LOOP ( 'NONE', ( #294, #1914 ) ) ;
#3048 = EDGE_LOOP ( 'NONE', ( #1384, #4629, #1157, #2515 ) ) ;
#3049 = CIRCLE ( 'NONE', #5907, 0.2000000000000000944 ) ;
#3050 = ADVANCED_FACE ( 'NONE', ( #2587 ), #608, .T. ) ;
#3051 = DIRECTION ( 'NONE',  ( -0.000000000000000000, -0.000000000000000000, 1.000000000000000000 ) ) ;
#3052 =( NAMED_UNIT ( * ) PLANE_ANGLE_UNIT ( ) SI_UNIT ( $, .RADIAN. ) );
#3053 = CARTESIAN_POINT ( 'NONE',  ( -1.091353761416239854, -0.9448566138371140566, 89.55610795457299389 ) ) ;
#3054 = CARTESIAN_POINT ( 'NONE',  ( -1.400000000000011902, 0.2999999999999944933, 86.88953935445299237 ) ) ;
#3055 = ORIENTED_EDGE ( 'NONE', *, *, #724, .F. ) ;
#3056 = EDGE_CURVE ( 'NONE', #1531, #1238, #3362, .T. ) ;
#3057 = AXIS2_PLACEMENT_3D ( 'NONE', #1911, #3853, #3375 ) ;
#3058 =( BOUNDED_SURFACE ( )  B_SPLINE_SURFACE ( 3, 3, ( 
 ( #165, #541, #193, #3457 ),
 ( #3553, #1123, #1022, #637 ),
 ( #3036, #2499, #6012, #2019 ),
 ( #1635, #1149, #1054, #3101 ) ),
 .UNSPECIFIED., .F., .F., .F. ) 
 B_SPLINE_SURFACE_WITH_KNOTS ( ( 4, 4 ),
 ( 4, 4 ),
 ( 0.000000000000000000, 1.000000000000000000 ),
 ( 0.000000000000000000, 1.000000000000000000 ),
 .UNSPECIFIED. ) 
 GEOMETRIC_REPRESENTATION_ITEM ( )  RATIONAL_B_SPLINE_SURFACE ( (
 ( 1.000000000000000000, 0.8047378541264551544, 0.8047378541264551544, 1.000000000000000000),
 ( 0.8025111867369362217, 0.6458111303271569792, 0.6458111303271569792, 0.8025111867369362217),
 ( 0.8025111867369362217, 0.6458111303271569792, 0.6458111303271569792, 0.8025111867369362217),
 ( 1.000000000000000000, 0.8047378541264551544, 0.8047378541264551544, 1.000000000000000000) ) ) 
 REPRESENTATION_ITEM ( '' )  SURFACE ( )  );
#3059 = VECTOR ( 'NONE', #2619, 1000.000000000000000 ) ;
#3060 = CARTESIAN_POINT ( 'NONE',  ( 1.249989690848996027, -0.7291332837538190281, 87.84999999999999432 ) ) ;
#3061 = CARTESIAN_POINT ( 'NONE',  ( -0.06559777145932933762, 0.1043523571808299966, 87.62682654006022176 ) ) ;
#3062 = EDGE_LOOP ( 'NONE', ( #1188, #5940, #4610, #3111, #3397, #1562, #876, #3346, #4160, #6237, #2110, #4680 ) ) ;
#3063 = CARTESIAN_POINT ( 'NONE',  ( 0.1499999999992896182, -0.9932696484412969484, 87.43338650731570283 ) ) ;
#3064 = ORIENTED_EDGE ( 'NONE', *, *, #2777, .T. ) ;
#3065 = DIRECTION ( 'NONE',  ( -0.000000000000000000, -0.000000000000000000, 1.000000000000000000 ) ) ;
#3066 = FACE_OUTER_BOUND ( 'NONE', #1416, .T. ) ;
#3067 = DIRECTION ( 'NONE',  ( 0.000000000000000000, 0.000000000000000000, -1.000000000000000000 ) ) ;
#3068 = ORIENTED_EDGE ( 'NONE', *, *, #6054, .T. ) ;
#3069 = CARTESIAN_POINT ( 'NONE',  ( 0.9080532793197120256, -1.653000000000000025, 89.46746590999460125 ) ) ;
#3070 = LINE ( 'NONE', #2541, #2365 ) ;
#3071 = VERTEX_POINT ( 'NONE', #4527 ) ;
#3072 = ORIENTED_EDGE ( 'NONE', *, *, #427, .T. ) ;
#3073 = FACE_OUTER_BOUND ( 'NONE', #5640, .T. ) ;
#3074 = FACE_OUTER_BOUND ( 'NONE', #4117, .T. ) ;
#3075 = CARTESIAN_POINT ( 'NONE',  ( -1.350000000000018074, 0.5000000000000000000, 88.76999602396600153 ) ) ;
#3076 = ORIENTED_EDGE ( 'NONE', *, *, #1008, .T. ) ;
#3077 = ORIENTED_EDGE ( 'NONE', *, *, #1609, .T. ) ;
#3078 = FILL_AREA_STYLE_COLOUR ( '', #1255 ) ;
#3079 = DIRECTION ( 'NONE',  ( 0.000000000000000000, -1.000000000000000000, 0.000000000000000000 ) ) ;
#3080 = CARTESIAN_POINT ( 'NONE',  ( 0.1471278691892264068, -0.9763535472996810460, 87.63447451465684424 ) ) ;
#3081 = CARTESIAN_POINT ( 'NONE',  ( 0.7763821387219977943, 0.5000000000000059952, 85.55188080902132697 ) ) ;
#3082 = EDGE_CURVE ( 'NONE', #1238, #1617, #6036, .T. ) ;
#3083 = ORIENTED_EDGE ( 'NONE', *, *, #4027, .F. ) ;
#3084 = EDGE_CURVE ( 'NONE', #2982, #4583, #4079, .T. ) ;
#3085 = ADVANCED_FACE ( 'NONE', ( #212 ), #4593, .T. ) ;
#3086 = EDGE_CURVE ( 'NONE', #4290, #565, #3261, .T. ) ;
#3087 = EDGE_CURVE ( 'NONE', #143, #818, #4617, .T. ) ;
#3088 = CARTESIAN_POINT ( 'NONE',  ( 0.000000000000000000, 0.000000000000000000, 84.36499602396600039 ) ) ;
#3089 = DIRECTION ( 'NONE',  ( -0.01403579482265187098, 0.000000000000000000, 0.9999014933800711713 ) ) ;
#3090 = EDGE_LOOP ( 'NONE', ( #961, #4619, #3201, #382 ) ) ;
#3091 = CARTESIAN_POINT ( 'NONE',  ( -1.373756574931208615E-14, 0.2999999999999944933, 87.62499602396600551 ) ) ;
#3092 = COLOUR_RGB ( '',0.9450980392156862475, 0.7568627450980391913, 0.1764705882352941013 ) ;
#3093 = EDGE_LOOP ( 'NONE', ( #4788, #408, #1427, #1291 ) ) ;
#3094 = EDGE_CURVE ( 'NONE', #4672, #4612, #242, .T. ) ;
#3095 =( BOUNDED_SURFACE ( )  B_SPLINE_SURFACE ( 3, 3, ( 
 ( #4359, #5445, #489, #1967 ),
 ( #3906, #4935, #2523, #5930 ),
 ( #3436, #5892, #5861, #4490 ),
 ( #5350, #3945, #110, #557 ) ),
 .UNSPECIFIED., .F., .F., .T. ) 
 B_SPLINE_SURFACE_WITH_KNOTS ( ( 4, 4 ),
 ( 4, 4 ),
 ( 0.000000000000000000, 1.000000000000000000 ),
 ( 0.000000000000000000, 1.000000000000000000 ),
 .UNSPECIFIED. ) 
 GEOMETRIC_REPRESENTATION_ITEM ( )  RATIONAL_B_SPLINE_SURFACE ( (
 ( 1.000000000000000000, 0.9691827461220697826, 0.9691827461220697826, 1.000000000000000000),
 ( 0.8047378541225687076, 0.7799380433668927637, 0.7799380433668927637, 0.8047378541225687076),
 ( 0.8047378541225687076, 0.7799380433668927637, 0.7799380433668927637, 0.8047378541225687076),
 ( 1.000000000000000000, 0.9691827461220697826, 0.9691827461220697826, 1.000000000000000000) ) ) 
 REPRESENTATION_ITEM ( '' )  SURFACE ( )  );
#3096 = EDGE_CURVE ( 'NONE', #4215, #1253, #6001, .T. ) ;
#3097 = DIRECTION ( 'NONE',  ( 0.000000000000000000, 1.000000000000000000, 0.000000000000000000 ) ) ;
#3098 =( NAMED_UNIT ( * ) PLANE_ANGLE_UNIT ( ) SI_UNIT ( $, .RADIAN. ) );
#3099 = DIRECTION ( 'NONE',  ( 0.000000000000000000, 0.000000000000000000, 1.000000000000000000 ) ) ;
#3100 = ORIENTED_EDGE ( 'NONE', *, *, #4139, .F. ) ;
#3101 = CARTESIAN_POINT ( 'NONE',  ( 1.471789159540819236, 0.4499999999999990119, 87.88474792445133232 ) ) ;
#3102 = CIRCLE ( 'NONE', #2696, 0.1224999999999999978 ) ;
#3103 = ORIENTED_EDGE ( 'NONE', *, *, #687, .F. ) ;
#3104 = ORIENTED_EDGE ( 'NONE', *, *, #4991, .F. ) ;
#3105 = CIRCLE ( 'NONE', #1781, 0.05000000000000283384 ) ;
#3106 = DIRECTION ( 'NONE',  ( -1.000000000000000000, 0.000000000000000000, 0.000000000000000000 ) ) ;
#3107 = CARTESIAN_POINT ( 'NONE',  ( -1.471789159541006198, 0.2999999999999944933, 87.88474792445100547 ) ) ;
#3108 = CARTESIAN_POINT ( 'NONE',  ( 1.350000000000000089, 0.4500000000000060063, 87.81864577567600350 ) ) ;
#3109 = DIRECTION ( 'NONE',  ( 0.000000000000000000, 0.000000000000000000, 1.000000000000000000 ) ) ;
#3110 = PRESENTATION_STYLE_ASSIGNMENT (( #2645 ) ) ;
#3111 = ORIENTED_EDGE ( 'NONE', *, *, #2043, .F. ) ;
#3112 = AXIS2_PLACEMENT_3D ( 'NONE', #3108, #2220, #6018 ) ;
#3113 = AXIS2_PLACEMENT_3D ( 'NONE', #5602, #4582, #4067 ) ;
#3114 = ORIENTED_EDGE ( 'NONE', *, *, #5074, .T. ) ;
#3115 = STYLED_ITEM ( 'NONE', ( #5978 ), #546 ) ;
#3116 = AXIS2_PLACEMENT_3D ( 'NONE', #4512, #2088, #4030 ) ;
#3117 = LINE ( 'NONE', #2135, #1479 ) ;
#3118 = LINE ( 'NONE', #770, #4832 ) ;
#3119 = CARTESIAN_POINT ( 'NONE',  ( 1.365099999999979996, 0.09999999999998900047, 88.76999602396600153 ) ) ;
#3120 = COLOUR_RGB ( '',0.000000000000000000, 0.000000000000000000, 0.000000000000000000 ) ;
#3121 = ORIENTED_EDGE ( 'NONE', *, *, #5033, .F. ) ;
#3122 = AXIS2_PLACEMENT_3D ( 'NONE', #221, #697, #2055 ) ;
#3123 = AXIS2_PLACEMENT_3D ( 'NONE', #4734, #362, #4449 ) ;
#3124 =( LENGTH_UNIT ( ) NAMED_UNIT ( * ) SI_UNIT ( .MILLI., .METRE. ) );
#3125 = CARTESIAN_POINT ( 'NONE',  ( -1.371307281332914101E-14, -1.653000000000000025, 87.42499602396600267 ) ) ;
#3126 = EDGE_CURVE ( 'NONE', #5448, #4281, #5643, .T. ) ;
#3127 = ORIENTED_EDGE ( 'NONE', *, *, #4968, .F. ) ;
#3128 = FACE_OUTER_BOUND ( 'NONE', #5674, .T. ) ;
#3129 = VECTOR ( 'NONE', #3402, 1000.000000000000000 ) ;
#3130 = FACE_OUTER_BOUND ( 'NONE', #3090, .T. ) ;
#3131 = FACE_OUTER_BOUND ( 'NONE', #2048, .T. ) ;
#3132 = DIRECTION ( 'NONE',  ( 0.4357831908167431045, 0.000000000000000000, -0.9000516710731546466 ) ) ;
#3133 = VERTEX_POINT ( 'NONE', #626 ) ;
#3134 = CARTESIAN_POINT ( 'NONE',  ( -0.8149950000000130146, 0.4500000000000060063, 71.42083586284699948 ) ) ;
#3135 = AXIS2_PLACEMENT_3D ( 'NONE', #2525, #3472, #4525 ) ;
#3136 = ORIENTED_EDGE ( 'NONE', *, *, #3437, .T. ) ;
#3137 = ORIENTED_EDGE ( 'NONE', *, *, #4369, .F. ) ;
#3138 = EDGE_CURVE ( 'NONE', #5625, #906, #182, .T. ) ;
#3139 = CARTESIAN_POINT ( 'NONE',  ( -1.387778780781445991E-14, -0.5500000000000000444, 88.76999602396600153 ) ) ;
#3140 = DIRECTION ( 'NONE',  ( 1.000000000000000000, 0.000000000000000000, 0.000000000000000000 ) ) ;
#3141 = DIRECTION ( 'NONE',  ( -1.474514954580448346E-13, 0.000000000000000000, -1.000000000000000000 ) ) ;
#3142 = CARTESIAN_POINT ( 'NONE',  ( 0.000000000000000000, 0.000000000000000000, 53.71153062637019815 ) ) ;
#3143 = ORIENTED_EDGE ( 'NONE', *, *, #4769, .T. ) ;
#3144 = EDGE_LOOP ( 'NONE', ( #868, #1244, #4967 ) ) ;
#3145 = VECTOR ( 'NONE', #1351, 1000.000000000000000 ) ;
#3146 = PRESENTATION_STYLE_ASSIGNMENT (( #5029 ) ) ;
#3147 = DIRECTION ( 'NONE',  ( 0.000000000000000000, -1.000000000000000000, 0.000000000000000000 ) ) ;
#3148 = LINE ( 'NONE', #683, #5654 ) ;
#3149 = CARTESIAN_POINT ( 'NONE',  ( -1.058053279324649987, -1.009999999999316111, 89.20765828885799920 ) ) ;
#3150 = ORIENTED_EDGE ( 'NONE', *, *, #894, .T. ) ;
#3151 = AXIS2_PLACEMENT_3D ( 'NONE', #3991, #632, #2538 ) ;
#3152 = FILL_AREA_STYLE_COLOUR ( '', #600 ) ;
#3153 = CARTESIAN_POINT ( 'NONE',  ( 0.7165599999999909819, 0.2999999999999944933, 85.43499602396599357 ) ) ;
#3154 = ORIENTED_EDGE ( 'NONE', *, *, #1951, .T. ) ;
#3155 = LINE ( 'NONE', #4657, #2410 ) ;
#3156 = AXIS2_PLACEMENT_3D ( 'NONE', #5528, #3521, #4920 ) ;
#3157 = CIRCLE ( 'NONE', #494, 0.4500000000000000111 ) ;
#3158 = DIRECTION ( 'NONE',  ( 0.9021342605810508397, 0.000000000000000000, -0.4314554158726954802 ) ) ;
#3159 = SURFACE_SIDE_STYLE ('',( #5076 ) ) ;
#3160 = CARTESIAN_POINT ( 'NONE',  ( 1.220259343960689469, -1.338710554791682217, 89.30130800393878587 ) ) ;
#3161 = ORIENTED_EDGE ( 'NONE', *, *, #6098, .T. ) ;
#3162 = ADVANCED_FACE ( 'NONE', ( #1657 ), #6061, .T. ) ;
#3163 = EDGE_CURVE ( 'NONE', #3617, #366, #6157, .T. ) ;
#3164 = EDGE_LOOP ( 'NONE', ( #2738, #4069, #3284, #3245 ) ) ;
#3165 = EDGE_CURVE ( 'NONE', #2986, #598, #1839, .T. ) ;
#3166 = EDGE_CURVE ( 'NONE', #3704, #4981, #5716, .T. ) ;
#3167 = EDGE_CURVE ( 'NONE', #1110, #2318, #374, .T. ) ;
#3168 = LINE ( 'NONE', #5598, #293 ) ;
#3169 = DIRECTION ( 'NONE',  ( 0.000000000000000000, -1.000000000000000000, 0.000000000000000000 ) ) ;
#3170 = DIRECTION ( 'NONE',  ( -0.9658987175258111346, 0.000000000000000000, -0.2589201951992030626 ) ) ;
#3172 = EDGE_CURVE ( 'NONE', #1758, #2340, #3757, .T. ) ;
#3171 = UNCERTAINTY_MEASURE_WITH_UNIT (LENGTH_MEASURE( 1.000000000000000082E-05 ), #3561, 'distance_accuracy_value', 'NONE');
#3173 = FILL_AREA_STYLE ('',( #1615 ) ) ;
#3174 = ORIENTED_EDGE ( 'NONE', *, *, #273, .F. ) ;
#3175 = ORIENTED_EDGE ( 'NONE', *, *, #1840, .T. ) ;
#3176 = ADVANCED_FACE ( 'NONE', ( #777 ), #4811, .T. ) ;
#3177 = CYLINDRICAL_SURFACE ( 'NONE', #5962, 1.699999999999999956 ) ;
#3178 = CYLINDRICAL_SURFACE ( 'NONE', #2505, 0.2500000000000000000 ) ;
#3179 = CARTESIAN_POINT ( 'NONE',  ( 0.1499999999992896182, -1.009999999999316111, 87.63486387306890890 ) ) ;
#3180 = DIRECTION ( 'NONE',  ( 0.000000000000000000, 1.000000000000000000, 0.000000000000000000 ) ) ;
#3181 = ORIENTED_EDGE ( 'NONE', *, *, #3819, .F. ) ;
#3182 = EDGE_LOOP ( 'NONE', ( #5536, #5390, #195, #1143 ) ) ;
#3183 = CARTESIAN_POINT ( 'NONE',  ( -0.7965600000000160330, 0.4500000000000060063, 85.43499602396599357 ) ) ;
#3184 = LINE ( 'NONE', #3575, #3451 ) ;
#3185 = ORIENTED_EDGE ( 'NONE', *, *, #6298, .F. ) ;
#3186 = LINE ( 'NONE', #215, #789 ) ;
#3187 = ADVANCED_FACE ( 'NONE', ( #3243 ), #1907, .T. ) ;
#3188 = PLANE ( 'NONE',  #2555 ) ;
#3189 = DIRECTION ( 'NONE',  ( 1.000000000000000000, 0.000000000000000000, -4.810063165680999924E-14 ) ) ;
#3190 = FACE_OUTER_BOUND ( 'NONE', #4750, .T. ) ;
#3191 = ORIENTED_EDGE ( 'NONE', *, *, #2627, .T. ) ;
#3192 = VERTEX_POINT ( 'NONE', #874 ) ;
#3193 = AXIS2_PLACEMENT_3D ( 'NONE', #5231, #4721, #5298 ) ;
#3194 = PLANE ( 'NONE',  #6328 ) ;
#3195 = CARTESIAN_POINT ( 'NONE',  ( -0.6665600000100719846, 0.5000000000000000000, 85.09499602382649641 ) ) ;
#3196 = FACE_OUTER_BOUND ( 'NONE', #1227, .T. ) ;
#3197 = DIRECTION ( 'NONE',  ( 0.000000000000000000, 0.000000000000000000, -1.000000000000000000 ) ) ;
#3198 = FACE_OUTER_BOUND ( 'NONE', #4947, .T. ) ;
#3199 = ORIENTED_EDGE ( 'NONE', *, *, #5901, .T. ) ;
#3200 = EDGE_CURVE ( 'NONE', #292, #3898, #4300, .T. ) ;
#3201 = ORIENTED_EDGE ( 'NONE', *, *, #4574, .T. ) ;
#3202 = CIRCLE ( 'NONE', #4830, 0.1999999999999987899 ) ;
#3203 = CARTESIAN_POINT ( 'NONE',  ( 1.209041680390225082, -0.8919925884790138593, 89.35938890436673887 ) ) ;
#3204 = DIRECTION ( 'NONE',  ( 0.000000000000000000, 1.000000000000000000, 0.000000000000000000 ) ) ;
#3205 = CIRCLE ( 'NONE', #2609, 1.551763809020503260 ) ;
#3206 = CARTESIAN_POINT ( 'NONE',  ( -1.387778780781445991E-14, -1.559999999943165072, 88.76999602396600153 ) ) ;
#3207 = LINE ( 'NONE', #771, #5070 ) ;
#3208 = EDGE_LOOP ( 'NONE', ( #214, #2733, #1455, #5975, #5008, #721, #1231 ) ) ;
#3209 = ORIENTED_EDGE ( 'NONE', *, *, #3903, .F. ) ;
#3210 = AXIS2_PLACEMENT_3D ( 'NONE', #1197, #6029, #3594 ) ;
#3211 = PRESENTATION_LAYER_ASSIGNMENT (  '', '', ( #1885 ) ) ;
#3212 = CARTESIAN_POINT ( 'NONE',  ( -0.8149950000000130146, 0.4500000000000060063, 86.24044602396659798 ) ) ;
#3213 = AXIS2_PLACEMENT_3D ( 'NONE', #1001, #4458, #80 ) ;
#3214 = DIRECTION ( 'NONE',  ( 0.000000000000000000, 0.000000000000000000, -1.000000000000000000 ) ) ;
#3215 = LINE ( 'NONE', #4171, #2648 ) ;
#3216 = ORIENTED_EDGE ( 'NONE', *, *, #1167, .F. ) ;
#3217 = AXIS2_PLACEMENT_3D ( 'NONE', #5367, #6340, #2936 ) ;
#3218 = DIRECTION ( 'NONE',  ( 0.000000000000000000, 0.000000000000000000, -1.000000000000000000 ) ) ;
#3219 = AXIS2_PLACEMENT_3D ( 'NONE', #3816, #2803, #3789 ) ;
#3220 = CARTESIAN_POINT ( 'NONE',  ( -1.804112415015879883E-13, -0.5500000000000000444, 87.25217883429110088 ) ) ;
#3221 = FACE_OUTER_BOUND ( 'NONE', #3062, .T. ) ;
#3222 = DIRECTION ( 'NONE',  ( 0.000000000000000000, 1.000000000000000000, 0.000000000000000000 ) ) ;
#3223 = VERTEX_POINT ( 'NONE', #840 ) ;
#3224 = VECTOR ( 'NONE', #1706, 1000.000000000000000 ) ;
#3225 = VERTEX_POINT ( 'NONE', #431 ) ;
#3226 = CARTESIAN_POINT ( 'NONE',  ( -1.387778780781445991E-14, -1.350000000000018074, 88.76999602396600153 ) ) ;
#3227 = AXIS2_PLACEMENT_3D ( 'NONE', #1252, #2794, #1714 ) ;
#3228 = DIRECTION ( 'NONE',  ( 0.5000000000094049213, 0.000000000000000000, 0.8660254037790087178 ) ) ;
#3229 = ORIENTED_EDGE ( 'NONE', *, *, #1753, .T. ) ;
#3230 = CARTESIAN_POINT ( 'NONE',  ( 0.7165599999999329173, 0.4500000000000060063, 85.48185893896760490 ) ) ;
#3231 = DIRECTION ( 'NONE',  ( 0.000000000000000000, 1.000000000000000000, 0.000000000000000000 ) ) ;
#3232 = ORIENTED_EDGE ( 'NONE', *, *, #1842, .T. ) ;
#3233 = CARTESIAN_POINT ( 'NONE',  ( -1.387778780781445991E-14, 0.2999999999999944933, 88.76999602396600153 ) ) ;
#3234 = CARTESIAN_POINT ( 'NONE',  ( 1.108578643762694771, 0.000000000000000000, 41.92357466772867980 ) ) ;
#3235 = CARTESIAN_POINT ( 'NONE',  ( -1.056954408195030171, -0.9763535472996823783, 89.21034030630995915 ) ) ;
#3236 = ORIENTED_EDGE ( 'NONE', *, *, #5556, .F. ) ;
#3237 = ORIENTED_EDGE ( 'NONE', *, *, #4790, .F. ) ;
#3238 = ADVANCED_FACE ( 'NONE', ( #809 ), #3340, .T. ) ;
#3239 = CARTESIAN_POINT ( 'NONE',  ( -0.7496970849701284356, 0.4792893218814270884, 85.01499602398763500 ) ) ;
#3240 = ADVANCED_FACE ( 'NONE', ( #5799 ), #1846, .F. ) ;
#3241 = ADVANCED_FACE ( 'NONE', ( #4685 ), #4200, .T. ) ;
#3242 = DIRECTION ( 'NONE',  ( 0.000000000000000000, 1.000000000000000000, 0.000000000000000000 ) ) ;
#3243 = FACE_OUTER_BOUND ( 'NONE', #1358, .T. ) ;
#3244 = LINE ( 'NONE', #5738, #3145 ) ;
#3245 = ORIENTED_EDGE ( 'NONE', *, *, #1214, .F. ) ;
#3246 = CARTESIAN_POINT ( 'NONE',  ( -1.150000000000011902, -0.7500000000000000000, 87.80217870674209735 ) ) ;
#3247 = ADVANCED_FACE ( 'NONE', ( #5320 ), #3095, .T. ) ;
#3248 = AXIS2_PLACEMENT_3D ( 'NONE', #1499, #3515, #5460 ) ;
#3249 = DIRECTION ( 'NONE',  ( 0.000000000000000000, -1.000000000000000000, 0.000000000000000000 ) ) ;
#3250 = VECTOR ( 'NONE', #2186, 1000.000000000000000 ) ;
#3251 = CARTESIAN_POINT ( 'NONE',  ( -1.156251725481310055, -0.8609574032793499976, 89.45709641497271036 ) ) ;
#3252 = ORIENTED_EDGE ( 'NONE', *, *, #5074, .F. ) ;
#3253 =( NAMED_UNIT ( * ) PLANE_ANGLE_UNIT ( ) SI_UNIT ( $, .RADIAN. ) );
#3254 = CIRCLE ( 'NONE', #3765, 0.1999999999999987899 ) ;
#3255 = CARTESIAN_POINT ( 'NONE',  ( 0.9442946756883215942, 0.5000000000000000000, 86.65124563513921885 ) ) ;
#3256 = FACE_OUTER_BOUND ( 'NONE', #5806, .T. ) ;
#3257 = EDGE_CURVE ( 'NONE', #4076, #2374, #6325, .T. ) ;
#3258 = CARTESIAN_POINT ( 'NONE',  ( -0.5649950000000130146, -0.2500000000000000000, 98.12422999477600172 ) ) ;
#3259 = ORIENTED_EDGE ( 'NONE', *, *, #3752, .F. ) ;
#3260 = DIRECTION ( 'NONE',  ( 0.3420201433256991330, 0.000000000000000000, 0.9396926207858973257 ) ) ;
#3261 = CIRCLE ( 'NONE', #501, 0.1224999999999999978 ) ;
#3262 = CARTESIAN_POINT ( 'NONE',  ( -1.387778780781445991E-14, -1.653000000000000025, 90.11499602396600039 ) ) ;
#3263 = LINE ( 'NONE', #2317, #45 ) ;
#3264 = ORIENTED_EDGE ( 'NONE', *, *, #4210, .F. ) ;
#3265 = DIRECTION ( 'NONE',  ( 0.000000000000000000, -1.000000000000000000, 0.000000000000000000 ) ) ;
#3266 = CARTESIAN_POINT ( 'NONE',  ( -1.400000000000011902, 0.2999999999999944933, 86.90000000000000568 ) ) ;
#3267 = CARTESIAN_POINT ( 'NONE',  ( -1.387778780781445991E-14, 0.2999999999999944933, 88.76999602396600153 ) ) ;
#3268 = DIRECTION ( 'NONE',  ( 0.9060795734786243338, 0.000000000000000000, -0.4231073227028741002 ) ) ;
#3269 = CARTESIAN_POINT ( 'NONE',  ( -1.007896084545725879, -0.8637749353145600661, 89.31329196795729786 ) ) ;
#3270 = ORIENTED_EDGE ( 'NONE', *, *, #2040, .T. ) ;
#3271 = ORIENTED_EDGE ( 'NONE', *, *, #1491, .T. ) ;
#3272 = LINE ( 'NONE', #3719, #5360 ) ;
#3273 = CIRCLE ( 'NONE', #5413, 0.04999999999999449329 ) ;
#3274 = DIRECTION ( 'NONE',  ( 0.000000000000000000, 1.000000000000000000, 0.000000000000000000 ) ) ;
#3275 = SURFACE_SIDE_STYLE ('',( #1350 ) ) ;
#3276 = EDGE_LOOP ( 'NONE', ( #3646, #5652, #2930, #358, #2049, #4549, #6118, #3956, #1440, #5443, #5294, #6303, #5018, #36, #245, #4585, #6305, #825, #4697, #2430, #918, #4777, #4016, #2059, #5603, #5744, #2504, #1801, #4355, #2917, #5488, #638, #552, #3592, #5645, #5633, #1245, #4426 ) ) ;
#3277 = CARTESIAN_POINT ( 'NONE',  ( -1.699999999999999956, 2.081899558550500280E-16, 42.59783873644060748 ) ) ;
#3278 = PRESENTATION_LAYER_ASSIGNMENT (  '', '', ( #2864 ) ) ;
#3279 = ADVANCED_FACE ( 'NONE', ( #2033 ), #1069, .T. ) ;
#3280 = EDGE_CURVE ( 'NONE', #292, #2251, #3019, .T. ) ;
#3281 = B_SPLINE_CURVE_WITH_KNOTS ( 'NONE', 3,
 ( #1981, #4376, #4345, #1432 ),
 .UNSPECIFIED., .F., .F.,
 ( 4, 4 ),
 ( 2.767402714669293680E-14, 0.0002735921099281238603 ),
 .UNSPECIFIED. ) ;
#3282 = EDGE_CURVE ( 'NONE', #3377, #1507, #2203, .T. ) ;
#3283 = CARTESIAN_POINT ( 'NONE',  ( 0.5649949999999850370, -0.5000000000000000000, 85.01499602396599187 ) ) ;
#3284 = ORIENTED_EDGE ( 'NONE', *, *, #5816, .F. ) ;
#3285 = EDGE_CURVE ( 'NONE', #1259, #3770, #525, .T. ) ;
#3286 = EDGE_CURVE ( 'NONE', #3610, #6053, #461, .T. ) ;
#3287 = ORIENTED_EDGE ( 'NONE', *, *, #6102, .T. ) ;
#3288 = DIRECTION ( 'NONE',  ( -4.612152673666944641E-10, 3.393552799880002483E-13, 1.000000000000000000 ) ) ;
#3289 = PLANE ( 'NONE',  #5675 ) ;
#3290 = CARTESIAN_POINT ( 'NONE',  ( -0.01670888033267441813, -0.8599999999990032284, 87.62499602396589182 ) ) ;
#3291 = ORIENTED_EDGE ( 'NONE', *, *, #4179, .T. ) ;
#3292 = FACE_OUTER_BOUND ( 'NONE', #3741, .T. ) ;
#3293 = FACE_OUTER_BOUND ( 'NONE', #5378, .T. ) ;
#3294 = CARTESIAN_POINT ( 'NONE',  ( 1.379289321881873587, 0.5000000000000126565, 87.84652197700052056 ) ) ;
#3295 = DIRECTION ( 'NONE',  ( 0.000000000000000000, 0.000000000000000000, 1.000000000000000000 ) ) ;
#3296 = CARTESIAN_POINT ( 'NONE',  ( 1.400000001249652071, 0.2999999999999944933, 87.84999940858099876 ) ) ;
#3297 = PLANE ( 'NONE',  #4948 ) ;
#3298 = CARTESIAN_POINT ( 'NONE',  ( -1.449999999999999956, 0.2999999999999944933, 87.81864577567199603 ) ) ;
#3299 = CARTESIAN_POINT ( 'NONE',  ( -1.365099999999999980, 0.2999999999999944933, 88.76999602396600153 ) ) ;
#3300 = ORIENTED_EDGE ( 'NONE', *, *, #1488, .T. ) ;
#3301 = EDGE_LOOP ( 'NONE', ( #6052, #5771, #5612, #679, #1814, #4641, #2704, #3961, #2097 ) ) ;
#3302 = AXIS2_PLACEMENT_3D ( 'NONE', #3298, #5763, #1834 ) ;
#3303 = CARTESIAN_POINT ( 'NONE',  ( 0.06636644913131872769, 0.1038769231006812371, 88.02283590575466121 ) ) ;
#3304 = LINE ( 'NONE', #2887, #2892 ) ;
#3305 = CARTESIAN_POINT ( 'NONE',  ( 0.7165599999999909819, 0.2999999999999944933, 85.43499602396599357 ) ) ;
#3306 = FACE_OUTER_BOUND ( 'NONE', #4564, .T. ) ;
#3307 = ORIENTED_EDGE ( 'NONE', *, *, #4799, .F. ) ;
#3308 = CARTESIAN_POINT ( 'NONE',  ( 0.8149949999999850370, 0.2999999999999944933, 85.01499602396599187 ) ) ;
#3309 = VECTOR ( 'NONE', #5335, 1000.000000000000000 ) ;
#3310 = VECTOR ( 'NONE', #3429, 1000.000000000000000 ) ;
#3311 = AXIS2_PLACEMENT_3D ( 'NONE', #1028, #5373, #515 ) ;
#3312 = EDGE_CURVE ( 'NONE', #2946, #4417, #2070, .T. ) ;
#3313 = PRESENTATION_LAYER_ASSIGNMENT (  '', '', ( #2618 ) ) ;
#3314 = DIRECTION ( 'NONE',  ( 0.000000000000000000, 0.000000000000000000, -1.000000000000000000 ) ) ;
#3315 = PRESENTATION_STYLE_ASSIGNMENT (( #3730 ) ) ;
#3316 = ORIENTED_EDGE ( 'NONE', *, *, #4870, .T. ) ;
#3317 =( GEOMETRIC_REPRESENTATION_CONTEXT ( 3 ) GLOBAL_UNCERTAINTY_ASSIGNED_CONTEXT ( ( #3389 ) ) GLOBAL_UNIT_ASSIGNED_CONTEXT ( ( #2352, #2325, #6281 ) ) REPRESENTATION_CONTEXT ( 'NONE', 'WORKASPACE' ) );
#3318 = ORIENTED_EDGE ( 'NONE', *, *, #2479, .F. ) ;
#3319 = AXIS2_PLACEMENT_3D ( 'NONE', #3546, #2959, #2047 ) ;
#3320 = CARTESIAN_POINT ( 'NONE',  ( 0.8149949999999850370, 0.2999999999999944933, 86.21499602396599471 ) ) ;
#3321 = DIRECTION ( 'NONE',  ( 0.000000000000000000, 1.000000000000000000, 0.000000000000000000 ) ) ;
#3322 = LINE ( 'NONE', #1402, #59 ) ;
#3323 = EDGE_LOOP ( 'NONE', ( #5785, #6275, #2455, #5577, #4112 ) ) ;
#3324 = CARTESIAN_POINT ( 'NONE',  ( 0.6958493218812082937, 0.5000000000000912603, 85.49399097332141650 ) ) ;
#3325 = VECTOR ( 'NONE', #2903, 1000.000000000000000 ) ;
#3326 = VECTOR ( 'NONE', #417, 1000.000000000000000 ) ;
#3327 = LINE ( 'NONE', #4316, #1435 ) ;
#3328 = DIRECTION ( 'NONE',  ( -0.8660254037790087178, 0.000000000000000000, 0.5000000000094049213 ) ) ;
#3329 = AXIS2_PLACEMENT_3D ( 'NONE', #3670, #3189, #432 ) ;
#3330 = CONICAL_SURFACE ( 'NONE', #5370, 1.229479120942192250, 0.3141592654214209746 ) ;
#3331 = LINE ( 'NONE', #4192, #1594 ) ;
#3332 = CARTESIAN_POINT ( 'NONE',  ( 1.101660620218795961, -0.9166290513094589310, 89.54159752594679844 ) ) ;
#3333 = DIRECTION ( 'NONE',  ( 0.000000000000000000, 0.000000000000000000, 1.000000000000000000 ) ) ;
#3334 = DIRECTION ( 'NONE',  ( 0.000000000000000000, 1.000000000000000000, 0.000000000000000000 ) ) ;
#3335 = LINE ( 'NONE', #5287, #1089 ) ;
#3336 = VERTEX_POINT ( 'NONE', #1554 ) ;
#3337 = VERTEX_POINT ( 'NONE', #4973 ) ;
#3338 = CARTESIAN_POINT ( 'NONE',  ( 0.05307877689638994256, -0.1112363690686466594, 88.02176622819493446 ) ) ;
#3339 = CARTESIAN_POINT ( 'NONE',  ( 1.365346781170479806, 0.4999999999999325540, 86.90127073546021563 ) ) ;
#3340 = CYLINDRICAL_SURFACE ( 'NONE', #6027, 0.5500000000000000444 ) ;
#3341 = ORIENTED_EDGE ( 'NONE', *, *, #2394, .T. ) ;
#3342 = CARTESIAN_POINT ( 'NONE',  ( 0.3649949999999930195, 0.1755096862711414962, 84.51499602396599187 ) ) ;
#3343 = VECTOR ( 'NONE', #5026, 1000.000000000000000 ) ;
#3344 = DIRECTION ( 'NONE',  ( 0.000000000000000000, 0.000000000000000000, 1.000000000000000000 ) ) ;
#3345 = CARTESIAN_POINT ( 'NONE',  ( 0.1499999999992896182, -1.416128856636555966, 87.47592797929900144 ) ) ;
#3346 = ORIENTED_EDGE ( 'NONE', *, *, #735, .T. ) ;
#3347 = VERTEX_POINT ( 'NONE', #3373 ) ;
#3348 = B_SPLINE_CURVE_WITH_KNOTS ( 'NONE', 3,
 ( #664, #1180, #1721, #2243 ),
 .UNSPECIFIED., .F., .F.,
 ( 4, 4 ),
 ( 2.768521638016181086E-14, 0.0002735921099280931232 ),
 .UNSPECIFIED. ) ;
#3349 = CIRCLE ( 'NONE', #2749, 0.4999999999999975575 ) ;
#3350 = ADVANCED_FACE ( 'NONE', ( #1036 ), #4422, .T. ) ;
#3351 = DIRECTION ( 'NONE',  ( 0.000000000000000000, 1.000000000000000000, 0.000000000000000000 ) ) ;
#3352 = CARTESIAN_POINT ( 'NONE',  ( 0.06559777145929812647, -0.1043523571808327860, 87.62682654006022176 ) ) ;
#3353 = CARTESIAN_POINT ( 'NONE',  ( -1.373756574931208615E-14, -0.8600000000000160849, 87.62499602396600551 ) ) ;
#3354 = DIRECTION ( 'NONE',  ( 4.612152673666944641E-10, 3.393552799880002483E-13, -1.000000000000000000 ) ) ;
#3355 = ORIENTED_EDGE ( 'NONE', *, *, #973, .F. ) ;
#3356 = CARTESIAN_POINT ( 'NONE',  ( -0.7165600000000189596, 0.2999999999999944933, 85.09499602396600437 ) ) ;
#3357 = CARTESIAN_POINT ( 'NONE',  ( 1.428210840452914798, 0.4500000000000060063, 87.86364835922265115 ) ) ;
#3358 = EDGE_CURVE ( 'NONE', #4846, #1538, #1420, .T. ) ;
#3359 = ADVANCED_FACE ( 'NONE', ( #4835 ), #4236, .T. ) ;
#3360 = EDGE_CURVE ( 'NONE', #2752, #2085, #2888, .T. ) ;
#3361 = EDGE_CURVE ( 'NONE', #595, #3448, #1178, .T. ) ;
#3362 = CIRCLE ( 'NONE', #2666, 0.07999999999999898859 ) ;
#3363 = CARTESIAN_POINT ( 'NONE',  ( -1.387778780781445991E-14, -1.559999999886320099, 88.76999602396600153 ) ) ;
#3364 = CARTESIAN_POINT ( 'NONE',  ( 0.8149949999999850370, -0.2500000000000000000, 85.01499602396599187 ) ) ;
#3365 = FACE_OUTER_BOUND ( 'NONE', #3925, .T. ) ;
#3366 = CARTESIAN_POINT ( 'NONE',  ( -1.387778780781445991E-14, -1.350000000000018074, 88.76999602396600153 ) ) ;
#3367 = FACE_OUTER_BOUND ( 'NONE', #568, .T. ) ;
#3368 = EDGE_LOOP ( 'NONE', ( #6204, #3064, #3039, #5221 ) ) ;
#3369 = ORIENTED_EDGE ( 'NONE', *, *, #3526, .F. ) ;
#3370 = EDGE_CURVE ( 'NONE', #5925, #308, #3117, .T. ) ;
#3371 = DIRECTION ( 'NONE',  ( -0.9000516710761661265, 0.000000000000000000, 0.4357831908105230245 ) ) ;
#3372 = CARTESIAN_POINT ( 'NONE',  ( 1.396096141511632860, 0.4730214623881205394, 86.89053234131189640 ) ) ;
#3373 = CARTESIAN_POINT ( 'NONE',  ( 1.499999999999988010, 0.4500000000000060063, 87.92975050800500014 ) ) ;
#3374 = DIRECTION ( 'NONE',  ( -0.000000000000000000, -0.000000000000000000, 1.000000000000000000 ) ) ;
#3375 = DIRECTION ( 'NONE',  ( 0.000000000000000000, -1.000000000000000000, 0.000000000000000000 ) ) ;
#3376 = AXIS2_PLACEMENT_3D ( 'NONE', #3142, #2759, #4608 ) ;
#3377 = VERTEX_POINT ( 'NONE', #5005 ) ;
#3378 = VERTEX_POINT ( 'NONE', #5539 ) ;
#3379 = ORIENTED_EDGE ( 'NONE', *, *, #4611, .F. ) ;
#3380 = EDGE_CURVE ( 'NONE', #4128, #3225, #5222, .T. ) ;
#3381 = B_SPLINE_CURVE_WITH_KNOTS ( 'NONE', 3,
 ( #3938, #5887, #35, #1994 ),
 .UNSPECIFIED., .F., .F.,
 ( 4, 4 ),
 ( 9.406211495017819563E-15, 0.0001513686829188149005 ),
 .UNSPECIFIED. ) ;
#3382 = DIRECTION ( 'NONE',  ( -0.5829765089278188261, 0.000000000000000000, 0.8124890091800214265 ) ) ;
#3383 = CARTESIAN_POINT ( 'NONE',  ( -0.04170435448468626932, -0.1159996365579788746, 88.02105430692243715 ) ) ;
#3384 = CARTESIAN_POINT ( 'NONE',  ( -0.5649950000000130146, -0.2500000000000000000, 84.51499602396599187 ) ) ;
#3385 = CARTESIAN_POINT ( 'NONE',  ( 0.000000000000000000, 0.000000000000000000, 54.32660299285757333 ) ) ;
#3386 = PLANE ( 'NONE',  #3217 ) ;
#3387 = DIRECTION ( 'NONE',  ( 0.4314554158725175115, 0.000000000000000000, 0.9021342605811359938 ) ) ;
#3388 = LINE ( 'NONE', #4443, #5857 ) ;
#3389 = UNCERTAINTY_MEASURE_WITH_UNIT (LENGTH_MEASURE( 1.000000000000000082E-05 ), #2352, 'distance_accuracy_value', 'NONE');
#3390 = ADVANCED_FACE ( 'NONE', ( #1135 ), #3178, .T. ) ;
#3391 = DIRECTION ( 'NONE',  ( 0.000000000000000000, -1.000000000000000000, 0.000000000000000000 ) ) ;
#3392 = CARTESIAN_POINT ( 'NONE',  ( -1.400000000000011902, 0.4500000000000060063, 86.88953935445299237 ) ) ;
#3393 = CARTESIAN_POINT ( 'NONE',  ( 0.7965599999850140334, 0.4887769361334169949, 84.99656102395029222 ) ) ;
#3394 = CARTESIAN_POINT ( 'NONE',  ( 1.050000000000000044, 0.000000000000000000, 41.78215331149137768 ) ) ;
#3395 = CARTESIAN_POINT ( 'NONE',  ( -1.365099999999999980, 0.2999999999999944933, 89.36999602396599585 ) ) ;
#3396 = ORIENTED_EDGE ( 'NONE', *, *, #4179, .F. ) ;
#3397 = ORIENTED_EDGE ( 'NONE', *, *, #1133, .T. ) ;
#3398 = CARTESIAN_POINT ( 'NONE',  ( -0.3320770250420945757, 0.2342834980085787833, 84.42455463107489777 ) ) ;
#3399 = DIRECTION ( 'NONE',  ( -0.000000000000000000, -1.000000000000000000, -0.000000000000000000 ) ) ;
#3400 = DIRECTION ( 'NONE',  ( 1.000000000000000000, 0.000000000000000000, 0.000000000000000000 ) ) ;
#3401 = VECTOR ( 'NONE', #4390, 1000.000000000000000 ) ;
#3402 = DIRECTION ( 'NONE',  ( -0.000000000000000000, -0.000000000000000000, 1.000000000000000000 ) ) ;
#3403 = CARTESIAN_POINT ( 'NONE',  ( -0.4000000000000115130, 0.2999999999999944933, 89.06999602396599869 ) ) ;
#3404 = VERTEX_POINT ( 'NONE', #1649 ) ;
#3405 = STYLED_ITEM ( 'NONE', ( #1286 ), #4768 ) ;
#3406 = SURFACE_STYLE_USAGE ( .BOTH. , #5450 ) ;
#3407 = DIRECTION ( 'NONE',  ( 0.000000000000000000, 0.000000000000000000, -1.000000000000000000 ) ) ;
#3408 = ORIENTED_EDGE ( 'NONE', *, *, #1488, .F. ) ;
#3409 = AXIS2_PLACEMENT_3D ( 'NONE', #391, #3774, #858 ) ;
#3410 = VECTOR ( 'NONE', #4508, 1000.000000000000114 ) ;
#3411 = ORIENTED_EDGE ( 'NONE', *, *, #4209, .T. ) ;
#3412 = ORIENTED_EDGE ( 'NONE', *, *, #2517, .T. ) ;
#3413 = VECTOR ( 'NONE', #612, 1000.000000000000000 ) ;
#3414 = AXIS2_PLACEMENT_3D ( 'NONE', #893, #5182, #5283 ) ;
#3415 = DIRECTION ( 'NONE',  ( -1.000000000000000000, -1.224646799147351975E-16, 0.000000000000000000 ) ) ;
#3416 = CARTESIAN_POINT ( 'NONE',  ( -0.01445333585700648085, -0.1216443631353591875, 88.02013530284639842 ) ) ;
#3417 = FACE_OUTER_BOUND ( 'NONE', #4650, .T. ) ;
#3418 = CARTESIAN_POINT ( 'NONE',  ( -0.7965599999555650346, 0.4887769361552889436, 84.99656102392609114 ) ) ;
#3419 = CARTESIAN_POINT ( 'NONE',  ( -1.399999999999970601, 0.4792893218815622580, 87.81864577567647245 ) ) ;
#3420 = CIRCLE ( 'NONE', #2518, 0.5500000000000000444 ) ;
#3421 = CARTESIAN_POINT ( 'NONE',  ( -1.387778780781445991E-14, 0.5000000000000000000, 84.36499602396600039 ) ) ;
#3422 = VECTOR ( 'NONE', #4601, 1000.000000000000114 ) ;
#3423 = ADVANCED_FACE ( 'NONE', ( #267 ), #2227, .T. ) ;
#3424 = VECTOR ( 'NONE', #2604, 1000.000000000000000 ) ;
#3425 = CARTESIAN_POINT ( 'NONE',  ( -1.058053279317100026, -1.299999999979734033, 89.20765828885379278 ) ) ;
#3426 = CARTESIAN_POINT ( 'NONE',  ( -1.373756574931208615E-14, -0.8600000000000160849, 87.62499602396600551 ) ) ;
#3427 = PLANE ( 'NONE',  #3311 ) ;
#3428 = DIRECTION ( 'NONE',  ( 0.000000000000000000, -1.000000000000000000, 0.000000000000000000 ) ) ;
#3429 = DIRECTION ( 'NONE',  ( -0.9021342605811359938, 0.000000000000000000, -0.4314554158725175115 ) ) ;
#3430 = CARTESIAN_POINT ( 'NONE',  ( 0.3649949999999930195, 0.1755096862711414962, 84.51499602396599187 ) ) ;
#3431 = ORIENTED_EDGE ( 'NONE', *, *, #1208, .T. ) ;
#3432 = ORIENTED_EDGE ( 'NONE', *, *, #1570, .F. ) ;
#3433 = AXIS2_PLACEMENT_3D ( 'NONE', #5202, #2720, #1421 ) ;
#3434 = CARTESIAN_POINT ( 'NONE',  ( -0.3103994648601114958, 0.2601483657733715260, 84.36499602396600039 ) ) ;
#3435 = DIRECTION ( 'NONE',  ( 0.000000000000000000, 1.000000000000000000, 0.000000000000000000 ) ) ;
#3436 = CARTESIAN_POINT ( 'NONE',  ( -1.157497499995383761, 0.4792893218815282297, 86.71499268920797476 ) ) ;
#3437 = EDGE_CURVE ( 'NONE', #1563, #3855, #2824, .T. ) ;
#3438 = CARTESIAN_POINT ( 'NONE',  ( -1.387778780781445991E-14, -1.653000000000000025, 89.51999602396290356 ) ) ;
#3439 = AXIS2_PLACEMENT_3D ( 'NONE', #1770, #3180, #4136 ) ;
#3440 = VERTEX_POINT ( 'NONE', #3711 ) ;
#3441 = EDGE_CURVE ( 'NONE', #287, #302, #4132, .T. ) ;
#3442 = EDGE_CURVE ( 'NONE', #1044, #847, #756, .T. ) ;
#3443 = ADVANCED_FACE ( 'NONE', ( #2289 ), #1768, .T. ) ;
#3444 = ADVANCED_FACE ( 'NONE', ( #3747, #2851 ), #3297, .F. ) ;
#3445 = ADVANCED_FACE ( 'NONE', ( #4259 ), #5669, .T. ) ;
#3446 = CARTESIAN_POINT ( 'NONE',  ( 0.7965599999999879444, 0.2999999999999944933, 85.01499602396599187 ) ) ;
#3447 = LINE ( 'NONE', #5936, #6092 ) ;
#3448 = VERTEX_POINT ( 'NONE', #901 ) ;
#3449 = ORIENTED_EDGE ( 'NONE', *, *, #2732, .T. ) ;
#3450 = ORIENTED_EDGE ( 'NONE', *, *, #5714, .T. ) ;
#3451 = VECTOR ( 'NONE', #4655, 1000.000000000000000 ) ;
#3452 = CARTESIAN_POINT ( 'NONE',  ( -1.387778780781445991E-14, -1.559999999886320099, 88.76999602396600153 ) ) ;
#3453 = CARTESIAN_POINT ( 'NONE',  ( -0.06636644913135192336, -0.1038769231007078964, 88.02283590575466121 ) ) ;
#3454 = CARTESIAN_POINT ( 'NONE',  ( -1.387778780781445991E-14, -1.300000000000000044, 88.76999602396600153 ) ) ;
#3455 = ORIENTED_EDGE ( 'NONE', *, *, #1394, .F. ) ;
#3456 = CARTESIAN_POINT ( 'NONE',  ( -0.8858815463265032886, 0.5000000000000000000, 86.58586978615637975 ) ) ;
#3457 = CARTESIAN_POINT ( 'NONE',  ( 1.449794645049802488, 0.4999977793554502559, 87.93017464108405079 ) ) ;
#3458 = PLANE ( 'NONE',  #3916 ) ;
#3459 = VECTOR ( 'NONE', #1368, 1000.000000000000000 ) ;
#3460 = VERTEX_POINT ( 'NONE', #3234 ) ;
#3461 = DIRECTION ( 'NONE',  ( 0.000000000000000000, 1.000000000000000000, 0.000000000000000000 ) ) ;
#3462 = DIRECTION ( 'NONE',  ( 0.000000000000000000, -1.000000000000000000, 0.000000000000000000 ) ) ;
#3463 = VECTOR ( 'NONE', #5928, 1000.000000000000000 ) ;
#3464 = CARTESIAN_POINT ( 'NONE',  ( -0.7885126396837696117, 0.4959656368213263833, 84.98772985690477810 ) ) ;
#3465 = CARTESIAN_POINT ( 'NONE',  ( -1.350000000000018074, 0.5000000000000000000, 86.90669664197899635 ) ) ;
#3466 = ORIENTED_EDGE ( 'NONE', *, *, #2351, .F. ) ;
#3467 = EDGE_LOOP ( 'NONE', ( #1941, #1633, #3486, #2124 ) ) ;
#3468 = CARTESIAN_POINT ( 'NONE',  ( -1.387778780781445991E-14, -1.299999999974321918, 88.76999602396600153 ) ) ;
#3469 = CARTESIAN_POINT ( 'NONE',  ( -1.699999999999999956, 2.081899558550500280E-16, 82.41186213473042699 ) ) ;
#3470 = DIRECTION ( 'NONE',  ( -0.000000000000000000, -0.000000000000000000, -1.000000000000000000 ) ) ;
#3471 = CARTESIAN_POINT ( 'NONE',  ( -1.087065849564785580, -0.9599963296498842391, 89.56206083296792997 ) ) ;
#3472 = DIRECTION ( 'NONE',  ( -0.000000000000000000, -0.000000000000000000, 1.000000000000000000 ) ) ;
#3473 = UNCERTAINTY_MEASURE_WITH_UNIT (LENGTH_MEASURE( 1.000000000000000082E-05 ), #1221, 'distance_accuracy_value', 'NONE');
#3474 = VERTEX_POINT ( 'NONE', #4709 ) ;
#3475 = CARTESIAN_POINT ( 'NONE',  ( -0.2500000000000139888, 0.2999999999999944933, 88.46999602396599016 ) ) ;
#3476 = CARTESIAN_POINT ( 'NONE',  ( 1.199999999999999956, -0.5500000000000000444, 87.82609174467499713 ) ) ;
#3477 = EDGE_CURVE ( 'NONE', #935, #5889, #4335, .T. ) ;
#3478 = ORIENTED_EDGE ( 'NONE', *, *, #4577, .T. ) ;
#3479 = CARTESIAN_POINT ( 'NONE',  ( 0.1416056531469006008, -0.9605243595625649888, 87.43247113111469559 ) ) ;
#3480 = ORIENTED_EDGE ( 'NONE', *, *, #3660, .T. ) ;
#3481 = ORIENTED_EDGE ( 'NONE', *, *, #1683, .F. ) ;
#3482 = EDGE_CURVE ( 'NONE', #1912, #1347, #662, .T. ) ;
#3483 = CARTESIAN_POINT ( 'NONE',  ( -1.387778780781445991E-14, -0.5000000000000000000, 88.76999602396600153 ) ) ;
#3484 = CARTESIAN_POINT ( 'NONE',  ( -1.386278588452490511E-14, -0.1224999999999999978, 88.01999602396909950 ) ) ;
#3485 = DIRECTION ( 'NONE',  ( 1.000000000000000000, 0.000000000000000000, 0.000000000000000000 ) ) ;
#3486 = ORIENTED_EDGE ( 'NONE', *, *, #1283, .T. ) ;
#3487 = SURFACE_STYLE_USAGE ( .BOTH. , #4919 ) ;
#3488 = AXIS2_PLACEMENT_3D ( 'NONE', #2842, #6312, #5784 ) ;
#3489 = LINE ( 'NONE', #5430, #1830 ) ;
#3490 = CARTESIAN_POINT ( 'NONE',  ( -0.7165600000000189596, 0.2999999999999944933, 85.09499602396600437 ) ) ;
#3491 = ORIENTED_EDGE ( 'NONE', *, *, #3358, .F. ) ;
#3492 = EDGE_LOOP ( 'NONE', ( #3029, #1223, #2608, #5739 ) ) ;
#3493 = FACE_OUTER_BOUND ( 'NONE', #599, .T. ) ;
#3494 = DIRECTION ( 'NONE',  ( -0.000000000000000000, -1.000000000000000000, -0.000000000000000000 ) ) ;
#3495 = DIRECTION ( 'NONE',  ( 0.000000000000000000, 0.000000000000000000, 1.000000000000000000 ) ) ;
#3496 = CARTESIAN_POINT ( 'NONE',  ( -1.387778780781445991E-14, -1.559999999715790064, 88.76999602396600153 ) ) ;
#3497 = DIRECTION ( 'NONE',  ( -0.000000000000000000, 1.000000000000000000, -0.000000000000000000 ) ) ;
#3498 = VERTEX_POINT ( 'NONE', #1285 ) ;
#3499 = ORIENTED_EDGE ( 'NONE', *, *, #4408, .T. ) ;
#3500 = CARTESIAN_POINT ( 'NONE',  ( -1.479036125287861214, 0.5002758878798670983, 87.90029957474531841 ) ) ;
#3501 = DIRECTION ( 'NONE',  ( -0.3149949999907784570, 0.000000000000000000, -0.9490933304901101319 ) ) ;
#3502 = DIRECTION ( 'NONE',  ( 0.000000000000000000, -1.000000000000000000, 0.000000000000000000 ) ) ;
#3503 = CARTESIAN_POINT ( 'NONE',  ( -0.2500000000000139888, 0.2999999999999944933, 89.06999602396599869 ) ) ;
#3504 = CARTESIAN_POINT ( 'NONE',  ( 0.5649949999999850370, -0.5000000000000000000, 86.21499602396599471 ) ) ;
#3505 = VERTEX_POINT ( 'NONE', #6120 ) ;
#3506 = AXIS2_PLACEMENT_3D ( 'NONE', #3642, #634, #3099 ) ;
#3507 =( BOUNDED_SURFACE ( )  B_SPLINE_SURFACE ( 3, 3, ( 
 ( #2863, #1816, #5742, #4720 ),
 ( #1329, #2808, #3761, #4754 ),
 ( #5297, #435, #915, #4272 ),
 ( #379, #5323, #5803, #4242 ) ),
 .UNSPECIFIED., .F., .F., .T. ) 
 B_SPLINE_SURFACE_WITH_KNOTS ( ( 4, 4 ),
 ( 4, 4 ),
 ( 0.000000000000000000, 1.000000000000000000 ),
 ( 0.000000000000000000, 1.000000000000000000 ),
 .UNSPECIFIED. ) 
 GEOMETRIC_REPRESENTATION_ITEM ( )  RATIONAL_B_SPLINE_SURFACE ( (
 ( 1.000000000000000000, 0.8739081302973508159, 0.8739081302973508159, 1.000000000000000000),
 ( 0.8047378541237573124, 0.7032669534767950204, 0.7032669534767950204, 0.8047378541237573124),
 ( 0.8047378541237573124, 0.7032669534767950204, 0.7032669534767950204, 0.8047378541237573124),
 ( 1.000000000000000000, 0.8739081302973508159, 0.8739081302973508159, 1.000000000000000000) ) ) 
 REPRESENTATION_ITEM ( '' )  SURFACE ( )  );
#3508 = EDGE_CURVE ( 'NONE', #1267, #1758, #2616, .T. ) ;
#3509 = CARTESIAN_POINT ( 'NONE',  ( 0.4999999999999870104, 0.5000000000000000000, 90.11499602396600039 ) ) ;
#3510 = CARTESIAN_POINT ( 'NONE',  ( -0.004524088126598517154, -0.1224999999999975830, 87.62499602396599130 ) ) ;
#3511 = VERTEX_POINT ( 'NONE', #800 ) ;
#3512 = EDGE_LOOP ( 'NONE', ( #4461, #5022, #4898 ) ) ;
#3513 = ORIENTED_EDGE ( 'NONE', *, *, #5427, .F. ) ;
#3514 = VERTEX_POINT ( 'NONE', #299 ) ;
#3515 = DIRECTION ( 'NONE',  ( 0.000000000000000000, 0.000000000000000000, -1.000000000000000000 ) ) ;
#3516 = CIRCLE ( 'NONE', #2896, 1.229479121016063825 ) ;
#3517 = LINE ( 'NONE', #2684, #2323 ) ;
#3518 = CARTESIAN_POINT ( 'NONE',  ( 0.5649949999999850370, -0.5000000000000000000, 85.51499602396599187 ) ) ;
#3519 = ORIENTED_EDGE ( 'NONE', *, *, #5348, .F. ) ;
#3520 = DIRECTION ( 'NONE',  ( 0.000000000000000000, 1.000000000000000000, 0.000000000000000000 ) ) ;
#3521 = DIRECTION ( 'NONE',  ( -1.000000000000000000, 0.000000000000000000, 0.000000000000000000 ) ) ;
#3522 = CARTESIAN_POINT ( 'NONE',  ( 0.6958493218812699110, 0.5000000000000873746, 85.09499602368720161 ) ) ;
#3523 = AXIS2_PLACEMENT_3D ( 'NONE', #2346, #2758, #3260 ) ;
#3524 = ORIENTED_EDGE ( 'NONE', *, *, #5648, .F. ) ;
#3525 = CIRCLE ( 'NONE', #4640, 0.04999999999999991257 ) ;
#3526 = EDGE_CURVE ( 'NONE', #151, #3548, #2764, .T. ) ;
#3527 = ORIENTED_EDGE ( 'NONE', *, *, #5471, .T. ) ;
#3528 = VECTOR ( 'NONE', #1935, 1000.000000000000000 ) ;
#3529 = DIRECTION ( 'NONE',  ( 0.000000000000000000, 1.000000000000000000, 0.000000000000000000 ) ) ;
#3530 = CARTESIAN_POINT ( 'NONE',  ( -1.387778780781445991E-14, 0.1224999999999999978, 87.81999602396899718 ) ) ;
#3531 = EDGE_CURVE ( 'NONE', #5779, #4612, #3420, .T. ) ;
#3532 = CARTESIAN_POINT ( 'NONE',  ( 0.000000000000000000, 0.000000000000000000, 29.36499602396599329 ) ) ;
#3533 = DIRECTION ( 'NONE',  ( -0.000000000000000000, -0.000000000000000000, -1.000000000000000000 ) ) ;
#3534 = ORIENTED_EDGE ( 'NONE', *, *, #5707, .T. ) ;
#3535 = ORIENTED_EDGE ( 'NONE', *, *, #1010, .T. ) ;
#3536 = AXIS2_PLACEMENT_3D ( 'NONE', #2876, #1438, #3969 ) ;
#3537 = CARTESIAN_POINT ( 'NONE',  ( -0.1499999999993174016, -1.653000000000000025, 87.63486387306890890 ) ) ;
#3538 = CARTESIAN_POINT ( 'NONE',  ( 1.029176490551969358, -0.8819007030861051311, 89.27203980623407631 ) ) ;
#3539 = DIRECTION ( 'NONE',  ( 0.9000516710731800707, -0.000000000000000000, -0.4357831908166904800 ) ) ;
#3540 = CARTESIAN_POINT ( 'NONE',  ( 5.410800000000000054, 0.4500000000000060063, 84.60791753813801108 ) ) ;
#3541 = VERTEX_POINT ( 'NONE', #4925 ) ;
#3542 = CIRCLE ( 'NONE', #2634, 0.05000000000000065503 ) ;
#3543 = DIRECTION ( 'NONE',  ( -1.000000000000000000, 0.000000000000000000, 4.817892160021999876E-14 ) ) ;
#3544 = CARTESIAN_POINT ( 'NONE',  ( -1.387778780781445991E-14, -1.559999999715790064, 88.76999602396600153 ) ) ;
#3545 = ORIENTED_EDGE ( 'NONE', *, *, #4332, .T. ) ;
#3546 = CARTESIAN_POINT ( 'NONE',  ( -1.150000000000011902, -0.5000000000000000000, 86.90000000000000568 ) ) ;
#3547 = ORIENTED_EDGE ( 'NONE', *, *, #1283, .F. ) ;
#3548 = VERTEX_POINT ( 'NONE', #5849 ) ;
#3549 = CARTESIAN_POINT ( 'NONE',  ( 0.8000229614339019468, 0.5000000000000000000, 86.43400452599172468 ) ) ;
#3550 = DIRECTION ( 'NONE',  ( 1.000000000000000000, 0.000000000000000000, 0.000000000000000000 ) ) ;
#3551 = ORIENTED_EDGE ( 'NONE', *, *, #1015, .F. ) ;
#3552 = CARTESIAN_POINT ( 'NONE',  ( 0.000000000000000000, 0.000000000000000000, 53.71153062637019815 ) ) ;
#3553 = CARTESIAN_POINT ( 'NONE',  ( 1.507904352227938061, 0.4500000000000060063, 87.92552588175988149 ) ) ;
#3554 = PLANE ( 'NONE',  #3116 ) ;
#3555 = EDGE_LOOP ( 'NONE', ( #3799, #4701, #3264, #113, #3007, #229 ) ) ;
#3556 = EDGE_LOOP ( 'NONE', ( #3259, #4415, #3982, #5661 ) ) ;
#3557 = EDGE_CURVE ( 'NONE', #4269, #1365, #6283, .T. ) ;
#3558 = LINE ( 'NONE', #1153, #1387 ) ;
#3559 = PLANE ( 'NONE',  #1067 ) ;
#3560 = DIRECTION ( 'NONE',  ( -0.000000000000000000, -0.000000000000000000, 1.000000000000000000 ) ) ;
#3561 =( LENGTH_UNIT ( ) NAMED_UNIT ( * ) SI_UNIT ( .MILLI., .METRE. ) );
#3562 = ORIENTED_EDGE ( 'NONE', *, *, #3163, .T. ) ;
#3563 = EDGE_CURVE ( 'NONE', #287, #6106, #3843, .T. ) ;
#3564 = EDGE_LOOP ( 'NONE', ( #5765, #5300, #615, #2576 ) ) ;
#3565 = EDGE_CURVE ( 'NONE', #58, #1779, #4387, .T. ) ;
#3566 = EDGE_CURVE ( 'NONE', #6038, #6139, #4894, .T. ) ;
#3567 = CIRCLE ( 'NONE', #5498, 1.144999999999993356 ) ;
#3568 = B_SPLINE_CURVE_WITH_KNOTS ( 'NONE', 3,
 ( #1512, #2944, #3464, #2979 ),
 .UNSPECIFIED., .F., .F.,
 ( 4, 4 ),
 ( 0.000000000000000000, 1.000000000000000000 ),
 .UNSPECIFIED. ) ;
#3569 = CARTESIAN_POINT ( 'NONE',  ( 1.007933802878522966, -0.8627981176152891285, 89.31347408751882710 ) ) ;
#3570 = CARTESIAN_POINT ( 'NONE',  ( 0.3103994648600839623, 0.5000000000000000000, 84.36499602396600039 ) ) ;
#3571 = CARTESIAN_POINT ( 'NONE',  ( -1.232537796363549987, -1.300000000007155876, 89.30839697174330638 ) ) ;
#3572 = EDGE_CURVE ( 'NONE', #534, #1734, #6075, .T. ) ;
#3573 = EDGE_LOOP ( 'NONE', ( #584, #4261, #3815, #5091 ) ) ;
#3574 = VECTOR ( 'NONE', #1042, 1000.000000000000000 ) ;
#3575 = CARTESIAN_POINT ( 'NONE',  ( 1.180009520027891945, 0.2999999999999944933, 89.42472606815539393 ) ) ;
#3576 = EDGE_LOOP ( 'NONE', ( #5979, #2225, #4479, #2067 ) ) ;
#3577 = CYLINDRICAL_SURFACE ( 'NONE', #4644, 0.05000000000000002359 ) ;
#3578 = ORIENTED_EDGE ( 'NONE', *, *, #2886, .T. ) ;
#3579 = CARTESIAN_POINT ( 'NONE',  ( -1.387778780781445991E-14, 0.000000000000000000, 89.24499602396599585 ) ) ;
#3580 = CARTESIAN_POINT ( 'NONE',  ( 1.400000001874430078, 0.2999999999999944933, 87.81866513771899463 ) ) ;
#3581 = ORIENTED_EDGE ( 'NONE', *, *, #5901, .F. ) ;
#3582 = CYLINDRICAL_SURFACE ( 'NONE', #3122, 0.07999999999999674039 ) ;
#3583 = CYLINDRICAL_SURFACE ( 'NONE', #5092, 0.1224999999999999978 ) ;
#3584 = ORIENTED_EDGE ( 'NONE', *, *, #3572, .T. ) ;
#3585 = ORIENTED_EDGE ( 'NONE', *, *, #2479, .T. ) ;
#3586 = CARTESIAN_POINT ( 'NONE',  ( 0.7965599999999879444, 0.2999999999999944933, 85.01499602396599187 ) ) ;
#3587 = CARTESIAN_POINT ( 'NONE',  ( -1.249989587798677970, 0.2999999999999944933, 87.84999980285999754 ) ) ;
#3588 = LINE ( 'NONE', #5060, #5595 ) ;
#3589 = CYLINDRICAL_SURFACE ( 'NONE', #4737, 0.1224999999999999978 ) ;
#3590 = VECTOR ( 'NONE', #4442, 1000.000000000000000 ) ;
#3591 = ORIENTED_EDGE ( 'NONE', *, *, #5316, .T. ) ;
#3592 = ORIENTED_EDGE ( 'NONE', *, *, #42, .T. ) ;
#3593 = ADVANCED_FACE ( 'NONE', ( #3365 ), #3427, .T. ) ;
#3594 = DIRECTION ( 'NONE',  ( 0.000000000000000000, 1.000000000000000000, 0.000000000000000000 ) ) ;
#3595 = CARTESIAN_POINT ( 'NONE',  ( 0.9917540893785785627, -0.8590670823392418942, 89.34246972629848926 ) ) ;
#3596 = DIRECTION ( 'NONE',  ( 0.000000000000000000, 0.000000000000000000, 1.000000000000000000 ) ) ;
#3597 = VERTEX_POINT ( 'NONE', #3 ) ;
#3598 =( NAMED_UNIT ( * ) PLANE_ANGLE_UNIT ( ) SI_UNIT ( $, .RADIAN. ) );
#3599 = PLANE ( 'NONE',  #4468 ) ;
#3600 = ORIENTED_EDGE ( 'NONE', *, *, #428, .F. ) ;
#3601 = CYLINDRICAL_SURFACE ( 'NONE', #1895, 0.2500000000000000000 ) ;
#3602 = VECTOR ( 'NONE', #5999, 1000.000000000000000 ) ;
#3603 = ORIENTED_EDGE ( 'NONE', *, *, #3531, .F. ) ;
#3604 = ADVANCED_FACE ( 'NONE', ( #2914 ), #1957, .F. ) ;
#3605 = PLANE ( 'NONE',  #1210 ) ;
#3606 = CARTESIAN_POINT ( 'NONE',  ( 0.04077710628808634691, 0.1163264428621662711, 87.62565539660363356 ) ) ;
#3607 = EDGE_LOOP ( 'NONE', ( #2259, #1385, #1903, #4763 ) ) ;
#3608 = FACE_OUTER_BOUND ( 'NONE', #5995, .T. ) ;
#3609 = AXIS2_PLACEMENT_3D ( 'NONE', #2269, #872, #3242 ) ;
#3610 = VERTEX_POINT ( 'NONE', #2473 ) ;
#3611 = ORIENTED_EDGE ( 'NONE', *, *, #3753, .F. ) ;
#3612 = CIRCLE ( 'NONE', #5449, 0.04999999999999996808 ) ;
#3613 = CARTESIAN_POINT ( 'NONE',  ( 5.389010840459150131, 0.4500000000000060063, 84.56291495458440011 ) ) ;
#3614 = CARTESIAN_POINT ( 'NONE',  ( -0.7965599999670699427, 0.4887769361334169949, 85.53343102398170572 ) ) ;
#3615 = CARTESIAN_POINT ( 'NONE',  ( 0.1499999999993034128, -1.300000000002381917, 87.43338650730919426 ) ) ;
#3616 = DIRECTION ( 'NONE',  ( 0.000000000000000000, 0.000000000000000000, -1.000000000000000000 ) ) ;
#3617 = VERTEX_POINT ( 'NONE', #5310 ) ;
#3618 = AXIS2_PLACEMENT_3D ( 'NONE', #5372, #581, #955 ) ;
#3619 = ORIENTED_EDGE ( 'NONE', *, *, #1647, .F. ) ;
#3620 =( GEOMETRIC_REPRESENTATION_CONTEXT ( 3 ) GLOBAL_UNCERTAINTY_ASSIGNED_CONTEXT ( ( #289 ) ) GLOBAL_UNIT_ASSIGNED_CONTEXT ( ( #445, #3863, #667 ) ) REPRESENTATION_CONTEXT ( 'NONE', 'WORKASPACE' ) );
#3621 = FILL_AREA_STYLE ('',( #3078 ) ) ;
#3622 = CARTESIAN_POINT ( 'NONE',  ( 0.000000000000000000, 0.000000000000000000, 42.59783873644060748 ) ) ;
#3623 = LINE ( 'NONE', #6151, #5757 ) ;
#3624 = CARTESIAN_POINT ( 'NONE',  ( -0.9098182298171804128, -0.9762688003929023139, 89.46516470409086708 ) ) ;
#3625 =( GEOMETRIC_REPRESENTATION_CONTEXT ( 3 ) GLOBAL_UNCERTAINTY_ASSIGNED_CONTEXT ( ( #3909 ) ) GLOBAL_UNIT_ASSIGNED_CONTEXT ( ( #769, #6252, #832 ) ) REPRESENTATION_CONTEXT ( 'NONE', 'WORKASPACE' ) );
#3626 = ORIENTED_EDGE ( 'NONE', *, *, #4504, .F. ) ;
#3627 = EDGE_CURVE ( 'NONE', #2429, #4398, #931, .T. ) ;
#3628 = PRESENTATION_LAYER_ASSIGNMENT (  '', '', ( #4446 ) ) ;
#3629 = VECTOR ( 'NONE', #1500, 1000.000000000000000 ) ;
#3630 = DIRECTION ( 'NONE',  ( 1.000000000000000000, 0.000000000000000000, 0.000000000000000000 ) ) ;
#3631 = CARTESIAN_POINT ( 'NONE',  ( 0.8149949999999850370, 0.2999999999999944933, 86.21499602396599471 ) ) ;
#3632 = ORIENTED_EDGE ( 'NONE', *, *, #5316, .F. ) ;
#3633 = DIRECTION ( 'NONE',  ( 0.000000000000000000, 1.000000000000000000, 0.000000000000000000 ) ) ;
#3634 = EDGE_CURVE ( 'NONE', #5271, #4220, #2104, .T. ) ;
#3635 = EDGE_CURVE ( 'NONE', #5701, #6059, #5981, .T. ) ;
#3636 = ADVANCED_FACE ( 'NONE', ( #1990 ), #4826, .T. ) ;
#3637 = ADVANCED_FACE ( 'NONE', ( #480 ), #5438, .T. ) ;
#3638 = VECTOR ( 'NONE', #3032, 1000.000000000000000 ) ;
#3639 = ADVANCED_FACE ( 'NONE', ( #2549 ), #4001, .T. ) ;
#3640 = DIRECTION ( 'NONE',  ( 0.000000000000000000, 1.000000000000000000, 0.000000000000000000 ) ) ;
#3641 = CYLINDRICAL_SURFACE ( 'NONE', #6196, 1.050000000000000044 ) ;
#3642 = CARTESIAN_POINT ( 'NONE',  ( -1.387778780781445991E-14, 0.2999999999999944933, 88.76999602396600153 ) ) ;
#3643 = EDGE_LOOP ( 'NONE', ( #4172, #604, #3072, #3175 ) ) ;
#3644 = LINE ( 'NONE', #3134, #4545 ) ;
#3645 = ORIENTED_EDGE ( 'NONE', *, *, #2050, .T. ) ;
#3646 = ORIENTED_EDGE ( 'NONE', *, *, #2513, .T. ) ;
#3647 = DIRECTION ( 'NONE',  ( -0.4357831909413683036, 0.000000000000000000, 0.9000516710128140252 ) ) ;
#3648 = CARTESIAN_POINT ( 'NONE',  ( -1.387778780781445991E-14, 0.1224999999999999978, 89.24499602396599585 ) ) ;
#3649 = CARTESIAN_POINT ( 'NONE',  ( -0.2500000000000139888, 0.2999999999999944933, 89.06999602396599869 ) ) ;
#3650 = LINE ( 'NONE', #3262, #2174 ) ;
#3651 = FACE_OUTER_BOUND ( 'NONE', #5127, .T. ) ;
#3652 = EDGE_LOOP ( 'NONE', ( #2722, #223, #5148, #2185 ) ) ;
#3653 = ORIENTED_EDGE ( 'NONE', *, *, #2697, .F. ) ;
#3654 = AXIS2_PLACEMENT_3D ( 'NONE', #778, #5614, #720 ) ;
#3655 = CARTESIAN_POINT ( 'NONE',  ( -1.500000000000000000, 0.2999999999999944933, 88.76999602396600153 ) ) ;
#3656 = CARTESIAN_POINT ( 'NONE',  ( 1.045196761930964113, -0.9153444894310676094, 89.23768405230262601 ) ) ;
#3657 = CARTESIAN_POINT ( 'NONE',  ( -1.387778780781445991E-14, 0.09999999999998900047, 88.76999602396600153 ) ) ;
#3658 = DIRECTION ( 'NONE',  ( -0.000000000000000000, -0.000000000000000000, 1.000000000000000000 ) ) ;
#3659 = ORIENTED_EDGE ( 'NONE', *, *, #3280, .F. ) ;
#3660 = EDGE_CURVE ( 'NONE', #3690, #5412, #3272, .T. ) ;
#3661 = AXIS2_PLACEMENT_3D ( 'NONE', #5571, #318, #760 ) ;
#3662 =( NAMED_UNIT ( * ) SI_UNIT ( $, .STERADIAN. ) SOLID_ANGLE_UNIT ( ) );
#3663 = CARTESIAN_POINT ( 'NONE',  ( -1.387778780781445991E-14, 0.2999999999999944933, 87.96999602396599016 ) ) ;
#3664 = ORIENTED_EDGE ( 'NONE', *, *, #3441, .T. ) ;
#3665 = DIRECTION ( 'NONE',  ( 0.000000000000000000, 0.000000000000000000, -1.000000000000000000 ) ) ;
#3666 = AXIS2_PLACEMENT_3D ( 'NONE', #1034, #459, #999 ) ;
#3667 = AXIS2_PLACEMENT_3D ( 'NONE', #86, #2456, #3951 ) ;
#3668 = ADVANCED_FACE ( 'NONE', ( #5291 ), #5642, .T. ) ;
#3669 = LINE ( 'NONE', #4176, #5715 ) ;
#3670 = CARTESIAN_POINT ( 'NONE',  ( -0.8303718000000001043, 0.4500000000000060063, 84.96499602396599471 ) ) ;
#3671 = DIRECTION ( 'NONE',  ( 0.000000000000000000, 1.000000000000000000, 0.000000000000000000 ) ) ;
#3672 = ORIENTED_EDGE ( 'NONE', *, *, #1041, .F. ) ;
#3673 = ORIENTED_EDGE ( 'NONE', *, *, #2239, .F. ) ;
#3674 = LINE ( 'NONE', #1730, #1527 ) ;
#3675 = CARTESIAN_POINT ( 'NONE',  ( -0.1487363922732597432, -0.9875906971372682142, 87.43324297893539665 ) ) ;
#3676 = CARTESIAN_POINT ( 'NONE',  ( -1.500000000000000000, 0.09999999999998900047, 87.96999602396599016 ) ) ;
#3677 = CARTESIAN_POINT ( 'NONE',  ( -1.500000000000000000, 0.4500000000000060063, 87.92975050800500014 ) ) ;
#3678 = CARTESIAN_POINT ( 'NONE',  ( -1.387778780781445991E-14, 0.1224999999999999978, 88.01999602396909950 ) ) ;
#3679 = ORIENTED_EDGE ( 'NONE', *, *, #1963, .F. ) ;
#3680 = ORIENTED_EDGE ( 'NONE', *, *, #1655, .F. ) ;
#3681 = PRESENTATION_LAYER_ASSIGNMENT (  '', '', ( #622 ) ) ;
#3682 = CARTESIAN_POINT ( 'NONE',  ( 0.7965599999999879444, 0.4500000000000060063, 85.43499602396599357 ) ) ;
#3683 = CARTESIAN_POINT ( 'NONE',  ( -1.387778780781445991E-14, -1.300000000000000044, 88.76999602396600153 ) ) ;
#3684 = CARTESIAN_POINT ( 'NONE',  ( -1.052643159144032170, -0.9448318943927052072, 89.22054910040060349 ) ) ;
#3685 = ORIENTED_EDGE ( 'NONE', *, *, #6298, .T. ) ;
#3686 = EDGE_LOOP ( 'NONE', ( #2367, #1187, #6256, #56 ) ) ;
#3687 = DIRECTION ( 'NONE',  ( 0.000000000000000000, -1.000000000000000000, 0.000000000000000000 ) ) ;
#3688 = DIRECTION ( 'NONE',  ( 1.000000000000000000, 0.000000000000000000, 0.000000000000000000 ) ) ;
#3689 = CARTESIAN_POINT ( 'NONE',  ( 0.5649949999999850370, -0.5000000000000000000, 84.51499602396599187 ) ) ;
#3690 = VERTEX_POINT ( 'NONE', #1348 ) ;
#3691 = DIRECTION ( 'NONE',  ( -1.000000000000000000, -0.000000000000000000, -0.000000000000000000 ) ) ;
#3692 = DIRECTION ( 'NONE',  ( -0.2732444104248883399, 0.000000000000000000, 0.9619446409079657201 ) ) ;
#3693 = CARTESIAN_POINT ( 'NONE',  ( -1.223466466442607370, -0.9297015085932146539, 89.32880165782931670 ) ) ;
#3694 = DIRECTION ( 'NONE',  ( -0.9000516710731800707, 0.000000000000000000, -0.4357831908166904800 ) ) ;
#3695 = ORIENTED_EDGE ( 'NONE', *, *, #5514, .T. ) ;
#3696 = ORIENTED_EDGE ( 'NONE', *, *, #425, .T. ) ;
#3697 = CARTESIAN_POINT ( 'NONE',  ( -0.3354101966250159772, 0.2999999999999944933, 88.76999602396600153 ) ) ;
#3698 = CARTESIAN_POINT ( 'NONE',  ( 0.7965599999869840131, 0.2999999999999944933, 85.51499602396599187 ) ) ;
#3699 = ORIENTED_EDGE ( 'NONE', *, *, #2963, .T. ) ;
#3700 = CARTESIAN_POINT ( 'NONE',  ( -1.500000000000000000, 0.2999999999999944933, 89.37468692922600155 ) ) ;
#3701 = CARTESIAN_POINT ( 'NONE',  ( 0.000000000000000000, 0.000000000000000000, 42.59783873644060748 ) ) ;
#3702 = CARTESIAN_POINT ( 'NONE',  ( -1.157497499997633961, 0.4500000000000060063, 86.71499268920869952 ) ) ;
#3703 = ORIENTED_EDGE ( 'NONE', *, *, #895, .T. ) ;
#3704 = VERTEX_POINT ( 'NONE', #3212 ) ;
#3705 = EDGE_CURVE ( 'NONE', #3759, #4964, #5077, .T. ) ;
#3706 = CIRCLE ( 'NONE', #5034, 1.144999999970655491 ) ;
#3707 = ADVANCED_FACE ( 'NONE', ( #305 ), #5019, .T. ) ;
#3708 = ADVANCED_FACE ( 'NONE', ( #2296 ), #3775, .T. ) ;
#3709 = SURFACE_SIDE_STYLE ('',( #1766 ) ) ;
#3710 = DIRECTION ( 'NONE',  ( 0.000000000000000000, 0.000000000000000000, 1.000000000000000000 ) ) ;
#3711 = CARTESIAN_POINT ( 'NONE',  ( 0.3999999999999835354, 0.2999999999999944933, 89.06999602396599869 ) ) ;
#3712 = VECTOR ( 'NONE', #2290, 1000.000000000000000 ) ;
#3713 = CARTESIAN_POINT ( 'NONE',  ( 1.222862086735100107, -1.512041912179520775, 89.30281069818030915 ) ) ;
#3714 = LINE ( 'NONE', #5582, #4558 ) ;
#3715 = ORIENTED_EDGE ( 'NONE', *, *, #41, .F. ) ;
#3716 = ORIENTED_EDGE ( 'NONE', *, *, #3094, .F. ) ;
#3717 = CIRCLE ( 'NONE', #5249, 0.1999999999999987899 ) ;
#3718 = VECTOR ( 'NONE', #3328, 1000.000000000000000 ) ;
#3719 = CARTESIAN_POINT ( 'NONE',  ( -0.8303718000000001043, 0.4500000000000060063, 85.01499602396599187 ) ) ;
#3720 = CARTESIAN_POINT ( 'NONE',  ( 0.4999999999999870104, 0.2999999999999944933, 90.11499602396600039 ) ) ;
#3721 = AXIS2_PLACEMENT_3D ( 'NONE', #5884, #4451, #2509 ) ;
#3722 = DIRECTION ( 'NONE',  ( 0.000000000000000000, 1.000000000000000000, 0.000000000000000000 ) ) ;
#3723 = CARTESIAN_POINT ( 'NONE',  ( 1.141747749994939554, 0.5000000000000059952, 86.76244735573220623 ) ) ;
#3724 = ORIENTED_EDGE ( 'NONE', *, *, #1487, .F. ) ;
#3725 = STYLED_ITEM ( 'NONE', ( #3000 ), #6218 ) ;
#3726 = CARTESIAN_POINT ( 'NONE',  ( -1.249990000000186230, -0.7291331488457339915, 87.84999999999999432 ) ) ;
#3727 = VECTOR ( 'NONE', #5250, 1000.000000000000000 ) ;
#3728 = DIRECTION ( 'NONE',  ( 0.000000000000000000, 0.000000000000000000, -1.000000000000000000 ) ) ;
#3729 = CARTESIAN_POINT ( 'NONE',  ( -1.173275634145823476, -0.8600219286770650617, 89.42780795229205637 ) ) ;
#3730 = SURFACE_STYLE_USAGE ( .BOTH. , #436 ) ;
#3731 = ORIENTED_EDGE ( 'NONE', *, *, #6183, .F. ) ;
#3732 = SURFACE_SIDE_STYLE ('',( #4664 ) ) ;
#3733 = PRESENTATION_LAYER_ASSIGNMENT (  '', '', ( #4556 ) ) ;
#3734 = PLANE ( 'NONE',  #5698 ) ;
#3735 = AXIS2_PLACEMENT_3D ( 'NONE', #142, #2103, #1556 ) ;
#3736 = CYLINDRICAL_SURFACE ( 'NONE', #265, 0.04999999999999449329 ) ;
#3737 = ORIENTED_EDGE ( 'NONE', *, *, #5900, .F. ) ;
#3738 = CARTESIAN_POINT ( 'NONE',  ( -0.3354101966250024880, 0.2999999999999944933, 86.21499602396599471 ) ) ;
#3739 = LINE ( 'NONE', #1798, #2975 ) ;
#3740 = CARTESIAN_POINT ( 'NONE',  ( -1.387778780781445991E-14, 0.2999999999999944933, 86.51999602396600153 ) ) ;
#3741 = EDGE_LOOP ( 'NONE', ( #1939, #4573, #2837, #564 ) ) ;
#3742 = EDGE_CURVE ( 'NONE', #1490, #2150, #6293, .T. ) ;
#3743 = EDGE_CURVE ( 'NONE', #457, #5701, #830, .T. ) ;
#3744 = CARTESIAN_POINT ( 'NONE',  ( -0.1499999999993174016, -1.338710554778554718, 87.44756444290062802 ) ) ;
#3745 = EDGE_CURVE ( 'NONE', #5419, #2429, #3331, .T. ) ;
#3746 = CARTESIAN_POINT ( 'NONE',  ( -0.5649950000000130146, -0.5000000000000000000, 101.0582480184360037 ) ) ;
#3747 = FACE_OUTER_BOUND ( 'NONE', #6198, .T. ) ;
#3748 = CARTESIAN_POINT ( 'NONE',  ( -0.7965599999916612717, 0.4792893218814092138, 85.51499602396599187 ) ) ;
#3749 = CARTESIAN_POINT ( 'NONE',  ( -0.7649950000000179662, 0.5000000000000000000, 88.76999602396600153 ) ) ;
#3750 = VERTEX_POINT ( 'NONE', #4319 ) ;
#3751 = ORIENTED_EDGE ( 'NONE', *, *, #4022, .F. ) ;
#3752 = EDGE_CURVE ( 'NONE', #2237, #609, #2762, .T. ) ;
#3753 = EDGE_CURVE ( 'NONE', #5733, #3704, #5163, .T. ) ;
#3754 = CARTESIAN_POINT ( 'NONE',  ( 0.1107012958815599968, 0.05245448589147330004, 88.02821086431029585 ) ) ;
#3755 = EDGE_CURVE ( 'NONE', #4417, #424, #966, .T. ) ;
#3756 = CARTESIAN_POINT ( 'NONE',  ( -0.4000000000000115130, 0.2999999999999944933, 88.76999602396600153 ) ) ;
#3757 = LINE ( 'NONE', #3305, #2256 ) ;
#3758 = ADVANCED_FACE ( 'NONE', ( #6250 ), #2527, .T. ) ;
#3759 = VERTEX_POINT ( 'NONE', #2822 ) ;
#3760 = AXIS2_PLACEMENT_3D ( 'NONE', #5327, #3859, #5240 ) ;
#3761 = CARTESIAN_POINT ( 'NONE',  ( -0.8149950000016236151, 0.4792893218814112122, 86.46367205545344348 ) ) ;
#3762 = CARTESIAN_POINT ( 'NONE',  ( -0.5270000000000140128, 0.2999999999999944933, 90.10775836525598947 ) ) ;
#3763 = ORIENTED_EDGE ( 'NONE', *, *, #6094, .F. ) ;
#3764 = ORIENTED_EDGE ( 'NONE', *, *, #3983, .F. ) ;
#3765 = AXIS2_PLACEMENT_3D ( 'NONE', #2304, #5682, #3314 ) ;
#3766 = DIRECTION ( 'NONE',  ( 0.000000000000000000, 0.000000000000000000, 1.000000000000000000 ) ) ;
#3767 = CARTESIAN_POINT ( 'NONE',  ( 1.401089665019494390, 0.4792893218813755740, 86.89099776503113048 ) ) ;
#3768 =( NAMED_UNIT ( * ) SI_UNIT ( $, .STERADIAN. ) SOLID_ANGLE_UNIT ( ) );
#3769 = DIRECTION ( 'NONE',  ( 0.000000000000000000, 0.000000000000000000, -1.000000000000000000 ) ) ;
#3770 = VERTEX_POINT ( 'NONE', #4224 ) ;
#3771 = CARTESIAN_POINT ( 'NONE',  ( 0.7965599999700256895, 0.5000000000000059952, 85.56499602396617377 ) ) ;
#3772 = VECTOR ( 'NONE', #911, 1000.000000000000000 ) ;
#3773 = DIRECTION ( 'NONE',  ( -1.000000000000000000, 0.000000000000000000, 0.000000000000000000 ) ) ;
#3774 = DIRECTION ( 'NONE',  ( -1.000000000000000000, 0.000000000000000000, 0.000000000000000000 ) ) ;
#3775 = CYLINDRICAL_SURFACE ( 'NONE', #3017, 0.4000000000000000777 ) ;
#3776 = DIRECTION ( 'NONE',  ( 0.8660254037790087178, 0.000000000000000000, 0.5000000000094049213 ) ) ;
#3777 = SURFACE_STYLE_FILL_AREA ( #4226 ) ;
#3778 = FACE_OUTER_BOUND ( 'NONE', #661, .T. ) ;
#3779 = CARTESIAN_POINT ( 'NONE',  ( -1.387778780781445991E-14, -1.653000000000000025, 88.76999602396600153 ) ) ;
#3780 = ORIENTED_EDGE ( 'NONE', *, *, #4975, .T. ) ;
#3781 = ORIENTED_EDGE ( 'NONE', *, *, #232, .T. ) ;
#3782 = ADVANCED_FACE ( 'NONE', ( #899 ), #1865, .T. ) ;
#3783 = CARTESIAN_POINT ( 'NONE',  ( -0.6958493218813096570, 0.5000000000001016964, 85.03600107462141011 ) ) ;
#3784 = CONICAL_SURFACE ( 'NONE', #2171, 1.699999999999999956, 1.308996938995750980 ) ;
#3785 = DIRECTION ( 'NONE',  ( 0.000000000000000000, -1.000000000000000000, 0.000000000000000000 ) ) ;
#3786 = CARTESIAN_POINT ( 'NONE',  ( -1.387778780781445991E-14, -1.009999999999316111, 104.2628561271959882 ) ) ;
#3787 = PLANE ( 'NONE',  #1508 ) ;
#3788 = VERTEX_POINT ( 'NONE', #4257 ) ;
#3789 = DIRECTION ( 'NONE',  ( 0.000000000000000000, 0.000000000000000000, 1.000000000000000000 ) ) ;
#3790 = DIRECTION ( 'NONE',  ( -8.881784197001275989E-16, 0.000000000000000000, -1.000000000000000000 ) ) ;
#3791 = CARTESIAN_POINT ( 'NONE',  ( 1.157497499990902012, 0.2999999999999944933, 86.71499268920649683 ) ) ;
#3792 = ORIENTED_EDGE ( 'NONE', *, *, #844, .T. ) ;
#3793 = EDGE_CURVE ( 'NONE', #2335, #1719, #1409, .T. ) ;
#3794 = ORIENTED_EDGE ( 'NONE', *, *, #3839, .T. ) ;
#3795 = LINE ( 'NONE', #5748, #3459 ) ;
#3796 = FACE_OUTER_BOUND ( 'NONE', #3016, .T. ) ;
#3797 = CARTESIAN_POINT ( 'NONE',  ( -0.04941108436232190260, -0.8683718080955419305, 87.62606265844939912 ) ) ;
#3798 = DIRECTION ( 'NONE',  ( 1.000000000000000000, 0.000000000000000000, 0.000000000000000000 ) ) ;
#3799 = ORIENTED_EDGE ( 'NONE', *, *, #907, .T. ) ;
#3800 = CARTESIAN_POINT ( 'NONE',  ( 0.7496970849799413639, 0.4792893218814189837, 85.51499602395524846 ) ) ;
#3801 = CARTESIAN_POINT ( 'NONE',  ( -1.387778780781445991E-14, -0.5000000000000000000, 85.01499602396599187 ) ) ;
#3802 = LINE ( 'NONE', #5693, #3718 ) ;
#3803 = MECHANICAL_DESIGN_GEOMETRIC_PRESENTATION_REPRESENTATION (  '', ( #5745 ), #4622 ) ;
#3804 = CARTESIAN_POINT ( 'NONE',  ( 1.082537796351492165, -1.009999999999316111, 89.56820459286940661 ) ) ;
#3805 = DIRECTION ( 'NONE',  ( 0.000000000000000000, -0.000000000000000000, 1.000000000000000000 ) ) ;
#3806 = FACE_OUTER_BOUND ( 'NONE', #5871, .T. ) ;
#3807 = DIRECTION ( 'NONE',  ( 0.000000000000000000, 1.000000000000000000, 0.000000000000000000 ) ) ;
#3808 = ORIENTED_EDGE ( 'NONE', *, *, #1133, .F. ) ;
#3809 = AXIS2_PLACEMENT_3D ( 'NONE', #4866, #11, #2032 ) ;
#3810 = ORIENTED_EDGE ( 'NONE', *, *, #1878, .F. ) ;
#3811 = AXIS2_PLACEMENT_3D ( 'NONE', #2511, #134, #2475 ) ;
#3812 = CARTESIAN_POINT ( 'NONE',  ( 0.05403945361939779812, 0.1099362881514241996, 88.02194539904290593 ) ) ;
#3813 = DIRECTION ( 'NONE',  ( -1.000000000000000000, -0.000000000000000000, -0.000000000000000000 ) ) ;
#3814 = CARTESIAN_POINT ( 'NONE',  ( -0.7965599999555650346, 0.4887769361552889436, 84.99656102392609114 ) ) ;
#3815 = ORIENTED_EDGE ( 'NONE', *, *, #781, .T. ) ;
#3816 = CARTESIAN_POINT ( 'NONE',  ( 0.7965599999999879444, 0.2999999999999944933, 85.43499602396599357 ) ) ;
#3817 = AXIS2_PLACEMENT_3D ( 'NONE', #930, #31, #2875 ) ;
#3818 = COLOUR_RGB ( '',0.000000000000000000, 0.000000000000000000, 0.000000000000000000 ) ;
#3819 = EDGE_CURVE ( 'NONE', #3940, #598, #3930, .T. ) ;
#3820 = AXIS2_PLACEMENT_3D ( 'NONE', #865, #1249, #5730 ) ;
#3821 = DIRECTION ( 'NONE',  ( 0.000000000000000000, -1.000000000000000000, 0.000000000000000000 ) ) ;
#3822 = AXIS2_PLACEMENT_3D ( 'NONE', #6039, #3633, #5521 ) ;
#3823 =( NAMED_UNIT ( * ) PLANE_ANGLE_UNIT ( ) SI_UNIT ( $, .RADIAN. ) );
#3824 = EDGE_CURVE ( 'NONE', #4918, #5537, #5695, .T. ) ;
#3825 = ORIENTED_EDGE ( 'NONE', *, *, #3165, .F. ) ;
#3826 = EDGE_CURVE ( 'NONE', #7, #4281, #4447, .T. ) ;
#3827 = EDGE_CURVE ( 'NONE', #143, #4939, #1904, .T. ) ;
#3828 = EDGE_CURVE ( 'NONE', #1056, #2374, #1282, .T. ) ;
#3829 = EDGE_CURVE ( 'NONE', #1719, #3337, #4653, .T. ) ;
#3830 = ORIENTED_EDGE ( 'NONE', *, *, #5937, .F. ) ;
#3831 = CARTESIAN_POINT ( 'NONE',  ( -1.387778780781445991E-14, 0.2999999999999944933, 88.76999602396600153 ) ) ;
#3832 = CARTESIAN_POINT ( 'NONE',  ( 0.04041731638242120062, -0.1156403499495139986, 87.62570959105839563 ) ) ;
#3833 = LINE ( 'NONE', #5783, #4140 ) ;
#3834 = CARTESIAN_POINT ( 'NONE',  ( -0.9080532793199620478, -1.653000000000000025, 89.46746590999430282 ) ) ;
#3835 = ORIENTED_EDGE ( 'NONE', *, *, #5343, .F. ) ;
#3836 = CARTESIAN_POINT ( 'NONE',  ( -1.394095453475103330, 0.5000000000002720046, 87.87014105971258005 ) ) ;
#3837 = COLOUR_RGB ( '',0.000000000000000000, 0.000000000000000000, 0.000000000000000000 ) ;
#3838 = VECTOR ( 'NONE', #1018, 1000.000000000000000 ) ;
#3839 = EDGE_CURVE ( 'NONE', #2484, #699, #5952, .T. ) ;
#3840 = CARTESIAN_POINT ( 'NONE',  ( -1.387778780781445991E-14, -1.560000000000000053, 88.76999602396600153 ) ) ;
#3841 = DIRECTION ( 'NONE',  ( -0.000000000000000000, -0.000000000000000000, 1.000000000000000000 ) ) ;
#3842 = CARTESIAN_POINT ( 'NONE',  ( 1.173172256287921877, -0.8609574032793499976, 89.42778919592529974 ) ) ;
#3843 = LINE ( 'NONE', #3870, #4036 ) ;
#3844 = DIRECTION ( 'NONE',  ( -0.000000000000000000, -1.000000000000000000, -0.000000000000000000 ) ) ;
#3845 = CARTESIAN_POINT ( 'NONE',  ( 0.1499999999992896182, -1.299999999928163952, 87.63486387308100234 ) ) ;
#3846 = VERTEX_POINT ( 'NONE', #1988 ) ;
#3847 = ORIENTED_EDGE ( 'NONE', *, *, #2593, .T. ) ;
#3848 = LINE ( 'NONE', #4328, #908 ) ;
#3849 = DIRECTION ( 'NONE',  ( -0.000000000000000000, -0.000000000000000000, 1.000000000000000000 ) ) ;
#3850 = DIRECTION ( 'NONE',  ( 0.000000000000000000, 1.000000000000000000, 0.000000000000000000 ) ) ;
#3851 = DIRECTION ( 'NONE',  ( 0.000000000000000000, -1.000000000000000000, 0.000000000000000000 ) ) ;
#3852 = ADVANCED_FACE ( 'NONE', ( #1544, #3493 ), #5818, .F. ) ;
#3853 = DIRECTION ( 'NONE',  ( 0.000000000000000000, 0.000000000000000000, 1.000000000000000000 ) ) ;
#3854 = EDGE_LOOP ( 'NONE', ( #5805, #270, #639, #203 ) ) ;
#3855 = VERTEX_POINT ( 'NONE', #4892 ) ;
#3856 = EDGE_LOOP ( 'NONE', ( #4912, #5476, #5023, #2399 ) ) ;
#3857 = ADVANCED_FACE ( 'NONE', ( #71 ), #2060, .T. ) ;
#3858 = VECTOR ( 'NONE', #2670, 1000.000000000000000 ) ;
#3859 = DIRECTION ( 'NONE',  ( 0.1544993265838049690, 0.000000000000000000, 0.9879928937422327584 ) ) ;
#3860 = DIRECTION ( 'NONE',  ( 0.000000000000000000, 0.000000000000000000, -1.000000000000000000 ) ) ;
#3861 = CARTESIAN_POINT ( 'NONE',  ( 1.058053279312673789, -1.299999999964855935, 89.20765828884849213 ) ) ;
#3862 = DIRECTION ( 'NONE',  ( -1.000000000000000000, -0.000000000000000000, -0.000000000000000000 ) ) ;
#3863 =( NAMED_UNIT ( * ) PLANE_ANGLE_UNIT ( ) SI_UNIT ( $, .RADIAN. ) );
#3864 = FILL_AREA_STYLE ('',( #2845 ) ) ;
#3865 = ADVANCED_FACE ( 'NONE', ( #102 ), #3999, .F. ) ;
#3866 = CARTESIAN_POINT ( 'NONE',  ( -1.386278588452490511E-14, -0.1224999999999999978, 89.24499602396599585 ) ) ;
#3867 = AXIS2_PLACEMENT_3D ( 'NONE', #4142, #5585, #1229 ) ;
#3868 = DIRECTION ( 'NONE',  ( 0.9879928937408410938, 0.000000000000000000, -0.1544993265927040171 ) ) ;
#3869 = FACE_OUTER_BOUND ( 'NONE', #2537, .T. ) ;
#3870 = CARTESIAN_POINT ( 'NONE',  ( -0.3103994648601114958, 0.5000000000000000000, 84.36499602396600039 ) ) ;
#3871 = DIRECTION ( 'NONE',  ( 0.000000000000000000, 0.000000000000000000, -1.000000000000000000 ) ) ;
#3872 = CARTESIAN_POINT ( 'NONE',  ( -1.387778780781445991E-14, -1.299999999974321918, 90.11499602398990305 ) ) ;
#3873 = VERTEX_POINT ( 'NONE', #4351 ) ;
#3874 = ORIENTED_EDGE ( 'NONE', *, *, #4318, .T. ) ;
#3875 = CARTESIAN_POINT ( 'NONE',  ( -1.499999999999999778, 0.4500000000000059508, 87.92975050800498593 ) ) ;
#3876 = DIRECTION ( 'NONE',  ( 0.000000000000000000, 1.000000000000000000, 0.000000000000000000 ) ) ;
#3877 = FILL_AREA_STYLE ('',( #5828 ) ) ;
#3878 = DIRECTION ( 'NONE',  ( 0.000000000000000000, 1.000000000000000000, 0.000000000000000000 ) ) ;
#3879 = DIRECTION ( 'NONE',  ( 0.9879928937412727485, 0.000000000000000000, -0.1544993265899439472 ) ) ;
#3880 = ORIENTED_EDGE ( 'NONE', *, *, #194, .T. ) ;
#3881 = CARTESIAN_POINT ( 'NONE',  ( -0.1036796301642080032, 0.06524403642491069522, 87.62969977548978306 ) ) ;
#3882 = ORIENTED_EDGE ( 'NONE', *, *, #5238, .F. ) ;
#3883 = ORIENTED_EDGE ( 'NONE', *, *, #1922, .F. ) ;
#3884 = EDGE_LOOP ( 'NONE', ( #3645, #1477, #3174, #2575 ) ) ;
#3885 = CYLINDRICAL_SURFACE ( 'NONE', #6221, 0.04999999999999449329 ) ;
#3886 = CARTESIAN_POINT ( 'NONE',  ( -0.05307877689641315316, 0.1112363690686193618, 88.02176622819493446 ) ) ;
#3887 = CARTESIAN_POINT ( 'NONE',  ( 0.3999999999999835354, 0.2999999999999944933, 89.06999602396599869 ) ) ;
#3888 = CARTESIAN_POINT ( 'NONE',  ( -0.9140366293791331032, 0.5000000000000001110, 86.61903742238443726 ) ) ;
#3889 = CYLINDRICAL_SURFACE ( 'NONE', #2774, 0.04999999999999996808 ) ;
#3890 = CARTESIAN_POINT ( 'NONE',  ( 0.000000000000000000, 0.000000000000000000, 34.86499602396599329 ) ) ;
#3891 = ADVANCED_FACE ( 'NONE', ( #954 ), #6316, .F. ) ;
#3892 = FILL_AREA_STYLE_COLOUR ( '', #4552 ) ;
#3893 = DIRECTION ( 'NONE',  ( 0.000000000000000000, 0.000000000000000000, -1.000000000000000000 ) ) ;
#3894 = DIRECTION ( 'NONE',  ( -1.000000000000000000, 0.000000000000000000, -0.000000000000000000 ) ) ;
#3895 = CARTESIAN_POINT ( 'NONE',  ( 0.7942843218813255834, 0.5000000000000018874, 86.24044602396389791 ) ) ;
#3896 = DIRECTION ( 'NONE',  ( 0.000000000000000000, 0.000000000000000000, 1.000000000000000000 ) ) ;
#3897 = CARTESIAN_POINT ( 'NONE',  ( -0.7649950000002130324, 0.5000000000000000000, 85.56110570152900152 ) ) ;
#3898 = VERTEX_POINT ( 'NONE', #2874 ) ;
#3899 = ADVANCED_FACE ( 'NONE', ( #4824 ), #451, .T. ) ;
#3900 = MECHANICAL_DESIGN_GEOMETRIC_PRESENTATION_REPRESENTATION (  '', ( #5647 ), #1970 ) ;
#3901 = EDGE_CURVE ( 'NONE', #2707, #3750, #4049, .T. ) ;
#3902 = ORIENTED_EDGE ( 'NONE', *, *, #3563, .T. ) ;
#3903 = EDGE_CURVE ( 'NONE', #1308, #1058, #4161, .T. ) ;
#3904 = ADVANCED_FACE ( 'NONE', ( #1026 ), #990, .F. ) ;
#3905 = FACE_OUTER_BOUND ( 'NONE', #4053, .T. ) ;
#3906 = CARTESIAN_POINT ( 'NONE',  ( -1.150973739941525631, 0.5000000000002292611, 86.73464905568050654 ) ) ;
#3907 = AXIS2_PLACEMENT_3D ( 'NONE', #2069, #2481, #556 ) ;
#3908 = CARTESIAN_POINT ( 'NONE',  ( -1.195695800895789862, -1.416128856692012050, 89.28712623574320162 ) ) ;
#3909 = UNCERTAINTY_MEASURE_WITH_UNIT (LENGTH_MEASURE( 1.000000000000000082E-05 ), #769, 'distance_accuracy_value', 'NONE');
#3910 = ORIENTED_EDGE ( 'NONE', *, *, #4255, .T. ) ;
#3911 = VECTOR ( 'NONE', #2102, 1000.000000000000000 ) ;
#3912 = CARTESIAN_POINT ( 'NONE',  ( -1.070259343960135556, -1.338710554776952000, 89.56111562507979329 ) ) ;
#3913 = DIRECTION ( 'NONE',  ( 0.000000000000000000, -1.000000000000000000, 0.000000000000000000 ) ) ;
#3914 = AXIS2_PLACEMENT_3D ( 'NONE', #1796, #6211, #5691 ) ;
#3915 = ORIENTED_EDGE ( 'NONE', *, *, #593, .T. ) ;
#3916 = AXIS2_PLACEMENT_3D ( 'NONE', #1023, #1465, #511 ) ;
#3917 = COLOUR_RGB ( '',0.000000000000000000, 0.000000000000000000, 0.000000000000000000 ) ;
#3918 = EDGE_LOOP ( 'NONE', ( #2961, #3973, #3792, #1645 ) ) ;
#3919 = EDGE_CURVE ( 'NONE', #4041, #1058, #5268, .T. ) ;
#3920 = EDGE_LOOP ( 'NONE', ( #1604, #1148, #5072, #3237 ) ) ;
#3921 = AXIS2_PLACEMENT_3D ( 'NONE', #5915, #4886, #2466 ) ;
#3922 = CIRCLE ( 'NONE', #1172, 1.699999999999999956 ) ;
#3923 = DIRECTION ( 'NONE',  ( 0.9658987175526235758, 0.000000000000000000, 0.2589201950991794621 ) ) ;
#3924 = CARTESIAN_POINT ( 'NONE',  ( -0.1107931762071171777, 0.05404077778770023655, 88.02818722140285956 ) ) ;
#3925 = EDGE_LOOP ( 'NONE', ( #4831, #4979, #881, #177, #1808, #272, #1598, #4402, #3578, #2795, #4957, #610 ) ) ;
#3926 = CARTESIAN_POINT ( 'NONE',  ( -1.400000000001732525, 0.4500000000000060063, 87.83835722666992751 ) ) ;
#3927 = STYLED_ITEM ( 'NONE', ( #2453 ), #3359 ) ;
#3928 = CARTESIAN_POINT ( 'NONE',  ( -1.365099999999999980, 0.2999999999999944933, 89.36999602396599585 ) ) ;
#3929 = CARTESIAN_POINT ( 'NONE',  ( 1.500000000000070166, 0.4500000000000060063, 89.37468692922830371 ) ) ;
#3930 = B_SPLINE_CURVE_WITH_KNOTS ( 'NONE', 3,
 ( #6217, #3744, #297, #6148 ),
 .UNSPECIFIED., .F., .F.,
 ( 4, 4 ),
 ( 3.093961539256536943E-14, 0.0001236757381084182281 ),
 .UNSPECIFIED. ) ;
#3931 = ORIENTED_EDGE ( 'NONE', *, *, #1441, .T. ) ;
#3932 = CIRCLE ( 'NONE', #1186, 0.1224999999999999978 ) ;
#3933 = DIRECTION ( 'NONE',  ( 0.000000000000000000, 1.000000000000000000, 0.000000000000000000 ) ) ;
#3934 = CARTESIAN_POINT ( 'NONE',  ( 1.406421680905920013, 0.5000000000000000000, 87.90865094277310732 ) ) ;
#3935 = DIRECTION ( 'NONE',  ( 0.000000000000000000, 1.000000000000000000, 0.000000000000000000 ) ) ;
#3936 = CARTESIAN_POINT ( 'NONE',  ( 0.7649949999999836603, 0.5000000000000059952, 86.24044602396379844 ) ) ;
#3937 = CARTESIAN_POINT ( 'NONE',  ( 0.7649950000000880213, 0.5000000000000000000, 88.76999602396600153 ) ) ;
#3938 = CARTESIAN_POINT ( 'NONE',  ( -0.1499999999993174016, -1.416128856669611968, 87.47592797930809638 ) ) ;
#3939 = ORIENTED_EDGE ( 'NONE', *, *, #6054, .F. ) ;
#3940 = VERTEX_POINT ( 'NONE', #611 ) ;
#3941 = VECTOR ( 'NONE', #4177, 1000.000000000000000 ) ;
#3942 = EDGE_CURVE ( 'NONE', #3133, #912, #5533, .T. ) ;
#3943 = FACE_OUTER_BOUND ( 'NONE', #3144, .T. ) ;
#3944 = CARTESIAN_POINT ( 'NONE',  ( 5.410800000000000054, -1.009999999999316111, 91.89392286057599790 ) ) ;
#3945 = CARTESIAN_POINT ( 'NONE',  ( -1.255595864435353315, 0.4500000000000059508, 86.74755059822825842 ) ) ;
#3946 = CARTESIAN_POINT ( 'NONE',  ( -1.387778780781445991E-14, -0.7500000000000000000, 86.90000000000000568 ) ) ;
#3947 = DIRECTION ( 'NONE',  ( -0.000000000000000000, -1.000000000000000000, -0.000000000000000000 ) ) ;
#3948 = EDGE_LOOP ( 'NONE', ( #6308, #3626, #3513, #5441, #341, #3034, #368, #5703, #6000, #1046, #5049, #6160 ) ) ;
#3949 = EDGE_CURVE ( 'NONE', #1150, #2498, #4914, .T. ) ;
#3950 =( BOUNDED_CURVE ( )  B_SPLINE_CURVE ( 3, ( #6159, #516, #4895, #2771 ),
 .UNSPECIFIED., .F., .F. ) 
 B_SPLINE_CURVE_WITH_KNOTS ( ( 4, 4 ),
 ( 2.254024650662569851, 3.141592653589795336 ),
 .UNSPECIFIED. ) 
 CURVE ( )  GEOMETRIC_REPRESENTATION_ITEM ( )  RATIONAL_B_SPLINE_CURVE ( ( 1.000000000000000000, 0.9354222893972723440, 0.9354222893972723440, 1.000000000000000000 ) ) 
 REPRESENTATION_ITEM ( '' )  );
#3951 = DIRECTION ( 'NONE',  ( 0.000000000000000000, 0.000000000000000000, 1.000000000000000000 ) ) ;
#3952 = CARTESIAN_POINT ( 'NONE',  ( -0.05331023142853959229, 0.1111341630801336994, 87.62616498143228227 ) ) ;
#3953 = VERTEX_POINT ( 'NONE', #676 ) ;
#3954 = ORIENTED_EDGE ( 'NONE', *, *, #2165, .F. ) ;
#3955 = ORIENTED_EDGE ( 'NONE', *, *, #312, .F. ) ;
#3956 = ORIENTED_EDGE ( 'NONE', *, *, #3526, .T. ) ;
#3957 =( GEOMETRIC_REPRESENTATION_CONTEXT ( 3 ) GLOBAL_UNCERTAINTY_ASSIGNED_CONTEXT ( ( #1039 ) ) GLOBAL_UNIT_ASSIGNED_CONTEXT ( ( #2474, #4201, #1326 ) ) REPRESENTATION_CONTEXT ( 'NONE', 'WORKASPACE' ) );
#3958 = LINE ( 'NONE', #983, #2138 ) ;
#3959 = CARTESIAN_POINT ( 'NONE',  ( -0.08667650477015138855, 0.08763786189142958039, 88.02494335950699167 ) ) ;
#3960 = DIRECTION ( 'NONE',  ( 0.000000000000000000, 0.000000000000000000, 1.000000000000000000 ) ) ;
#3961 = ORIENTED_EDGE ( 'NONE', *, *, #194, .F. ) ;
#3962 = CARTESIAN_POINT ( 'NONE',  ( -1.038122074237379788, 0.5000000000000001110, 86.71915362666005933 ) ) ;
#3963 = DIRECTION ( 'NONE',  ( 0.000000000000000000, 0.000000000000000000, 1.000000000000000000 ) ) ;
#3964 = FACE_OUTER_BOUND ( 'NONE', #4776, .T. ) ;
#3965 = AXIS2_PLACEMENT_3D ( 'NONE', #3452, #3031, #2964 ) ;
#3966 = ORIENTED_EDGE ( 'NONE', *, *, #4020, .T. ) ;
#3967 = CARTESIAN_POINT ( 'NONE',  ( 0.000000000000000000, 0.000000000000000000, 34.86499602396599329 ) ) ;
#3968 = DIRECTION ( 'NONE',  ( -0.000000000000000000, -0.000000000000000000, -1.000000000000000000 ) ) ;
#3969 = DIRECTION ( 'NONE',  ( 0.000000000000000000, 1.000000000000000000, 0.000000000000000000 ) ) ;
#3970 = CIRCLE ( 'NONE', #3666, 0.04999999999999961420 ) ;
#3971 = DIRECTION ( 'NONE',  ( 0.000000000000000000, 0.000000000000000000, 1.000000000000000000 ) ) ;
#3972 = FACE_OUTER_BOUND ( 'NONE', #944, .T. ) ;
#3973 = ORIENTED_EDGE ( 'NONE', *, *, #1647, .T. ) ;
#3974 = ORIENTED_EDGE ( 'NONE', *, *, #3257, .T. ) ;
#3975 = ADVANCED_FACE ( 'NONE', ( #3073 ), #5572, .T. ) ;
#3976 = CIRCLE ( 'NONE', #2146, 0.9499999999968977704 ) ;
#3977 = DIRECTION ( 'NONE',  ( 0.000000000000000000, 1.000000000000000000, 0.000000000000000000 ) ) ;
#3978 = CARTESIAN_POINT ( 'NONE',  ( -1.387778780781445991E-14, 0.5000000000000000000, 84.36499602396600039 ) ) ;
#3979 = CARTESIAN_POINT ( 'NONE',  ( -1.387778780781445991E-14, -1.653000000000000025, 89.71999602396289220 ) ) ;
#3980 = CARTESIAN_POINT ( 'NONE',  ( 0.1499999999992896182, -1.416128856636555966, 87.47592797929900144 ) ) ;
#3981 = DIRECTION ( 'NONE',  ( -0.4357831908167501545, 0.000000000000000000, -0.9000516710731513159 ) ) ;
#3982 = ORIENTED_EDGE ( 'NONE', *, *, #1442, .T. ) ;
#3983 = EDGE_CURVE ( 'NONE', #565, #4964, #258, .T. ) ;
#3984 = LINE ( 'NONE', #5099, #200 ) ;
#3985 = LINE ( 'NONE', #1076, #2924 ) ;
#3986 = VERTEX_POINT ( 'NONE', #4124 ) ;
#3987 = CARTESIAN_POINT ( 'NONE',  ( 0.1499999999992896182, -1.009999999999316111, 87.43338650731570283 ) ) ;
#3988 = ORIENTED_EDGE ( 'NONE', *, *, #2163, .T. ) ;
#3989 = ORIENTED_EDGE ( 'NONE', *, *, #4759, .T. ) ;
#3990 = EDGE_CURVE ( 'NONE', #4154, #5747, #5678, .T. ) ;
#3991 = CARTESIAN_POINT ( 'NONE',  ( -0.8149950000000130146, 0.2999999999999944933, 84.51499602396599187 ) ) ;
#3992 = LINE ( 'NONE', #4986, #3410 ) ;
#3993 = ORIENTED_EDGE ( 'NONE', *, *, #1179, .T. ) ;
#3994 = FACE_OUTER_BOUND ( 'NONE', #4656, .T. ) ;
#3995 = CARTESIAN_POINT ( 'NONE',  ( -0.4000000000000115130, 0.2999999999999944933, 88.46999602396599016 ) ) ;
#3996 = LINE ( 'NONE', #1573, #1473 ) ;
#3997 = ORIENTED_EDGE ( 'NONE', *, *, #4222, .T. ) ;
#3998 = ORIENTED_EDGE ( 'NONE', *, *, #5927, .T. ) ;
#3999 = CYLINDRICAL_SURFACE ( 'NONE', #5064, 0.1499999999992999988 ) ;
#4000 = LINE ( 'NONE', #4481, #2501 ) ;
#4001 = CYLINDRICAL_SURFACE ( 'NONE', #4044, 0.05000000000000002359 ) ;
#4002 = CARTESIAN_POINT ( 'NONE',  ( 1.699999999999999956, 0.000000000000000000, 53.71153062637019815 ) ) ;
#4003 = DIRECTION ( 'NONE',  ( -0.000000000000000000, -0.000000000000000000, 1.000000000000000000 ) ) ;
#4004 = VERTEX_POINT ( 'NONE', #4515 ) ;
#4005 = ORIENTED_EDGE ( 'NONE', *, *, #4305, .T. ) ;
#4006 = DIRECTION ( 'NONE',  ( 0.000000000000000000, 0.000000000000000000, 1.000000000000000000 ) ) ;
#4007 = DIRECTION ( 'NONE',  ( 0.000000000000000000, 1.000000000000000000, 0.000000000000000000 ) ) ;
#4008 = DIRECTION ( 'NONE',  ( 0.000000000000000000, 1.000000000000000000, 0.000000000000000000 ) ) ;
#4009 = DIRECTION ( 'NONE',  ( -0.000000000000000000, -1.000000000000000000, -0.000000000000000000 ) ) ;
#4010 = ORIENTED_EDGE ( 'NONE', *, *, #2239, .T. ) ;
#4011 = B_SPLINE_CURVE_WITH_KNOTS ( 'NONE', 3,
 ( #1817, #6266, #5776, #3345 ),
 .UNSPECIFIED., .F., .F.,
 ( 4, 4 ),
 ( 2.644640779843711444E-15, 0.0001513686829594538337 ),
 .UNSPECIFIED. ) ;
#4012 = AXIS2_PLACEMENT_3D ( 'NONE', #5203, #340, #2396 ) ;
#4013 = LINE ( 'NONE', #4462, #2754 ) ;
#4014 = CARTESIAN_POINT ( 'NONE',  ( -0.009055176339288860746, -0.1222485923152815818, 87.62502300213277806 ) ) ;
#4015 = VERTEX_POINT ( 'NONE', #1218 ) ;
#4016 = ORIENTED_EDGE ( 'NONE', *, *, #1915, .T. ) ;
#4017 = ADVANCED_FACE ( 'NONE', ( #131 ), #5599, .T. ) ;
#4018 = ORIENTED_EDGE ( 'NONE', *, *, #6163, .T. ) ;
#4019 = CIRCLE ( 'NONE', #2600, 0.04999999999999449329 ) ;
#4020 = EDGE_CURVE ( 'NONE', #1443, #3377, #3558, .T. ) ;
#4021 = VERTEX_POINT ( 'NONE', #731 ) ;
#4022 = EDGE_CURVE ( 'NONE', #4308, #4513, #5003, .T. ) ;
#4023 = CARTESIAN_POINT ( 'NONE',  ( 1.149999999999983924, -0.5000000000000000000, 87.84999999999999432 ) ) ;
#4024 = AXIS2_PLACEMENT_3D ( 'NONE', #1679, #2675, #2615 ) ;
#4025 = SURFACE_STYLE_USAGE ( .BOTH. , #4884 ) ;
#4026 = ORIENTED_EDGE ( 'NONE', *, *, #171, .T. ) ;
#4027 = EDGE_CURVE ( 'NONE', #6, #934, #6017, .T. ) ;
#4028 = CARTESIAN_POINT ( 'NONE',  ( -0.5649950000000130146, -0.2500000000000000000, 101.0582480184360037 ) ) ;
#4029 = CARTESIAN_POINT ( 'NONE',  ( 1.050000000000000044, 0.000000000000000000, 41.86499602396599329 ) ) ;
#4030 = DIRECTION ( 'NONE',  ( -1.000000000000000000, 0.000000000000000000, -0.000000000000000000 ) ) ;
#4031 = EDGE_CURVE ( 'NONE', #3690, #1779, #3022, .T. ) ;
#4032 = CIRCLE ( 'NONE', #6179, 1.050000000000000044 ) ;
#4033 = VERTEX_POINT ( 'NONE', #4278 ) ;
#4034 = VECTOR ( 'NONE', #5886, 1000.000000000000000 ) ;
#4035 = ORIENTED_EDGE ( 'NONE', *, *, #345, .F. ) ;
#4036 = VECTOR ( 'NONE', #3462, 1000.000000000000000 ) ;
#4037 = EDGE_CURVE ( 'NONE', #2855, #5359, #1802, .T. ) ;
#4038 = CARTESIAN_POINT ( 'NONE',  ( 1.499999999999988010, 0.2999999999999944933, 89.37468692922600155 ) ) ;
#4039 = LINE ( 'NONE', #5574, #5184 ) ;
#4040 =( NAMED_UNIT ( * ) SI_UNIT ( $, .STERADIAN. ) SOLID_ANGLE_UNIT ( ) );
#4041 = VERTEX_POINT ( 'NONE', #2783 ) ;
#4042 = CONICAL_SURFACE ( 'NONE', #963, 1.349479120980281888, 0.3141592652858753998 ) ;
#4043 = ORIENTED_EDGE ( 'NONE', *, *, #4698, .F. ) ;
#4044 = AXIS2_PLACEMENT_3D ( 'NONE', #5954, #4234, #3687 ) ;
#4045 = CARTESIAN_POINT ( 'NONE',  ( -0.3649950000000204975, 0.5000000000000000000, 84.51499602396599187 ) ) ;
#4046 = CARTESIAN_POINT ( 'NONE',  ( 0.9571071817805744120, -0.8741831285481794778, 89.39862488602045687 ) ) ;
#4047 = CARTESIAN_POINT ( 'NONE',  ( 0.1499999999992896182, -1.338710554791879392, 87.44756444290557340 ) ) ;
#4048 = DIRECTION ( 'NONE',  ( 0.000000000000000000, 1.000000000000000000, 0.000000000000000000 ) ) ;
#4049 = CIRCLE ( 'NONE', #4346, 0.5500000000000000444 ) ;
#4050 = ORIENTED_EDGE ( 'NONE', *, *, #5662, .T. ) ;
#4051 = SURFACE_SIDE_STYLE ('',( #5035 ) ) ;
#4052 = DIRECTION ( 'NONE',  ( -0.9021342605811359938, 0.000000000000000000, -0.4314554158725175115 ) ) ;
#4053 = EDGE_LOOP ( 'NONE', ( #3825, #3703, #2734, #85 ) ) ;
#4054 = CARTESIAN_POINT ( 'NONE',  ( -0.6665599999999689551, 0.5000000000000000000, 85.43499602432599715 ) ) ;
#4055 = VERTEX_POINT ( 'NONE', #2756 ) ;
#4056 = DIRECTION ( 'NONE',  ( 1.000000000000000000, 0.000000000000000000, 0.000000000000000000 ) ) ;
#4057 = CARTESIAN_POINT ( 'NONE',  ( 0.1217146537181579974, 0.01384893751391060024, 87.63148359844299762 ) ) ;
#4058 = PRESENTATION_STYLE_ASSIGNMENT (( #160 ) ) ;
#4059 = VERTEX_POINT ( 'NONE', #2840 ) ;
#4060 = DIRECTION ( 'NONE',  ( -0.9000516710753881933, 0.000000000000000000, 0.4357831908121300168 ) ) ;
#4061 = ADVANCED_FACE ( 'NONE', ( #4726 ), #3289, .F. ) ;
#4062 = EDGE_LOOP ( 'NONE', ( #2686, #3998, #5657, #1454 ) ) ;
#4063 = ORIENTED_EDGE ( 'NONE', *, *, #968, .F. ) ;
#4064 = CARTESIAN_POINT ( 'NONE',  ( -0.01673071630172081464, -0.8599999999990888266, 87.42499602396590319 ) ) ;
#4065 = CARTESIAN_POINT ( 'NONE',  ( 0.7965599999877889248, 0.2999999999999944933, 85.01499602396599187 ) ) ;
#4066 = CARTESIAN_POINT ( 'NONE',  ( 1.249989381697985902, 0.2999999999999944933, 87.84999999999999432 ) ) ;
#4067 = DIRECTION ( 'NONE',  ( 0.000000000000000000, 1.000000000000000000, 0.000000000000000000 ) ) ;
#4068 = VERTEX_POINT ( 'NONE', #2253 ) ;
#4069 = ORIENTED_EDGE ( 'NONE', *, *, #315, .T. ) ;
#4070 = AXIS2_PLACEMENT_3D ( 'NONE', #6111, #5178, #5655 ) ;
#4071 = DIRECTION ( 'NONE',  ( 0.000000000000000000, 0.000000000000000000, -1.000000000000000000 ) ) ;
#4072 = CARTESIAN_POINT ( 'NONE',  ( 1.149999999999983924, -0.5000000000000000000, 69.17468436830799305 ) ) ;
#4073 = DIRECTION ( 'NONE',  ( -0.000000000000000000, 1.000000000000000000, -0.000000000000000000 ) ) ;
#4074 = CARTESIAN_POINT ( 'NONE',  ( -1.207978751374096271, -1.377420204569048900, 89.29421780050847701 ) ) ;
#4075 = EDGE_CURVE ( 'NONE', #5151, #4782, #410, .T. ) ;
#4076 = VERTEX_POINT ( 'NONE', #4184 ) ;
#4077 = VECTOR ( 'NONE', #3543, 1000.000000000000000 ) ;
#4078 = AXIS2_PLACEMENT_3D ( 'NONE', #1687, #3630, #1874 ) ;
#4079 = LINE ( 'NONE', #2712, #805 ) ;
#4080 = DIRECTION ( 'NONE',  ( 0.000000000000000000, -1.000000000000000000, 0.000000000000000000 ) ) ;
#4081 = ORIENTED_EDGE ( 'NONE', *, *, #5081, .T. ) ;
#4082 = PLANE ( 'NONE',  #6246 ) ;
#4083 = VERTEX_POINT ( 'NONE', #3698 ) ;
#4084 = PLANE ( 'NONE',  #1417 ) ;
#4085 = CARTESIAN_POINT ( 'NONE',  ( -0.8149950000000130146, -0.2500000000000000000, 85.01499602396599187 ) ) ;
#4086 = ORIENTED_EDGE ( 'NONE', *, *, #6183, .T. ) ;
#4087 = CARTESIAN_POINT ( 'NONE',  ( 0.2499999999999865108, 0.2999999999999944933, 88.46999602396599016 ) ) ;
#4088 = CARTESIAN_POINT ( 'NONE',  ( -1.387778780781445991E-14, 0.2999999999999944933, 90.11499602396600039 ) ) ;
#4089 = ORIENTED_EDGE ( 'NONE', *, *, #1655, .T. ) ;
#4090 = EDGE_LOOP ( 'NONE', ( #2154, #3480, #5576 ) ) ;
#4091 = CIRCLE ( 'NONE', #1033, 0.4999999999999985567 ) ;
#4092 = FACE_BOUND ( 'NONE', #3047, .T. ) ;
#4093 = DIRECTION ( 'NONE',  ( 0.000000000000000000, 1.000000000000000000, 0.000000000000000000 ) ) ;
#4094 = DIRECTION ( 'NONE',  ( 0.000000000000000000, 1.000000000000000000, 0.000000000000000000 ) ) ;
#4095 = LINE ( 'NONE', #6051, #2743 ) ;
#4096 = MECHANICAL_DESIGN_GEOMETRIC_PRESENTATION_REPRESENTATION (  '', ( #622 ), #927 ) ;
#4097 = ORIENTED_EDGE ( 'NONE', *, *, #316, .F. ) ;
#4098 = ORIENTED_EDGE ( 'NONE', *, *, #5624, .F. ) ;
#4099 = EDGE_CURVE ( 'NONE', #5326, #5950, #349, .T. ) ;
#4100 = EDGE_CURVE ( 'NONE', #2982, #5950, #886, .T. ) ;
#4101 = CARTESIAN_POINT ( 'NONE',  ( -1.378593929787878720E-14, 0.2999999999999944933, 88.01999602396909950 ) ) ;
#4102 = CARTESIAN_POINT ( 'NONE',  ( 1.040192334309144151, -0.9035159339449979621, 89.24856149247000303 ) ) ;
#4103 = LINE ( 'NONE', #1736, #5854 ) ;
#4104 = ADVANCED_FACE ( 'NONE', ( #3256 ), #3736, .F. ) ;
#4105 = LINE ( 'NONE', #3054, #2790 ) ;
#4106 = ADVANCED_FACE ( 'NONE', ( #3796 ), #5656, .T. ) ;
#4107 = EDGE_CURVE ( 'NONE', #277, #2621, #5750, .T. ) ;
#4108 = ORIENTED_EDGE ( 'NONE', *, *, #119, .T. ) ;
#4109 = EDGE_CURVE ( 'NONE', #5625, #5551, #5688, .T. ) ;
#4110 = CARTESIAN_POINT ( 'NONE',  ( -0.3649950000000204975, 0.2999999999999944933, 84.51499602396599187 ) ) ;
#4111 = FACE_OUTER_BOUND ( 'NONE', #5722, .T. ) ;
#4112 = ORIENTED_EDGE ( 'NONE', *, *, #3508, .T. ) ;
#4113 = LINE ( 'NONE', #4173, #2910 ) ;
#4114 = CARTESIAN_POINT ( 'NONE',  ( 1.449999999999979972, 0.4500000000000060063, 87.92975050800500014 ) ) ;
#4115 = CARTESIAN_POINT ( 'NONE',  ( -1.387778780781445991E-14, 0.1224999999999999978, 87.62499602396600551 ) ) ;
#4116 = CARTESIAN_POINT ( 'NONE',  ( 1.500000000000099920, 0.2999999999999944933, 89.37468692922749369 ) ) ;
#4117 = EDGE_LOOP ( 'NONE', ( #3055, #1165, #2553, #1040 ) ) ;
#4118 = DIRECTION ( 'NONE',  ( 0.000000000000000000, 1.000000000000000000, 0.000000000000000000 ) ) ;
#4119 = AXIS2_PLACEMENT_3D ( 'NONE', #1553, #3399, #5891 ) ;
#4120 = VERTEX_POINT ( 'NONE', #4249 ) ;
#4121 = ORIENTED_EDGE ( 'NONE', *, *, #2960, .T. ) ;
#4122 = VECTOR ( 'NONE', #208, 999.9999999999998863 ) ;
#4123 = LINE ( 'NONE', #4183, #1004 ) ;
#4124 = CARTESIAN_POINT ( 'NONE',  ( -0.5649950000000130146, -0.5000000000000000000, 84.51499602396599187 ) ) ;
#4125 = CARTESIAN_POINT ( 'NONE',  ( -1.387778780781445991E-14, 0.1224999999999999978, 89.24499602396599585 ) ) ;
#4126 = DIRECTION ( 'NONE',  ( -0.000000000000000000, -1.000000000000000000, -0.000000000000000000 ) ) ;
#4127 = DIRECTION ( 'NONE',  ( 0.000000000000000000, 0.000000000000000000, -1.000000000000000000 ) ) ;
#4128 = VERTEX_POINT ( 'NONE', #4792 ) ;
#4129 = AXIS2_PLACEMENT_3D ( 'NONE', #1641, #226, #4579 ) ;
#4130 = COLOUR_RGB ( '',0.000000000000000000, 0.000000000000000000, 0.000000000000000000 ) ;
#4131 = VERTEX_POINT ( 'NONE', #5207 ) ;
#4132 = CIRCLE ( 'NONE', #2711, 0.5500000000000000444 ) ;
#4133 = LINE ( 'NONE', #1866, #2899 ) ;
#4134 = CARTESIAN_POINT ( 'NONE',  ( 0.9215085987406437251, -0.9298141408730750124, 89.44966905789813438 ) ) ;
#4135 = DIRECTION ( 'NONE',  ( 0.9879928937412832957, 0.000000000000000000, 0.1544993265898760293 ) ) ;
#4136 = DIRECTION ( 'NONE',  ( 0.000000000000000000, 0.000000000000000000, 1.000000000000000000 ) ) ;
#4137 = AXIS2_PLACEMENT_3D ( 'NONE', #1062, #4860, #3935 ) ;
#4138 = VERTEX_POINT ( 'NONE', #6207 ) ;
#4139 = EDGE_CURVE ( 'NONE', #58, #3873, #2371, .T. ) ;
#4140 = VECTOR ( 'NONE', #6208, 1000.000000000000000 ) ;
#4141 = VECTOR ( 'NONE', #2791, 1000.000000000000000 ) ;
#4142 = CARTESIAN_POINT ( 'NONE',  ( 0.000000000000000000, 0.000000000000000000, 41.86499602396599329 ) ) ;
#4143 = ADVANCED_FACE ( 'NONE', ( #2727 ), #1299, .T. ) ;
#4144 = FACE_OUTER_BOUND ( 'NONE', #2715, .T. ) ;
#4145 = ORIENTED_EDGE ( 'NONE', *, *, #703, .F. ) ;
#4146 = CARTESIAN_POINT ( 'NONE',  ( 1.399999999999983924, -0.4999685921080189166, 87.84999999999999432 ) ) ;
#4147 = UNCERTAINTY_MEASURE_WITH_UNIT (LENGTH_MEASURE( 1.000000000000000082E-05 ), #2423, 'distance_accuracy_value', 'NONE');
#4148 = VECTOR ( 'NONE', #995, 1000.000000000000000 ) ;
#4149 = DIRECTION ( 'NONE',  ( -0.000000000000000000, -0.000000000000000000, 1.000000000000000000 ) ) ;
#4150 = DIRECTION ( 'NONE',  ( 0.000000000000000000, 0.000000000000000000, -1.000000000000000000 ) ) ;
#4151 = FACE_OUTER_BOUND ( 'NONE', #3920, .T. ) ;
#4152 = ORIENTED_EDGE ( 'NONE', *, *, #813, .T. ) ;
#4153 = PRODUCT_CONTEXT ( 'NONE', #5517, 'mechanical' ) ;
#4154 = VERTEX_POINT ( 'NONE', #4819 ) ;
#4155 = DIRECTION ( 'NONE',  ( 0.000000000000000000, 0.000000000000000000, -1.000000000000000000 ) ) ;
#4156 = DIRECTION ( 'NONE',  ( 0.000000000000000000, 1.000000000000000000, 0.000000000000000000 ) ) ;
#4157 = SURFACE_STYLE_FILL_AREA ( #290 ) ;
#4158 = FACE_OUTER_BOUND ( 'NONE', #2552, .T. ) ;
#4159 = ORIENTED_EDGE ( 'NONE', *, *, #4576, .F. ) ;
#4160 = ORIENTED_EDGE ( 'NONE', *, *, #1727, .T. ) ;
#4161 = B_SPLINE_CURVE_WITH_KNOTS ( 'NONE', 3,
 ( #2912, #2471, #4858, #3425 ),
 .UNSPECIFIED., .F., .F.,
 ( 4, 4 ),
 ( 4.081004690341766684E-15, 0.0002735921099189684777 ),
 .UNSPECIFIED. ) ;
#4162 = TOROIDAL_SURFACE ( 'NONE', #390, 0.7500000000000000000, 0.2000000000000000111 ) ;
#4163 = CARTESIAN_POINT ( 'NONE',  ( 1.058053279325231966, -1.653000000000000025, 89.20765828885650706 ) ) ;
#4164 = DIRECTION ( 'NONE',  ( 0.000000000000000000, -1.000000000000000000, 0.000000000000000000 ) ) ;
#4165 = CARTESIAN_POINT ( 'NONE',  ( 0.1174970085351805943, -0.9167559493307999574, 87.63104060210559965 ) ) ;
#4166 = CARTESIAN_POINT ( 'NONE',  ( -0.9127868286400767639, -0.9596454461426590088, 89.46129903339802070 ) ) ;
#4167 = ORIENTED_EDGE ( 'NONE', *, *, #4495, .T. ) ;
#4168 = ORIENTED_EDGE ( 'NONE', *, *, #4574, .F. ) ;
#4169 = CARTESIAN_POINT ( 'NONE',  ( 0.1202817634822388043, 0.02686634623222014517, 88.02970246527080178 ) ) ;
#4170 = CARTESIAN_POINT ( 'NONE',  ( 0.8149949999999850370, 0.2999999999999944933, 85.51499602396599187 ) ) ;
#4171 = CARTESIAN_POINT ( 'NONE',  ( -1.373756574931208772E-14, -1.653000000000000025, 87.62499602396600551 ) ) ;
#4172 = ORIENTED_EDGE ( 'NONE', *, *, #2324, .F. ) ;
#4173 = CARTESIAN_POINT ( 'NONE',  ( -1.387778780781445991E-14, 0.2999999999999944933, 86.51999602396600153 ) ) ;
#4174 = CIRCLE ( 'NONE', #6232, 0.5000000000000004441 ) ;
#4175 = MECHANICAL_DESIGN_GEOMETRIC_PRESENTATION_REPRESENTATION (  '', ( #1636 ), #5200 ) ;
#4176 = CARTESIAN_POINT ( 'NONE',  ( -0.1499999999993174016, -1.009999999999316111, 104.2628561271959882 ) ) ;
#4177 = DIRECTION ( 'NONE',  ( 0.8660254037790087178, -0.000000000000000000, 0.5000000000094049213 ) ) ;
#4178 = CARTESIAN_POINT ( 'NONE',  ( -1.387778780781445991E-14, -1.300000000000000044, 88.76999602396600153 ) ) ;
#4179 = EDGE_CURVE ( 'NONE', #2251, #645, #4883, .T. ) ;
#4180 = VERTEX_POINT ( 'NONE', #4916 ) ;
#4181 = EDGE_CURVE ( 'NONE', #565, #4290, #3932, .T. ) ;
#4182 = ORIENTED_EDGE ( 'NONE', *, *, #2926, .T. ) ;
#4183 = CARTESIAN_POINT ( 'NONE',  ( -1.500000000000000000, 0.4500000000000060063, 66.36315375021600005 ) ) ;
#4184 = CARTESIAN_POINT ( 'NONE',  ( -0.8149950000000130146, 0.2999999999999944933, 86.21499602396599471 ) ) ;
#4185 = EDGE_LOOP ( 'NONE', ( #1024, #1836, #4681, #108 ) ) ;
#4186 = PLANE ( 'NONE',  #5454 ) ;
#4187 = UNCERTAINTY_MEASURE_WITH_UNIT (LENGTH_MEASURE( 1.000000000000000082E-05 ), #163, 'distance_accuracy_value', 'NONE');
#4188 =( NAMED_UNIT ( * ) PLANE_ANGLE_UNIT ( ) SI_UNIT ( $, .RADIAN. ) );
#4189 = DIRECTION ( 'NONE',  ( 0.000000000000000000, 0.000000000000000000, 1.000000000000000000 ) ) ;
#4190 = ORIENTED_EDGE ( 'NONE', *, *, #4839, .T. ) ;
#4191 = ORIENTED_EDGE ( 'NONE', *, *, #698, .T. ) ;
#4192 = CARTESIAN_POINT ( 'NONE',  ( -1.500000000000000000, 0.2999999999999944933, 88.76999602396600153 ) ) ;
#4193 = LINE ( 'NONE', #3746, #6068 ) ;
#4194 = CARTESIAN_POINT ( 'NONE',  ( -0.9818061230831148789, -1.560000000000000053, 89.51004713419600023 ) ) ;
#4195 = CARTESIAN_POINT ( 'NONE',  ( -1.054798558665761998, -0.9605910757334580330, 89.21544523615149558 ) ) ;
#4196 = EDGE_LOOP ( 'NONE', ( #2678, #3449, #6110, #1644 ) ) ;
#4197 = VERTEX_POINT ( 'NONE', #4372 ) ;
#4198 = CARTESIAN_POINT ( 'NONE',  ( 0.009661488346295156807, 0.1222137128336018563, 88.02004294145247343 ) ) ;
#4199 = CARTESIAN_POINT ( 'NONE',  ( -0.6665600000100719846, 0.5000000000000000000, 85.09499602382649641 ) ) ;
#4200 = PLANE ( 'NONE',  #5056 ) ;
#4201 =( NAMED_UNIT ( * ) PLANE_ANGLE_UNIT ( ) SI_UNIT ( $, .RADIAN. ) );
#4202 = ORIENTED_EDGE ( 'NONE', *, *, #1922, .T. ) ;
#4203 = DIRECTION ( 'NONE',  ( -1.000000000000000000, -0.000000000000000000, -0.000000000000000000 ) ) ;
#4204 = CARTESIAN_POINT ( 'NONE',  ( -1.387778780781445991E-14, 0.000000000000000000, 89.24499602396599585 ) ) ;
#4205 = CARTESIAN_POINT ( 'NONE',  ( -1.188950365884813065, -0.8674791867146091073, 89.39903619652656630 ) ) ;
#4206 = EDGE_LOOP ( 'NONE', ( #404, #184 ) ) ;
#4207 = EDGE_CURVE ( 'NONE', #4583, #4514, #1917, .T. ) ;
#4208 = EDGE_CURVE ( 'NONE', #6255, #1280, #5394, .T. ) ;
#4209 = EDGE_CURVE ( 'NONE', #1372, #3448, #2539, .T. ) ;
#4210 = EDGE_CURVE ( 'NONE', #4964, #3759, #5139, .T. ) ;
#4211 = DIRECTION ( 'NONE',  ( 0.000000000000000000, -1.000000000000000000, 0.000000000000000000 ) ) ;
#4212 = VECTOR ( 'NONE', #2769, 1000.000000000000000 ) ;
#4213 = CARTESIAN_POINT ( 'NONE',  ( 1.141747749951502300, 0.5000000000000061062, 86.76244735571779643 ) ) ;
#4214 = CYLINDRICAL_SURFACE ( 'NONE', #653, 0.2500000000000000000 ) ;
#4215 = VERTEX_POINT ( 'NONE', #5364 ) ;
#4216 = CARTESIAN_POINT ( 'NONE',  ( 0.1499999999992896182, -1.299999999928163952, 87.63486387308100234 ) ) ;
#4217 = EDGE_CURVE ( 'NONE', #3192, #4120, #2568, .T. ) ;
#4218 = CARTESIAN_POINT ( 'NONE',  ( -1.387778780781445991E-14, 0.2999999999999944933, 88.76999602396600153 ) ) ;
#4219 = CARTESIAN_POINT ( 'NONE',  ( 0.2499999999999865108, 0.2999999999999944933, 88.46999602396599016 ) ) ;
#4220 = VERTEX_POINT ( 'NONE', #1567 ) ;
#4221 = AXIS2_PLACEMENT_3D ( 'NONE', #4974, #589, #141 ) ;
#4222 = EDGE_CURVE ( 'NONE', #40, #2931, #5560, .T. ) ;
#4223 = EDGE_CURVE ( 'NONE', #1150, #5733, #5461, .T. ) ;
#4224 = CARTESIAN_POINT ( 'NONE',  ( -1.500000000000000000, 0.2999999999999944933, 89.36999602396599585 ) ) ;
#4225 = CARTESIAN_POINT ( 'NONE',  ( 1.232537796352864090, -1.004436947752707754, 89.30839697173779257 ) ) ;
#4226 = FILL_AREA_STYLE ('',( #4773 ) ) ;
#4227 = PRESENTATION_LAYER_ASSIGNMENT (  '', '', ( #2401 ) ) ;
#4228 = CARTESIAN_POINT ( 'NONE',  ( 1.131806123086984028, -1.560000000000000053, 89.25023951305600178 ) ) ;
#4229 = CARTESIAN_POINT ( 'NONE',  ( -1.040834230473990374, -0.9036271112215042978, 89.24727876279922612 ) ) ;
#4230 = EDGE_LOOP ( 'NONE', ( #3679, #320, #2815, #1125 ) ) ;
#4231 = VERTEX_POINT ( 'NONE', #1631 ) ;
#4232 = VECTOR ( 'NONE', #763, 1000.000000000000000 ) ;
#4233 = VECTOR ( 'NONE', #3813, 1000.000000000000000 ) ;
#4234 = DIRECTION ( 'NONE',  ( 0.000000000000000000, 0.000000000000000000, 1.000000000000000000 ) ) ;
#4235 = DIRECTION ( 'NONE',  ( -1.000000000000000000, -0.000000000000000000, -0.000000000000000000 ) ) ;
#4236 = TOROIDAL_SURFACE ( 'NONE', #5767, 1.499999999999999556, 0.2000000000000000111 ) ;
#4237 = DIRECTION ( 'NONE',  ( -0.000000000000000000, -1.000000000000000000, -0.000000000000000000 ) ) ;
#4238 = DIRECTION ( 'NONE',  ( -0.000000000000000000, 1.000000000000000000, -0.000000000000000000 ) ) ;
#4239 = EDGE_LOOP ( 'NONE', ( #5140, #2161, #5941, #5289, #1415, #6137, #1913, #4435 ) ) ;
#4240 = AXIS2_PLACEMENT_3D ( 'NONE', #3552, #1634, #1086 ) ;
#4241 = AXIS2_PLACEMENT_3D ( 'NONE', #1857, #319, #3321 ) ;
#4242 = CARTESIAN_POINT ( 'NONE',  ( -0.7649949999998795214, 0.5000000000000061062, 86.24044602396995174 ) ) ;
#4243 = CARTESIAN_POINT ( 'NONE',  ( 1.236441097746594053, -1.560000000000000053, 89.31065054384400526 ) ) ;
#4244 = ORIENTED_EDGE ( 'NONE', *, *, #235, .T. ) ;
#4245 = DIRECTION ( 'NONE',  ( 0.000000000000000000, 0.000000000000000000, 1.000000000000000000 ) ) ;
#4246 = CIRCLE ( 'NONE', #1492, 0.1224999999999999978 ) ;
#4247 = CARTESIAN_POINT ( 'NONE',  ( 0.2499999999999865108, -1.300000000000000044, 89.06999602396599869 ) ) ;
#4248 = CIRCLE ( 'NONE', #3227, 0.04999999999999991257 ) ;
#4249 = CARTESIAN_POINT ( 'NONE',  ( -1.387778780781445991E-14, 0.1224999999999999978, 87.62499602396600551 ) ) ;
#4250 = CARTESIAN_POINT ( 'NONE',  ( -0.1178852985414647753, -0.9157444647218542233, 87.63104512317876527 ) ) ;
#4251 = ORIENTED_EDGE ( 'NONE', *, *, #2775, .T. ) ;
#4252 = DIRECTION ( 'NONE',  ( 0.000000000000000000, 1.000000000000000000, 0.000000000000000000 ) ) ;
#4253 = DIRECTION ( 'NONE',  ( 0.000000000000000000, 0.000000000000000000, -1.000000000000000000 ) ) ;
#4254 = LINE ( 'NONE', #3740, #2805 ) ;
#4255 = EDGE_CURVE ( 'NONE', #699, #5130, #3517, .T. ) ;
#4256 = ORIENTED_EDGE ( 'NONE', *, *, #2426, .F. ) ;
#4257 = CARTESIAN_POINT ( 'NONE',  ( 1.086441097743960027, -1.560000000000000053, 89.57045816497848989 ) ) ;
#4258 = DIRECTION ( 'NONE',  ( 0.000000000000000000, 0.000000000000000000, -1.000000000000000000 ) ) ;
#4259 = FACE_OUTER_BOUND ( 'NONE', #566, .T. ) ;
#4260 = CARTESIAN_POINT ( 'NONE',  ( -0.9414125791498734186, -0.8917752075221895280, 89.42184615837800266 ) ) ;
#4261 = ORIENTED_EDGE ( 'NONE', *, *, #3627, .T. ) ;
#4262 = EDGE_LOOP ( 'NONE', ( #2267, #118, #1543, #5239 ) ) ;
#4263 = CIRCLE ( 'NONE', #5080, 0.4000000000000000222 ) ;
#4264 = CARTESIAN_POINT ( 'NONE',  ( -0.7165600000000521552, 0.4792893218814270884, 85.09499602396600437 ) ) ;
#4265 = CARTESIAN_POINT ( 'NONE',  ( -1.500000000000000000, 0.2999999999999944933, 87.92975050800500014 ) ) ;
#4266 = EDGE_CURVE ( 'NONE', #5873, #4180, #1704, .T. ) ;
#4267 = FILL_AREA_STYLE ('',( #2334 ) ) ;
#4268 = FACE_OUTER_BOUND ( 'NONE', #181, .T. ) ;
#4269 = VERTEX_POINT ( 'NONE', #6008 ) ;
#4270 = DIRECTION ( 'NONE',  ( 0.000000000000000000, 0.000000000000000000, -1.000000000000000000 ) ) ;
#4271 = VECTOR ( 'NONE', #3351, 1000.000000000000000 ) ;
#4272 = CARTESIAN_POINT ( 'NONE',  ( -0.7942843218813057105, 0.5000000000000814904, 86.24044602396976700 ) ) ;
#4273 = VECTOR ( 'NONE', #6045, 1000.000000000000000 ) ;
#4274 = FACE_OUTER_BOUND ( 'NONE', #4062, .T. ) ;
#4275 = VERTEX_POINT ( 'NONE', #3580 ) ;
#4276 = AXIS2_PLACEMENT_3D ( 'NONE', #1783, #339, #3790 ) ;
#4277 = CARTESIAN_POINT ( 'NONE',  ( 5.432589159540830437, 0.4500000000000060063, 89.80247122597239695 ) ) ;
#4278 = CARTESIAN_POINT ( 'NONE',  ( -1.086441097743542139, -1.560000000000000053, 89.57045816497910096 ) ) ;
#4279 = CARTESIAN_POINT ( 'NONE',  ( -0.2500000000000139888, 0.2999999999999944933, 89.06999602396599869 ) ) ;
#4280 = DIRECTION ( 'NONE',  ( 0.000000000000000000, 0.000000000000000000, 1.000000000000000000 ) ) ;
#4281 = VERTEX_POINT ( 'NONE', #4085 ) ;
#4282 = DIRECTION ( 'NONE',  ( -1.000000000000000000, 0.000000000000000000, 0.000000000000000000 ) ) ;
#4283 = LINE ( 'NONE', #3356, #9 ) ;
#4284 = DIRECTION ( 'NONE',  ( -0.000000000000000000, -1.000000000000000000, -0.000000000000000000 ) ) ;
#4285 = DIRECTION ( 'NONE',  ( 0.000000000000000000, 0.000000000000000000, -1.000000000000000000 ) ) ;
#4286 = FACE_OUTER_BOUND ( 'NONE', #1319, .T. ) ;
#4287 = PRESENTATION_STYLE_ASSIGNMENT (( #2354 ) ) ;
#4288 = CARTESIAN_POINT ( 'NONE',  ( -1.349999999999837996, 0.5000000000000000000, 87.81864577568100572 ) ) ;
#4289 = LINE ( 'NONE', #1835, #773 ) ;
#4290 = VERTEX_POINT ( 'NONE', #5525 ) ;
#4291 = ADVANCED_FACE ( 'NONE', ( #3131 ), #3641, .T. ) ;
#4292 = ORIENTED_EDGE ( 'NONE', *, *, #5746, .T. ) ;
#4293 = ADVANCED_FACE ( 'NONE', ( #3066 ), #633, .F. ) ;
#4294 = CARTESIAN_POINT ( 'NONE',  ( -0.7375650506090051239, 0.5000000000001016964, 84.99428534587448780 ) ) ;
#4295 = ADVANCED_FACE ( 'NONE', ( #5829 ), #1936, .F. ) ;
#4296 = EDGE_CURVE ( 'NONE', #220, #2447, #4478, .T. ) ;
#4297 = ADVANCED_FACE ( 'NONE', ( #5618 ), #1909, .T. ) ;
#4298 = VECTOR ( 'NONE', #950, 1000.000000000000000 ) ;
#4299 = LINE ( 'NONE', #5444, #5138 ) ;
#4300 = LINE ( 'NONE', #6158, #1014 ) ;
#4301 = CARTESIAN_POINT ( 'NONE',  ( 1.199999999999999956, 0.2999999999999944933, 87.82609174467499713 ) ) ;
#4302 = VERTEX_POINT ( 'NONE', #2277 ) ;
#4303 = CARTESIAN_POINT ( 'NONE',  ( -0.5500000000000000444, 6.735557395310442516E-17, 84.36499602396600039 ) ) ;
#4304 = ADVANCED_FACE ( 'NONE', ( #2390 ), #1301, .F. ) ;
#4305 = EDGE_CURVE ( 'NONE', #40, #2766, #1748, .T. ) ;
#4306 = CARTESIAN_POINT ( 'NONE',  ( -0.7165600000000189596, 0.4500000000000060063, 85.07961922396599164 ) ) ;
#4307 = CARTESIAN_POINT ( 'NONE',  ( -1.641421356237307672, 2.010161409968126422E-16, 42.45641738020330536 ) ) ;
#4308 = VERTEX_POINT ( 'NONE', #5800 ) ;
#4309 = ORIENTED_EDGE ( 'NONE', *, *, #3753, .T. ) ;
#4310 = PLANE ( 'NONE',  #3760 ) ;
#4311 = CARTESIAN_POINT ( 'NONE',  ( 1.365099999999979996, 0.2999999999999944933, 89.36999602396599585 ) ) ;
#4312 = DIRECTION ( 'NONE',  ( 1.000000000000000000, 0.000000000000000000, 0.000000000000000000 ) ) ;
#4313 = FACE_OUTER_BOUND ( 'NONE', #3512, .T. ) ;
#4314 = ORIENTED_EDGE ( 'NONE', *, *, #5741, .T. ) ;
#4315 = CARTESIAN_POINT ( 'NONE',  ( -1.428210840459134268, 0.4500000000000060063, 87.86364835922566385 ) ) ;
#4316 = CARTESIAN_POINT ( 'NONE',  ( 0.7165599999999909819, 0.4500000000000060063, 85.45037282396599210 ) ) ;
#4317 = CARTESIAN_POINT ( 'NONE',  ( 1.350000000000747269, 0.5000000000000061062, 87.85806867765818140 ) ) ;
#4318 = EDGE_CURVE ( 'NONE', #3005, #5641, #873, .T. ) ;
#4319 = CARTESIAN_POINT ( 'NONE',  ( -0.5500000000000000444, 6.735557395310442516E-17, 54.32660299285757333 ) ) ;
#4320 = PLANE ( 'NONE',  #5557 ) ;
#4321 = CARTESIAN_POINT ( 'NONE',  ( 0.000000000000000000, -7.226852955913665544E-15, 84.36499602396600039 ) ) ;
#4322 = CARTESIAN_POINT ( 'NONE',  ( -0.7649950000000179662, 0.4500000000000060063, 70.21515678606500899 ) ) ;
#4323 = DIRECTION ( 'NONE',  ( 0.000000000000000000, 0.000000000000000000, 1.000000000000000000 ) ) ;
#4324 = ORIENTED_EDGE ( 'NONE', *, *, #4210, .T. ) ;
#4325 = AXIS2_PLACEMENT_3D ( 'NONE', #1224, #5122, #681 ) ;
#4326 = ORIENTED_EDGE ( 'NONE', *, *, #4975, .F. ) ;
#4327 = AXIS2_PLACEMENT_3D ( 'NONE', #5956, #2445, #3014 ) ;
#4328 = CARTESIAN_POINT ( 'NONE',  ( 0.8149949999999850370, -0.5000000000000000000, 85.51499602396599187 ) ) ;
#4329 = LINE ( 'NONE', #910, #2492 ) ;
#4330 = CARTESIAN_POINT ( 'NONE',  ( 0.7075112081461181202, 0.5000000000000000000, 85.54671762342952945 ) ) ;
#4331 = FACE_OUTER_BOUND ( 'NONE', #3856, .T. ) ;
#4332 = EDGE_CURVE ( 'NONE', #1303, #1145, #673, .T. ) ;
#4333 = AXIS2_PLACEMENT_3D ( 'NONE', #1373, #6143, #1732 ) ;
#4334 = MECHANICAL_DESIGN_GEOMETRIC_PRESENTATION_REPRESENTATION (  '', ( #2401 ), #1466 ) ;
#4335 = CIRCLE ( 'NONE', #862, 0.04999999999999996808 ) ;
#4336 = EDGE_CURVE ( 'NONE', #5933, #762, #4246, .T. ) ;
#4337 = CARTESIAN_POINT ( 'NONE',  ( 0.2499999999999865108, -1.300000000000000044, 88.46999602396599016 ) ) ;
#4338 = DIRECTION ( 'NONE',  ( 0.000000000000000000, -1.000000000000000000, 0.000000000000000000 ) ) ;
#4339 = ORIENTED_EDGE ( 'NONE', *, *, #5817, .F. ) ;
#4340 = ORIENTED_EDGE ( 'NONE', *, *, #2677, .T. ) ;
#4341 = CARTESIAN_POINT ( 'NONE',  ( -5.410800000000000054, 0.4500000000000060063, 84.96499602396599471 ) ) ;
#4342 = CARTESIAN_POINT ( 'NONE',  ( 1.401089665019494390, 0.4500000000000060063, 86.89099776503113048 ) ) ;
#4343 = CARTESIAN_POINT ( 'NONE',  ( 0.7965599999739809700, 0.2999999999999944933, 85.51499602396599187 ) ) ;
#4344 = DIRECTION ( 'NONE',  ( 0.000000000000000000, -1.000000000000000000, 0.000000000000000000 ) ) ;
#4345 = CARTESIAN_POINT ( 'NONE',  ( -0.9572342255179802084, -1.473328650843984899, 89.49586054252030465 ) ) ;
#4346 = AXIS2_PLACEMENT_3D ( 'NONE', #2441, #1, #5334 ) ;
#4347 = LINE ( 'NONE', #4511, #3590 ) ;
#4348 = DIRECTION ( 'NONE',  ( -0.000000000000000000, -1.000000000000000000, -0.000000000000000000 ) ) ;
#4349 = AXIS2_PLACEMENT_3D ( 'NONE', #112, #2072, #5964 ) ;
#4350 = UNCERTAINTY_MEASURE_WITH_UNIT (LENGTH_MEASURE( 1.000000000000000082E-05 ), #5188, 'distance_accuracy_value', 'NONE');
#4351 = CARTESIAN_POINT ( 'NONE',  ( 0.7649950000000319550, 0.5000000000000000000, 84.51499602396599187 ) ) ;
#4352 = CARTESIAN_POINT ( 'NONE',  ( -1.400000000000018119, 0.4600038929721852465, 86.88953935445300658 ) ) ;
#4353 = SURFACE_STYLE_USAGE ( .BOTH. , #454 ) ;
#4354 = LINE ( 'NONE', #483, #1392 ) ;
#4355 = ORIENTED_EDGE ( 'NONE', *, *, #5121, .T. ) ;
#4356 = ORIENTED_EDGE ( 'NONE', *, *, #3565, .T. ) ;
#4357 = CYLINDRICAL_SURFACE ( 'NONE', #5704, 0.5000000000000004441 ) ;
#4358 = CARTESIAN_POINT ( 'NONE',  ( 0.1499999999992896182, -1.653000000000000025, 87.63486387306890890 ) ) ;
#4359 = CARTESIAN_POINT ( 'NONE',  ( -1.141747749995726480, 0.5000000000000059952, 86.76244735573283151 ) ) ;
#4360 = DIRECTION ( 'NONE',  ( 0.000000000000000000, 0.000000000000000000, 1.000000000000000000 ) ) ;
#4361 = ADVANCED_FACE ( 'NONE', ( #3221 ), #1449, .T. ) ;
#4362 = CARTESIAN_POINT ( 'NONE',  ( 0.3320770250420423397, 0.2342834980086138663, 84.42455463107492619 ) ) ;
#4363 = AXIS2_PLACEMENT_3D ( 'NONE', #4517, #4452, #4484 ) ;
#4364 =( NAMED_UNIT ( * ) SI_UNIT ( $, .STERADIAN. ) SOLID_ANGLE_UNIT ( ) );
#4365 = VERTEX_POINT ( 'NONE', #4836 ) ;
#4366 = ORIENTED_EDGE ( 'NONE', *, *, #5902, .F. ) ;
#4367 = ORIENTED_EDGE ( 'NONE', *, *, #2624, .T. ) ;
#4368 = AXIS2_PLACEMENT_3D ( 'NONE', #2280, #4211, #4155 ) ;
#4369 = EDGE_CURVE ( 'NONE', #1507, #4365, #280, .T. ) ;
#4370 = DIRECTION ( 'NONE',  ( 5.204170427930994312E-14, 0.000000000000000000, 1.000000000000000000 ) ) ;
#4371 = EDGE_CURVE ( 'NONE', #4128, #5672, #2245, .T. ) ;
#4372 = CARTESIAN_POINT ( 'NONE',  ( 1.195695800902881967, -1.416128856636640121, 89.28712623574179474 ) ) ;
#4373 = DIRECTION ( 'NONE',  ( 0.000000000000000000, 0.000000000000000000, -1.000000000000000000 ) ) ;
#4374 = LINE ( 'NONE', #1859, #4752 ) ;
#4375 = EDGE_CURVE ( 'NONE', #19, #3133, #1965, .T. ) ;
#4376 = CARTESIAN_POINT ( 'NONE',  ( -0.9326508711026064713, -1.386661630810358758, 89.48166733623068581 ) ) ;
#4377 = CARTESIAN_POINT ( 'NONE',  ( -1.387778780781445991E-14, 0.09999999999998900047, 88.76999602396600153 ) ) ;
#4378 = DIRECTION ( 'NONE',  ( -0.000000000000000000, -0.000000000000000000, 1.000000000000000000 ) ) ;
#4379 = EDGE_CURVE ( 'NONE', #468, #330, #4903, .T. ) ;
#4380 = STYLED_ITEM ( 'NONE', ( #2532 ), #2893 ) ;
#4381 = DIRECTION ( 'NONE',  ( -1.000000000000000000, 0.000000000000000000, 0.000000000000000000 ) ) ;
#4382 = LINE ( 'NONE', #2024, #4944 ) ;
#4383 =( NAMED_UNIT ( * ) PLANE_ANGLE_UNIT ( ) SI_UNIT ( $, .RADIAN. ) );
#4384 =( NAMED_UNIT ( * ) SI_UNIT ( $, .STERADIAN. ) SOLID_ANGLE_UNIT ( ) );
#4385 = DIRECTION ( 'NONE',  ( 0.000000000000000000, 1.000000000000000000, 0.000000000000000000 ) ) ;
#4386 = EDGE_LOOP ( 'NONE', ( #4018, #2363, #4472, #2976, #3715 ) ) ;
#4387 = B_SPLINE_CURVE_WITH_KNOTS ( 'NONE', 3,
 ( #548, #32, #1411, #3393 ),
 .UNSPECIFIED., .F., .F.,
 ( 4, 4 ),
 ( 0.000000000000000000, 1.000000000000000000 ),
 .UNSPECIFIED. ) ;
#4388 = ORIENTED_EDGE ( 'NONE', *, *, #2695, .F. ) ;
#4389 = LINE ( 'NONE', #1482, #3250 ) ;
#4390 = DIRECTION ( 'NONE',  ( -1.000000000000000000, -0.000000000000000000, -0.000000000000000000 ) ) ;
#4391 = CARTESIAN_POINT ( 'NONE',  ( -1.449999999999854072, 0.4500000000000060063, 87.92975050800529857 ) ) ;
#4392 = EDGE_CURVE ( 'NONE', #5939, #5925, #4631, .T. ) ;
#4393 = ORIENTED_EDGE ( 'NONE', *, *, #1493, .F. ) ;
#4394 = DIRECTION ( 'NONE',  ( 1.000000000000000000, 0.000000000000000000, 0.000000000000000000 ) ) ;
#4395 = COLOUR_RGB ( '',0.000000000000000000, 0.000000000000000000, 0.000000000000000000 ) ;
#4396 = CARTESIAN_POINT ( 'NONE',  ( 1.249989381698388025, 0.2999999999999944933, 87.84999980286039545 ) ) ;
#4397 = ORIENTED_EDGE ( 'NONE', *, *, #1760, .T. ) ;
#4398 = VERTEX_POINT ( 'NONE', #5931 ) ;
#4399 = ORIENTED_EDGE ( 'NONE', *, *, #5774, .T. ) ;
#4400 = DIRECTION ( 'NONE',  ( -0.000000000000000000, -0.000000000000000000, 1.000000000000000000 ) ) ;
#4401 = CARTESIAN_POINT ( 'NONE',  ( 0.1036796301641799978, -0.06524403642491069522, 87.62969977548978306 ) ) ;
#4402 = ORIENTED_EDGE ( 'NONE', *, *, #3087, .T. ) ;
#4403 = FACE_OUTER_BOUND ( 'NONE', #1931, .T. ) ;
#4404 = DIRECTION ( 'NONE',  ( 0.000000000000000000, 0.000000000000000000, -1.000000000000000000 ) ) ;
#4405 = DIRECTION ( 'NONE',  ( -0.9879928937422326474, 0.000000000000000000, -0.1544993265838049412 ) ) ;
#4406 = EDGE_CURVE ( 'NONE', #1052, #4909, #4524, .T. ) ;
#4407 = EDGE_CURVE ( 'NONE', #2105, #4487, #618, .T. ) ;
#4408 = EDGE_CURVE ( 'NONE', #2638, #5672, #111, .T. ) ;
#4409 = EDGE_CURVE ( 'NONE', #3846, #2986, #672, .T. ) ;
#4410 = DIRECTION ( 'NONE',  ( 0.000000000000000000, 1.000000000000000000, 0.000000000000000000 ) ) ;
#4411 = DIRECTION ( 'NONE',  ( 1.000000000000000000, 0.000000000000000000, 0.000000000000000000 ) ) ;
#4412 = DIRECTION ( 'NONE',  ( -0.000000000000000000, -0.000000000000000000, 1.000000000000000000 ) ) ;
#4413 = CARTESIAN_POINT ( 'NONE',  ( -1.387778780781445991E-14, -0.7500000000000000000, 88.76999602396600153 ) ) ;
#4414 = CARTESIAN_POINT ( 'NONE',  ( -1.141747749996702144, 0.5000000000000000000, 86.76244735573260414 ) ) ;
#4415 = ORIENTED_EDGE ( 'NONE', *, *, #5229, .T. ) ;
#4416 = AXIS2_PLACEMENT_3D ( 'NONE', #4599, #3694, #3132 ) ;
#4417 = VERTEX_POINT ( 'NONE', #2585 ) ;
#4418 = ADVANCED_FACE ( 'NONE', ( #1037 ), #3020, .T. ) ;
#4419 = EDGE_CURVE ( 'NONE', #5299, #2105, #2398, .T. ) ;
#4420 = CARTESIAN_POINT ( 'NONE',  ( 0.8084257744383337441, 0.4791180201068935829, 85.52156524952764016 ) ) ;
#4421 = DIRECTION ( 'NONE',  ( -0.8660254037790087178, 0.000000000000000000, -0.5000000000094049213 ) ) ;
#4422 = PLANE ( 'NONE',  #2407 ) ;
#4423 = VECTOR ( 'NONE', #2984, 1000.000000000000000 ) ;
#4424 = CARTESIAN_POINT ( 'NONE',  ( -1.209280421080215273, -1.464084826417738627, 89.29496931986375330 ) ) ;
#4425 = UNCERTAINTY_MEASURE_WITH_UNIT (LENGTH_MEASURE( 1.000000000000000082E-05 ), #1164, 'distance_accuracy_value', 'NONE');
#4426 = ORIENTED_EDGE ( 'NONE', *, *, #6026, .T. ) ;
#4427 = AXIS2_PLACEMENT_3D ( 'NONE', #3366, #1958, #3896 ) ;
#4428 = DIRECTION ( 'NONE',  ( 0.2589201951992030626, 0.000000000000000000, 0.9658987175258111346 ) ) ;
#4429 = DIRECTION ( 'NONE',  ( -1.000000000000000000, -0.000000000000000000, -0.000000000000000000 ) ) ;
#4430 = ORIENTED_EDGE ( 'NONE', *, *, #2359, .F. ) ;
#4431 = ORIENTED_EDGE ( 'NONE', *, *, #2528, .T. ) ;
#4432 = AXIS2_PLACEMENT_3D ( 'NONE', #3890, #4378, #2409 ) ;
#4433 = TOROIDAL_SURFACE ( 'NONE', #851, 1.499999999999999778, 0.2000000000000000111 ) ;
#4434 = ORIENTED_EDGE ( 'NONE', *, *, #5899, .F. ) ;
#4435 = ORIENTED_EDGE ( 'NONE', *, *, #705, .T. ) ;
#4436 = CARTESIAN_POINT ( 'NONE',  ( -1.387778780781445991E-14, 0.2999999999999944933, 89.36999602396599585 ) ) ;
#4437 = CARTESIAN_POINT ( 'NONE',  ( -1.387778780781445991E-14, 0.000000000000000000, 88.76999602396600153 ) ) ;
#4438 = DIRECTION ( 'NONE',  ( 1.000000000000000000, 0.000000000000000000, 0.000000000000000000 ) ) ;
#4439 = ORIENTED_EDGE ( 'NONE', *, *, #3442, .F. ) ;
#4440 = CARTESIAN_POINT ( 'NONE',  ( -1.419185475064502988, 0.5000000000002720046, 87.88228903967562644 ) ) ;
#4441 = MECHANICAL_DESIGN_GEOMETRIC_PRESENTATION_REPRESENTATION (  '', ( #3927 ), #1374 ) ;
#4442 = DIRECTION ( 'NONE',  ( 0.000000000000000000, 1.000000000000000000, 0.000000000000000000 ) ) ;
#4443 = CARTESIAN_POINT ( 'NONE',  ( -1.387778780781445991E-14, 0.5000000000000000000, 90.11499602396600039 ) ) ;
#4444 = CIRCLE ( 'NONE', #2521, 0.1999999999999999833 ) ;
#4445 = EDGE_LOOP ( 'NONE', ( #3835, #51, #2013 ) ) ;
#4446 = STYLED_ITEM ( 'NONE', ( #1336 ), #433 ) ;
#4447 = CIRCLE ( 'NONE', #3123, 0.2500000000000000000 ) ;
#4448 = EDGE_CURVE ( 'NONE', #5161, #616, #1619, .T. ) ;
#4449 = DIRECTION ( 'NONE',  ( 0.000000000000000000, 1.000000000000000000, 0.000000000000000000 ) ) ;
#4450 = DIRECTION ( 'NONE',  ( 0.000000000000000000, 1.000000000000000000, 0.000000000000000000 ) ) ;
#4451 = DIRECTION ( 'NONE',  ( 0.000000000000000000, 0.000000000000000000, 1.000000000000000000 ) ) ;
#4452 = DIRECTION ( 'NONE',  ( -0.000000000000000000, 1.000000000000000000, -0.000000000000000000 ) ) ;
#4453 = PLANE ( 'NONE',  #4327 ) ;
#4454 = ORIENTED_EDGE ( 'NONE', *, *, #4392, .F. ) ;
#4455 = ORIENTED_EDGE ( 'NONE', *, *, #3038, .F. ) ;
#4456 = CARTESIAN_POINT ( 'NONE',  ( -1.387778780781445991E-14, -1.350000000000018074, 89.51999602396290356 ) ) ;
#4457 = CARTESIAN_POINT ( 'NONE',  ( -0.8149950000000130146, -0.2500000000000000000, 84.51499602396599187 ) ) ;
#4458 = DIRECTION ( 'NONE',  ( 0.000000000000000000, 0.000000000000000000, -1.000000000000000000 ) ) ;
#4459 = CARTESIAN_POINT ( 'NONE',  ( -1.114950047415013135, -0.8919925884789982051, 89.52236039324276362 ) ) ;
#4460 = SURFACE_STYLE_FILL_AREA ( #5542 ) ;
#4461 = ORIENTED_EDGE ( 'NONE', *, *, #5508, .F. ) ;
#4462 = CARTESIAN_POINT ( 'NONE',  ( -5.410800000000000054, 0.4500000000000060063, 85.01499602396599187 ) ) ;
#4463 = CARTESIAN_POINT ( 'NONE',  ( 5.410800000000000054, 0.4500000000000060063, 85.51499602396599187 ) ) ;
#4464 = ORIENTED_EDGE ( 'NONE', *, *, #2034, .F. ) ;
#4465 = EDGE_LOOP ( 'NONE', ( #5078, #60, #1960, #997 ) ) ;
#4466 = ORIENTED_EDGE ( 'NONE', *, *, #4209, .F. ) ;
#4467 = VERTEX_POINT ( 'NONE', #1136 ) ;
#4468 = AXIS2_PLACEMENT_3D ( 'NONE', #3153, #5550, #1168 ) ;
#4469 = CARTESIAN_POINT ( 'NONE',  ( -1.400000000000011902, 0.2999999999999944933, 86.90000000000000568 ) ) ;
#4470 = CARTESIAN_POINT ( 'NONE',  ( -0.1193648212427927957, 0.02753705593705469898, 88.02955558784370282 ) ) ;
#4471 = FACE_OUTER_BOUND ( 'NONE', #4530, .T. ) ;
#4472 = ORIENTED_EDGE ( 'NONE', *, *, #5343, .T. ) ;
#4473 =( NAMED_UNIT ( * ) SI_UNIT ( $, .STERADIAN. ) SOLID_ANGLE_UNIT ( ) );
#4474 = CARTESIAN_POINT ( 'NONE',  ( -0.5649950000000130146, -0.5000000000000000000, 98.12422999477600172 ) ) ;
#4475 = CARTESIAN_POINT ( 'NONE',  ( 0.7496970850882130888, 0.4792893218814157086, 85.01499602397092303 ) ) ;
#4476 = ORIENTED_EDGE ( 'NONE', *, *, #5428, .T. ) ;
#4477 = VECTOR ( 'NONE', #3923, 1000.000000000000114 ) ;
#4478 = B_SPLINE_CURVE_WITH_KNOTS ( 'NONE', 3,
 ( #462, #4330, #4812, #6326 ),
 .UNSPECIFIED., .F., .F.,
 ( 4, 4 ),
 ( 0.000000000000000000, 1.000000000000000000 ),
 .UNSPECIFIED. ) ;
#4479 = ORIENTED_EDGE ( 'NONE', *, *, #2960, .F. ) ;
#4480 = DIRECTION ( 'NONE',  ( 0.000000000000000000, 1.000000000000000000, 0.000000000000000000 ) ) ;
#4481 = CARTESIAN_POINT ( 'NONE',  ( 1.350000000000000089, 0.5000000000000000000, 88.76999602396600153 ) ) ;
#4482 =( NAMED_UNIT ( * ) SI_UNIT ( $, .STERADIAN. ) SOLID_ANGLE_UNIT ( ) );
#4483 = VECTOR ( 'NONE', #2599, 1000.000000000000000 ) ;
#4484 = DIRECTION ( 'NONE',  ( -1.953992523340283084E-14, 0.000000000000000000, -1.000000000000000000 ) ) ;
#4485 = CARTESIAN_POINT ( 'NONE',  ( -1.350000000000018074, 0.4500000000000060063, 87.81864577568100572 ) ) ;
#4486 = EDGE_LOOP ( 'NONE', ( #796, #1081, #4531, #690, #3874, #191, #1735, #3499, #4314, #4081, #57, #1855 ) ) ;
#4487 = VERTEX_POINT ( 'NONE', #5963 ) ;
#4488 = STYLED_ITEM ( 'NONE', ( #6127 ), #3050 ) ;
#4489 = DIRECTION ( 'NONE',  ( -2.602085213965497156E-14, 0.000000000000000000, -1.000000000000000000 ) ) ;
#4490 = CARTESIAN_POINT ( 'NONE',  ( -1.401089665019311425, 0.4792893218815282297, 86.89099776503088890 ) ) ;
#4491 = EDGE_CURVE ( 'NONE', #3690, #5919, #50, .T. ) ;
#4492 = CARTESIAN_POINT ( 'NONE',  ( 0.1499999999991924182, -1.560000000000000053, 88.76999602396600153 ) ) ;
#4493 = PLANE ( 'NONE',  #4349 ) ;
#4494 = EDGE_LOOP ( 'NONE', ( #2598, #5469, #262, #4538 ) ) ;
#4495 = EDGE_CURVE ( 'NONE', #20, #1507, #490, .T. ) ;
#4496 = EDGE_CURVE ( 'NONE', #1012, #500, #38, .T. ) ;
#4497 = EDGE_CURVE ( 'NONE', #934, #534, #2295, .T. ) ;
#4498 = EDGE_CURVE ( 'NONE', #3448, #324, #1968, .T. ) ;
#4499 = CARTESIAN_POINT ( 'NONE',  ( -1.350000000000013856, 0.5000000000000000000, 87.85653379834427312 ) ) ;
#4500 = ORIENTED_EDGE ( 'NONE', *, *, #2744, .T. ) ;
#4501 = CARTESIAN_POINT ( 'NONE',  ( 0.04971041351910430312, -0.8674791867146101065, 87.42581471699126894 ) ) ;
#4502 = VERTEX_POINT ( 'NONE', #2736 ) ;
#4503 = ORIENTED_EDGE ( 'NONE', *, *, #1362, .F. ) ;
#4504 = EDGE_CURVE ( 'NONE', #5527, #5831, #371, .T. ) ;
#4505 = AXIS2_PLACEMENT_3D ( 'NONE', #3496, #642, #1193 ) ;
#4506 = DIRECTION ( 'NONE',  ( -0.3420201433255011803, 0.000000000000000000, 0.9396926207859693791 ) ) ;
#4507 =( NAMED_UNIT ( * ) SI_UNIT ( $, .STERADIAN. ) SOLID_ANGLE_UNIT ( ) );
#4508 = DIRECTION ( 'NONE',  ( 0.000000000000000000, 1.102122553512370368E-05, 0.9999999999392663597 ) ) ;
#4509 = VERTEX_POINT ( 'NONE', #716 ) ;
#4510 = PLANE ( 'NONE',  #1170 ) ;
#4511 = CARTESIAN_POINT ( 'NONE',  ( -1.376144636189584049E-14, -1.653000000000000025, 87.81999602396909665 ) ) ;
#4512 = CARTESIAN_POINT ( 'NONE',  ( 0.000000000000000000, -7.226852955913665544E-15, 84.36499602396600039 ) ) ;
#4513 = VERTEX_POINT ( 'NONE', #1163 ) ;
#4514 = VERTEX_POINT ( 'NONE', #5066 ) ;
#4515 = CARTESIAN_POINT ( 'NONE',  ( 1.399999999013537888, -0.4999685921227289276, 87.84999970429049654 ) ) ;
#4516 = LINE ( 'NONE', #5116, #1782 ) ;
#4517 = CARTESIAN_POINT ( 'NONE',  ( -1.387778780781445991E-14, -1.560000000000000053, 88.76999602396600153 ) ) ;
#4518 = DIRECTION ( 'NONE',  ( 0.000000000000000000, 1.000000000000000000, 0.000000000000000000 ) ) ;
#4519 = ORIENTED_EDGE ( 'NONE', *, *, #2963, .F. ) ;
#4520 = ORIENTED_EDGE ( 'NONE', *, *, #897, .F. ) ;
#4521 = EDGE_CURVE ( 'NONE', #5089, #3855, #3205, .T. ) ;
#4522 = LINE ( 'NONE', #4163, #744 ) ;
#4523 = CARTESIAN_POINT ( 'NONE',  ( 0.9098265390029482980, -0.9763535472996835995, 89.46517325095328488 ) ) ;
#4524 = LINE ( 'NONE', #2558, #1189 ) ;
#4525 = DIRECTION ( 'NONE',  ( 1.000000000000000000, 0.000000000000000000, 0.000000000000000000 ) ) ;
#4526 = ORIENTED_EDGE ( 'NONE', *, *, #3312, .T. ) ;
#4527 = CARTESIAN_POINT ( 'NONE',  ( 1.399999999999983924, 0.4500000000000060063, 87.81864577567449714 ) ) ;
#4528 = CARTESIAN_POINT ( 'NONE',  ( 0.7649950000000599326, 0.5000000000000000000, 84.96888634640301063 ) ) ;
#4529 = EDGE_CURVE ( 'NONE', #1838, #1308, #3516, .T. ) ;
#4530 = EDGE_LOOP ( 'NONE', ( #766, #4787, #5396, #147, #2133, #2828 ) ) ;
#4531 = ORIENTED_EDGE ( 'NONE', *, *, #5547, .T. ) ;
#4532 = VERTEX_POINT ( 'NONE', #300 ) ;
#4533 = VECTOR ( 'NONE', #4235, 1000.000000000000000 ) ;
#4534 = LINE ( 'NONE', #1977, #4477 ) ;
#4535 = VECTOR ( 'NONE', #4135, 1000.000000000000227 ) ;
#4536 = PRESENTATION_STYLE_ASSIGNMENT (( #2052 ) ) ;
#4537 = SURFACE_SIDE_STYLE ('',( #2597 ) ) ;
#4538 = ORIENTED_EDGE ( 'NONE', *, *, #5867, .F. ) ;
#4539 = FACE_OUTER_BOUND ( 'NONE', #3182, .T. ) ;
#4540 = VECTOR ( 'NONE', #4634, 1000.000000000000000 ) ;
#4541 = ORIENTED_EDGE ( 'NONE', *, *, #5232, .T. ) ;
#4542 = CONICAL_SURFACE ( 'NONE', #5664, 1.050000000000000044, 0.7853981633974446153 ) ;
#4543 = VERTEX_POINT ( 'NONE', #740 ) ;
#4544 = AXIS2_PLACEMENT_3D ( 'NONE', #3786, #3214, #2742 ) ;
#4545 = VECTOR ( 'NONE', #2572, 1000.000000000000000 ) ;
#4546 = CARTESIAN_POINT ( 'NONE',  ( -0.1499999999993174016, -0.9988301850824921058, 87.43338650731570283 ) ) ;
#4547 = DIRECTION ( 'NONE',  ( 0.000000000000000000, 0.000000000000000000, 1.000000000000000000 ) ) ;
#4548 = DIRECTION ( 'NONE',  ( -0.9021342605811650817, 0.000000000000000000, -0.4314554158724565602 ) ) ;
#4549 = ORIENTED_EDGE ( 'NONE', *, *, #4139, .T. ) ;
#4550 = EDGE_LOOP ( 'NONE', ( #3150, #5994, #5634, #439 ) ) ;
#4551 =( GEOMETRIC_REPRESENTATION_CONTEXT ( 3 ) GLOBAL_UNCERTAINTY_ASSIGNED_CONTEXT ( ( #1408 ) ) GLOBAL_UNIT_ASSIGNED_CONTEXT ( ( #2443, #4383, #4482 ) ) REPRESENTATION_CONTEXT ( 'NONE', 'WORKASPACE' ) );
#4552 = COLOUR_RGB ( '',0.000000000000000000, 0.000000000000000000, 0.000000000000000000 ) ;
#4553 = CARTESIAN_POINT ( 'NONE',  ( 0.9572342255287121793, -1.473328650873449774, 89.49586054252205258 ) ) ;
#4554 = DIRECTION ( 'NONE',  ( 0.000000000000000000, 1.000000000000000000, 0.000000000000000000 ) ) ;
#4555 = FACE_OUTER_BOUND ( 'NONE', #4550, .T. ) ;
#4556 = STYLED_ITEM ( 'NONE', ( #4536 ), #4291 ) ;
#4557 = EDGE_LOOP ( 'NONE', ( #3291, #521, #6243, #1902 ) ) ;
#4558 = VECTOR ( 'NONE', #5671, 1000.000000000000000 ) ;
#4559 = EDGE_CURVE ( 'NONE', #5747, #4015, #749, .T. ) ;
#4560 = DIRECTION ( 'NONE',  ( 0.000000000000000000, 1.000000000000000000, 0.000000000000000000 ) ) ;
#4561 = FACE_OUTER_BOUND ( 'NONE', #1079, .T. ) ;
#4562 = ORIENTED_EDGE ( 'NONE', *, *, #1376, .T. ) ;
#4563 = CARTESIAN_POINT ( 'NONE',  ( -1.387778780781445991E-14, 0.000000000000000000, 86.51999602396600153 ) ) ;
#4564 = EDGE_LOOP ( 'NONE', ( #2789, #835, #2054, #6288 ) ) ;
#4565 = DIRECTION ( 'NONE',  ( 0.000000000000000000, 0.000000000000000000, -1.000000000000000000 ) ) ;
#4566 = CARTESIAN_POINT ( 'NONE',  ( 0.1162843104538499595, 0.04086386032827259845, 87.63090067156971941 ) ) ;
#4567 = CARTESIAN_POINT ( 'NONE',  ( 1.195695800902881967, -1.416128856636640121, 89.28712623574179474 ) ) ;
#4568 = ORIENTED_EDGE ( 'NONE', *, *, #5815, .F. ) ;
#4569 = APPLICATION_PROTOCOL_DEFINITION ( 'draft international standard', 'automotive_design', 1998, #5517 ) ;
#4570 =( BOUNDED_SURFACE ( )  B_SPLINE_SURFACE ( 3, 3, ( 
 ( #2816, #3230, #4764, #2283 ),
 ( #5723, #1827, #3800, #5754 ),
 ( #1276, #3324, #2729, #5280 ),
 ( #2314, #5631, #5181, #3771 ) ),
 .UNSPECIFIED., .F., .F., .T. ) 
 B_SPLINE_SURFACE_WITH_KNOTS ( ( 4, 4 ),
 ( 4, 4 ),
 ( 0.000000000000000000, 1.000000000000000000 ),
 ( 0.000000000000000000, 1.000000000000000000 ),
 .UNSPECIFIED. ) 
 GEOMETRIC_REPRESENTATION_ITEM ( )  RATIONAL_B_SPLINE_SURFACE ( (
 ( 1.000000000000000000, 0.8047378541786521788, 0.8047378541786521788, 1.000000000000000000),
 ( 0.8047378541236780425, 0.6476030139038219113, 0.6476030139038219113, 0.8047378541236780425),
 ( 0.8047378541236780425, 0.6476030139038219113, 0.6476030139038219113, 0.8047378541236780425),
 ( 1.000000000000000000, 0.8047378541786521788, 0.8047378541786521788, 1.000000000000000000) ) ) 
 REPRESENTATION_ITEM ( '' )  SURFACE ( )  );
#4571 = EDGE_CURVE ( 'NONE', #6255, #3005, #3623, .T. ) ;
#4572 = LINE ( 'NONE', #3995, #2658 ) ;
#4573 = ORIENTED_EDGE ( 'NONE', *, *, #2428, .T. ) ;
#4574 = EDGE_CURVE ( 'NONE', #4502, #3610, #4103, .T. ) ;
#4575 = ORIENTED_EDGE ( 'NONE', *, *, #5418, .T. ) ;
#4576 = EDGE_CURVE ( 'NONE', #1158, #151, #3118, .T. ) ;
#4577 = EDGE_CURVE ( 'NONE', #1404, #2767, #5031, .T. ) ;
#4578 = LINE ( 'NONE', #3613, #3858 ) ;
#4579 = DIRECTION ( 'NONE',  ( 1.000000000000000000, 0.000000000000000000, 0.000000000000000000 ) ) ;
#4580 = EDGE_CURVE ( 'NONE', #4281, #3617, #3148, .T. ) ;
#4581 = DIRECTION ( 'NONE',  ( -0.000000000000000000, -0.000000000000000000, 1.000000000000000000 ) ) ;
#4582 = DIRECTION ( 'NONE',  ( -0.000000000000000000, -0.000000000000000000, 1.000000000000000000 ) ) ;
#4583 = VERTEX_POINT ( 'NONE', #4614 ) ;
#4584 = CONICAL_SURFACE ( 'NONE', #3965, 1.349479120980281888, 0.3141592652858753998 ) ;
#4585 = ORIENTED_EDGE ( 'NONE', *, *, #5165, .T. ) ;
#4586 = AXIS2_PLACEMENT_3D ( 'NONE', #6079, #730, #5057 ) ;
#4587 = PRODUCT_RELATED_PRODUCT_CATEGORY ( 'part', '', ( #5659 ) ) ;
#4588 = PLANE ( 'NONE',  #1884 ) ;
#4589 = CARTESIAN_POINT ( 'NONE',  ( 1.049248928479539211, -0.9293950616427795186, 89.22842408431142758 ) ) ;
#4590 = DIRECTION ( 'NONE',  ( -0.000000000000000000, 1.000000000000000000, -0.000000000000000000 ) ) ;
#4591 = DIRECTION ( 'NONE',  ( 0.000000000000000000, 0.000000000000000000, 1.000000000000000000 ) ) ;
#4592 = ORIENTED_EDGE ( 'NONE', *, *, #3172, .T. ) ;
#4593 = CONICAL_SURFACE ( 'NONE', #5807, 1.345000000023896636, 0.3490658506378628845 ) ;
#4594 = DIRECTION ( 'NONE',  ( 0.000000000000000000, 1.000000000000000000, 0.000000000000000000 ) ) ;
#4595 = ORIENTED_EDGE ( 'NONE', *, *, #4266, .F. ) ;
#4596 = LINE ( 'NONE', #2273, #5976 ) ;
#4597 = CARTESIAN_POINT ( 'NONE',  ( -1.387778780781445991E-14, -0.8600000000000160849, 104.2628561271959882 ) ) ;
#4598 = CARTESIAN_POINT ( 'NONE',  ( 0.009055176339260605570, 0.1222485923152539372, 87.62502300213277806 ) ) ;
#4599 = CARTESIAN_POINT ( 'NONE',  ( 1.449999999998979883, 0.4500000000000060063, 87.92975050800809811 ) ) ;
#4600 = ORIENTED_EDGE ( 'NONE', *, *, #1173, .T. ) ;
#4601 = DIRECTION ( 'NONE',  ( 0.9658987175667733682, 0.000000000000000000, -0.2589201950463934088 ) ) ;
#4602 = ORIENTED_EDGE ( 'NONE', *, *, #4991, .T. ) ;
#4603 = ORIENTED_EDGE ( 'NONE', *, *, #2240, .F. ) ;
#4604 = CIRCLE ( 'NONE', #1854, 0.04999999999999449329 ) ;
#4605 = LINE ( 'NONE', #2217, #5193 ) ;
#4606 = DIRECTION ( 'NONE',  ( 0.000000000000000000, 1.000000000000000000, 0.000000000000000000 ) ) ;
#4607 = DIRECTION ( 'NONE',  ( 0.000000000000000000, 0.000000000000000000, -1.000000000000000000 ) ) ;
#4608 = DIRECTION ( 'NONE',  ( -1.000000000000000000, 0.000000000000000000, 0.000000000000000000 ) ) ;
#4609 = DIRECTION ( 'NONE',  ( 0.000000000000000000, 0.000000000000000000, -1.000000000000000000 ) ) ;
#4610 = ORIENTED_EDGE ( 'NONE', *, *, #4968, .T. ) ;
#4611 = EDGE_CURVE ( 'NONE', #3597, #4033, #2651, .T. ) ;
#4612 = VERTEX_POINT ( 'NONE', #2168 ) ;
#4613 = DIRECTION ( 'NONE',  ( 0.000000000000000000, 1.000000000000000000, 0.000000000000000000 ) ) ;
#4614 = CARTESIAN_POINT ( 'NONE',  ( 1.499999999999988010, 0.09999999999998900047, 87.96999602396599016 ) ) ;
#4615 = CARTESIAN_POINT ( 'NONE',  ( -0.9276280945357936458, -0.9153444894310720503, 89.44131895760402529 ) ) ;
#4616 = ORIENTED_EDGE ( 'NONE', *, *, #4207, .F. ) ;
#4617 = LINE ( 'NONE', #4170, #2953 ) ;
#4618 = FACE_OUTER_BOUND ( 'NONE', #5499, .T. ) ;
#4619 = ORIENTED_EDGE ( 'NONE', *, *, #2241, .T. ) ;
#4620 = LINE ( 'NONE', #659, #1025 ) ;
#4621 = B_SPLINE_CURVE_WITH_KNOTS ( 'NONE', 3,
 ( #281, #3160, #727, #4567 ),
 .UNSPECIFIED., .F., .F.,
 ( 4, 4 ),
 ( 5.652552259693913148E-17, 0.0001236757380502194210 ),
 .UNSPECIFIED. ) ;
#4622 =( GEOMETRIC_REPRESENTATION_CONTEXT ( 3 ) GLOBAL_UNCERTAINTY_ASSIGNED_CONTEXT ( ( #4425 ) ) GLOBAL_UNIT_ASSIGNED_CONTEXT ( ( #1164, #6058, #3021 ) ) REPRESENTATION_CONTEXT ( 'NONE', 'WORKASPACE' ) );
#4623 = DIRECTION ( 'NONE',  ( 0.3420201433256991330, 0.000000000000000000, -0.9396926207858973257 ) ) ;
#4624 = CARTESIAN_POINT ( 'NONE',  ( 0.1194491970127885966, -0.02716871975261269875, 87.63124368507361339 ) ) ;
#4625 = LINE ( 'NONE', #5136, #1871 ) ;
#4626 = EDGE_LOOP ( 'NONE', ( #4673, #1009, #5420, #5543 ) ) ;
#4627 = FILL_AREA_STYLE ('',( #786 ) ) ;
#4628 = PRESENTATION_LAYER_ASSIGNMENT (  '', '', ( #1159 ) ) ;
#4629 = ORIENTED_EDGE ( 'NONE', *, *, #5274, .T. ) ;
#4630 = CIRCLE ( 'NONE', #6279, 0.5500000000000000444 ) ;
#4631 = B_SPLINE_CURVE_WITH_KNOTS ( 'NONE', 3,
 ( #3980, #2035, #4047, #2483 ),
 .UNSPECIFIED., .F., .F.,
 ( 4, 4 ),
 ( 2.726458278980431089E-14, 0.0001236757380772915155 ),
 .UNSPECIFIED. ) ;
#4632 = CARTESIAN_POINT ( 'NONE',  ( 0.5269999999991530348, 0.5000000000000000000, 90.01231840488159719 ) ) ;
#4633 = CARTESIAN_POINT ( 'NONE',  ( -0.08030049262893003414, -0.8822078368151788919, 87.42733130323047419 ) ) ;
#4634 = DIRECTION ( 'NONE',  ( 0.000000000000000000, 0.000000000000000000, -1.000000000000000000 ) ) ;
#4635 = UNCERTAINTY_MEASURE_WITH_UNIT (LENGTH_MEASURE( 1.000000000000000082E-05 ), #5607, 'distance_accuracy_value', 'NONE');
#4636 = DIRECTION ( 'NONE',  ( 0.000000000000000000, 1.000000000000000000, 0.000000000000000000 ) ) ;
#4637 = SURFACE_STYLE_FILL_AREA ( #3173 ) ;
#4638 = ORIENTED_EDGE ( 'NONE', *, *, #5622, .T. ) ;
#4639 = CIRCLE ( 'NONE', #3112, 0.04999999999999996808 ) ;
#4640 = AXIS2_PLACEMENT_3D ( 'NONE', #4485, #5820, #2094 ) ;
#4641 = ORIENTED_EDGE ( 'NONE', *, *, #5714, .F. ) ;
#4642 = AXIS2_PLACEMENT_3D ( 'NONE', #1520, #3470, #3502 ) ;
#4643 = EDGE_CURVE ( 'NONE', #4197, #836, #6238, .T. ) ;
#4644 = AXIS2_PLACEMENT_3D ( 'NONE', #2716, #1144, #6097 ) ;
#4645 = CYLINDRICAL_SURFACE ( 'NONE', #4325, 0.04999999999999400063 ) ;
#4646 = DIRECTION ( 'NONE',  ( 0.000000000000000000, 0.000000000000000000, 1.000000000000000000 ) ) ;
#4647 = CARTESIAN_POINT ( 'NONE',  ( 0.04986423186998228951, -0.8675309747759134549, 87.62596431741251024 ) ) ;
#4648 = CARTESIAN_POINT ( 'NONE',  ( -1.387778780781445991E-14, -1.300000000000000044, 88.76999602396600153 ) ) ;
#4649 = ORIENTED_EDGE ( 'NONE', *, *, #235, .F. ) ;
#4650 = EDGE_LOOP ( 'NONE', ( #2687, #5530, #1860, #4603 ) ) ;
#4651 = ADVANCED_FACE ( 'NONE', ( #5609 ), #1769, .T. ) ;
#4652 = AXIS2_PLACEMENT_3D ( 'NONE', #3384, #350, #854 ) ;
#4653 = CIRCLE ( 'NONE', #4753, 0.4000000000000000777 ) ;
#4654 = DIRECTION ( 'NONE',  ( 0.000000000000000000, 0.000000000000000000, -1.000000000000000000 ) ) ;
#4655 = DIRECTION ( 'NONE',  ( 0.000000000000000000, -1.000000000000000000, 0.000000000000000000 ) ) ;
#4656 = EDGE_LOOP ( 'NONE', ( #6063, #5653, #4877, #4324 ) ) ;
#4657 = CARTESIAN_POINT ( 'NONE',  ( 0.1499999999992896182, -1.009999999999316111, 104.2628561271959882 ) ) ;
#4658 = ADVANCED_FACE ( 'NONE', ( #4555 ), #234, .T. ) ;
#4659 = VECTOR ( 'NONE', #2045, 1000.000000000000000 ) ;
#4660 = LINE ( 'NONE', #1146, #1722 ) ;
#4661 = CARTESIAN_POINT ( 'NONE',  ( -1.387778780781445991E-14, 0.000000000000000000, 87.81999602396899718 ) ) ;
#4662 = DIRECTION ( 'NONE',  ( -0.4357831908167431045, 0.000000000000000000, -0.9000516710731546466 ) ) ;
#4663 = ORIENTED_EDGE ( 'NONE', *, *, #243, .T. ) ;
#4664 = SURFACE_STYLE_FILL_AREA ( #4627 ) ;
#4665 = EDGE_LOOP ( 'NONE', ( #1739, #4980, #4010, #2095 ) ) ;
#4666 = DIRECTION ( 'NONE',  ( 2.664535259100378064E-15, 0.000000000000000000, 1.000000000000000000 ) ) ;
#4667 = CARTESIAN_POINT ( 'NONE',  ( 1.360980698517501697, 0.5000000000000061062, 86.92085192397334481 ) ) ;
#4668 = ORIENTED_EDGE ( 'NONE', *, *, #1173, .F. ) ;
#4669 = CARTESIAN_POINT ( 'NONE',  ( 0.7965599999555369459, 0.4887769361553159220, 85.53343102400589260 ) ) ;
#4670 = LINE ( 'NONE', #4703, #1745 ) ;
#4671 = CARTESIAN_POINT ( 'NONE',  ( -0.1499999999993450184, -1.653000000000000025, 87.43338650731570283 ) ) ;
#4672 = VERTEX_POINT ( 'NONE', #1928 ) ;
#4673 = ORIENTED_EDGE ( 'NONE', *, *, #1987, .T. ) ;
#4674 = VECTOR ( 'NONE', #183, 1000.000000000000000 ) ;
#4675 = CARTESIAN_POINT ( 'NONE',  ( 1.471789159540854097, 0.2999999999999944933, 87.88474792445130390 ) ) ;
#4676 = CARTESIAN_POINT ( 'NONE',  ( 1.084264590130306072, -0.9763088208505754650, 89.56587670223045450 ) ) ;
#4677 = DIRECTION ( 'NONE',  ( 0.2696648779639171378, 0.000000000000000000, 0.9629542323458086805 ) ) ;
#4678 = CARTESIAN_POINT ( 'NONE',  ( 0.1070781386324979739, -0.9036271112214970813, 87.62996576983175601 ) ) ;
#4679 = CARTESIAN_POINT ( 'NONE',  ( -1.500000000000000000, 0.2999999999999944933, 87.89840692922399512 ) ) ;
#4680 = ORIENTED_EDGE ( 'NONE', *, *, #2309, .T. ) ;
#4681 = ORIENTED_EDGE ( 'NONE', *, *, #3200, .F. ) ;
#4682 = VECTOR ( 'NONE', #5363, 1000.000000000000000 ) ;
#4683 = CARTESIAN_POINT ( 'NONE',  ( 0.1224364448943780631, -0.01422249504361813160, 88.03005075773207011 ) ) ;
#4684 = EDGE_CURVE ( 'NONE', #1047, #1253, #1261, .T. ) ;
#4685 = FACE_OUTER_BOUND ( 'NONE', #2164, .T. ) ;
#4686 = DIRECTION ( 'NONE',  ( 0.000000000000000000, 1.000000000000000000, 0.000000000000000000 ) ) ;
#4687 = ORIENTED_EDGE ( 'NONE', *, *, #4223, .F. ) ;
#4688 = DIRECTION ( 'NONE',  ( 0.000000000000000000, 0.000000000000000000, 1.000000000000000000 ) ) ;
#4689 = AXIS2_PLACEMENT_3D ( 'NONE', #6006, #1630, #3249 ) ;
#4690 = EDGE_CURVE ( 'NONE', #3498, #4215, #3105, .T. ) ;
#4691 = EDGE_CURVE ( 'NONE', #2294, #836, #4803, .T. ) ;
#4692 = EDGE_CURVE ( 'NONE', #4131, #779, #551, .T. ) ;
#4693 = AXIS2_PLACEMENT_3D ( 'NONE', #4780, #5710, #5196 ) ;
#4694 = LINE ( 'NONE', #310, #2250 ) ;
#4695 = CARTESIAN_POINT ( 'NONE',  ( -1.202708087312069907, -0.8830667002820700162, 89.37209091409060591 ) ) ;
#4696 = FILL_AREA_STYLE_COLOUR ( '', #3092 ) ;
#4697 = ORIENTED_EDGE ( 'NONE', *, *, #6201, .T. ) ;
#4698 = EDGE_CURVE ( 'NONE', #856, #779, #2852, .T. ) ;
#4699 = LINE ( 'NONE', #3697, #2943 ) ;
#4700 = CARTESIAN_POINT ( 'NONE',  ( -1.449999999999999956, -4.245416000000000523, 87.81864577567199603 ) ) ;
#4701 = ORIENTED_EDGE ( 'NONE', *, *, #973, .T. ) ;
#4702 = DIRECTION ( 'NONE',  ( 0.000000000000000000, 0.000000000000000000, -1.000000000000000000 ) ) ;
#4703 = CARTESIAN_POINT ( 'NONE',  ( -0.1802775637732149938, 0.2999999999999944933, 88.76999602396600153 ) ) ;
#4704 = PLANE ( 'NONE',  #1784 ) ;
#4705 = ORIENTED_EDGE ( 'NONE', *, *, #4888, .F. ) ;
#4706 = VECTOR ( 'NONE', #6313, 1000.000000000000000 ) ;
#4707 = DIRECTION ( 'NONE',  ( -0.000000000000000000, -1.000000000000000000, -0.000000000000000000 ) ) ;
#4708 = CARTESIAN_POINT ( 'NONE',  ( 1.231409662868373500, -0.9766188054303648336, 89.31097548549414000 ) ) ;
#4709 = CARTESIAN_POINT ( 'NONE',  ( 1.399999999999983924, 0.2999999999999944933, 86.88953935445299237 ) ) ;
#4710 =( NAMED_UNIT ( * ) PLANE_ANGLE_UNIT ( ) SI_UNIT ( $, .RADIAN. ) );
#4711 = FACE_OUTER_BOUND ( 'NONE', #5463, .T. ) ;
#4712 = EDGE_LOOP ( 'NONE', ( #4929, #3902, #2331, #168, #2260 ) ) ;
#4713 = ORIENTED_EDGE ( 'NONE', *, *, #781, .F. ) ;
#4714 = CARTESIAN_POINT ( 'NONE',  ( 0.09690985090575941763, 0.07614814286765753115, 88.02622190397451618 ) ) ;
#4715 = LINE ( 'NONE', #2297, #4533 ) ;
#4716 = FILL_AREA_STYLE_COLOUR ( '', #5290 ) ;
#4717 = ORIENTED_EDGE ( 'NONE', *, *, #3793, .F. ) ;
#4718 = FILL_AREA_STYLE ('',( #1353 ) ) ;
#4719 = ADVANCED_FACE ( 'NONE', ( #2825 ), #1997, .T. ) ;
#4720 = CARTESIAN_POINT ( 'NONE',  ( -0.8149950000000127925, 0.4500000000000060063, 86.24044602396958226 ) ) ;
#4721 = DIRECTION ( 'NONE',  ( -0.000000000000000000, -0.000000000000000000, 1.000000000000000000 ) ) ;
#4722 = EDGE_LOOP ( 'NONE', ( #3910, #253, #4097, #4562, #3794 ) ) ;
#4723 =( LENGTH_UNIT ( ) NAMED_UNIT ( * ) SI_UNIT ( .MILLI., .METRE. ) );
#4724 = CARTESIAN_POINT ( 'NONE',  ( -1.500000000000000000, 0.2999999999999944933, 87.96999602396599016 ) ) ;
#4725 = AXIS2_PLACEMENT_3D ( 'NONE', #460, #2419, #4489 ) ;
#4726 = FACE_OUTER_BOUND ( 'NONE', #3208, .T. ) ;
#4727 = CARTESIAN_POINT ( 'NONE',  ( -0.03364786480309485406, -0.8628723537779174890, 87.62538178157760171 ) ) ;
#4728 = VERTEX_POINT ( 'NONE', #4288 ) ;
#4729 = DIRECTION ( 'NONE',  ( 0.000000000000000000, 0.000000000000000000, -1.000000000000000000 ) ) ;
#4730 = ORIENTED_EDGE ( 'NONE', *, *, #3827, .T. ) ;
#4731 = COLOUR_RGB ( '',0.000000000000000000, 0.000000000000000000, 0.000000000000000000 ) ;
#4732 = EDGE_CURVE ( 'NONE', #2417, #4302, #1382, .T. ) ;
#4733 = VECTOR ( 'NONE', #1503, 1000.000000000000000 ) ;
#4734 = CARTESIAN_POINT ( 'NONE',  ( -0.5649950000000130146, -0.2500000000000000000, 85.01499602396599187 ) ) ;
#4735 = CARTESIAN_POINT ( 'NONE',  ( 1.165025026083740478, -0.8590663136369732777, 89.44231975788395061 ) ) ;
#4736 = DIRECTION ( 'NONE',  ( -0.9659258262890693114, 0.000000000000000000, -0.2588190451025170757 ) ) ;
#4737 = AXIS2_PLACEMENT_3D ( 'NONE', #5993, #4609, #6116 ) ;
#4738 = CARTESIAN_POINT ( 'NONE',  ( -0.6958493219725992995, 0.5000000000000791589, 85.49399097341074594 ) ) ;
#4739 = DIRECTION ( 'NONE',  ( 0.000000000000000000, 0.000000000000000000, -1.000000000000000000 ) ) ;
#4740 = ORIENTED_EDGE ( 'NONE', *, *, #3282, .T. ) ;
#4741 = AXIS2_PLACEMENT_3D ( 'NONE', #5651, #5592, #4662 ) ;
#4742 = ORIENTED_EDGE ( 'NONE', *, *, #1048, .F. ) ;
#4743 =( GEOMETRIC_REPRESENTATION_CONTEXT ( 3 ) GLOBAL_UNCERTAINTY_ASSIGNED_CONTEXT ( ( #4187 ) ) GLOBAL_UNIT_ASSIGNED_CONTEXT ( ( #163, #2118, #4473 ) ) REPRESENTATION_CONTEXT ( 'NONE', 'WORKASPACE' ) );
#4744 = AXIS2_PLACEMENT_3D ( 'NONE', #28, #447, #4405 ) ;
#4745 = CARTESIAN_POINT ( 'NONE',  ( 0.1193648212427649985, -0.02753705593705469898, 88.02955558784370282 ) ) ;
#4746 = DIRECTION ( 'NONE',  ( -0.000000000000000000, -0.000000000000000000, 1.000000000000000000 ) ) ;
#4747 = AXIS2_PLACEMENT_3D ( 'NONE', #2196, #4646, #3147 ) ;
#4748 = DIRECTION ( 'NONE',  ( -1.000000000000000000, 0.000000000000000000, 0.000000000000000000 ) ) ;
#4749 = CARTESIAN_POINT ( 'NONE',  ( 0.7649949999990045546, 0.5000000000000059952, 86.48599465859641100 ) ) ;
#4750 = EDGE_LOOP ( 'NONE', ( #5897, #2028, #135, #4455, #728, #1754, #3603, #6117 ) ) ;
#4751 = CARTESIAN_POINT ( 'NONE',  ( -1.387778780781445991E-14, -1.559999999886320099, 88.76999602396600153 ) ) ;
#4752 = VECTOR ( 'NONE', #3798, 1000.000000000000000 ) ;
#4753 = AXIS2_PLACEMENT_3D ( 'NONE', #3967, #3010, #5920 ) ;
#4754 = CARTESIAN_POINT ( 'NONE',  ( -0.8149950000000127925, 0.4792893218814111567, 86.24044602396961068 ) ) ;
#4755 = B_SPLINE_CURVE_WITH_KNOTS ( 'NONE', 3,
 ( #4872, #2588, #1043, #4528 ),
 .UNSPECIFIED., .F., .F.,
 ( 4, 4 ),
 ( 0.000000000000000000, 1.000000000000000000 ),
 .UNSPECIFIED. ) ;
#4756 = DIRECTION ( 'NONE',  ( 0.000000000000000000, 0.000000000000000000, -1.000000000000000000 ) ) ;
#4757 = ORIENTED_EDGE ( 'NONE', *, *, #2194, .F. ) ;
#4758 =( GEOMETRIC_REPRESENTATION_CONTEXT ( 3 ) GLOBAL_UNCERTAINTY_ASSIGNED_CONTEXT ( ( #2873 ) ) GLOBAL_UNIT_ASSIGNED_CONTEXT ( ( #1119, #3098, #4507 ) ) REPRESENTATION_CONTEXT ( 'NONE', 'WORKASPACE' ) );
#4759 = EDGE_CURVE ( 'NONE', #3347, #3404, #3612, .T. ) ;
#4760 = DIRECTION ( 'NONE',  ( 0.000000000000000000, 1.000000000000000000, 0.000000000000000000 ) ) ;
#4761 = CARTESIAN_POINT ( 'NONE',  ( -0.1063760802703124508, -0.9029251497639246837, 87.62987207392393429 ) ) ;
#4762 =( LENGTH_UNIT ( ) NAMED_UNIT ( * ) SI_UNIT ( .MILLI., .METRE. ) );
#4763 = ORIENTED_EDGE ( 'NONE', *, *, #1091, .T. ) ;
#4764 = CARTESIAN_POINT ( 'NONE',  ( 0.7496970849799277081, 0.4500000000000060063, 85.51499602395522004 ) ) ;
#4765 = LINE ( 'NONE', #3801, #4706 ) ;
#4766 = CARTESIAN_POINT ( 'NONE',  ( -0.7965600000000160330, 0.4500000000000060063, 85.09499602396600437 ) ) ;
#4767 = ADVANCED_FACE ( 'NONE', ( #3778 ), #5254, .T. ) ;
#4768 = ADVANCED_FACE ( 'NONE', ( #3806 ), #6169, .F. ) ;
#4769 = EDGE_CURVE ( 'NONE', #4068, #2946, #848, .T. ) ;
#4770 = ADVANCED_FACE ( 'NONE', ( #994 ), #106, .T. ) ;
#4771 = EDGE_CURVE ( 'NONE', #4033, #3788, #2700, .T. ) ;
#4772 = DIRECTION ( 'NONE',  ( 0.9659258262890693114, 1.182917971378671074E-16, -0.2588190451025170757 ) ) ;
#4773 = FILL_AREA_STYLE_COLOUR ( '', #1072 ) ;
#4774 = CARTESIAN_POINT ( 'NONE',  ( -0.6958493218812975556, 0.5000000000000791589, 85.43499602412185823 ) ) ;
#4775 = DIRECTION ( 'NONE',  ( 0.000000000000000000, 0.000000000000000000, -1.000000000000000000 ) ) ;
#4776 = EDGE_LOOP ( 'NONE', ( #1870, #6236, #5453, #3478, #230 ) ) ;
#4777 = ORIENTED_EDGE ( 'NONE', *, *, #1322, .T. ) ;
#4778 = AXIS2_PLACEMENT_3D ( 'NONE', #5169, #5586, #2745 ) ;
#4779 = CARTESIAN_POINT ( 'NONE',  ( 0.3354101966249745104, 0.2999999999999944933, 86.51999602396600153 ) ) ;
#4780 = CARTESIAN_POINT ( 'NONE',  ( -1.249990000000020141, 0.2999999999999944933, 87.84999999999999432 ) ) ;
#4781 = SURFACE_STYLE_FILL_AREA ( #1472 ) ;
#4782 = VERTEX_POINT ( 'NONE', #4 ) ;
#4783 = CARTESIAN_POINT ( 'NONE',  ( 0.5269999999999860352, 0.2999999999999944933, 90.10775836525598947 ) ) ;
#4784 = DIRECTION ( 'NONE',  ( -0.000000000000000000, -1.000000000000000000, -0.000000000000000000 ) ) ;
#4785 = CIRCLE ( 'NONE', #1215, 0.6982361909794951860 ) ;
#4786 =( LENGTH_UNIT ( ) NAMED_UNIT ( * ) SI_UNIT ( .MILLI., .METRE. ) );
#4787 = ORIENTED_EDGE ( 'NONE', *, *, #4208, .F. ) ;
#4788 = ORIENTED_EDGE ( 'NONE', *, *, #2886, .F. ) ;
#4789 = AXIS2_PLACEMENT_3D ( 'NONE', #4204, #3728, #6202 ) ;
#4790 = EDGE_CURVE ( 'NONE', #2931, #5951, #4896, .T. ) ;
#4791 = CARTESIAN_POINT ( 'NONE',  ( -0.8149950000000130146, 0.2999999999999944933, 86.24044602396350001 ) ) ;
#4792 = CARTESIAN_POINT ( 'NONE',  ( 0.9080532793207950482, -1.009999999999316111, 89.46746590999320858 ) ) ;
#4793 = DIRECTION ( 'NONE',  ( 0.000000000000000000, -1.000000000000000000, 0.000000000000000000 ) ) ;
#4794 = CARTESIAN_POINT ( 'NONE',  ( 0.6665599999999829439, 0.4500000000000060063, 85.43499602415199945 ) ) ;
#4795 = EDGE_LOOP ( 'NONE', ( #2772, #1020, #578, #5126 ) ) ;
#4796 = CARTESIAN_POINT ( 'NONE',  ( 1.365099999999979996, 0.2999999999999944933, 89.36999602396599585 ) ) ;
#4797 = CARTESIAN_POINT ( 'NONE',  ( 0.8149949999999850370, 0.4500000000000060063, 85.01499602396599187 ) ) ;
#4798 = DIRECTION ( 'NONE',  ( -0.000000000000000000, -0.000000000000000000, 1.000000000000000000 ) ) ;
#4799 = EDGE_CURVE ( 'NONE', #5069, #2982, #517, .T. ) ;
#4800 = CARTESIAN_POINT ( 'NONE',  ( -1.387778780781445991E-14, -1.653000000000000025, 88.76999602396600153 ) ) ;
#4801 = DIRECTION ( 'NONE',  ( -0.9021342605845509288, 0.000000000000000000, 0.4314554158653770011 ) ) ;
#4802 = CARTESIAN_POINT ( 'NONE',  ( 0.7649949999999909878, 0.4500000000000060063, 86.24044602396699588 ) ) ;
#4803 = LINE ( 'NONE', #4228, #2096 ) ;
#4804 = CARTESIAN_POINT ( 'NONE',  ( 1.365099999999979996, 0.09999999999998900047, 87.96999602396599016 ) ) ;
#4805 = ORIENTED_EDGE ( 'NONE', *, *, #5628, .F. ) ;
#4806 = VERTEX_POINT ( 'NONE', #5375 ) ;
#4807 = EDGE_CURVE ( 'NONE', #2251, #5597, #2197, .T. ) ;
#4808 = TOROIDAL_SURFACE ( 'NONE', #1140, 1.499999999999999556, 0.2000000000000000111 ) ;
#4809 = CARTESIAN_POINT ( 'NONE',  ( -1.499999999999999778, 0.4500000000000060063, 87.92975050800500014 ) ) ;
#4810 = DIRECTION ( 'NONE',  ( -0.000000000000000000, -1.000000000000000000, -0.000000000000000000 ) ) ;
#4811 = CYLINDRICAL_SURFACE ( 'NONE', #6334, 0.04999999999999996808 ) ;
#4812 = CARTESIAN_POINT ( 'NONE',  ( 0.6665600000924342128, 0.5000000000000000000, 85.49501351256941462 ) ) ;
#4813 = DIRECTION ( 'NONE',  ( 1.224646799147353207E-16, 1.000000000000000000, 0.000000000000000000 ) ) ;
#4814 = CARTESIAN_POINT ( 'NONE',  ( 1.499999999999999778, 1.836970198721029688E-16, 53.71153062637019815 ) ) ;
#4815 = DIRECTION ( 'NONE',  ( 0.000000000000000000, 1.000000000000000000, 0.000000000000000000 ) ) ;
#4816 = ORIENTED_EDGE ( 'NONE', *, *, #1176, .T. ) ;
#4817 = ORIENTED_EDGE ( 'NONE', *, *, #4375, .F. ) ;
#4818 = LINE ( 'NONE', #4277, #1627 ) ;
#4819 = CARTESIAN_POINT ( 'NONE',  ( -0.9080532793127730207, -1.299999999985895993, 89.46746590998961324 ) ) ;
#4820 = FACE_OUTER_BOUND ( 'NONE', #6153, .T. ) ;
#4821 = CARTESIAN_POINT ( 'NONE',  ( -0.9818406489442599305, 0.5000000000000000000, 86.67822096413136990 ) ) ;
#4822 = DIRECTION ( 'NONE',  ( -0.000000000000000000, -0.000000000000000000, 1.000000000000000000 ) ) ;
#4823 = CARTESIAN_POINT ( 'NONE',  ( 1.419185475055817713, 0.5000000000000126565, 87.88228903967116423 ) ) ;
#4824 = FACE_OUTER_BOUND ( 'NONE', #5377, .T. ) ;
#4825 = CARTESIAN_POINT ( 'NONE',  ( -1.350000000000018074, 0.5000000000000000000, 86.90669664197899635 ) ) ;
#4826 = PLANE ( 'NONE',  #1791 ) ;
#4827 = FILL_AREA_STYLE ('',( #5311 ) ) ;
#4828 = DIRECTION ( 'NONE',  ( -0.9000516710731800707, -0.000000000000000000, -0.4357831908166904800 ) ) ;
#4829 = ORIENTED_EDGE ( 'NONE', *, *, #3627, .F. ) ;
#4830 = AXIS2_PLACEMENT_3D ( 'NONE', #2698, #206, #4071 ) ;
#4831 = ORIENTED_EDGE ( 'NONE', *, *, #4498, .F. ) ;
#4832 = VECTOR ( 'NONE', #2701, 1000.000000000000000 ) ;
#4833 = FACE_OUTER_BOUND ( 'NONE', #1702, .T. ) ;
#4834 = CARTESIAN_POINT ( 'NONE',  ( 0.7165599999999909819, 0.4500000000000060063, 85.09499602379339933 ) ) ;
#4835 = FACE_OUTER_BOUND ( 'NONE', #470, .T. ) ;
#4836 = CARTESIAN_POINT ( 'NONE',  ( 1.149999999999983924, -0.7500000000000000000, 87.80217870674219682 ) ) ;
#4837 = PRESENTATION_STYLE_ASSIGNMENT (( #913 ) ) ;
#4838 = VECTOR ( 'NONE', #6282, 1000.000000000000000 ) ;
#4839 = EDGE_CURVE ( 'NONE', #4197, #5939, #247, .T. ) ;
#4840 = EDGE_CURVE ( 'NONE', #302, #5779, #4630, .T. ) ;
#4841 = PRODUCT_DEFINITION_SHAPE ( 'NONE', 'NONE',  #2862 ) ;
#4842 = TOROIDAL_SURFACE ( 'NONE', #4240, 1.499999999999999778, 0.2000000000000000111 ) ;
#4843 = ADVANCED_FACE ( 'NONE', ( #5475 ), #4453, .F. ) ;
#4844 = CARTESIAN_POINT ( 'NONE',  ( -1.400000000000011902, 0.2999999999999944933, 87.84999970428999916 ) ) ;
#4845 = VECTOR ( 'NONE', #3851, 1000.000000000000000 ) ;
#4846 = VERTEX_POINT ( 'NONE', #2551 ) ;
#4847 = PRESENTATION_LAYER_ASSIGNMENT (  '', '', ( #1896 ) ) ;
#4848 = ORIENTED_EDGE ( 'NONE', *, *, #2780, .F. ) ;
#4849 = ORIENTED_EDGE ( 'NONE', *, *, #392, .T. ) ;
#4850 = PLANE ( 'NONE',  #1517 ) ;
#4851 = CARTESIAN_POINT ( 'NONE',  ( -0.09690985090578194128, -0.07614814286766288798, 88.02622190397451618 ) ) ;
#4852 = CARTESIAN_POINT ( 'NONE',  ( -1.450000000000019940, 0.5000000000000000000, 87.92975050800500014 ) ) ;
#4853 = CARTESIAN_POINT ( 'NONE',  ( 0.8149949999999850370, 0.2999999999999944933, 86.24044602396399739 ) ) ;
#4854 = CARTESIAN_POINT ( 'NONE',  ( -0.7736638160421658306, 0.4999999999999998890, 86.35558193176220243 ) ) ;
#4855 = AXIS2_PLACEMENT_3D ( 'NONE', #3586, #1191, #2187 ) ;
#4856 = FACE_OUTER_BOUND ( 'NONE', #5938, .T. ) ;
#4857 = AXIS2_PLACEMENT_3D ( 'NONE', #2446, #2916, #5764 ) ;
#4858 = CARTESIAN_POINT ( 'NONE',  ( -1.082650871105929946, -1.386661630810149148, 89.22185971509684066 ) ) ;
#4859 = LINE ( 'NONE', #479, #148 ) ;
#4860 = DIRECTION ( 'NONE',  ( 0.000000000000000000, 0.000000000000000000, -1.000000000000000000 ) ) ;
#4861 = DIRECTION ( 'NONE',  ( 1.000000000000000000, 0.000000000000000000, 0.000000000000000000 ) ) ;
#4862 = CARTESIAN_POINT ( 'NONE',  ( 0.8149949999999850370, 0.2999999999999944933, 84.51499602396599187 ) ) ;
#4863 = ORIENTED_EDGE ( 'NONE', *, *, #1175, .F. ) ;
#4864 = ORIENTED_EDGE ( 'NONE', *, *, #1167, .T. ) ;
#4865 = DIRECTION ( 'NONE',  ( 0.000000000000000000, 0.000000000000000000, 1.000000000000000000 ) ) ;
#4866 = CARTESIAN_POINT ( 'NONE',  ( -1.387778780781445991E-14, -0.5500000000000000444, 88.76999602396600153 ) ) ;
#4867 = SURFACE_STYLE_USAGE ( .BOTH. , #967 ) ;
#4868 = DIRECTION ( 'NONE',  ( -0.000000000000000000, -1.000000000000000000, -0.000000000000000000 ) ) ;
#4869 = ORIENTED_EDGE ( 'NONE', *, *, #1098, .F. ) ;
#4870 = EDGE_CURVE ( 'NONE', #1372, #917, #1584, .T. ) ;
#4871 = CYLINDRICAL_SURFACE ( 'NONE', #99, 1.050000000000000044 ) ;
#4872 = CARTESIAN_POINT ( 'NONE',  ( 0.6665600000031609573, 0.5000000000000000000, 85.09499602360601500 ) ) ;
#4873 = EDGE_CURVE ( 'NONE', #4728, #3498, #3525, .T. ) ;
#4874 = EDGE_CURVE ( 'NONE', #5551, #696, #6284, .T. ) ;
#4875 = CARTESIAN_POINT ( 'NONE',  ( -1.387778780781445991E-14, -0.8600000000000160849, 87.42499602396600267 ) ) ;
#4876 = VECTOR ( 'NONE', #946, 1000.000000000000000 ) ;
#4877 = ORIENTED_EDGE ( 'NONE', *, *, #3983, .T. ) ;
#4878 = EDGE_CURVE ( 'NONE', #1280, #2752, #1474, .T. ) ;
#4879 = VERTEX_POINT ( 'NONE', #3394 ) ;
#4880 = AXIS2_PLACEMENT_3D ( 'NONE', #5948, #2152, #1504 ) ;
#4881 = LINE ( 'NONE', #4984, #1116 ) ;
#4882 = EDGE_CURVE ( 'NONE', #935, #220, #75, .T. ) ;
#4883 = LINE ( 'NONE', #23, #5579 ) ;
#4884 = SURFACE_SIDE_STYLE ('',( #2464 ) ) ;
#4885 = CYLINDRICAL_SURFACE ( 'NONE', #5214, 0.4500000000000000111 ) ;
#4886 = DIRECTION ( 'NONE',  ( 0.000000000000000000, 1.000000000000000000, 0.000000000000000000 ) ) ;
#4887 = CARTESIAN_POINT ( 'NONE',  ( 0.6665599999999829439, 0.4500000000000060063, 85.45037282396599210 ) ) ;
#4888 = EDGE_CURVE ( 'NONE', #6139, #1047, #1096, .T. ) ;
#4889 = FACE_OUTER_BOUND ( 'NONE', #3556, .T. ) ;
#4890 = CIRCLE ( 'NONE', #4689, 0.2500000000000000000 ) ;
#4891 = AXIS2_PLACEMENT_3D ( 'NONE', #1379, #4707, #5284 ) ;
#4892 = CARTESIAN_POINT ( 'NONE',  ( -1.551763809020515694, 0.000000000000000000, 53.90471579162801419 ) ) ;
#4893 = DIRECTION ( 'NONE',  ( -1.000000000000000000, 0.000000000000000000, 0.000000000000000000 ) ) ;
#4894 = LINE ( 'NONE', #1471, #6078 ) ;
#4895 = CARTESIAN_POINT ( 'NONE',  ( -0.8149950000000180106, 0.4653000412733877544, 85.51499602396599187 ) ) ;
#4896 = LINE ( 'NONE', #2027, #5248 ) ;
#4897 = DIRECTION ( 'NONE',  ( 0.000000000000000000, 0.000000000000000000, 1.000000000000000000 ) ) ;
#4898 = ORIENTED_EDGE ( 'NONE', *, *, #5314, .F. ) ;
#4899 = VERTEX_POINT ( 'NONE', #3465 ) ;
#4900 = CARTESIAN_POINT ( 'NONE',  ( -1.479036125287859660, 0.4500000000000060063, 87.87947462012512290 ) ) ;
#4901 = DIRECTION ( 'NONE',  ( 0.000000000000000000, 1.000000000000000000, 0.000000000000000000 ) ) ;
#4902 = DIRECTION ( 'NONE',  ( -0.000000000000000000, -0.000000000000000000, 1.000000000000000000 ) ) ;
#4903 = LINE ( 'NONE', #3503, #2820 ) ;
#4904 = ORIENTED_EDGE ( 'NONE', *, *, #4496, .F. ) ;
#4905 = VECTOR ( 'NONE', #3879, 1000.000000000000114 ) ;
#4906 = DIRECTION ( 'NONE',  ( 1.000000000000000000, 0.000000000000000000, 0.000000000000000000 ) ) ;
#4907 = TOROIDAL_SURFACE ( 'NONE', #5727, 1.250000000000000222, 0.2000000000000000111 ) ;
#4908 = CARTESIAN_POINT ( 'NONE',  ( -0.05314293484946780444, -0.1103724534274042046, 87.62622995152131011 ) ) ;
#4909 = VERTEX_POINT ( 'NONE', #4998 ) ;
#4910 = LINE ( 'NONE', #532, #1851 ) ;
#4911 = ORIENTED_EDGE ( 'NONE', *, *, #1354, .T. ) ;
#4912 = ORIENTED_EDGE ( 'NONE', *, *, #3172, .F. ) ;
#4913 = ADVANCED_FACE ( 'NONE', ( #3972 ), #5354, .T. ) ;
#4914 = B_SPLINE_CURVE_WITH_KNOTS ( 'NONE', 3,
 ( #5989, #1670, #1093, #3614 ),
 .UNSPECIFIED., .F., .F.,
 ( 4, 4 ),
 ( 0.000000000000000000, 1.000000000000000000 ),
 .UNSPECIFIED. ) ;
#4915 = CARTESIAN_POINT ( 'NONE',  ( 0.7945637692229812199, 0.5000000000000001110, 86.41874367929590051 ) ) ;
#4916 = CARTESIAN_POINT ( 'NONE',  ( 0.1802775637731874880, 0.2999999999999944933, 86.51999602396600153 ) ) ;
#4917 = CARTESIAN_POINT ( 'NONE',  ( 1.399999999999983924, 0.2999999999999944933, 87.84999940858099876 ) ) ;
#4918 = VERTEX_POINT ( 'NONE', #1243 ) ;
#4919 = SURFACE_SIDE_STYLE ('',( #2971 ) ) ;
#4920 = DIRECTION ( 'NONE',  ( 0.000000000000000000, 1.000000000000000000, 0.000000000000000000 ) ) ;
#4921 = CARTESIAN_POINT ( 'NONE',  ( 0.7965599999916056495, 0.4792893218814157641, 85.01499602396602029 ) ) ;
#4922 = EDGE_LOOP ( 'NONE', ( #4086, #635, #6109, #2881, #1601, #387, #484, #2006, #5877, #2416, #6269, #747 ) ) ;
#4923 =( LENGTH_UNIT ( ) NAMED_UNIT ( * ) SI_UNIT ( .MILLI., .METRE. ) );
#4924 = LINE ( 'NONE', #547, #3004 ) ;
#4925 = CARTESIAN_POINT ( 'NONE',  ( -1.365099999999999980, 0.09999999999998900047, 89.36999602396599585 ) ) ;
#4926 = DIRECTION ( 'NONE',  ( 1.000000000000000000, 0.000000000000000000, 0.000000000000000000 ) ) ;
#4927 = DIRECTION ( 'NONE',  ( 0.000000000000000000, 0.000000000000000000, 1.000000000000000000 ) ) ;
#4928 = B_SPLINE_CURVE_WITH_KNOTS ( 'NONE', 3,
 ( #1071, #590, #3081, #2559 ),
 .UNSPECIFIED., .F., .F.,
 ( 4, 4 ),
 ( 0.000000000000000000, 1.000000000000000000 ),
 .UNSPECIFIED. ) ;
#4929 = ORIENTED_EDGE ( 'NONE', *, *, #5314, .T. ) ;
#4930 = AXIS2_PLACEMENT_3D ( 'NONE', #190, #6105, #2149 ) ;
#4931 = ORIENTED_EDGE ( 'NONE', *, *, #4840, .F. ) ;
#4932 = ADVANCED_FACE ( 'NONE', ( #4158 ), #3589, .T. ) ;
#4933 = CARTESIAN_POINT ( 'NONE',  ( -8.326672684688669004E-14, -0.7500000000000000000, 87.25217883429100141 ) ) ;
#4934 = CARTESIAN_POINT ( 'NONE',  ( 0.7965599999999879444, 0.2999999999999944933, 85.43499602396599357 ) ) ;
#4935 = CARTESIAN_POINT ( 'NONE',  ( -1.245008737081686023, 0.5000000000002292611, 86.76585837195291617 ) ) ;
#4936 = VECTOR ( 'NONE', #2950, 1000.000000000000000 ) ;
#4937 = CARTESIAN_POINT ( 'NONE',  ( -1.095640665443449846, -0.9297204564399971227, 89.55015647533349465 ) ) ;
#4938 =( NAMED_UNIT ( * ) SI_UNIT ( $, .STERADIAN. ) SOLID_ANGLE_UNIT ( ) );
#4939 = VERTEX_POINT ( 'NONE', #5535 ) ;
#4940 = AXIS2_PLACEMENT_3D ( 'NONE', #1548, #5337, #583 ) ;
#4941 = CARTESIAN_POINT ( 'NONE',  ( -1.057978751374097470, -1.377420204558539529, 89.55402542164425483 ) ) ;
#4942 = CARTESIAN_POINT ( 'NONE',  ( 0.7965599999815439203, 0.4500000000000060063, 85.51499602396599187 ) ) ;
#4943 = EDGE_LOOP ( 'NONE', ( #3161, #2212 ) ) ;
#4944 = VECTOR ( 'NONE', #2, 1000.000000000000000 ) ;
#4945 = CARTESIAN_POINT ( 'NONE',  ( -1.232537796352975779, -1.009999999999316111, 89.30839697173750835 ) ) ;
#4946 = EDGE_LOOP ( 'NONE', ( #2184, #1667 ) ) ;
#4947 = EDGE_LOOP ( 'NONE', ( #5011, #2112, #3136, #1771 ) ) ;
#4948 = AXIS2_PLACEMENT_3D ( 'NONE', #2327, #3805, #1343 ) ;
#4949 = FACE_OUTER_BOUND ( 'NONE', #2827, .T. ) ;
#4950 = CARTESIAN_POINT ( 'NONE',  ( -0.1202817634822635900, -0.02686634623224754340, 88.02970246527080178 ) ) ;
#4951 = FACE_OUTER_BOUND ( 'NONE', #3884, .T. ) ;
#4952 = ORIENTED_EDGE ( 'NONE', *, *, #2377, .F. ) ;
#4953 = CARTESIAN_POINT ( 'NONE',  ( -1.410469516053209471, 0.4792893218815622025, 87.85505844021608368 ) ) ;
#4954 = LINE ( 'NONE', #3490, #250 ) ;
#4955 = ORIENTED_EDGE ( 'NONE', *, *, #3563, .F. ) ;
#4956 = EDGE_CURVE ( 'NONE', #906, #1158, #6180, .T. ) ;
#4957 = ORIENTED_EDGE ( 'NONE', *, *, #502, .T. ) ;
#4958 = MECHANICAL_DESIGN_GEOMETRIC_PRESENTATION_REPRESENTATION (  '', ( #5773 ), #2418 ) ;
#4959 = DIRECTION ( 'NONE',  ( 0.000000000000000000, 1.000000000000000000, 0.000000000000000000 ) ) ;
#4960 = CARTESIAN_POINT ( 'NONE',  ( 1.500000000000070166, 0.4500000000000060063, 89.37468692922830371 ) ) ;
#4961 = SURFACE_STYLE_FILL_AREA ( #5336 ) ;
#4962 = CYLINDRICAL_SURFACE ( 'NONE', #2470, 0.9499999999968977704 ) ;
#4963 = DIRECTION ( 'NONE',  ( -0.000000000000000000, -0.000000000000000000, 1.000000000000000000 ) ) ;
#4964 = VERTEX_POINT ( 'NONE', #3678 ) ;
#4965 = ADVANCED_FACE ( 'NONE', ( #1673 ), #4542, .T. ) ;
#4966 = ADVANCED_FACE ( 'NONE', ( #3198 ), #1367, .T. ) ;
#4967 = ORIENTED_EDGE ( 'NONE', *, *, #976, .T. ) ;
#4968 = EDGE_CURVE ( 'NONE', #4513, #3940, #2731, .T. ) ;
#4969 = EDGE_CURVE ( 'NONE', #4879, #5888, #5973, .T. ) ;
#4970 = AXIS2_PLACEMENT_3D ( 'NONE', #1235, #3850, #1723 ) ;
#4971 = ADVANCED_FACE ( 'NONE', ( #3651 ), #2846, .F. ) ;
#4972 = DIRECTION ( 'NONE',  ( 0.000000000000000000, -1.000000000000000000, 0.000000000000000000 ) ) ;
#4973 = CARTESIAN_POINT ( 'NONE',  ( -0.4000000000000000777, 4.898587196589413692E-17, 34.86499602396599329 ) ) ;
#4974 = CARTESIAN_POINT ( 'NONE',  ( -1.387778780781445991E-14, -1.350000000000018074, 88.76999602396600153 ) ) ;
#4975 = EDGE_CURVE ( 'NONE', #856, #3460, #150, .T. ) ;
#4976 = EDGE_LOOP ( 'NONE', ( #2564, #2231, #3619, #804 ) ) ;
#4977 = SURFACE_STYLE_FILL_AREA ( #5935 ) ;
#4978 = CARTESIAN_POINT ( 'NONE',  ( 0.000000000000000000, 0.000000000000000000, 42.45641738020330536 ) ) ;
#4979 = ORIENTED_EDGE ( 'NONE', *, *, #3361, .F. ) ;
#4980 = ORIENTED_EDGE ( 'NONE', *, *, #5810, .F. ) ;
#4981 = VERTEX_POINT ( 'NONE', #3702 ) ;
#4982 = ORIENTED_EDGE ( 'NONE', *, *, #705, .F. ) ;
#4983 = CIRCLE ( 'NONE', #1716, 0.4000000000000000222 ) ;
#4984 = CARTESIAN_POINT ( 'NONE',  ( 1.050000000000000044, 0.000000000000000000, 82.41186213473042699 ) ) ;
#4985 = CARTESIAN_POINT ( 'NONE',  ( -1.387778780781445991E-14, 0.000000000000000000, 86.51999602396600153 ) ) ;
#4986 = CARTESIAN_POINT ( 'NONE',  ( -1.400000000000011902, -0.5000000000000000000, 86.90000000000000568 ) ) ;
#4987 = EDGE_LOOP ( 'NONE', ( #6261, #4816, #5256, #5804 ) ) ;
#4988 = FACE_OUTER_BOUND ( 'NONE', #5753, .T. ) ;
#4989 = FACE_OUTER_BOUND ( 'NONE', #2058, .T. ) ;
#4990 = LINE ( 'NONE', #607, #5866 ) ;
#4991 = EDGE_CURVE ( 'NONE', #5324, #3690, #5559, .T. ) ;
#4992 = EDGE_LOOP ( 'NONE', ( #76, #3191, #2566, #1099 ) ) ;
#4993 = AXIS2_PLACEMENT_3D ( 'NONE', #790, #2755, #3647 ) ;
#4994 = ORIENTED_EDGE ( 'NONE', *, *, #4371, .F. ) ;
#4995 = CARTESIAN_POINT ( 'NONE',  ( -0.1499999999993311961, -1.009999999999316111, 87.43338650731570283 ) ) ;
#4996 = CARTESIAN_POINT ( 'NONE',  ( -0.2500000000000139888, -1.300000000000000044, 89.06999602396599869 ) ) ;
#4997 = PRESENTATION_LAYER_ASSIGNMENT (  '', '', ( #4488 ) ) ;
#4998 = CARTESIAN_POINT ( 'NONE',  ( 1.365099999999979996, 0.2999999999999944933, 87.96999602396599016 ) ) ;
#4999 = ORIENTED_EDGE ( 'NONE', *, *, #1683, .T. ) ;
#5000 = ORIENTED_EDGE ( 'NONE', *, *, #3286, .F. ) ;
#5001 = VECTOR ( 'NONE', #4560, 1000.000000000000000 ) ;
#5002 = ADVANCED_FACE ( 'NONE', ( #1377 ), #2659, .T. ) ;
#5003 = B_SPLINE_CURVE_WITH_KNOTS ( 'NONE', 3,
 ( #640, #4064, #5058, #3042, #2691, #4633, #2219, #6112, #5500, #2127, #1640, #1731, #1127, #3675, #4546, #4995 ),
 .UNSPECIFIED., .F., .F.,
 ( 4, 3, 3, 3, 3, 4 ),
 ( 0.0002345059563037098097, 0.0002846985346600154295, 0.0003348779922098247446, 0.0003852545069349540513, 0.0004357710778642245614, 0.0004690140088458893725 ),
 .UNSPECIFIED. ) ;
#5004 = FACE_OUTER_BOUND ( 'NONE', #2080, .T. ) ;
#5005 = CARTESIAN_POINT ( 'NONE',  ( 1.399999999999983924, -0.5000000000000000000, 86.90000000000000568 ) ) ;
#5006 = DIRECTION ( 'NONE',  ( 0.000000000000000000, 1.000000000000000000, 0.000000000000000000 ) ) ;
#5007 = ADVANCED_FACE ( 'NONE', ( #5307 ), #4704, .T. ) ;
#5008 = ORIENTED_EDGE ( 'NONE', *, *, #3942, .F. ) ;
#5009 = DIRECTION ( 'NONE',  ( -0.000000000000000000, -0.000000000000000000, 1.000000000000000000 ) ) ;
#5010 = CARTESIAN_POINT ( 'NONE',  ( -0.1164011615104970088, 0.04056962331132941968, 87.63092396200408984 ) ) ;
#5011 = ORIENTED_EDGE ( 'NONE', *, *, #5705, .F. ) ;
#5012 = DIRECTION ( 'NONE',  ( -0.000000000000000000, -0.000000000000000000, 1.000000000000000000 ) ) ;
#5013 = ORIENTED_EDGE ( 'NONE', *, *, #2513, .F. ) ;
#5014 = CONICAL_SURFACE ( 'NONE', #4505, 1.229479120942192250, 0.3141592654214209746 ) ;
#5015 = DIRECTION ( 'NONE',  ( 1.000000000000000000, 0.000000000000000000, 0.000000000000000000 ) ) ;
#5016 = CARTESIAN_POINT ( 'NONE',  ( -1.387778780781445991E-14, -1.300000000000000044, 88.46999602396599016 ) ) ;
#5017 = CARTESIAN_POINT ( 'NONE',  ( 0.5269999999999860352, 0.2999999999999944933, 90.10775836525598947 ) ) ;
#5018 = ORIENTED_EDGE ( 'NONE', *, *, #4109, .T. ) ;
#5019 =( BOUNDED_SURFACE ( )  B_SPLINE_SURFACE ( 3, 3, ( 
 ( #1740, #2268, #401, #2332 ),
 ( #4264, #6226, #3239, #2768 ),
 ( #909, #3783, #4294, #6155 ),
 ( #5676, #5194, #2857, #806 ) ),
 .UNSPECIFIED., .F., .F., .F. ) 
 B_SPLINE_SURFACE_WITH_KNOTS ( ( 4, 4 ),
 ( 4, 4 ),
 ( 0.000000000000000000, 1.000000000000000000 ),
 ( 0.000000000000000000, 1.000000000000000000 ),
 .UNSPECIFIED. ) 
 GEOMETRIC_REPRESENTATION_ITEM ( )  RATIONAL_B_SPLINE_SURFACE ( (
 ( 1.000000000000000000, 0.8047378542330539952, 0.8047378542330539952, 1.000000000000000000),
 ( 0.8047378541235948868, 0.6476030139475341674, 0.6476030139475341674, 0.8047378541235948868),
 ( 0.8047378541235948868, 0.6476030139475341674, 0.6476030139475341674, 0.8047378541235948868),
 ( 1.000000000000000000, 0.8047378542330539952, 0.8047378542330539952, 1.000000000000000000) ) ) 
 REPRESENTATION_ITEM ( '' )  SURFACE ( )  );
#5020 = DIRECTION ( 'NONE',  ( 0.000000000000000000, 0.000000000000000000, -1.000000000000000000 ) ) ;
#5021 = B_SPLINE_CURVE_WITH_KNOTS ( 'NONE', 3,
 ( #3987, #3063, #1495, #3479, #5388, #2458, #2565, #2991, #2012, #2929, #1532, #4501, #2535, #2078, #2590, #4875 ),
 .UNSPECIFIED., .F., .F.,
 ( 4, 3, 3, 3, 3, 4 ),
 ( 0.000000000000000000, 5.019105467408008372E-05, 0.0001003687762966569061, 0.0001507462945310037491, 0.0002012619129754077000, 0.0002345059563037098097 ),
 .UNSPECIFIED. ) ;
#5022 = ORIENTED_EDGE ( 'NONE', *, *, #3038, .T. ) ;
#5023 = ORIENTED_EDGE ( 'NONE', *, *, #502, .F. ) ;
#5024 = DIRECTION ( 'NONE',  ( 0.000000000000000000, 0.000000000000000000, 1.000000000000000000 ) ) ;
#5025 = CARTESIAN_POINT ( 'NONE',  ( 1.141747749986280036, 0.5000000000000000000, 86.76244735572920774 ) ) ;
#5026 = DIRECTION ( 'NONE',  ( -0.8660254037790087178, 0.000000000000000000, 0.5000000000094049213 ) ) ;
#5027 = VERTEX_POINT ( 'NONE', #4219 ) ;
#5028 = VERTEX_POINT ( 'NONE', #1762 ) ;
#5029 = SURFACE_STYLE_USAGE ( .BOTH. , #1618 ) ;
#5030 = CARTESIAN_POINT ( 'NONE',  ( -1.665334536937734811E-13, 0.2999999999999944933, 87.25217883429110088 ) ) ;
#5031 = LINE ( 'NONE', #5541, #4535 ) ;
#5032 = ORIENTED_EDGE ( 'NONE', *, *, #919, .T. ) ;
#5033 = EDGE_CURVE ( 'NONE', #5873, #4220, #4254, .T. ) ;
#5034 = AXIS2_PLACEMENT_3D ( 'NONE', #1845, #3785, #2830 ) ;
#5035 = SURFACE_STYLE_FILL_AREA ( #1202 ) ;
#5036 = DIRECTION ( 'NONE',  ( 1.000000000000000000, 0.000000000000000000, 0.000000000000000000 ) ) ;
#5037 = VERTEX_POINT ( 'NONE', #6278 ) ;
#5038 = FACE_OUTER_BOUND ( 'NONE', #5870, .T. ) ;
#5039 = EDGE_CURVE ( 'NONE', #5037, #3133, #3802, .T. ) ;
#5040 = ORIENTED_EDGE ( 'NONE', *, *, #3660, .F. ) ;
#5041 = EDGE_CURVE ( 'NONE', #5359, #702, #957, .T. ) ;
#5042 = EDGE_CURVE ( 'NONE', #5889, #324, #3263, .T. ) ;
#5043 = ADVANCED_FACE ( 'NONE', ( #6247 ), #1894, .F. ) ;
#5044 = FACE_OUTER_BOUND ( 'NONE', #5109, .T. ) ;
#5045 = AXIS2_PLACEMENT_3D ( 'NONE', #6083, #643, #1194 ) ;
#5046 = CARTESIAN_POINT ( 'NONE',  ( 0.000000000000000000, 0.000000000000000000, 82.41186213473042699 ) ) ;
#5047 = AXIS2_PLACEMENT_3D ( 'NONE', #2570, #124, #2053 ) ;
#5048 = CARTESIAN_POINT ( 'NONE',  ( 1.072862086728817221, -1.512041912167529034, 89.56261831931335848 ) ) ;
#5049 = ORIENTED_EDGE ( 'NONE', *, *, #1361, .F. ) ;
#5050 = CARTESIAN_POINT ( 'NONE',  ( 1.449999999999979972, 0.5000000000000000000, 87.92975050800599490 ) ) ;
#5051 = DIRECTION ( 'NONE',  ( 0.000000000000000000, 1.000000000000000000, 0.000000000000000000 ) ) ;
#5052 = AXIS2_PLACEMENT_3D ( 'NONE', #647, #6119, #266 ) ;
#5053 = ORIENTED_EDGE ( 'NONE', *, *, #314, .F. ) ;
#5054 = AXIS2_PLACEMENT_3D ( 'NONE', #5319, #5769, #2800 ) ;
#5055 = ORIENTED_EDGE ( 'NONE', *, *, #1493, .T. ) ;
#5056 = AXIS2_PLACEMENT_3D ( 'NONE', #2557, #3400, #2420 ) ;
#5057 = DIRECTION ( 'NONE',  ( 0.000000000000000000, 0.000000000000000000, 1.000000000000000000 ) ) ;
#5058 = CARTESIAN_POINT ( 'NONE',  ( -0.03369192185266343259, -0.8628795267463237328, 87.42532530083282438 ) ) ;
#5059 = CARTESIAN_POINT ( 'NONE',  ( -0.7965599999935210063, 0.2999999999999944933, 85.01499602396599187 ) ) ;
#5060 = CARTESIAN_POINT ( 'NONE',  ( 0.8149949999999850370, -0.2500000000000000000, 72.17119545480700538 ) ) ;
#5061 = EDGE_LOOP ( 'NONE', ( #2534, #5455, #758, #6022 ) ) ;
#5062 = ORIENTED_EDGE ( 'NONE', *, *, #3360, .T. ) ;
#5063 = ADVANCED_FACE ( 'NONE', ( #1340 ), #1829, .T. ) ;
#5064 = AXIS2_PLACEMENT_3D ( 'NONE', #1579, #513, #3529 ) ;
#5065 = LINE ( 'NONE', #2649, #2091 ) ;
#5066 = CARTESIAN_POINT ( 'NONE',  ( 1.499999999999988010, 0.2999999999999944933, 87.96999602396599016 ) ) ;
#5067 = CARTESIAN_POINT ( 'NONE',  ( -1.387778780781445991E-14, -1.300000000000000044, 88.76999602396600153 ) ) ;
#5068 = AXIS2_PLACEMENT_3D ( 'NONE', #6104, #5135, #752 ) ;
#5069 = VERTEX_POINT ( 'NONE', #1863 ) ;
#5070 = VECTOR ( 'NONE', #6122, 1000.000000000000000 ) ;
#5071 = FACE_OUTER_BOUND ( 'NONE', #4946, .T. ) ;
#5072 = ORIENTED_EDGE ( 'NONE', *, *, #6024, .F. ) ;
#5073 = CYLINDRICAL_SURFACE ( 'NONE', #1111, 0.5000000000000004441 ) ;
#5074 = EDGE_CURVE ( 'NONE', #137, #702, #850, .T. ) ;
#5075 = FACE_OUTER_BOUND ( 'NONE', #1674, .T. ) ;
#5076 = SURFACE_STYLE_FILL_AREA ( #5107 ) ;
#5077 = B_SPLINE_CURVE_WITH_KNOTS ( 'NONE', 3,
 ( #2799, #274, #871, #5166, #3338, #1293, #776, #2741, #6194, #2233, #1323, #1809, #4745, #4683, #1388, #6126, #4169, #2829, #3754, #334, #4714, #370, #2360, #3303, #3812, #5706, #5223, #5768, #4198, #1775, #5260 ),
 .UNSPECIFIED., .F., .F.,
 ( 4, 3, 3, 3, 3, 3, 3, 3, 3, 3, 4 ),
 ( 7.556774269795057881E-19, 4.082957034593031307E-05, 8.163660221849108737E-05, 0.0001227826353189165256, 0.0001641814652292390903, 0.0002052083805983070388, 0.0002458174656927476645, 0.0002866146216306249901, 0.0003279089959819447776, 0.0003692410629160412707, 0.0003835386710128654971 ),
 .UNSPECIFIED. ) ;
#5078 = ORIENTED_EDGE ( 'NONE', *, *, #1753, .F. ) ;
#5079 = DIRECTION ( 'NONE',  ( 0.000000000000000000, 0.000000000000000000, -1.000000000000000000 ) ) ;
#5080 = AXIS2_PLACEMENT_3D ( 'NONE', #3532, #3560, #5474 ) ;
#5081 = EDGE_CURVE ( 'NONE', #2384, #5520, #6145, .T. ) ;
#5082 = ORIENTED_EDGE ( 'NONE', *, *, #2697, .T. ) ;
#5083 = ORIENTED_EDGE ( 'NONE', *, *, #3477, .F. ) ;
#5084 = EDGE_CURVE ( 'NONE', #3337, #1719, #2301, .T. ) ;
#5085 = CYLINDRICAL_SURFACE ( 'NONE', #4586, 0.5000000000000004441 ) ;
#5086 =( NAMED_UNIT ( * ) SI_UNIT ( $, .STERADIAN. ) SOLID_ANGLE_UNIT ( ) );
#5087 = LINE ( 'NONE', #2188, #1586 ) ;
#5088 = DIRECTION ( 'NONE',  ( 0.000000000000000000, -1.000000000000000000, 0.000000000000000000 ) ) ;
#5089 = VERTEX_POINT ( 'NONE', #5466 ) ;
#5090 = CIRCLE ( 'NONE', #395, 1.050000000000000044 ) ;
#5091 = ORIENTED_EDGE ( 'NONE', *, *, #5626, .F. ) ;
#5092 = AXIS2_PLACEMENT_3D ( 'NONE', #5916, #5020, #127 ) ;
#5093 = DIRECTION ( 'NONE',  ( 0.000000000000000000, 0.000000000000000000, 1.000000000000000000 ) ) ;
#5094 = CARTESIAN_POINT ( 'NONE',  ( 0.9080532793218629717, -0.9932918132109211928, 89.46746590999180171 ) ) ;
#5095 = CARTESIAN_POINT ( 'NONE',  ( 0.06585497318814824419, -0.8741831285481874714, 87.62680245937156087 ) ) ;
#5096 = CARTESIAN_POINT ( 'NONE',  ( -0.9916538138948789438, -0.8590670823392377864, 89.34264340853101771 ) ) ;
#5097 = ORIENTED_EDGE ( 'NONE', *, *, #5632, .T. ) ;
#5098 = VECTOR ( 'NONE', #54, 1000.000000000000000 ) ;
#5099 = CARTESIAN_POINT ( 'NONE',  ( -1.400000000000011902, 0.2999999999999944933, 86.88953935445299237 ) ) ;
#5100 = CARTESIAN_POINT ( 'NONE',  ( -1.500000000000000000, 0.2999999999999944933, 89.37468692922600155 ) ) ;
#5101 = ORIENTED_EDGE ( 'NONE', *, *, #3829, .F. ) ;
#5102 = DIRECTION ( 'NONE',  ( 0.000000000000000000, 0.000000000000000000, 1.000000000000000000 ) ) ;
#5103 = UNCERTAINTY_MEASURE_WITH_UNIT (LENGTH_MEASURE( 1.000000000000000082E-05 ), #1663, 'distance_accuracy_value', 'NONE');
#5104 = EDGE_CURVE ( 'NONE', #702, #4021, #4954, .T. ) ;
#5105 = B_SPLINE_CURVE_WITH_KNOTS ( 'NONE', 3,
 ( #16, #3912, #4941, #5385 ),
 .UNSPECIFIED., .F., .F.,
 ( 4, 4 ),
 ( 8.099471538970372797E-15, 0.0001236757380613733948 ),
 .UNSPECIFIED. ) ;
#5106 = FACE_OUTER_BOUND ( 'NONE', #4987, .T. ) ;
#5107 = FILL_AREA_STYLE ('',( #1211 ) ) ;
#5108 = CARTESIAN_POINT ( 'NONE',  ( -1.400000000416679935, -4.245416000000000523, 87.81865223067960358 ) ) ;
#5109 = EDGE_LOOP ( 'NONE', ( #1090, #3103, #550, #4805, #6025, #1611, #5190 ) ) ;
#5110 = ADVANCED_FACE ( 'NONE', ( #6315 ), #5673, .T. ) ;
#5111 = EDGE_LOOP ( 'NONE', ( #117, #4911, #4616, #5515 ) ) ;
#5112 = EDGE_LOOP ( 'NONE', ( #3027, #4730, #3810, #1117, #5000, #4168, #629, #5457 ) ) ;
#5113 = VECTOR ( 'NONE', #1371, 1000.000000000000000 ) ;
#5114 = CARTESIAN_POINT ( 'NONE',  ( 1.699999999999999956, 0.000000000000000000, 42.59783873644060748 ) ) ;
#5115 = DIRECTION ( 'NONE',  ( -0.000000000000000000, -1.000000000000000000, -0.000000000000000000 ) ) ;
#5116 = CARTESIAN_POINT ( 'NONE',  ( -0.5269999999997080353, 0.5000000000000000000, 88.76999602396600153 ) ) ;
#5117 = CYLINDRICAL_SURFACE ( 'NONE', #1233, 0.2500000000000000000 ) ;
#5118 =( LENGTH_UNIT ( ) NAMED_UNIT ( * ) SI_UNIT ( .MILLI., .METRE. ) );
#5119 = ORIENTED_EDGE ( 'NONE', *, *, #2394, .F. ) ;
#5120 = VERTEX_POINT ( 'NONE', #542 ) ;
#5121 = EDGE_CURVE ( 'NONE', #1974, #2968, #3388, .T. ) ;
#5122 = DIRECTION ( 'NONE',  ( -0.9000516710731800707, 0.000000000000000000, -0.4357831908166904800 ) ) ;
#5123 = CARTESIAN_POINT ( 'NONE',  ( 1.058053279324815854, -1.009999999999316111, 89.20765828885760129 ) ) ;
#5124 = CARTESIAN_POINT ( 'NONE',  ( -1.373756574931208615E-14, -0.8600000000000160849, 87.62499602396600551 ) ) ;
#5125 = CARTESIAN_POINT ( 'NONE',  ( -1.029211822184821878, -0.8831659693225579755, 89.27174100408539914 ) ) ;
#5126 = ORIENTED_EDGE ( 'NONE', *, *, #1010, .F. ) ;
#5127 = EDGE_LOOP ( 'NONE', ( #5596, #3993, #1557, #3379 ) ) ;
#5128 = DIRECTION ( 'NONE',  ( 0.9629542323458031294, 0.000000000000000000, -0.2696648779639368998 ) ) ;
#5129 = CARTESIAN_POINT ( 'NONE',  ( 1.249990000000000157, 0.2999999999999944933, 87.84999999999999432 ) ) ;
#5130 = VERTEX_POINT ( 'NONE', #3929 ) ;
#5131 = DIRECTION ( 'NONE',  ( 0.000000000000000000, 0.000000000000000000, 1.000000000000000000 ) ) ;
#5132 = AXIS2_PLACEMENT_3D ( 'NONE', #4178, #5619, #1236 ) ;
#5133 = DIRECTION ( 'NONE',  ( -0.5000000000094049213, 0.000000000000000000, -0.8660254037790087178 ) ) ;
#5134 = B_SPLINE_CURVE_WITH_KNOTS ( 'NONE', 3,
 ( #3149, #2265, #3235, #4195, #3684, #1200, #5639, #4229, #802, #5125, #2676, #329, #3269, #2291, #5096, #5218, #2199, #717, #365, #2328, #4260, #741, #4615, #2229, #1680, #4166, #3624, #1737, #5821, #2476, #5852 ),
 .UNSPECIFIED., .F., .F.,
 ( 4, 3, 3, 3, 3, 3, 3, 3, 3, 3, 4 ),
 ( 2.567842150430033065E-16, 5.012456036518757758E-05, 0.0001002307301699039853, 0.0001506123997869775579, 0.0002011855880198222253, 0.0002514635431373272154, 0.0003014240781964590797, 0.0003515317167673904825, 0.0004020248379960225204, 0.0004525471264100761211, 0.0004693633244424407804 ),
 .UNSPECIFIED. ) ;
#5135 = DIRECTION ( 'NONE',  ( 0.000000000000000000, 1.000000000000000000, 0.000000000000000000 ) ) ;
#5136 = CARTESIAN_POINT ( 'NONE',  ( -0.7165600000000189596, 0.2999999999999944933, 85.43499602399199944 ) ) ;
#5137 = EDGE_LOOP ( 'NONE', ( #2397, #6005 ) ) ;
#5138 = VECTOR ( 'NONE', #488, 1000.000000000000000 ) ;
#5139 = B_SPLINE_CURVE_WITH_KNOTS ( 'NONE', 3,
 ( #5809, #1978, #1943, #5328, #3886, #2966, #537, #3959, #2496, #5839, #3924, #1460, #4470, #1050, #1429, #5875, #4950, #62, #5912, #505, #4851, #5302, #1401, #3453, #921, #3383, #472, #3416, #5782, #1536, #3484 ),
 .UNSPECIFIED., .F., .F.,
 ( 4, 3, 3, 3, 3, 3, 3, 3, 3, 3, 4 ),
 ( 0.0003835386710128654971, 0.0004243682042629794691, 0.0004651751990601831225, 0.0005063211947772600823, 0.0005477199870745550186, 0.0005887468651685273321, 0.0006293559133674625624, 0.0006701530322389393207, 0.0007114473690721472270, 0.0007527793984538645993, 0.0007670769935605516480 ),
 .UNSPECIFIED. ) ;
#5140 = ORIENTED_EDGE ( 'NONE', *, *, #2126, .F. ) ;
#5141 = AXIS2_PLACEMENT_3D ( 'NONE', #5851, #614, #1582 ) ;
#5142 = DIRECTION ( 'NONE',  ( 0.000000000000000000, 1.000000000000000000, 0.000000000000000000 ) ) ;
#5143 = CARTESIAN_POINT ( 'NONE',  ( 0.7649950000000880213, 0.5000000000000000000, 88.76999602396600153 ) ) ;
#5144 = ORIENTED_EDGE ( 'NONE', *, *, #4521, .F. ) ;
#5145 = DIRECTION ( 'NONE',  ( 0.000000000000000000, 0.000000000000000000, -1.000000000000000000 ) ) ;
#5146 = PLANE ( 'NONE',  #2065 ) ;
#5147 = DIRECTION ( 'NONE',  ( 1.000000000000000000, 0.000000000000000000, 0.000000000000000000 ) ) ;
#5148 = ORIENTED_EDGE ( 'NONE', *, *, #2076, .T. ) ;
#5149 = VECTOR ( 'NONE', #6177, 1000.000000000000000 ) ;
#5150 = VECTOR ( 'NONE', #3533, 1000.000000000000000 ) ;
#5151 = VERTEX_POINT ( 'NONE', #98 ) ;
#5152 = ADVANCED_FACE ( 'NONE', ( #4889 ), #3458, .T. ) ;
#5153 = ADVANCED_FACE ( 'NONE', ( #4856 ), #477, .T. ) ;
#5154 = VECTOR ( 'NONE', #1511, 1000.000000000000114 ) ;
#5155 = MECHANICAL_DESIGN_GEOMETRIC_PRESENTATION_REPRESENTATION (  '', ( #2107 ), #216 ) ;
#5156 = EDGE_CURVE ( 'NONE', #5027, #2237, #2500, .T. ) ;
#5157 = LINE ( 'NONE', #1804, #2804 ) ;
#5158 = CARTESIAN_POINT ( 'NONE',  ( 0.000000000000000000, 0.000000000000000000, 84.36499602396600039 ) ) ;
#5159 = DIRECTION ( 'NONE',  ( 8.881784197001252323E-16, 0.000000000000000000, -1.000000000000000000 ) ) ;
#5160 = DIRECTION ( 'NONE',  ( 0.000000000000000000, 1.000000000000000000, 0.000000000000000000 ) ) ;
#5161 = VERTEX_POINT ( 'NONE', #2057 ) ;
#5162 = EDGE_CURVE ( 'NONE', #6106, #4672, #6070, .T. ) ;
#5163 = CIRCLE ( 'NONE', #561, 0.05000000000000002359 ) ;
#5164 = ORIENTED_EDGE ( 'NONE', *, *, #631, .F. ) ;
#5165 = EDGE_CURVE ( 'NONE', #5359, #2664, #3996, .T. ) ;
#5166 = CARTESIAN_POINT ( 'NONE',  ( 0.04024490711060370318, -0.1157004643536908017, 88.02107657072221514 ) ) ;
#5167 = DIRECTION ( 'NONE',  ( 0.000000000000000000, -1.000000000000000000, 0.000000000000000000 ) ) ;
#5168 = ADVANCED_FACE ( 'NONE', ( #3964 ), #952, .T. ) ;
#5169 = CARTESIAN_POINT ( 'NONE',  ( 0.7649949999999909878, 0.4500000000000060063, 84.51499602396599187 ) ) ;
#5170 = ORIENTED_EDGE ( 'NONE', *, *, #2426, .T. ) ;
#5171 = CARTESIAN_POINT ( 'NONE',  ( -1.371307281332914101E-14, -0.5500000000000000444, 87.42499602396600267 ) ) ;
#5172 = VECTOR ( 'NONE', #6222, 1000.000000000000000 ) ;
#5173 = CARTESIAN_POINT ( 'NONE',  ( -0.4000000000000115130, -1.300000000000000044, 89.06999602396599869 ) ) ;
#5174 = CARTESIAN_POINT ( 'NONE',  ( 5.335799999998919851, -1.009999999999316111, 92.02382667114230230 ) ) ;
#5175 = DIRECTION ( 'NONE',  ( 0.000000000000000000, -1.000000000000000000, 0.000000000000000000 ) ) ;
#5176 = EDGE_LOOP ( 'NONE', ( #2757, #2183, #2279 ) ) ;
#5177 = ORIENTED_EDGE ( 'NONE', *, *, #3167, .T. ) ;
#5178 = DIRECTION ( 'NONE',  ( 0.000000000000000000, 1.000000000000000000, 0.000000000000000000 ) ) ;
#5179 = DIRECTION ( 'NONE',  ( 0.000000000000000000, -1.000000000000000000, 0.000000000000000000 ) ) ;
#5180 = ORIENTED_EDGE ( 'NONE', *, *, #3008, .F. ) ;
#5181 = CARTESIAN_POINT ( 'NONE',  ( 0.7204077630923261255, 0.5000000000000058842, 85.56499602394865178 ) ) ;
#5182 = DIRECTION ( 'NONE',  ( -0.000000000000000000, -1.000000000000000000, -0.000000000000000000 ) ) ;
#5183 = EDGE_LOOP ( 'NONE', ( #1664, #2761, #3154, #2843 ) ) ;
#5184 = VECTOR ( 'NONE', #5503, 1000.000000000000000 ) ;
#5185 = CARTESIAN_POINT ( 'NONE',  ( 0.8149949999999850370, 0.2999999999999944933, 86.21499602396599471 ) ) ;
#5186 = CARTESIAN_POINT ( 'NONE',  ( 1.114955366710370210, -0.8920033806391665099, 89.52239331448922144 ) ) ;
#5187 = DIRECTION ( 'NONE',  ( 0.000000000000000000, 0.000000000000000000, -1.000000000000000000 ) ) ;
#5188 =( LENGTH_UNIT ( ) NAMED_UNIT ( * ) SI_UNIT ( .MILLI., .METRE. ) );
#5189 = DIRECTION ( 'NONE',  ( 0.000000000000000000, 0.000000000000000000, 1.000000000000000000 ) ) ;
#5190 = ORIENTED_EDGE ( 'NONE', *, *, #4408, .F. ) ;
#5191 = ORIENTED_EDGE ( 'NONE', *, *, #3755, .T. ) ;
#5192 = EDGE_CURVE ( 'NONE', #4290, #3759, #2908, .T. ) ;
#5193 = VECTOR ( 'NONE', #285, 1000.000000000000000 ) ;
#5194 = CARTESIAN_POINT ( 'NONE',  ( -0.6665599999998886860, 0.5000000000000059952, 85.01884378710228418 ) ) ;
#5195 = LINE ( 'NONE', #2858, #5845 ) ;
#5196 = DIRECTION ( 'NONE',  ( 0.000000000000000000, -1.000000000000000000, 0.000000000000000000 ) ) ;
#5197 = CARTESIAN_POINT ( 'NONE',  ( 0.8149949999999767103, 0.4500000000000060063, 86.24044602396399739 ) ) ;
#5198 = ORIENTED_EDGE ( 'NONE', *, *, #5042, .F. ) ;
#5199 = DIRECTION ( 'NONE',  ( -1.000000000000000000, 0.000000000000000000, 0.000000000000000000 ) ) ;
#5200 =( GEOMETRIC_REPRESENTATION_CONTEXT ( 3 ) GLOBAL_UNCERTAINTY_ASSIGNED_CONTEXT ( ( #527 ) ) GLOBAL_UNIT_ASSIGNED_CONTEXT ( ( #5293, #2270, #6294 ) ) REPRESENTATION_CONTEXT ( 'NONE', 'WORKASPACE' ) );
#5201 = FACE_OUTER_BOUND ( 'NONE', #3492, .T. ) ;
#5202 = CARTESIAN_POINT ( 'NONE',  ( -1.387778780781445991E-14, 0.2999999999999944933, 88.76999602396600153 ) ) ;
#5203 = CARTESIAN_POINT ( 'NONE',  ( 5.410800000000000054, -1.009999999999316111, 85.64606918735699992 ) ) ;
#5204 = ORIENTED_EDGE ( 'NONE', *, *, #1574, .F. ) ;
#5205 = EDGE_CURVE ( 'NONE', #3548, #6073, #2438, .T. ) ;
#5206 = CARTESIAN_POINT ( 'NONE',  ( 0.7165599999999909819, 0.2999999999999944933, 85.43499602396599357 ) ) ;
#5207 = CARTESIAN_POINT ( 'NONE',  ( 1.641421356237307672, 0.000000000000000000, 42.45641738020330536 ) ) ;
#5208 = DIRECTION ( 'NONE',  ( 0.000000000000000000, 1.000000000000000000, 0.000000000000000000 ) ) ;
#5209 = ORIENTED_EDGE ( 'NONE', *, *, #2170, .T. ) ;
#5210 = LINE ( 'NONE', #857, #6280 ) ;
#5211 = CARTESIAN_POINT ( 'NONE',  ( -1.400000000000011902, 0.2999999999999944933, 87.84998935445300106 ) ) ;
#5212 = CARTESIAN_POINT ( 'NONE',  ( 1.410469516049381422, 0.4500000000000060063, 87.85505844021123778 ) ) ;
#5213 = ORIENTED_EDGE ( 'NONE', *, *, #119, .F. ) ;
#5214 = AXIS2_PLACEMENT_3D ( 'NONE', #5752, #3769, #855 ) ;
#5215 = AXIS2_PLACEMENT_3D ( 'NONE', #6082, #4636, #794 ) ;
#5216 = CARTESIAN_POINT ( 'NONE',  ( 1.082537796350660164, -0.9932696484412973925, 89.56820459287028768 ) ) ;
#5217 = CARTESIAN_POINT ( 'NONE',  ( -0.7375650507006188406, 0.5000000000000791589, 85.53570670207855642 ) ) ;
#5218 = CARTESIAN_POINT ( 'NONE',  ( -0.9831173484542291563, -0.8609382803239089554, 89.35694174476849128 ) ) ;
#5219 = ORIENTED_EDGE ( 'NONE', *, *, #3084, .T. ) ;
#5220 =( BOUNDED_SURFACE ( )  B_SPLINE_SURFACE ( 3, 3, ( 
 ( #4315, #2435, #3926, #5330 ),
 ( #924, #4953, #951, #3419 ),
 ( #4440, #3836, #1891, #26 ),
 ( #2406, #2871, #509, #5305 ) ),
 .UNSPECIFIED., .F., .F., .F. ) 
 B_SPLINE_SURFACE_WITH_KNOTS ( ( 4, 4 ),
 ( 4, 4 ),
 ( 0.000000000000000000, 1.000000000000000000 ),
 ( 0.000000000000000000, 1.000000000000000000 ),
 .UNSPECIFIED. ) 
 GEOMETRIC_REPRESENTATION_ITEM ( )  RATIONAL_B_SPLINE_SURFACE ( (
 ( 1.000000000000000000, 0.8981898915059431943, 0.8981898915059431943, 1.000000000000000000),
 ( 0.8047378541222235393, 0.7228074058847655525, 0.7228074058847655525, 0.8047378541222235393),
 ( 0.8047378541222235393, 0.7228074058847655525, 0.7228074058847655525, 0.8047378541222235393),
 ( 1.000000000000000000, 0.8981898915059431943, 0.8981898915059431943, 1.000000000000000000) ) ) 
 REPRESENTATION_ITEM ( '' )  SURFACE ( )  );
#5221 = ORIENTED_EDGE ( 'NONE', *, *, #3482, .F. ) ;
#5222 = B_SPLINE_CURVE_WITH_KNOTS ( 'NONE', 3,
 ( #2584, #5094, #4523, #207, #5961, #4134, #139, #2699, #179, #2101, #4046, #1161, #1588, #682, #3595, #2167, #3569, #738, #5480, #3538, #6089, #4102, #3656, #4589, #1712, #5608, #6055, #5510, #1677, #5580, #5123 ),
 .UNSPECIFIED., .F., .F.,
 ( 4, 3, 3, 3, 3, 3, 3, 3, 3, 3, 4 ),
 ( 2.970100761125825548E-16, 5.012456036519580396E-05, 0.0001002307301699153016, 0.0001506123997869619183, 0.0002011855880198531522, 0.0002514635431373290044, 0.0003014240781964235721, 0.0003515317167674129255, 0.0004020248379960341756, 0.0004525471264101163993, 0.0004693633244424861542 ),
 .UNSPECIFIED. ) ;
#5223 = CARTESIAN_POINT ( 'NONE',  ( 0.02812825626390812878, 0.1200195593847531023, 88.02039888275116652 ) ) ;
#5224 = LINE ( 'NONE', #6259, #5241 ) ;
#5225 = CARTESIAN_POINT ( 'NONE',  ( 0.000000000000000000, 0.000000000000000000, 82.41186213473042699 ) ) ;
#5226 = CARTESIAN_POINT ( 'NONE',  ( 0.8149949999999767103, 0.4792893218813479295, 86.24044602396396897 ) ) ;
#5227 = EDGE_LOOP ( 'NONE', ( #3355, #2448, #313, #3737, #1995, #1826 ) ) ;
#5228 = CARTESIAN_POINT ( 'NONE',  ( 0.3503701847513803203, 0.2059238734027906692, 84.47481467430681334 ) ) ;
#5229 = EDGE_CURVE ( 'NONE', #2237, #3440, #4990, .T. ) ;
#5230 = FACE_OUTER_BOUND ( 'NONE', #4992, .T. ) ;
#5231 = CARTESIAN_POINT ( 'NONE',  ( 0.000000000000000000, 0.000000000000000000, 82.41186213473042699 ) ) ;
#5232 = EDGE_CURVE ( 'NONE', #3846, #1308, #2574, .T. ) ;
#5233 = ORIENTED_EDGE ( 'NONE', *, *, #4969, .F. ) ;
#5234 = AXIS2_PLACEMENT_3D ( 'NONE', #2366, #4756, #4815 ) ;
#5235 = ADVANCED_FACE ( 'NONE', ( #5983 ), #3554, .F. ) ;
#5236 = EDGE_CURVE ( 'NONE', #4583, #1052, #1607, .T. ) ;
#5237 = ADVANCED_FACE ( 'NONE', ( #1389 ), #1324, .F. ) ;
#5238 = EDGE_CURVE ( 'NONE', #5120, #6320, #295, .T. ) ;
#5239 = ORIENTED_EDGE ( 'NONE', *, *, #5156, .F. ) ;
#5240 = DIRECTION ( 'NONE',  ( -0.9879928937422326474, 0.000000000000000000, 0.1544993265838049412 ) ) ;
#5241 = VECTOR ( 'NONE', #372, 1000.000000000000000 ) ;
#5242 = CARTESIAN_POINT ( 'NONE',  ( 1.255595864406783058, 0.4792893218813755185, 86.74755059820743952 ) ) ;
#5243 = DIRECTION ( 'NONE',  ( 0.000000000000000000, 0.000000000000000000, 1.000000000000000000 ) ) ;
#5244 = ORIENTED_EDGE ( 'NONE', *, *, #2320, .F. ) ;
#5245 = CARTESIAN_POINT ( 'NONE',  ( 1.499999999999988010, 0.4500000000000060063, 104.2628561271959882 ) ) ;
#5246 = CARTESIAN_POINT ( 'NONE',  ( -0.5000000000062180261, 0.2999999999999944933, 90.11499602396600039 ) ) ;
#5247 = CARTESIAN_POINT ( 'NONE',  ( 1.349999999999965006, 0.5000000000000061062, 87.81864577567398555 ) ) ;
#5248 = VECTOR ( 'NONE', #4003, 1000.000000000000000 ) ;
#5249 = AXIS2_PLACEMENT_3D ( 'NONE', #5573, #1192, #4607 ) ;
#5250 = DIRECTION ( 'NONE',  ( -0.000000000000000000, -1.000000000000000000, -0.000000000000000000 ) ) ;
#5251 = LINE ( 'NONE', #2823, #44 ) ;
#5252 = DIRECTION ( 'NONE',  ( -0.000000000000000000, -0.000000000000000000, 1.000000000000000000 ) ) ;
#5253 = VECTOR ( 'NONE', #5949, 1000.000000000000000 ) ;
#5254 = CYLINDRICAL_SURFACE ( 'NONE', #5345, 0.05000000000000002359 ) ;
#5255 = CARTESIAN_POINT ( 'NONE',  ( 0.8149949999999850370, 0.2999999999999944933, 86.24044602396499215 ) ) ;
#5256 = ORIENTED_EDGE ( 'NONE', *, *, #735, .F. ) ;
#5257 = VECTOR ( 'NONE', #1537, 1000.000000000000000 ) ;
#5258 = ORIENTED_EDGE ( 'NONE', *, *, #4790, .T. ) ;
#5259 =( GEOMETRIC_REPRESENTATION_CONTEXT ( 3 ) GLOBAL_UNCERTAINTY_ASSIGNED_CONTEXT ( ( #2221 ) ) GLOBAL_UNIT_ASSIGNED_CONTEXT ( ( #4723, #3253, #5621 ) ) REPRESENTATION_CONTEXT ( 'NONE', 'WORKASPACE' ) );
#5260 = CARTESIAN_POINT ( 'NONE',  ( -1.387778780781445991E-14, 0.1224999999999999978, 88.01999602396909950 ) ) ;
#5261 = LINE ( 'NONE', #5292, #1772 ) ;
#5262 = PRESENTATION_LAYER_ASSIGNMENT (  '', '', ( #53 ) ) ;
#5263 = CARTESIAN_POINT ( 'NONE',  ( 0.8303717999999788990, 0.4500000000000060063, 85.56499602396600324 ) ) ;
#5264 = CARTESIAN_POINT ( 'NONE',  ( 0.8149949999990846461, 0.4792893218813479850, 86.46367205544821388 ) ) ;
#5265 = ORIENTED_EDGE ( 'NONE', *, *, #895, .F. ) ;
#5266 = VECTOR ( 'NONE', #5012, 1000.000000000000000 ) ;
#5267 =( GEOMETRIC_REPRESENTATION_CONTEXT ( 3 ) GLOBAL_UNCERTAINTY_ASSIGNED_CONTEXT ( ( #6066 ) ) GLOBAL_UNIT_ASSIGNED_CONTEXT ( ( #4762, #5278, #3768 ) ) REPRESENTATION_CONTEXT ( 'NONE', 'WORKASPACE' ) );
#5268 = CIRCLE ( 'NONE', #5988, 1.144999999999993356 ) ;
#5269 = CARTESIAN_POINT ( 'NONE',  ( 1.449999999999979972, 0.4500000000000060063, 104.2628561271959882 ) ) ;
#5270 = DIRECTION ( 'NONE',  ( -0.000000000000000000, -0.000000000000000000, 1.000000000000000000 ) ) ;
#5271 = VERTEX_POINT ( 'NONE', #4779 ) ;
#5272 = AXIS2_PLACEMENT_3D ( 'NONE', #6165, #2860, #4360 ) ;
#5273 = EDGE_LOOP ( 'NONE', ( #4043, #3780, #1132, #2688 ) ) ;
#5274 = EDGE_CURVE ( 'NONE', #255, #2247, #3922, .T. ) ;
#5275 = CARTESIAN_POINT ( 'NONE',  ( 0.3103994648600839623, 0.5000000000000000000, 84.36499602396600039 ) ) ;
#5276 = DIRECTION ( 'NONE',  ( 0.000000000000000000, 1.000000000000000000, 0.000000000000000000 ) ) ;
#5277 = CARTESIAN_POINT ( 'NONE',  ( -0.09324819972594819428, -0.8925062842198570046, 87.62879938304570260 ) ) ;
#5278 =( NAMED_UNIT ( * ) PLANE_ANGLE_UNIT ( ) SI_UNIT ( $, .RADIAN. ) );
#5279 = VERTEX_POINT ( 'NONE', #1810 ) ;
#5280 = CARTESIAN_POINT ( 'NONE',  ( 0.7965599999767980499, 0.5000000000000912603, 85.53570670208476656 ) ) ;
#5281 = FACE_OUTER_BOUND ( 'NONE', #3643, .T. ) ;
#5282 = EDGE_CURVE ( 'NONE', #2318, #4076, #5261, .T. ) ;
#5283 = DIRECTION ( 'NONE',  ( -0.9629542323458027964, 0.000000000000000000, 0.2696648779639379545 ) ) ;
#5284 = DIRECTION ( 'NONE',  ( 0.000000000000000000, 0.000000000000000000, 1.000000000000000000 ) ) ;
#5285 = CARTESIAN_POINT ( 'NONE',  ( 1.107671588904352467, -0.9035053820311346184, 89.53301531417913850 ) ) ;
#5286 = CARTESIAN_POINT ( 'NONE',  ( -1.449999999999999956, 0.4500000000000060063, 87.81864577567199603 ) ) ;
#5287 = CARTESIAN_POINT ( 'NONE',  ( 1.086441097756990048, -1.560000000000000053, 89.57045816498600743 ) ) ;
#5288 = EDGE_LOOP ( 'NONE', ( #2137, #5416, #3883, #4035 ) ) ;
#5289 = ORIENTED_EDGE ( 'NONE', *, *, #4107, .F. ) ;
#5290 = COLOUR_RGB ( '',0.000000000000000000, 0.000000000000000000, 0.000000000000000000 ) ;
#5291 = FACE_OUTER_BOUND ( 'NONE', #2029, .T. ) ;
#5292 = CARTESIAN_POINT ( 'NONE',  ( -0.8149950000000130146, 0.2999999999999944933, 86.21499602396599471 ) ) ;
#5293 =( LENGTH_UNIT ( ) NAMED_UNIT ( * ) SI_UNIT ( .MILLI., .METRE. ) );
#5294 = ORIENTED_EDGE ( 'NONE', *, *, #5508, .T. ) ;
#5295 = CARTESIAN_POINT ( 'NONE',  ( 0.000000000000000000, 0.000000000000000000, 53.86499602396599329 ) ) ;
#5296 = CIRCLE ( 'NONE', #3661, 0.4049999999999999711 ) ;
#5297 = CARTESIAN_POINT ( 'NONE',  ( -1.150973739945868157, 0.5000000000000814904, 86.73464905568181393 ) ) ;
#5298 = DIRECTION ( 'NONE',  ( 1.000000000000000000, 0.000000000000000000, 0.000000000000000000 ) ) ;
#5299 = VERTEX_POINT ( 'NONE', #938 ) ;
#5300 = ORIENTED_EDGE ( 'NONE', *, *, #5165, .F. ) ;
#5301 = CARTESIAN_POINT ( 'NONE',  ( -1.000000000000014211, 0.2999999999999944933, 87.18953935445298953 ) ) ;
#5302 = CARTESIAN_POINT ( 'NONE',  ( -0.08741151367705479736, -0.08582235883899949624, 88.02510728913908622 ) ) ;
#5303 = PLANE ( 'NONE',  #1386 ) ;
#5304 = PLANE ( 'NONE',  #3488 ) ;
#5305 = CARTESIAN_POINT ( 'NONE',  ( -1.349999999999532019, 0.5000000000000059952, 87.81864577568096308 ) ) ;
#5306 = PRESENTATION_STYLE_ASSIGNMENT (( #1464 ) ) ;
#5307 = FACE_OUTER_BOUND ( 'NONE', #381, .T. ) ;
#5308 = CARTESIAN_POINT ( 'NONE',  ( -1.387778780781445991E-14, -1.416128856606580166, 88.76999602396600153 ) ) ;
#5309 = LINE ( 'NONE', #1027, #1366 ) ;
#5310 = CARTESIAN_POINT ( 'NONE',  ( -0.8149950000000130146, 0.4500000000000060063, 85.01499602396589239 ) ) ;
#5311 = FILL_AREA_STYLE_COLOUR ( '', #4731 ) ;
#5312 = PLANE ( 'NONE',  #6306 ) ;
#5313 = ORIENTED_EDGE ( 'NONE', *, *, #4771, .T. ) ;
#5314 = EDGE_CURVE ( 'NONE', #196, #287, #4329, .T. ) ;
#5315 = ORIENTED_EDGE ( 'NONE', *, *, #345, .T. ) ;
#5316 = EDGE_CURVE ( 'NONE', #330, #5279, #1294, .T. ) ;
#5317 = VECTOR ( 'NONE', #4548, 1000.000000000000114 ) ;
#5318 = CARTESIAN_POINT ( 'NONE',  ( -1.157497499999867951, 0.2999999999999944933, 86.71499268920939585 ) ) ;
#5319 = CARTESIAN_POINT ( 'NONE',  ( 1.058053279326981899, -1.560000000000000053, 89.20765828885600968 ) ) ;
#5320 = FACE_OUTER_BOUND ( 'NONE', #3164, .T. ) ;
#5321 = DIRECTION ( 'NONE',  ( 0.000000000000000000, 1.000000000000000000, 0.000000000000000000 ) ) ;
#5322 = DIRECTION ( 'NONE',  ( -1.000000000000000000, 1.224646799147351975E-16, 0.000000000000000000 ) ) ;
#5323 = CARTESIAN_POINT ( 'NONE',  ( -0.9086991785601623572, 0.5000000000000059952, 86.68510076356788829 ) ) ;
#5324 = VERTEX_POINT ( 'NONE', #4834 ) ;
#5325 = EDGE_LOOP ( 'NONE', ( #621, #1031, #5204, #3915 ) ) ;
#5326 = VERTEX_POINT ( 'NONE', #1419 ) ;
#5327 = CARTESIAN_POINT ( 'NONE',  ( 1.180009520023991954, 0.2999999999999944933, 89.42472606815599079 ) ) ;
#5328 = CARTESIAN_POINT ( 'NONE',  ( -0.04024490711063145182, 0.1157004643536630045, 88.02107657072221514 ) ) ;
#5329 = DIRECTION ( 'NONE',  ( 0.000000000000000000, 1.000000000000000000, 0.000000000000000000 ) ) ;
#5330 = CARTESIAN_POINT ( 'NONE',  ( -1.399999999999970601, 0.4500000000000060063, 87.81864577567647245 ) ) ;
#5331 = SURFACE_STYLE_FILL_AREA ( #3864 ) ;
#5332 = DIRECTION ( 'NONE',  ( 0.000000000000000000, 1.000000000000000000, 0.000000000000000000 ) ) ;
#5333 = CIRCLE ( 'NONE', #3609, 0.4049999999999999711 ) ;
#5334 = DIRECTION ( 'NONE',  ( 1.000000000000000000, 0.000000000000000000, 0.000000000000000000 ) ) ;
#5335 = DIRECTION ( 'NONE',  ( -0.000000000000000000, -0.000000000000000000, 1.000000000000000000 ) ) ;
#5336 = FILL_AREA_STYLE ('',( #3012 ) ) ;
#5337 = DIRECTION ( 'NONE',  ( 0.4357831908166904800, 0.000000000000000000, -0.9000516710731800707 ) ) ;
#5338 = DIRECTION ( 'NONE',  ( 0.000000000000000000, 1.000000000000000000, 0.000000000000000000 ) ) ;
#5339 = ORIENTED_EDGE ( 'NONE', *, *, #6016, .F. ) ;
#5340 = CIRCLE ( 'NONE', #4119, 1.144999999999993356 ) ;
#5341 = EDGE_LOOP ( 'NONE', ( #2897, #92, #519, #3764 ) ) ;
#5342 = EDGE_CURVE ( 'NONE', #2968, #3514, #5224, .T. ) ;
#5343 = EDGE_CURVE ( 'NONE', #1238, #2498, #4019, .T. ) ;
#5344 = EDGE_CURVE ( 'NONE', #4806, #3610, #5333, .T. ) ;
#5345 = AXIS2_PLACEMENT_3D ( 'NONE', #4322, #1900, #1413 ) ;
#5346 = PLANE ( 'NONE',  #2038 ) ;
#5347 = VECTOR ( 'NONE', #3485, 1000.000000000000000 ) ;
#5348 = EDGE_CURVE ( 'NONE', #3514, #3898, #2361, .T. ) ;
#5349 = LINE ( 'NONE', #48, #1774 ) ;
#5350 = CARTESIAN_POINT ( 'NONE',  ( -1.157497499995383539, 0.4500000000000060063, 86.71499268920796055 ) ) ;
#5351 = CARTESIAN_POINT ( 'NONE',  ( -1.232537796352836112, -0.9932696484413023885, 89.30839697173800573 ) ) ;
#5352 = EDGE_CURVE ( 'NONE', #2206, #5888, #3304, .T. ) ;
#5353 = ORIENTED_EDGE ( 'NONE', *, *, #3094, .T. ) ;
#5354 = CONICAL_SURFACE ( 'NONE', #2099, 1.345000000023896636, 0.3490658506378628845 ) ;
#5355 = AXIS2_PLACEMENT_3D ( 'NONE', #2263, #3204, #1833 ) ;
#5356 = EDGE_CURVE ( 'NONE', #2429, #6123, #5195, .T. ) ;
#5357 = COLOUR_RGB ( '',0.9450980392156862475, 0.7568627450980391913, 0.1764705882352941013 ) ;
#5358 = CARTESIAN_POINT ( 'NONE',  ( -1.387778780781445991E-14, 0.1224999999999999978, 87.62499602396600551 ) ) ;
#5359 = VERTEX_POINT ( 'NONE', #4199 ) ;
#5360 = VECTOR ( 'NONE', #5735, 1000.000000000000000 ) ;
#5361 = VERTEX_POINT ( 'NONE', #808 ) ;
#5362 = ORIENTED_EDGE ( 'NONE', *, *, #2042, .T. ) ;
#5363 = DIRECTION ( 'NONE',  ( -1.000000000000000000, -0.000000000000000000, -0.000000000000000000 ) ) ;
#5364 = CARTESIAN_POINT ( 'NONE',  ( -1.428210840455967912, 0.4500000000000060063, 87.86364835922459804 ) ) ;
#5365 = CYLINDRICAL_SURFACE ( 'NONE', #347, 0.4049999999999999711 ) ;
#5366 = CARTESIAN_POINT ( 'NONE',  ( 1.499999999999988010, 0.2999999999999944933, 89.36999602396599585 ) ) ;
#5367 = CARTESIAN_POINT ( 'NONE',  ( 1.249990000000000157, 0.2999999999999944933, 87.84999999999999432 ) ) ;
#5368 = DIRECTION ( 'NONE',  ( 0.000000000000000000, -1.000000000000000000, 0.000000000000000000 ) ) ;
#5369 = DIRECTION ( 'NONE',  ( -1.000000000000000000, -0.000000000000000000, -0.000000000000000000 ) ) ;
#5370 = AXIS2_PLACEMENT_3D ( 'NONE', #3544, #3913, #3407 ) ;
#5371 = SURFACE_SIDE_STYLE ('',( #1469 ) ) ;
#5372 = CARTESIAN_POINT ( 'NONE',  ( 0.1499999999992896182, -1.560000000000000053, 87.42887936308000008 ) ) ;
#5373 = DIRECTION ( 'NONE',  ( 0.000000000000000000, 0.000000000000000000, -1.000000000000000000 ) ) ;
#5374 = PRESENTATION_STYLE_ASSIGNMENT (( #5711 ) ) ;
#5375 = CARTESIAN_POINT ( 'NONE',  ( 0.2720753572082595384, 0.2999999999999944933, 85.01499602396599187 ) ) ;
#5376 = CARTESIAN_POINT ( 'NONE',  ( -1.400000000000011902, 0.2999999999999944933, 86.90000000000000568 ) ) ;
#5377 = EDGE_LOOP ( 'NONE', ( #982, #3763, #1092, #6333, #6267, #5219, #2021, #2836 ) ) ;
#5378 = EDGE_LOOP ( 'NONE', ( #2728, #539, #6047, #1763, #4388, #2746, #5795 ) ) ;
#5379 = CARTESIAN_POINT ( 'NONE',  ( 0.8149949999999850370, 0.4500000000000060063, 85.51499602396599187 ) ) ;
#5380 = CYLINDRICAL_SURFACE ( 'NONE', #1975, 0.2500000000000000000 ) ;
#5381 = DIRECTION ( 'NONE',  ( 0.000000000000000000, 1.000000000000000000, 0.000000000000000000 ) ) ;
#5382 = CARTESIAN_POINT ( 'NONE',  ( -1.122772365818998086, -0.8820668768320563125, 89.51069474448007668 ) ) ;
#5383 = EDGE_LOOP ( 'NONE', ( #577, #996, #596, #1661 ) ) ;
#5384 = EDGE_CURVE ( 'NONE', #5448, #696, #5736, .T. ) ;
#5385 = CARTESIAN_POINT ( 'NONE',  ( -1.045695800895904082, -1.416128856630449961, 89.54693385687900786 ) ) ;
#5386 = CARTESIAN_POINT ( 'NONE',  ( -0.1802775637732149938, 0.2999999999999944933, 86.90000000000000568 ) ) ;
#5387 = ORIENTED_EDGE ( 'NONE', *, *, #1765, .F. ) ;
#5388 = CARTESIAN_POINT ( 'NONE',  ( 0.1360915488845967358, -0.9447422831974914281, 87.43188734509340065 ) ) ;
#5389 = VECTOR ( 'NONE', #2370, 1000.000000000000000 ) ;
#5390 = ORIENTED_EDGE ( 'NONE', *, *, #2969, .T. ) ;
#5391 = EDGE_LOOP ( 'NONE', ( #3653, #1524, #3209, #2530 ) ) ;
#5392 = AXIS2_PLACEMENT_3D ( 'NONE', #1572, #606, #2573 ) ;
#5393 = CARTESIAN_POINT ( 'NONE',  ( 0.8519870187723488364, 0.4999999999999998890, 86.53890798289670272 ) ) ;
#5394 = LINE ( 'NONE', #6310, #3838 ) ;
#5395 = FACE_OUTER_BOUND ( 'NONE', #2918, .T. ) ;
#5396 = ORIENTED_EDGE ( 'NONE', *, *, #5547, .F. ) ;
#5397 = FILL_AREA_STYLE_COLOUR ( '', #2506 ) ;
#5398 = EDGE_CURVE ( 'NONE', #6073, #3223, #4715, .T. ) ;
#5399 = DIRECTION ( 'NONE',  ( 1.000000000000000000, 0.000000000000000000, 0.000000000000000000 ) ) ;
#5400 = CARTESIAN_POINT ( 'NONE',  ( 0.7165600001297285360, 0.4500000000000061173, 85.04813310884115651 ) ) ;
#5401 = ORIENTED_EDGE ( 'NONE', *, *, #3257, .F. ) ;
#5402 = DIRECTION ( 'NONE',  ( -1.000000000000000000, -0.000000000000000000, -0.000000000000000000 ) ) ;
#5403 = CARTESIAN_POINT ( 'NONE',  ( 1.150973739941218987, 0.5000000000000018874, 86.73464905568020811 ) ) ;
#5404 = CARTESIAN_POINT ( 'NONE',  ( -1.387778780781445991E-14, 0.5000000000000000000, 88.76999602396600153 ) ) ;
#5405 = ORIENTED_EDGE ( 'NONE', *, *, #2627, .F. ) ;
#5406 = ORIENTED_EDGE ( 'NONE', *, *, #6094, .T. ) ;
#5407 = CARTESIAN_POINT ( 'NONE',  ( 0.7965599999555369459, 0.4887769361553159220, 85.53343102400589260 ) ) ;
#5408 = CARTESIAN_POINT ( 'NONE',  ( 0.1499999999992896182, -1.009999999999316111, 87.63486387306890890 ) ) ;
#5409 = CARTESIAN_POINT ( 'NONE',  ( -1.500000000000000000, 0.2999999999999944933, 89.36999602396599585 ) ) ;
#5410 = CARTESIAN_POINT ( 'NONE',  ( -1.082723291722730519, -0.9988652061869882637, 89.56795320336316024 ) ) ;
#5411 = CARTESIAN_POINT ( 'NONE',  ( -1.378593929787878720E-14, -1.653000000000000025, 88.01999602396909950 ) ) ;
#5412 = VERTEX_POINT ( 'NONE', #6195 ) ;
#5413 = AXIS2_PLACEMENT_3D ( 'NONE', #412, #5329, #2904 ) ;
#5414 = DIRECTION ( 'NONE',  ( -0.000000000000000000, -0.000000000000000000, 1.000000000000000000 ) ) ;
#5415 = CARTESIAN_POINT ( 'NONE',  ( -0.04077710628811183347, -0.1163264428621673813, 87.62565539660363356 ) ) ;
#5416 = ORIENTED_EDGE ( 'NONE', *, *, #1331, .F. ) ;
#5417 = CARTESIAN_POINT ( 'NONE',  ( -0.7067735684293858789, 0.5000000000000000000, 85.54653299368426644 ) ) ;
#5418 = EDGE_CURVE ( 'NONE', #2247, #255, #338, .T. ) ;
#5419 = VERTEX_POINT ( 'NONE', #4265 ) ;
#5420 = ORIENTED_EDGE ( 'NONE', *, *, #4521, .T. ) ;
#5421 = EDGE_CURVE ( 'NONE', #6154, #437, #3706, .T. ) ;
#5422 = CARTESIAN_POINT ( 'NONE',  ( 0.000000000000000000, 0.000000000000000000, 34.86499602396599329 ) ) ;
#5423 = EDGE_CURVE ( 'NONE', #5747, #69, #4299, .T. ) ;
#5424 = DIRECTION ( 'NONE',  ( 0.000000000000000000, 0.000000000000000000, -1.000000000000000000 ) ) ;
#5425 = DIRECTION ( 'NONE',  ( 0.000000000000000000, 1.000000000000000000, 0.000000000000000000 ) ) ;
#5426 = ORIENTED_EDGE ( 'NONE', *, *, #5707, .F. ) ;
#5427 = EDGE_CURVE ( 'NONE', #6154, #5527, #587, .T. ) ;
#5428 = EDGE_CURVE ( 'NONE', #1443, #3474, #1447, .T. ) ;
#5429 = CARTESIAN_POINT ( 'NONE',  ( -0.8352992848645074409, 0.5000000000000001110, 86.51523976643775882 ) ) ;
#5430 = CARTESIAN_POINT ( 'NONE',  ( -0.1499999999993174016, -1.560000000000000053, 88.76999602396600153 ) ) ;
#5431 = CARTESIAN_POINT ( 'NONE',  ( 0.7165599999999910930, 0.4792893218814157641, 85.09499602374452820 ) ) ;
#5432 = EDGE_CURVE ( 'NONE', #2200, #4041, #1000, .T. ) ;
#5433 = ORIENTED_EDGE ( 'NONE', *, *, #39, .T. ) ;
#5434 = ORIENTED_EDGE ( 'NONE', *, *, #1597, .F. ) ;
#5435 = EDGE_CURVE ( 'NONE', #69, #96, #5340, .T. ) ;
#5436 = DIRECTION ( 'NONE',  ( 0.000000000000000000, 1.000000000000000000, 0.000000000000000000 ) ) ;
#5437 = DIRECTION ( 'NONE',  ( 0.000000000000000000, 0.000000000000000000, 1.000000000000000000 ) ) ;
#5438 = CYLINDRICAL_SURFACE ( 'NONE', #256, 0.4000000000000000777 ) ;
#5439 = CARTESIAN_POINT ( 'NONE',  ( -0.8149950000000130146, 0.4500000000000060063, 85.51499602396599187 ) ) ;
#5440 = CARTESIAN_POINT ( 'NONE',  ( -1.387778780781445991E-14, -1.299999999974321918, 88.76999602396600153 ) ) ;
#5441 = ORIENTED_EDGE ( 'NONE', *, *, #5421, .T. ) ;
#5442 = MECHANICAL_DESIGN_GEOMETRIC_PRESENTATION_REPRESENTATION (  '', ( #6056 ), #1250 ) ;
#5443 = ORIENTED_EDGE ( 'NONE', *, *, #5398, .T. ) ;
#5444 = CARTESIAN_POINT ( 'NONE',  ( -1.387778780781445991E-14, -1.653000000000000025, 89.91499602396599755 ) ) ;
#5445 = CARTESIAN_POINT ( 'NONE',  ( -1.230036277991624516, 0.5000000000000059952, 86.79174947385105554 ) ) ;
#5446 = DIRECTION ( 'NONE',  ( 0.000000000000000000, 1.000000000000000000, 0.000000000000000000 ) ) ;
#5447 = FACE_OUTER_BOUND ( 'NONE', #4922, .T. ) ;
#5448 = VERTEX_POINT ( 'NONE', #4457 ) ;
#5449 = AXIS2_PLACEMENT_3D ( 'NONE', #420, #5792, #2793 ) ;
#5450 = SURFACE_SIDE_STYLE ('',( #4977 ) ) ;
#5451 = CARTESIAN_POINT ( 'NONE',  ( -0.5270000000000140128, 0.2999999999999944933, 90.10775836525598947 ) ) ;
#5452 = ADVANCED_FACE ( 'NONE', ( #2452 ), #5380, .T. ) ;
#5453 = ORIENTED_EDGE ( 'NONE', *, *, #6102, .F. ) ;
#5454 = AXIS2_PLACEMENT_3D ( 'NONE', #4796, #1338, #4156 ) ;
#5455 = ORIENTED_EDGE ( 'NONE', *, *, #6026, .F. ) ;
#5456 = ORIENTED_EDGE ( 'NONE', *, *, #4491, .F. ) ;
#5457 = ORIENTED_EDGE ( 'NONE', *, *, #504, .F. ) ;
#5458 = VECTOR ( 'NONE', #4736, 1000.000000000000000 ) ;
#5459 = VECTOR ( 'NONE', #5552, 1000.000000000000114 ) ;
#5460 = DIRECTION ( 'NONE',  ( -1.000000000000000000, 0.000000000000000000, 0.000000000000000000 ) ) ;
#5461 = LINE ( 'NONE', #5944, #3638 ) ;
#5462 =( NAMED_UNIT ( * ) PLANE_ANGLE_UNIT ( ) SI_UNIT ( $, .RADIAN. ) );
#5463 = EDGE_LOOP ( 'NONE', ( #3287, #4757, #2077, #2656, #2079, #6224, #204, #2282 ) ) ;
#5464 = PRESENTATION_LAYER_ASSIGNMENT (  '', '', ( #759 ) ) ;
#5465 = FACE_OUTER_BOUND ( 'NONE', #1424, .T. ) ;
#5466 = CARTESIAN_POINT ( 'NONE',  ( 1.551763809020515694, 1.900362581749679395E-16, 53.90471579162801419 ) ) ;
#5467 = EDGE_CURVE ( 'NONE', #4532, #20, #965, .T. ) ;
#5468 = ORIENTED_EDGE ( 'NONE', *, *, #5824, .T. ) ;
#5469 = ORIENTED_EDGE ( 'NONE', *, *, #2076, .F. ) ;
#5470 = VECTOR ( 'NONE', #3868, 1000.000000000000227 ) ;
#5471 = EDGE_CURVE ( 'NONE', #2340, #4083, #1456, .T. ) ;
#5472 = CARTESIAN_POINT ( 'NONE',  ( -1.387778780781445991E-14, -1.653000000000000025, 88.76999602396600153 ) ) ;
#5473 = CARTESIAN_POINT ( 'NONE',  ( -1.059280421072909428, -1.464084826403639017, 89.55477694099519681 ) ) ;
#5474 = DIRECTION ( 'NONE',  ( 1.000000000000000000, 0.000000000000000000, 0.000000000000000000 ) ) ;
#5475 = FACE_OUTER_BOUND ( 'NONE', #5137, .T. ) ;
#5476 = ORIENTED_EDGE ( 'NONE', *, *, #3508, .F. ) ;
#5477 = ORIENTED_EDGE ( 'NONE', *, *, #4684, .T. ) ;
#5478 = AXIS2_PLACEMENT_3D ( 'NONE', #4679, #269, #5160 ) ;
#5479 = CYLINDRICAL_SURFACE ( 'NONE', #140, 1.144999999999993356 ) ;
#5480 = CARTESIAN_POINT ( 'NONE',  ( 1.022390119202963854, -0.8746980263238109954, 89.28549912207130035 ) ) ;
#5481 = DIRECTION ( 'NONE',  ( 1.000000000000000000, 0.000000000000000000, 0.000000000000000000 ) ) ;
#5482 = EDGE_LOOP ( 'NONE', ( #531, #1275, #5909, #3185 ) ) ;
#5483 = CARTESIAN_POINT ( 'NONE',  ( 1.149999999999983924, -0.7500000000000000000, 87.80217870674219682 ) ) ;
#5484 = CARTESIAN_POINT ( 'NONE',  ( -1.141747749996702144, 0.5000000000000000000, 86.76244735573260414 ) ) ;
#5485 = ORIENTED_EDGE ( 'NONE', *, *, #704, .T. ) ;
#5486 = CARTESIAN_POINT ( 'NONE',  ( -0.7500000000000000000, 9.184850993605149670E-17, 54.32660299285757333 ) ) ;
#5487 = EDGE_LOOP ( 'NONE', ( #1288, #3955, #2046, #3584 ) ) ;
#5488 = ORIENTED_EDGE ( 'NONE', *, *, #3280, .T. ) ;
#5489 = VECTOR ( 'NONE', #2680, 1000.000000000000000 ) ;
#5490 = CARTESIAN_POINT ( 'NONE',  ( 1.045695800894931971, -1.416128856618763976, 89.54693385687390617 ) ) ;
#5491 = CARTESIAN_POINT ( 'NONE',  ( 0.004524088126571272454, 0.1224999999999975830, 87.62499602396599130 ) ) ;
#5492 = EDGE_LOOP ( 'NONE', ( #3030, #1222, #4863, #1297 ) ) ;
#5493 = LINE ( 'NONE', #636, #3422 ) ;
#5494 = CARTESIAN_POINT ( 'NONE',  ( 1.428210840463170150, -4.245416000000000523, 87.86364835922759653 ) ) ;
#5495 = DIRECTION ( 'NONE',  ( 0.8660254037757392220, 0.000000000000000000, -0.5000000000150679469 ) ) ;
#5496 = ADVANCED_FACE ( 'NONE', ( #1587 ), #5479, .F. ) ;
#5497 = ORIENTED_EDGE ( 'NONE', *, *, #1850, .T. ) ;
#5498 = AXIS2_PLACEMENT_3D ( 'NONE', #5911, #1118, #22 ) ;
#5499 = EDGE_LOOP ( 'NONE', ( #3300, #2867, #4592, #4399 ) ) ;
#5500 = CARTESIAN_POINT ( 'NONE',  ( -0.1179977246759727483, -0.9158840053664063507, 87.43015196169997694 ) ) ;
#5501 = DIRECTION ( 'NONE',  ( -0.2589201951992030626, 0.000000000000000000, 0.9658987175258111346 ) ) ;
#5502 = CIRCLE ( 'NONE', #4276, 1.349479121017210792 ) ;
#5503 = DIRECTION ( 'NONE',  ( -0.000000000000000000, -1.000000000000000000, -0.000000000000000000 ) ) ;
#5504 =( NAMED_UNIT ( * ) PLANE_ANGLE_UNIT ( ) SI_UNIT ( $, .RADIAN. ) );
#5505 = ORIENTED_EDGE ( 'NONE', *, *, #2626, .T. ) ;
#5506 = ORIENTED_EDGE ( 'NONE', *, *, #1048, .T. ) ;
#5507 = PRESENTATION_LAYER_ASSIGNMENT (  '', '', ( #1636 ) ) ;
#5508 = EDGE_CURVE ( 'NONE', #3223, #196, #1934, .T. ) ;
#5509 =( NAMED_UNIT ( * ) PLANE_ANGLE_UNIT ( ) SI_UNIT ( $, .RADIAN. ) );
#5510 = CARTESIAN_POINT ( 'NONE',  ( 1.057680125517239889, -0.9929961987921180899, 89.20855930570060366 ) ) ;
#5511 = CARTESIAN_POINT ( 'NONE',  ( -1.147778968682978684, -0.8628401679238292266, 89.47135436009379816 ) ) ;
#5512 = EDGE_CURVE ( 'NONE', #1254, #4981, #5546, .T. ) ;
#5513 = CARTESIAN_POINT ( 'NONE',  ( -1.082537796358959969, -1.299999999994693844, 89.56820459287459357 ) ) ;
#5514 = EDGE_CURVE ( 'NONE', #255, #4138, #5960, .T. ) ;
#5515 = ORIENTED_EDGE ( 'NONE', *, *, #5236, .T. ) ;
#5516 = EDGE_CURVE ( 'NONE', #6, #5419, #2393, .T. ) ;
#5517 = APPLICATION_CONTEXT ( 'automotive_design' ) ;
#5518 = DIRECTION ( 'NONE',  ( -1.000000000000000000, 0.000000000000000000, 0.000000000000000000 ) ) ;
#5519 = CARTESIAN_POINT ( 'NONE',  ( -1.387778780781445991E-14, 0.000000000000000000, 88.76999602396600153 ) ) ;
#5520 = VERTEX_POINT ( 'NONE', #109 ) ;
#5521 = DIRECTION ( 'NONE',  ( 0.000000000000000000, 0.000000000000000000, 1.000000000000000000 ) ) ;
#5522 = EDGE_LOOP ( 'NONE', ( #5083, #5013, #6135, #2178 ) ) ;
#5523 = AXIS2_PLACEMENT_3D ( 'NONE', #3928, #1339, #446 ) ;
#5524 = LINE ( 'NONE', #4597, #797 ) ;
#5525 = CARTESIAN_POINT ( 'NONE',  ( -1.386278588452490511E-14, -0.1224999999999999978, 88.76999602396600153 ) ) ;
#5526 = CARTESIAN_POINT ( 'NONE',  ( -1.386278588452490511E-14, -0.1224999999999999978, 87.81999602396899718 ) ) ;
#5527 = VERTEX_POINT ( 'NONE', #5408 ) ;
#5528 = CARTESIAN_POINT ( 'NONE',  ( -0.5270000000000140128, 0.2999999999999944933, 90.01231840487599811 ) ) ;
#5529 = EDGE_CURVE ( 'NONE', #762, #5933, #3102, .T. ) ;
#5530 = ORIENTED_EDGE ( 'NONE', *, *, #29, .T. ) ;
#5531 = ORIENTED_EDGE ( 'NONE', *, *, #2392, .T. ) ;
#5532 = CARTESIAN_POINT ( 'NONE',  ( -1.499999999999999778, 0.4500000000000060063, 87.90024184023026521 ) ) ;
#5533 = LINE ( 'NONE', #707, #3224 ) ;
#5534 = FACE_OUTER_BOUND ( 'NONE', #1498, .T. ) ;
#5535 = CARTESIAN_POINT ( 'NONE',  ( -0.7165600000000189596, 0.2999999999999944933, 85.43499602397899650 ) ) ;
#5536 = ORIENTED_EDGE ( 'NONE', *, *, #1651, .T. ) ;
#5537 = VERTEX_POINT ( 'NONE', #5827 ) ;
#5538 = CARTESIAN_POINT ( 'NONE',  ( -0.1499999999993174016, -1.560000000002530030, 87.42887936309568886 ) ) ;
#5539 = CARTESIAN_POINT ( 'NONE',  ( -0.4000000000000000222, 4.898587196589413075E-17, 29.36499602396599329 ) ) ;
#5540 = CIRCLE ( 'NONE', #4416, 0.04999999999999381328 ) ;
#5541 = CARTESIAN_POINT ( 'NONE',  ( -1.500000000000000000, 0.2999999999999944933, 89.37468692922600155 ) ) ;
#5542 = FILL_AREA_STYLE ('',( #2169 ) ) ;
#5543 = ORIENTED_EDGE ( 'NONE', *, *, #3437, .F. ) ;
#5544 = EDGE_CURVE ( 'NONE', #4782, #4846, #5349, .T. ) ;
#5545 = ADVANCED_FACE ( 'NONE', ( #3905 ), #441, .T. ) ;
#5546 = CIRCLE ( 'NONE', #2993, 0.04999999999999903133 ) ;
#5547 = EDGE_CURVE ( 'NONE', #121, #6255, #947, .T. ) ;
#5548 = DIRECTION ( 'NONE',  ( -0.000000000000000000, -0.000000000000000000, 1.000000000000000000 ) ) ;
#5549 = ADVANCED_FACE ( 'NONE', ( #5860 ), #1483, .F. ) ;
#5550 = DIRECTION ( 'NONE',  ( 1.000000000000000000, 0.000000000000000000, 0.000000000000000000 ) ) ;
#5551 = VERTEX_POINT ( 'NONE', #5997 ) ;
#5552 = DIRECTION ( 'NONE',  ( 0.000000000000000000, -3.306093892891736154E-05, -0.9999999994534871650 ) ) ;
#5553 = ORIENTED_EDGE ( 'NONE', *, *, #5121, .F. ) ;
#5554 = AXIS2_PLACEMENT_3D ( 'NONE', #2980, #4963, #4861 ) ;
#5555 = ADVANCED_FACE ( 'NONE', ( #6088 ), #3177, .T. ) ;
#5556 = EDGE_CURVE ( 'NONE', #3770, #1404, #5636, .T. ) ;
#5557 = AXIS2_PLACEMENT_3D ( 'NONE', #3233, #2735, #3710 ) ;
#5558 = DIRECTION ( 'NONE',  ( 0.000000000000000000, 1.000000000000000000, 0.000000000000000000 ) ) ;
#5559 = CIRCLE ( 'NONE', #3414, 0.07999999999999868328 ) ;
#5560 = LINE ( 'NONE', #5016, #1390 ) ;
#5561 =( GEOMETRIC_REPRESENTATION_CONTEXT ( 3 ) GLOBAL_UNCERTAINTY_ASSIGNED_CONTEXT ( ( #1207 ) ) GLOBAL_UNIT_ASSIGNED_CONTEXT ( ( #2084, #5462, #603 ) ) REPRESENTATION_CONTEXT ( 'NONE', 'WORKASPACE' ) );
#5562 = CARTESIAN_POINT ( 'NONE',  ( 1.059280421070837308, -1.464084826388083238, 89.55477694098948405 ) ) ;
#5563 = ORIENTED_EDGE ( 'NONE', *, *, #2129, .T. ) ;
#5564 = CARTESIAN_POINT ( 'NONE',  ( 0.5649949999999850370, -0.5000000000000000000, 88.76999602396600153 ) ) ;
#5565 = CYLINDRICAL_SURFACE ( 'NONE', #400, 0.04999999999999996808 ) ;
#5566 = AXIS2_PLACEMENT_3D ( 'NONE', #5947, #2086, #5079 ) ;
#5567 = ORIENTED_EDGE ( 'NONE', *, *, #1962, .T. ) ;
#5568 = VECTOR ( 'NONE', #5495, 1000.000000000000114 ) ;
#5569 = ORIENTED_EDGE ( 'NONE', *, *, #2424, .F. ) ;
#5570 = VECTOR ( 'NONE', #5381, 1000.000000000000000 ) ;
#5571 = CARTESIAN_POINT ( 'NONE',  ( -1.387778780781445991E-14, 0.000000000000000000, 85.41999602396599300 ) ) ;
#5572 = PLANE ( 'NONE',  #4855 ) ;
#5573 = CARTESIAN_POINT ( 'NONE',  ( -1.499999999999999556, 0.000000000000000000, 42.59783873644060748 ) ) ;
#5574 = CARTESIAN_POINT ( 'NONE',  ( -0.5270000000000140128, 0.2999999999999944933, 90.01231840487599811 ) ) ;
#5575 =( NAMED_UNIT ( * ) PLANE_ANGLE_UNIT ( ) SI_UNIT ( $, .RADIAN. ) );
#5576 = ORIENTED_EDGE ( 'NONE', *, *, #1800, .F. ) ;
#5577 = ORIENTED_EDGE ( 'NONE', *, *, #2437, .T. ) ;
#5578 = AXIS2_PLACEMENT_3D ( 'NONE', #2813, #4793, #5751 ) ;
#5579 = VECTOR ( 'NONE', #570, 1000.000000000000000 ) ;
#5580 = CARTESIAN_POINT ( 'NONE',  ( 1.058053279324079998, -1.004322751735844843, 89.20765828885929238 ) ) ;
#5581 = DIRECTION ( 'NONE',  ( 0.000000000000000000, 1.000000000000000000, 0.000000000000000000 ) ) ;
#5582 = CARTESIAN_POINT ( 'NONE',  ( -1.378593929787878720E-14, -1.653000000000000025, 88.01999602396909950 ) ) ;
#5583 = VECTOR ( 'NONE', #5446, 1000.000000000000000 ) ;
#5584 = ORIENTED_EDGE ( 'NONE', *, *, #4874, .T. ) ;
#5585 = DIRECTION ( 'NONE',  ( -0.000000000000000000, -0.000000000000000000, 1.000000000000000000 ) ) ;
#5586 = DIRECTION ( 'NONE',  ( 0.000000000000000000, 0.000000000000000000, -1.000000000000000000 ) ) ;
#5587 = ADVANCED_FACE ( 'NONE', ( #5004 ), #4645, .T. ) ;
#5588 = VERTEX_POINT ( 'NONE', #5538 ) ;
#5589 = CARTESIAN_POINT ( 'NONE',  ( -0.3103994648601114958, 0.5000000000000000000, 84.36499602396600039 ) ) ;
#5590 = FACE_OUTER_BOUND ( 'NONE', #4712, .T. ) ;
#5591 = CARTESIAN_POINT ( 'NONE',  ( 0.1201730444645143642, 0.02739773403981687547, 87.63131879002082769 ) ) ;
#5592 = DIRECTION ( 'NONE',  ( -0.9000516710731800707, 0.000000000000000000, 0.4357831908166904800 ) ) ;
#5593 = VERTEX_POINT ( 'NONE', #4101 ) ;
#5594 = CYLINDRICAL_SURFACE ( 'NONE', #1789, 0.1224999999999999978 ) ;
#5595 = VECTOR ( 'NONE', #3971, 1000.000000000000000 ) ;
#5596 = ORIENTED_EDGE ( 'NONE', *, *, #434, .F. ) ;
#5597 = VERTEX_POINT ( 'NONE', #617 ) ;
#5598 = CARTESIAN_POINT ( 'NONE',  ( -1.180009520020619984, 0.2999999999999944933, 89.42472606815579184 ) ) ;
#5599 = CYLINDRICAL_SURFACE ( 'NONE', #2919, 0.05000000000000002359 ) ;
#5600 = DIRECTION ( 'NONE',  ( 0.000000000000000000, 1.000000000000000000, 0.000000000000000000 ) ) ;
#5601 = SURFACE_STYLE_USAGE ( .BOTH. , #2284 ) ;
#5602 = CARTESIAN_POINT ( 'NONE',  ( -1.387778780781445991E-14, 0.000000000000000000, 84.51499602396599187 ) ) ;
#5603 = ORIENTED_EDGE ( 'NONE', *, *, #3557, .T. ) ;
#5604 = AXIS2_PLACEMENT_3D ( 'NONE', #2342, #1822, #3288 ) ;
#5605 = ORIENTED_EDGE ( 'NONE', *, *, #5041, .F. ) ;
#5606 = CIRCLE ( 'NONE', #2144, 1.345000000023896636 ) ;
#5607 =( LENGTH_UNIT ( ) NAMED_UNIT ( * ) SI_UNIT ( .MILLI., .METRE. ) );
#5608 = CARTESIAN_POINT ( 'NONE',  ( 1.055079382190753812, -0.9596454461426355831, 89.21484110111582311 ) ) ;
#5609 = FACE_OUTER_BOUND ( 'NONE', #4465, .T. ) ;
#5610 = DIRECTION ( 'NONE',  ( 1.000000000000000000, 0.000000000000000000, 0.000000000000000000 ) ) ;
#5611 = VERTEX_POINT ( 'NONE', #737 ) ;
#5612 = ORIENTED_EDGE ( 'NONE', *, *, #3442, .T. ) ;
#5613 = COLOUR_RGB ( '',0.000000000000000000, 0.000000000000000000, 0.000000000000000000 ) ;
#5614 = DIRECTION ( 'NONE',  ( 1.000000000000000000, 0.000000000000000000, 0.000000000000000000 ) ) ;
#5615 = ORIENTED_EDGE ( 'NONE', *, *, #5205, .F. ) ;
#5616 = DIRECTION ( 'NONE',  ( 0.000000000000000000, 1.000000000000000000, 0.000000000000000000 ) ) ;
#5617 = CYLINDRICAL_SURFACE ( 'NONE', #1932, 0.4049999999999999711 ) ;
#5618 = FACE_OUTER_BOUND ( 'NONE', #4090, .T. ) ;
#5619 = DIRECTION ( 'NONE',  ( 0.000000000000000000, 1.000000000000000000, 0.000000000000000000 ) ) ;
#5620 = ORIENTED_EDGE ( 'NONE', *, *, #5662, .F. ) ;
#5621 =( NAMED_UNIT ( * ) SI_UNIT ( $, .STERADIAN. ) SOLID_ANGLE_UNIT ( ) );
#5622 = EDGE_CURVE ( 'NONE', #3225, #437, #4522, .T. ) ;
#5623 = AXIS2_PLACEMENT_3D ( 'NONE', #5211, #5692, #733 ) ;
#5624 = EDGE_CURVE ( 'NONE', #2707, #4509, #3202, .T. ) ;
#5625 = VERTEX_POINT ( 'NONE', #4045 ) ;
#5626 = EDGE_CURVE ( 'NONE', #6123, #842, #5065, .T. ) ;
#5627 = ADVANCED_FACE ( 'NONE', ( #2195 ), #5758, .F. ) ;
#5628 = EDGE_CURVE ( 'NONE', #4015, #2623, #1908, .T. ) ;
#5629 = CARTESIAN_POINT ( 'NONE',  ( 0.2499999999999865108, -1.300000000000000044, 89.06999602396599869 ) ) ;
#5630 = DIRECTION ( 'NONE',  ( -1.000000000000000000, 0.000000000000000000, 3.050032448825845160E-10 ) ) ;
#5631 = CARTESIAN_POINT ( 'NONE',  ( 0.6665599999997874336, 0.5000000000000058842, 85.51114826084369724 ) ) ;
#5632 = EDGE_CURVE ( 'NONE', #2318, #678, #1984, .T. ) ;
#5633 = ORIENTED_EDGE ( 'NONE', *, *, #5810, .T. ) ;
#5634 = ORIENTED_EDGE ( 'NONE', *, *, #3084, .F. ) ;
#5635 = ADVANCED_FACE ( 'NONE', ( #1160 ), #4588, .F. ) ;
#5636 = LINE ( 'NONE', #3655, #6271 ) ;
#5637 = DIRECTION ( 'NONE',  ( -0.000000000000000000, -1.000000000000000000, -0.000000000000000000 ) ) ;
#5638 = CARTESIAN_POINT ( 'NONE',  ( 0.09425836779148906441, -0.8921168091084117346, 87.62879388715020923 ) ) ;
#5639 = CARTESIAN_POINT ( 'NONE',  ( -1.045112833371484085, -0.9167559493307999574, 89.23771834064790198 ) ) ;
#5640 = EDGE_LOOP ( 'NONE', ( #1174, #5905, #5690, #6147, #6331, #5040, #1876, #4182, #1616, #2992, #5908, #4519 ) ) ;
#5641 = VERTEX_POINT ( 'NONE', #714 ) ;
#5642 = CYLINDRICAL_SURFACE ( 'NONE', #2208, 0.04999999999999996808 ) ;
#5643 = LINE ( 'NONE', #1257, #304 ) ;
#5644 = PLANE ( 'NONE',  #3654 ) ;
#5645 = ORIENTED_EDGE ( 'NONE', *, *, #6264, .T. ) ;
#5646 = LINE ( 'NONE', #811, #2717 ) ;
#5647 = STYLED_ITEM ( 'NONE', ( #3315 ), #860 ) ;
#5648 = EDGE_CURVE ( 'NONE', #1538, #6038, #4133, .T. ) ;
#5649 = CARTESIAN_POINT ( 'NONE',  ( 1.086441097756990048, -1.560000000000000053, 89.57045816498600743 ) ) ;
#5650 = CARTESIAN_POINT ( 'NONE',  ( -1.387778780781445991E-14, 0.000000000000000000, 86.90000000000000568 ) ) ;
#5651 = CARTESIAN_POINT ( 'NONE',  ( -1.406421680913954031, 0.4500000000000060063, 87.90865094277809533 ) ) ;
#5652 = ORIENTED_EDGE ( 'NONE', *, *, #4882, .T. ) ;
#5653 = ORIENTED_EDGE ( 'NONE', *, *, #3086, .T. ) ;
#5654 = VECTOR ( 'NONE', #649, 1000.000000000000000 ) ;
#5655 = DIRECTION ( 'NONE',  ( 0.000000000000000000, 0.000000000000000000, 1.000000000000000000 ) ) ;
#5656 = PLANE ( 'NONE',  #4241 ) ;
#5657 = ORIENTED_EDGE ( 'NONE', *, *, #3824, .F. ) ;
#5658 = PLANE ( 'NONE',  #3523 ) ;
#5659 = PRODUCT ( 'Antenne UEFL Brass Light 5_8G', 'Antenne UEFL Brass Light 5_8G', '', ( #4153 ) ) ;
#5660 = CARTESIAN_POINT ( 'NONE',  ( 1.428210840452915020, 0.4792893218813565892, 87.86364835922266536 ) ) ;
#5661 = ORIENTED_EDGE ( 'NONE', *, *, #29, .F. ) ;
#5662 = EDGE_CURVE ( 'NONE', #5888, #4879, #4032, .T. ) ;
#5663 = AXIS2_PLACEMENT_3D ( 'NONE', #5990, #259, #3141 ) ;
#5664 = AXIS2_PLACEMENT_3D ( 'NONE', #202, #228, #5147 ) ;
#5665 = ORIENTED_EDGE ( 'NONE', *, *, #3752, .T. ) ;
#5666 = CIRCLE ( 'NONE', #5566, 1.229479121016063825 ) ;
#5667 = PRESENTATION_STYLE_ASSIGNMENT (( #325 ) ) ;
#5668 = CARTESIAN_POINT ( 'NONE',  ( 1.181283620569720583, -0.8628401679238276722, 89.41332260073747307 ) ) ;
#5669 = PLANE ( 'NONE',  #2906 ) ;
#5670 = CARTESIAN_POINT ( 'NONE',  ( 0.1416289454972961825, -0.9605910757334580330, 87.63378907019510677 ) ) ;
#5671 = DIRECTION ( 'NONE',  ( 0.000000000000000000, 1.000000000000000000, 0.000000000000000000 ) ) ;
#5672 = VERTEX_POINT ( 'NONE', #3804 ) ;
#5673 =( BOUNDED_SURFACE ( )  B_SPLINE_SURFACE ( 3, 3, ( 
 ( #2469, #2020, #5400, #1434 ),
 ( #4921, #4475, #1921, #5431 ),
 ( #1055, #6342, #1505, #3522 ),
 ( #2973, #988, #1949, #2938 ) ),
 .UNSPECIFIED., .F., .F., .T. ) 
 B_SPLINE_SURFACE_WITH_KNOTS ( ( 4, 4 ),
 ( 4, 4 ),
 ( 0.000000000000000000, 1.000000000000000000 ),
 ( 0.000000000000000000, 1.000000000000000000 ),
 .UNSPECIFIED. ) 
 GEOMETRIC_REPRESENTATION_ITEM ( )  RATIONAL_B_SPLINE_SURFACE ( (
 ( 1.000000000000000000, 0.8047378548015696742, 0.8047378548015696742, 1.000000000000000000),
 ( 0.8047378541237107941, 0.6476030144051335702, 0.6476030144051335702, 0.8047378541237107941),
 ( 0.8047378541237107941, 0.6476030144051335702, 0.6476030144051335702, 0.8047378541237107941),
 ( 1.000000000000000000, 0.8047378548015696742, 0.8047378548015696742, 1.000000000000000000) ) ) 
 REPRESENTATION_ITEM ( '' )  SURFACE ( )  );
#5674 = EDGE_LOOP ( 'NONE', ( #4595, #2668, #6332, #3880 ) ) ;
#5675 = AXIS2_PLACEMENT_3D ( 'NONE', #1273, #3228, #1757 ) ;
#5676 = CARTESIAN_POINT ( 'NONE',  ( -0.6665599999998886860, 0.5000000000000059952, 85.09499602396600437 ) ) ;
#5677 = CARTESIAN_POINT ( 'NONE',  ( 1.349999999999962119, 0.5000000000000000000, 86.90669664197800159 ) ) ;
#5678 = CIRCLE ( 'NONE', #2113, 1.144999999999993356 ) ;
#5679 = CARTESIAN_POINT ( 'NONE',  ( 0.8149949999990845351, 0.4500000000000060618, 86.46367205544821388 ) ) ;
#5680 = ORIENTED_EDGE ( 'NONE', *, *, #3096, .T. ) ;
#5681 = CARTESIAN_POINT ( 'NONE',  ( 0.1499999999992896182, -1.009999999999316111, 87.43338650731570283 ) ) ;
#5682 = DIRECTION ( 'NONE',  ( -0.000000000000000000, -1.000000000000000000, -0.000000000000000000 ) ) ;
#5683 = CARTESIAN_POINT ( 'NONE',  ( -1.164761946167002460, -0.8590663136369690589, 89.44277542566626948 ) ) ;
#5684 = LINE ( 'NONE', #784, #2689 ) ;
#5685 = ORIENTED_EDGE ( 'NONE', *, *, #343, .F. ) ;
#5686 = ORIENTED_EDGE ( 'NONE', *, *, #273, .T. ) ;
#5687 = CARTESIAN_POINT ( 'NONE',  ( -0.1499999999993174016, -1.560000000000000053, 87.63486387306599568 ) ) ;
#5688 = LINE ( 'NONE', #1334, #5872 ) ;
#5689 = CARTESIAN_POINT ( 'NONE',  ( -0.7165600000000189596, 0.2999999999999944933, 85.09499602396600437 ) ) ;
#5690 = ORIENTED_EDGE ( 'NONE', *, *, #1842, .F. ) ;
#5691 = DIRECTION ( 'NONE',  ( 1.000000000000000000, -2.168404344971007685E-15, 2.769173779171295460E-09 ) ) ;
#5692 = DIRECTION ( 'NONE',  ( -0.4357831908166904800, 0.000000000000000000, -0.9000516710731800707 ) ) ;
#5693 = CARTESIAN_POINT ( 'NONE',  ( -0.9080532793248189405, -1.009999999999316111, 89.46746590999600812 ) ) ;
#5694 = EDGE_LOOP ( 'NONE', ( #3232, #686, #3731, #6287 ) ) ;
#5695 = LINE ( 'NONE', #4675, #4141 ) ;
#5696 = CARTESIAN_POINT ( 'NONE',  ( 1.202850091411866496, -0.8820668768320510944, 89.37199605520225987 ) ) ;
#5697 = DIRECTION ( 'NONE',  ( 1.000000000000000000, 0.000000000000000000, 0.000000000000000000 ) ) ;
#5698 = AXIS2_PLACEMENT_3D ( 'NONE', #5687, #3106, #675 ) ;
#5699 = CARTESIAN_POINT ( 'NONE',  ( -1.050000000000000044, 1.285879139104720732E-16, 41.86499602396599329 ) ) ;
#5700 = PLANE ( 'NONE',  #5478 ) ;
#5701 = VERTEX_POINT ( 'NONE', #418 ) ;
#5702 = EDGE_CURVE ( 'NONE', #5834, #678, #4193, .T. ) ;
#5703 = ORIENTED_EDGE ( 'NONE', *, *, #4559, .F. ) ;
#5704 = AXIS2_PLACEMENT_3D ( 'NONE', #1446, #5858, #4865 ) ;
#5705 = EDGE_CURVE ( 'NONE', #4509, #5089, #1315, .T. ) ;
#5706 = CARTESIAN_POINT ( 'NONE',  ( 0.04170435448465914519, 0.1159996365579523125, 88.02105430692243715 ) ) ;
#5707 = EDGE_CURVE ( 'NONE', #437, #2294, #2440, .T. ) ;
#5708 = ADVANCED_FACE ( 'NONE', ( #4286 ), #4320, .F. ) ;
#5709 = CARTESIAN_POINT ( 'NONE',  ( 0.000000000000000000, 0.000000000000000000, 42.59783873644060748 ) ) ;
#5710 = DIRECTION ( 'NONE',  ( 0.000000000000000000, 0.000000000000000000, 1.000000000000000000 ) ) ;
#5711 = SURFACE_STYLE_USAGE ( .BOTH. , #1778 ) ;
#5712 = EDGE_LOOP ( 'NONE', ( #5180, #3466, #1976, #5401, #4952, #2802, #3121, #5387, #2089 ) ) ;
#5713 = LINE ( 'NONE', #4783, #5726 ) ;
#5714 = EDGE_CURVE ( 'NONE', #1145, #1443, #2792, .T. ) ;
#5715 = VECTOR ( 'NONE', #1263, 1000.000000000000000 ) ;
#5716 = CIRCLE ( 'NONE', #2153, 0.4999999999999999445 ) ;
#5717 = DIRECTION ( 'NONE',  ( 0.000000000000000000, 1.000000000000000000, 0.000000000000000000 ) ) ;
#5718 = ORIENTED_EDGE ( 'NONE', *, *, #1915, .F. ) ;
#5719 = CARTESIAN_POINT ( 'NONE',  ( 0.4000000000000000222, 0.000000000000000000, 29.36499602396599329 ) ) ;
#5720 = CARTESIAN_POINT ( 'NONE',  ( 1.339375098698312616, 0.4792893218813755185, 86.80808444370622112 ) ) ;
#5721 = SURFACE_STYLE_USAGE ( .BOTH. , #1946 ) ;
#5722 = EDGE_LOOP ( 'NONE', ( #1996, #2345, #5362, #5032, #239 ) ) ;
#5723 = CARTESIAN_POINT ( 'NONE',  ( 0.7165599999999411329, 0.4792893218814189837, 85.43499602396597936 ) ) ;
#5724 = CARTESIAN_POINT ( 'NONE',  ( 0.7165599999999909819, 0.4500000000000060063, 85.43499602405900362 ) ) ;
#5725 = CARTESIAN_POINT ( 'NONE',  ( 1.399999999999976374, 0.4500000000000060063, 87.81864577567300501 ) ) ;
#5726 = VECTOR ( 'NONE', #4270, 1000.000000000000000 ) ;
#5727 = AXIS2_PLACEMENT_3D ( 'NONE', #2436, #4822, #891 ) ;
#5728 = CARTESIAN_POINT ( 'NONE',  ( 0.000000000000000000, 0.000000000000000000, 82.41186213473042699 ) ) ;
#5729 = CARTESIAN_POINT ( 'NONE',  ( 1.195950599797394043, -0.8748227457299200260, 89.38540415102009717 ) ) ;
#5730 = DIRECTION ( 'NONE',  ( 0.000000000000000000, -1.000000000000000000, 0.000000000000000000 ) ) ;
#5731 = DIRECTION ( 'NONE',  ( 0.000000000000000000, -1.000000000000000000, 0.000000000000000000 ) ) ;
#5732 = CARTESIAN_POINT ( 'NONE',  ( 0.1499999999991924182, -1.559999999971585005, 87.54970142468378924 ) ) ;
#5733 = VERTEX_POINT ( 'NONE', #6251 ) ;
#5734 = ORIENTED_EDGE ( 'NONE', *, *, #936, .F. ) ;
#5735 = DIRECTION ( 'NONE',  ( 1.000000000000000000, 0.000000000000000000, -4.810063165680999924E-14 ) ) ;
#5736 = LINE ( 'NONE', #1349, #4212 ) ;
#5737 = CARTESIAN_POINT ( 'NONE',  ( -0.8084257744383922528, 0.4791180201068255262, 85.00842679840417304 ) ) ;
#5738 = CARTESIAN_POINT ( 'NONE',  ( 0.7165599999999909819, 0.2999999999999944933, 85.09499602394001272 ) ) ;
#5739 = ORIENTED_EDGE ( 'NONE', *, *, #5817, .T. ) ;
#5740 = DIRECTION ( 'NONE',  ( 0.000000000000000000, 1.000000000000000000, 0.000000000000000000 ) ) ;
#5741 = EDGE_CURVE ( 'NONE', #5672, #2384, #5862, .T. ) ;
#5742 = CARTESIAN_POINT ( 'NONE',  ( -0.8149950000016175089, 0.4500000000000060618, 86.46367205545341506 ) ) ;
#5743 = SURFACE_STYLE_FILL_AREA ( #2278 ) ;
#5744 = ORIENTED_EDGE ( 'NONE', *, *, #972, .T. ) ;
#5745 = STYLED_ITEM ( 'NONE', ( #1038 ), #896 ) ;
#5746 = EDGE_CURVE ( 'NONE', #3225, #2384, #5157, .T. ) ;
#5747 = VERTEX_POINT ( 'NONE', #1342 ) ;
#5748 = CARTESIAN_POINT ( 'NONE',  ( -1.058053279325259943, -1.653000000000000025, 89.20765828885650706 ) ) ;
#5749 = AXIS2_PLACEMENT_3D ( 'NONE', #4934, #4901, #1966 ) ;
#5750 = LINE ( 'NONE', #6174, #1486 ) ;
#5751 = DIRECTION ( 'NONE',  ( 0.000000000000000000, 0.000000000000000000, -1.000000000000000000 ) ) ;
#5752 = CARTESIAN_POINT ( 'NONE',  ( -1.387778780781445991E-14, 0.000000000000000000, 89.24499602396599585 ) ) ;
#5753 = EDGE_LOOP ( 'NONE', ( #3408, #2958, #5456, #3104 ) ) ;
#5754 = CARTESIAN_POINT ( 'NONE',  ( 0.7965599999815581311, 0.4792893218814189837, 85.51499602396602029 ) ) ;
#5755 = FACE_OUTER_BOUND ( 'NONE', #3576, .T. ) ;
#5756 = DIRECTION ( 'NONE',  ( 0.000000000000000000, 0.000000000000000000, 1.000000000000000000 ) ) ;
#5757 = VECTOR ( 'NONE', #5581, 1000.000000000000000 ) ;
#5758 = CONICAL_SURFACE ( 'NONE', #5052, 1.229479120942192250, 0.3141592654214209746 ) ;
#5759 = CARTESIAN_POINT ( 'NONE',  ( 0.3999999999999835354, 0.2999999999999944933, 88.46999602396599016 ) ) ;
#5760 = CARTESIAN_POINT ( 'NONE',  ( 1.082537796351492165, -1.009999999999316111, 89.56820459286940661 ) ) ;
#5761 = DIRECTION ( 'NONE',  ( 1.000000000000000000, 0.000000000000000000, 0.000000000000000000 ) ) ;
#5762 = VECTOR ( 'NONE', #291, 1000.000000000000000 ) ;
#5763 = DIRECTION ( 'NONE',  ( -0.000000000000000000, -1.000000000000000000, -0.000000000000000000 ) ) ;
#5764 = DIRECTION ( 'NONE',  ( 0.000000000000000000, 0.000000000000000000, 1.000000000000000000 ) ) ;
#5765 = ORIENTED_EDGE ( 'NONE', *, *, #6163, .F. ) ;
#5766 = VERTEX_POINT ( 'NONE', #3296 ) ;
#5767 = AXIS2_PLACEMENT_3D ( 'NONE', #3622, #1198, #1105 ) ;
#5768 = CARTESIAN_POINT ( 'NONE',  ( 0.01445333585697872007, 0.1216443631353313903, 88.02013530284639842 ) ) ;
#5769 = DIRECTION ( 'NONE',  ( 0.5000000000094049213, 0.000000000000000000, -0.8660254037790087178 ) ) ;
#5770 = DIRECTION ( 'NONE',  ( 0.000000000000000000, 0.000000000000000000, 1.000000000000000000 ) ) ;
#5771 = ORIENTED_EDGE ( 'NONE', *, *, #425, .F. ) ;
#5772 = MECHANICAL_DESIGN_GEOMETRIC_PRESENTATION_REPRESENTATION (  '', ( #4446 ), #5267 ) ;
#5773 = STYLED_ITEM ( 'NONE', ( #1509 ), #3904 ) ;
#5774 = EDGE_CURVE ( 'NONE', #2340, #2358, #5251, .T. ) ;
#5775 = FACE_OUTER_BOUND ( 'NONE', #3093, .T. ) ;
#5776 = CARTESIAN_POINT ( 'NONE',  ( 0.1499999999992896182, -1.464084826411863993, 87.46024181106621143 ) ) ;
#5777 = ORIENTED_EDGE ( 'NONE', *, *, #1962, .F. ) ;
#5778 = AXIS2_PLACEMENT_3D ( 'NONE', #301, #3658, #5610 ) ;
#5779 = VERTEX_POINT ( 'NONE', #103 ) ;
#5780 = EDGE_CURVE ( 'NONE', #5028, #5130, #1057, .T. ) ;
#5781 = CARTESIAN_POINT ( 'NONE',  ( 0.7165599999999909819, 0.2999999999999944933, 85.09499602395301565 ) ) ;
#5782 = CARTESIAN_POINT ( 'NONE',  ( -0.009661488346323443208, -0.1222137128336294454, 88.02004294145247343 ) ) ;
#5783 = CARTESIAN_POINT ( 'NONE',  ( -1.365099999999999980, 0.09999999999998900047, 88.76999602396600153 ) ) ;
#5784 = DIRECTION ( 'NONE',  ( 0.000000000000000000, 1.000000000000000000, 0.000000000000000000 ) ) ;
#5785 = ORIENTED_EDGE ( 'NONE', *, *, #427, .F. ) ;
#5786 = CARTESIAN_POINT ( 'NONE',  ( -0.9464876409142102265, 0.4999999999999998890, 86.64898399816549102 ) ) ;
#5787 = DIRECTION ( 'NONE',  ( 0.000000000000000000, 1.000000000000000000, 0.000000000000000000 ) ) ;
#5788 = ADVANCED_FACE ( 'NONE', ( #1956 ), #6317, .T. ) ;
#5789 = DIRECTION ( 'NONE',  ( 0.000000000000000000, 0.000000000000000000, -1.000000000000000000 ) ) ;
#5790 = CARTESIAN_POINT ( 'NONE',  ( 1.189066361504885982, -0.8675946298750311092, 89.39878260436370283 ) ) ;
#5791 = DIRECTION ( 'NONE',  ( -0.3420201433255011803, 0.000000000000000000, -0.9396926207859693791 ) ) ;
#5792 = DIRECTION ( 'NONE',  ( -0.000000000000000000, -0.000000000000000000, 1.000000000000000000 ) ) ;
#5793 = DIRECTION ( 'NONE',  ( 0.000000000000000000, 0.000000000000000000, -1.000000000000000000 ) ) ;
#5794 = VERTEX_POINT ( 'NONE', #3364 ) ;
#5795 = ORIENTED_EDGE ( 'NONE', *, *, #5648, .T. ) ;
#5796 = AXIS2_PLACEMENT_3D ( 'NONE', #6002, #5036, #213 ) ;
#5797 = DIRECTION ( 'NONE',  ( -1.000000000000000000, -0.000000000000000000, -0.000000000000000000 ) ) ;
#5798 = CARTESIAN_POINT ( 'NONE',  ( 1.399999999999984590, 0.4608331576091966864, 86.88953935445297816 ) ) ;
#5799 = FACE_OUTER_BOUND ( 'NONE', #2427, .T. ) ;
#5800 = CARTESIAN_POINT ( 'NONE',  ( -1.387778780781445991E-14, -0.8600000000000160849, 87.42499602396600267 ) ) ;
#5801 = DIRECTION ( 'NONE',  ( 0.000000000000000000, 0.000000000000000000, -1.000000000000000000 ) ) ;
#5802 = AXIS2_PLACEMENT_3D ( 'NONE', #5301, #4760, #3766 ) ;
#5803 = CARTESIAN_POINT ( 'NONE',  ( -0.7649950000016454421, 0.5000000000000059952, 86.48599465860222324 ) ) ;
#5804 = ORIENTED_EDGE ( 'NONE', *, *, #2965, .T. ) ;
#5805 = ORIENTED_EDGE ( 'NONE', *, *, #5816, .T. ) ;
#5806 = EDGE_LOOP ( 'NONE', ( #1476, #960, #4982, #5477 ) ) ;
#5807 = AXIS2_PLACEMENT_3D ( 'NONE', #654, #145, #1141 ) ;
#5808 = DIRECTION ( 'NONE',  ( -0.9000516710731800707, 0.000000000000000000, -0.4357831908166904800 ) ) ;
#5809 = CARTESIAN_POINT ( 'NONE',  ( -1.387778780781445991E-14, 0.1224999999999999978, 88.01999602396909950 ) ) ;
#5810 = EDGE_CURVE ( 'NONE', #5926, #2066, #1521, .T. ) ;
#5811 = DIRECTION ( 'NONE',  ( -0.000000000000000000, -0.000000000000000000, 1.000000000000000000 ) ) ;
#5812 = LINE ( 'NONE', #3834, #4298 ) ;
#5813 = DIRECTION ( 'NONE',  ( 0.000000000000000000, 0.000000000000000000, -1.000000000000000000 ) ) ;
#5814 = CARTESIAN_POINT ( 'NONE',  ( -1.387778780781445991E-14, 0.2999999999999944933, 88.46999602396599016 ) ) ;
#5815 = EDGE_CURVE ( 'NONE', #1734, #5419, #5309, .T. ) ;
#5816 = EDGE_CURVE ( 'NONE', #4899, #544, #70, .T. ) ;
#5817 = EDGE_CURVE ( 'NONE', #2766, #5951, #4924, .T. ) ;
#5818 = PLANE ( 'NONE',  #6299 ) ;
#5819 = DIRECTION ( 'NONE',  ( -0.000000000000000000, -1.000000000000000000, -0.000000000000000000 ) ) ;
#5820 = DIRECTION ( 'NONE',  ( -9.001632772509540557E-11, -0.000000000000000000, 1.000000000000000000 ) ) ;
#5821 = CARTESIAN_POINT ( 'NONE',  ( -0.9082521006752268811, -0.9986362277852032232, 89.46720728523469290 ) ) ;
#5822 = EDGE_LOOP ( 'NONE', ( #4520, #1151, #4190, #6044 ) ) ;
#5823 = ORIENTED_EDGE ( 'NONE', *, *, #5632, .F. ) ;
#5824 = EDGE_CURVE ( 'NONE', #3378, #3337, #452, .T. ) ;
#5825 = AXIS2_PLACEMENT_3D ( 'NONE', #4377, #5368, #389 ) ;
#5826 = LINE ( 'NONE', #426, #6225 ) ;
#5827 = CARTESIAN_POINT ( 'NONE',  ( 1.471789159540854097, 0.2999999999999944933, 87.88474792445130390 ) ) ;
#5828 = FILL_AREA_STYLE_COLOUR ( '', #3120 ) ;
#5829 = FACE_OUTER_BOUND ( 'NONE', #3301, .T. ) ;
#5830 = CARTESIAN_POINT ( 'NONE',  ( 0.8149949999999850370, 0.4500000000000060063, 85.51499602396599187 ) ) ;
#5831 = VERTEX_POINT ( 'NONE', #3426 ) ;
#5832 = FILL_AREA_STYLE_COLOUR ( '', #5613 ) ;
#5833 = LINE ( 'NONE', #4463, #4659 ) ;
#5834 = VERTEX_POINT ( 'NONE', #1510 ) ;
#5835 = VERTEX_POINT ( 'NONE', #514 ) ;
#5836 = ORIENTED_EDGE ( 'NONE', *, *, #1569, .T. ) ;
#5837 = AXIS2_PLACEMENT_3D ( 'NONE', #2751, #1852, #2865 ) ;
#5838 = LINE ( 'NONE', #1458, #90 ) ;
#5839 = CARTESIAN_POINT ( 'NONE',  ( -0.1034193343907446050, 0.06565585483547799195, 88.02716061738560427 ) ) ;
#5840 = CARTESIAN_POINT ( 'NONE',  ( -0.1499999999993174016, -1.416128856669611968, 87.47592797930809638 ) ) ;
#5841 = LINE ( 'NONE', #3887, #522 ) ;
#5842 = CARTESIAN_POINT ( 'NONE',  ( -0.9690762993781393275, 0.5000000000000001110, 86.66823259080912578 ) ) ;
#5843 = CARTESIAN_POINT ( 'NONE',  ( -0.1499999999993174016, -1.559999999955570038, 87.54970142468900463 ) ) ;
#5844 = DIRECTION ( 'NONE',  ( -0.000000000000000000, -0.000000000000000000, 1.000000000000000000 ) ) ;
#5845 = VECTOR ( 'NONE', #4810, 1000.000000000000000 ) ;
#5846 = ADVANCED_FACE ( 'NONE', ( #3869 ), #2508, .F. ) ;
#5847 = FILL_AREA_STYLE ('',( #3892 ) ) ;
#5848 = CARTESIAN_POINT ( 'NONE',  ( 1.372320502793556773, 0.5000000000000000000, 87.89213997935711120 ) ) ;
#5849 = CARTESIAN_POINT ( 'NONE',  ( 0.3103994648600839623, 0.5000000000000000000, 84.36499602396600039 ) ) ;
#5850 = CARTESIAN_POINT ( 'NONE',  ( 1.149999999999983924, -0.7500000000000000000, 86.90000000000000568 ) ) ;
#5851 = CARTESIAN_POINT ( 'NONE',  ( 0.5649949999999850370, -0.2500000000000000000, 86.21499602396599471 ) ) ;
#5852 = CARTESIAN_POINT ( 'NONE',  ( -0.9080532793210029929, -1.009999999999316111, 89.46746590999289594 ) ) ;
#5853 = ORIENTED_EDGE ( 'NONE', *, *, #6184, .F. ) ;
#5854 = VECTOR ( 'NONE', #6121, 1000.000000000000000 ) ;
#5855 = EDGE_LOOP ( 'NONE', ( #734, #4602, #2895, #6084, #1003 ) ) ;
#5856 = AXIS2_PLACEMENT_3D ( 'NONE', #1309, #288, #321 ) ;
#5857 = VECTOR ( 'NONE', #1088, 1000.000000000000000 ) ;
#5858 = DIRECTION ( 'NONE',  ( 0.000000000000000000, 1.000000000000000000, 0.000000000000000000 ) ) ;
#5859 = AXIS2_PLACEMENT_3D ( 'NONE', #3454, #1084, #3067 ) ;
#5860 = FACE_OUTER_BOUND ( 'NONE', #2602, .T. ) ;
#5861 = CARTESIAN_POINT ( 'NONE',  ( -1.339375098708966316, 0.4792893218815282297, 86.80808444372063093 ) ) ;
#5862 = B_SPLINE_CURVE_WITH_KNOTS ( 'NONE', 3,
 ( #5760, #5216, #4676, #393, #864, #1380, #3332, #5285, #5186, #900, #6149, #2850, #831, #2763, #4735, #3842, #5668, #5790, #5729, #5696, #3203, #2326, #1284, #6219, #799, #2262, #4708, #326, #2288, #4225, #1832 ),
 .UNSPECIFIED., .F., .F.,
 ( 4, 3, 3, 3, 3, 3, 3, 3, 3, 3, 4 ),
 ( 2.032766602393677442E-16, 5.019105467407357850E-05, 0.0001003687762966816801, 0.0001507462945309627120, 0.0002012619129754050437, 0.0002515630814556767884, 0.0003016339522604673013, 0.0003518135252781079306, 0.0004022730177753530505, 0.0004527503360227350549, 0.0004692274733421661478 ),
 .UNSPECIFIED. ) ;
#5863 = CARTESIAN_POINT ( 'NONE',  ( -1.130934371606689970, -0.8748227457299200260, 89.49801556155999549 ) ) ;
#5864 = ORIENTED_EDGE ( 'NONE', *, *, #5104, .F. ) ;
#5865 = VECTOR ( 'NONE', #4702, 1000.000000000000000 ) ;
#5866 = VECTOR ( 'NONE', #128, 1000.000000000000000 ) ;
#5867 = EDGE_CURVE ( 'NONE', #2374, #3704, #4859, .T. ) ;
#5868 = VECTOR ( 'NONE', #4007, 1000.000000000000000 ) ;
#5869 = CARTESIAN_POINT ( 'NONE',  ( -0.1044508054546881004, -0.06544234557173980726, 87.62975462880639554 ) ) ;
#5870 = EDGE_LOOP ( 'NONE', ( #5164, #1610, #1195, #4663, #4904 ) ) ;
#5871 = EDGE_LOOP ( 'NONE', ( #15, #2601, #2299, #4098 ) ) ;
#5872 = VECTOR ( 'NONE', #6141, 1000.000000000000000 ) ;
#5873 = VERTEX_POINT ( 'NONE', #2442 ) ;
#5874 = DIRECTION ( 'NONE',  ( -1.000000000000000000, -0.000000000000000000, -0.000000000000000000 ) ) ;
#5875 = CARTESIAN_POINT ( 'NONE',  ( -0.1217637288618289987, -0.01341060526841019937, 88.02994629973861151 ) ) ;
#5876 = FILL_AREA_STYLE_COLOUR ( '', #3917 ) ;
#5877 = ORIENTED_EDGE ( 'NONE', *, *, #43, .F. ) ;
#5878 = FACE_OUTER_BOUND ( 'NONE', #3686, .T. ) ;
#5879 = LINE ( 'NONE', #4474, #1312 ) ;
#5880 = ORIENTED_EDGE ( 'NONE', *, *, #2320, .T. ) ;
#5881 = CIRCLE ( 'NONE', #5778, 1.050000000000000044 ) ;
#5882 = DIRECTION ( 'NONE',  ( 0.000000000000000000, 0.000000000000000000, 1.000000000000000000 ) ) ;
#5883 = CARTESIAN_POINT ( 'NONE',  ( -1.396833174688503210, 0.4718632350586122182, 86.89096912841350218 ) ) ;
#5884 = CARTESIAN_POINT ( 'NONE',  ( -1.449999999999999956, 0.4500000000000060063, 87.92975050800500014 ) ) ;
#5885 = DIRECTION ( 'NONE',  ( 0.000000000000000000, 0.000000000000000000, 1.000000000000000000 ) ) ;
#5886 = DIRECTION ( 'NONE',  ( -0.000000000000000000, -0.000000000000000000, -1.000000000000000000 ) ) ;
#5887 = CARTESIAN_POINT ( 'NONE',  ( -0.1499999999993174016, -1.464084826417746843, 87.46024181106427875 ) ) ;
#5888 = VERTEX_POINT ( 'NONE', #72 ) ;
#5889 = VERTEX_POINT ( 'NONE', #2472 ) ;
#5890 = CARTESIAN_POINT ( 'NONE',  ( 0.8149949999999910322, 0.4653000412829345067, 85.51499602396602029 ) ) ;
#5891 = DIRECTION ( 'NONE',  ( 0.000000000000000000, 0.000000000000000000, 1.000000000000000000 ) ) ;
#5892 = CARTESIAN_POINT ( 'NONE',  ( -1.255595864435353537, 0.4792893218815282297, 86.74755059822825842 ) ) ;
#5893 = EDGE_CURVE ( 'NONE', #2447, #742, #4382, .T. ) ;
#5894 = CARTESIAN_POINT ( 'NONE',  ( -1.139078332919622127, -0.8675946298750438768, 89.48536440964136318 ) ) ;
#5895 = PLANE ( 'NONE',  #5234 ) ;
#5896 = AXIS2_PLACEMENT_3D ( 'NONE', #2093, #1155, #3109 ) ;
#5897 = ORIENTED_EDGE ( 'NONE', *, *, #3901, .T. ) ;
#5898 = ADVANCED_FACE ( 'NONE', ( #1989 ), #991, .T. ) ;
#5899 = EDGE_CURVE ( 'NONE', #2066, #5120, #4000, .T. ) ;
#5900 = EDGE_CURVE ( 'NONE', #5593, #4487, #1684, .T. ) ;
#5901 = EDGE_CURVE ( 'NONE', #4275, #5766, #1061, .T. ) ;
#5902 = EDGE_CURVE ( 'NONE', #4514, #101, #1410, .T. ) ;
#5903 = LINE ( 'NONE', #3475, #3574 ) ;
#5904 = CARTESIAN_POINT ( 'NONE',  ( -0.01355118708802616027, -0.1217481635529260031, 87.62507621658710377 ) ) ;
#5905 = ORIENTED_EDGE ( 'NONE', *, *, #3826, .F. ) ;
#5906 = ORIENTED_EDGE ( 'NONE', *, *, #4027, .T. ) ;
#5907 = AXIS2_PLACEMENT_3D ( 'NONE', #503, #158, #3415 ) ;
#5908 = ORIENTED_EDGE ( 'NONE', *, *, #701, .T. ) ;
#5909 = ORIENTED_EDGE ( 'NONE', *, *, #4580, .T. ) ;
#5910 = AXIS2_PLACEMENT_3D ( 'NONE', #1606, #5051, #3963 ) ;
#5911 = CARTESIAN_POINT ( 'NONE',  ( -1.387778780781445991E-14, 0.2999999999999944933, 88.76999602396600153 ) ) ;
#5912 = CARTESIAN_POINT ( 'NONE',  ( -0.1107012958815877940, -0.05245448589150100011, 88.02821086431029585 ) ) ;
#5913 = DIRECTION ( 'NONE',  ( 0.000000000000000000, 0.000000000000000000, -1.000000000000000000 ) ) ;
#5914 = ORIENTED_EDGE ( 'NONE', *, *, #1394, .T. ) ;
#5915 = CARTESIAN_POINT ( 'NONE',  ( -1.387778780781445991E-14, -1.416128856606580166, 88.76999602396600153 ) ) ;
#5916 = CARTESIAN_POINT ( 'NONE',  ( -1.387778780781445991E-14, 0.000000000000000000, 89.24499602396599585 ) ) ;
#5917 = DIRECTION ( 'NONE',  ( 0.000000000000000000, 0.000000000000000000, -1.000000000000000000 ) ) ;
#5918 = AXIS2_PLACEMENT_3D ( 'NONE', #4814, #2395, #2338 ) ;
#5919 = VERTEX_POINT ( 'NONE', #4065 ) ;
#5920 = DIRECTION ( 'NONE',  ( 1.000000000000000000, 0.000000000000000000, 0.000000000000000000 ) ) ;
#5921 = CARTESIAN_POINT ( 'NONE',  ( -1.387778780781445991E-14, 0.2999999999999944933, 88.76999602396600153 ) ) ;
#5922 = CARTESIAN_POINT ( 'NONE',  ( -1.387778780781445991E-14, 0.5000000000000000000, 88.76999602396600153 ) ) ;
#5923 = DIRECTION ( 'NONE',  ( 0.000000000000000000, 1.000000000000000000, 0.000000000000000000 ) ) ;
#5924 = DIRECTION ( 'NONE',  ( 0.000000000000000000, -1.000000000000000000, 0.000000000000000000 ) ) ;
#5925 = VERTEX_POINT ( 'NONE', #3615 ) ;
#5926 = VERTEX_POINT ( 'NONE', #3043 ) ;
#5927 = EDGE_CURVE ( 'NONE', #101, #5537, #2303, .T. ) ;
#5928 = DIRECTION ( 'NONE',  ( -0.000000000000000000, -1.000000000000000000, -0.000000000000000000 ) ) ;
#5929 = DIRECTION ( 'NONE',  ( -0.9490933304901101319, 0.000000000000000000, 0.3149949999907790676 ) ) ;
#5930 = CARTESIAN_POINT ( 'NONE',  ( -1.384475987121269736, 0.5000000000002292611, 86.90336376255812922 ) ) ;
#5931 = CARTESIAN_POINT ( 'NONE',  ( -1.365099999999999980, 0.2999999999999944933, 87.96999602396599016 ) ) ;
#5932 = DIRECTION ( 'NONE',  ( -0.9000516710731800707, 0.000000000000000000, 0.4357831908166904800 ) ) ;
#5933 = VERTEX_POINT ( 'NONE', #3530 ) ;
#5934 = MECHANICAL_DESIGN_GEOMETRIC_PRESENTATION_REPRESENTATION (  '', ( #2864 ), #821 ) ;
#5935 = FILL_AREA_STYLE ('',( #5832 ) ) ;
#5936 = CARTESIAN_POINT ( 'NONE',  ( -0.7965599999026069522, 0.2999999999999944933, 85.51499602396599187 ) ) ;
#5937 = EDGE_CURVE ( 'NONE', #255, #779, #3717, .T. ) ;
#5938 = EDGE_LOOP ( 'NONE', ( #1622, #5567, #2739, #2999 ) ) ;
#5939 = VERTEX_POINT ( 'NONE', #1580 ) ;
#5940 = ORIENTED_EDGE ( 'NONE', *, *, #4022, .T. ) ;
#5941 = ORIENTED_EDGE ( 'NONE', *, *, #3008, .T. ) ;
#5942 = EDGE_CURVE ( 'NONE', #1490, #4033, #520, .T. ) ;
#5943 = LINE ( 'NONE', #2114, #795 ) ;
#5944 = CARTESIAN_POINT ( 'NONE',  ( -0.7649950000002130324, 0.5000000000000000000, 88.76999602396600153 ) ) ;
#5945 = CYLINDRICAL_SURFACE ( 'NONE', #1986, 0.7499999999969059195 ) ;
#5946 = ORIENTED_EDGE ( 'NONE', *, *, #5991, .T. ) ;
#5947 = CARTESIAN_POINT ( 'NONE',  ( -1.387778780781445991E-14, -1.559999999943165072, 88.76999602396600153 ) ) ;
#5948 = CARTESIAN_POINT ( 'NONE',  ( 1.250000000000000222, 0.000000000000000000, 41.78215331149137768 ) ) ;
#5949 = DIRECTION ( 'NONE',  ( 1.000000000000000000, 0.000000000000000000, 0.000000000000000000 ) ) ;
#5950 = VERTEX_POINT ( 'NONE', #708 ) ;
#5951 = VERTEX_POINT ( 'NONE', #4996 ) ;
#5952 = LINE ( 'NONE', #30, #5470 ) ;
#5953 = LINE ( 'NONE', #2643, #2612 ) ;
#5954 = CARTESIAN_POINT ( 'NONE',  ( -0.6665600000000109215, 0.4500000000000060063, 85.07961922396599164 ) ) ;
#5955 = FACE_OUTER_BOUND ( 'NONE', #2173, .T. ) ;
#5956 = CARTESIAN_POINT ( 'NONE',  ( -1.387778780781445991E-14, 0.000000000000000000, 87.81999602396899718 ) ) ;
#5957 = EDGE_LOOP ( 'NONE', ( #3534, #211, #2571, #4145, #6142, #336, #4638 ) ) ;
#5958 = VECTOR ( 'NONE', #3947, 1000.000000000000000 ) ;
#5959 = EDGE_LOOP ( 'NONE', ( #1121, #2724, #2192, #5823 ) ) ;
#5960 = LINE ( 'NONE', #3469, #1577 ) ;
#5961 = CARTESIAN_POINT ( 'NONE',  ( 0.9165119895021521801, -0.9448318943927066504, 89.45633520270790484 ) ) ;
#5962 = AXIS2_PLACEMENT_3D ( 'NONE', #138, #2583, #2674 ) ;
#5963 = CARTESIAN_POINT ( 'NONE',  ( -1.387778780781445991E-14, 0.2999999999999944933, 89.51999602396290356 ) ) ;
#5964 = DIRECTION ( 'NONE',  ( 0.000000000000000000, 1.000000000000000000, 0.000000000000000000 ) ) ;
#5965 = ORIENTED_EDGE ( 'NONE', *, *, #4840, .T. ) ;
#5966 = VECTOR ( 'NONE', #5481, 1000.000000000000000 ) ;
#5967 = EDGE_CURVE ( 'NONE', #4180, #1145, #5087, .T. ) ;
#5968 = LINE ( 'NONE', #1006, #5098 ) ;
#5969 = CARTESIAN_POINT ( 'NONE',  ( -0.07700615524787696176, -0.09625172840279815067, 87.62754712918813027 ) ) ;
#5970 = ORIENTED_EDGE ( 'NONE', *, *, #162, .F. ) ;
#5971 = AXIS2_PLACEMENT_3D ( 'NONE', #2786, #6244, #4282 ) ;
#5972 = CARTESIAN_POINT ( 'NONE',  ( -1.150000000000011902, -0.7500000000000000000, 86.90000000000000568 ) ) ;
#5973 = CIRCLE ( 'NONE', #5045, 1.050000000000000044 ) ;
#5974 = ORIENTED_EDGE ( 'NONE', *, *, #5421, .F. ) ;
#5975 = ORIENTED_EDGE ( 'NONE', *, *, #2965, .F. ) ;
#5976 = VECTOR ( 'NONE', #2207, 1000.000000000000000 ) ;
#5977 = CARTESIAN_POINT ( 'NONE',  ( 1.070259343960793696, -1.338710554782234219, 89.56111562507562951 ) ) ;
#5978 = PRESENTATION_STYLE_ASSIGNMENT (( #4025 ) ) ;
#5979 = ORIENTED_EDGE ( 'NONE', *, *, #5626, .T. ) ;
#5980 = CARTESIAN_POINT ( 'NONE',  ( 1.399999999999983924, 0.4500000000000060063, 86.88953935445299237 ) ) ;
#5981 = CIRCLE ( 'NONE', #3536, 0.4500000000000000111 ) ;
#5982 = PLANE ( 'NONE',  #3156 ) ;
#5983 = FACE_OUTER_BOUND ( 'NONE', #6077, .T. ) ;
#5984 = ORIENTED_EDGE ( 'NONE', *, *, #2034, .T. ) ;
#5985 = ADVANCED_FACE ( 'NONE', ( #5534 ), #3559, .T. ) ;
#5986 = VERTEX_POINT ( 'NONE', #2692 ) ;
#5987 = EDGE_CURVE ( 'NONE', #5151, #1538, #2671, .T. ) ;
#5988 = AXIS2_PLACEMENT_3D ( 'NONE', #172, #4093, #2157 ) ;
#5989 = CARTESIAN_POINT ( 'NONE',  ( -0.7649950000002130324, 0.5000000000000000000, 85.56110570152900152 ) ) ;
#5990 = CARTESIAN_POINT ( 'NONE',  ( 1.449999999999979972, 0.2999999999999944933, 87.92975050800500014 ) ) ;
#5991 = EDGE_CURVE ( 'NONE', #6073, #3223, #953, .T. ) ;
#5992 = CARTESIAN_POINT ( 'NONE',  ( -1.387778780781445991E-14, 0.2999999999999944933, 88.76999602396600153 ) ) ;
#5993 = CARTESIAN_POINT ( 'NONE',  ( -1.387778780781445991E-14, 0.000000000000000000, 89.24499602396599585 ) ) ;
#5994 = ORIENTED_EDGE ( 'NONE', *, *, #5236, .F. ) ;
#5995 = EDGE_LOOP ( 'NONE', ( #3535, #4503, #3100, #4356, #6181 ) ) ;
#5996 = VECTOR ( 'NONE', #6254, 1000.000000000000227 ) ;
#5997 = CARTESIAN_POINT ( 'NONE',  ( -0.7649950000000179662, 0.5000000000000000000, 84.51499602396599187 ) ) ;
#5998 = CARTESIAN_POINT ( 'NONE',  ( -1.222862086733975895, -1.512041912182288117, 89.30281069818519768 ) ) ;
#5999 = DIRECTION ( 'NONE',  ( 0.000000000000000000, 1.000000000000000000, 0.000000000000000000 ) ) ;
#6000 = ORIENTED_EDGE ( 'NONE', *, *, #5423, .T. ) ;
#6001 = LINE ( 'NONE', #1623, #3059 ) ;
#6002 = CARTESIAN_POINT ( 'NONE',  ( 1.399999999999983924, 0.2999999999999944933, 87.84998935445300106 ) ) ;
#6003 = ORIENTED_EDGE ( 'NONE', *, *, #1041, .T. ) ;
#6004 = LINE ( 'NONE', #3308, #4845 ) ;
#6005 = ORIENTED_EDGE ( 'NONE', *, *, #5529, .F. ) ;
#6006 = CARTESIAN_POINT ( 'NONE',  ( 0.5649949999999850370, -0.2500000000000000000, 85.01499602396599187 ) ) ;
#6007 = AXIS2_PLACEMENT_3D ( 'NONE', #3483, #2051, #2932 ) ;
#6008 = CARTESIAN_POINT ( 'NONE',  ( -1.449999999999999956, 0.5000000000000000000, 89.38250577729540680 ) ) ;
#6009 = CARTESIAN_POINT ( 'NONE',  ( 0.6665600000031609573, 0.5000000000000000000, 85.09499602360601500 ) ) ;
#6010 = ORIENTED_EDGE ( 'NONE', *, *, #5942, .T. ) ;
#6011 = LINE ( 'NONE', #5050, #52 ) ;
#6012 = CARTESIAN_POINT ( 'NONE',  ( 1.487347252353105942, 0.4795086677747637527, 87.89228077567162245 ) ) ;
#6013 = ORIENTED_EDGE ( 'NONE', *, *, #1765, .T. ) ;
#6014 = AXIS2_PLACEMENT_3D ( 'NONE', #4023, #2569, #1535 ) ;
#6015 = ORIENTED_EDGE ( 'NONE', *, *, #4075, .F. ) ;
#6016 = EDGE_CURVE ( 'NONE', #5933, #4120, #2578, .T. ) ;
#6017 = LINE ( 'NONE', #3107, #669 ) ;
#6018 = DIRECTION ( 'NONE',  ( 0.000000000000000000, 1.000000000000000000, 0.000000000000000000 ) ) ;
#6019 =( GEOMETRIC_REPRESENTATION_CONTEXT ( 3 ) GLOBAL_UNCERTAINTY_ASSIGNED_CONTEXT ( ( #2005 ) ) GLOBAL_UNIT_ASSIGNED_CONTEXT ( ( #2074, #115, #4364 ) ) REPRESENTATION_CONTEXT ( 'NONE', 'WORKASPACE' ) );
#6020 = CARTESIAN_POINT ( 'NONE',  ( -1.387778780781445991E-14, 0.000000000000000000, 85.41999602396599300 ) ) ;
#6021 = FILL_AREA_STYLE ('',( #1156 ) ) ;
#6022 = ORIENTED_EDGE ( 'NONE', *, *, #2321, .T. ) ;
#6023 = EDGE_CURVE ( 'NONE', #4231, #2994, #4516, .T. ) ;
#6024 = EDGE_CURVE ( 'NONE', #5951, #468, #1094, .T. ) ;
#6025 = ORIENTED_EDGE ( 'NONE', *, *, #6314, .T. ) ;
#6026 = EDGE_CURVE ( 'NONE', #5120, #2272, #2821, .T. ) ;
#6027 = AXIS2_PLACEMENT_3D ( 'NONE', #5225, #2770, #306 ) ;
#6028 = ADVANCED_FACE ( 'NONE', ( #3074 ), #641, .F. ) ;
#6029 = DIRECTION ( 'NONE',  ( -0.000000000000000000, -0.000000000000000000, 1.000000000000000000 ) ) ;
#6030 = DIRECTION ( 'NONE',  ( 0.000000000000000000, 0.000000000000000000, 1.000000000000000000 ) ) ;
#6031 = CARTESIAN_POINT ( 'NONE',  ( 0.02250808599252931627, -0.8612749458603501385, 87.62516503478018137 ) ) ;
#6032 = SURFACE_STYLE_USAGE ( .BOTH. , #684 ) ;
#6033 = EDGE_CURVE ( 'NONE', #5919, #2358, #750, .T. ) ;
#6034 = EDGE_CURVE ( 'NONE', #2066, #3071, #4639, .T. ) ;
#6035 = ORIENTED_EDGE ( 'NONE', *, *, #5824, .F. ) ;
#6036 = LINE ( 'NONE', #745, #205 ) ;
#6037 = DIRECTION ( 'NONE',  ( 1.000000000000000000, 0.000000000000000000, 0.000000000000000000 ) ) ;
#6038 = VERTEX_POINT ( 'NONE', #3587 ) ;
#6039 = CARTESIAN_POINT ( 'NONE',  ( -1.387778780781445991E-14, 0.2999999999999944933, 88.76999602396600153 ) ) ;
#6040 = VERTEX_POINT ( 'NONE', #199 ) ;
#6041 = CIRCLE ( 'NONE', #5215, 0.9499999999968977704 ) ;
#6042 = CARTESIAN_POINT ( 'NONE',  ( 1.314994999999985925, 0.4500000000000060063, 86.24044602396600112 ) ) ;
#6043 = CARTESIAN_POINT ( 'NONE',  ( -1.249990000000020141, 0.2999999999999944933, 87.84999999999999432 ) ) ;
#6044 = ORIENTED_EDGE ( 'NONE', *, *, #4392, .T. ) ;
#6045 = DIRECTION ( 'NONE',  ( 1.000000000000000000, 0.000000000000000000, 0.000000000000000000 ) ) ;
#6046 = EDGE_LOOP ( 'NONE', ( #3481, #560 ) ) ;
#6047 = ORIENTED_EDGE ( 'NONE', *, *, #968, .T. ) ;
#6048 = FACE_OUTER_BOUND ( 'NONE', #1549, .T. ) ;
#6049 = CARTESIAN_POINT ( 'NONE',  ( 0.7965599999603389936, 0.4500000000000060063, 84.96499602396599471 ) ) ;
#6050 = CARTESIAN_POINT ( 'NONE',  ( 1.294687278664172769, 0.5000000000000000000, 86.83825064137907646 ) ) ;
#6051 = CARTESIAN_POINT ( 'NONE',  ( -1.400000000000011902, 0.2999999999999944933, 86.90000000000000568 ) ) ;
#6052 = ORIENTED_EDGE ( 'NONE', *, *, #3743, .F. ) ;
#6053 = VERTEX_POINT ( 'NONE', #5059 ) ;
#6054 = EDGE_CURVE ( 'NONE', #917, #595, #5953, .T. ) ;
#6055 = CARTESIAN_POINT ( 'NONE',  ( 1.056942851802092020, -0.9762688003928959857, 89.21033738377522582 ) ) ;
#6056 = STYLED_ITEM ( 'NONE', ( #4058 ), #775 ) ;
#6057 = CARTESIAN_POINT ( 'NONE',  ( 1.209280421080478174, -1.464084826411955698, 89.29496931985835317 ) ) ;
#6058 =( NAMED_UNIT ( * ) PLANE_ANGLE_UNIT ( ) SI_UNIT ( $, .RADIAN. ) );
#6059 = VERTEX_POINT ( 'NONE', #3738 ) ;
#6060 = MECHANICAL_DESIGN_GEOMETRIC_PRESENTATION_REPRESENTATION (  '', ( #1159 ), #1059 ) ;
#6061 = PLANE ( 'NONE',  #4078 ) ;
#6062 = DIRECTION ( 'NONE',  ( 0.000000000000000000, 0.000000000000000000, -1.000000000000000000 ) ) ;
#6063 = ORIENTED_EDGE ( 'NONE', *, *, #5192, .F. ) ;
#6064 = DIRECTION ( 'NONE',  ( -1.000000000000000000, -0.000000000000000000, -0.000000000000000000 ) ) ;
#6065 = VECTOR ( 'NONE', #5924, 1000.000000000000000 ) ;
#6066 = UNCERTAINTY_MEASURE_WITH_UNIT (LENGTH_MEASURE( 1.000000000000000082E-05 ), #4762, 'distance_accuracy_value', 'NONE');
#6067 = ADVANCED_FACE ( 'NONE', ( #3292 ), #4186, .T. ) ;
#6068 = VECTOR ( 'NONE', #363, 1000.000000000000000 ) ;
#6069 = CYLINDRICAL_SURFACE ( 'NONE', #1412, 0.3499999999999999778 ) ;
#6070 = CIRCLE ( 'NONE', #2305, 0.4049999999999999711 ) ;
#6071 = DIRECTION ( 'NONE',  ( -0.000000000000000000, -0.000000000000000000, 1.000000000000000000 ) ) ;
#6072 = DIRECTION ( 'NONE',  ( 0.000000000000000000, 1.000000000000000000, 0.000000000000000000 ) ) ;
#6073 = VERTEX_POINT ( 'NONE', #826 ) ;
#6074 = LINE ( 'NONE', #3069, #2807 ) ;
#6075 = CIRCLE ( 'NONE', #3721, 0.05000000000000002359 ) ;
#6076 = ORIENTED_EDGE ( 'NONE', *, *, #1760, .F. ) ;
#6077 = EDGE_LOOP ( 'NONE', ( #2809, #5946 ) ) ;
#6078 = VECTOR ( 'NONE', #5402, 1000.000000000000000 ) ;
#6079 = CARTESIAN_POINT ( 'NONE',  ( 0.9999999999999870104, 0.2999999999999944933, 87.18953935445298953 ) ) ;
#6080 = DIRECTION ( 'NONE',  ( 0.000000000000000000, -0.000000000000000000, 1.000000000000000000 ) ) ;
#6081 = DIRECTION ( 'NONE',  ( 0.000000000000000000, 0.000000000000000000, 1.000000000000000000 ) ) ;
#6082 = CARTESIAN_POINT ( 'NONE',  ( -1.387778780781445991E-14, -1.350000000000018074, 88.76999602396600153 ) ) ;
#6083 = CARTESIAN_POINT ( 'NONE',  ( 0.000000000000000000, 0.000000000000000000, 41.78215331149137768 ) ) ;
#6084 = ORIENTED_EDGE ( 'NONE', *, *, #3565, .F. ) ;
#6085 = ORIENTED_EDGE ( 'NONE', *, *, #314, .T. ) ;
#6086 = CIRCLE ( 'NONE', #4652, 0.2500000000000000000 ) ;
#6087 = AXIS2_PLACEMENT_3D ( 'NONE', #2547, #5436, #1060 ) ;
#6088 = FACE_OUTER_BOUND ( 'NONE', #3048, .T. ) ;
#6089 = CARTESIAN_POINT ( 'NONE',  ( 1.035225065424978164, -0.8917752075221797581, 89.25935816576929938 ) ) ;
#6090 = CARTESIAN_POINT ( 'NONE',  ( 0.1361311696392412951, -0.9448318943927112024, 87.63310376881160835 ) ) ;
#6091 = DIRECTION ( 'NONE',  ( 0.9021342605811359938, -0.000000000000000000, -0.4314554158725175115 ) ) ;
#6092 = VECTOR ( 'NONE', #594, 1000.000000000000000 ) ;
#6093 = EDGE_LOOP ( 'NONE', ( #3716, #792, #4955, #3664, #5965, #1773 ) ) ;
#6094 = EDGE_CURVE ( 'NONE', #5130, #3347, #890, .T. ) ;
#6095 = CARTESIAN_POINT ( 'NONE',  ( 0.7649949999999909878, 0.4500000000000060063, 86.25582282396599965 ) ) ;
#6096 = ORIENTED_EDGE ( 'NONE', *, *, #5282, .F. ) ;
#6097 = DIRECTION ( 'NONE',  ( 0.000000000000000000, -1.000000000000000000, 0.000000000000000000 ) ) ;
#6098 = EDGE_CURVE ( 'NONE', #4487, #5593, #2709, .T. ) ;
#6099 = EDGE_CURVE ( 'NONE', #3071, #4275, #5210, .T. ) ;
#6100 = EDGE_CURVE ( 'NONE', #6123, #1259, #1759, .T. ) ;
#6101 = ADVANCED_FACE ( 'NONE', ( #3196 ), #5658, .T. ) ;
#6102 = EDGE_CURVE ( 'NONE', #1404, #1550, #388, .T. ) ;
#6103 = DIRECTION ( 'NONE',  ( 1.000000000000000000, 0.000000000000000000, 0.000000000000000000 ) ) ;
#6104 = CARTESIAN_POINT ( 'NONE',  ( -1.387778780781445991E-14, -1.560000000000000053, 88.76999602396600153 ) ) ;
#6105 = DIRECTION ( 'NONE',  ( 1.000000000000000000, 0.000000000000000000, 0.000000000000000000 ) ) ;
#6106 = VERTEX_POINT ( 'NONE', #352 ) ;
#6107 = VECTOR ( 'NONE', #4052, 1000.000000000000000 ) ;
#6108 = EDGE_CURVE ( 'NONE', #4509, #1563, #2400, .T. ) ;
#6109 = ORIENTED_EDGE ( 'NONE', *, *, #5384, .T. ) ;
#6110 = ORIENTED_EDGE ( 'NONE', *, *, #8, .F. ) ;
#6111 = CARTESIAN_POINT ( 'NONE',  ( -0.7965600000000160330, 0.2999999999999944933, 85.09499602396600437 ) ) ;
#6112 = CARTESIAN_POINT ( 'NONE',  ( -0.1064962937899132378, -0.9030434363474914017, 87.42915427682244456 ) ) ;
#6113 = CARTESIAN_POINT ( 'NONE',  ( -1.500000000000000000, 0.09999999999998900047, 87.89840692922399512 ) ) ;
#6114 = PRODUCT_DEFINITION_CONTEXT ( 'detailed design', #2261, 'design' ) ;
#6115 = CARTESIAN_POINT ( 'NONE',  ( 0.5649949999999850370, -0.2500000000000000000, 70.85528406208601382 ) ) ;
#6116 = DIRECTION ( 'NONE',  ( 0.000000000000000000, 1.000000000000000000, 0.000000000000000000 ) ) ;
#6117 = ORIENTED_EDGE ( 'NONE', *, *, #2163, .F. ) ;
#6118 = ORIENTED_EDGE ( 'NONE', *, *, #43, .T. ) ;
#6119 = DIRECTION ( 'NONE',  ( 0.000000000000000000, -1.000000000000000000, 0.000000000000000000 ) ) ;
#6120 = CARTESIAN_POINT ( 'NONE',  ( 1.249989690848996027, -0.7291332837538190281, 87.84999999999999432 ) ) ;
#6121 = DIRECTION ( 'NONE',  ( -0.000000000000000000, -0.000000000000000000, -1.000000000000000000 ) ) ;
#6122 = DIRECTION ( 'NONE',  ( -0.000000000000000000, -1.000000000000000000, -0.000000000000000000 ) ) ;
#6123 = VERTEX_POINT ( 'NONE', #3676 ) ;
#6124 = VERTEX_POINT ( 'NONE', #4669 ) ;
#6125 = ADVANCED_FACE ( 'NONE', ( #1861 ), #4570, .T. ) ;
#6126 = CARTESIAN_POINT ( 'NONE',  ( 0.1217637288618012015, 0.01341060526838243859, 88.02994629973861151 ) ) ;
#6127 = PRESENTATION_STYLE_ASSIGNMENT (( #2176 ) ) ;
#6128 = PLANE ( 'NONE',  #2022 ) ;
#6129 = EDGE_LOOP ( 'NONE', ( #5563, #5906, #5244, #5680 ) ) ;
#6130 = CARTESIAN_POINT ( 'NONE',  ( -0.5270000000000140128, 0.5000000000000000000, 90.10775836525598947 ) ) ;
#6131 = ADVANCED_FACE ( 'NONE', ( #1241 ), #2844, .T. ) ;
#6132 = DIRECTION ( 'NONE',  ( -0.000000000000000000, -1.000000000000000000, -0.000000000000000000 ) ) ;
#6133 = CARTESIAN_POINT ( 'NONE',  ( -1.232537796352975779, -1.009999999999316111, 89.30839697173750835 ) ) ;
#6134 = CARTESIAN_POINT ( 'NONE',  ( 0.5269999999992920348, 0.2999999999999944933, 90.01231840488149771 ) ) ;
#6135 = ORIENTED_EDGE ( 'NONE', *, *, #2068, .T. ) ;
#6136 = EDGE_CURVE ( 'NONE', #5834, #1110, #2300, .T. ) ;
#6137 = ORIENTED_EDGE ( 'NONE', *, *, #2882, .T. ) ;
#6138 = AXIS2_PLACEMENT_3D ( 'NONE', #4218, #2257, #2316 ) ;
#6139 = VERTEX_POINT ( 'NONE', #2255 ) ;
#6140 = DIRECTION ( 'NONE',  ( -0.000000000000000000, -0.000000000000000000, -1.000000000000000000 ) ) ;
#6141 = DIRECTION ( 'NONE',  ( -1.000000000000000000, -0.000000000000000000, -0.000000000000000000 ) ) ;
#6142 = ORIENTED_EDGE ( 'NONE', *, *, #5081, .F. ) ;
#6143 = DIRECTION ( 'NONE',  ( -0.000000000000000000, -1.000000000000000000, -0.000000000000000000 ) ) ;
#6144 = PLANE ( 'NONE',  #5623 ) ;
#6145 = LINE ( 'NONE', #2542, #652 ) ;
#6146 = EDGE_LOOP ( 'NONE', ( #1516, #3699, #2286 ) ) ;
#6147 = ORIENTED_EDGE ( 'NONE', *, *, #2777, .F. ) ;
#6148 = CARTESIAN_POINT ( 'NONE',  ( -0.1499999999993174016, -1.416128856669611968, 87.47592797930809638 ) ) ;
#6149 = CARTESIAN_POINT ( 'NONE',  ( 1.130631840417584799, -0.8741069832042185350, 89.49862476175110260 ) ) ;
#6150 = CARTESIAN_POINT ( 'NONE',  ( 0.5649949999999850370, -0.2500000000000000000, 84.51499602396599187 ) ) ;
#6151 = CARTESIAN_POINT ( 'NONE',  ( 1.199999999929561856, -1.653000000000000025, 88.16252174453599366 ) ) ;
#6152 = CARTESIAN_POINT ( 'NONE',  ( -0.5500000000000000444, 6.735557395310442516E-17, 82.41186213473042699 ) ) ;
#6153 = EDGE_LOOP ( 'NONE', ( #4326, #4244, #5233, #4464 ) ) ;
#6154 = VERTEX_POINT ( 'NONE', #4216 ) ;
#6155 = CARTESIAN_POINT ( 'NONE',  ( -0.7965599999535805109, 0.5000000000001016964, 84.99428534584730244 ) ) ;
#6156 = CARTESIAN_POINT ( 'NONE',  ( 0.000000000000000000, 0.000000000000000000, 42.59783873644060748 ) ) ;
#6157 =( BOUNDED_CURVE ( )  B_SPLINE_CURVE ( 3, ( #6260, #1812, #5737, #3814 ),
 .UNSPECIFIED., .F., .T. ) 
 B_SPLINE_CURVE_WITH_KNOTS ( ( 4, 4 ),
 ( 0.000000000000000000, 0.8875680034430123433 ),
 .UNSPECIFIED. ) 
 CURVE ( )  GEOMETRIC_REPRESENTATION_ITEM ( )  RATIONAL_B_SPLINE_CURVE ( ( 1.000000000000000000, 0.9354222893234528380, 0.9354222893234528380, 1.000000000000000000 ) ) 
 REPRESENTATION_ITEM ( '' )  );
#6158 = CARTESIAN_POINT ( 'NONE',  ( 0.5269999999999860352, 0.2999999999999944933, 90.10775836525598947 ) ) ;
#6159 = CARTESIAN_POINT ( 'NONE',  ( -0.7965599999670699427, 0.4887769361334169949, 85.53343102398170572 ) ) ;
#6160 = ORIENTED_EDGE ( 'NONE', *, *, #4217, .F. ) ;
#6161 = PLANE ( 'NONE',  #3822 ) ;
#6162 = AXIS2_PLACEMENT_3D ( 'NONE', #3944, #4421, #2522 ) ;
#6163 = EDGE_CURVE ( 'NONE', #2664, #1531, #344, .T. ) ;
#6164 = DIRECTION ( 'NONE',  ( 0.000000000000000000, 0.000000000000000000, 1.000000000000000000 ) ) ;
#6165 = CARTESIAN_POINT ( 'NONE',  ( -0.7965600000000160330, 0.2999999999999944933, 85.09499602396600437 ) ) ;
#6166 = LINE ( 'NONE', #916, #5958 ) ;
#6167 = ORIENTED_EDGE ( 'NONE', *, *, #4571, .F. ) ;
#6168 = CARTESIAN_POINT ( 'NONE',  ( 0.000000000000000000, 0.000000000000000000, 0.000000000000000000 ) ) ;
#6169 = TOROIDAL_SURFACE ( 'NONE', #5554, 0.7500000000000000000, 0.2000000000000000111 ) ;
#6170 = ORIENTED_EDGE ( 'NONE', *, *, #2008, .T. ) ;
#6171 = PRESENTATION_LAYER_ASSIGNMENT (  '', '', ( #3405 ) ) ;
#6172 = EDGE_CURVE ( 'NONE', #4467, #4083, #475, .T. ) ;
#6173 = DIRECTION ( 'NONE',  ( -0.000000000000000000, -1.000000000000000000, -0.000000000000000000 ) ) ;
#6174 = CARTESIAN_POINT ( 'NONE',  ( -1.400000000000011902, 0.2999999999999944933, 86.90000000000000568 ) ) ;
#6175 = LINE ( 'NONE', #4343, #3325 ) ;
#6176 = ORIENTED_EDGE ( 'NONE', *, *, #3165, .T. ) ;
#6177 = DIRECTION ( 'NONE',  ( 0.000000000000000000, 1.000000000000000000, 0.000000000000000000 ) ) ;
#6178 = CARTESIAN_POINT ( 'NONE',  ( 1.400000000000370282, 0.4792893218813565337, 87.83835722666511003 ) ) ;
#6179 = AXIS2_PLACEMENT_3D ( 'NONE', #6189, #4258, #1767 ) ;
#6180 = CIRCLE ( 'NONE', #3113, 0.4049999999999999711 ) ;
#6181 = ORIENTED_EDGE ( 'NONE', *, *, #1800, .T. ) ;
#6182 = ADVANCED_FACE ( 'NONE', ( #5878 ), #5220, .T. ) ;
#6183 = EDGE_CURVE ( 'NONE', #1347, #3986, #986, .T. ) ;
#6184 = EDGE_CURVE ( 'NONE', #4154, #3597, #3281, .T. ) ;
#6185 = AXIS2_PLACEMENT_3D ( 'NONE', #3682, #5637, #4677 ) ;
#6186 = AXIS2_PLACEMENT_3D ( 'NONE', #6168, #4245, #755 ) ;
#6187 = ADVANCED_FACE ( 'NONE', ( #65 ), #3386, .T. ) ;
#6188 = DIRECTION ( 'NONE',  ( 0.000000000000000000, 1.000000000000000000, 0.000000000000000000 ) ) ;
#6189 = CARTESIAN_POINT ( 'NONE',  ( 0.000000000000000000, 0.000000000000000000, 41.78215331149137768 ) ) ;
#6190 = DIRECTION ( 'NONE',  ( 0.8660254037757392220, 0.000000000000000000, 0.5000000000150679469 ) ) ;
#6191 = DIRECTION ( 'NONE',  ( -0.000000000000000000, -0.000000000000000000, 1.000000000000000000 ) ) ;
#6192 = ORIENTED_EDGE ( 'NONE', *, *, #1247, .F. ) ;
#6193 = EDGE_LOOP ( 'NONE', ( #5734, #6170, #2631, #351 ) ) ;
#6194 = CARTESIAN_POINT ( 'NONE',  ( 0.09608791334595825906, -0.07720411182622295698, 88.02613991929035819 ) ) ;
#6195 = CARTESIAN_POINT ( 'NONE',  ( 0.8149949999999850370, 0.4500000000000060063, 85.01499602396599187 ) ) ;
#6196 = AXIS2_PLACEMENT_3D ( 'NONE', #5046, #1603, #3550 ) ;
#6197 = CARTESIAN_POINT ( 'NONE',  ( -1.314995000000011904, 0.4500000000000060063, 86.24044602396600112 ) ) ;
#6198 = EDGE_LOOP ( 'NONE', ( #2545, #485 ) ) ;
#6199 = CARTESIAN_POINT ( 'NONE',  ( 0.3103994648600729156, 0.2601483657734020016, 84.36499602396600039 ) ) ;
#6200 = VECTOR ( 'NONE', #6091, 1000.000000000000000 ) ;
#6201 = EDGE_CURVE ( 'NONE', #5733, #1254, #1363, .T. ) ;
#6202 = DIRECTION ( 'NONE',  ( 0.000000000000000000, 1.000000000000000000, 0.000000000000000000 ) ) ;
#6203 = CARTESIAN_POINT ( 'NONE',  ( -1.365099999999999980, 0.09999999999998900047, 87.96999602396599016 ) ) ;
#6204 = ORIENTED_EDGE ( 'NONE', *, *, #1561, .T. ) ;
#6205 = APPLICATION_PROTOCOL_DEFINITION ( 'draft international standard', 'automotive_design', 1998, #2261 ) ;
#6206 = CARTESIAN_POINT ( 'NONE',  ( 0.2720753572082875160, 0.2999999999999944933, 88.76999602396600153 ) ) ;
#6207 = CARTESIAN_POINT ( 'NONE',  ( -1.699999999999999956, 2.081899558550500280E-16, 53.71153062637019815 ) ) ;
#6208 = DIRECTION ( 'NONE',  ( -0.000000000000000000, -0.000000000000000000, 1.000000000000000000 ) ) ;
#6209 = SURFACE_STYLE_FILL_AREA ( #2405 ) ;
#6210 = ORIENTED_EDGE ( 'NONE', *, *, #2514, .F. ) ;
#6211 = DIRECTION ( 'NONE',  ( -2.769229234811375073E-09, -0.000000000000000000, 1.000000000000000000 ) ) ;
#6212 = FILL_AREA_STYLE_COLOUR ( '', #416 ) ;
#6213 = CIRCLE ( 'NONE', #4778, 0.04999999999999996808 ) ;
#6214 = CARTESIAN_POINT ( 'NONE',  ( -0.6665600000000109215, 0.4500000000000060063, 85.09499602378001271 ) ) ;
#6215 = B_SPLINE_CURVE_WITH_KNOTS ( 'NONE', 3,
 ( #4414, #1514, #444, #627 ),
 .UNSPECIFIED., .F., .F.,
 ( 4, 4 ),
 ( 0.000000000000000000, 1.000000000000000000 ),
 .UNSPECIFIED. ) ;
#6216 = EDGE_CURVE ( 'NONE', #2150, #3336, #1690, .T. ) ;
#6217 = CARTESIAN_POINT ( 'NONE',  ( -0.1499999999993450184, -1.300000000007155876, 87.43338650731570283 ) ) ;
#6218 = ADVANCED_FACE ( 'NONE', ( #4403 ), #4842, .T. ) ;
#6219 = CARTESIAN_POINT ( 'NONE',  ( 1.223459102621399008, -0.9297204564399945692, 89.32876844800293270 ) ) ;
#6220 = DIRECTION ( 'NONE',  ( 0.000000000000000000, 1.000000000000000000, 0.000000000000000000 ) ) ;
#6221 = AXIS2_PLACEMENT_3D ( 'NONE', #4341, #6309, #4370 ) ;
#6222 = DIRECTION ( 'NONE',  ( 0.000000000000000000, 1.000000000000000000, 0.000000000000000000 ) ) ;
#6223 = ORIENTED_EDGE ( 'NONE', *, *, #704, .F. ) ;
#6224 = ORIENTED_EDGE ( 'NONE', *, *, #6100, .T. ) ;
#6225 = VECTOR ( 'NONE', #6291, 1000.000000000000000 ) ;
#6226 = CARTESIAN_POINT ( 'NONE',  ( -0.7165600000000520442, 0.4792893218814270884, 85.04813310897300482 ) ) ;
#6227 = EDGE_CURVE ( 'NONE', #1347, #2785, #1539, .T. ) ;
#6228 = DIRECTION ( 'NONE',  ( -0.000000000000000000, -0.000000000000000000, 1.000000000000000000 ) ) ;
#6229 = DIRECTION ( 'NONE',  ( 0.000000000000000000, -1.000000000000000000, 0.000000000000000000 ) ) ;
#6230 = ORIENTED_EDGE ( 'NONE', *, *, #3919, .F. ) ;
#6231 = CARTESIAN_POINT ( 'NONE',  ( -1.000000000000014211, 0.4500000000000060063, 87.18953935445298953 ) ) ;
#6232 = AXIS2_PLACEMENT_3D ( 'NONE', #2147, #3640, #2748 ) ;
#6233 = AXIS2_PLACEMENT_3D ( 'NONE', #2362, #2859, #5770 ) ;
#6234 = FACE_OUTER_BOUND ( 'NONE', #2132, .T. ) ;
#6235 = FACE_OUTER_BOUND ( 'NONE', #5111, .T. ) ;
#6236 = ORIENTED_EDGE ( 'NONE', *, *, #312, .T. ) ;
#6237 = ORIENTED_EDGE ( 'NONE', *, *, #1098, .T. ) ;
#6238 = B_SPLINE_CURVE_WITH_KNOTS ( 'NONE', 3,
 ( #1199, #6057, #3713, #2198 ),
 .UNSPECIFIED., .F., .F.,
 ( 4, 4 ),
 ( 2.874326051984372891E-14, 0.0001513686829253289227 ),
 .UNSPECIFIED. ) ;
#6239 = LINE ( 'NONE', #3320, #486 ) ;
#6240 = CARTESIAN_POINT ( 'NONE',  ( -0.7649950000004069883, 0.5000000000000000000, 84.96888634640460225 ) ) ;
#6241 = CARTESIAN_POINT ( 'NONE',  ( -0.1499999999993174016, -0.9987822591758853674, 87.63486387306890890 ) ) ;
#6242 = PLANE ( 'NONE',  #2467 ) ;
#6243 = ORIENTED_EDGE ( 'NONE', *, *, #1376, .F. ) ;
#6244 = DIRECTION ( 'NONE',  ( 0.000000000000000000, 0.000000000000000000, -1.000000000000000000 ) ) ;
#6245 = FACE_OUTER_BOUND ( 'NONE', #2215, .T. ) ;
#6246 = AXIS2_PLACEMENT_3D ( 'NONE', #4563, #1720, #1206 ) ;
#6247 = FACE_OUTER_BOUND ( 'NONE', #4976, .T. ) ;
#6248 = VECTOR ( 'NONE', #1462, 1000.000000000000000 ) ;
#6249 = EDGE_CURVE ( 'NONE', #2968, #292, #5493, .T. ) ;
#6250 = FACE_OUTER_BOUND ( 'NONE', #1045, .T. ) ;
#6251 = CARTESIAN_POINT ( 'NONE',  ( -0.7649950000001429773, 0.5000000000000000000, 86.24044602397000858 ) ) ;
#6252 =( NAMED_UNIT ( * ) PLANE_ANGLE_UNIT ( ) SI_UNIT ( $, .RADIAN. ) );
#6253 = CARTESIAN_POINT ( 'NONE',  ( -0.7965599999916613827, 0.4500000000000060063, 85.51499602396599187 ) ) ;
#6254 = DIRECTION ( 'NONE',  ( 0.000000000000000000, 0.9396926207041665924, 0.3420201435502523424 ) ) ;
#6255 = VERTEX_POINT ( 'NONE', #3035 ) ;
#6256 = ORIENTED_EDGE ( 'NONE', *, *, #4873, .T. ) ;
#6257 = ADVANCED_FACE ( 'NONE', ( #192 ), #1184, .T. ) ;
#6258 = CARTESIAN_POINT ( 'NONE',  ( 1.365099999999979996, 0.09999999999998900047, 87.96999602396599016 ) ) ;
#6259 = CARTESIAN_POINT ( 'NONE',  ( 0.4999999999999870104, 0.2999999999999944933, 90.11499602396600039 ) ) ;
#6260 = CARTESIAN_POINT ( 'NONE',  ( -0.8149950000000130146, 0.4500000000000060063, 85.01499602396589239 ) ) ;
#6261 = ORIENTED_EDGE ( 'NONE', *, *, #3742, .T. ) ;
#6262 = CARTESIAN_POINT ( 'NONE',  ( -1.500000000000000000, 0.4500000000000060063, 89.37468692922600155 ) ) ;
#6263 = B_SPLINE_CURVE_WITH_KNOTS ( 'NONE', 3,
 ( #5490, #2082, #5977, #1602 ),
 .UNSPECIFIED., .F., .F.,
 ( 4, 4 ),
 ( 1.136457225239605651E-14, 0.0001236757380468120988 ),
 .UNSPECIFIED. ) ;
#6264 = EDGE_CURVE ( 'NONE', #3404, #5926, #6011, .T. ) ;
#6265 = DIRECTION ( 'NONE',  ( 0.000000000000000000, 0.000000000000000000, 1.000000000000000000 ) ) ;
#6266 = CARTESIAN_POINT ( 'NONE',  ( 0.1499999999992896182, -1.512041912179442171, 87.44455905442259791 ) ) ;
#6267 = ORIENTED_EDGE ( 'NONE', *, *, #4799, .T. ) ;
#6268 = VECTOR ( 'NONE', #5175, 1000.000000000000000 ) ;
#6269 = ORIENTED_EDGE ( 'NONE', *, *, #1101, .T. ) ;
#6270 = CARTESIAN_POINT ( 'NONE',  ( 1.232537796354072013, -1.009999999999316111, 89.30839697173510672 ) ) ;
#6271 = VECTOR ( 'NONE', #1248, 1000.000000000000000 ) ;
#6272 = CARTESIAN_POINT ( 'NONE',  ( -0.6665600000924631896, 0.5000000000000000000, 85.03497853536265438 ) ) ;
#6273 = LINE ( 'NONE', #2372, #567 ) ;
#6274 = DIRECTION ( 'NONE',  ( 1.000000000000000000, 0.000000000000000000, 0.000000000000000000 ) ) ;
#6275 = ORIENTED_EDGE ( 'NONE', *, *, #4296, .F. ) ;
#6276 = CARTESIAN_POINT ( 'NONE',  ( 0.8149949999999850370, 0.2999999999999944933, 85.51499602396599187 ) ) ;
#6277 = CARTESIAN_POINT ( 'NONE',  ( 0.8149949999999850370, -0.5000000000000000000, 86.21499602396599471 ) ) ;
#6278 = CARTESIAN_POINT ( 'NONE',  ( -0.9080532793210029929, -1.009999999999316111, 89.46746590999289594 ) ) ;
#6279 = AXIS2_PLACEMENT_3D ( 'NONE', #2915, #1064, #481 ) ;
#6280 = VECTOR ( 'NONE', #414, 1000.000000000000114 ) ;
#6281 =( NAMED_UNIT ( * ) SI_UNIT ( $, .STERADIAN. ) SOLID_ANGLE_UNIT ( ) );
#6282 = DIRECTION ( 'NONE',  ( 1.000000000000000000, 0.000000000000000000, 0.000000000000000000 ) ) ;
#6283 = LINE ( 'NONE', #1926, #5154 ) ;
#6284 = CIRCLE ( 'NONE', #1985, 0.05000000000000002359 ) ;
#6285 = DIRECTION ( 'NONE',  ( 0.000000000000000000, 0.000000000000000000, -1.000000000000000000 ) ) ;
#6286 = DIRECTION ( 'NONE',  ( 0.8660254037790087178, -0.000000000000000000, 0.5000000000094049213 ) ) ;
#6287 = ORIENTED_EDGE ( 'NONE', *, *, #6227, .T. ) ;
#6288 = ORIENTED_EDGE ( 'NONE', *, *, #1987, .F. ) ;
#6289 = VECTOR ( 'NONE', #4902, 1000.000000000000000 ) ;
#6290 = CIRCLE ( 'NONE', #458, 0.2000000000000000944 ) ;
#6291 = DIRECTION ( 'NONE',  ( 0.000000000000000000, 0.000000000000000000, 1.000000000000000000 ) ) ;
#6292 = DIRECTION ( 'NONE',  ( 1.217498324379696294E-09, 0.000000000000000000, 1.000000000000000000 ) ) ;
#6293 = CIRCLE ( 'NONE', #1074, 1.302732552838956170 ) ;
#6294 =( NAMED_UNIT ( * ) SI_UNIT ( $, .STERADIAN. ) SOLID_ANGLE_UNIT ( ) );
#6295 = CARTESIAN_POINT ( 'NONE',  ( -0.4000000000000115130, -1.300000000000000044, 89.06999602396599869 ) ) ;
#6296 = FACE_OUTER_BOUND ( 'NONE', #3918, .T. ) ;
#6297 = B_SPLINE_CURVE_WITH_KNOTS ( 'NONE', 3,
 ( #17, #4499, #1142, #1742 ),
 .UNSPECIFIED., .F., .F.,
 ( 4, 4 ),
 ( 0.000000000000000000, 1.000000000000000000 ),
 .UNSPECIFIED. ) ;
#6298 = EDGE_CURVE ( 'NONE', #696, #3617, #3644, .T. ) ;
#6299 = AXIS2_PLACEMENT_3D ( 'NONE', #580, #4410, #1955 ) ;
#6300 = CARTESIAN_POINT ( 'NONE',  ( -0.7649950000004069883, 0.5000000000000000000, 84.96888634640460225 ) ) ;
#6301 = CARTESIAN_POINT ( 'NONE',  ( -0.3354101966250024880, 0.2999999999999944933, 85.51499602396599187 ) ) ;
#6302 = EDGE_CURVE ( 'NONE', #616, #2294, #5666, .T. ) ;
#6303 = ORIENTED_EDGE ( 'NONE', *, *, #2519, .T. ) ;
#6304 = ADVANCED_FACE ( 'NONE', ( #4988 ), #3582, .F. ) ;
#6305 = ORIENTED_EDGE ( 'NONE', *, *, #41, .T. ) ;
#6306 = AXIS2_PLACEMENT_3D ( 'NONE', #5376, #4775, #1345 ) ;
#6307 = ADVANCED_FACE ( 'NONE', ( #2151 ), #4510, .T. ) ;
#6308 = ORIENTED_EDGE ( 'NONE', *, *, #2392, .F. ) ;
#6309 = DIRECTION ( 'NONE',  ( 1.000000000000000000, 0.000000000000000000, -4.819300595881999905E-14 ) ) ;
#6310 = CARTESIAN_POINT ( 'NONE',  ( 1.199999999999999956, -0.5500000000000000444, 87.82609174467499713 ) ) ;
#6311 = DIRECTION ( 'NONE',  ( 0.000000000000000000, 1.000000000000000000, 0.000000000000000000 ) ) ;
#6312 = DIRECTION ( 'NONE',  ( 0.000000000000000000, 0.000000000000000000, -1.000000000000000000 ) ) ;
#6313 = DIRECTION ( 'NONE',  ( -1.000000000000000000, -0.000000000000000000, -0.000000000000000000 ) ) ;
#6314 = EDGE_CURVE ( 'NONE', #4015, #4128, #6074, .T. ) ;
#6315 = FACE_OUTER_BOUND ( 'NONE', #5855, .T. ) ;
#6316 = CYLINDRICAL_SURFACE ( 'NONE', #2315, 0.7499999999969059195 ) ;
#6317 = CYLINDRICAL_SURFACE ( 'NONE', #3817, 0.05000000000000002359 ) ;
#6318 = CARTESIAN_POINT ( 'NONE',  ( -0.6665599999998994551, 0.5000000000000059952, 85.43499602416717664 ) ) ;
#6319 = LINE ( 'NONE', #4862, #271 ) ;
#6320 = VERTEX_POINT ( 'NONE', #5980 ) ;
#6321 = ORIENTED_EDGE ( 'NONE', *, *, #819, .T. ) ;
#6322 = VECTOR ( 'NONE', #3616, 1000.000000000000000 ) ;
#6323 = CARTESIAN_POINT ( 'NONE',  ( -0.3649950000000344863, 0.1755096862711134909, 84.51499602396599187 ) ) ;
#6324 = DIRECTION ( 'NONE',  ( 0.000000000000000000, 0.000000000000000000, -1.000000000000000000 ) ) ;
#6325 = LINE ( 'NONE', #1484, #6289 ) ;
#6326 = CARTESIAN_POINT ( 'NONE',  ( 0.6665600000080319498, 0.5000000000000000000, 85.43499602411479543 ) ) ;
#6327 = CARTESIAN_POINT ( 'NONE',  ( 1.180009520027989867, 0.5000000000000000000, 89.42472606815599079 ) ) ;
#6328 = AXIS2_PLACEMENT_3D ( 'NONE', #3226, #5142, #2640 ) ;
#6329 = AXIS2_PLACEMENT_3D ( 'NONE', #2486, #4428, #2009 ) ;
#6330 = CARTESIAN_POINT ( 'NONE',  ( -1.387778780781445991E-14, -1.350000000000018074, 89.71999602396289220 ) ) ;
#6331 = ORIENTED_EDGE ( 'NONE', *, *, #240, .F. ) ;
#6332 = ORIENTED_EDGE ( 'NONE', *, *, #3634, .F. ) ;
#6333 = ORIENTED_EDGE ( 'NONE', *, *, #428, .T. ) ;
#6334 = AXIS2_PLACEMENT_3D ( 'NONE', #5263, #4748, #3722 ) ;
#6335 = ADVANCED_FACE ( 'NONE', ( #3994 ), #5594, .T. ) ;
#6336 = FACE_OUTER_BOUND ( 'NONE', #4722, .T. ) ;
#6337 = CARTESIAN_POINT ( 'NONE',  ( 1.499999999999988010, 0.2999999999999944933, 87.96999602396599016 ) ) ;
#6338 = FACE_OUTER_BOUND ( 'NONE', #3555, .T. ) ;
#6339 = LINE ( 'NONE', #888, #723 ) ;
#6340 = DIRECTION ( 'NONE',  ( -0.4314554158725175115, 0.000000000000000000, 0.9021342605811359938 ) ) ;
#6341 = CARTESIAN_POINT ( 'NONE',  ( 0.8149949999999910322, 0.4653000412701664978, 85.01499602396587818 ) ) ;
#6342 = CARTESIAN_POINT ( 'NONE',  ( 0.7375650507576806403, 0.5000000000000874856, 84.99428534585345574 ) ) ;
ENDSEC;
END-ISO-10303-21;
