ISO-10303-21;
HEADER;
FILE_DESCRIPTION (( 'STEP AP214' ),
    '1' );
FILE_NAME ('975D2371-E89E-4F79-A2AC-BC865B74928A.STEP',
    '2026-07-31T13:22:12',
    ( '' ),
    ( '' ),
    'SwSTEP 2.0',
    'SolidWorks 2022',
    '' );
FILE_SCHEMA (( 'AUTOMOTIVE_DESIGN' ));
ENDSEC;

DATA;
#1 = VECTOR ( 'NONE', #620, 39.37007874015748143 ) ;
#2 = CARTESIAN_POINT ( 'NONE',  ( -0.001515195427931625895, 0.01025365930657278976, 0.06840709017634598321 ) ) ;
#3 = ORIENTED_EDGE ( 'NONE', *, *, #2290, .F. ) ;
#4 = CARTESIAN_POINT ( 'NONE',  ( 0.02394096204631871588, -0.01000495562776327479, 0.06841209017634597433 ) ) ;
#5 = SURFACE_STYLE_FILL_AREA ( #3761 ) ;
#6 = EDGE_CURVE ( 'NONE', #592, #4588, #4443, .T. ) ;
#7 = CARTESIAN_POINT ( 'NONE',  ( 0.02912320194822377167, -0.008497628173876659724, 0.06841209017634598821 ) ) ;
#8 = SURFACE_SIDE_STYLE ('',( #4427 ) ) ;
#9 = ORIENTED_EDGE ( 'NONE', *, *, #3286, .T. ) ;
#10 = CARTESIAN_POINT ( 'NONE',  ( 0.01611537406740188791, 0.001304780026783366282, 0.06841209017634594658 ) ) ;
#11 = ADVANCED_FACE ( 'NONE', ( #3665 ), #4063, .F. ) ;
#12 = CARTESIAN_POINT ( 'NONE',  ( 0.02756122706588678278, 0.006925340588723712457, 0.06841209017634598821 ) ) ;
#13 = UNCERTAINTY_MEASURE_WITH_UNIT (LENGTH_MEASURE( 1.000000000000000082E-05 ), #4507, 'distance_accuracy_value', 'NONE');
#14 = ORIENTED_EDGE ( 'NONE', *, *, #1907, .T. ) ;
#15 =( NAMED_UNIT ( * ) SI_UNIT ( $, .STERADIAN. ) SOLID_ANGLE_UNIT ( ) );
#16 = CARTESIAN_POINT ( 'NONE',  ( 0.01839599865404675794, 0.01239123909312395480, 0.06841209017634598821 ) ) ;
#17 =( CONVERSION_BASED_UNIT ( 'INCH', #2249 ) LENGTH_UNIT ( ) NAMED_UNIT ( #3925 ) );
#18 = FILL_AREA_STYLE ('',( #1946 ) ) ;
#19 =( GEOMETRIC_REPRESENTATION_CONTEXT ( 3 ) GLOBAL_UNCERTAINTY_ASSIGNED_CONTEXT ( ( #597 ) ) GLOBAL_UNIT_ASSIGNED_CONTEXT ( ( #2097, #3971, #3625 ) ) REPRESENTATION_CONTEXT ( 'NONE', 'WORKASPACE' ) );
#20 = FILL_AREA_STYLE ('',( #3329 ) ) ;
#21 = CARTESIAN_POINT ( 'NONE',  ( -0.009848450530648998613, -0.008551525306437926174, 0.06840709017634598321 ) ) ;
#22 = SURFACE_STYLE_USAGE ( .BOTH. , #4511 ) ;
#23 = ORIENTED_EDGE ( 'NONE', *, *, #751, .F. ) ;
#24 = CARTESIAN_POINT ( 'NONE',  ( 0.02065541174343681410, 0.01064617570229261373, 0.06840709017634598321 ) ) ;
#25 = CARTESIAN_POINT ( 'NONE',  ( -0.05873796110358478484, -0.02000000000000000042, 0.009999999999999995004 ) ) ;
#26 = CARTESIAN_POINT ( 'NONE',  ( 0.02700999735297048010, -0.007425757984604424745, 0.06840709017634598321 ) ) ;
#27 = VERTEX_POINT ( 'NONE', #4079 ) ;
#28 =( NAMED_UNIT ( * ) SI_UNIT ( $, .STERADIAN. ) SOLID_ANGLE_UNIT ( ) );
#29 = EDGE_LOOP ( 'NONE', ( #3154, #2914, #517, #1577, #3476, #3731 ) ) ;
#30 = SURFACE_STYLE_FILL_AREA ( #1183 ) ;
#31 = ADVANCED_FACE ( 'NONE', ( #1768 ), #2565, .T. ) ;
#32 = CARTESIAN_POINT ( 'NONE',  ( -0.02660748903173146274, 0.03011119384899940687, 0.06841209017634598821 ) ) ;
#33 = CARTESIAN_POINT ( 'NONE',  ( 0.03694634303360683908, -0.01282326377035029018, 0.06840709017634598321 ) ) ;
#34 = ORIENTED_EDGE ( 'NONE', *, *, #1075, .F. ) ;
#35 =( CONVERSION_BASED_UNIT ( 'INCH', #2563 ) LENGTH_UNIT ( ) NAMED_UNIT ( #577 ) );
#36 = ADVANCED_FACE ( 'NONE', ( #458 ), #1536, .T. ) ;
#37 = CARTESIAN_POINT ( 'NONE',  ( 0.01426659363158085808, 0.005602868227890246168, 0.06840709017634598321 ) ) ;
#38 = MECHANICAL_DESIGN_GEOMETRIC_PRESENTATION_REPRESENTATION (  '', ( #4828 ), #110 ) ;
#39 = FILL_AREA_STYLE_COLOUR ( '', #2091 ) ;
#40 =( NAMED_UNIT ( * ) PLANE_ANGLE_UNIT ( ) SI_UNIT ( $, .RADIAN. ) );
#41 =( NAMED_UNIT ( * ) SI_UNIT ( $, .STERADIAN. ) SOLID_ANGLE_UNIT ( ) );
#42 =( GEOMETRIC_REPRESENTATION_CONTEXT ( 3 ) GLOBAL_UNCERTAINTY_ASSIGNED_CONTEXT ( ( #4800 ) ) GLOBAL_UNIT_ASSIGNED_CONTEXT ( ( #4513, #1579, #1188 ) ) REPRESENTATION_CONTEXT ( 'NONE', 'WORKASPACE' ) );
#43 = EDGE_LOOP ( 'NONE', ( #2573, #4155, #4867, #3885 ) ) ;
#44 = CARTESIAN_POINT ( 'NONE',  ( 0.01387175072065841529, -8.961369420307002589E-05, 0.06841209017634598821 ) ) ;
#45 =( GEOMETRIC_REPRESENTATION_CONTEXT ( 3 ) GLOBAL_UNCERTAINTY_ASSIGNED_CONTEXT ( ( #806 ) ) GLOBAL_UNIT_ASSIGNED_CONTEXT ( ( #920, #3386, #4592 ) ) REPRESENTATION_CONTEXT ( 'NONE', 'WORKASPACE' ) );
#46 = LINE ( 'NONE', #2592, #607 ) ;
#47 = SURFACE_STYLE_USAGE ( .BOTH. , #4848 ) ;
#48 = PLANE ( 'NONE',  #4078 ) ;
#49 = SURFACE_STYLE_USAGE ( .BOTH. , #3060 ) ;
#50 = CARTESIAN_POINT ( 'NONE',  ( 0.02663239641955193054, -0.01141094687930881840, 0.06841209017634598821 ) ) ;
#51 = DIRECTION ( 'NONE',  ( 0.0000000000000000000, 0.0000000000000000000, -1.000000000000000000 ) ) ;
#52 = DIRECTION ( 'NONE',  ( 1.000000000000000000, -0.0000000000000000000, -0.0000000000000000000 ) ) ;
#53 = VERTEX_POINT ( 'NONE', #1191 ) ;
#54 =( GEOMETRIC_REPRESENTATION_CONTEXT ( 3 ) GLOBAL_UNCERTAINTY_ASSIGNED_CONTEXT ( ( #4788 ) ) GLOBAL_UNIT_ASSIGNED_CONTEXT ( ( #4412, #40, #3842 ) ) REPRESENTATION_CONTEXT ( 'NONE', 'WORKASPACE' ) );
#55 = LINE ( 'NONE', #4637, #1368 ) ;
#56 = CARTESIAN_POINT ( 'NONE',  ( 0.02860139200749868549, 0.001206052851379776783, 0.06841209017634598821 ) ) ;
#57 = EDGE_CURVE ( 'NONE', #2803, #2223, #2279, .T. ) ;
#58 = AXIS2_PLACEMENT_3D ( 'NONE', #1352, #3945, #634 ) ;
#59 = UNCERTAINTY_MEASURE_WITH_UNIT (LENGTH_MEASURE( 1.000000000000000082E-05 ), #4733, 'distance_accuracy_value', 'NONE');
#60 = CARTESIAN_POINT ( 'NONE',  ( 0.01445384710730453041, 0.006454545064578102315, 0.06841209017634598821 ) ) ;
#61 = ORIENTED_EDGE ( 'NONE', *, *, #3591, .F. ) ;
#62 = DIRECTION ( 'NONE',  ( 1.000000000000000000, -0.0000000000000000000, -0.0000000000000000000 ) ) ;
#63 = ADVANCED_FACE ( 'NONE', ( #4864 ), #564, .T. ) ;
#64 = CARTESIAN_POINT ( 'NONE',  ( -0.01504601570501400490, -0.01281379173699835790, 0.06841209017634598821 ) ) ;
#65 = CARTESIAN_POINT ( 'NONE',  ( -0.01035017085694357568, -0.01001234018727141691, 0.06840709017634598321 ) ) ;
#66 = COLOUR_RGB ( '',0.6666666666666666297, 0.6980392156862744724, 0.7686274509803920907 ) ;
#67 =( LENGTH_UNIT ( ) NAMED_UNIT ( * ) SI_UNIT ( $, .METRE. ) );
#68 =( LENGTH_UNIT ( ) NAMED_UNIT ( * ) SI_UNIT ( $, .METRE. ) );
#69 = VECTOR ( 'NONE', #2410, 39.37007874015748143 ) ;
#70 = CARTESIAN_POINT ( 'NONE',  ( 0.02222779335411965984, 0.01345878751170099391, 0.06840709017634598321 ) ) ;
#71 = MECHANICAL_DESIGN_GEOMETRIC_PRESENTATION_REPRESENTATION (  '', ( #1164 ), #4181 ) ;
#72 = PRESENTATION_STYLE_ASSIGNMENT (( #159 ) ) ;
#73 = ORIENTED_EDGE ( 'NONE', *, *, #4144, .F. ) ;
#74 = DIRECTION ( 'NONE',  ( -0.05233595624294387627, 0.0000000000000000000, -0.9986295347545738332 ) ) ;
#75 = COLOUR_RGB ( '',0.5019607843137254832, 0.5019607843137254832, 0.5019607843137254832 ) ;
#76 = CARTESIAN_POINT ( 'NONE',  ( -0.05761119384899940354, 0.03011119384899940687, 0.06840709017634598321 ) ) ;
#77 = SURFACE_STYLE_FILL_AREA ( #3490 ) ;
#78 = CARTESIAN_POINT ( 'NONE',  ( 0.02222779335411965984, 0.01345878751170099391, 0.06840709017634598321 ) ) ;
#79 = ORIENTED_EDGE ( 'NONE', *, *, #364, .F. ) ;
#80 = PRESENTATION_STYLE_ASSIGNMENT (( #99 ) ) ;
#81 = ORIENTED_EDGE ( 'NONE', *, *, #4036, .F. ) ;
#82 = CARTESIAN_POINT ( 'NONE',  ( 0.02470959267886115029, 0.01028708218070078888, 0.06841209017634598821 ) ) ;
#83 = LINE ( 'NONE', #3496, #1865 ) ;
#84 = ORIENTED_EDGE ( 'NONE', *, *, #4495, .F. ) ;
#85 = CARTESIAN_POINT ( 'NONE',  ( 0.05373796110358478040, 0.02000000000000000736, 0.009999999999999995004 ) ) ;
#86 = CARTESIAN_POINT ( 'NONE',  ( 0.01995645547474012710, 0.01311354653407330838, 0.06840709017634598321 ) ) ;
#87 = SURFACE_STYLE_FILL_AREA ( #18 ) ;
#88 = CARTESIAN_POINT ( 'NONE',  ( 0.05948939481647290417, 0.02000000000000000736, 0.03691209017634599493 ) ) ;
#89 = EDGE_CURVE ( 'NONE', #1952, #494, #4667, .T. ) ;
#90 = CARTESIAN_POINT ( 'NONE',  ( -4.784767152137024622E-05, 0.01281776187067535343, 0.06841209017634598821 ) ) ;
#91 = CARTESIAN_POINT ( 'NONE',  ( 0.02760182257576066292, -0.006141747325361321570, 0.06841209017634598821 ) ) ;
#92 = LINE ( 'NONE', #3876, #1861 ) ;
#93 = EDGE_LOOP ( 'NONE', ( #2778, #1273, #1478, #1226 ) ) ;
#94 = EDGE_CURVE ( 'NONE', #2481, #487, #2416, .T. ) ;
#95 = FILL_AREA_STYLE ('',( #2401 ) ) ;
#96 = CARTESIAN_POINT ( 'NONE',  ( 0.02397766152798066694, 0.01327126614233325660, 0.06841209017634597433 ) ) ;
#97 = LINE ( 'NONE', #3470, #630 ) ;
#98 = VERTEX_POINT ( 'NONE', #1423 ) ;
#99 = SURFACE_STYLE_USAGE ( .BOTH. , #1156 ) ;
#100 = DIMENSIONAL_EXPONENTS ( 1.000000000000000000, 0.0000000000000000000, 0.0000000000000000000, 0.0000000000000000000, 0.0000000000000000000, 0.0000000000000000000, 0.0000000000000000000 ) ;
#101 = LINE ( 'NONE', #4614, #1602 ) ;
#102 = VECTOR ( 'NONE', #1329, 39.37007874015748143 ) ;
#103 = CARTESIAN_POINT ( 'NONE',  ( 0.02766649527719658441, -0.005967294219068238099, 0.06840709017634598321 ) ) ;
#104 = UNCERTAINTY_MEASURE_WITH_UNIT (LENGTH_MEASURE( 1.000000000000000082E-05 ), #4067, 'distance_accuracy_value', 'NONE');
#105 = LINE ( 'NONE', #4617, #2193 ) ;
#106 = SURFACE_STYLE_FILL_AREA ( #1213 ) ;
#107 = CARTESIAN_POINT ( 'NONE',  ( 0.02849612370611916828, 0.002884523862603196286, 0.06841209017634601597 ) ) ;
#108 = CARTESIAN_POINT ( 'NONE',  ( -0.01202810789959559389, -0.007606084246642852778, 0.06841209017634596046 ) ) ;
#109 = CARTESIAN_POINT ( 'NONE',  ( 0.01843474169911181806, 0.009198389245845114623, 0.06840709017634598321 ) ) ;
#110 =( GEOMETRIC_REPRESENTATION_CONTEXT ( 3 ) GLOBAL_UNCERTAINTY_ASSIGNED_CONTEXT ( ( #2186 ) ) GLOBAL_UNIT_ASSIGNED_CONTEXT ( ( #1270, #3709, #1093 ) ) REPRESENTATION_CONTEXT ( 'NONE', 'WORKASPACE' ) );
#111 = SURFACE_SIDE_STYLE ('',( #4580 ) ) ;
#112 = EDGE_LOOP ( 'NONE', ( #3663, #4123, #336, #3, #667, #4042, #2931, #4081, #2411, #3794 ) ) ;
#113 = CARTESIAN_POINT ( 'NONE',  ( 0.05899999999999998995, -0.02000000000000000736, 0.04191209017634599243 ) ) ;
#114 = SURFACE_STYLE_USAGE ( .BOTH. , #3509 ) ;
#115 = EDGE_CURVE ( 'NONE', #1887, #4704, #2174, .T. ) ;
#116 = DIRECTION ( 'NONE',  ( 0.0000000000000000000, -0.0000000000000000000, -1.000000000000000000 ) ) ;
#117 = CARTESIAN_POINT ( 'NONE',  ( 0.02661563939925819591, 0.01206050533517363799, 0.06840709017634598321 ) ) ;
#118 =( NAMED_UNIT ( * ) SI_UNIT ( $, .STERADIAN. ) SOLID_ANGLE_UNIT ( ) );
#119 = EDGE_LOOP ( 'NONE', ( #2809, #4570, #2850, #1568 ) ) ;
#120 = DIRECTION ( 'NONE',  ( 0.0000000000000000000, 1.000000000000000000, 0.0000000000000000000 ) ) ;
#121 = EDGE_LOOP ( 'NONE', ( #2794, #4517, #3907, #2406, #1523, #3978 ) ) ;
#122 =( NAMED_UNIT ( * ) PLANE_ANGLE_UNIT ( ) SI_UNIT ( $, .RADIAN. ) );
#123 = CARTESIAN_POINT ( 'NONE',  ( 0.01839599865404675794, 0.01239123909312395480, 0.06841209017634598821 ) ) ;
#124 = CARTESIAN_POINT ( 'NONE',  ( 0.02813952383545203009, 0.02963952383545203489, 0.005412090176345997310 ) ) ;
#125 = SURFACE_SIDE_STYLE ('',( #3525 ) ) ;
#126 = LENGTH_MEASURE_WITH_UNIT ( LENGTH_MEASURE( 0.02539999999999999897 ), #2413 );
#127 = DIMENSIONAL_EXPONENTS ( 1.000000000000000000, 0.0000000000000000000, 0.0000000000000000000, 0.0000000000000000000, 0.0000000000000000000, 0.0000000000000000000, 0.0000000000000000000 ) ;
#128 = CARTESIAN_POINT ( 'NONE',  ( 0.02766649527719658441, -0.005967294219068238099, 0.06840709017634598321 ) ) ;
#129 = CARTESIAN_POINT ( 'NONE',  ( 0.02257609449539254784, 0.01088019460583921662, 0.06840709017634598321 ) ) ;
#130 =( CONVERSION_BASED_UNIT ( 'INCH', #1562 ) LENGTH_UNIT ( ) NAMED_UNIT ( #1350 ) );
#131 = CARTESIAN_POINT ( 'NONE',  ( -0.01422180512392786679, -0.01010992134855567132, 0.06840709017634599709 ) ) ;
#132 =( GEOMETRIC_REPRESENTATION_CONTEXT ( 3 ) GLOBAL_UNCERTAINTY_ASSIGNED_CONTEXT ( ( #3069 ) ) GLOBAL_UNIT_ASSIGNED_CONTEXT ( ( #17, #2638, #3326 ) ) REPRESENTATION_CONTEXT ( 'NONE', 'WORKASPACE' ) );
#133 = FILL_AREA_STYLE ('',( #3972 ) ) ;
#134 = PRESENTATION_LAYER_ASSIGNMENT (  '', '', ( #4399 ) ) ;
#135 = CARTESIAN_POINT ( 'NONE',  ( 0.02674243252672128118, -0.007846275728702875596, 0.06841209017634600209 ) ) ;
#136 = DIRECTION ( 'NONE',  ( 0.0000000000000000000, 0.0000000000000000000, -1.000000000000000000 ) ) ;
#137 = ORIENTED_EDGE ( 'NONE', *, *, #611, .T. ) ;
#138 = VECTOR ( 'NONE', #657, 39.37007874015748143 ) ;
#139 = EDGE_CURVE ( 'NONE', #1957, #2287, #278, .T. ) ;
#140 =( LENGTH_UNIT ( ) NAMED_UNIT ( * ) SI_UNIT ( $, .METRE. ) );
#141 =( GEOMETRIC_REPRESENTATION_CONTEXT ( 3 ) GLOBAL_UNCERTAINTY_ASSIGNED_CONTEXT ( ( #1148 ) ) GLOBAL_UNIT_ASSIGNED_CONTEXT ( ( #130, #2716, #851 ) ) REPRESENTATION_CONTEXT ( 'NONE', 'WORKASPACE' ) );
#142 =( LENGTH_UNIT ( ) NAMED_UNIT ( * ) SI_UNIT ( $, .METRE. ) );
#143 = ORIENTED_EDGE ( 'NONE', *, *, #424, .F. ) ;
#144 = CARTESIAN_POINT ( 'NONE',  ( -0.02138699029972649865, -0.009938648385734903667, 0.06841209017634601597 ) ) ;
#145 = EDGE_LOOP ( 'NONE', ( #4822, #4740, #2295, #3098 ) ) ;
#146 = CARTESIAN_POINT ( 'NONE',  ( -0.02006487491511111526, -0.008015571462657982219, 0.06840709017634598321 ) ) ;
#147 = ADVANCED_FACE ( 'NONE', ( #2939 ), #2535, .T. ) ;
#148 = PRESENTATION_LAYER_ASSIGNMENT (  '', '', ( #3309 ) ) ;
#149 = CARTESIAN_POINT ( 'NONE',  ( 0.02257609449539254784, 0.01088019460583921662, 0.06841209017634598821 ) ) ;
#150 = LINE ( 'NONE', #4401, #4705 ) ;
#151 = ORIENTED_EDGE ( 'NONE', *, *, #2403, .T. ) ;
#152 = FILL_AREA_STYLE ('',( #3116 ) ) ;
#153 = ADVANCED_FACE ( 'NONE', ( #1375 ), #2095, .F. ) ;
#154 = CARTESIAN_POINT ( 'NONE',  ( 0.02612945676789368496, -0.01174012405528281240, 0.06841209017634601597 ) ) ;
#155 =( LENGTH_UNIT ( ) NAMED_UNIT ( * ) SI_UNIT ( $, .METRE. ) );
#156 = DIRECTION ( 'NONE',  ( 1.000000000000000000, 0.0000000000000000000, 0.0000000000000000000 ) ) ;
#157 = CARTESIAN_POINT ( 'NONE',  ( -0.06415338570894128789, -0.02000000000000000389, 0.04191209017634599243 ) ) ;
#158 = DIMENSIONAL_EXPONENTS ( 1.000000000000000000, 0.0000000000000000000, 0.0000000000000000000, 0.0000000000000000000, 0.0000000000000000000, 0.0000000000000000000, 0.0000000000000000000 ) ;
#159 = SURFACE_STYLE_USAGE ( .BOTH. , #2424 ) ;
#160 = ORIENTED_EDGE ( 'NONE', *, *, #206, .F. ) ;
#161 = CARTESIAN_POINT ( 'NONE',  ( 0.0000000000000000000, 0.0000000000000000000, 0.04191209017634599243 ) ) ;
#162 = FILL_AREA_STYLE ('',( #2449 ) ) ;
#163 = VECTOR ( 'NONE', #697, 39.37007874015748143 ) ;
#164 =( CONVERSION_BASED_UNIT ( 'INCH', #886 ) LENGTH_UNIT ( ) NAMED_UNIT ( #3406 ) );
#165 = CARTESIAN_POINT ( 'NONE',  ( 0.02222779335411965984, 0.01345878751170099391, 0.06841209017634597433 ) ) ;
#166 = ORIENTED_EDGE ( 'NONE', *, *, #1068, .T. ) ;
#167 = CARTESIAN_POINT ( 'NONE',  ( 0.0000000000000000000, 0.0000000000000000000, 0.06841209017634598821 ) ) ;
#168 = ORIENTED_EDGE ( 'NONE', *, *, #541, .T. ) ;
#169 = CARTESIAN_POINT ( 'NONE',  ( 0.03500824207206837402, -0.01175655703958105799, 0.06840709017634598321 ) ) ;
#170 = PRESENTATION_STYLE_ASSIGNMENT (( #4639 ) ) ;
#171 = EDGE_CURVE ( 'NONE', #4226, #379, #1089, .T. ) ;
#172 = VERTEX_POINT ( 'NONE', #4174 ) ;
#173 = CARTESIAN_POINT ( 'NONE',  ( -0.05915338570894129039, -0.02000000000000000042, 0.0000000000000000000 ) ) ;
#174 = LENGTH_MEASURE_WITH_UNIT ( LENGTH_MEASURE( 0.02539999999999999897 ), #3573 );
#175 = CARTESIAN_POINT ( 'NONE',  ( 0.02778130131968272257, 0.006355335913718025004, 0.06840709017634598321 ) ) ;
#176 = ADVANCED_FACE ( 'NONE', ( #4454, #4793 ), #752, .T. ) ;
#177 = CARTESIAN_POINT ( 'NONE',  ( 0.01701521857219341627, -0.01067900849666883825, 0.06841209017634598821 ) ) ;
#178 =( LENGTH_UNIT ( ) NAMED_UNIT ( * ) SI_UNIT ( $, .METRE. ) );
#179 = PLANE ( 'NONE',  #4846 ) ;
#180 = CARTESIAN_POINT ( 'NONE',  ( 0.02230291354642734494, -0.01025916120624772651, 0.06841209017634598821 ) ) ;
#181 = CARTESIAN_POINT ( 'NONE',  ( -0.06415338570894128789, 0.02000000000000000042, 0.0000000000000000000 ) ) ;
#182 = AXIS2_PLACEMENT_3D ( 'NONE', #3249, #2420, #2820 ) ;
#183 = ORIENTED_EDGE ( 'NONE', *, *, #4819, .T. ) ;
#184 = SURFACE_STYLE_FILL_AREA ( #4370 ) ;
#185 = LENGTH_MEASURE_WITH_UNIT ( LENGTH_MEASURE( 0.02539999999999999897 ), #910 );
#186 = DIRECTION ( 'NONE',  ( -1.000000000000000000, -0.0000000000000000000, -0.0000000000000000000 ) ) ;
#187 = CARTESIAN_POINT ( 'NONE',  ( 0.02709574379458733542, 0.01168920336233961361, 0.06840709017634598321 ) ) ;
#188 = ORIENTED_EDGE ( 'NONE', *, *, #2865, .T. ) ;
#189 = CARTESIAN_POINT ( 'NONE',  ( -0.01977528961917964997, -0.01129550924801431960, 0.06840709017634596933 ) ) ;
#190 = EDGE_LOOP ( 'NONE', ( #624, #2725, #3063, #79 ) ) ;
#191 = DIMENSIONAL_EXPONENTS ( 1.000000000000000000, 0.0000000000000000000, 0.0000000000000000000, 0.0000000000000000000, 0.0000000000000000000, 0.0000000000000000000, 0.0000000000000000000 ) ;
#192 =( NAMED_UNIT ( * ) SI_UNIT ( $, .STERADIAN. ) SOLID_ANGLE_UNIT ( ) );
#193 = STYLED_ITEM ( 'NONE', ( #1260 ), #3864 ) ;
#194 = CARTESIAN_POINT ( 'NONE',  ( 0.002330958418222218304, -0.01218223812932464796, 0.06840709017634598321 ) ) ;
#195 = PRESENTATION_LAYER_ASSIGNMENT (  '', '', ( #4456 ) ) ;
#196 = UNCERTAINTY_MEASURE_WITH_UNIT (LENGTH_MEASURE( 1.000000000000000082E-05 ), #1886, 'distance_accuracy_value', 'NONE');
#197 = CARTESIAN_POINT ( 'NONE',  ( 0.03470275329001708958, 0.01025365930657278976, 0.06840709017634598321 ) ) ;
#198 = CARTESIAN_POINT ( 'NONE',  ( 0.01782892832514505407, 0.008455188037163044110, 0.06840709017634596933 ) ) ;
#199 =( NAMED_UNIT ( * ) PLANE_ANGLE_UNIT ( ) SI_UNIT ( $, .RADIAN. ) );
#200 = CARTESIAN_POINT ( 'NONE',  ( 0.002330958418222218304, 0.01025365930657278976, 0.06840709017634598321 ) ) ;
#201 = CARTESIAN_POINT ( 'NONE',  ( 0.02944502477804790408, -0.007864291400093115572, 0.06841209017634601597 ) ) ;
#202 = CARTESIAN_POINT ( 'NONE',  ( 0.02647925980480730218, 0.008812469128769500129, 0.06840709017634598321 ) ) ;
#203 = CARTESIAN_POINT ( 'NONE',  ( 0.02203062111136784226, -0.01281993265993022595, 0.06840709017634598321 ) ) ;
#204 = CLOSED_SHELL ( 'NONE', ( #4670, #11, #4527, #3690, #4026, #3991, #1537, #4688, #968, #3197, #1609, #147, #4606, #3173, #1378, #2454, #2038, #4267, #4296, #1913, #3481, #3873, #326, #871, #330, #3864, #4213, #3543, #2347, #875, #153, #3138 ) ) ;
#205 = DIRECTION ( 'NONE',  ( -0.0000000000000000000, -1.000000000000000000, -0.0000000000000000000 ) ) ;
#206 = EDGE_CURVE ( 'NONE', #1887, #248, #2564, .T. ) ;
#207 = CARTESIAN_POINT ( 'NONE',  ( 0.01611300970027349996, 0.0003177618706753523544, 0.06841209017634598821 ) ) ;
#208 = MECHANICAL_DESIGN_GEOMETRIC_PRESENTATION_REPRESENTATION (  '', ( #4468 ), #2967 ) ;
#209 = DIRECTION ( 'NONE',  ( 0.0000000000000000000, 1.000000000000000000, 0.0000000000000000000 ) ) ;
#210 =( NAMED_UNIT ( * ) PLANE_ANGLE_UNIT ( ) SI_UNIT ( $, .RADIAN. ) );
#211 = DIRECTION ( 'NONE',  ( 0.05226442768871393529, 0.05226442768871395611, -0.9972646886342373396 ) ) ;
#212 = CARTESIAN_POINT ( 'NONE',  ( -0.01686976273562393672, -0.009898584283170804715, 0.06840709017634598321 ) ) ;
#213 = CARTESIAN_POINT ( 'NONE',  ( 0.01386941995668375914, 0.0003077458450343269658, 0.06841209017634598821 ) ) ;
#214 =( GEOMETRIC_REPRESENTATION_CONTEXT ( 3 ) GLOBAL_UNCERTAINTY_ASSIGNED_CONTEXT ( ( #4262 ) ) GLOBAL_UNIT_ASSIGNED_CONTEXT ( ( #3897, #3599, #4435 ) ) REPRESENTATION_CONTEXT ( 'NONE', 'WORKASPACE' ) );
#215 = ORIENTED_EDGE ( 'NONE', *, *, #3747, .F. ) ;
#216 = CARTESIAN_POINT ( 'NONE',  ( -0.02110962159821970843, -0.01018930016226165559, 0.06841209017634601597 ) ) ;
#217 = ORIENTED_EDGE ( 'NONE', *, *, #429, .T. ) ;
#218 = DIRECTION ( 'NONE',  ( 1.000000000000000000, 0.0000000000000000000, 0.0000000000000000000 ) ) ;
#219 = CARTESIAN_POINT ( 'NONE',  ( -0.01177475901799710303, -0.004523362447031608301, 0.06840709017634596933 ) ) ;
#220 = EDGE_LOOP ( 'NONE', ( #1772, #1409, #748, #137 ) ) ;
#221 = CARTESIAN_POINT ( 'NONE',  ( 0.01640159999657158502, 0.004700089740684180832, 0.06840709017634598321 ) ) ;
#222 =( GEOMETRIC_REPRESENTATION_CONTEXT ( 3 ) GLOBAL_UNCERTAINTY_ASSIGNED_CONTEXT ( ( #299 ) ) GLOBAL_UNIT_ASSIGNED_CONTEXT ( ( #756, #1897, #41 ) ) REPRESENTATION_CONTEXT ( 'NONE', 'WORKASPACE' ) );
#223 = AXIS2_PLACEMENT_3D ( 'NONE', #4004, #643, #589 ) ;
#224 = DIMENSIONAL_EXPONENTS ( 1.000000000000000000, 0.0000000000000000000, 0.0000000000000000000, 0.0000000000000000000, 0.0000000000000000000, 0.0000000000000000000, 0.0000000000000000000 ) ;
#225 = CARTESIAN_POINT ( 'NONE',  ( 0.01611386289361289512, -1.615740649503033907E-05, 0.06841209017634598821 ) ) ;
#226 =( GEOMETRIC_REPRESENTATION_CONTEXT ( 3 ) GLOBAL_UNCERTAINTY_ASSIGNED_CONTEXT ( ( #2912 ) ) GLOBAL_UNIT_ASSIGNED_CONTEXT ( ( #2490, #2512, #4405 ) ) REPRESENTATION_CONTEXT ( 'NONE', 'WORKASPACE' ) );
#227 = CARTESIAN_POINT ( 'NONE',  ( 0.03042717473183418134, -0.004815183867178230055, 0.06841209017634601597 ) ) ;
#228 =( CONVERSION_BASED_UNIT ( 'INCH', #3171 ) LENGTH_UNIT ( ) NAMED_UNIT ( #3227 ) );
#229 = PRESENTATION_STYLE_ASSIGNMENT (( #1712 ) ) ;
#230 = LINE ( 'NONE', #1084, #1010 ) ;
#231 = PLANE ( 'NONE',  #2764 ) ;
#232 = SURFACE_STYLE_FILL_AREA ( #133 ) ;
#233 = CARTESIAN_POINT ( 'NONE',  ( 0.01811509356608144439, -0.008196328170467323537, 0.06841209017634598821 ) ) ;
#234 = CARTESIAN_POINT ( 'NONE',  ( 0.03085199302292679704, 0.0006917342960236100855, 0.06841209017634598821 ) ) ;
#235 = ADVANCED_FACE ( 'NONE', ( #2205 ), #2943, .F. ) ;
#236 = VERTEX_POINT ( 'NONE', #4265 ) ;
#237 = DIRECTION ( 'NONE',  ( -1.000000000000000000, 0.0000000000000000000, -0.0000000000000000000 ) ) ;
#238 = SURFACE_SIDE_STYLE ('',( #2105 ) ) ;
#239 = LENGTH_MEASURE_WITH_UNIT ( LENGTH_MEASURE( 0.02539999999999999897 ), #1412 );
#240 = CARTESIAN_POINT ( 'NONE',  ( 0.02508129633737816652, -0.01227188509412329744, 0.06840709017634598321 ) ) ;
#241 = DIRECTION ( 'NONE',  ( -0.0000000000000000000, 1.000000000000000000, -0.0000000000000000000 ) ) ;
#242 = ADVANCED_FACE ( 'NONE', ( #3526 ), #1535, .T. ) ;
#243 = ORIENTED_EDGE ( 'NONE', *, *, #57, .T. ) ;
#244 = STYLED_ITEM ( 'NONE', ( #2877 ), #2769 ) ;
#245 = MECHANICAL_DESIGN_GEOMETRIC_PRESENTATION_REPRESENTATION (  '', ( #2368 ), #19 ) ;
#246 = UNCERTAINTY_MEASURE_WITH_UNIT (LENGTH_MEASURE( 1.000000000000000082E-05 ), #478, 'distance_accuracy_value', 'NONE');
#247 = CARTESIAN_POINT ( 'NONE',  ( 0.02202640931723587672, 0.01088017461440376164, 0.06841209017634598821 ) ) ;
#248 = VERTEX_POINT ( 'NONE', #4647 ) ;
#249 = CARTESIAN_POINT ( 'NONE',  ( 0.03470275329001708958, 0.01281776187067535343, 0.06840709017634598321 ) ) ;
#250 =( CONVERSION_BASED_UNIT ( 'INCH', #2090 ) LENGTH_UNIT ( ) NAMED_UNIT ( #3363 ) );
#251 = CARTESIAN_POINT ( 'NONE',  ( 0.01686909430000703772, -0.005938885366856933370, 0.06840709017634601097 ) ) ;
#252 = CARTESIAN_POINT ( 'NONE',  ( 0.02222779335411965984, -0.01282326377035029018, 0.06840709017634598321 ) ) ;
#253 = CARTESIAN_POINT ( 'NONE',  ( 0.05882791106469739684, -0.03132791106469739323, 0.04519574267330080802 ) ) ;
#254 = CARTESIAN_POINT ( 'NONE',  ( 0.01428059392887714649, -0.004962556972209338120, 0.06840709017634598321 ) ) ;
#255 = PRESENTATION_STYLE_ASSIGNMENT (( #3652 ) ) ;
#256 = CARTESIAN_POINT ( 'NONE',  ( -0.01177160568434188273, -0.003813848706247725123, 0.06840709017634598321 ) ) ;
#257 = VECTOR ( 'NONE', #4255, 39.37007874015748143 ) ;
#258 = DIMENSIONAL_EXPONENTS ( 1.000000000000000000, 0.0000000000000000000, 0.0000000000000000000, 0.0000000000000000000, 0.0000000000000000000, 0.0000000000000000000, 0.0000000000000000000 ) ;
#259 = LINE ( 'NONE', #4765, #3650 ) ;
#260 = EDGE_LOOP ( 'NONE', ( #3289, #1027, #4746, #166 ) ) ;
#261 = CARTESIAN_POINT ( 'NONE',  ( -0.009602048577555435949, -0.006627599448614027514, 0.06840709017634596933 ) ) ;
#262 = EDGE_CURVE ( 'NONE', #4676, #3393, #4292, .T. ) ;
#263 = SURFACE_STYLE_USAGE ( .BOTH. , #2826 ) ;
#264 = CARTESIAN_POINT ( 'NONE',  ( 0.02340781269785027763, -0.01273909472544113713, 0.06840709017634598321 ) ) ;
#265 = DIRECTION ( 'NONE',  ( -0.8899332505568757767, 0.4560907909103987801, 0.0000000000000000000 ) ) ;
#266 = ORIENTED_EDGE ( 'NONE', *, *, #1619, .F. ) ;
#267 = SURFACE_SIDE_STYLE ('',( #4062 ) ) ;
#268 = FILL_AREA_STYLE_COLOUR ( '', #4241 ) ;
#269 = VECTOR ( 'NONE', #1243, 39.37007874015748143 ) ;
#270 = EDGE_CURVE ( 'NONE', #2919, #4038, #2320, .T. ) ;
#271 = CARTESIAN_POINT ( 'NONE',  ( 0.02861300970027350413, 0.0003177618706753523544, 0.06840709017634598321 ) ) ;
#272 =( CONVERSION_BASED_UNIT ( 'INCH', #3763 ) LENGTH_UNIT ( ) NAMED_UNIT ( #1972 ) );
#273 = COLOUR_RGB ( '',0.5019607843137254832, 0.5019607843137254832, 0.5019607843137254832 ) ;
#274 = VERTEX_POINT ( 'NONE', #128 ) ;
#275 = CARTESIAN_POINT ( 'NONE',  ( 0.01687412717068662374, 0.006584459953671271265, 0.06841209017634594658 ) ) ;
#276 = CARTESIAN_POINT ( 'NONE',  ( 0.01730298687546078309, -0.006940673107018988791, 0.06840709017634601097 ) ) ;
#277 = FILL_AREA_STYLE ('',( #4163 ) ) ;
#278 = LINE ( 'NONE', #3672, #2172 ) ;
#279 = CARTESIAN_POINT ( 'NONE',  ( 0.02050658687104706113, -0.01263615554108765866, 0.06841209017634598821 ) ) ;
#280 = VECTOR ( 'NONE', #1110, 39.37007874015748854 ) ;
#281 = LINE ( 'NONE', #3299, #1145 ) ;
#282 = FILL_AREA_STYLE ('',( #3300 ) ) ;
#283 = SURFACE_SIDE_STYLE ('',( #3537 ) ) ;
#284 = CARTESIAN_POINT ( 'NONE',  ( 0.03085659944386324322, 0.0003077458450343269658, 0.06841209017634598821 ) ) ;
#285 = PRESENTATION_LAYER_ASSIGNMENT (  '', '', ( #1767 ) ) ;
#286 = ORIENTED_EDGE ( 'NONE', *, *, #3229, .T. ) ;
#287 = CARTESIAN_POINT ( 'NONE',  ( 0.02828757842071490461, 0.004396386543808948784, 0.06840709017634598321 ) ) ;
#288 = CARTESIAN_POINT ( 'NONE',  ( -0.009558238021080456975, -0.005839237404303545230, 0.06841209017634598821 ) ) ;
#289 = AXIS2_PLACEMENT_3D ( 'NONE', #2746, #1626, #457 ) ;
#290 =( LENGTH_UNIT ( ) NAMED_UNIT ( * ) SI_UNIT ( $, .METRE. ) );
#291 = ORIENTED_EDGE ( 'NONE', *, *, #1730, .T. ) ;
#292 = FILL_AREA_STYLE_COLOUR ( '', #812 ) ;
#293 = EDGE_CURVE ( 'NONE', #2461, #4199, #3074, .T. ) ;
#294 = MECHANICAL_DESIGN_GEOMETRIC_PRESENTATION_REPRESENTATION (  '', ( #2409 ), #3055 ) ;
#295 = DIMENSIONAL_EXPONENTS ( 1.000000000000000000, 0.0000000000000000000, 0.0000000000000000000, 0.0000000000000000000, 0.0000000000000000000, 0.0000000000000000000, 0.0000000000000000000 ) ;
#296 = FACE_OUTER_BOUND ( 'NONE', #260, .T. ) ;
#297 = CARTESIAN_POINT ( 'NONE',  ( 0.03079588603512655939, -0.001908997262962247414, 0.06841209017634598821 ) ) ;
#298 = VECTOR ( 'NONE', #4037, 39.37007874015748143 ) ;
#299 = UNCERTAINTY_MEASURE_WITH_UNIT (LENGTH_MEASURE( 1.000000000000000082E-05 ), #756, 'distance_accuracy_value', 'NONE');
#300 = ORIENTED_EDGE ( 'NONE', *, *, #4290, .T. ) ;
#301 = EDGE_CURVE ( 'NONE', #1780, #1782, #1171, .T. ) ;
#302 = CARTESIAN_POINT ( 'NONE',  ( 0.01987470828286624913, -0.009655441044874171069, 0.06840709017634598321 ) ) ;
#303 = FILL_AREA_STYLE ('',( #327 ) ) ;
#304 = UNCERTAINTY_MEASURE_WITH_UNIT (LENGTH_MEASURE( 1.000000000000000082E-05 ), #865, 'distance_accuracy_value', 'NONE');
#305 = CARTESIAN_POINT ( 'NONE',  ( 0.02612042305983034579, 0.01239353303022095593, 0.06840709017634598321 ) ) ;
#306 = ADVANCED_FACE ( 'NONE', ( #2714 ), #1560, .T. ) ;
#307 = COLOUR_RGB ( '',0.5019607843137254832, 0.5019607843137254832, 0.5019607843137254832 ) ;
#308 = CARTESIAN_POINT ( 'NONE',  ( -0.02660748903173146274, -0.03011119384899940687, 0.06840709017634598321 ) ) ;
#309 = CARTESIAN_POINT ( 'NONE',  ( -0.02006487491511111526, -0.008015571462657982219, 0.06840709017634598321 ) ) ;
#310 = LINE ( 'NONE', #1797, #485 ) ;
#311 = CARTESIAN_POINT ( 'NONE',  ( 0.03022931041446076661, 0.006309466229725734648, 0.06841209017634598821 ) ) ;
#312 = ORIENTED_EDGE ( 'NONE', *, *, #1177, .T. ) ;
#313 = CARTESIAN_POINT ( 'NONE',  ( 0.02257609449539254784, 0.01088019460583921662, 0.06840709017634598321 ) ) ;
#314 = LENGTH_MEASURE_WITH_UNIT ( LENGTH_MEASURE( 0.02539999999999999897 ), #2450 );
#315 = CARTESIAN_POINT ( 'NONE',  ( 0.05008736867463247505, 0.01281776187067535343, 0.06840709017634598321 ) ) ;
#316 = ORIENTED_EDGE ( 'NONE', *, *, #1136, .F. ) ;
#317 = CARTESIAN_POINT ( 'NONE',  ( 0.004574548161811964331, -0.01218223812932464796, 0.06841209017634598821 ) ) ;
#318 = DIRECTION ( 'NONE',  ( -1.000000000000000000, -0.0000000000000000000, -0.0000000000000000000 ) ) ;
#319 = B_SPLINE_SURFACE_WITH_KNOTS ( 'NONE', 3, 1, ( 
 ( #2655, #1933 ),
 ( #3472, #1205 ),
 ( #2703, #3494 ),
 ( #3609, #3540 ),
 ( #2432, #3209 ),
 ( #4395, #3584 ),
 ( #2112, #4351 ),
 ( #189, #4677 ),
 ( #2008, #1343 ),
 ( #569, #216 ),
 ( #2058, #144 ) ),
 .UNSPECIFIED., .F., .F., .F.,
 ( 4, 1, 1, 1, 1, 1, 1, 1, 4 ),
 ( 2, 2 ),
 ( 0.0000000000000000000, 0.1060709021051297329, 0.2134216804124511035, 0.3216854881303252700, 0.4338579390981579520, 0.5540812827743550883, 0.6875870439665618949, 0.8364658500651137585, 1.000000000000000000 ),
 ( 0.0000000000000000000, 1.000000000000000000 ),
 .UNSPECIFIED. ) ;
#320 = CARTESIAN_POINT ( 'NONE',  ( 0.01622051060994842905, -0.009728284679489301867, 0.06840709017634598321 ) ) ;
#321 = LINE ( 'NONE', #1810, #1399 ) ;
#322 = ORIENTED_EDGE ( 'NONE', *, *, #938, .F. ) ;
#323 = CARTESIAN_POINT ( 'NONE',  ( -0.01563815375400712943, -0.01024125246010024887, 0.06840709017634598321 ) ) ;
#324 = CARTESIAN_POINT ( 'NONE',  ( -0.01975985577923602618, -0.008225910006877662842, 0.06840709017634598321 ) ) ;
#325 = CARTESIAN_POINT ( 'NONE',  ( 0.01668698702952842519, -0.005370401004681717161, 0.06840709017634599709 ) ) ;
#326 = ADVANCED_FACE ( 'NONE', ( #3270 ), #925, .F. ) ;
#327 = FILL_AREA_STYLE_COLOUR ( '', #1153 ) ;
#328 = CARTESIAN_POINT ( 'NONE',  ( 0.02972821590009252016, 0.007838240653473989988, 0.06840709017634598321 ) ) ;
#329 =( NAMED_UNIT ( * ) PLANE_ANGLE_UNIT ( ) SI_UNIT ( $, .RADIAN. ) );
#330 = ADVANCED_FACE ( 'NONE', ( #557 ), #1665, .F. ) ;
#331 = CARTESIAN_POINT ( 'NONE',  ( -0.05761119384899940354, -0.03011119384899940687, 0.06841209017634598821 ) ) ;
#332 = PRESENTATION_STYLE_ASSIGNMENT (( #4479 ) ) ;
#333 = LENGTH_MEASURE_WITH_UNIT ( LENGTH_MEASURE( 0.02539999999999999897 ), #388 );
#334 = DIRECTION ( 'NONE',  ( 0.0000000000000000000, 0.0000000000000000000, 1.000000000000000000 ) ) ;
#335 = CARTESIAN_POINT ( 'NONE',  ( -0.01686976273562393672, -0.009898584283170804715, 0.06841209017634598821 ) ) ;
#336 = ORIENTED_EDGE ( 'NONE', *, *, #2060, .F. ) ;
#337 = LENGTH_MEASURE_WITH_UNIT ( LENGTH_MEASURE( 0.02539999999999999897 ), #2543 );
#338 = PRESENTATION_LAYER_ASSIGNMENT (  '', '', ( #1424 ) ) ;
#339 = CARTESIAN_POINT ( 'NONE',  ( -0.009665870095337368226, -0.007342731212847882459, 0.06841209017634598821 ) ) ;
#340 = FILL_AREA_STYLE ('',( #1542 ) ) ;
#341 = CARTESIAN_POINT ( 'NONE',  ( -0.01604883258944457547, -0.01017666381781352943, 0.06840709017634598321 ) ) ;
#342 = LINE ( 'NONE', #3758, #3701 ) ;
#343 = ORIENTED_EDGE ( 'NONE', *, *, #2609, .T. ) ;
#344 = DIRECTION ( 'NONE',  ( -0.0000000000000000000, -0.0000000000000000000, 1.000000000000000000 ) ) ;
#345 = CARTESIAN_POINT ( 'NONE',  ( -0.02057974098317143577, -0.01066814120231924894, 0.06841209017634600209 ) ) ;
#346 = CARTESIAN_POINT ( 'NONE',  ( 0.02203062111136784226, -0.01281993265993022595, 0.06840709017634598321 ) ) ;
#347 = PLANE ( 'NONE',  #2027 ) ;
#348 = ORIENTED_EDGE ( 'NONE', *, *, #293, .F. ) ;
#349 = MANIFOLD_SOLID_BREP ( 'Tantalum Cap Bot-1-solid1', #204 ) ;
#350 = COLOUR_RGB ( '',0.6666666666666666297, 0.6980392156862744724, 0.7686274509803920907 ) ;
#351 = MECHANICAL_DESIGN_GEOMETRIC_PRESENTATION_REPRESENTATION (  '', ( #4291 ), #1989 ) ;
#352 = CARTESIAN_POINT ( 'NONE',  ( 0.02809212496217491570, -0.004588700249137648256, 0.06841209017634598821 ) ) ;
#353 = CARTESIAN_POINT ( 'NONE',  ( 0.02813952383545203009, 0.02963952383545203489, 0.006412090176345995596 ) ) ;
#354 =( NAMED_UNIT ( * ) PLANE_ANGLE_UNIT ( ) SI_UNIT ( $, .RADIAN. ) );
#355 = ORIENTED_EDGE ( 'NONE', *, *, #1257, .T. ) ;
#356 =( GEOMETRIC_REPRESENTATION_CONTEXT ( 3 ) GLOBAL_UNCERTAINTY_ASSIGNED_CONTEXT ( ( #3487 ) ) GLOBAL_UNIT_ASSIGNED_CONTEXT ( ( #3766, #1791, #3405 ) ) REPRESENTATION_CONTEXT ( 'NONE', 'WORKASPACE' ) );
#357 = DIRECTION ( 'NONE',  ( -1.000000000000000000, 0.0000000000000000000, -0.0000000000000000000 ) ) ;
#358 = DIMENSIONAL_EXPONENTS ( 1.000000000000000000, 0.0000000000000000000, 0.0000000000000000000, 0.0000000000000000000, 0.0000000000000000000, 0.0000000000000000000, 0.0000000000000000000 ) ;
#359 = VECTOR ( 'NONE', #2805, 39.37007874015748143 ) ;
#360 = LINE ( 'NONE', #803, #1503 ) ;
#361 = CARTESIAN_POINT ( 'NONE',  ( -0.02006487491511111526, -0.008015571462657982219, 0.06841209017634598821 ) ) ;
#362 = ORIENTED_EDGE ( 'NONE', *, *, #3021, .F. ) ;
#363 = PLANE ( 'NONE',  #2785 ) ;
#364 = EDGE_CURVE ( 'NONE', #1952, #2324, #2049, .T. ) ;
#365 = CARTESIAN_POINT ( 'NONE',  ( -0.01204883682641157833, -0.01193838337051603138, 0.06840709017634598321 ) ) ;
#366 = CARTESIAN_POINT ( 'NONE',  ( 0.05873796110358477790, -0.02000000000000000042, 0.009999999999999995004 ) ) ;
#367 = COLOUR_RGB ( '',0.6666666666666666297, 0.6980392156862744724, 0.7686274509803920907 ) ;
#368 = UNCERTAINTY_MEASURE_WITH_UNIT (LENGTH_MEASURE( 1.000000000000000082E-05 ), #164, 'distance_accuracy_value', 'NONE');
#369 = LINE ( 'NONE', #1827, #2722 ) ;
#370 = CARTESIAN_POINT ( 'NONE',  ( -0.05900000000000000383, 0.02000000000000000042, 0.04191209017634599243 ) ) ;
#371 = VERTEX_POINT ( 'NONE', #3788 ) ;
#372 = EDGE_CURVE ( 'NONE', #2080, #793, #1885, .T. ) ;
#373 = CARTESIAN_POINT ( 'NONE',  ( 0.02257975405825409995, -0.01024774848616522883, 0.06840709017634598321 ) ) ;
#374 = CARTESIAN_POINT ( 'NONE',  ( -0.05761119384899940354, 0.03011119384899940687, 0.06840709017634598321 ) ) ;
#375 = STYLED_ITEM ( 'NONE', ( #2952 ), #1770 ) ;
#376 =( GEOMETRIC_REPRESENTATION_CONTEXT ( 3 ) GLOBAL_UNCERTAINTY_ASSIGNED_CONTEXT ( ( #13 ) ) GLOBAL_UNIT_ASSIGNED_CONTEXT ( ( #4507, #1166, #827 ) ) REPRESENTATION_CONTEXT ( 'NONE', 'WORKASPACE' ) );
#377 = SURFACE_STYLE_USAGE ( .BOTH. , #8 ) ;
#378 = COLOUR_RGB ( '',1.000000000000000000, 1.000000000000000000, 1.000000000000000000 ) ;
#379 = VERTEX_POINT ( 'NONE', #1253 ) ;
#380 = CARTESIAN_POINT ( 'NONE',  ( -0.01646186887278409255, -0.01005847882987741422, 0.06841209017634598821 ) ) ;
#381 = COLOUR_RGB ( '',0.7921568627450980005, 0.8196078431372548767, 0.9333333333333333481 ) ;
#382 = CARTESIAN_POINT ( 'NONE',  ( 0.02849612370611916828, 0.002884523862603196286, 0.06841209017634598821 ) ) ;
#383 = ORIENTED_EDGE ( 'NONE', *, *, #2706, .T. ) ;
#384 = LINE ( 'NONE', #2995, #3199 ) ;
#385 = CARTESIAN_POINT ( 'NONE',  ( 0.01658056908690719658, 0.01083517347141429131, 0.06840709017634598321 ) ) ;
#386 = MECHANICAL_DESIGN_GEOMETRIC_PRESENTATION_REPRESENTATION (  '', ( #2501 ), #3549 ) ;
#387 =( CONVERSION_BASED_UNIT ( 'INCH', #2922 ) LENGTH_UNIT ( ) NAMED_UNIT ( #3861 ) );
#388 =( LENGTH_UNIT ( ) NAMED_UNIT ( * ) SI_UNIT ( $, .METRE. ) );
#389 = CARTESIAN_POINT ( 'NONE',  ( -0.01357054570643977977, -0.01262132915327402599, 0.06840709017634598321 ) ) ;
#390 = FACE_OUTER_BOUND ( 'NONE', #2584, .T. ) ;
#391 = ORIENTED_EDGE ( 'NONE', *, *, #115, .F. ) ;
#392 = CARTESIAN_POINT ( 'NONE',  ( 0.01877104665180290635, 0.009522578203405566988, 0.06840709017634599709 ) ) ;
#393 = COLOUR_RGB ( '',0.7921568627450980005, 0.8196078431372548767, 0.9333333333333333481 ) ;
#394 = ADVANCED_FACE ( 'NONE', ( #1296 ), #4356, .T. ) ;
#395 = PRESENTATION_LAYER_ASSIGNMENT (  '', '', ( #4711 ) ) ;
#396 =( LENGTH_UNIT ( ) NAMED_UNIT ( * ) SI_UNIT ( $, .METRE. ) );
#397 = FACE_OUTER_BOUND ( 'NONE', #2629, .T. ) ;
#398 = VERTEX_POINT ( 'NONE', #2548 ) ;
#399 = DIRECTION ( 'NONE',  ( -0.0000000000000000000, -0.0000000000000000000, 1.000000000000000000 ) ) ;
#400 = DIRECTION ( 'NONE',  ( -0.0000000000000000000, -0.0000000000000000000, 1.000000000000000000 ) ) ;
#401 = EDGE_CURVE ( 'NONE', #3734, #2803, #3773, .T. ) ;
#402 = CARTESIAN_POINT ( 'NONE',  ( 0.01401105539533894183, 0.003684976581060697351, 0.06840709017634598321 ) ) ;
#403 = CARTESIAN_POINT ( 'NONE',  ( 0.04629129495668375671, 0.01025365930657278976, 0.06840709017634598321 ) ) ;
#404 = EDGE_LOOP ( 'NONE', ( #2694, #809, #4859, #168 ) ) ;
#405 =( CONVERSION_BASED_UNIT ( 'INCH', #2362 ) LENGTH_UNIT ( ) NAMED_UNIT ( #2072 ) );
#406 = CARTESIAN_POINT ( 'NONE',  ( 0.02860907977718111367, 0.0006182445315185129036, 0.06841209017634598821 ) ) ;
#407 = UNCERTAINTY_MEASURE_WITH_UNIT (LENGTH_MEASURE( 1.000000000000000082E-05 ), #4492, 'distance_accuracy_value', 'NONE');
#408 = CARTESIAN_POINT ( 'NONE',  ( 0.05873796110358477790, -0.02000000000000000042, 0.03691209017634599493 ) ) ;
#409 = EDGE_LOOP ( 'NONE', ( #4249, #3694, #1114, #1208 ) ) ;
#410 = CARTESIAN_POINT ( 'NONE',  ( 0.01698984616167325754, 0.01128976391797518325, 0.06841209017634598821 ) ) ;
#411 = PRESENTATION_LAYER_ASSIGNMENT (  '', '', ( #879 ) ) ;
#412 = CARTESIAN_POINT ( 'NONE',  ( -0.01014401670998431836, -0.009599918435478933115, 0.06841209017634598821 ) ) ;
#413 = SURFACE_SIDE_STYLE ('',( #3798 ) ) ;
#414 = PRESENTATION_LAYER_ASSIGNMENT (  '', '', ( #2368 ) ) ;
#415 = CARTESIAN_POINT ( 'NONE',  ( 0.06448939481647289473, 0.02000000000000000736, 0.04191209017634599243 ) ) ;
#416 =( LENGTH_UNIT ( ) NAMED_UNIT ( * ) SI_UNIT ( $, .METRE. ) );
#417 = ORIENTED_EDGE ( 'NONE', *, *, #1401, .F. ) ;
#418 = LENGTH_MEASURE_WITH_UNIT ( LENGTH_MEASURE( 0.02539999999999999897 ), #783 );
#419 = UNCERTAINTY_MEASURE_WITH_UNIT (LENGTH_MEASURE( 1.000000000000000082E-05 ), #789, 'distance_accuracy_value', 'NONE');
#420 =( LENGTH_UNIT ( ) NAMED_UNIT ( * ) SI_UNIT ( $, .METRE. ) );
#421 = DIRECTION ( 'NONE',  ( -0.0000000000000000000, -0.0000000000000000000, 1.000000000000000000 ) ) ;
#422 = EDGE_LOOP ( 'NONE', ( #61, #1975, #822, #3304 ) ) ;
#423 =( NAMED_UNIT ( * ) SI_UNIT ( $, .STERADIAN. ) SOLID_ANGLE_UNIT ( ) );
#424 = EDGE_CURVE ( 'NONE', #27, #1086, #1366, .T. ) ;
#425 = CARTESIAN_POINT ( 'NONE',  ( 0.02974081556624241438, -0.007186064808201742329, 0.06841209017634598821 ) ) ;
#426 = ORIENTED_EDGE ( 'NONE', *, *, #3452, .T. ) ;
#427 =( NAMED_UNIT ( * ) PLANE_ANGLE_UNIT ( ) SI_UNIT ( $, .RADIAN. ) );
#428 = DIRECTION ( 'NONE',  ( 0.0000000000000000000, 0.0000000000000000000, -1.000000000000000000 ) ) ;
#429 = EDGE_CURVE ( 'NONE', #2757, #3071, #1026, .T. ) ;
#430 = CARTESIAN_POINT ( 'NONE',  ( 0.02731897182118986356, 0.007454724777023398127, 0.06841209017634598821 ) ) ;
#431 = CARTESIAN_POINT ( 'NONE',  ( 0.01890058912649821010, 0.01267718722609368319, 0.06841209017634598821 ) ) ;
#432 = ORIENTED_EDGE ( 'NONE', *, *, #2890, .F. ) ;
#433 = FACE_OUTER_BOUND ( 'NONE', #2082, .T. ) ;
#434 = VECTOR ( 'NONE', #4747, 39.37007874015748143 ) ;
#435 = CARTESIAN_POINT ( 'NONE',  ( 0.01743571670643844634, 0.01169626927843096451, 0.06841209017634598821 ) ) ;
#436 = VECTOR ( 'NONE', #3949, 39.37007874015748143 ) ;
#437 = CARTESIAN_POINT ( 'NONE',  ( -0.009528015940752140173, -0.004064249347273366127, 0.06841209017634598821 ) ) ;
#438 = SURFACE_SIDE_STYLE ('',( #2023 ) ) ;
#439 = VECTOR ( 'NONE', #399, 39.37007874015748143 ) ;
#440 = CARTESIAN_POINT ( 'NONE',  ( 0.01755686201662892340, 0.008037578270597861910, 0.06840709017634599709 ) ) ;
#441 = COLOUR_RGB ( '',0.7921568627450980005, 0.8196078431372548767, 0.9333333333333333481 ) ;
#442 = CYLINDRICAL_SURFACE ( 'NONE', #1316, 0.004999999999999997502 ) ;
#443 = DIRECTION ( 'NONE',  ( 0.0000000000000000000, -1.000000000000000000, 0.0000000000000000000 ) ) ;
#444 = EDGE_LOOP ( 'NONE', ( #1757, #934, #3065, #1633 ) ) ;
#445 = AXIS2_PLACEMENT_3D ( 'NONE', #4831, #3745, #1479 ) ;
#446 = CARTESIAN_POINT ( 'NONE',  ( 0.01400982722618875076, -0.003049761990129130820, 0.06840709017634598321 ) ) ;
#447 = CARTESIAN_POINT ( 'NONE',  ( 0.05873796110358477790, 0.02000000000000000042, 0.004999999999999997502 ) ) ;
#448 = ORIENTED_EDGE ( 'NONE', *, *, #3096, .T. ) ;
#449 = VECTOR ( 'NONE', #4791, 39.37007874015748143 ) ;
#450 = VECTOR ( 'NONE', #4314, 39.37007874015748143 ) ;
#451 = B_SPLINE_CURVE_WITH_KNOTS ( 'NONE', 3,
 ( #146, #4572, #2759, #894, #3108, #4659, #1184 ),
 .UNSPECIFIED., .F., .F.,
 ( 4, 1, 1, 1, 4 ),
 ( 0.0000000000000000000, 0.2991842876765369863, 0.5648989463568091507, 0.7985478688426197458, 1.000000000000000000 ),
 .UNSPECIFIED. ) ;
#452 = CARTESIAN_POINT ( 'NONE',  ( 0.004574548161811964331, -0.01218223812932464796, 0.06840709017634598321 ) ) ;
#453 = STYLED_ITEM ( 'NONE', ( #4408 ), #153 ) ;
#454 = CARTESIAN_POINT ( 'NONE',  ( 0.03084301658573628674, 0.001440004647289049554, 0.06840709017634598321 ) ) ;
#455 = ORIENTED_EDGE ( 'NONE', *, *, #1049, .F. ) ;
#456 = SURFACE_STYLE_FILL_AREA ( #3838 ) ;
#457 = DIRECTION ( 'NONE',  ( 1.000000000000000000, 0.0000000000000000000, 0.0000000000000000000 ) ) ;
#458 = FACE_OUTER_BOUND ( 'NONE', #3713, .T. ) ;
#459 = EDGE_CURVE ( 'NONE', #1869, #371, #1319, .T. ) ;
#460 = COLOUR_RGB ( '',0.7921568627450980005, 0.8196078431372548767, 0.9333333333333333481 ) ;
#461 = CARTESIAN_POINT ( 'NONE',  ( 0.01707651642067459577, -0.006457807284680854715, 0.06840709017634596933 ) ) ;
#462 = MECHANICAL_DESIGN_GEOMETRIC_PRESENTATION_REPRESENTATION (  '', ( #2419 ), #3859 ) ;
#463 =( CONVERSION_BASED_UNIT ( 'INCH', #2374 ) LENGTH_UNIT ( ) NAMED_UNIT ( #4600 ) );
#464 = AXIS2_PLACEMENT_3D ( 'NONE', #1338, #616, #1004 ) ;
#465 = ORIENTED_EDGE ( 'NONE', *, *, #4060, .T. ) ;
#466 = FACE_OUTER_BOUND ( 'NONE', #2861, .T. ) ;
#467 =( CONVERSION_BASED_UNIT ( 'INCH', #4629 ) LENGTH_UNIT ( ) NAMED_UNIT ( #4097 ) );
#468 =( GEOMETRIC_REPRESENTATION_CONTEXT ( 3 ) GLOBAL_UNCERTAINTY_ASSIGNED_CONTEXT ( ( #3214 ) ) GLOBAL_UNIT_ASSIGNED_CONTEXT ( ( #1834, #1124, #2624 ) ) REPRESENTATION_CONTEXT ( 'NONE', 'WORKASPACE' ) );
#469 = VECTOR ( 'NONE', #1475, 39.37007874015748143 ) ;
#470 = LENGTH_MEASURE_WITH_UNIT ( LENGTH_MEASURE( 0.02539999999999999897 ), #140 );
#471 =( LENGTH_UNIT ( ) NAMED_UNIT ( * ) SI_UNIT ( $, .METRE. ) );
#472 =( NAMED_UNIT ( * ) SI_UNIT ( $, .STERADIAN. ) SOLID_ANGLE_UNIT ( ) );
#473 = CARTESIAN_POINT ( 'NONE',  ( 0.02242661820043637816, 0.01345530311758910344, 0.06841209017634598821 ) ) ;
#474 = ORIENTED_EDGE ( 'NONE', *, *, #459, .F. ) ;
#475 = CARTESIAN_POINT ( 'NONE',  ( 0.03470275329001708958, 0.01281776187067535343, 0.06840709017634598321 ) ) ;
#476 = SURFACE_SIDE_STYLE ('',( #1231 ) ) ;
#477 = LINE ( 'NONE', #33, #3392 ) ;
#478 =( CONVERSION_BASED_UNIT ( 'INCH', #3913 ) LENGTH_UNIT ( ) NAMED_UNIT ( #2838 ) );
#479 = FILL_AREA_STYLE_COLOUR ( '', #2242 ) ;
#480 = CARTESIAN_POINT ( 'NONE',  ( 0.01445384710730453041, 0.006454545064578102315, 0.06840709017634598321 ) ) ;
#481 = DIMENSIONAL_EXPONENTS ( 1.000000000000000000, 0.0000000000000000000, 0.0000000000000000000, 0.0000000000000000000, 0.0000000000000000000, 0.0000000000000000000, 0.0000000000000000000 ) ;
#482 = CARTESIAN_POINT ( 'NONE',  ( 0.02312304773890706475, 0.01085118255556683647, 0.06841209017634602985 ) ) ;
#483 =( NAMED_UNIT ( * ) SI_UNIT ( $, .STERADIAN. ) SOLID_ANGLE_UNIT ( ) );
#484 = ADVANCED_FACE ( 'NONE', ( #1748 ), #3712, .T. ) ;
#485 = VECTOR ( 'NONE', #3026, 39.37007874015748143 ) ;
#486 = CARTESIAN_POINT ( 'NONE',  ( 0.01629371684407898702, -0.003300422914047808267, 0.06840709017634598321 ) ) ;
#487 = VERTEX_POINT ( 'NONE', #3977 ) ;
#488 = CARTESIAN_POINT ( 'NONE',  ( 0.01386941995668375914, 0.0003077458450343269658, 0.06840709017634598321 ) ) ;
#489 = FILL_AREA_STYLE ('',( #3882 ) ) ;
#490 = CARTESIAN_POINT ( 'NONE',  ( 0.02507654099348962870, 0.01292043291917551080, 0.06841209017634596046 ) ) ;
#491 = CARTESIAN_POINT ( 'NONE',  ( 0.05873796110358477790, 0.02000000000000000042, 0.004999999999999997502 ) ) ;
#492 = ORIENTED_EDGE ( 'NONE', *, *, #3144, .T. ) ;
#493 = CARTESIAN_POINT ( 'NONE',  ( 0.06448939481647289473, 0.02000000000000000736, 0.04191209017634599243 ) ) ;
#494 = VERTEX_POINT ( 'NONE', #213 ) ;
#495 =( GEOMETRIC_REPRESENTATION_CONTEXT ( 3 ) GLOBAL_UNCERTAINTY_ASSIGNED_CONTEXT ( ( #3031 ) ) GLOBAL_UNIT_ASSIGNED_CONTEXT ( ( #1857, #4518, #2505 ) ) REPRESENTATION_CONTEXT ( 'NONE', 'WORKASPACE' ) );
#496 = SURFACE_STYLE_USAGE ( .BOTH. , #2735 ) ;
#497 = COLOUR_RGB ( '',0.7921568627450980005, 0.8196078431372548767, 0.9333333333333333481 ) ;
#498 = LENGTH_MEASURE_WITH_UNIT ( LENGTH_MEASURE( 0.02539999999999999897 ), #572 );
#499 = B_SPLINE_CURVE_WITH_KNOTS ( 'NONE', 3,
 ( #212, #3002, #1146, #341, #3057, #1880, #4515 ),
 .UNSPECIFIED., .F., .F.,
 ( 4, 1, 1, 1, 4 ),
 ( 0.0000000000000000000, 0.2629516255674885228, 0.5157066923583621953, 0.7621092269531081209, 1.000000000000000000 ),
 .UNSPECIFIED. ) ;
#500 = CARTESIAN_POINT ( 'NONE',  ( 0.03085659944386324322, 0.0003077458450343269658, 0.06840709017634598321 ) ) ;
#501 = DIRECTION ( 'NONE',  ( -1.000000000000000000, 0.0000000000000000000, 0.0000000000000000000 ) ) ;
#502 =( NAMED_UNIT ( * ) PLANE_ANGLE_UNIT ( ) SI_UNIT ( $, .RADIAN. ) );
#503 = CARTESIAN_POINT ( 'NONE',  ( 0.02797358542663976391, 0.005742053187206557982, 0.06841209017634602985 ) ) ;
#504 = CARTESIAN_POINT ( 'NONE',  ( -0.01177160568434188273, -0.003813848706247725123, 0.06841209017634598821 ) ) ;
#505 =( GEOMETRIC_REPRESENTATION_CONTEXT ( 3 ) GLOBAL_UNCERTAINTY_ASSIGNED_CONTEXT ( ( #2928 ) ) GLOBAL_UNIT_ASSIGNED_CONTEXT ( ( #3636, #4390, #1674 ) ) REPRESENTATION_CONTEXT ( 'NONE', 'WORKASPACE' ) );
#506 = VECTOR ( 'NONE', #2908, 39.37007874015748143 ) ;
#507 = CARTESIAN_POINT ( 'NONE',  ( 0.01842918827420644140, -0.008555134115626547228, 0.06840709017634598321 ) ) ;
#508 = DIMENSIONAL_EXPONENTS ( 1.000000000000000000, 0.0000000000000000000, 0.0000000000000000000, 0.0000000000000000000, 0.0000000000000000000, 0.0000000000000000000, 0.0000000000000000000 ) ;
#509 = PLANE ( 'NONE',  #1779 ) ;
#510 = VECTOR ( 'NONE', #2925, 39.37007874015748143 ) ;
#511 = VERTEX_POINT ( 'NONE', #4373 ) ;
#512 = FACE_OUTER_BOUND ( 'NONE', #1822, .T. ) ;
#513 = AXIS2_PLACEMENT_3D ( 'NONE', #825, #2387, #1940 ) ;
#514 = CARTESIAN_POINT ( 'NONE',  ( 0.02942296822024539904, 0.008518101138052897384, 0.06840709017634596933 ) ) ;
#515 = B_SPLINE_CURVE_WITH_KNOTS ( 'NONE', 3,
 ( #361, #2998, #2251, #4816, #3730, #4537, #335 ),
 .UNSPECIFIED., .F., .F.,
 ( 4, 1, 1, 1, 4 ),
 ( 0.0000000000000000000, 0.2991842876765369863, 0.5648989463568091507, 0.7985478688426197458, 1.000000000000000000 ),
 .UNSPECIFIED. ) ;
#516 = EDGE_CURVE ( 'NONE', #1789, #1066, #987, .T. ) ;
#517 = ORIENTED_EDGE ( 'NONE', *, *, #1883, .F. ) ;
#518 = SURFACE_SIDE_STYLE ('',( #3906 ) ) ;
#519 = ORIENTED_EDGE ( 'NONE', *, *, #262, .F. ) ;
#520 = CARTESIAN_POINT ( 'NONE',  ( 0.02222779335411965984, -0.01282326377035029018, 0.06841209017634598821 ) ) ;
#521 = CARTESIAN_POINT ( 'NONE',  ( 0.02766649527719658441, -0.005967294219068238099, 0.06841209017634598821 ) ) ;
#522 = AXIS2_PLACEMENT_3D ( 'NONE', #1739, #1380, #684 ) ;
#523 = CARTESIAN_POINT ( 'NONE',  ( -0.01202810789959559389, -0.007606084246642852778, 0.06840709017634598321 ) ) ;
#524 = CARTESIAN_POINT ( 'NONE',  ( 0.05899999999999999689, 0.03150000000000000022, 0.04191209017634599243 ) ) ;
#525 = LENGTH_MEASURE_WITH_UNIT ( LENGTH_MEASURE( 0.02539999999999999897 ), #4310 );
#526 = CARTESIAN_POINT ( 'NONE',  ( 0.02840278358330443689, -0.009641671313953784073, 0.06841209017634601597 ) ) ;
#527 =( NAMED_UNIT ( * ) PLANE_ANGLE_UNIT ( ) SI_UNIT ( $, .RADIAN. ) );
#528 = CARTESIAN_POINT ( 'NONE',  ( 0.02393212376927232599, 0.01064540903684607631, 0.06841209017634602985 ) ) ;
#529 = FILL_AREA_STYLE ('',( #3870 ) ) ;
#530 = SURFACE_STYLE_FILL_AREA ( #2323 ) ;
#531 = COLOUR_RGB ( '',0.6666666666666666297, 0.6980392156862744724, 0.7686274509803920907 ) ;
#532 =( NAMED_UNIT ( * ) SI_UNIT ( $, .STERADIAN. ) SOLID_ANGLE_UNIT ( ) );
#533 = STYLED_ITEM ( 'NONE', ( #2480 ), #484 ) ;
#534 =( CONVERSION_BASED_UNIT ( 'INCH', #3923 ) LENGTH_UNIT ( ) NAMED_UNIT ( #3550 ) );
#535 = FILL_AREA_STYLE ('',( #2329 ) ) ;
#536 = ORIENTED_EDGE ( 'NONE', *, *, #4411, .T. ) ;
#537 = SURFACE_STYLE_USAGE ( .BOTH. , #3928 ) ;
#538 = COLOUR_RGB ( '',0.5019607843137254832, 0.5019607843137254832, 0.5019607843137254832 ) ;
#539 = PRESENTATION_STYLE_ASSIGNMENT (( #3254 ) ) ;
#540 = AXIS2_PLACEMENT_3D ( 'NONE', #1288, #656, #1694 ) ;
#541 = EDGE_CURVE ( 'NONE', #1299, #2528, #1725, .T. ) ;
#542 = SURFACE_SIDE_STYLE ('',( #885 ) ) ;
#543 = CIRCLE ( 'NONE', #4565, 0.004999999999999997502 ) ;
#544 = CARTESIAN_POINT ( 'NONE',  ( 0.02999169437680142269, 0.007100643090569242442, 0.06841209017634597433 ) ) ;
#545 = ORIENTED_EDGE ( 'NONE', *, *, #4495, .T. ) ;
#546 = SURFACE_STYLE_USAGE ( .BOTH. , #3934 ) ;
#547 = ORIENTED_EDGE ( 'NONE', *, *, #4819, .F. ) ;
#548 = DIMENSIONAL_EXPONENTS ( 1.000000000000000000, 0.0000000000000000000, 0.0000000000000000000, 0.0000000000000000000, 0.0000000000000000000, 0.0000000000000000000, 0.0000000000000000000 ) ;
#549 =( GEOMETRIC_REPRESENTATION_CONTEXT ( 3 ) GLOBAL_UNCERTAINTY_ASSIGNED_CONTEXT ( ( #196 ) ) GLOBAL_UNIT_ASSIGNED_CONTEXT ( ( #1886, #1592, #1154 ) ) REPRESENTATION_CONTEXT ( 'NONE', 'WORKASPACE' ) );
#550 = EDGE_CURVE ( 'NONE', #570, #3495, #807, .T. ) ;
#551 = CARTESIAN_POINT ( 'NONE',  ( 0.02774186504715205406, -0.005744224651451595824, 0.06840709017634598321 ) ) ;
#552 = MECHANICAL_DESIGN_GEOMETRIC_PRESENTATION_REPRESENTATION (  '', ( #1173 ), #468 ) ;
#553 = SURFACE_STYLE_USAGE ( .BOTH. , #4308 ) ;
#554 = CARTESIAN_POINT ( 'NONE',  ( 0.02230291354642735188, 0.01089468494759843198, 0.06840709017634598321 ) ) ;
#555 = CARTESIAN_POINT ( 'NONE',  ( -0.05761119384899940354, 0.03011119384899940687, 0.06841209017634598821 ) ) ;
#556 = CARTESIAN_POINT ( 'NONE',  ( 0.02340781269785027763, -0.01273909472544113713, 0.06841209017634601597 ) ) ;
#557 = FACE_OUTER_BOUND ( 'NONE', #119, .T. ) ;
#558 = CARTESIAN_POINT ( 'NONE',  ( 0.02857200638106201229, 0.002066896998966399977, 0.06840709017634598321 ) ) ;
#559 = CARTESIAN_POINT ( 'NONE',  ( 0.01521169407006952613, -0.007996397351862308961, 0.06840709017634598321 ) ) ;
#560 = CARTESIAN_POINT ( 'NONE',  ( -0.01177268886892822615, -0.004057569933319097807, 0.06841209017634596046 ) ) ;
#561 = PLANE ( 'NONE',  #4180 ) ;
#562 = EDGE_LOOP ( 'NONE', ( #1518, #81, #4061, #1443 ) ) ;
#563 = FACE_OUTER_BOUND ( 'NONE', #722, .T. ) ;
#564 = B_SPLINE_SURFACE_WITH_KNOTS ( 'NONE', 3, 1, ( 
 ( #801, #4266 ),
 ( #3893, #952 ),
 ( #1627, #3576 ),
 ( #558, #3917 ),
 ( #3969, #107 ),
 ( #2066, #2022 ),
 ( #2814, #2787 ),
 ( #3553, #1263 ),
 ( #4293, #503 ),
 ( #175, #1993 ),
 ( #3527, #3593 ),
 ( #4341, #1968 ),
 ( #2440, #580 ),
 ( #3193, #4685 ),
 ( #202, #3220 ),
 ( #4362, #4714 ),
 ( #1333, #1648 ),
 ( #903, #977 ),
 ( #2841, #2466 ),
 ( #926, #528 ),
 ( #3146, #482 ),
 ( #129, #3499 ),
 ( #2392, #3172 ) ),
 .UNSPECIFIED., .F., .F., .F.,
 ( 4, 1, 1, 1, 1, 1, 1, 1, 1, 1, 1, 1, 1, 1, 1, 1, 1, 1, 1, 1, 4 ),
 ( 2, 2 ),
 ( 0.0000000000000000000, 0.06568119799063874831, 0.1284864641740647850, 0.1881751303280075893, 0.2451061306699861553, 0.2994484245294752878, 0.3508229360093821358, 0.3999416805337774328, 0.4466717436323718315, 0.4912545333734978925, 0.5333763442704363422, 0.5738527549682235218, 0.6125263117194525986, 0.6495971364453287933, 0.6855320415538498358, 0.7201057860682005263, 0.7538376629736498469, 0.8189254160467135391, 0.8804934616501636224, 0.9403113338460564741, 1.000000000000000000 ),
 ( 0.0000000000000000000, 1.000000000000000000 ),
 .UNSPECIFIED. ) ;
#565 = CARTESIAN_POINT ( 'NONE',  ( 0.05899999999999999689, 0.03150000000000000022, 0.04191209017634599243 ) ) ;
#566 = SURFACE_STYLE_USAGE ( .BOTH. , #4586 ) ;
#567 = CIRCLE ( 'NONE', #1418, 0.005000000000000000104 ) ;
#568 = VERTEX_POINT ( 'NONE', #1119 ) ;
#569 = CARTESIAN_POINT ( 'NONE',  ( -0.02110962159821970843, -0.01018930016226165559, 0.06840709017634598321 ) ) ;
#570 = VERTEX_POINT ( 'NONE', #4821 ) ;
#571 = DIRECTION ( 'NONE',  ( -0.0000000000000000000, -0.0000000000000000000, -1.000000000000000000 ) ) ;
#572 =( LENGTH_UNIT ( ) NAMED_UNIT ( * ) SI_UNIT ( $, .METRE. ) );
#573 = CARTESIAN_POINT ( 'NONE',  ( 0.01669146439907075175, 0.006016024636274522677, 0.06841209017634598821 ) ) ;
#574 = CARTESIAN_POINT ( 'NONE',  ( 0.01843474169911181806, 0.009198389245845114623, 0.06840709017634598321 ) ) ;
#575 = VECTOR ( 'NONE', #3455, 39.37007874015748143 ) ;
#576 = DIRECTION ( 'NONE',  ( 1.355083330190606755E-16, -1.000000000000000000, 0.0000000000000000000 ) ) ;
#577 = DIMENSIONAL_EXPONENTS ( 1.000000000000000000, 0.0000000000000000000, 0.0000000000000000000, 0.0000000000000000000, 0.0000000000000000000, 0.0000000000000000000, 0.0000000000000000000 ) ;
#578 = CARTESIAN_POINT ( 'NONE',  ( 0.03001106409559815141, -0.006455816153844920816, 0.06840709017634598321 ) ) ;
#579 = SURFACE_STYLE_USAGE ( .BOTH. , #1736 ) ;
#580 = CARTESIAN_POINT ( 'NONE',  ( 0.02706024497283970182, 0.007946044239572016069, 0.06841209017634602985 ) ) ;
#581 = CARTESIAN_POINT ( 'NONE',  ( 0.01387628693794496632, -0.0008629692250359809495, 0.06841209017634597433 ) ) ;
#582 = FILL_AREA_STYLE ('',( #2918 ) ) ;
#583 = B_SPLINE_CURVE_WITH_KNOTS ( 'NONE', 3,
 ( #1521, #346, #3366, #4114, #2577, #4853, #2651, #4521, #765, #4191, #3447, #1547, #1179, #320, #1467, #3130, #2333, #3082, #1610, #4630, #2032, #1954, #446, #1929, #2727, #2698, #488 ),
 .UNSPECIFIED., .F., .F.,
 ( 4, 1, 1, 1, 1, 1, 1, 1, 1, 1, 1, 1, 1, 1, 1, 1, 1, 1, 1, 1, 1, 1, 1, 1, 4 ),
 ( 0.0000000000000000000, 0.03378714634699125224, 0.06662165772429393118, 0.09928487809597252856, 0.1313611650426509403, 0.1635851875953434620, 0.1961039269870683277, 0.2289022543238172780, 0.2621580559050075698, 0.2959912222583164221, 0.3302178457247999521, 0.3650598258919540151, 0.4009507373401078323, 0.4376203820767378683, 0.4757075294370921581, 0.5153806916250486259, 0.5564135414931644652, 0.5997648298727311644, 0.6464241555840873898, 0.6964314445175667778, 0.7497815178015575510, 0.8065733069755323115, 0.8674355315653995424, 0.9318867532508741114, 1.000000000000000000 ),
 .UNSPECIFIED. ) ;
#584 = CARTESIAN_POINT ( 'NONE',  ( 0.01730298687546078309, -0.006940673107018988791, 0.06841209017634600209 ) ) ;
#585 = CARTESIAN_POINT ( 'NONE',  ( -0.02813952383545203009, 0.02963952383545203489, 0.006412090176345995596 ) ) ;
#586 = MECHANICAL_DESIGN_GEOMETRIC_PRESENTATION_REPRESENTATION (  '', ( #3442 ), #4378 ) ;
#587 = ORIENTED_EDGE ( 'NONE', *, *, #4406, .T. ) ;
#588 =( GEOMETRIC_REPRESENTATION_CONTEXT ( 3 ) GLOBAL_UNCERTAINTY_ASSIGNED_CONTEXT ( ( #665 ) ) GLOBAL_UNIT_ASSIGNED_CONTEXT ( ( #3850, #3824, #1902 ) ) REPRESENTATION_CONTEXT ( 'NONE', 'WORKASPACE' ) );
#589 = DIRECTION ( 'NONE',  ( -0.0000000000000000000, 0.0000000000000000000, 1.000000000000000000 ) ) ;
#590 = CARTESIAN_POINT ( 'NONE',  ( 0.02663239641955193054, -0.01141094687930881840, 0.06840709017634598321 ) ) ;
#591 = DIRECTION ( 'NONE',  ( -0.0000000000000000000, -0.0000000000000000000, 1.000000000000000000 ) ) ;
#592 = VERTEX_POINT ( 'NONE', #1434 ) ;
#593 = ORIENTED_EDGE ( 'NONE', *, *, #4238, .F. ) ;
#594 = VECTOR ( 'NONE', #3792, 39.37007874015748854 ) ;
#595 =( LENGTH_UNIT ( ) NAMED_UNIT ( * ) SI_UNIT ( $, .METRE. ) );
#596 = MECHANICAL_DESIGN_GEOMETRIC_PRESENTATION_REPRESENTATION (  '', ( #2713 ), #2384 ) ;
#597 = UNCERTAINTY_MEASURE_WITH_UNIT (LENGTH_MEASURE( 1.000000000000000082E-05 ), #2097, 'distance_accuracy_value', 'NONE');
#598 = CARTESIAN_POINT ( 'NONE',  ( -0.01331089306042227381, -0.009630380657268112349, 0.06840709017634599709 ) ) ;
#599 = CARTESIAN_POINT ( 'NONE',  ( 0.01669146439907075175, 0.006016024636274522677, 0.06841209017634594658 ) ) ;
#600 = CARTESIAN_POINT ( 'NONE',  ( -0.02006487491511111526, -0.008015571462657982219, 0.06840709017634598321 ) ) ;
#601 = CARTESIAN_POINT ( 'NONE',  ( 0.01987470828286624913, -0.009655441044874171069, 0.06841209017634598821 ) ) ;
#602 =( GEOMETRIC_REPRESENTATION_CONTEXT ( 3 ) GLOBAL_UNCERTAINTY_ASSIGNED_CONTEXT ( ( #2235 ) ) GLOBAL_UNIT_ASSIGNED_CONTEXT ( ( #2920, #2539, #1356 ) ) REPRESENTATION_CONTEXT ( 'NONE', 'WORKASPACE' ) );
#603 = ADVANCED_FACE ( 'NONE', ( #397 ), #4110, .F. ) ;
#604 = CARTESIAN_POINT ( 'NONE',  ( 0.02974081556624241438, -0.007186064808201742329, 0.06840709017634598321 ) ) ;
#605 = CARTESIAN_POINT ( 'NONE',  ( -0.05761119384899940354, 0.03011119384899940687, 0.06840709017634598321 ) ) ;
#606 = CARTESIAN_POINT ( 'NONE',  ( -0.01177475901799710303, -0.004523362447031608301, 0.06841209017634594658 ) ) ;
#607 = VECTOR ( 'NONE', #3416, 39.37007874015748854 ) ;
#608 = PRESENTATION_LAYER_ASSIGNMENT (  '', '', ( #4548 ) ) ;
#609 = DIRECTION ( 'NONE',  ( -0.0000000000000000000, 1.000000000000000000, -0.0000000000000000000 ) ) ;
#610 = B_SPLINE_SURFACE_WITH_KNOTS ( 'NONE', 3, 1, ( 
 ( #1583, #1214 ),
 ( #1948, #2789 ),
 ( #1193, #3460 ),
 ( #131, #3094 ),
 ( #4595, #904 ),
 ( #1994, #3174 ),
 ( #2717, #4246 ),
 ( #2394, #4669 ),
 ( #852, #3529 ),
 ( #2689, #3871 ),
 ( #3501, #108 ),
 ( #1601, #3148 ),
 ( #4648, #4364 ),
 ( #1355, #1738 ),
 ( #3273, #4762 ),
 ( #1377, #2442 ),
 ( #2873, #606 ),
 ( #2069, #560 ),
 ( #2844, #2817 ) ),
 .UNSPECIFIED., .F., .F., .F.,
 ( 4, 1, 1, 1, 1, 1, 1, 1, 1, 1, 1, 1, 1, 1, 1, 1, 4 ),
 ( 2, 2 ),
 ( 0.0000000000000000000, 0.06232636599144009831, 0.1231962451944467046, 0.1840362202545514636, 0.2469640854288924214, 0.3106993957895708980, 0.3732676370734430149, 0.4365875799673885060, 0.5021247910366485323, 0.5390047220341627199, 0.5832553755259850536, 0.6344465152828114851, 0.6926760461021154169, 0.7585704862865279008, 0.8316586747921143052, 0.9119171022748343569, 0.9999999999999998890 ),
 ( 0.0000000000000000000, 1.000000000000000000 ),
 .UNSPECIFIED. ) ;
#611 = EDGE_CURVE ( 'NONE', #4651, #2260, #342, .T. ) ;
#612 = CARTESIAN_POINT ( 'NONE',  ( 0.05948939481647290417, 0.0000000000000000000, 0.03691209017634599493 ) ) ;
#613 = DIMENSIONAL_EXPONENTS ( 1.000000000000000000, 0.0000000000000000000, 0.0000000000000000000, 0.0000000000000000000, 0.0000000000000000000, 0.0000000000000000000, 0.0000000000000000000 ) ;
#614 = DIRECTION ( 'NONE',  ( 0.05226442768871394917, 0.05226442768871395611, 0.9972646886342373396 ) ) ;
#615 = CARTESIAN_POINT ( 'NONE',  ( -0.01523214254331624329, -0.01025916120624772651, 0.06841209017634598821 ) ) ;
#616 = DIRECTION ( 'NONE',  ( -0.0000000000000000000, 1.000000000000000000, -0.0000000000000000000 ) ) ;
#617 = ORIENTED_EDGE ( 'NONE', *, *, #4327, .F. ) ;
#618 = CARTESIAN_POINT ( 'NONE',  ( 0.05948939481647290417, -0.02000000000000000736, 0.03691209017634599493 ) ) ;
#619 = PLANE ( 'NONE',  #4673 ) ;
#620 = DIRECTION ( 'NONE',  ( -1.000000000000000000, 0.0000000000000000000, 0.0000000000000000000 ) ) ;
#621 = CARTESIAN_POINT ( 'NONE',  ( 0.004574548161811964331, -0.01218223812932464796, 0.06841209017634598821 ) ) ;
#622 = CARTESIAN_POINT ( 'NONE',  ( 0.05008736867463247505, 0.01281776187067535343, 0.06840709017634598321 ) ) ;
#623 = STYLED_ITEM ( 'NONE', ( #4535 ), #968 ) ;
#624 = ORIENTED_EDGE ( 'NONE', *, *, #1943, .F. ) ;
#625 = FILL_AREA_STYLE_COLOUR ( '', #441 ) ;
#626 = LINE ( 'NONE', #1729, #2911 ) ;
#627 = CARTESIAN_POINT ( 'NONE',  ( -0.01177160568434188273, -0.003813848706247725123, 0.06840709017634598321 ) ) ;
#628 = ORIENTED_EDGE ( 'NONE', *, *, #3831, .F. ) ;
#629 = CARTESIAN_POINT ( 'NONE',  ( 0.01640159999657158502, 0.004700089740684180832, 0.06841209017634594658 ) ) ;
#630 = VECTOR ( 'NONE', #4214, 39.37007874015748854 ) ;
#631 = CARTESIAN_POINT ( 'NONE',  ( 0.01877256387593583681, -0.008875112553737959237, 0.06840709017634598321 ) ) ;
#632 = VECTOR ( 'NONE', #2602, 39.37007874015748143 ) ;
#633 = CARTESIAN_POINT ( 'NONE',  ( 0.02800240206047281341, -0.01015151886447428556, 0.06840709017634598321 ) ) ;
#634 = DIRECTION ( 'NONE',  ( 1.000000000000000000, 0.0000000000000000000, -0.0000000000000000000 ) ) ;
#635 = CARTESIAN_POINT ( 'NONE',  ( 0.01413071567649945744, -0.004040290064313739431, 0.06841209017634598821 ) ) ;
#636 = DIRECTION ( 'NONE',  ( 1.000000000000000000, 0.0000000000000000000, 0.0000000000000000000 ) ) ;
#637 = EDGE_CURVE ( 'NONE', #1168, #3563, #4564, .T. ) ;
#638 = CARTESIAN_POINT ( 'NONE',  ( 0.01386941995668375914, 0.0003077458450343269658, 0.06840709017634598321 ) ) ;
#639 = LINE ( 'NONE', #2519, #2926 ) ;
#640 = CARTESIAN_POINT ( 'NONE',  ( 0.02815359408585565645, 0.005092460152782632074, 0.06840709017634598321 ) ) ;
#641 = EDGE_CURVE ( 'NONE', #1367, #274, #1451, .T. ) ;
#642 = CARTESIAN_POINT ( 'NONE',  ( 0.01745878003872081488, -0.01108446770157233731, 0.06841209017634598821 ) ) ;
#643 = DIRECTION ( 'NONE',  ( -1.000000000000000000, 0.0000000000000000000, -0.0000000000000000000 ) ) ;
#644 = CARTESIAN_POINT ( 'NONE',  ( -0.01177160568434188273, 0.01281776187067535343, 0.06840709017634598321 ) ) ;
#645 = ORIENTED_EDGE ( 'NONE', *, *, #2645, .F. ) ;
#646 = SURFACE_SIDE_STYLE ('',( #2407 ) ) ;
#647 = STYLED_ITEM ( 'NONE', ( #2622 ), #2581 ) ;
#648 = CARTESIAN_POINT ( 'NONE',  ( 0.03084287679775310487, -0.0008194902963923245045, 0.06841209017634598821 ) ) ;
#649 =( NAMED_UNIT ( * ) SI_UNIT ( $, .STERADIAN. ) SOLID_ANGLE_UNIT ( ) );
#650 = DIRECTION ( 'NONE',  ( 0.0000000000000000000, -1.000000000000000000, 0.0000000000000000000 ) ) ;
#651 = CARTESIAN_POINT ( 'NONE',  ( 0.01629371684407898702, -0.003300422914047808267, 0.06840709017634598321 ) ) ;
#652 =( CONVERSION_BASED_UNIT ( 'INCH', #4522 ) LENGTH_UNIT ( ) NAMED_UNIT ( #1228 ) );
#653 = CARTESIAN_POINT ( 'NONE',  ( 0.01841094944627733390, -0.01177101844847715413, 0.06841209017634598821 ) ) ;
#654 =( LENGTH_UNIT ( ) NAMED_UNIT ( * ) SI_UNIT ( $, .METRE. ) );
#655 = FILL_AREA_STYLE_COLOUR ( '', #1682 ) ;
#656 = DIRECTION ( 'NONE',  ( -0.0000000000000000000, 1.000000000000000000, -0.0000000000000000000 ) ) ;
#657 = DIRECTION ( 'NONE',  ( 0.0000000000000000000, -1.000000000000000000, 0.0000000000000000000 ) ) ;
#658 = CARTESIAN_POINT ( 'NONE',  ( 0.03085659944386324322, 0.0003077458450343269658, 0.06840709017634598321 ) ) ;
#659 = CARTESIAN_POINT ( 'NONE',  ( 0.03070511853487993548, 0.003568481119807080573, 0.06841209017634598821 ) ) ;
#660 = EDGE_LOOP ( 'NONE', ( #215, #243, #3035, #1881 ) ) ;
#661 = CARTESIAN_POINT ( 'NONE',  ( 0.02756122706588678278, 0.006925340588723712457, 0.06840709017634598321 ) ) ;
#662 = CARTESIAN_POINT ( 'NONE',  ( 0.02164183593447133874, -0.01281336436037724957, 0.06841209017634598821 ) ) ;
#663 = FACE_OUTER_BOUND ( 'NONE', #2431, .T. ) ;
#664 = ADVANCED_FACE ( 'NONE', ( #2237 ), #1854, .F. ) ;
#665 = UNCERTAINTY_MEASURE_WITH_UNIT (LENGTH_MEASURE( 1.000000000000000082E-05 ), #3850, 'distance_accuracy_value', 'NONE');
#666 = CARTESIAN_POINT ( 'NONE',  ( -0.02660748903173146274, -0.03011119384899940687, 0.06841209017634598821 ) ) ;
#667 = ORIENTED_EDGE ( 'NONE', *, *, #999, .F. ) ;
#668 = SURFACE_SIDE_STYLE ('',( #2909 ) ) ;
#669 = FILL_AREA_STYLE_COLOUR ( '', #4837 ) ;
#670 = VECTOR ( 'NONE', #3879, 39.37007874015748143 ) ;
#671 = CARTESIAN_POINT ( 'NONE',  ( 0.02848256653967831328, -0.002281074665799356308, 0.06840709017634598321 ) ) ;
#672 = ADVANCED_FACE ( 'NONE', ( #3531 ), #509, .T. ) ;
#673 = PRESENTATION_LAYER_ASSIGNMENT (  '', '', ( #3908 ) ) ;
#674 = EDGE_LOOP ( 'NONE', ( #2057, #300, #2167, #151, #2181, #2734, #465, #3790, #941, #1175 ) ) ;
#675 = CARTESIAN_POINT ( 'NONE',  ( -0.01523214254331624329, -0.01025916120624772651, 0.06840709017634598321 ) ) ;
#676 = STYLED_ITEM ( 'NONE', ( #2457 ), #4092 ) ;
#677 = CARTESIAN_POINT ( 'NONE',  ( 0.01924759060838733896, -0.009258875803948459632, 0.06840709017634598321 ) ) ;
#678 = CARTESIAN_POINT ( 'NONE',  ( 0.01583493348294347583, 0.009806305719897979306, 0.06840709017634598321 ) ) ;
#679 = CARTESIAN_POINT ( 'NONE',  ( -0.05899999999999999689, -0.03150000000000000022, 0.04191209017634599243 ) ) ;
#680 = CARTESIAN_POINT ( 'NONE',  ( 0.02453279109014839393, 0.01311468775245711385, 0.06840709017634598321 ) ) ;
#681 = LINE ( 'NONE', #749, #1999 ) ;
#682 = EDGE_LOOP ( 'NONE', ( #3085, #2433, #4542, #426 ) ) ;
#683 = STYLED_ITEM ( 'NONE', ( #3377 ), #3138 ) ;
#684 = DIRECTION ( 'NONE',  ( 0.0000000000000000000, 0.0000000000000000000, 1.000000000000000000 ) ) ;
#685 = CARTESIAN_POINT ( 'NONE',  ( 0.01533740300225630744, -0.008243560359016155817, 0.06840709017634598321 ) ) ;
#686 = DIRECTION ( 'NONE',  ( -1.000000000000000000, 0.0000000000000000000, 0.0000000000000000000 ) ) ;
#687 = STYLED_ITEM ( 'NONE', ( #3902 ), #4688 ) ;
#688 = CARTESIAN_POINT ( 'NONE',  ( 0.02754894353010232250, 0.01126947001374433051, 0.06841209017634600209 ) ) ;
#689 = STYLED_ITEM ( 'NONE', ( #229 ), #147 ) ;
#690 = CARTESIAN_POINT ( 'NONE',  ( 0.02533440903457826604, 0.009897712927249672360, 0.06840709017634598321 ) ) ;
#691 = CARTESIAN_POINT ( 'NONE',  ( -0.009558238021080456975, -0.005839237404303545230, 0.06840709017634598321 ) ) ;
#692 = PRESENTATION_LAYER_ASSIGNMENT (  '', '', ( #1459 ) ) ;
#693 = PRESENTATION_STYLE_ASSIGNMENT (( #2185 ) ) ;
#694 = CARTESIAN_POINT ( 'NONE',  ( 0.02756870356909430636, -0.01061221616912808724, 0.06840709017634598321 ) ) ;
#695 = ORIENTED_EDGE ( 'NONE', *, *, #2858, .F. ) ;
#696 = PRESENTATION_LAYER_ASSIGNMENT (  '', '', ( #2807 ) ) ;
#697 = DIRECTION ( 'NONE',  ( -1.000000000000000000, 0.0000000000000000000, 0.0000000000000000000 ) ) ;
#698 = DIRECTION ( 'NONE',  ( 0.0000000000000000000, 1.000000000000000000, 0.0000000000000000000 ) ) ;
#699 = VECTOR ( 'NONE', #209, 39.37007874015748143 ) ;
#700 = CARTESIAN_POINT ( 'NONE',  ( 0.0000000000000000000, 0.0000000000000000000, 0.06840709017634598321 ) ) ;
#701 = ORIENTED_EDGE ( 'NONE', *, *, #932, .T. ) ;
#702 =( NAMED_UNIT ( * ) SI_UNIT ( $, .STERADIAN. ) SOLID_ANGLE_UNIT ( ) );
#703 = CARTESIAN_POINT ( 'NONE',  ( -0.01686976273562393672, -0.009898584283170804715, 0.06840709017634598321 ) ) ;
#704 = EDGE_CURVE ( 'NONE', #1062, #248, #92, .T. ) ;
#705 = VECTOR ( 'NONE', #3408, 39.37007874015748143 ) ;
#707 = CARTESIAN_POINT ( 'NONE',  ( 0.01611551877435154004, -0.0006642291550604461584, 0.06841209017634598821 ) ) ;
#706 = COLOUR_RGB ( '',0.6666666666666666297, 0.6980392156862744724, 0.7686274509803920907 ) ;
#708 = CARTESIAN_POINT ( 'NONE',  ( 0.02797527985794130354, 0.01080554344753963288, 0.06840709017634598321 ) ) ;
#709 = PRESENTATION_STYLE_ASSIGNMENT (( #3023 ) ) ;
#710 = SURFACE_STYLE_FILL_AREA ( #4102 ) ;
#711 = SURFACE_SIDE_STYLE ('',( #1511 ) ) ;
#712 = CARTESIAN_POINT ( 'NONE',  ( -0.009534563660113026112, -0.004975852433648991942, 0.06840709017634598321 ) ) ;
#713 = SURFACE_STYLE_FILL_AREA ( #1140 ) ;
#714 = ORIENTED_EDGE ( 'NONE', *, *, #4317, .F. ) ;
#715 = CARTESIAN_POINT ( 'NONE',  ( -0.01087359518634915985, -0.01086491097361608378, 0.06841209017634597433 ) ) ;
#716 = DIRECTION ( 'NONE',  ( 1.000000000000000000, 0.0000000000000000000, 0.0000000000000000000 ) ) ;
#717 =( NAMED_UNIT ( * ) SI_UNIT ( $, .STERADIAN. ) SOLID_ANGLE_UNIT ( ) );
#718 = CARTESIAN_POINT ( 'NONE',  ( 0.02580799600248004366, -0.008906774382518896013, 0.06841209017634597433 ) ) ;
#719 = DIRECTION ( 'NONE',  ( -0.0000000000000000000, -1.000000000000000000, -0.0000000000000000000 ) ) ;
#720 = ADVANCED_FACE ( 'NONE', ( #3153 ), #4602, .T. ) ;
#721 = SURFACE_SIDE_STYLE ('',( #2959 ) ) ;
#722 = EDGE_LOOP ( 'NONE', ( #3454, #3920, #3053, #4299 ) ) ;
#723 =( LENGTH_UNIT ( ) NAMED_UNIT ( * ) SI_UNIT ( $, .METRE. ) );
#724 = FACE_OUTER_BOUND ( 'NONE', #660, .T. ) ;
#725 = CARTESIAN_POINT ( 'NONE',  ( 0.02230291354642734494, -0.01025916120624772651, 0.06840709017634598321 ) ) ;
#726 = EDGE_CURVE ( 'NONE', #1044, #1126, #1021, .T. ) ;
#727 = CARTESIAN_POINT ( 'NONE',  ( 0.03022931041446076661, 0.006309466229725734648, 0.06840709017634598321 ) ) ;
#728 = ORIENTED_EDGE ( 'NONE', *, *, #4635, .F. ) ;
#729 =( LENGTH_UNIT ( ) NAMED_UNIT ( * ) SI_UNIT ( $, .METRE. ) );
#730 = FILL_AREA_STYLE ('',( #1038 ) ) ;
#731 = EDGE_CURVE ( 'NONE', #1133, #4432, #4764, .T. ) ;
#732 = LINE ( 'NONE', #1486, #3964 ) ;
#733 = VERTEX_POINT ( 'NONE', #4794 ) ;
#734 = CARTESIAN_POINT ( 'NONE',  ( 0.03470275329001708958, 0.01281776187067535343, 0.06840709017634598321 ) ) ;
#735 = STYLED_ITEM ( 'NONE', ( #4546 ), #3481 ) ;
#736 = CARTESIAN_POINT ( 'NONE',  ( -0.01043525919959945730, -0.01020808846928871264, 0.06840709017634598321 ) ) ;
#737 = ORIENTED_EDGE ( 'NONE', *, *, #3096, .F. ) ;
#738 = LENGTH_MEASURE_WITH_UNIT ( LENGTH_MEASURE( 0.02539999999999999897 ), #3339 );
#739 =( NAMED_UNIT ( * ) PLANE_ANGLE_UNIT ( ) SI_UNIT ( $, .RADIAN. ) );
#740 = DIMENSIONAL_EXPONENTS ( 1.000000000000000000, 0.0000000000000000000, 0.0000000000000000000, 0.0000000000000000000, 0.0000000000000000000, 0.0000000000000000000, 0.0000000000000000000 ) ;
#741 = CARTESIAN_POINT ( 'NONE',  ( 0.02700999735297048010, -0.007425757984604424745, 0.06841209017634597433 ) ) ;
#742 = CARTESIAN_POINT ( 'NONE',  ( 0.02800240206047281341, -0.01015151886447428556, 0.06841209017634598821 ) ) ;
#743 = DIRECTION ( 'NONE',  ( 0.0000000000000000000, 0.0000000000000000000, -1.000000000000000000 ) ) ;
#744 = CARTESIAN_POINT ( 'NONE',  ( -0.01686976273562393672, -0.009898584283170802980, 0.06840709017634598321 ) ) ;
#745 = CARTESIAN_POINT ( 'NONE',  ( -0.03515338570894128989, -0.02000000000000000042, 0.0000000000000000000 ) ) ;
#746 = AXIS2_PLACEMENT_3D ( 'NONE', #618, #2002, #4000 ) ;
#747 = DIRECTION ( 'NONE',  ( -0.0000000000000000000, -0.0000000000000000000, 1.000000000000000000 ) ) ;
#748 = ORIENTED_EDGE ( 'NONE', *, *, #2953, .F. ) ;
#749 = CARTESIAN_POINT ( 'NONE',  ( 0.03500824207206837402, -0.01175655703958105799, 0.06840709017634598321 ) ) ;
#750 = CARTESIAN_POINT ( 'NONE',  ( 0.01387631422922884147, 0.001486798502046581287, 0.06840709017634598321 ) ) ;
#751 = EDGE_CURVE ( 'NONE', #1702, #2830, #958, .T. ) ;
#752 = PLANE ( 'NONE',  #767 ) ;
#753 = CARTESIAN_POINT ( 'NONE',  ( -0.05899999999999999689, 0.03150000000000000022, 0.04191209017634599243 ) ) ;
#754 = DIRECTION ( 'NONE',  ( -0.0000000000000000000, -1.000000000000000000, -0.0000000000000000000 ) ) ;
#755 = CARTESIAN_POINT ( 'NONE',  ( -0.01014401670998431836, -0.009599918435478933115, 0.06840709017634598321 ) ) ;
#756 =( CONVERSION_BASED_UNIT ( 'INCH', #2612 ) LENGTH_UNIT ( ) NAMED_UNIT ( #1261 ) );
#757 = ORIENTED_EDGE ( 'NONE', *, *, #1998, .F. ) ;
#758 = SURFACE_SIDE_STYLE ('',( #804 ) ) ;
#759 = EDGE_CURVE ( 'NONE', #3668, #2308, #3996, .T. ) ;
#760 = MECHANICAL_DESIGN_GEOMETRIC_PRESENTATION_REPRESENTATION (  '', ( #3203 ), #2636 ) ;
#761 = ORIENTED_EDGE ( 'NONE', *, *, #171, .F. ) ;
#762 = FILL_AREA_STYLE ('',( #2695 ) ) ;
#763 = CARTESIAN_POINT ( 'NONE',  ( 0.02700999735297048010, -0.007425757984604424745, 0.06840709017634598321 ) ) ;
#764 = CARTESIAN_POINT ( 'NONE',  ( 0.03470275329001708958, 0.01281776187067535343, 0.06841209017634598821 ) ) ;
#765 = CARTESIAN_POINT ( 'NONE',  ( 0.01841094944627733390, -0.01177101844847715413, 0.06840709017634598321 ) ) ;
#766 = CARTESIAN_POINT ( 'NONE',  ( 0.02164181967843513063, 0.01344895155484880471, 0.06840709017634598321 ) ) ;
#767 = AXIS2_PLACEMENT_3D ( 'NONE', #685, #1844, #4434 ) ;
#768 = PLANE ( 'NONE',  #4190 ) ;
#769 = ORIENTED_EDGE ( 'NONE', *, *, #2290, .T. ) ;
#770 = CARTESIAN_POINT ( 'NONE',  ( -0.01673201765305878247, -0.009952580407026354395, 0.06840709017634598321 ) ) ;
#771 = PRESENTATION_LAYER_ASSIGNMENT (  '', '', ( #929 ) ) ;
#772 = CARTESIAN_POINT ( 'NONE',  ( 0.02797358542663976391, 0.005742053187206557982, 0.06841209017634598821 ) ) ;
#773 = CARTESIAN_POINT ( 'NONE',  ( -0.01177160568434188273, -0.003813848706247725123, 0.06840709017634598321 ) ) ;
#774 = VERTEX_POINT ( 'NONE', #3301 ) ;
#775 =( LENGTH_UNIT ( ) NAMED_UNIT ( * ) SI_UNIT ( $, .METRE. ) );
#776 = MECHANICAL_DESIGN_GEOMETRIC_PRESENTATION_REPRESENTATION (  '', ( #1162 ), #4782 ) ;
#777 = CARTESIAN_POINT ( 'NONE',  ( 0.02164181967843513063, 0.01344895155484880471, 0.06840709017634598321 ) ) ;
#778 = VECTOR ( 'NONE', #2348, 39.37007874015748143 ) ;
#779 = DIRECTION ( 'NONE',  ( 0.0000000000000000000, 1.000000000000000000, 0.0000000000000000000 ) ) ;
#780 = FILL_AREA_STYLE ('',( #2639 ) ) ;
#781 = CARTESIAN_POINT ( 'NONE',  ( 0.03548939481647289673, -0.02000000000000000042, 0.0000000000000000000 ) ) ;
#782 = ORIENTED_EDGE ( 'NONE', *, *, #759, .F. ) ;
#783 =( LENGTH_UNIT ( ) NAMED_UNIT ( * ) SI_UNIT ( $, .METRE. ) );
#784 = CARTESIAN_POINT ( 'NONE',  ( 0.02472546397547774680, -0.009673030345879860339, 0.06841209017634600209 ) ) ;
#785 =( GEOMETRIC_REPRESENTATION_CONTEXT ( 3 ) GLOBAL_UNCERTAINTY_ASSIGNED_CONTEXT ( ( #104 ) ) GLOBAL_UNIT_ASSIGNED_CONTEXT ( ( #4067, #3262, #1369 ) ) REPRESENTATION_CONTEXT ( 'NONE', 'WORKASPACE' ) );
#786 = FILL_AREA_STYLE ('',( #2214 ) ) ;
#787 = EDGE_CURVE ( 'NONE', #1385, #3471, #3975, .T. ) ;
#788 = EDGE_LOOP ( 'NONE', ( #1594, #2647, #695, #2702 ) ) ;
#789 =( CONVERSION_BASED_UNIT ( 'INCH', #1926 ) LENGTH_UNIT ( ) NAMED_UNIT ( #4726 ) );
#790 = CARTESIAN_POINT ( 'NONE',  ( 0.05373796110358478040, 0.02000000000000000042, 0.009999999999999995004 ) ) ;
#791 = CARTESIAN_POINT ( 'NONE',  ( 0.02944502477804790408, -0.007864291400093115572, 0.06841209017634598821 ) ) ;
#792 = DIRECTION ( 'NONE',  ( -1.000000000000000000, 0.0000000000000000000, 0.0000000000000000000 ) ) ;
#793 = VERTEX_POINT ( 'NONE', #585 ) ;
#794 =( CONVERSION_BASED_UNIT ( 'INCH', #2309 ) LENGTH_UNIT ( ) NAMED_UNIT ( #3891 ) );
#795 = CARTESIAN_POINT ( 'NONE',  ( -0.009528015940752140173, -0.004064249347273366127, 0.06841209017634598821 ) ) ;
#796 = CARTESIAN_POINT ( 'NONE',  ( 0.02050433088823788372, 0.01327219543959196751, 0.06841209017634598821 ) ) ;
#797 = LINE ( 'NONE', #3816, #2773 ) ;
#798 = CARTESIAN_POINT ( 'NONE',  ( 0.01519208308904602782, 0.008616540479658412605, 0.06841209017634598821 ) ) ;
#799 = VECTOR ( 'NONE', #686, 39.37007874015748143 ) ;
#800 = CARTESIAN_POINT ( 'NONE',  ( 0.02222779335411965984, -0.01282326377035029018, 0.06840709017634598321 ) ) ;
#801 = CARTESIAN_POINT ( 'NONE',  ( 0.02861300970027350413, 0.0003177618706753523544, 0.06840709017634598321 ) ) ;
#802 = PRESENTATION_LAYER_ASSIGNMENT (  '', '', ( #3248 ) ) ;
#803 = CARTESIAN_POINT ( 'NONE',  ( 0.04629129495668375671, 0.01025365930657278976, 0.06840709017634598321 ) ) ;
#804 = SURFACE_STYLE_FILL_AREA ( #1949 ) ;
#805 = CARTESIAN_POINT ( 'NONE',  ( 0.01811509356608144439, -0.008196328170467323537, 0.06840709017634598321 ) ) ;
#806 = UNCERTAINTY_MEASURE_WITH_UNIT (LENGTH_MEASURE( 1.000000000000000082E-05 ), #920, 'distance_accuracy_value', 'NONE');
#807 = LINE ( 'NONE', #370, #1310 ) ;
#808 = PRESENTATION_LAYER_ASSIGNMENT (  '', '', ( #2140 ) ) ;
#809 = ORIENTED_EDGE ( 'NONE', *, *, #2106, .F. ) ;
#810 = FILL_AREA_STYLE ('',( #1121 ) ) ;
#811 =( LENGTH_UNIT ( ) NAMED_UNIT ( * ) SI_UNIT ( $, .METRE. ) );
#812 = COLOUR_RGB ( '',0.7921568627450980005, 0.8196078431372548767, 0.9333333333333333481 ) ;
#813 = EDGE_CURVE ( 'NONE', #2528, #2633, #1741, .T. ) ;
#814 = PLANE ( 'NONE',  #4710 ) ;
#815 = CARTESIAN_POINT ( 'NONE',  ( 0.01743571670643844634, 0.01169626927843096451, 0.06840709017634598321 ) ) ;
#816 = B_SPLINE_CURVE_WITH_KNOTS ( 'NONE', 3,
 ( #2326, #1195, #4271, #2303, #4206, #486, #1630, #1219, #3847, #2770, #461, #3821, #2721, #1604, #805, #507, #3078, #831, #3503, #855, #3095, #1921, #3530 ),
 .UNSPECIFIED., .F., .F.,
 ( 4, 1, 1, 1, 1, 1, 1, 1, 1, 1, 1, 1, 1, 1, 1, 1, 1, 1, 1, 1, 4 ),
 ( 0.0000000000000000000, 0.07295106587586655533, 0.1415836941865451504, 0.2059264601708671039, 0.2653013571846054575, 0.3205972327139282596, 0.3718165030988103137, 0.4187897697094520311, 0.4616987286157646087, 0.5021335821035656233, 0.5408043152926481634, 0.5781805253279663770, 0.6142968652075146974, 0.6496782432647875138, 0.6842994600896377122, 0.7183589527723607260, 0.7520808646475967141, 0.8176524386023855673, 0.8797220764054375364, 0.9399655597309878319, 1.000000000000000000 ),
 .UNSPECIFIED. ) ;
#817 = CARTESIAN_POINT ( 'NONE',  ( -0.06415338570894128789, -0.02000000000000000389, 0.004999999999999997502 ) ) ;
#818 = ORIENTED_EDGE ( 'NONE', *, *, #3924, .F. ) ;
#819 =( LENGTH_UNIT ( ) NAMED_UNIT ( * ) SI_UNIT ( $, .METRE. ) );
#820 = LINE ( 'NONE', #32, #4415 ) ;
#821 = DIRECTION ( 'NONE',  ( 0.4561809899899242349, 0.8898870177566434725, 0.0000000000000000000 ) ) ;
#822 = ORIENTED_EDGE ( 'NONE', *, *, #3894, .T. ) ;
#823 = CARTESIAN_POINT ( 'NONE',  ( -0.05900000000000000383, 0.03150000000000000022, 0.04191209017634599243 ) ) ;
#824 = STYLED_ITEM ( 'NONE', ( #1274 ), #3513 ) ;
#825 = CARTESIAN_POINT ( 'NONE',  ( 0.05873796110358477790, 0.02000000000000000042, 0.03691209017634599493 ) ) ;
#826 = CARTESIAN_POINT ( 'NONE',  ( 0.01583493348294347583, 0.009806305719897979306, 0.06841209017634598821 ) ) ;
#827 =( NAMED_UNIT ( * ) SI_UNIT ( $, .STERADIAN. ) SOLID_ANGLE_UNIT ( ) );
#828 = DIRECTION ( 'NONE',  ( -0.0000000000000000000, 0.0000000000000000000, 1.000000000000000000 ) ) ;
#829 = MECHANICAL_DESIGN_GEOMETRIC_PRESENTATION_REPRESENTATION (  '', ( #4538 ), #2071 ) ;
#830 = PLANE ( 'NONE',  #182 ) ;
#831 = CARTESIAN_POINT ( 'NONE',  ( 0.01924759060838733896, -0.009258875803948459632, 0.06840709017634598321 ) ) ;
#832 = VERTEX_POINT ( 'NONE', #4050 ) ;
#833 = PLANE ( 'NONE',  #4532 ) ;
#834 = PRESENTATION_STYLE_ASSIGNMENT (( #4584 ) ) ;
#835 = SURFACE_SIDE_STYLE ('',( #1589 ) ) ;
#836 = DIRECTION ( 'NONE',  ( 0.0000000000000000000, -0.0000000000000000000, 1.000000000000000000 ) ) ;
#837 = ORIENTED_EDGE ( 'NONE', *, *, #2765, .T. ) ;
#838 = EDGE_CURVE ( 'NONE', #2308, #3331, #4413, .T. ) ;
#839 = AXIS2_PLACEMENT_3D ( 'NONE', #753, #1875, #3050 ) ;
#840 =( NAMED_UNIT ( * ) SI_UNIT ( $, .STERADIAN. ) SOLID_ANGLE_UNIT ( ) );
#841 = CARTESIAN_POINT ( 'NONE',  ( -0.01177160568434188273, 0.01281776187067535343, 0.06840709017634598321 ) ) ;
#842 = PRESENTATION_LAYER_ASSIGNMENT (  '', '', ( #2014 ) ) ;
#843 = CARTESIAN_POINT ( 'NONE',  ( 0.02106580993603281160, 0.01338068792278174386, 0.06841209017634598821 ) ) ;
#844 = ORIENTED_EDGE ( 'NONE', *, *, #3627, .F. ) ;
#845 = FILL_AREA_STYLE_COLOUR ( '', #917 ) ;
#846 = EDGE_CURVE ( 'NONE', #1268, #1372, #1671, .T. ) ;
#847 = SURFACE_STYLE_USAGE ( .BOTH. , #3889 ) ;
#848 = VECTOR ( 'NONE', #2729, 39.37007874015748143 ) ;
#849 = FILL_AREA_STYLE ('',( #3498 ) ) ;
#850 = VECTOR ( 'NONE', #1041, 39.37007874015748143 ) ;
#851 =( NAMED_UNIT ( * ) SI_UNIT ( $, .STERADIAN. ) SOLID_ANGLE_UNIT ( ) );
#852 = CARTESIAN_POINT ( 'NONE',  ( -0.01230056836646381026, -0.008427856276037096889, 0.06840709017634598321 ) ) ;
#853 =( NAMED_UNIT ( * ) PLANE_ANGLE_UNIT ( ) SI_UNIT ( $, .RADIAN. ) );
#854 = STYLED_ITEM ( 'NONE', ( #2222 ), #1406 ) ;
#855 = CARTESIAN_POINT ( 'NONE',  ( 0.02066485439165986412, -0.01000077025795725535, 0.06840709017634599709 ) ) ;
#856 = DIMENSIONAL_EXPONENTS ( 1.000000000000000000, 0.0000000000000000000, 0.0000000000000000000, 0.0000000000000000000, 0.0000000000000000000, 0.0000000000000000000, 0.0000000000000000000 ) ;
#857 = LENGTH_MEASURE_WITH_UNIT ( LENGTH_MEASURE( 0.02539999999999999897 ), #2772 );
#858 = COLOUR_RGB ( '',0.7921568627450980005, 0.8196078431372548767, 0.9333333333333333481 ) ;
#859 = ORIENTED_EDGE ( 'NONE', *, *, #2470, .T. ) ;
#860 =( NAMED_UNIT ( * ) PLANE_ANGLE_UNIT ( ) SI_UNIT ( $, .RADIAN. ) );
#861 = MECHANICAL_DESIGN_GEOMETRIC_PRESENTATION_REPRESENTATION (  '', ( #1323 ), #3401 ) ;
#862 = VECTOR ( 'NONE', #1185, 39.37007874015748143 ) ;
#863 = LINE ( 'NONE', #2357, #1167 ) ;
#864 = CARTESIAN_POINT ( 'NONE',  ( 0.05713952383545202462, -0.02963952383545203489, 0.006412090176345995596 ) ) ;
#865 =( CONVERSION_BASED_UNIT ( 'INCH', #1590 ) LENGTH_UNIT ( ) NAMED_UNIT ( #2456 ) );
#866 = CARTESIAN_POINT ( 'NONE',  ( 0.02282201826397698557, 0.01344837375398709456, 0.06841209017634598821 ) ) ;
#867 = EDGE_LOOP ( 'NONE', ( #1837, #2035, #4285, #3107, #1430 ) ) ;
#868 = LINE ( 'NONE', #3426, #3738 ) ;
#869 = ORIENTED_EDGE ( 'NONE', *, *, #1717, .T. ) ;
#870 = SURFACE_STYLE_FILL_AREA ( #3832 ) ;
#871 = ADVANCED_FACE ( 'NONE', ( #2101 ), #561, .F. ) ;
#872 = CARTESIAN_POINT ( 'NONE',  ( 0.01426659363158085808, 0.005602868227890246168, 0.06841209017634598821 ) ) ;
#873 = PLANE ( 'NONE',  #1446 ) ;
#874 = CARTESIAN_POINT ( 'NONE',  ( 0.05761119384899941742, -0.03011119384899940687, 0.06841209017634598821 ) ) ;
#875 = ADVANCED_FACE ( 'NONE', ( #1454 ), #3382, .T. ) ;
#876 = CARTESIAN_POINT ( 'NONE',  ( -0.01277127271269584696, -0.01233593502177549386, 0.06841209017634598821 ) ) ;
#877 = DIRECTION ( 'NONE',  ( 0.0000000000000000000, 0.0000000000000000000, -1.000000000000000000 ) ) ;
#878 =( CONVERSION_BASED_UNIT ( 'INCH', #1284 ) LENGTH_UNIT ( ) NAMED_UNIT ( #3518 ) );
#879 = STYLED_ITEM ( 'NONE', ( #3966 ), #2576 ) ;
#880 = CARTESIAN_POINT ( 'NONE',  ( -0.06415338570894128789, 0.02000000000000000389, 0.004999999999999997502 ) ) ;
#881 = LENGTH_MEASURE_WITH_UNIT ( LENGTH_MEASURE( 0.02539999999999999897 ), #1605 );
#882 = ORIENTED_EDGE ( 'NONE', *, *, #3983, .T. ) ;
#883 = LENGTH_MEASURE_WITH_UNIT ( LENGTH_MEASURE( 0.02539999999999999897 ), #3178 );
#884 = CARTESIAN_POINT ( 'NONE',  ( 0.05761119384899940354, 0.03011119384899940687, 0.06841209017634598821 ) ) ;
#885 = SURFACE_STYLE_FILL_AREA ( #1570 ) ;
#886 = LENGTH_MEASURE_WITH_UNIT ( LENGTH_MEASURE( 0.02539999999999999897 ), #471 );
#887 = CARTESIAN_POINT ( 'NONE',  ( 0.02875192916212330335, 0.009750350956681134995, 0.06841209017634597433 ) ) ;
#888 = FACE_OUTER_BOUND ( 'NONE', #1555, .T. ) ;
#889 = CARTESIAN_POINT ( 'NONE',  ( 0.02661563939925819591, 0.01206050533517363799, 0.06841209017634598821 ) ) ;
#890 = EDGE_LOOP ( 'NONE', ( #4796, #3346, #3955, #34 ) ) ;
#891 = CARTESIAN_POINT ( 'NONE',  ( 0.02861300970027350413, 0.0003177618706753523544, 0.06841209017634598821 ) ) ;
#892 = VERTEX_POINT ( 'NONE', #309 ) ;
#893 = DIMENSIONAL_EXPONENTS ( 1.000000000000000000, 0.0000000000000000000, 0.0000000000000000000, 0.0000000000000000000, 0.0000000000000000000, 0.0000000000000000000, 0.0000000000000000000 ) ;
#894 = CARTESIAN_POINT ( 'NONE',  ( -0.01833747958661948244, -0.009133960893682577589, 0.06840709017634598321 ) ) ;
#895 = VECTOR ( 'NONE', #3571, 39.37007874015748143 ) ;
#896 = CARTESIAN_POINT ( 'NONE',  ( 0.05373796110358478040, -0.02000000000000000042, 0.004999999999999997502 ) ) ;
#897 = UNCERTAINTY_MEASURE_WITH_UNIT (LENGTH_MEASURE( 1.000000000000000082E-05 ), #1271, 'distance_accuracy_value', 'NONE');
#898 = CARTESIAN_POINT ( 'NONE',  ( 0.01942026845404061161, 0.01292147199221943717, 0.06841209017634598821 ) ) ;
#899 = LINE ( 'NONE', #1645, #3343 ) ;
#900 = SURFACE_STYLE_FILL_AREA ( #2438 ) ;
#901 = CARTESIAN_POINT ( 'NONE',  ( 0.03042717473183418134, -0.004815183867178230055, 0.06840709017634598321 ) ) ;
#902 = CARTESIAN_POINT ( 'NONE',  ( -0.009751014615506073749, -0.007982392322046259064, 0.06841209017634598821 ) ) ;
#903 = CARTESIAN_POINT ( 'NONE',  ( 0.02533440903457826604, 0.009897712927249672360, 0.06840709017634598321 ) ) ;
#904 = CARTESIAN_POINT ( 'NONE',  ( -0.01374710490100084816, -0.009915318469885891703, 0.06841209017634596046 ) ) ;
#905 = EDGE_CURVE ( 'NONE', #2054, #1275, #4152, .T. ) ;
#906 = CARTESIAN_POINT ( 'NONE',  ( -0.02138699029972649865, -0.009938648385734903667, 0.06841209017634598821 ) ) ;
#907 = PRESENTATION_LAYER_ASSIGNMENT (  '', '', ( #3900 ) ) ;
#908 = ORIENTED_EDGE ( 'NONE', *, *, #3722, .T. ) ;
#909 = EDGE_CURVE ( 'NONE', #2588, #2397, #1090, .T. ) ;
#910 =( LENGTH_UNIT ( ) NAMED_UNIT ( * ) SI_UNIT ( $, .METRE. ) );
#911 = LINE ( 'NONE', #4250, #943 ) ;
#912 = PRODUCT_DEFINITION_FORMATION_WITH_SPECIFIED_SOURCE ( 'ANY', '', #3365, .NOT_KNOWN. ) ;
#913 = CARTESIAN_POINT ( 'NONE',  ( 0.02910602510666210688, 0.009159035886580089991, 0.06840709017634599709 ) ) ;
#914 = ORIENTED_EDGE ( 'NONE', *, *, #4756, .F. ) ;
#915 =( NAMED_UNIT ( * ) PLANE_ANGLE_UNIT ( ) SI_UNIT ( $, .RADIAN. ) );
#916 = VERTEX_POINT ( 'NONE', #2585 ) ;
#917 = COLOUR_RGB ( '',0.5019607843137254832, 0.5019607843137254832, 0.5019607843137254832 ) ;
#918 = CARTESIAN_POINT ( 'NONE',  ( 0.05899999999999998995, 0.03150000000000000022, 0.04191209017634599243 ) ) ;
#919 = CARTESIAN_POINT ( 'NONE',  ( 0.01924864512685715498, 0.009896423285131645403, 0.06840709017634598321 ) ) ;
#920 =( CONVERSION_BASED_UNIT ( 'INCH', #525 ) LENGTH_UNIT ( ) NAMED_UNIT ( #2142 ) );
#921 = SURFACE_SIDE_STYLE ('',( #900 ) ) ;
#922 = PRESENTATION_LAYER_ASSIGNMENT (  '', '', ( #453 ) ) ;
#923 = DIMENSIONAL_EXPONENTS ( 1.000000000000000000, 0.0000000000000000000, 0.0000000000000000000, 0.0000000000000000000, 0.0000000000000000000, 0.0000000000000000000, 0.0000000000000000000 ) ;
#924 = CARTESIAN_POINT ( 'NONE',  ( 0.02711391367550871137, -0.01103486382600769346, 0.06840709017634598321 ) ) ;
#925 = PLANE ( 'NONE',  #58 ) ;
#926 = CARTESIAN_POINT ( 'NONE',  ( 0.02393212376927232599, 0.01064540903684607631, 0.06840709017634598321 ) ) ;
#927 = CARTESIAN_POINT ( 'NONE',  ( 0.01585640997997884646, -0.009194761519969653352, 0.06840709017634598321 ) ) ;
#928 = SURFACE_SIDE_STYLE ('',( #530 ) ) ;
#929 = STYLED_ITEM ( 'NONE', ( #3903 ), #394 ) ;
#930 = CARTESIAN_POINT ( 'NONE',  ( -0.05873796110358478484, -0.02000000000000000042, 0.03691209017634599493 ) ) ;
#931 = CARTESIAN_POINT ( 'NONE',  ( 0.01621770757847079344, -0.002484326225011149279, 0.06841209017634598821 ) ) ;
#932 = EDGE_CURVE ( 'NONE', #2633, #236, #2280, .T. ) ;
#933 = SURFACE_STYLE_FILL_AREA ( #535 ) ;
#934 = ORIENTED_EDGE ( 'NONE', *, *, #1341, .T. ) ;
#935 = DIRECTION ( 'NONE',  ( 1.000000000000000000, 0.0000000000000000000, 0.0000000000000000000 ) ) ;
#936 = DIRECTION ( 'NONE',  ( 0.0000000000000000000, 1.000000000000000000, 0.0000000000000000000 ) ) ;
#937 = CIRCLE ( 'NONE', #540, 0.004999999999999997502 ) ;
#938 = EDGE_CURVE ( 'NONE', #2287, #4559, #1112, .T. ) ;
#939 = CARTESIAN_POINT ( 'NONE',  ( -0.06415338570894128789, -0.02000000000000000389, 0.03691209017634599493 ) ) ;
#940 = CARTESIAN_POINT ( 'NONE',  ( 0.02397766152798066694, 0.01327126614233325660, 0.06840709017634598321 ) ) ;
#941 = ORIENTED_EDGE ( 'NONE', *, *, #3747, .T. ) ;
#942 = FACE_BOUND ( 'NONE', #4490, .T. ) ;
#943 = VECTOR ( 'NONE', #2376, 39.37007874015748143 ) ;
#944 = ORIENTED_EDGE ( 'NONE', *, *, #2791, .F. ) ;
#945 = FACE_OUTER_BOUND ( 'NONE', #3425, .T. ) ;
#946 = UNCERTAINTY_MEASURE_WITH_UNIT (LENGTH_MEASURE( 1.000000000000000082E-05 ), #534, 'distance_accuracy_value', 'NONE');
#947 = DIRECTION ( 'NONE',  ( 0.05233595624294387627, -0.0000000000000000000, 0.9986295347545738332 ) ) ;
#948 = CARTESIAN_POINT ( 'NONE',  ( 0.02202640931723587672, 0.01088017461440376164, 0.06840709017634598321 ) ) ;
#949 = PRESENTATION_STYLE_ASSIGNMENT (( #1623 ) ) ;
#950 = LINE ( 'NONE', #2784, #4506 ) ;
#951 = CARTESIAN_POINT ( 'NONE',  ( 0.03085659944386324322, 0.0003077458450343269658, 0.06841209017634601597 ) ) ;
#952 = CARTESIAN_POINT ( 'NONE',  ( 0.02860907977718111367, 0.0006182445315185129036, 0.06841209017634602985 ) ) ;
#953 = CARTESIAN_POINT ( 'NONE',  ( 0.01622051060994842905, -0.009728284679489301867, 0.06840709017634598321 ) ) ;
#954 = FILL_AREA_STYLE ('',( #4409 ) ) ;
#955 = CARTESIAN_POINT ( 'NONE',  ( -0.06415338570894128789, 0.02000000000000000389, 0.04191209017634599243 ) ) ;
#956 = DIMENSIONAL_EXPONENTS ( 1.000000000000000000, 0.0000000000000000000, 0.0000000000000000000, 0.0000000000000000000, 0.0000000000000000000, 0.0000000000000000000, 0.0000000000000000000 ) ;
#957 = PRODUCT_DEFINITION_CONTEXT ( 'detailed design', #4020, 'design' ) ;
#958 = LINE ( 'NONE', #181, #3544 ) ;
#959 = ORIENTED_EDGE ( 'NONE', *, *, #4231, .T. ) ;
#960 = SURFACE_STYLE_USAGE ( .BOTH. , #3560 ) ;
#961 = FACE_OUTER_BOUND ( 'NONE', #2538, .T. ) ;
#962 = CARTESIAN_POINT ( 'NONE',  ( 0.02282241101264536817, -0.01281460792868953369, 0.06840709017634601097 ) ) ;
#963 = SURFACE_STYLE_FILL_AREA ( #4059 ) ;
#964 = ORIENTED_EDGE ( 'NONE', *, *, #3722, .F. ) ;
#965 = FILL_AREA_STYLE ('',( #4657 ) ) ;
#966 = EDGE_LOOP ( 'NONE', ( #2758, #737, #2361, #2999 ) ) ;
#967 =( LENGTH_UNIT ( ) NAMED_UNIT ( * ) SI_UNIT ( $, .METRE. ) );
#968 = ADVANCED_FACE ( 'NONE', ( #1485 ), #4509, .F. ) ;
#969 = CARTESIAN_POINT ( 'NONE',  ( 0.02824744924220130154, -0.003851537649580962733, 0.06840709017634598321 ) ) ;
#970 = SURFACE_STYLE_FILL_AREA ( #2808 ) ;
#971 = ORIENTED_EDGE ( 'NONE', *, *, #838, .T. ) ;
#972 = CARTESIAN_POINT ( 'NONE',  ( 0.01755686201662892340, 0.008037578270597861910, 0.06840709017634599709 ) ) ;
#973 = ADVANCED_FACE ( 'NONE', ( #3076 ), #3918, .T. ) ;
#974 = CARTESIAN_POINT ( 'NONE',  ( 0.01754627775335302134, -0.007393186938703136431, 0.06840709017634598321 ) ) ;
#975 = CARTESIAN_POINT ( 'NONE',  ( 0.02453906096073883367, -0.01247570681539297323, 0.06840709017634598321 ) ) ;
#976 =( NAMED_UNIT ( * ) SI_UNIT ( $, .STERADIAN. ) SOLID_ANGLE_UNIT ( ) );
#977 = CARTESIAN_POINT ( 'NONE',  ( 0.02533440903457826604, 0.009897712927249672360, 0.06841209017634602985 ) ) ;
#978 = CARTESIAN_POINT ( 'NONE',  ( 0.02164183593447133874, -0.01281336436037724957, 0.06840709017634598321 ) ) ;
#979 = DIRECTION ( 'NONE',  ( 0.0000000000000000000, 1.000000000000000000, 0.0000000000000000000 ) ) ;
#980 = CARTESIAN_POINT ( 'NONE',  ( 0.05873796110358477790, 0.02000000000000000042, 0.03691209017634599493 ) ) ;
#981 = COLOUR_RGB ( '',0.5019607843137254832, 0.5019607843137254832, 0.5019607843137254832 ) ;
#982 = PRESENTATION_STYLE_ASSIGNMENT (( #960 ) ) ;
#983 = PRESENTATION_LAYER_ASSIGNMENT (  '', '', ( #4291 ) ) ;
#984 = SURFACE_STYLE_USAGE ( .BOTH. , #2825 ) ;
#985 = FILL_AREA_STYLE_COLOUR ( '', #75 ) ;
#986 = CARTESIAN_POINT ( 'NONE',  ( 0.03070332438384991772, -0.002937554715094830345, 0.06840709017634599709 ) ) ;
#987 = LINE ( 'NONE', #3638, #4472 ) ;
#988 = ORIENTED_EDGE ( 'NONE', *, *, #813, .T. ) ;
#989 = FACE_BOUND ( 'NONE', #4136, .T. ) ;
#990 = DIMENSIONAL_EXPONENTS ( 1.000000000000000000, 0.0000000000000000000, 0.0000000000000000000, 0.0000000000000000000, 0.0000000000000000000, 0.0000000000000000000, 0.0000000000000000000 ) ;
#991 = CARTESIAN_POINT ( 'NONE',  ( -0.01177160568434188273, -0.003813848706247725123, 0.06840709017634598321 ) ) ;
#992 = LINE ( 'NONE', #194, #3556 ) ;
#993 = ORIENTED_EDGE ( 'NONE', *, *, #813, .F. ) ;
#994 = SURFACE_STYLE_USAGE ( .BOTH. , #2782 ) ;
#995 = CARTESIAN_POINT ( 'NONE',  ( 0.01611386289361289512, -1.615740649503033907E-05, 0.06840709017634598321 ) ) ;
#996 =( GEOMETRIC_REPRESENTATION_CONTEXT ( 3 ) GLOBAL_UNCERTAINTY_ASSIGNED_CONTEXT ( ( #3336 ) ) GLOBAL_UNIT_ASSIGNED_CONTEXT ( ( #3557, #1265, #2845 ) ) REPRESENTATION_CONTEXT ( 'NONE', 'WORKASPACE' ) );
#997 = CARTESIAN_POINT ( 'NONE',  ( 0.03070332438384991772, -0.002937554715094830345, 0.06840709017634599709 ) ) ;
#998 =( CONVERSION_BASED_UNIT ( 'INCH', #2869 ) LENGTH_UNIT ( ) NAMED_UNIT ( #3958 ) );
#999 = EDGE_CURVE ( 'NONE', #2223, #1126, #1947, .T. ) ;
#1000 = CARTESIAN_POINT ( 'NONE',  ( 0.02106574718133239280, -0.01274540913546161336, 0.06841209017634598821 ) ) ;
#1001 = MECHANICAL_DESIGN_GEOMETRIC_PRESENTATION_REPRESENTATION (  '', ( #375 ), #1534 ) ;
#1002 = SURFACE_STYLE_FILL_AREA ( #1037 ) ;
#1003 =( CONVERSION_BASED_UNIT ( 'INCH', #1314 ) LENGTH_UNIT ( ) NAMED_UNIT ( #4337 ) );
#1004 = DIRECTION ( 'NONE',  ( 0.0000000000000000000, 0.0000000000000000000, -1.000000000000000000 ) ) ;
#1005 = CARTESIAN_POINT ( 'NONE',  ( -0.02057974098317143577, -0.01066814120231924894, 0.06840709017634599709 ) ) ;
#1006 = DIRECTION ( 'NONE',  ( -0.0000000000000000000, -0.0000000000000000000, 1.000000000000000000 ) ) ;
#1007 = ORIENTED_EDGE ( 'NONE', *, *, #2106, .T. ) ;
#1008 = FILL_AREA_STYLE ('',( #2831 ) ) ;
#1009 = DIRECTION ( 'NONE',  ( -0.0000000000000000000, -0.0000000000000000000, 1.000000000000000000 ) ) ;
#1010 = VECTOR ( 'NONE', #1868, 39.37007874015748143 ) ;
#1011 = CARTESIAN_POINT ( 'NONE',  ( 0.01811941189755683981, 0.008843773143237008277, 0.06841209017634598821 ) ) ;
#1012 = ORIENTED_EDGE ( 'NONE', *, *, #3190, .F. ) ;
#1013 = CARTESIAN_POINT ( 'NONE',  ( 0.01730699764108816277, 0.007587658522560286438, 0.06841209017634594658 ) ) ;
#1014 = EDGE_CURVE ( 'NONE', #2287, #2054, #543, .T. ) ;
#1015 = CARTESIAN_POINT ( 'NONE',  ( 0.01668698702952842519, -0.005370401004681717161, 0.06841209017634600209 ) ) ;
#1016 = MECHANICAL_DESIGN_GEOMETRIC_PRESENTATION_REPRESENTATION (  '', ( #4109 ), #2277 ) ;
#1017 = DIRECTION ( 'NONE',  ( 0.05226442768871397693, -0.05226442768871395611, -0.9972646886342373396 ) ) ;
#1018 = CARTESIAN_POINT ( 'NONE',  ( 0.01660361129292933779, -0.01022455555883014511, 0.06840709017634598321 ) ) ;
#1019 = SURFACE_STYLE_FILL_AREA ( #954 ) ;
#1020 = EDGE_CURVE ( 'NONE', #4512, #2111, #1628, .T. ) ;
#1021 = LINE ( 'NONE', #1357, #850 ) ;
#1022 = LINE ( 'NONE', #3997, #2842 ) ;
#1023 = ORIENTED_EDGE ( 'NONE', *, *, #2609, .F. ) ;
#1024 = DIRECTION ( 'NONE',  ( 1.000000000000000000, 0.0000000000000000000, -0.0000000000000000000 ) ) ;
#1025 = ADVANCED_FACE ( 'NONE', ( #3093 ), #3605, .T. ) ;
#1026 = LINE ( 'NONE', #2829, #2496 ) ;
#1027 = ORIENTED_EDGE ( 'NONE', *, *, #3427, .F. ) ;
#1028 = PLANE ( 'NONE',  #4057 ) ;
#1029 = CARTESIAN_POINT ( 'NONE',  ( 0.02614311736037940731, -0.008588098323140957308, 0.06841209017634597433 ) ) ;
#1030 = VECTOR ( 'NONE', #3705, 39.37007874015748143 ) ;
#1031 = CARTESIAN_POINT ( 'NONE',  ( 0.03022999497289649562, -0.005663358499091867941, 0.06841209017634600209 ) ) ;
#1032 = UNCERTAINTY_MEASURE_WITH_UNIT (LENGTH_MEASURE( 1.000000000000000082E-05 ), #2601, 'distance_accuracy_value', 'NONE');
#1033 = FILL_AREA_STYLE_COLOUR ( '', #2980 ) ;
#1034 = EDGE_LOOP ( 'NONE', ( #1012, #3886, #1457, #3105 ) ) ;
#1035 = DIRECTION ( 'NONE',  ( -0.0000000000000000000, 1.000000000000000000, -0.0000000000000000000 ) ) ;
#1036 =( NAMED_UNIT ( * ) SI_UNIT ( $, .STERADIAN. ) SOLID_ANGLE_UNIT ( ) );
#1037 = FILL_AREA_STYLE ('',( #655 ) ) ;
#1038 = FILL_AREA_STYLE_COLOUR ( '', #1069 ) ;
#1039 = FILL_AREA_STYLE_COLOUR ( '', #3691 ) ;
#1040 = DIMENSIONAL_EXPONENTS ( 1.000000000000000000, 0.0000000000000000000, 0.0000000000000000000, 0.0000000000000000000, 0.0000000000000000000, 0.0000000000000000000, 0.0000000000000000000 ) ;
#1041 = DIRECTION ( 'NONE',  ( -0.0000000000000000000, -1.000000000000000000, -0.0000000000000000000 ) ) ;
#1042 =( CONVERSION_BASED_UNIT ( 'INCH', #4632 ) LENGTH_UNIT ( ) NAMED_UNIT ( #548 ) );
#1043 = CARTESIAN_POINT ( 'NONE',  ( 0.02999169437680142269, 0.007100643090569242442, 0.06841209017634598821 ) ) ;
#1044 = VERTEX_POINT ( 'NONE', #1334 ) ;
#1045 = CARTESIAN_POINT ( 'NONE',  ( -0.01681431095675983006, -0.01267343106093368407, 0.06840709017634598321 ) ) ;
#1046 = CARTESIAN_POINT ( 'NONE',  ( -0.009602048577555435949, -0.006627599448614027514, 0.06841209017634597433 ) ) ;
#1047 = UNCERTAINTY_MEASURE_WITH_UNIT (LENGTH_MEASURE( 1.000000000000000082E-05 ), #3305, 'distance_accuracy_value', 'NONE');
#1048 = CARTESIAN_POINT ( 'NONE',  ( 0.03084287679775310487, -0.0008194902963923245045, 0.06840709017634598321 ) ) ;
#1049 = EDGE_CURVE ( 'NONE', #3393, #1142, #2843, .T. ) ;
#1050 = ORIENTED_EDGE ( 'NONE', *, *, #2921, .F. ) ;
#1051 = LINE ( 'NONE', #4420, #4829 ) ;
#1052 = CARTESIAN_POINT ( 'NONE',  ( 0.02760182257576066292, -0.006141747325361321570, 0.06841209017634597433 ) ) ;
#1053 =( NAMED_UNIT ( * ) SI_UNIT ( $, .STERADIAN. ) SOLID_ANGLE_UNIT ( ) );
#1054 = SURFACE_STYLE_FILL_AREA ( #3982 ) ;
#1055 = AXIS2_PLACEMENT_3D ( 'NONE', #4035, #1024, #4797 ) ;
#1056 = CARTESIAN_POINT ( 'NONE',  ( -0.01536588451210191969, -0.01025326198251897553, 0.06841209017634598821 ) ) ;
#1057 = CIRCLE ( 'NONE', #1293, 0.005000000000000000104 ) ;
#1058 = LENGTH_MEASURE_WITH_UNIT ( LENGTH_MEASURE( 0.02539999999999999897 ), #1422 );
#1059 = B_SPLINE_SURFACE_WITH_KNOTS ( 'NONE', 3, 1, ( 
 ( #554, #3645 ),
 ( #948, #4730 ),
 ( #3241, #3216 ),
 ( #3266, #4309 ),
 ( #2437, #3963 ),
 ( #919, #4403 ),
 ( #4043, #2041 ),
 ( #574, #2062 ),
 ( #1349, #3589 ),
 ( #198, #4708 ),
 ( #972, #3986 ),
 ( #4754, #1013 ),
 ( #2862, #2488 ),
 ( #2511, #275 ),
 ( #1277, #599 ),
 ( #4015, #3616 ),
 ( #221, #629 ),
 ( #2119, #1864 ),
 ( #1127, #4070 ),
 ( #4447, #2269 ),
 ( #1838, #10 ),
 ( #3013, #3370 ),
 ( #1421, #1758 ) ),
 .UNSPECIFIED., .F., .F., .F.,
 ( 4, 1, 1, 1, 1, 1, 1, 1, 1, 1, 1, 1, 1, 1, 1, 1, 1, 1, 1, 1, 4 ),
 ( 2, 2 ),
 ( 0.0000000000000000000, 0.06038661931106226871, 0.1208832485859959033, 0.1827546186251393645, 0.2478110297583511479, 0.2812991000432489841, 0.3150876241506571640, 0.3497023955502752690, 0.3848565811185559182, 0.4209661972261022900, 0.4585111882611391243, 0.4971747221273120076, 0.5376020478662694169, 0.5805030184200115073, 0.6274675400267046843, 0.6783882095592433936, 0.7339832205925603814, 0.7937467045508348473, 0.8577136721607319103, 0.9266978643613861255, 1.000000000000000000 ),
 ( 0.0000000000000000000, 1.000000000000000000 ),
 .UNSPECIFIED. ) ;
#1060 = CARTESIAN_POINT ( 'NONE',  ( 0.02340659237287637945, 0.01338177416445420799, 0.06840709017634598321 ) ) ;
#1061 = FILL_AREA_STYLE_COLOUR ( '', #1681 ) ;
#1062 = VERTEX_POINT ( 'NONE', #605 ) ;
#1063 = CARTESIAN_POINT ( 'NONE',  ( -0.05761119384899940354, 0.03011119384899940687, 0.06841209017634598821 ) ) ;
#1064 = CARTESIAN_POINT ( 'NONE',  ( -0.01190196299067833308, -0.006824694143942148204, 0.06841209017634598821 ) ) ;
#1065 = AXIS2_PLACEMENT_3D ( 'NONE', #2905, #2526, #3976 ) ;
#1066 = VERTEX_POINT ( 'NONE', #2096 ) ;
#1067 = CARTESIAN_POINT ( 'NONE',  ( -0.009534563660113026112, -0.004975852433648991942, 0.06841209017634598821 ) ) ;
#1068 = EDGE_CURVE ( 'NONE', #274, #1092, #230, .T. ) ;
#1069 = COLOUR_RGB ( '',0.7921568627450980005, 0.8196078431372548767, 0.9333333333333333481 ) ;
#1070 = CARTESIAN_POINT ( 'NONE',  ( 0.02230291354642734494, -0.01025916120624772651, 0.06841209017634598821 ) ) ;
#1071 = LENGTH_MEASURE_WITH_UNIT ( LENGTH_MEASURE( 0.02539999999999999897 ), #2571 );
#1072 = ORIENTED_EDGE ( 'NONE', *, *, #4727, .T. ) ;
#1073 =( LENGTH_UNIT ( ) NAMED_UNIT ( * ) SI_UNIT ( $, .METRE. ) );
#1074 =( NAMED_UNIT ( * ) PLANE_ANGLE_UNIT ( ) SI_UNIT ( $, .RADIAN. ) );
#1075 = EDGE_CURVE ( 'NONE', #3125, #2153, #4502, .T. ) ;
#1076 =( LENGTH_UNIT ( ) NAMED_UNIT ( * ) SI_UNIT ( $, .METRE. ) );
#1077 = CARTESIAN_POINT ( 'NONE',  ( -0.001515195427931625895, 0.01025365930657278976, 0.06841209017634598821 ) ) ;
#1078 = MECHANICAL_DESIGN_GEOMETRIC_PRESENTATION_REPRESENTATION (  '', ( #1473 ), #141 ) ;
#1079 = EDGE_CURVE ( 'NONE', #1856, #3488, #1815, .T. ) ;
#1080 = CARTESIAN_POINT ( 'NONE',  ( 0.02774186504715205406, -0.005744224651451595824, 0.06841209017634598821 ) ) ;
#1081 =( NAMED_UNIT ( * ) PLANE_ANGLE_UNIT ( ) SI_UNIT ( $, .RADIAN. ) );
#1082 = MECHANICAL_DESIGN_GEOMETRIC_PRESENTATION_REPRESENTATION (  '', ( #4338 ), #222 ) ;
#1083 = UNCERTAINTY_MEASURE_WITH_UNIT (LENGTH_MEASURE( 1.000000000000000082E-05 ), #4830, 'distance_accuracy_value', 'NONE');
#1084 = CARTESIAN_POINT ( 'NONE',  ( 0.02766649527719658441, -0.005967294219068238099, 0.06840709017634598321 ) ) ;
#1085 = DIRECTION ( 'NONE',  ( 0.4561809899899242349, 0.8898870177566434725, 0.0000000000000000000 ) ) ;
#1086 = VERTEX_POINT ( 'NONE', #3376 ) ;
#1087 = AXIS2_PLACEMENT_3D ( 'NONE', #565, #1317, #2524 ) ;
#1088 = CARTESIAN_POINT ( 'NONE',  ( -0.02660748903173146274, -0.03011119384899940687, 0.06841209017634598821 ) ) ;
#1089 = LINE ( 'NONE', #2608, #1928 ) ;
#1090 = LINE ( 'NONE', #781, #2652 ) ;
#1091 = CARTESIAN_POINT ( 'NONE',  ( -0.009528015940752140173, -0.004064249347273366127, 0.06840709017634598321 ) ) ;
#1092 = VERTEX_POINT ( 'NONE', #2940 ) ;
#1093 =( NAMED_UNIT ( * ) SI_UNIT ( $, .STERADIAN. ) SOLID_ANGLE_UNIT ( ) );
#1094 = CARTESIAN_POINT ( 'NONE',  ( 0.04629129495668375671, 0.01025365930657278976, 0.06841209017634598821 ) ) ;
#1095 = UNCERTAINTY_MEASURE_WITH_UNIT (LENGTH_MEASURE( 1.000000000000000082E-05 ), #4211, 'distance_accuracy_value', 'NONE');
#1096 =( NAMED_UNIT ( * ) PLANE_ANGLE_UNIT ( ) SI_UNIT ( $, .RADIAN. ) );
#1097 = DIRECTION ( 'NONE',  ( -0.0000000000000000000, -0.0000000000000000000, 1.000000000000000000 ) ) ;
#1098 = DIRECTION ( 'NONE',  ( 0.0000000000000000000, -1.000000000000000000, 0.0000000000000000000 ) ) ;
#1099 = CARTESIAN_POINT ( 'NONE',  ( 0.02614311736037940731, -0.008588098323140957308, 0.06840709017634598321 ) ) ;
#1100 = CARTESIAN_POINT ( 'NONE',  ( -0.05915338570894129039, -0.02000000000000000389, 0.03691209017634599493 ) ) ;
#1101 = B_SPLINE_SURFACE_WITH_KNOTS ( 'NONE', 3, 1, ( 
 ( #744, #3320 ),
 ( #770, #1812 ),
 ( #2243, #380 ),
 ( #4166, #3403 ),
 ( #323, #4524 ),
 ( #2915, #4425 ),
 ( #675, #2579 ) ),
 .UNSPECIFIED., .F., .F., .F.,
 ( 4, 1, 1, 1, 4 ),
 ( 2, 2 ),
 ( 0.0000000000000000000, 0.2629516255674885228, 0.5157066923583621953, 0.7621092269531081209, 1.000000000000000000 ),
 ( 0.0000000000000000000, 1.000000000000000000 ),
 .UNSPECIFIED. ) ;
#1102 = VERTEX_POINT ( 'NONE', #1506 ) ;
#1103 = LENGTH_MEASURE_WITH_UNIT ( LENGTH_MEASURE( 0.02539999999999999897 ), #723 );
#1104 = EDGE_CURVE ( 'NONE', #1142, #1957, #4528, .T. ) ;
#1105 = SURFACE_STYLE_USAGE ( .BOTH. , #4549 ) ;
#1106 = COLOUR_RGB ( '',0.7921568627450980005, 0.8196078431372548767, 0.9333333333333333481 ) ;
#1107 = CIRCLE ( 'NONE', #4583, 0.005000000000000000104 ) ;
#1108 = CARTESIAN_POINT ( 'NONE',  ( 0.02507654099348962870, 0.01292043291917551080, 0.06840709017634598321 ) ) ;
#1109 = EDGE_LOOP ( 'NONE', ( #1934, #1932, #3615, #1661 ) ) ;
#1110 = DIRECTION ( 'NONE',  ( -0.4560907909103987246, -0.8899332505568756657, 0.0000000000000000000 ) ) ;
#1111 = CARTESIAN_POINT ( 'NONE',  ( 0.01412632234426948290, 0.004678855624192319353, 0.06841209017634598821 ) ) ;
#1112 = LINE ( 'NONE', #415, #2736 ) ;
#1113 = PLANE ( 'NONE',  #2292 ) ;
#1114 = ORIENTED_EDGE ( 'NONE', *, *, #364, .T. ) ;
#1115 =( GEOMETRIC_REPRESENTATION_CONTEXT ( 3 ) GLOBAL_UNCERTAINTY_ASSIGNED_CONTEXT ( ( #1370 ) ) GLOBAL_UNIT_ASSIGNED_CONTEXT ( ( #1733, #1708, #4682 ) ) REPRESENTATION_CONTEXT ( 'NONE', 'WORKASPACE' ) );
#1116 = CARTESIAN_POINT ( 'NONE',  ( -0.01141811516088242495, -0.01143943533540398884, 0.06840709017634598321 ) ) ;
#1117 = CARTESIAN_POINT ( 'NONE',  ( 0.03470275329001708958, 0.01025365930657278976, 0.06840709017634598321 ) ) ;
#1118 =( CONVERSION_BASED_UNIT ( 'INCH', #2670 ) LENGTH_UNIT ( ) NAMED_UNIT ( #258 ) );
#1119 = CARTESIAN_POINT ( 'NONE',  ( -0.02813952383545201968, -0.02963952383545203489, 0.006412090176345995596 ) ) ;
#1120 = VERTEX_POINT ( 'NONE', #3019 ) ;
#1121 = FILL_AREA_STYLE_COLOUR ( '', #2389 ) ;
#1122 = CARTESIAN_POINT ( 'NONE',  ( 0.02230291354642734494, -0.01025916120624772651, 0.06840709017634598321 ) ) ;
#1123 = CARTESIAN_POINT ( 'NONE',  ( -0.01608794875131568797, -0.01280001472557439242, 0.06841209017634598821 ) ) ;
#1124 =( NAMED_UNIT ( * ) PLANE_ANGLE_UNIT ( ) SI_UNIT ( $, .RADIAN. ) );
#1125 = CARTESIAN_POINT ( 'NONE',  ( 0.02050433088823788372, 0.01327219543959196751, 0.06840709017634598321 ) ) ;
#1126 = VERTEX_POINT ( 'NONE', #1132 ) ;
#1127 = CARTESIAN_POINT ( 'NONE',  ( 0.01621546410612680067, 0.003128649302724050094, 0.06840709017634598321 ) ) ;
#1128 = LENGTH_MEASURE_WITH_UNIT ( LENGTH_MEASURE( 0.02539999999999999897 ), #4142 );
#1129 = VECTOR ( 'NONE', #3502, 39.37007874015748143 ) ;
#1130 = LINE ( 'NONE', #1158, #632 ) ;
#1131 = EDGE_CURVE ( 'NONE', #2153, #1811, #4170, .T. ) ;
#1132 = CARTESIAN_POINT ( 'NONE',  ( -0.03515338570894128989, -0.02000000000000000042, 0.004999999999999997502 ) ) ;
#1133 = VERTEX_POINT ( 'NONE', #353 ) ;
#1134 = CARTESIAN_POINT ( 'NONE',  ( 0.01698984616167325754, 0.01128976391797518325, 0.06840709017634598321 ) ) ;
#1135 = COLOUR_RGB ( '',0.7921568627450980005, 0.8196078431372548767, 0.9333333333333333481 ) ;
#1136 = EDGE_CURVE ( 'NONE', #4642, #4442, #3295, .T. ) ;
#1137 = DIRECTION ( 'NONE',  ( 0.0000000000000000000, -1.000000000000000000, 0.0000000000000000000 ) ) ;
#1138 =( CONVERSION_BASED_UNIT ( 'INCH', #333 ) LENGTH_UNIT ( ) NAMED_UNIT ( #2011 ) );
#1139 = SURFACE_SIDE_STYLE ('',( #3412 ) ) ;
#1140 = FILL_AREA_STYLE ('',( #1847 ) ) ;
#1141 = MECHANICAL_DESIGN_GEOMETRIC_PRESENTATION_REPRESENTATION (  '', ( #683 ), #1300 ) ;
#1142 = VERTEX_POINT ( 'NONE', #1449 ) ;
#1143 = CARTESIAN_POINT ( 'NONE',  ( 0.03694634303360683908, -0.01282326377035029018, 0.06841209017634598821 ) ) ;
#1144 = DIRECTION ( 'NONE',  ( 0.0000000000000000000, 0.0000000000000000000, -1.000000000000000000 ) ) ;
#1145 = VECTOR ( 'NONE', #1817, 39.37007874015748143 ) ;
#1146 = CARTESIAN_POINT ( 'NONE',  ( -0.01646186887278409255, -0.01005847882987741422, 0.06840709017634598321 ) ) ;
#1147 = CARTESIAN_POINT ( 'NONE',  ( 0.02580799600248004366, -0.008906774382518896013, 0.06840709017634598321 ) ) ;
#1148 = UNCERTAINTY_MEASURE_WITH_UNIT (LENGTH_MEASURE( 1.000000000000000082E-05 ), #130, 'distance_accuracy_value', 'NONE');
#1149 = EDGE_LOOP ( 'NONE', ( #2884, #4658, #3162, #2385 ) ) ;
#1150 = SURFACE_STYLE_USAGE ( .BOTH. , #4543 ) ;
#1151 = LENGTH_MEASURE_WITH_UNIT ( LENGTH_MEASURE( 0.02539999999999999897 ), #4189 );
#1152 =( LENGTH_UNIT ( ) NAMED_UNIT ( * ) SI_UNIT ( $, .METRE. ) );
#1153 = COLOUR_RGB ( '',0.6666666666666666297, 0.6980392156862744724, 0.7686274509803920907 ) ;
#1154 =( NAMED_UNIT ( * ) SI_UNIT ( $, .STERADIAN. ) SOLID_ANGLE_UNIT ( ) );
#1155 = ORIENTED_EDGE ( 'NONE', *, *, #4849, .T. ) ;
#1156 = SURFACE_SIDE_STYLE ('',( #30 ) ) ;
#1157 = PRESENTATION_LAYER_ASSIGNMENT (  '', '', ( #533 ) ) ;
#1158 = CARTESIAN_POINT ( 'NONE',  ( -0.05713952383545203850, -7.742881624444989116E-18, 0.006412090176345995596 ) ) ;
#1159 = CARTESIAN_POINT ( 'NONE',  ( 0.01995645547474012710, 0.01311354653407330838, 0.06841209017634598821 ) ) ;
#1160 = ORIENTED_EDGE ( 'NONE', *, *, #3564, .T. ) ;
#1161 = DIRECTION ( 'NONE',  ( 1.000000000000000000, 0.0000000000000000000, 0.0000000000000000000 ) ) ;
#1162 = STYLED_ITEM ( 'NONE', ( #3675 ), #871 ) ;
#1163 = LINE ( 'NONE', #2662, #4334 ) ;
#1164 = STYLED_ITEM ( 'NONE', ( #3942 ), #2454 ) ;
#1165 = CARTESIAN_POINT ( 'NONE',  ( -0.01204883682641157833, -0.01193838337051603138, 0.06841209017634598821 ) ) ;
#1166 =( NAMED_UNIT ( * ) PLANE_ANGLE_UNIT ( ) SI_UNIT ( $, .RADIAN. ) );
#1167 = VECTOR ( 'NONE', #2306, 39.37007874015748143 ) ;
#1168 = VERTEX_POINT ( 'NONE', #2273 ) ;
#1169 = MECHANICAL_DESIGN_GEOMETRIC_PRESENTATION_REPRESENTATION (  '', ( #3309 ), #4792 ) ;
#1170 = CARTESIAN_POINT ( 'NONE',  ( 0.01428059392887714649, -0.004962556972209338120, 0.06841209017634598821 ) ) ;
#1171 = B_SPLINE_CURVE_WITH_KNOTS ( 'NONE', 3,
 ( #437, #2299, #3841, #3797, #3091, #3117, #902, #1916, #3145, #412, #4243, #3049, #3458, #1165, #876, #2664, #4577, #64, #2686 ),
 .UNSPECIFIED., .F., .F.,
 ( 4, 1, 1, 1, 1, 1, 1, 1, 1, 1, 1, 1, 1, 1, 1, 1, 4 ),
 ( 0.0000000000000000000, 0.07736068394269939030, 0.1485419530250430831, 0.2140077372521337618, 0.2729945033606874238, 0.3264091957674678524, 0.3738804007298081600, 0.4160199382657592815, 0.4521255195126326898, 0.5180017107054559755, 0.5823669297335137829, 0.6470437823418067058, 0.7133304210644734189, 0.7809119703509679322, 0.8503949591306446676, 0.9229229735922767075, 1.000000000000000000 ),
 .UNSPECIFIED. ) ;
#1172 =( NAMED_UNIT ( * ) PLANE_ANGLE_UNIT ( ) SI_UNIT ( $, .RADIAN. ) );
#1173 = STYLED_ITEM ( 'NONE', ( #4467 ), #1913 ) ;
#1174 = DIRECTION ( 'NONE',  ( 0.05233595624294387627, 0.0000000000000000000, -0.9986295347545738332 ) ) ;
#1175 = ORIENTED_EDGE ( 'NONE', *, *, #3400, .T. ) ;
#1176 =( LENGTH_UNIT ( ) NAMED_UNIT ( * ) SI_UNIT ( $, .METRE. ) );
#1177 = EDGE_CURVE ( 'NONE', #2324, #2757, #4236, .T. ) ;
#1178 = LINE ( 'NONE', #1520, #3671 ) ;
#1179 = CARTESIAN_POINT ( 'NONE',  ( 0.01660361129292933779, -0.01022455555883014511, 0.06840709017634598321 ) ) ;
#1180 = CARTESIAN_POINT ( 'NONE',  ( 0.01445384710730453041, 0.006454545064578102315, 0.06840709017634598321 ) ) ;
#1181 = FACE_OUTER_BOUND ( 'NONE', #4129, .T. ) ;
#1182 = VERTEX_POINT ( 'NONE', #2659 ) ;
#1183 = FILL_AREA_STYLE ('',( #4284 ) ) ;
#1184 = CARTESIAN_POINT ( 'NONE',  ( -0.01686976273562393672, -0.009898584283170804715, 0.06840709017634598321 ) ) ;
#1185 = DIRECTION ( 'NONE',  ( 1.000000000000000000, 0.0000000000000000000, 0.0000000000000000000 ) ) ;
#1186 = CARTESIAN_POINT ( 'NONE',  ( 0.01386941995668375914, 0.0003077458450343269658, 0.06841209017634598821 ) ) ;
#1187 = LINE ( 'NONE', #249, #895 ) ;
#1188 =( NAMED_UNIT ( * ) SI_UNIT ( $, .STERADIAN. ) SOLID_ANGLE_UNIT ( ) );
#1189 = CARTESIAN_POINT ( 'NONE',  ( 0.01549518495134652105, 0.009233863346042430961, 0.06840709017634598321 ) ) ;
#1190 =( CONVERSION_BASED_UNIT ( 'INCH', #3434 ) LENGTH_UNIT ( ) NAMED_UNIT ( #2364 ) );
#1191 = CARTESIAN_POINT ( 'NONE',  ( 0.02813952383545203009, -0.02963952383545203489, 0.005412090176345997310 ) ) ;
#1192 = COLOUR_RGB ( '',0.7921568627450980005, 0.8196078431372548767, 0.9333333333333333481 ) ;
#1193 = CARTESIAN_POINT ( 'NONE',  ( -0.01471797650970039541, -0.01023741617192207645, 0.06840709017634598321 ) ) ;
#1194 = CARTESIAN_POINT ( 'NONE',  ( -0.05899999999999999689, 0.03150000000000000022, 0.04191209017634599243 ) ) ;
#1195 = CARTESIAN_POINT ( 'NONE',  ( 0.01611386289361289512, -1.615740649503033907E-05, 0.06840709017634598321 ) ) ;
#1196 = EDGE_CURVE ( 'NONE', #494, #733, #2870, .T. ) ;
#1197 = ORIENTED_EDGE ( 'NONE', *, *, #637, .F. ) ;
#1198 = SURFACE_SIDE_STYLE ('',( #3489 ) ) ;
#1199 =( NAMED_UNIT ( * ) PLANE_ANGLE_UNIT ( ) SI_UNIT ( $, .RADIAN. ) );
#1200 = EDGE_CURVE ( 'NONE', #274, #1385, #4745, .T. ) ;
#1201 = FACE_OUTER_BOUND ( 'NONE', #404, .T. ) ;
#1202 = CARTESIAN_POINT ( 'NONE',  ( 0.02838010346784297297, 0.01030238727692099794, 0.06840709017634598321 ) ) ;
#1203 = DIRECTION ( 'NONE',  ( 0.0000000000000000000, 1.000000000000000000, 0.0000000000000000000 ) ) ;
#1204 = ORIENTED_EDGE ( 'NONE', *, *, #3400, .F. ) ;
#1205 = CARTESIAN_POINT ( 'NONE',  ( -0.01559990256571121801, -0.01281554513371394033, 0.06841209017634601597 ) ) ;
#1206 = PRESENTATION_STYLE_ASSIGNMENT (( #496 ) ) ;
#1207 = CARTESIAN_POINT ( 'NONE',  ( 0.02203061564127904368, 0.01345547775299306761, 0.06841209017634598821 ) ) ;
#1208 = ORIENTED_EDGE ( 'NONE', *, *, #2228, .T. ) ;
#1209 =( LENGTH_UNIT ( ) NAMED_UNIT ( * ) SI_UNIT ( $, .METRE. ) );
#1210 = VECTOR ( 'NONE', #4774, 39.37007874015748143 ) ;
#1211 = PLANE ( 'NONE',  #513 ) ;
#1212 = CARTESIAN_POINT ( 'NONE',  ( 0.01466679569741140970, 0.007237827968957110357, 0.06840709017634598321 ) ) ;
#1213 = FILL_AREA_STYLE ('',( #39 ) ) ;
#1214 = CARTESIAN_POINT ( 'NONE',  ( -0.01523214254331624329, -0.01025916120624772651, 0.06841209017634596046 ) ) ;
#1215 = ORIENTED_EDGE ( 'NONE', *, *, #1558, .T. ) ;
#1216 = CARTESIAN_POINT ( 'NONE',  ( 0.01811941189755683981, 0.008843773143237008277, 0.06840709017634598321 ) ) ;
#1217 = B_SPLINE_CURVE_WITH_KNOTS ( 'NONE', 3,
 ( #207, #2445, #4691, #2875, #931, #2792, #3994, #3653, #4716, #3974, #1381, #584, #2422, #2847, #233, #4321, #4028, #1670, #4344, #2100, #4365, #3176, #180 ),
 .UNSPECIFIED., .F., .F.,
 ( 4, 1, 1, 1, 1, 1, 1, 1, 1, 1, 1, 1, 1, 1, 1, 1, 1, 1, 1, 1, 4 ),
 ( 0.0000000000000000000, 0.07295106587586655533, 0.1415836941865451504, 0.2059264601708671039, 0.2653013571846054575, 0.3205972327139282596, 0.3718165030988103137, 0.4187897697094520311, 0.4616987286157646087, 0.5021335821035656233, 0.5408043152926481634, 0.5781805253279663770, 0.6142968652075146974, 0.6496782432647875138, 0.6842994600896377122, 0.7183589527723607260, 0.7520808646475967141, 0.8176524386023855673, 0.8797220764054375364, 0.9399655597309878319, 1.000000000000000000 ),
 .UNSPECIFIED. ) ;
#1218 =( GEOMETRIC_REPRESENTATION_CONTEXT ( 3 ) GLOBAL_UNCERTAINTY_ASSIGNED_CONTEXT ( ( #3875 ) ) GLOBAL_UNIT_ASSIGNED_CONTEXT ( ( #4305, #1728, #3260 ) ) REPRESENTATION_CONTEXT ( 'NONE', 'WORKASPACE' ) );
#1219 = CARTESIAN_POINT ( 'NONE',  ( 0.01653307210367686853, -0.004742706453868824647, 0.06840709017634598321 ) ) ;
#1220 = DIRECTION ( 'NONE',  ( -0.0000000000000000000, 0.0000000000000000000, 1.000000000000000000 ) ) ;
#1221 = ORIENTED_EDGE ( 'NONE', *, *, #4779, .F. ) ;
#1222 = FACE_OUTER_BOUND ( 'NONE', #422, .T. ) ;
#1223 =( NAMED_UNIT ( * ) PLANE_ANGLE_UNIT ( ) SI_UNIT ( $, .RADIAN. ) );
#1224 = CARTESIAN_POINT ( 'NONE',  ( 0.02560465819095857076, 0.01267695351125286939, 0.06841209017634597433 ) ) ;
#1225 = LENGTH_MEASURE_WITH_UNIT ( LENGTH_MEASURE( 0.02539999999999999897 ), #1573 );
#1226 = ORIENTED_EDGE ( 'NONE', *, *, #270, .T. ) ;
#1227 = ORIENTED_EDGE ( 'NONE', *, *, #1692, .T. ) ;
#1228 = DIMENSIONAL_EXPONENTS ( 1.000000000000000000, 0.0000000000000000000, 0.0000000000000000000, 0.0000000000000000000, 0.0000000000000000000, 0.0000000000000000000, 0.0000000000000000000 ) ;
#1229 = DIRECTION ( 'NONE',  ( -0.0000000000000000000, -0.0000000000000000000, -1.000000000000000000 ) ) ;
#1230 = EDGE_CURVE ( 'NONE', #2316, #1507, #83, .T. ) ;
#1231 = SURFACE_STYLE_FILL_AREA ( #3086 ) ;
#1232 = AXIS2_PLACEMENT_3D ( 'NONE', #3575, #2391, #1689 ) ;
#1233 = UNCERTAINTY_MEASURE_WITH_UNIT (LENGTH_MEASURE( 1.000000000000000082E-05 ), #4008, 'distance_accuracy_value', 'NONE');
#1234 = CARTESIAN_POINT ( 'NONE',  ( 0.02861016119177713091, 1.723060096096038705E-05, 0.06840709017634598321 ) ) ;
#1235 = CARTESIAN_POINT ( 'NONE',  ( 0.05899999999999999689, 0.03150000000000000022, 0.04191209017634599243 ) ) ;
#1236 = CARTESIAN_POINT ( 'NONE',  ( 0.0000000000000000000, 0.0000000000000000000, 0.04191209017634599243 ) ) ;
#1237 = EDGE_CURVE ( 'NONE', #1086, #4397, #477, .T. ) ;
#1238 =( GEOMETRIC_REPRESENTATION_CONTEXT ( 3 ) GLOBAL_UNCERTAINTY_ASSIGNED_CONTEXT ( ( #3429 ) ) GLOBAL_UNIT_ASSIGNED_CONTEXT ( ( #1390, #2159, #2110 ) ) REPRESENTATION_CONTEXT ( 'NONE', 'WORKASPACE' ) );
#1239 = DIRECTION ( 'NONE',  ( 0.0000000000000000000, -1.000000000000000000, -0.0000000000000000000 ) ) ;
#1240 = PRESENTATION_LAYER_ASSIGNMENT (  '', '', ( #623 ) ) ;
#1241 =( CONVERSION_BASED_UNIT ( 'INCH', #3118 ) LENGTH_UNIT ( ) NAMED_UNIT ( #127 ) );
#1242 = FACE_OUTER_BOUND ( 'NONE', #2231, .T. ) ;
#1243 = DIRECTION ( 'NONE',  ( 1.355083330190606755E-16, -1.000000000000000000, 0.0000000000000000000 ) ) ;
#1244 = PRESENTATION_LAYER_ASSIGNMENT (  '', '', ( #2902 ) ) ;
#1245 = FILL_AREA_STYLE ('',( #4624 ) ) ;
#1246 = VECTOR ( 'NONE', #3251, 39.37007874015748143 ) ;
#1247 = ORIENTED_EDGE ( 'NONE', *, *, #1669, .F. ) ;
#1248 = DIRECTION ( 'NONE',  ( 1.000000000000000000, 0.0000000000000000000, 0.0000000000000000000 ) ) ;
#1249 = AXIS2_PLACEMENT_3D ( 'NONE', #2, #2284, #3802 ) ;
#1250 = COLOUR_RGB ( '',0.6666666666666666297, 0.6980392156862744724, 0.7686274509803920907 ) ;
#1251 =( NAMED_UNIT ( * ) SI_UNIT ( $, .STERADIAN. ) SOLID_ANGLE_UNIT ( ) );
#1252 =( CONVERSION_BASED_UNIT ( 'INCH', #4608 ) LENGTH_UNIT ( ) NAMED_UNIT ( #3327 ) );
#1253 = CARTESIAN_POINT ( 'NONE',  ( -0.02660748903173146274, 0.03011119384899940687, 0.06841209017634598821 ) ) ;
#1254 = FACE_OUTER_BOUND ( 'NONE', #966, .T. ) ;
#1255 = EDGE_LOOP ( 'NONE', ( #4529, #818, #3912, #914 ) ) ;
#1256 = FACE_OUTER_BOUND ( 'NONE', #562, .T. ) ;
#1257 = EDGE_CURVE ( 'NONE', #3177, #2190, #4219, .T. ) ;
#1258 = CARTESIAN_POINT ( 'NONE',  ( 0.01387176294352279217, 0.0007084414717075355290, 0.06841209017634598821 ) ) ;
#1259 = DIRECTION ( 'NONE',  ( 1.000000000000000000, 0.0000000000000000000, 0.0000000000000000000 ) ) ;
#1260 = PRESENTATION_STYLE_ASSIGNMENT (( #847 ) ) ;
#1261 = DIMENSIONAL_EXPONENTS ( 1.000000000000000000, 0.0000000000000000000, 0.0000000000000000000, 0.0000000000000000000, 0.0000000000000000000, 0.0000000000000000000, 0.0000000000000000000 ) ;
#1262 = B_SPLINE_CURVE_WITH_KNOTS ( 'NONE', 3,
 ( #4768, #2521, #1744, #2500, #4055, #1823, #287, #640, #3356, #2154, #661, #3253, #4484, #2589, #4082, #3679, #2129, #690, #2182, #4130, #3707, #313, #1799 ),
 .UNSPECIFIED., .F., .F.,
 ( 4, 1, 1, 1, 1, 1, 1, 1, 1, 1, 1, 1, 1, 1, 1, 1, 1, 1, 1, 1, 4 ),
 ( 0.0000000000000000000, 0.06568119799063874831, 0.1284864641740647850, 0.1881751303280075893, 0.2451061306699861553, 0.2994484245294752878, 0.3508229360093821358, 0.3999416805337774328, 0.4466717436323718315, 0.4912545333734978925, 0.5333763442704363422, 0.5738527549682235218, 0.6125263117194525986, 0.6495971364453287933, 0.6855320415538498358, 0.7201057860682005263, 0.7538376629736498469, 0.8189254160467135391, 0.8804934616501636224, 0.9403113338460564741, 1.000000000000000000 ),
 .UNSPECIFIED. ) ;
#1263 = CARTESIAN_POINT ( 'NONE',  ( 0.02815359408585565645, 0.005092460152782632074, 0.06841209017634602985 ) ) ;
#1264 = EDGE_CURVE ( 'NONE', #4588, #2028, #105, .T. ) ;
#1265 =( NAMED_UNIT ( * ) PLANE_ANGLE_UNIT ( ) SI_UNIT ( $, .RADIAN. ) );
#1266 = COLOUR_RGB ( '',0.7921568627450980005, 0.8196078431372548767, 0.9333333333333333481 ) ;
#1267 = CARTESIAN_POINT ( 'NONE',  ( 0.02747532939040167599, -0.006482959747617247567, 0.06841209017634598821 ) ) ;
#1268 = VERTEX_POINT ( 'NONE', #2737 ) ;
#1269 = FILL_AREA_STYLE_COLOUR ( '', #1833 ) ;
#1270 =( CONVERSION_BASED_UNIT ( 'INCH', #3156 ) LENGTH_UNIT ( ) NAMED_UNIT ( #2970 ) );
#1271 =( CONVERSION_BASED_UNIT ( 'INCH', #3157 ) LENGTH_UNIT ( ) NAMED_UNIT ( #2804 ) );
#1272 = CARTESIAN_POINT ( 'NONE',  ( 0.02242661820043637816, 0.01345530311758910344, 0.06841209017634597433 ) ) ;
#1273 = ORIENTED_EDGE ( 'NONE', *, *, #429, .F. ) ;
#1274 = PRESENTATION_STYLE_ASSIGNMENT (( #546 ) ) ;
#1275 = VERTEX_POINT ( 'NONE', #2315 ) ;
#1276 = CARTESIAN_POINT ( 'NONE',  ( 0.01621546410612680067, 0.003128649302724050094, 0.06841209017634598821 ) ) ;
#1277 = CARTESIAN_POINT ( 'NONE',  ( 0.01669146439907075175, 0.006016024636274522677, 0.06840709017634598321 ) ) ;
#1278 = FACE_OUTER_BOUND ( 'NONE', #682, .T. ) ;
#1279 = CARTESIAN_POINT ( 'NONE',  ( 0.05948939481647290417, 0.02000000000000000042, 0.0000000000000000000 ) ) ;
#1280 = EDGE_CURVE ( 'NONE', #892, #2028, #3835, .T. ) ;
#1281 = CARTESIAN_POINT ( 'NONE',  ( 0.02508129633737816652, -0.01227188509412329744, 0.06840709017634598321 ) ) ;
#1282 = CARTESIAN_POINT ( 'NONE',  ( 0.01386941995668375914, 0.0003077458450343269658, 0.06840709017634598321 ) ) ;
#1283 = CARTESIAN_POINT ( 'NONE',  ( 0.01792315261757675832, -0.01145105115248941201, 0.06840709017634598321 ) ) ;
#1284 = LENGTH_MEASURE_WITH_UNIT ( LENGTH_MEASURE( 0.02539999999999999897 ), #68 );
#1285 = PRESENTATION_STYLE_ASSIGNMENT (( #3922 ) ) ;
#1286 = COLOUR_RGB ( '',0.7921568627450980005, 0.8196078431372548767, 0.9333333333333333481 ) ;
#1287 = EDGE_CURVE ( 'NONE', #1830, #4642, #2224, .T. ) ;
#1288 = CARTESIAN_POINT ( 'NONE',  ( -0.05915338570894129039, 0.02000000000000000389, 0.03691209017634599493 ) ) ;
#1289 = DIMENSIONAL_EXPONENTS ( 1.000000000000000000, 0.0000000000000000000, 0.0000000000000000000, 0.0000000000000000000, 0.0000000000000000000, 0.0000000000000000000, 0.0000000000000000000 ) ;
#1290 = PRESENTATION_LAYER_ASSIGNMENT (  '', '', ( #193 ) ) ;
#1291 = EDGE_LOOP ( 'NONE', ( #1877, #160, #1804, #383 ) ) ;
#1292 = LINE ( 'NONE', #3533, #4453 ) ;
#1293 = AXIS2_PLACEMENT_3D ( 'NONE', #85, #2711, #4237 ) ;
#1294 = CARTESIAN_POINT ( 'NONE',  ( 0.05948939481647290417, -0.02000000000000000736, 0.04191209017634599243 ) ) ;
#1295 = DIRECTION ( 'NONE',  ( 0.0000000000000000000, 0.0000000000000000000, 1.000000000000000000 ) ) ;
#1296 = FACE_OUTER_BOUND ( 'NONE', #4210, .T. ) ;
#1297 = ORIENTED_EDGE ( 'NONE', *, *, #3831, .T. ) ;
#1298 = CARTESIAN_POINT ( 'NONE',  ( 0.02813952383545203009, -0.02963952383545203489, 0.005412090176345997310 ) ) ;
#1299 = VERTEX_POINT ( 'NONE', #197 ) ;
#1300 =( GEOMETRIC_REPRESENTATION_CONTEXT ( 3 ) GLOBAL_UNCERTAINTY_ASSIGNED_CONTEXT ( ( #3112 ) ) GLOBAL_UNIT_ASSIGNED_CONTEXT ( ( #35, #329, #1531 ) ) REPRESENTATION_CONTEXT ( 'NONE', 'WORKASPACE' ) );
#1301 = CARTESIAN_POINT ( 'NONE',  ( -4.784767152137024622E-05, 0.01281776187067535343, 0.06840709017634598321 ) ) ;
#1302 =( LENGTH_UNIT ( ) NAMED_UNIT ( * ) SI_UNIT ( $, .METRE. ) );
#1303 = VECTOR ( 'NONE', #1777, 39.37007874015748143 ) ;
#1304 = CARTESIAN_POINT ( 'NONE',  ( 0.01640159999657158502, 0.004700089740684180832, 0.06841209017634598821 ) ) ;
#1305 = VERTEX_POINT ( 'NONE', #2088 ) ;
#1306 = SURFACE_STYLE_FILL_AREA ( #4683 ) ;
#1307 = CARTESIAN_POINT ( 'NONE',  ( 0.03084287679775310487, -0.0008194902963923245045, 0.06840709017634598321 ) ) ;
#1308 = CARTESIAN_POINT ( 'NONE',  ( 0.01392729633105755684, -0.001990435003079898783, 0.06840709017634601097 ) ) ;
#1309 = DIRECTION ( 'NONE',  ( 0.0000000000000000000, 0.0000000000000000000, 1.000000000000000000 ) ) ;
#1310 = VECTOR ( 'NONE', #1174, 39.37007874015748854 ) ;
#1311 = B_SPLINE_CURVE_WITH_KNOTS ( 'NONE', 3,
 ( #3310, #4418, #1048, #2855, #986, #2133, #1318, #4801, #2547, #2078, #2109, #2502, #4086, #4392, #3206, #694, #2828, #590, #3661, #4348, #240, #3607, #4372, #264, #962, #2451, #1747 ),
 .UNSPECIFIED., .F., .F.,
 ( 4, 1, 1, 1, 1, 1, 1, 1, 1, 1, 1, 1, 1, 1, 1, 1, 1, 1, 1, 1, 1, 1, 1, 1, 4 ),
 ( 0.0000000000000000000, 0.06506328961727912696, 0.1267731664665229796, 0.1855157632260791833, 0.2407646791677150733, 0.2929797960235981935, 0.3422503727797676087, 0.3889192861856604067, 0.4327756640583105274, 0.4746284326311179802, 0.5147746906379535581, 0.5536058934984425806, 0.5914264064311731683, 0.6280281199460674424, 0.6638036341103209503, 0.6989843361316641079, 0.7335914893067055909, 0.7676284691511400249, 0.8012083477865924452, 0.8342638397266236572, 0.8669806947287767018, 0.8997197415181609204, 0.9327019124985385101, 0.9661758834327496270, 1.000000000000000000 ),
 .UNSPECIFIED. ) ;
#1312 = LINE ( 'NONE', #955, #1456 ) ;
#1313 = PRESENTATION_LAYER_ASSIGNMENT (  '', '', ( #2898 ) ) ;
#1314 = LENGTH_MEASURE_WITH_UNIT ( LENGTH_MEASURE( 0.02539999999999999897 ), #4737 );
#1315 = LINE ( 'NONE', #4346, #4224 ) ;
#1316 = AXIS2_PLACEMENT_3D ( 'NONE', #612, #3579, #2821 ) ;
#1317 = DIRECTION ( 'NONE',  ( 0.9986295347545739443, 2.706452471163848676E-16, 0.05233595624294388321 ) ) ;
#1318 = CARTESIAN_POINT ( 'NONE',  ( 0.03042717473183418134, -0.004815183867178230055, 0.06840709017634598321 ) ) ;
#1319 = LINE ( 'NONE', #2527, #298 ) ;
#1320 = EDGE_CURVE ( 'NONE', #1640, #4559, #1644, .T. ) ;
#1321 = ORIENTED_EDGE ( 'NONE', *, *, #2434, .F. ) ;
#1322 = FACE_BOUND ( 'NONE', #3532, .T. ) ;
#1323 = STYLED_ITEM ( 'NONE', ( #3682 ), #2135 ) ;
#1324 = ORIENTED_EDGE ( 'NONE', *, *, #3572, .T. ) ;
#1325 = DIMENSIONAL_EXPONENTS ( 1.000000000000000000, 0.0000000000000000000, 0.0000000000000000000, 0.0000000000000000000, 0.0000000000000000000, 0.0000000000000000000, 0.0000000000000000000 ) ;
#1326 =( NAMED_UNIT ( * ) PLANE_ANGLE_UNIT ( ) SI_UNIT ( $, .RADIAN. ) );
#1327 = VECTOR ( 'NONE', #3038, 39.37007874015748143 ) ;
#1328 = CARTESIAN_POINT ( 'NONE',  ( -0.01190196299067833308, -0.006824694143942148204, 0.06840709017634598321 ) ) ;
#1329 = DIRECTION ( 'NONE',  ( -1.000000000000000000, -0.0000000000000000000, -0.0000000000000000000 ) ) ;
#1330 = SURFACE_SIDE_STYLE ('',( #1306 ) ) ;
#1331 =( CONVERSION_BASED_UNIT ( 'INCH', #126 ) LENGTH_UNIT ( ) NAMED_UNIT ( #4664 ) );
#1332 = CARTESIAN_POINT ( 'NONE',  ( 0.02756870356909430636, -0.01061221616912808724, 0.06841209017634601597 ) ) ;
#1333 = CARTESIAN_POINT ( 'NONE',  ( 0.02581167464760432753, 0.009515837433523920835, 0.06840709017634598321 ) ) ;
#1334 = CARTESIAN_POINT ( 'NONE',  ( -0.03515338570894128989, 0.02000000000000000042, 0.004999999999999997502 ) ) ;
#1335 = ORIENTED_EDGE ( 'NONE', *, *, #1131, .F. ) ;
#1336 =( NAMED_UNIT ( * ) SI_UNIT ( $, .STERADIAN. ) SOLID_ANGLE_UNIT ( ) );
#1337 = FILL_AREA_STYLE_COLOUR ( '', #2050 ) ;
#1338 = CARTESIAN_POINT ( 'NONE',  ( 0.05948939481647290417, 0.02000000000000000736, 0.004999999999999997502 ) ) ;
#1339 = DIRECTION ( 'NONE',  ( -0.0000000000000000000, 0.0000000000000000000, 1.000000000000000000 ) ) ;
#1340 = CIRCLE ( 'NONE', #4654, 0.004999999999999997502 ) ;
#1341 = EDGE_CURVE ( 'NONE', #2196, #3734, #150, .T. ) ;
#1342 = ORIENTED_EDGE ( 'NONE', *, *, #4353, .T. ) ;
#1343 = CARTESIAN_POINT ( 'NONE',  ( -0.02057974098317143577, -0.01066814120231924894, 0.06841209017634601597 ) ) ;
#1344 = SURFACE_STYLE_USAGE ( .BOTH. , #646 ) ;
#1345 = EDGE_CURVE ( 'NONE', #916, #53, #2460, .T. ) ;
#1346 = SURFACE_STYLE_USAGE ( .BOTH. , #2834 ) ;
#1347 = FACE_OUTER_BOUND ( 'NONE', #2355, .T. ) ;
#1348 = ORIENTED_EDGE ( 'NONE', *, *, #1079, .F. ) ;
#1349 = CARTESIAN_POINT ( 'NONE',  ( 0.01811941189755683981, 0.008843773143237008277, 0.06840709017634598321 ) ) ;
#1350 = DIMENSIONAL_EXPONENTS ( 1.000000000000000000, 0.0000000000000000000, 0.0000000000000000000, 0.0000000000000000000, 0.0000000000000000000, 0.0000000000000000000, 0.0000000000000000000 ) ;
#1351 = CARTESIAN_POINT ( 'NONE',  ( 0.02202785225643438122, -0.01024538606072465489, 0.06840709017634598321 ) ) ;
#1352 = CARTESIAN_POINT ( 'NONE',  ( 0.06448939481647289473, 0.02000000000000000042, 0.0000000000000000000 ) ) ;
#1353 =( NAMED_UNIT ( * ) SI_UNIT ( $, .STERADIAN. ) SOLID_ANGLE_UNIT ( ) );
#1354 = CARTESIAN_POINT ( 'NONE',  ( 0.01467746439733063485, -0.006607305648041700979, 0.06840709017634598321 ) ) ;
#1355 = CARTESIAN_POINT ( 'NONE',  ( -0.01185066619138216808, -0.006342121284584469748, 0.06840709017634598321 ) ) ;
#1356 =( NAMED_UNIT ( * ) SI_UNIT ( $, .STERADIAN. ) SOLID_ANGLE_UNIT ( ) );
#1357 = CARTESIAN_POINT ( 'NONE',  ( -0.03515338570894128989, 0.02000000000000000042, 0.004999999999999997502 ) ) ;
#1358 = FACE_OUTER_BOUND ( 'NONE', #4767, .T. ) ;
#1359 =( GEOMETRIC_REPRESENTATION_CONTEXT ( 3 ) GLOBAL_UNCERTAINTY_ASSIGNED_CONTEXT ( ( #3780 ) ) GLOBAL_UNIT_ASSIGNED_CONTEXT ( ( #2690, #853, #532 ) ) REPRESENTATION_CONTEXT ( 'NONE', 'WORKASPACE' ) );
#1360 = EDGE_LOOP ( 'NONE', ( #2268, #3409, #4678, #1493 ) ) ;
#1361 = CARTESIAN_POINT ( 'NONE',  ( -0.01608794875131568797, -0.01280001472557439242, 0.06840709017634598321 ) ) ;
#1362 = PRESENTATION_LAYER_ASSIGNMENT (  '', '', ( #3748 ) ) ;
#1363 = VECTOR ( 'NONE', #74, 39.37007874015748854 ) ;
#1364 = CARTESIAN_POINT ( 'NONE',  ( -0.06415338570894128789, -0.02000000000000000042, 0.0000000000000000000 ) ) ;
#1365 = CARTESIAN_POINT ( 'NONE',  ( 0.03548939481647289673, 0.02000000000000000042, 0.004999999999999997502 ) ) ;
#1366 = LINE ( 'NONE', #622, #4623 ) ;
#1367 = VERTEX_POINT ( 'NONE', #3166 ) ;
#1368 = VECTOR ( 'NONE', #428, 39.37007874015748143 ) ;
#1369 =( NAMED_UNIT ( * ) SI_UNIT ( $, .STERADIAN. ) SOLID_ANGLE_UNIT ( ) );
#1370 = UNCERTAINTY_MEASURE_WITH_UNIT (LENGTH_MEASURE( 1.000000000000000082E-05 ), #1733, 'distance_accuracy_value', 'NONE');
#1371 = CARTESIAN_POINT ( 'NONE',  ( -0.01213414198538863113, -0.007998060177165183110, 0.06840709017634598321 ) ) ;
#1372 = VERTEX_POINT ( 'NONE', #918 ) ;
#1373 = EDGE_CURVE ( 'NONE', #3563, #3559, #1795, .T. ) ;
#1374 = CARTESIAN_POINT ( 'NONE',  ( 0.01653307210367686853, -0.004742706453868824647, 0.06840709017634598321 ) ) ;
#1375 = FACE_OUTER_BOUND ( 'NONE', #1109, .T. ) ;
#1376 = CARTESIAN_POINT ( 'NONE',  ( 0.01400982722618875076, -0.003049761990129130820, 0.06841209017634597433 ) ) ;
#1377 = CARTESIAN_POINT ( 'NONE',  ( -0.01178693945292334441, -0.005191418962717997930, 0.06840709017634599709 ) ) ;
#1378 = ADVANCED_FACE ( 'NONE', ( #1347 ), #2860, .F. ) ;
#1379 = COLOUR_RGB ( '',0.7921568627450980005, 0.8196078431372548767, 0.9333333333333333481 ) ;
#1380 = DIRECTION ( 'NONE',  ( 0.0000000000000000000, 1.000000000000000000, -0.0000000000000000000 ) ) ;
#1381 = CARTESIAN_POINT ( 'NONE',  ( 0.01707651642067459577, -0.006457807284680854715, 0.06841209017634597433 ) ) ;
#1382 =( GEOMETRIC_REPRESENTATION_CONTEXT ( 3 ) GLOBAL_UNCERTAINTY_ASSIGNED_CONTEXT ( ( #59 ) ) GLOBAL_UNIT_ASSIGNED_CONTEXT ( ( #4733, #4785, #2514 ) ) REPRESENTATION_CONTEXT ( 'NONE', 'WORKASPACE' ) );
#1383 = DIRECTION ( 'NONE',  ( -1.000000000000000000, 0.0000000000000000000, 0.0000000000000000000 ) ) ;
#1384 = DIRECTION ( 'NONE',  ( -0.0000000000000000000, -0.0000000000000000000, -1.000000000000000000 ) ) ;
#1385 = VERTEX_POINT ( 'NONE', #2913 ) ;
#1386 = CARTESIAN_POINT ( 'NONE',  ( 0.02106574718133239280, -0.01274540913546161336, 0.06841209017634598821 ) ) ;
#1387 = LINE ( 'NONE', #4770, #3149 ) ;
#1388 = UNCERTAINTY_MEASURE_WITH_UNIT (LENGTH_MEASURE( 1.000000000000000082E-05 ), #2448, 'distance_accuracy_value', 'NONE');
#1389 = LINE ( 'NONE', #2882, #1303 ) ;
#1390 =( CONVERSION_BASED_UNIT ( 'INCH', #2883 ) LENGTH_UNIT ( ) NAMED_UNIT ( #1289 ) );
#1391 = ORIENTED_EDGE ( 'NONE', *, *, #3261, .T. ) ;
#1392 = CARTESIAN_POINT ( 'NONE',  ( 0.02230291354642734494, -0.01025916120624772651, 0.06841209017634597433 ) ) ;
#1393 = VECTOR ( 'NONE', #1853, 39.37007874015748143 ) ;
#1394 = AXIS2_PLACEMENT_3D ( 'NONE', #2599, #2195, #4806 ) ;
#1395 = FILL_AREA_STYLE_COLOUR ( '', #2031 ) ;
#1396 =( NAMED_UNIT ( * ) SI_UNIT ( $, .STERADIAN. ) SOLID_ANGLE_UNIT ( ) );
#1397 = ORIENTED_EDGE ( 'NONE', *, *, #293, .T. ) ;
#1398 = SURFACE_STYLE_FILL_AREA ( #1500 ) ;
#1399 = VECTOR ( 'NONE', #3345, 39.37007874015748143 ) ;
#1400 = CARTESIAN_POINT ( 'NONE',  ( 0.01842918827420644140, -0.008555134115626547228, 0.06841209017634598821 ) ) ;
#1401 = EDGE_CURVE ( 'NONE', #1702, #1749, #4115, .T. ) ;
#1402 = CARTESIAN_POINT ( 'NONE',  ( 0.01387176294352279217, 0.0007084414717075355290, 0.06840709017634598321 ) ) ;
#1403 = CARTESIAN_POINT ( 'NONE',  ( 0.02282201826397698557, 0.01344837375398709456, 0.06840709017634598321 ) ) ;
#1404 = CARTESIAN_POINT ( 'NONE',  ( 0.03085659944386324322, 0.0003077458450343269658, 0.06841209017634598821 ) ) ;
#1405 = FACE_OUTER_BOUND ( 'NONE', #93, .T. ) ;
#1406 = ADVANCED_FACE ( 'NONE', ( #1788 ), #347, .F. ) ;
#1407 = CARTESIAN_POINT ( 'NONE',  ( 0.05899999999999998995, 0.03150000000000000022, 0.04191209017634599243 ) ) ;
#1408 = LINE ( 'NONE', #2541, #1030 ) ;
#1409 = ORIENTED_EDGE ( 'NONE', *, *, #3572, .F. ) ;
#1410 = PRESENTATION_STYLE_ASSIGNMENT (( #537 ) ) ;
#1411 = CARTESIAN_POINT ( 'NONE',  ( -0.01277127271269584696, -0.01233593502177549386, 0.06841209017634598821 ) ) ;
#1412 =( LENGTH_UNIT ( ) NAMED_UNIT ( * ) SI_UNIT ( $, .METRE. ) );
#1413 = CARTESIAN_POINT ( 'NONE',  ( 0.03042130304713888678, 0.005455364895059004217, 0.06840709017634598321 ) ) ;
#1414 = ORIENTED_EDGE ( 'NONE', *, *, #2228, .F. ) ;
#1415 = FACE_OUTER_BOUND ( 'NONE', #121, .T. ) ;
#1416 = PLANE ( 'NONE',  #3168 ) ;
#1417 = CARTESIAN_POINT ( 'NONE',  ( 0.02838718756898294879, -0.003084215387306381371, 0.06840709017634598321 ) ) ;
#1418 = AXIS2_PLACEMENT_3D ( 'NONE', #1429, #1876, #334 ) ;
#1419 = UNCERTAINTY_MEASURE_WITH_UNIT (LENGTH_MEASURE( 1.000000000000000082E-05 ), #1598, 'distance_accuracy_value', 'NONE');
#1420 = VERTEX_POINT ( 'NONE', #2936 ) ;
#1421 = CARTESIAN_POINT ( 'NONE',  ( 0.01611300970027349996, 0.0003177618706753523544, 0.06840709017634598321 ) ) ;
#1422 =( LENGTH_UNIT ( ) NAMED_UNIT ( * ) SI_UNIT ( $, .METRE. ) );
#1423 = CARTESIAN_POINT ( 'NONE',  ( -0.01686976273562393672, -0.009898584283170804715, 0.06841209017634598821 ) ) ;
#1424 = STYLED_ITEM ( 'NONE', ( #2630 ), #3357 ) ;
#1425 = FILL_AREA_STYLE ('',( #1061 ) ) ;
#1426 = EDGE_CURVE ( 'NONE', #2260, #379, #3719, .T. ) ;
#1427 = STYLED_ITEM ( 'NONE', ( #1976 ), #3600 ) ;
#1428 = LINE ( 'NONE', #1088, #3120 ) ;
#1429 = CARTESIAN_POINT ( 'NONE',  ( 0.05948939481647290417, -0.02000000000000000736, 0.004999999999999997502 ) ) ;
#1430 = ORIENTED_EDGE ( 'NONE', *, *, #4406, .F. ) ;
#1431 = CARTESIAN_POINT ( 'NONE',  ( -0.009966399093333676643, -0.009045380180208242860, 0.06840709017634599709 ) ) ;
#1432 = UNCERTAINTY_MEASURE_WITH_UNIT (LENGTH_MEASURE( 1.000000000000000082E-05 ), #2065, 'distance_accuracy_value', 'NONE');
#1433 =( NAMED_UNIT ( * ) SI_UNIT ( $, .STERADIAN. ) SOLID_ANGLE_UNIT ( ) );
#1434 = CARTESIAN_POINT ( 'NONE',  ( -0.02138699029972649865, -0.009938648385734903667, 0.06840709017634598321 ) ) ;
#1435 = VECTOR ( 'NONE', #3852, 39.37007874015748143 ) ;
#1436 = PRESENTATION_LAYER_ASSIGNMENT (  '', '', ( #3587 ) ) ;
#1437 = ORIENTED_EDGE ( 'NONE', *, *, #4779, .T. ) ;
#1438 = DIRECTION ( 'NONE',  ( 0.0000000000000000000, 0.0000000000000000000, -1.000000000000000000 ) ) ;
#1439 = FACE_OUTER_BOUND ( 'NONE', #890, .T. ) ;
#1440 = CARTESIAN_POINT ( 'NONE',  ( -0.01753861078430920054, -0.01247831646560245734, 0.06841209017634600209 ) ) ;
#1441 = FACE_OUTER_BOUND ( 'NONE', #2177, .T. ) ;
#1442 = MECHANICAL_DESIGN_GEOMETRIC_PRESENTATION_REPRESENTATION (  '', ( #4456 ), #1218 ) ;
#1443 = ORIENTED_EDGE ( 'NONE', *, *, #4660, .T. ) ;
#1444 = LINE ( 'NONE', #4117, #257 ) ;
#1445 = CARTESIAN_POINT ( 'NONE',  ( -0.01758749992229119083, -0.009571997790521088317, 0.06840709017634598321 ) ) ;
#1446 = AXIS2_PLACEMENT_3D ( 'NONE', #2863, #650, #2042 ) ;
#1447 = CARTESIAN_POINT ( 'NONE',  ( 0.01640659504783627959, -0.004051494431975013154, 0.06841209017634598821 ) ) ;
#1448 = PRODUCT_DEFINITION_SHAPE ( 'NONE', 'NONE',  #4172 ) ;
#1449 = CARTESIAN_POINT ( 'NONE',  ( 0.05899999999999998995, -0.02000000000000000736, 0.04191209017634599243 ) ) ;
#1450 = CARTESIAN_POINT ( 'NONE',  ( -0.01535734286382906336, -0.01282326377035029365, 0.06840709017634598321 ) ) ;
#1451 = B_SPLINE_CURVE_WITH_KNOTS ( 'NONE', 3,
 ( #1544, #2259, #3822, #1828, #1803, #3058, #1147, #4208, #2979, #4135, #26, #3362, #3337, #2593, #4489 ),
 .UNSPECIFIED., .F., .F.,
 ( 4, 1, 1, 1, 1, 1, 1, 1, 1, 1, 1, 1, 4 ),
 ( 0.0000000000000000000, 0.1128134007444582532, 0.2253938839207290379, 0.3395948145627008530, 0.4596754102248639118, 0.5217351900879326765, 0.5839258387389161253, 0.6481741447653693866, 0.7138810381130660243, 0.7810044549073893450, 0.8514509275565550483, 0.9240506926641777197, 1.000000000000000000 ),
 .UNSPECIFIED. ) ;
#1452 = PLANE ( 'NONE',  #1608 ) ;
#1453 = PRESENTATION_STYLE_ASSIGNMENT (( #1510 ) ) ;
#1454 = FACE_OUTER_BOUND ( 'NONE', #2453, .T. ) ;
#1455 = CARTESIAN_POINT ( 'NONE',  ( -0.05761119384899940354, 0.03011119384899940687, 0.06840709017634598321 ) ) ;
#1456 = VECTOR ( 'NONE', #2443, 39.37007874015748143 ) ;
#1457 = ORIENTED_EDGE ( 'NONE', *, *, #4411, .F. ) ;
#1458 = CARTESIAN_POINT ( 'NONE',  ( -0.01444173561678268290, -0.01279540670059027899, 0.06841209017634598821 ) ) ;
#1459 = STYLED_ITEM ( 'NONE', ( #709 ), #176 ) ;
#1460 = CARTESIAN_POINT ( 'NONE',  ( 0.02614311736037940731, -0.008588098323140957308, 0.06841209017634598821 ) ) ;
#1461 = EDGE_CURVE ( 'NONE', #2481, #4226, #321, .T. ) ;
#1462 =( NAMED_UNIT ( * ) PLANE_ANGLE_UNIT ( ) SI_UNIT ( $, .RADIAN. ) );
#1463 =( CONVERSION_BASED_UNIT ( 'INCH', #1071 ) LENGTH_UNIT ( ) NAMED_UNIT ( #508 ) );
#1464 = DIRECTION ( 'NONE',  ( 0.0000000000000000000, -0.9986295347545739443, 0.05233595624294388321 ) ) ;
#1465 = CARTESIAN_POINT ( 'NONE',  ( 0.02313286350957342516, -0.01022494660900773525, 0.06840709017634598321 ) ) ;
#1466 = FACE_OUTER_BOUND ( 'NONE', #1360, .T. ) ;
#1467 = CARTESIAN_POINT ( 'NONE',  ( 0.01585640997997884646, -0.009194761519969653352, 0.06840709017634598321 ) ) ;
#1468 = ADVANCED_FACE ( 'NONE', ( #1441 ), #4469, .T. ) ;
#1469 = PRESENTATION_LAYER_ASSIGNMENT (  '', '', ( #1935 ) ) ;
#1470 = ORIENTED_EDGE ( 'NONE', *, *, #787, .F. ) ;
#1471 = CARTESIAN_POINT ( 'NONE',  ( 0.03548939481647289673, 0.02000000000000000042, 0.004999999999999997502 ) ) ;
#1472 = FILL_AREA_STYLE_COLOUR ( '', #4306 ) ;
#1473 = STYLED_ITEM ( 'NONE', ( #4594 ), #973 ) ;
#1475 = DIRECTION ( 'NONE',  ( 1.000000000000000000, 0.0000000000000000000, 0.0000000000000000000 ) ) ;
#1474 = COLOUR_RGB ( '',0.7921568627450980005, 0.8196078431372548767, 0.9333333333333333481 ) ;
#1476 = UNCERTAINTY_MEASURE_WITH_UNIT (LENGTH_MEASURE( 1.000000000000000082E-05 ), #3192, 'distance_accuracy_value', 'NONE');
#1477 = CARTESIAN_POINT ( 'NONE',  ( 0.03058122642098272739, 0.004542820285808231613, 0.06840709017634599709 ) ) ;
#1478 = ORIENTED_EDGE ( 'NONE', *, *, #4786, .T. ) ;
#1479 = DIRECTION ( 'NONE',  ( 0.0000000000000000000, 0.0000000000000000000, 1.000000000000000000 ) ) ;
#1480 = VECTOR ( 'NONE', #2799, 39.37007874015748143 ) ;
#1481 = CARTESIAN_POINT ( 'NONE',  ( 0.01995645547474012710, 0.01311354653407330838, 0.06841209017634598821 ) ) ;
#1482 = STYLED_ITEM ( 'NONE', ( #3642 ), #1855 ) ;
#1483 = SURFACE_SIDE_STYLE ('',( #4101 ) ) ;
#1484 = DIMENSIONAL_EXPONENTS ( 1.000000000000000000, 0.0000000000000000000, 0.0000000000000000000, 0.0000000000000000000, 0.0000000000000000000, 0.0000000000000000000, 0.0000000000000000000 ) ;
#1485 = FACE_OUTER_BOUND ( 'NONE', #2118, .T. ) ;
#1486 = CARTESIAN_POINT ( 'NONE',  ( 0.03548939481647289673, 0.02000000000000000042, 0.0000000000000000000 ) ) ;
#1487 = VERTEX_POINT ( 'NONE', #403 ) ;
#1488 = SURFACE_STYLE_USAGE ( .BOTH. , #1646 ) ;
#1489 = CARTESIAN_POINT ( 'NONE',  ( 0.02050658687104706113, -0.01263615554108765866, 0.06841209017634598821 ) ) ;
#1490 = CARTESIAN_POINT ( 'NONE',  ( 0.03470275329001708958, 0.01025365930657278976, 0.06840709017634598321 ) ) ;
#1491 = UNCERTAINTY_MEASURE_WITH_UNIT (LENGTH_MEASURE( 1.000000000000000082E-05 ), #3637, 'distance_accuracy_value', 'NONE');
#1492 = CARTESIAN_POINT ( 'NONE',  ( 0.0000000000000000000, 0.0000000000000000000, 0.06840709017634598321 ) ) ;
#1493 = ORIENTED_EDGE ( 'NONE', *, *, #3021, .T. ) ;
#1494 = SURFACE_STYLE_USAGE ( .BOTH. , #2192 ) ;
#1495 = EDGE_CURVE ( 'NONE', #592, #892, #97, .T. ) ;
#1496 = CARTESIAN_POINT ( 'NONE',  ( 0.06448939481647289473, -0.02000000000000000736, 0.04191209017634599243 ) ) ;
#1497 = CARTESIAN_POINT ( 'NONE',  ( 0.01619191143242281264, 0.01034300422289759040, 0.06840709017634598321 ) ) ;
#1498 = LENGTH_MEASURE_WITH_UNIT ( LENGTH_MEASURE( 0.02539999999999999897 ), #1076 );
#1499 = ORIENTED_EDGE ( 'NONE', *, *, #139, .F. ) ;
#1500 = FILL_AREA_STYLE ('',( #3290 ) ) ;
#1501 = CARTESIAN_POINT ( 'NONE',  ( -0.01918393987866309422, -0.008623056604817942727, 0.06841209017634597433 ) ) ;
#1502 = EDGE_CURVE ( 'NONE', #1869, #398, #3084, .T. ) ;
#1503 = VECTOR ( 'NONE', #4153, 39.37007874015748143 ) ;
#1504 = PRESENTATION_LAYER_ASSIGNMENT (  '', '', ( #4431 ) ) ;
#1505 = CARTESIAN_POINT ( 'NONE',  ( 0.02706024497283970182, 0.007946044239572016069, 0.06841209017634598821 ) ) ;
#1506 = CARTESIAN_POINT ( 'NONE',  ( -4.784767152137024622E-05, 0.01281776187067535343, 0.06840709017634598321 ) ) ;
#1507 = VERTEX_POINT ( 'NONE', #817 ) ;
#1508 = DIRECTION ( 'NONE',  ( 0.0000000000000000000, 0.0000000000000000000, -1.000000000000000000 ) ) ;
#1509 = CARTESIAN_POINT ( 'NONE',  ( 0.02050433088823788372, 0.01327219543959196751, 0.06840709017634598321 ) ) ;
#1510 = SURFACE_STYLE_USAGE ( .BOTH. , #1483 ) ;
#1511 = SURFACE_STYLE_FILL_AREA ( #20 ) ;
#1512 = CARTESIAN_POINT ( 'NONE',  ( -0.01535734286382906336, -0.01282326377035029365, 0.06840709017634598321 ) ) ;
#1513 = ORIENTED_EDGE ( 'NONE', *, *, #4499, .F. ) ;
#1514 = LINE ( 'NONE', #1194, #269 ) ;
#1515 = CARTESIAN_POINT ( 'NONE',  ( 0.05899999999999998995, 0.03150000000000000022, 0.04191209017634599243 ) ) ;
#1516 = APPLICATION_PROTOCOL_DEFINITION ( 'draft international standard', 'automotive_design', 1998, #3767 ) ;
#1517 = SURFACE_STYLE_USAGE ( .BOTH. , #2286 ) ;
#1518 = ORIENTED_EDGE ( 'NONE', *, *, #2067, .T. ) ;
#1519 = PLANE ( 'NONE',  #1746 ) ;
#1520 = CARTESIAN_POINT ( 'NONE',  ( -0.001515195427931625895, 0.01025365930657278976, 0.06840709017634598321 ) ) ;
#1521 = CARTESIAN_POINT ( 'NONE',  ( 0.02222779335411965984, -0.01282326377035029018, 0.06840709017634598321 ) ) ;
#1522 = CARTESIAN_POINT ( 'NONE',  ( 0.01387631422922884147, 0.001486798502046581287, 0.06840709017634598321 ) ) ;
#1523 = ORIENTED_EDGE ( 'NONE', *, *, #3899, .T. ) ;
#1524 = SURFACE_STYLE_FILL_AREA ( #2679 ) ;
#1525 = VECTOR ( 'NONE', #3223, 39.37007874015748143 ) ;
#1526 = CARTESIAN_POINT ( 'NONE',  ( -0.03515338570894128989, 0.02000000000000000042, 0.0000000000000000000 ) ) ;
#1527 = COLOUR_RGB ( '',0.7921568627450980005, 0.8196078431372548767, 0.9333333333333333481 ) ;
#1528 = UNCERTAINTY_MEASURE_WITH_UNIT (LENGTH_MEASURE( 1.000000000000000082E-05 ), #1463, 'distance_accuracy_value', 'NONE');
#1529 = CARTESIAN_POINT ( 'NONE',  ( 0.01619191143242281264, 0.01034300422289759040, 0.06841209017634598821 ) ) ;
#1530 = EDGE_LOOP ( 'NONE', ( #1958, #3201, #1160, #2238 ) ) ;
#1531 =( NAMED_UNIT ( * ) SI_UNIT ( $, .STERADIAN. ) SOLID_ANGLE_UNIT ( ) );
#1532 = CARTESIAN_POINT ( 'NONE',  ( 0.02203061564127904368, 0.01345547775299306761, 0.06840709017634598321 ) ) ;
#1533 = PRESENTATION_LAYER_ASSIGNMENT (  '', '', ( #1836 ) ) ;
#1534 =( GEOMETRIC_REPRESENTATION_CONTEXT ( 3 ) GLOBAL_UNCERTAINTY_ASSIGNED_CONTEXT ( ( #3328 ) ) GLOBAL_UNIT_ASSIGNED_CONTEXT ( ( #1118, #1096, #3440 ) ) REPRESENTATION_CONTEXT ( 'NONE', 'WORKASPACE' ) );
#1535 = PLANE ( 'NONE',  #289 ) ;
#1536 = PLANE ( 'NONE',  #2891 ) ;
#1537 = ADVANCED_FACE ( 'NONE', ( #1181 ), #768, .F. ) ;
#1538 = LENGTH_MEASURE_WITH_UNIT ( LENGTH_MEASURE( 0.02539999999999999897 ), #416 );
#1539 = MECHANICAL_DESIGN_GEOMETRIC_PRESENTATION_REPRESENTATION (  '', ( #4084 ), #4844 ) ;
#1540 = ORIENTED_EDGE ( 'NONE', *, *, #3291, .F. ) ;
#1541 = CARTESIAN_POINT ( 'NONE',  ( 0.02202640931723587672, 0.01088017461440376164, 0.06840709017634598321 ) ) ;
#1542 = FILL_AREA_STYLE_COLOUR ( '', #393 ) ;
#1543 = VECTOR ( 'NONE', #1009, 39.37007874015748143 ) ;
#1544 = CARTESIAN_POINT ( 'NONE',  ( 0.02230291354642734494, -0.01025916120624772651, 0.06840709017634598321 ) ) ;
#1545 = ORIENTED_EDGE ( 'NONE', *, *, #1280, .T. ) ;
#1546 = SURFACE_SIDE_STYLE ('',( #3507 ) ) ;
#1547 = CARTESIAN_POINT ( 'NONE',  ( 0.01701521857219341627, -0.01067900849666883825, 0.06840709017634599709 ) ) ;
#1548 = COLOUR_RGB ( '',0.7921568627450980005, 0.8196078431372548767, 0.9333333333333333481 ) ;
#1549 = FILL_AREA_STYLE ('',( #3492 ) ) ;
#1550 = ORIENTED_EDGE ( 'NONE', *, *, #2603, .F. ) ;
#1551 =( NAMED_UNIT ( * ) SI_UNIT ( $, .STERADIAN. ) SOLID_ANGLE_UNIT ( ) );
#1552 = SURFACE_SIDE_STYLE ('',( #1908 ) ) ;
#1553 = CARTESIAN_POINT ( 'NONE',  ( 0.02581167464760432753, 0.009515837433523920835, 0.06841209017634598821 ) ) ;
#1554 = CARTESIAN_POINT ( 'NONE',  ( 0.02860455582698189989, -0.0005741621932908255342, 0.06840709017634598321 ) ) ;
#1555 = EDGE_LOOP ( 'NONE', ( #4554, #1616, #391, #3517 ) ) ;
#1556 = CARTESIAN_POINT ( 'NONE',  ( 0.01491359888177215369, 0.007955271172357253340, 0.06840709017634598321 ) ) ;
#1557 =( GEOMETRIC_REPRESENTATION_CONTEXT ( 3 ) GLOBAL_UNCERTAINTY_ASSIGNED_CONTEXT ( ( #4012 ) ) GLOBAL_UNIT_ASSIGNED_CONTEXT ( ( #1003, #2124, #3276 ) ) REPRESENTATION_CONTEXT ( 'NONE', 'WORKASPACE' ) );
#1558 = EDGE_CURVE ( 'NONE', #3331, #1066, #2627, .T. ) ;
#1559 = VECTOR ( 'NONE', #2605, 39.37007874015748143 ) ;
#1560 = PLANE ( 'NONE',  #1232 ) ;
#1561 = PRESENTATION_STYLE_ASSIGNMENT (( #2300 ) ) ;
#1562 = LENGTH_MEASURE_WITH_UNIT ( LENGTH_MEASURE( 0.02539999999999999897 ), #67 );
#1563 = STYLED_ITEM ( 'NONE', ( #2754 ), #2038 ) ;
#1564 = CIRCLE ( 'NONE', #464, 0.005000000000000000104 ) ;
#1565 = CARTESIAN_POINT ( 'NONE',  ( 0.02230291354642734494, 0.01089468494759842851, 0.06840709017634598321 ) ) ;
#1566 = EDGE_CURVE ( 'NONE', #733, #3071, #1624, .T. ) ;
#1567 = CARTESIAN_POINT ( 'NONE',  ( -0.05900000000000000383, 0.03150000000000000022, 0.04191209017634599243 ) ) ;
#1568 = ORIENTED_EDGE ( 'NONE', *, *, #4748, .T. ) ;
#1569 = CARTESIAN_POINT ( 'NONE',  ( 0.05948939481647290417, 0.02000000000000000042, 0.0000000000000000000 ) ) ;
#1570 = FILL_AREA_STYLE ('',( #4607 ) ) ;
#1571 = SURFACE_SIDE_STYLE ('',( #77 ) ) ;
#1572 = CARTESIAN_POINT ( 'NONE',  ( 0.01392694580738769797, 0.002620974516809438867, 0.06840709017634598321 ) ) ;
#1573 =( LENGTH_UNIT ( ) NAMED_UNIT ( * ) SI_UNIT ( $, .METRE. ) );
#1574 = LINE ( 'NONE', #475, #3973 ) ;
#1575 =( LENGTH_UNIT ( ) NAMED_UNIT ( * ) SI_UNIT ( $, .METRE. ) );
#1576 = DIRECTION ( 'NONE',  ( -0.0000000000000000000, -0.0000000000000000000, 1.000000000000000000 ) ) ;
#1577 = ORIENTED_EDGE ( 'NONE', *, *, #3894, .F. ) ;
#1578 = AXIS2_PLACEMENT_3D ( 'NONE', #3497, #3397, #1832 ) ;
#1579 =( NAMED_UNIT ( * ) PLANE_ANGLE_UNIT ( ) SI_UNIT ( $, .RADIAN. ) );
#1580 = CARTESIAN_POINT ( 'NONE',  ( 0.01619191143242281264, 0.01034300422289759040, 0.06840709017634598321 ) ) ;
#1581 = CARTESIAN_POINT ( 'NONE',  ( -0.05900000000000000383, 0.03150000000000000022, 0.04191209017634599243 ) ) ;
#1582 = DIRECTION ( 'NONE',  ( -0.0000000000000000000, 1.000000000000000000, -0.0000000000000000000 ) ) ;
#1583 = CARTESIAN_POINT ( 'NONE',  ( -0.01523214254331624329, -0.01025916120624772651, 0.06840709017634598321 ) ) ;
#1584 = FACE_OUTER_BOUND ( 'NONE', #2937, .T. ) ;
#1585 = FACE_OUTER_BOUND ( 'NONE', #2549, .T. ) ;
#1586 = SURFACE_STYLE_FILL_AREA ( #4625 ) ;
#1587 = EDGE_CURVE ( 'NONE', #2111, #3668, #1564, .T. ) ;
#1588 = ORIENTED_EDGE ( 'NONE', *, *, #3235, .F. ) ;
#1589 = SURFACE_STYLE_FILL_AREA ( #95 ) ;
#1590 = LENGTH_MEASURE_WITH_UNIT ( LENGTH_MEASURE( 0.02539999999999999897 ), #142 );
#1591 = EDGE_CURVE ( 'NONE', #4424, #511, #1771, .T. ) ;
#1592 =( NAMED_UNIT ( * ) PLANE_ANGLE_UNIT ( ) SI_UNIT ( $, .RADIAN. ) );
#1593 = ORIENTED_EDGE ( 'NONE', *, *, #4238, .T. ) ;
#1594 = ORIENTED_EDGE ( 'NONE', *, *, #1587, .F. ) ;
#1595 = FILL_AREA_STYLE ('',( #2779 ) ) ;
#1596 = CARTESIAN_POINT ( 'NONE',  ( 0.01491359888177215369, 0.007955271172357253340, 0.06841209017634598821 ) ) ;
#1597 = LINE ( 'NONE', #124, #575 ) ;
#1598 =( CONVERSION_BASED_UNIT ( 'INCH', #174 ) LENGTH_UNIT ( ) NAMED_UNIT ( #4304 ) );
#1599 = DIMENSIONAL_EXPONENTS ( 1.000000000000000000, 0.0000000000000000000, 0.0000000000000000000, 0.0000000000000000000, 0.0000000000000000000, 0.0000000000000000000, 0.0000000000000000000 ) ;
#1600 = DIRECTION ( 'NONE',  ( -0.0000000000000000000, -0.0000000000000000000, 1.000000000000000000 ) ) ;
#1601 = CARTESIAN_POINT ( 'NONE',  ( -0.01196081056490179428, -0.007245847561806104814, 0.06840709017634598321 ) ) ;
#1602 = VECTOR ( 'NONE', #1229, 39.37007874015748143 ) ;
#1603 = CARTESIAN_POINT ( 'NONE',  ( 0.02147289713434224340, 0.01085112751366110358, 0.06840709017634598321 ) ) ;
#1604 = CARTESIAN_POINT ( 'NONE',  ( 0.01781855740016002193, -0.007811284141375451212, 0.06840709017634598321 ) ) ;
#1605 =( LENGTH_UNIT ( ) NAMED_UNIT ( * ) SI_UNIT ( $, .METRE. ) );
#1606 = ORIENTED_EDGE ( 'NONE', *, *, #89, .T. ) ;
#1607 = SURFACE_STYLE_USAGE ( .BOTH. , #1546 ) ;
#1608 = AXIS2_PLACEMENT_3D ( 'NONE', #4477, #1794, #3378 ) ;
#1609 = ADVANCED_FACE ( 'NONE', ( #1358 ), #4128, .T. ) ;
#1610 = CARTESIAN_POINT ( 'NONE',  ( 0.01467746439733063485, -0.006607305648041700979, 0.06840709017634598321 ) ) ;
#1611 = B_SPLINE_CURVE_WITH_KNOTS ( 'NONE', 3,
 ( #4437, #2569, #1361, #1045, #4389, #4106, #2974, #4842, #1005, #3732, #2880 ),
 .UNSPECIFIED., .F., .F.,
 ( 4, 1, 1, 1, 1, 1, 1, 1, 4 ),
 ( 0.0000000000000000000, 0.1060709021051297329, 0.2134216804124511035, 0.3216854881303252700, 0.4338579390981579520, 0.5540812827743550883, 0.6875870439665618949, 0.8364658500651137585, 1.000000000000000000 ),
 .UNSPECIFIED. ) ;
#1612 = SURFACE_SIDE_STYLE ('',( #3511 ) ) ;
#1613 = FILL_AREA_STYLE ('',( #3883 ) ) ;
#1614 = CARTESIAN_POINT ( 'NONE',  ( -0.01202810789959559389, -0.007606084246642852778, 0.06841209017634598821 ) ) ;
#1615 = SURFACE_STYLE_USAGE ( .BOTH. , #4497 ) ;
#1616 = ORIENTED_EDGE ( 'NONE', *, *, #4660, .F. ) ;
#1617 = EDGE_LOOP ( 'NONE', ( #3183, #4636, #1906, #4007, #348, #291, #4146, #4283 ) ) ;
#1618 =( CONVERSION_BASED_UNIT ( 'INCH', #4196 ) LENGTH_UNIT ( ) NAMED_UNIT ( #3647 ) );
#1619 = EDGE_CURVE ( 'NONE', #2028, #98, #515, .T. ) ;
#1620 = FILL_AREA_STYLE_COLOUR ( '', #3151 ) ;
#1621 = CARTESIAN_POINT ( 'NONE',  ( 0.02774186504715205406, -0.005744224651451595824, 0.06840709017634598321 ) ) ;
#1622 = CARTESIAN_POINT ( 'NONE',  ( -4.784767152137024622E-05, 0.01281776187067535343, 0.06841209017634598821 ) ) ;
#1623 = SURFACE_STYLE_USAGE ( .BOTH. , #125 ) ;
#1624 = B_SPLINE_CURVE_WITH_KNOTS ( 'NONE', 3,
 ( #4164, #473, #866, #1981, #3514, #2520, #2499, #2102, #3999, #889, #3678, #688, #2878, #4052, #2378, #4388, #3904, #2151, #1043, #311, #1696, #3228, #659, #4718, #2476, #234, #284 ),
 .UNSPECIFIED., .F., .F.,
 ( 4, 1, 1, 1, 1, 1, 1, 1, 1, 1, 1, 1, 1, 1, 1, 1, 1, 1, 1, 1, 1, 1, 1, 1, 4 ),
 ( 0.0000000000000000000, 0.03378811616271032436, 0.06719393237387981388, 0.09986241085682501240, 0.1325666121262581154, 0.1651511732547863431, 0.1979131873557917198, 0.2313190035669613898, 0.2650832782673731569, 0.2992553087581146798, 0.3343985665049785672, 0.3699428235093077388, 0.4062835607000607752, 0.4440638196985082220, 0.4829977068727753231, 0.5233544466133044359, 0.5655365896041488760, 0.6096129240658193504, 0.6563908113764170826, 0.7058854949364572473, 0.7583245002617312602, 0.8138317829411502169, 0.8727945590393899611, 0.9347222295400742231, 1.000000000000000000 ),
 .UNSPECIFIED. ) ;
#1625 = MECHANICAL_DESIGN_GEOMETRIC_PRESENTATION_REPRESENTATION (  '', ( #533 ), #1238 ) ;
#1626 = DIRECTION ( 'NONE',  ( -0.0000000000000000000, 0.0000000000000000000, 1.000000000000000000 ) ) ;
#1627 = CARTESIAN_POINT ( 'NONE',  ( 0.02860139200749868549, 0.001206052851379776783, 0.06840709017634598321 ) ) ;
#1628 = LINE ( 'NONE', #3147, #3066 ) ;
#1629 = CARTESIAN_POINT ( 'NONE',  ( 0.004574548161811964331, 0.01281776187067535343, 0.06840709017634598321 ) ) ;
#1630 = CARTESIAN_POINT ( 'NONE',  ( 0.01640659504783627959, -0.004051494431975013154, 0.06840709017634598321 ) ) ;
#1631 = DIMENSIONAL_EXPONENTS ( 1.000000000000000000, 0.0000000000000000000, 0.0000000000000000000, 0.0000000000000000000, 0.0000000000000000000, 0.0000000000000000000, 0.0000000000000000000 ) ;
#1632 = UNCERTAINTY_MEASURE_WITH_UNIT (LENGTH_MEASURE( 1.000000000000000082E-05 ), #3361, 'distance_accuracy_value', 'NONE');
#1633 = ORIENTED_EDGE ( 'NONE', *, *, #2984, .T. ) ;
#1634 = DIRECTION ( 'NONE',  ( -0.0000000000000000000, 0.0000000000000000000, 1.000000000000000000 ) ) ;
#1635 = DIRECTION ( 'NONE',  ( -1.000000000000000000, 0.0000000000000000000, 0.0000000000000000000 ) ) ;
#1636 = PRESENTATION_LAYER_ASSIGNMENT (  '', '', ( #1563 ) ) ;
#1637 = MECHANICAL_DESIGN_GEOMETRIC_PRESENTATION_REPRESENTATION (  '', ( #4711 ), #3230 ) ;
#1638 = CARTESIAN_POINT ( 'NONE',  ( 0.02972821590009252016, 0.007838240653473989988, 0.06841209017634597433 ) ) ;
#1639 = CARTESIAN_POINT ( 'NONE',  ( -0.01505940834026322887, -0.01025185595671930863, 0.06841209017634598821 ) ) ;
#1640 = VERTEX_POINT ( 'NONE', #3353 ) ;
#1641 = ADVANCED_FACE ( 'NONE', ( #390 ), #3962, .T. ) ;
#1642 = ORIENTED_EDGE ( 'NONE', *, *, #3427, .T. ) ;
#1643 = CARTESIAN_POINT ( 'NONE',  ( -0.05873796110358478484, 0.02000000000000000042, 0.03691209017634599493 ) ) ;
#1644 = LINE ( 'NONE', #4355, #2189 ) ;
#1645 = CARTESIAN_POINT ( 'NONE',  ( -0.05761119384899940354, -0.03011119384899940687, 0.06840709017634598321 ) ) ;
#1646 = SURFACE_SIDE_STYLE ('',( #3941 ) ) ;
#1647 = CARTESIAN_POINT ( 'NONE',  ( 0.02561546336128732448, -0.01203450870091010358, 0.06841209017634601597 ) ) ;
#1648 = CARTESIAN_POINT ( 'NONE',  ( 0.02581167464760432753, 0.009515837433523920835, 0.06841209017634601597 ) ) ;
#1649 = DIRECTION ( 'NONE',  ( 0.0000000000000000000, 0.0000000000000000000, -1.000000000000000000 ) ) ;
#1650 = CARTESIAN_POINT ( 'NONE',  ( 0.01386941995668375914, 0.0003077458450343269658, 0.06841209017634598821 ) ) ;
#1651 = ORIENTED_EDGE ( 'NONE', *, *, #2254, .T. ) ;
#1652 =( NAMED_UNIT ( * ) SI_UNIT ( $, .STERADIAN. ) SOLID_ANGLE_UNIT ( ) );
#1653 = CARTESIAN_POINT ( 'NONE',  ( -0.05915338570894129039, -0.02000000000000000389, 0.04191209017634599243 ) ) ;
#1654 =( NAMED_UNIT ( * ) SI_UNIT ( $, .STERADIAN. ) SOLID_ANGLE_UNIT ( ) );
#1655 = ORIENTED_EDGE ( 'NONE', *, *, #1264, .F. ) ;
#1656 = DIRECTION ( 'NONE',  ( -0.0000000000000000000, 0.0000000000000000000, 1.000000000000000000 ) ) ;
#1657 = EDGE_LOOP ( 'NONE', ( #2738, #1470, #2211, #1925 ) ) ;
#1658 = DIMENSIONAL_EXPONENTS ( 1.000000000000000000, 0.0000000000000000000, 0.0000000000000000000, 0.0000000000000000000, 0.0000000000000000000, 0.0000000000000000000, 0.0000000000000000000 ) ;
#1659 = DIRECTION ( 'NONE',  ( 0.0000000000000000000, 0.0000000000000000000, 1.000000000000000000 ) ) ;
#1660 = UNCERTAINTY_MEASURE_WITH_UNIT (LENGTH_MEASURE( 1.000000000000000082E-05 ), #3717, 'distance_accuracy_value', 'NONE');
#1661 = ORIENTED_EDGE ( 'NONE', *, *, #57, .F. ) ;
#1662 = CARTESIAN_POINT ( 'NONE',  ( -0.02660748903173146274, 0.03011119384899940687, 0.06840709017634598321 ) ) ;
#1663 = LINE ( 'NONE', #2812, #3937 ) ;
#1664 = CARTESIAN_POINT ( 'NONE',  ( 0.03058753875307297643, -0.003907629446942817095, 0.06841209017634602985 ) ) ;
#1665 = PLANE ( 'NONE',  #2649 ) ;
#1666 = CARTESIAN_POINT ( 'NONE',  ( 0.01445569505366333524, -0.005820525801595356936, 0.06840709017634598321 ) ) ;
#1667 = FACE_OUTER_BOUND ( 'NONE', #112, .T. ) ;
#1668 = CIRCLE ( 'NONE', #4749, 0.005000000000000000104 ) ;
#1669 = EDGE_CURVE ( 'NONE', #4432, #4676, #2682, .T. ) ;
#1670 = CARTESIAN_POINT ( 'NONE',  ( 0.01924759060838733896, -0.009258875803948459632, 0.06841209017634598821 ) ) ;
#1671 = LINE ( 'NONE', #1407, #4099 ) ;
#1672 = VECTOR ( 'NONE', #1248, 39.37007874015748143 ) ;
#1673 = ORIENTED_EDGE ( 'NONE', *, *, #2497, .F. ) ;
#1674 =( NAMED_UNIT ( * ) SI_UNIT ( $, .STERADIAN. ) SOLID_ANGLE_UNIT ( ) );
#1675 = COLOUR_RGB ( '',0.6666666666666666297, 0.6980392156862744724, 0.7686274509803920907 ) ;
#1676 = FILL_AREA_STYLE ('',( #2478 ) ) ;
#1677 =( NAMED_UNIT ( * ) SI_UNIT ( $, .STERADIAN. ) SOLID_ANGLE_UNIT ( ) );
#1678 = CARTESIAN_POINT ( 'NONE',  ( 0.02754894353010232250, 0.01126947001374433051, 0.06841209017634597433 ) ) ;
#1679 = CARTESIAN_POINT ( 'NONE',  ( -0.001515195427931625895, 0.01025365930657278976, 0.06841209017634598821 ) ) ;
#1680 = ORIENTED_EDGE ( 'NONE', *, *, #2198, .T. ) ;
#1681 = COLOUR_RGB ( '',0.6666666666666666297, 0.6980392156862744724, 0.7686274509803920907 ) ;
#1682 = COLOUR_RGB ( '',0.5019607843137254832, 0.5019607843137254832, 0.5019607843137254832 ) ;
#1683 = CARTESIAN_POINT ( 'NONE',  ( 0.01843474169911181806, 0.009198389245845114623, 0.06841209017634598821 ) ) ;
#1684 = FACE_OUTER_BOUND ( 'NONE', #4719, .T. ) ;
#1685 = CARTESIAN_POINT ( 'NONE',  ( -0.06415338570894128789, 0.02000000000000000389, 0.03691209017634599493 ) ) ;
#1686 = PRESENTATION_LAYER_ASSIGNMENT (  '', '', ( #3129 ) ) ;
#1687 = DIMENSIONAL_EXPONENTS ( 1.000000000000000000, 0.0000000000000000000, 0.0000000000000000000, 0.0000000000000000000, 0.0000000000000000000, 0.0000000000000000000, 0.0000000000000000000 ) ;
#1688 = CARTESIAN_POINT ( 'NONE',  ( 0.02877841747618320803, -0.009091673121588376288, 0.06840709017634598321 ) ) ;
#1689 = DIRECTION ( 'NONE',  ( 0.05233595624294387627, 0.0000000000000000000, 0.9986295347545738332 ) ) ;
#1690 = CARTESIAN_POINT ( 'NONE',  ( 0.01387175072065841529, -8.961369420307002589E-05, 0.06840709017634598321 ) ) ;
#1691 = LENGTH_MEASURE_WITH_UNIT ( LENGTH_MEASURE( 0.02539999999999999897 ), #178 );
#1692 = EDGE_CURVE ( 'NONE', #1268, #1133, #4218, .T. ) ;
#1693 = CARTESIAN_POINT ( 'NONE',  ( -0.02660748903173146274, -0.03011119384899940687, 0.06840709017634598321 ) ) ;
#1694 = DIRECTION ( 'NONE',  ( 0.0000000000000000000, 0.0000000000000000000, -1.000000000000000000 ) ) ;
#1695 = CARTESIAN_POINT ( 'NONE',  ( 0.02861300970027350413, 0.0003177618706753523544, 0.06840709017634598321 ) ) ;
#1696 = CARTESIAN_POINT ( 'NONE',  ( 0.03042130304713888678, 0.005455364895059004217, 0.06841209017634598821 ) ) ;
#1697 = VERTEX_POINT ( 'NONE', #3768 ) ;
#1698 = EDGE_CURVE ( 'NONE', #4704, #1305, #820, .T. ) ;
#1699 = DIRECTION ( 'NONE',  ( -0.0000000000000000000, 1.000000000000000000, -0.0000000000000000000 ) ) ;
#1700 = DIRECTION ( 'NONE',  ( -0.0000000000000000000, -0.0000000000000000000, 1.000000000000000000 ) ) ;
#1701 = CARTESIAN_POINT ( 'NONE',  ( 0.03058122642098272739, 0.004542820285808231613, 0.06841209017634597433 ) ) ;
#1702 = VERTEX_POINT ( 'NONE', #1526 ) ;
#1703 = PLANE ( 'NONE',  #3186 ) ;
#1704 = LENGTH_MEASURE_WITH_UNIT ( LENGTH_MEASURE( 0.02539999999999999897 ), #2833 );
#1705 = UNCERTAINTY_MEASURE_WITH_UNIT (LENGTH_MEASURE( 1.000000000000000082E-05 ), #3867, 'distance_accuracy_value', 'NONE');
#1706 = CARTESIAN_POINT ( 'NONE',  ( 0.02065541174343681410, 0.01064617570229261373, 0.06841209017634598821 ) ) ;
#1707 = ORIENTED_EDGE ( 'NONE', *, *, #1495, .T. ) ;
#1708 =( NAMED_UNIT ( * ) PLANE_ANGLE_UNIT ( ) SI_UNIT ( $, .RADIAN. ) );
#1709 = CARTESIAN_POINT ( 'NONE',  ( 0.02147677189867058106, -0.01021778780390234127, 0.06840709017634598321 ) ) ;
#1710 = CARTESIAN_POINT ( 'NONE',  ( 0.02340781269785027763, -0.01273909472544113713, 0.06840709017634598321 ) ) ;
#1711 =( LENGTH_UNIT ( ) NAMED_UNIT ( * ) SI_UNIT ( $, .METRE. ) );
#1712 = SURFACE_STYLE_USAGE ( .BOTH. , #3246 ) ;
#1713 = CARTESIAN_POINT ( 'NONE',  ( 0.01891300432978215706, -0.01205197608387690959, 0.06841209017634600209 ) ) ;
#1714 = CARTESIAN_POINT ( 'NONE',  ( -0.05373796110358478734, -0.02000000000000000042, 0.009999999999999995004 ) ) ;
#1715 = LINE ( 'NONE', #980, #2087 ) ;
#1716 = CARTESIAN_POINT ( 'NONE',  ( 0.03548939481647289673, -0.02000000000000000042, 0.004999999999999997502 ) ) ;
#1717 = EDGE_CURVE ( 'NONE', #832, #568, #3373, .T. ) ;
#1718 = DIMENSIONAL_EXPONENTS ( 1.000000000000000000, 0.0000000000000000000, 0.0000000000000000000, 0.0000000000000000000, 0.0000000000000000000, 0.0000000000000000000, 0.0000000000000000000 ) ;
#1719 =( NAMED_UNIT ( * ) PLANE_ANGLE_UNIT ( ) SI_UNIT ( $, .RADIAN. ) );
#1720 = CARTESIAN_POINT ( 'NONE',  ( -0.01257712011278503024, -0.008881899018940141513, 0.06841209017634598821 ) ) ;
#1721 = VERTEX_POINT ( 'NONE', #2271 ) ;
#1722 = LINE ( 'NONE', #4627, #1672 ) ;
#1723 = DIRECTION ( 'NONE',  ( -1.000000000000000000, -0.0000000000000000000, -0.0000000000000000000 ) ) ;
#1724 = EDGE_CURVE ( 'NONE', #1721, #4702, #3833, .T. ) ;
#1725 = LINE ( 'NONE', #4393, #4325 ) ;
#1726 = ORIENTED_EDGE ( 'NONE', *, *, #4118, .T. ) ;
#1727 =( NAMED_UNIT ( * ) SI_UNIT ( $, .STERADIAN. ) SOLID_ANGLE_UNIT ( ) );
#1728 =( NAMED_UNIT ( * ) PLANE_ANGLE_UNIT ( ) SI_UNIT ( $, .RADIAN. ) );
#1729 = CARTESIAN_POINT ( 'NONE',  ( -0.01177160568434188273, 0.01281776187067535343, 0.06840709017634598321 ) ) ;
#1730 = EDGE_CURVE ( 'NONE', #2461, #832, #1130, .T. ) ;
#1731 = CARTESIAN_POINT ( 'NONE',  ( 0.01782892832514505407, 0.008455188037163044110, 0.06841209017634597433 ) ) ;
#1732 = ORIENTED_EDGE ( 'NONE', *, *, #1502, .T. ) ;
#1733 =( CONVERSION_BASED_UNIT ( 'INCH', #4662 ) LENGTH_UNIT ( ) NAMED_UNIT ( #481 ) );
#1734 = B_SPLINE_CURVE_WITH_KNOTS ( 'NONE', 3,
 ( #1070, #1826, #3030, #2646, #784, #3360, #4845, #1460, #4649, #135, #4248, #2026, #1267, #91, #3122 ),
 .UNSPECIFIED., .F., .F.,
 ( 4, 1, 1, 1, 1, 1, 1, 1, 1, 1, 1, 1, 4 ),
 ( 0.0000000000000000000, 0.1128134007444582532, 0.2253938839207290379, 0.3395948145627008530, 0.4596754102248639118, 0.5217351900879326765, 0.5839258387389161253, 0.6481741447653693866, 0.7138810381130660243, 0.7810044549073893450, 0.8514509275565550483, 0.9240506926641777197, 1.000000000000000000 ),
 .UNSPECIFIED. ) ;
#1735 = CARTESIAN_POINT ( 'NONE',  ( 0.02944502477804790408, -0.007864291400093115572, 0.06840709017634598321 ) ) ;
#1736 = SURFACE_SIDE_STYLE ('',( #4340 ) ) ;
#1737 = CARTESIAN_POINT ( 'NONE',  ( 0.01400982722618875076, -0.003049761990129130820, 0.06840709017634598321 ) ) ;
#1738 = CARTESIAN_POINT ( 'NONE',  ( -0.01185066619138216808, -0.006342121284584469748, 0.06841209017634596046 ) ) ;
#1739 = CARTESIAN_POINT ( 'NONE',  ( 0.05373796110358478040, -0.02000000000000000736, 0.009999999999999995004 ) ) ;
#1740 = LENGTH_MEASURE_WITH_UNIT ( LENGTH_MEASURE( 0.02539999999999999897 ), #3277 );
#1741 = LINE ( 'NONE', #4693, #699 ) ;
#1742 = LINE ( 'NONE', #3250, #4209 ) ;
#1743 = ORIENTED_EDGE ( 'NONE', *, *, #2285, .T. ) ;
#1744 = CARTESIAN_POINT ( 'NONE',  ( 0.02860139200749868549, 0.001206052851379776783, 0.06840709017634598321 ) ) ;
#1745 = CARTESIAN_POINT ( 'NONE',  ( -0.01357054570643977977, -0.01262132915327402599, 0.06840709017634598321 ) ) ;
#1746 = AXIS2_PLACEMENT_3D ( 'NONE', #1953, #3126, #2620 ) ;
#1747 = CARTESIAN_POINT ( 'NONE',  ( 0.02222779335411965984, -0.01282326377035029018, 0.06840709017634598321 ) ) ;
#1748 = FACE_OUTER_BOUND ( 'NONE', #2578, .T. ) ;
#1749 = VERTEX_POINT ( 'NONE', #745 ) ;
#1750 = SURFACE_STYLE_USAGE ( .BOTH. , #267 ) ;
#1751 = FILL_AREA_STYLE ('',( #268 ) ) ;
#1752 = AXIS2_PLACEMENT_3D ( 'NONE', #1643, #3811, #3887 ) ;
#1753 = EDGE_CURVE ( 'NONE', #1120, #2800, #4120, .T. ) ;
#1754 = CARTESIAN_POINT ( 'NONE',  ( 0.02855933663455862553, -0.001444600494972588184, 0.06841209017634598821 ) ) ;
#1755 = UNCERTAINTY_MEASURE_WITH_UNIT (LENGTH_MEASURE( 1.000000000000000082E-05 ), #405, 'distance_accuracy_value', 'NONE');
#1756 =( NAMED_UNIT ( * ) PLANE_ANGLE_UNIT ( ) SI_UNIT ( $, .RADIAN. ) );
#1757 = ORIENTED_EDGE ( 'NONE', *, *, #4461, .T. ) ;
#1758 = CARTESIAN_POINT ( 'NONE',  ( 0.01611300970027349996, 0.0003177618706753523544, 0.06841209017634594658 ) ) ;
#1759 = LINE ( 'NONE', #1685, #4833 ) ;
#1760 = EDGE_CURVE ( 'NONE', #1092, #3471, #2626, .T. ) ;
#1761 = CARTESIAN_POINT ( 'NONE',  ( 0.01754627775335302134, -0.007393186938703136431, 0.06841209017634598821 ) ) ;
#1762 = VECTOR ( 'NONE', #1700, 39.37007874015748143 ) ;
#1763 = PRESENTATION_STYLE_ASSIGNMENT (( #377 ) ) ;
#1764 = LENGTH_MEASURE_WITH_UNIT ( LENGTH_MEASURE( 0.02539999999999999897 ), #4451 );
#1765 = CARTESIAN_POINT ( 'NONE',  ( 0.01701521857219341627, -0.01067900849666883825, 0.06840709017634599709 ) ) ;
#1766 = DIRECTION ( 'NONE',  ( -0.0000000000000000000, 0.0000000000000000000, 1.000000000000000000 ) ) ;
#1767 = STYLED_ITEM ( 'NONE', ( #2162 ), #11 ) ;
#1768 = FACE_OUTER_BOUND ( 'NONE', #2818, .T. ) ;
#1769 = FILL_AREA_STYLE ('',( #2149 ) ) ;
#1770 = ADVANCED_BREP_SHAPE_REPRESENTATION ( '975D2371-E89E-4F79-A2AC-BC865B74928A', ( #349, #3600, #1996, #4834 ), #4002 ) ;
#1771 = LINE ( 'NONE', #3633, #1246 ) ;
#1772 = ORIENTED_EDGE ( 'NONE', *, *, #1426, .T. ) ;
#1773 = CARTESIAN_POINT ( 'NONE',  ( 0.01585640997997884646, -0.009194761519969653352, 0.06841209017634598821 ) ) ;
#1774 =( GEOMETRIC_REPRESENTATION_CONTEXT ( 3 ) GLOBAL_UNCERTAINTY_ASSIGNED_CONTEXT ( ( #3018 ) ) GLOBAL_UNIT_ASSIGNED_CONTEXT ( ( #652, #3423, #28 ) ) REPRESENTATION_CONTEXT ( 'NONE', 'WORKASPACE' ) );
#1775 = LINE ( 'NONE', #1364, #3307 ) ;
#1776 = UNCERTAINTY_MEASURE_WITH_UNIT (LENGTH_MEASURE( 1.000000000000000082E-05 ), #467, 'distance_accuracy_value', 'NONE');
#1777 = DIRECTION ( 'NONE',  ( 0.0000000000000000000, -1.000000000000000000, 0.0000000000000000000 ) ) ;
#1778 = CARTESIAN_POINT ( 'NONE',  ( 0.03084301658573628674, 0.001440004647289049554, 0.06840709017634598321 ) ) ;
#1779 = AXIS2_PLACEMENT_3D ( 'NONE', #2693, #1220, #2793 ) ;
#1780 = VERTEX_POINT ( 'NONE', #795 ) ;
#1781 = LINE ( 'NONE', #317, #1210 ) ;
#1782 = VERTEX_POINT ( 'NONE', #4500 ) ;
#1783 = LINE ( 'NONE', #3364, #1839 ) ;
#1784 = VECTOR ( 'NONE', #501, 39.37007874015748143 ) ;
#1785 = AXIS2_PLACEMENT_3D ( 'NONE', #2688, #3818, #156 ) ;
#1786 = CARTESIAN_POINT ( 'NONE',  ( 0.02860455582698189989, -0.0005741621932908255342, 0.06840709017634598321 ) ) ;
#1787 = EDGE_CURVE ( 'NONE', #3471, #3563, #3479, .T. ) ;
#1788 = FACE_OUTER_BOUND ( 'NONE', #29, .T. ) ;
#1789 = VERTEX_POINT ( 'NONE', #896 ) ;
#1790 = CARTESIAN_POINT ( 'NONE',  ( -0.01646186887278409255, -0.01005847882987741422, 0.06841209017634598821 ) ) ;
#1791 =( NAMED_UNIT ( * ) PLANE_ANGLE_UNIT ( ) SI_UNIT ( $, .RADIAN. ) );
#1792 = ADVANCED_FACE ( 'NONE', ( #4259 ), #3140, .T. ) ;
#1793 = DIRECTION ( 'NONE',  ( 1.000000000000000000, -0.0000000000000000000, -0.0000000000000000000 ) ) ;
#1794 = DIRECTION ( 'NONE',  ( -0.9986295347545739443, -1.353226235581924338E-16, -0.05233595624294388321 ) ) ;
#1795 = B_SPLINE_CURVE_WITH_KNOTS ( 'NONE', 3,
 ( #2486, #247, #3984, #1706, #3588, #2117, #4013, #1683, #1011, #1731, #2436, #3239, #3215, #2016, #573, #3546, #1304, #4661, #1276, #4728, #2780, #2061, #4707 ),
 .UNSPECIFIED., .F., .F.,
 ( 4, 1, 1, 1, 1, 1, 1, 1, 1, 1, 1, 1, 1, 1, 1, 1, 1, 1, 1, 1, 4 ),
 ( 0.0000000000000000000, 0.06038661931106226871, 0.1208832485859959033, 0.1827546186251393645, 0.2478110297583511479, 0.2812991000432489841, 0.3150876241506571640, 0.3497023955502752690, 0.3848565811185559182, 0.4209661972261022900, 0.4585111882611391243, 0.4971747221273120076, 0.5376020478662694169, 0.5805030184200115073, 0.6274675400267046843, 0.6783882095592433936, 0.7339832205925603814, 0.7937467045508348473, 0.8577136721607319103, 0.9266978643613861255, 1.000000000000000000 ),
 .UNSPECIFIED. ) ;
#1796 = DIRECTION ( 'NONE',  ( 1.000000000000000000, 0.0000000000000000000, 0.0000000000000000000 ) ) ;
#1797 = CARTESIAN_POINT ( 'NONE',  ( -0.05882791106469737602, -0.03132791106469739323, 0.03862843767939117684 ) ) ;
#1798 = ORIENTED_EDGE ( 'NONE', *, *, #1495, .F. ) ;
#1799 = CARTESIAN_POINT ( 'NONE',  ( 0.02230291354642734494, 0.01089468494759842851, 0.06840709017634598321 ) ) ;
#1800 = CARTESIAN_POINT ( 'NONE',  ( -0.009528015940752140173, -0.004064249347273366127, 0.06841209017634598821 ) ) ;
#1801 =( CONVERSION_BASED_UNIT ( 'INCH', #2591 ) LENGTH_UNIT ( ) NAMED_UNIT ( #3191 ) );
#1802 = LENGTH_MEASURE_WITH_UNIT ( LENGTH_MEASURE( 0.02539999999999999897 ), #396 );
#1803 = CARTESIAN_POINT ( 'NONE',  ( 0.02472546397547774680, -0.009673030345879860339, 0.06840709017634599709 ) ) ;
#1804 = ORIENTED_EDGE ( 'NONE', *, *, #4727, .F. ) ;
#1805 = LENGTH_MEASURE_WITH_UNIT ( LENGTH_MEASURE( 0.02539999999999999897 ), #1073 );
#1806 = CARTESIAN_POINT ( 'NONE',  ( 0.02580799600248004366, -0.008906774382518896013, 0.06840709017634598321 ) ) ;
#1807 = CARTESIAN_POINT ( 'NONE',  ( -0.01535734286382906336, -0.01282326377035029365, 0.06841209017634598821 ) ) ;
#1808 = CARTESIAN_POINT ( 'NONE',  ( 0.02453906096073883367, -0.01247570681539297323, 0.06841209017634598821 ) ) ;
#1809 = COLOUR_RGB ( '',0.7921568627450980005, 0.8196078431372548767, 0.9333333333333333481 ) ;
#1810 = CARTESIAN_POINT ( 'NONE',  ( 0.05761119384899940354, 0.03150000000000000022, 0.06841209017634598821 ) ) ;
#1811 = VERTEX_POINT ( 'NONE', #3909 ) ;
#1812 = CARTESIAN_POINT ( 'NONE',  ( -0.01673201765305878247, -0.009952580407026354395, 0.06841209017634598821 ) ) ;
#1813 = CARTESIAN_POINT ( 'NONE',  ( -0.01918393987866309422, -0.008623056604817942727, 0.06840709017634598321 ) ) ;
#1814 = CARTESIAN_POINT ( 'NONE',  ( 0.01686909430000703772, -0.005938885366856933370, 0.06841209017634601597 ) ) ;
#1815 = LINE ( 'NONE', #2536, #4023 ) ;
#1816 = CYLINDRICAL_SURFACE ( 'NONE', #445, 0.004999999999999997502 ) ;
#1817 = DIRECTION ( 'NONE',  ( -1.000000000000000000, -0.0000000000000000000, -0.0000000000000000000 ) ) ;
#1818 = DIRECTION ( 'NONE',  ( 0.0000000000000000000, 0.0000000000000000000, 1.000000000000000000 ) ) ;
#1819 = DIMENSIONAL_EXPONENTS ( 1.000000000000000000, 0.0000000000000000000, 0.0000000000000000000, 0.0000000000000000000, 0.0000000000000000000, 0.0000000000000000000, 0.0000000000000000000 ) ;
#1820 = SURFACE_STYLE_FILL_AREA ( #2610 ) ;
#1821 = LINE ( 'NONE', #2281, #3334 ) ;
#1822 = EDGE_LOOP ( 'NONE', ( #2619, #474, #1732, #4672 ) ) ;
#1823 = CARTESIAN_POINT ( 'NONE',  ( 0.02841184428565845729, 0.003662455810205444192, 0.06840709017634601097 ) ) ;
#1824 = CARTESIAN_POINT ( 'NONE',  ( -0.01204883682641157833, -0.01193838337051603138, 0.06841209017634598821 ) ) ;
#1825 = ADVANCED_FACE ( 'NONE', ( #3567 ), #4690, .T. ) ;
#1826 = CARTESIAN_POINT ( 'NONE',  ( 0.02257975405825409995, -0.01024774848616522883, 0.06841209017634598821 ) ) ;
#1827 = CARTESIAN_POINT ( 'NONE',  ( 0.002330958418222218304, -0.01218223812932464796, 0.06840709017634598321 ) ) ;
#1828 = CARTESIAN_POINT ( 'NONE',  ( 0.02394096204631871588, -0.01000495562776327479, 0.06840709017634598321 ) ) ;
#1829 = STYLED_ITEM ( 'NONE', ( #2030 ), #4296 ) ;
#1830 = VERTEX_POINT ( 'NONE', #2458 ) ;
#1831 = PRESENTATION_STYLE_ASSIGNMENT (( #1750 ) ) ;
#1832 = DIRECTION ( 'NONE',  ( -0.8760724843746798829, 0.4821794293845146351, 0.0000000000000000000 ) ) ;
#1833 = COLOUR_RGB ( '',0.7921568627450980005, 0.8196078431372548767, 0.9333333333333333481 ) ;
#1834 =( CONVERSION_BASED_UNIT ( 'INCH', #3762 ) LENGTH_UNIT ( ) NAMED_UNIT ( #3124 ) );
#1835 = CARTESIAN_POINT ( 'NONE',  ( -0.02660748903173146274, 0.03011119384899940687, 0.06841209017634598821 ) ) ;
#1836 = STYLED_ITEM ( 'NONE', ( #4357 ), #3965 ) ;
#1837 = ORIENTED_EDGE ( 'NONE', *, *, #3812, .F. ) ;
#1838 = CARTESIAN_POINT ( 'NONE',  ( 0.01611537406740188791, 0.001304780026783366282, 0.06840709017634598321 ) ) ;
#1839 = VECTOR ( 'NONE', #3716, 39.37007874015748143 ) ;
#1840 = DIRECTION ( 'NONE',  ( -1.000000000000000000, 0.0000000000000000000, 0.0000000000000000000 ) ) ;
#1841 = SURFACE_SIDE_STYLE ('',( #3724 ) ) ;
#1842 = VECTOR ( 'NONE', #4475, 39.37007874015748143 ) ;
#1843 = LENGTH_MEASURE_WITH_UNIT ( LENGTH_MEASURE( 0.02539999999999999897 ), #729 );
#1844 = DIRECTION ( 'NONE',  ( 1.238593107092265713E-15, 7.331374526383812053E-14, 1.000000000000000000 ) ) ;
#1845 = CARTESIAN_POINT ( 'NONE',  ( -0.009602048577555435949, -0.006627599448614027514, 0.06840709017634596933 ) ) ;
#1846 = COLOUR_RGB ( '',0.7921568627450980005, 0.8196078431372548767, 0.9333333333333333481 ) ;
#1847 = FILL_AREA_STYLE_COLOUR ( '', #3224 ) ;
#1848 = EDGE_CURVE ( 'NONE', #4442, #1869, #626, .T. ) ;
#1849 = STYLED_ITEM ( 'NONE', ( #3435 ), #63 ) ;
#1850 = VERTEX_POINT ( 'NONE', #2935 ) ;
#1851 = CARTESIAN_POINT ( 'NONE',  ( -0.01014401670998431836, -0.009599918435478933115, 0.06841209017634598821 ) ) ;
#1852 = AXIS2_PLACEMENT_3D ( 'NONE', #1063, #2968, #4201 ) ;
#1853 = DIRECTION ( 'NONE',  ( -0.0000000000000000000, 1.000000000000000000, -0.0000000000000000000 ) ) ;
#1854 = PLANE ( 'NONE',  #2811 ) ;
#1855 = ADVANCED_FACE ( 'NONE', ( #2086 ), #2889, .T. ) ;
#1856 = VERTEX_POINT ( 'NONE', #2555 ) ;
#1857 =( CONVERSION_BASED_UNIT ( 'INCH', #738 ) LENGTH_UNIT ( ) NAMED_UNIT ( #3987 ) );
#1858 = VECTOR ( 'NONE', #421, 39.37007874015748143 ) ;
#1859 = LENGTH_MEASURE_WITH_UNIT ( LENGTH_MEASURE( 0.02539999999999999897 ), #3314 );
#1860 = FILL_AREA_STYLE_COLOUR ( '', #1250 ) ;
#1861 = VECTOR ( 'NONE', #443, 39.37007874015748143 ) ;
#1862 = DIRECTION ( 'NONE',  ( -0.0000000000000000000, -1.000000000000000000, -0.0000000000000000000 ) ) ;
#1863 = ORIENTED_EDGE ( 'NONE', *, *, #3390, .T. ) ;
#1864 = CARTESIAN_POINT ( 'NONE',  ( 0.01630306236156760583, 0.003944950398218548433, 0.06841209017634597433 ) ) ;
#1865 = VECTOR ( 'NONE', #3070, 39.37007874015748143 ) ;
#1866 = CARTESIAN_POINT ( 'NONE',  ( 0.02828757842071490461, 0.004396386543808948784, 0.06841209017634598821 ) ) ;
#1867 = VECTOR ( 'NONE', #4445, 39.37007874015748143 ) ;
#1868 = DIRECTION ( 'NONE',  ( -0.0000000000000000000, -0.0000000000000000000, 1.000000000000000000 ) ) ;
#1869 = VERTEX_POINT ( 'NONE', #4040 ) ;
#1870 = FILL_AREA_STYLE_COLOUR ( '', #3367 ) ;
#1871 = STYLED_ITEM ( 'NONE', ( #834 ), #1996 ) ;
#1872 = CARTESIAN_POINT ( 'NONE',  ( 0.01790302390839162289, 0.01206660000975294696, 0.06841209017634598821 ) ) ;
#1873 = VECTOR ( 'NONE', #4550, 39.37007874015748143 ) ;
#1874 =( NAMED_UNIT ( * ) PLANE_ANGLE_UNIT ( ) SI_UNIT ( $, .RADIAN. ) );
#1875 = DIRECTION ( 'NONE',  ( 0.0000000000000000000, 0.9986295347545739443, 0.05233595624294389015 ) ) ;
#1876 = DIRECTION ( 'NONE',  ( -0.0000000000000000000, -1.000000000000000000, 0.0000000000000000000 ) ) ;
#1877 = ORIENTED_EDGE ( 'NONE', *, *, #704, .T. ) ;
#1878 = LINE ( 'NONE', #3077, #1129 ) ;
#1879 =( LENGTH_UNIT ( ) NAMED_UNIT ( * ) SI_UNIT ( $, .METRE. ) );
#1880 = CARTESIAN_POINT ( 'NONE',  ( -0.01536588451210191969, -0.01025326198251897553, 0.06840709017634598321 ) ) ;
#1881 = ORIENTED_EDGE ( 'NONE', *, *, #726, .F. ) ;
#1882 = CARTESIAN_POINT ( 'NONE',  ( 0.02813952383545203009, -0.02963952383545203489, 0.005412090176345997310 ) ) ;
#1883 = EDGE_CURVE ( 'NONE', #1850, #4604, #992, .T. ) ;
#1884 =( LENGTH_UNIT ( ) NAMED_UNIT ( * ) SI_UNIT ( $, .METRE. ) );
#1885 = LINE ( 'NONE', #3039, #848 ) ;
#1886 =( CONVERSION_BASED_UNIT ( 'INCH', #4587 ) LENGTH_UNIT ( ) NAMED_UNIT ( #1325 ) );
#1887 = VERTEX_POINT ( 'NONE', #2485 ) ;
#1888 = PRESENTATION_LAYER_ASSIGNMENT (  '', '', ( #647 ) ) ;
#1889 = PRESENTATION_LAYER_ASSIGNMENT (  '', '', ( #4048 ) ) ;
#1890 = EDGE_CURVE ( 'NONE', #3071, #4038, #4126, .T. ) ;
#1891 = CARTESIAN_POINT ( 'NONE',  ( 0.02861300970027350413, 0.0003177618706753523544, 0.06841209017634598821 ) ) ;
#1892 = CARTESIAN_POINT ( 'NONE',  ( 0.01392694580738769797, 0.002620974516809438867, 0.06841209017634598821 ) ) ;
#1893 = CARTESIAN_POINT ( 'NONE',  ( 0.02813952383545203009, -0.02963952383545203489, 0.006412090176345995596 ) ) ;
#1894 = CARTESIAN_POINT ( 'NONE',  ( 0.02164181967843513063, 0.01344895155484880471, 0.06841209017634598821 ) ) ;
#1895 = SURFACE_STYLE_USAGE ( .BOTH. , #413 ) ;
#1896 = DIRECTION ( 'NONE',  ( -1.000000000000000000, 0.0000000000000000000, 0.0000000000000000000 ) ) ;
#1897 =( NAMED_UNIT ( * ) PLANE_ANGLE_UNIT ( ) SI_UNIT ( $, .RADIAN. ) );
#1898 = ORIENTED_EDGE ( 'NONE', *, *, #6, .F. ) ;
#1899 = CARTESIAN_POINT ( 'NONE',  ( 0.01630306236156760583, 0.003944950398218548433, 0.06840709017634601097 ) ) ;
#1900 = SURFACE_STYLE_FILL_AREA ( #786 ) ;
#1901 = ORIENTED_EDGE ( 'NONE', *, *, #1230, .F. ) ;
#1902 =( NAMED_UNIT ( * ) SI_UNIT ( $, .STERADIAN. ) SOLID_ANGLE_UNIT ( ) );
#1903 = SURFACE_STYLE_FILL_AREA ( #3466 ) ;
#1904 = CARTESIAN_POINT ( 'NONE',  ( 0.02840278358330443689, -0.009641671313953784073, 0.06841209017634598821 ) ) ;
#1905 = CARTESIAN_POINT ( 'NONE',  ( 0.01426659363158085808, 0.005602868227890246168, 0.06840709017634598321 ) ) ;
#1906 = ORIENTED_EDGE ( 'NONE', *, *, #550, .F. ) ;
#1907 = EDGE_CURVE ( 'NONE', #916, #1133, #3718, .T. ) ;
#1908 = SURFACE_STYLE_FILL_AREA ( #3542 ) ;
#1909 = CARTESIAN_POINT ( 'NONE',  ( 0.0000000000000000000, -0.02963952383545203489, 0.006412090176345995596 ) ) ;
#1910 = MECHANICAL_DESIGN_GEOMETRIC_PRESENTATION_REPRESENTATION (  '', ( #193 ), #45 ) ;
#1911 = CARTESIAN_POINT ( 'NONE',  ( 0.02809212496217491570, -0.004588700249137648256, 0.06840709017634598321 ) ) ;
#1912 = PRESENTATION_STYLE_ASSIGNMENT (( #2763 ) ) ;
#1913 = ADVANCED_FACE ( 'NONE', ( #2221 ), #814, .F. ) ;
#1914 = CARTESIAN_POINT ( 'NONE',  ( 0.01890058912649821010, 0.01267718722609368319, 0.06841209017634598821 ) ) ;
#1915 =( GEOMETRIC_REPRESENTATION_CONTEXT ( 3 ) GLOBAL_UNCERTAINTY_ASSIGNED_CONTEXT ( ( #2723 ) ) GLOBAL_UNIT_ASSIGNED_CONTEXT ( ( #2887, #1326, #192 ) ) REPRESENTATION_CONTEXT ( 'NONE', 'WORKASPACE' ) );
#1916 = CARTESIAN_POINT ( 'NONE',  ( -0.009848450530648998613, -0.008551525306437926174, 0.06841209017634598821 ) ) ;
#1917 = FILL_AREA_STYLE ('',( #2371 ) ) ;
#1918 = CARTESIAN_POINT ( 'NONE',  ( -0.05873796110358478484, 0.02000000000000000042, 0.03691209017634599493 ) ) ;
#1919 = STYLED_ITEM ( 'NONE', ( #3795 ), #3173 ) ;
#1920 = CARTESIAN_POINT ( 'NONE',  ( 0.01615916876361068316, 0.002248097029657353078, 0.06840709017634598321 ) ) ;
#1921 = CARTESIAN_POINT ( 'NONE',  ( 0.02202785225643438122, -0.01024538606072465489, 0.06840709017634598321 ) ) ;
#1922 = PRESENTATION_LAYER_ASSIGNMENT (  '', '', ( #2327 ) ) ;
#1923 = UNCERTAINTY_MEASURE_WITH_UNIT (LENGTH_MEASURE( 1.000000000000000082E-05 ), #2795, 'distance_accuracy_value', 'NONE');
#1924 = FILL_AREA_STYLE_COLOUR ( '', #460 ) ;
#1925 = ORIENTED_EDGE ( 'NONE', *, *, #637, .T. ) ;
#1926 = LENGTH_MEASURE_WITH_UNIT ( LENGTH_MEASURE( 0.02539999999999999897 ), #3784 );
#1927 = LINE ( 'NONE', #2650, #1435 ) ;
#1928 = VECTOR ( 'NONE', #357, 39.37007874015748143 ) ;
#1929 = CARTESIAN_POINT ( 'NONE',  ( 0.01392729633105755684, -0.001990435003079898783, 0.06840709017634601097 ) ) ;
#1930 = DIRECTION ( 'NONE',  ( -1.000000000000000000, 0.0000000000000000000, -0.0000000000000000000 ) ) ;
#1931 =( GEOMETRIC_REPRESENTATION_CONTEXT ( 3 ) GLOBAL_UNCERTAINTY_ASSIGNED_CONTEXT ( ( #2175 ) ) GLOBAL_UNIT_ASSIGNED_CONTEXT ( ( #998, #3448, #1036 ) ) REPRESENTATION_CONTEXT ( 'NONE', 'WORKASPACE' ) );
#1932 = ORIENTED_EDGE ( 'NONE', *, *, #1341, .F. ) ;
#1933 = CARTESIAN_POINT ( 'NONE',  ( -0.01535734286382906162, -0.01282326377035029018, 0.06841209017634601597 ) ) ;
#1934 = ORIENTED_EDGE ( 'NONE', *, *, #401, .F. ) ;
#1935 = STYLED_ITEM ( 'NONE', ( #3799 ), #875 ) ;
#1936 = CARTESIAN_POINT ( 'NONE',  ( 0.02838718756898294879, -0.003084215387306381371, 0.06841209017634598821 ) ) ;
#1937 = CARTESIAN_POINT ( 'NONE',  ( 0.01743571670643844634, 0.01169626927843096451, 0.06841209017634598821 ) ) ;
#1938 = ORIENTED_EDGE ( 'NONE', *, *, #726, .T. ) ;
#1939 = DIRECTION ( 'NONE',  ( 0.0000000000000000000, 0.9986295347545739443, -0.05233595624294389015 ) ) ;
#1940 = DIRECTION ( 'NONE',  ( 0.0000000000000000000, 0.0000000000000000000, -1.000000000000000000 ) ) ;
#1941 = CARTESIAN_POINT ( 'NONE',  ( 0.02222779335411965984, 0.01345878751170099391, 0.06841209017634598821 ) ) ;
#1942 = MECHANICAL_DESIGN_GEOMETRIC_PRESENTATION_REPRESENTATION (  '', ( #3943 ), #3626 ) ;
#1943 = EDGE_CURVE ( 'NONE', #2919, #1952, #583, .T. ) ;
#1944 =( GEOMETRIC_REPRESENTATION_CONTEXT ( 3 ) GLOBAL_UNCERTAINTY_ASSIGNED_CONTEXT ( ( #3667 ) ) GLOBAL_UNIT_ASSIGNED_CONTEXT ( ( #3011, #4041, #649 ) ) REPRESENTATION_CONTEXT ( 'NONE', 'WORKASPACE' ) );
#1945 = PRESENTATION_STYLE_ASSIGNMENT (( #4221 ) ) ;
#1946 = FILL_AREA_STYLE_COLOUR ( '', #2405 ) ;
#1947 = LINE ( 'NONE', #2665, #778 ) ;
#1948 = CARTESIAN_POINT ( 'NONE',  ( -0.01505940834026322887, -0.01025185595671930863, 0.06840709017634598321 ) ) ;
#1949 = FILL_AREA_STYLE ('',( #2325 ) ) ;
#1950 = CARTESIAN_POINT ( 'NONE',  ( -0.02660748903173147314, -0.03011119384899940687, 0.06841209017634598821 ) ) ;
#1951 =( NAMED_UNIT ( * ) PLANE_ANGLE_UNIT ( ) SI_UNIT ( $, .RADIAN. ) );
#1952 = VERTEX_POINT ( 'NONE', #3467 ) ;
#1953 = CARTESIAN_POINT ( 'NONE',  ( 0.004574548161811964331, -0.01218223812932464796, 0.06840709017634598321 ) ) ;
#1954 = CARTESIAN_POINT ( 'NONE',  ( 0.01413071567649945744, -0.004040290064313739431, 0.06840709017634598321 ) ) ;
#1955 = PRESENTATION_STYLE_ASSIGNMENT (( #3855 ) ) ;
#1956 = CARTESIAN_POINT ( 'NONE',  ( 0.02222779335411965984, 0.01345878751170099391, 0.06840709017634598321 ) ) ;
#1957 = VERTEX_POINT ( 'NONE', #1294 ) ;
#1958 = ORIENTED_EDGE ( 'NONE', *, *, #3782, .F. ) ;
#1959 = PLANE ( 'NONE',  #1752 ) ;
#1960 = CARTESIAN_POINT ( 'NONE',  ( 0.03079535169258387425, 0.002534436009008798635, 0.06840709017634598321 ) ) ;
#1961 = ORIENTED_EDGE ( 'NONE', *, *, #1237, .T. ) ;
#1962 = DIRECTION ( 'NONE',  ( 1.000000000000000000, 0.0000000000000000000, 0.0000000000000000000 ) ) ;
#1963 = AXIS2_PLACEMENT_3D ( 'NONE', #2498, #2849, #2900 ) ;
#1964 = FILL_AREA_STYLE ('',( #479 ) ) ;
#1965 = CARTESIAN_POINT ( 'NONE',  ( 0.01790302390839162289, 0.01206660000975294696, 0.06840709017634598321 ) ) ;
#1966 =( NAMED_UNIT ( * ) SI_UNIT ( $, .STERADIAN. ) SOLID_ANGLE_UNIT ( ) );
#1967 = B_SPLINE_CURVE_WITH_KNOTS ( 'NONE', 3,
 ( #2168, #3695, #1790, #4470, #4807, #1056, #2559 ),
 .UNSPECIFIED., .F., .F.,
 ( 4, 1, 1, 1, 4 ),
 ( 0.0000000000000000000, 0.2629516255674885228, 0.5157066923583621953, 0.7621092269531081209, 1.000000000000000000 ),
 .UNSPECIFIED. ) ;
#1968 = CARTESIAN_POINT ( 'NONE',  ( 0.02731897182118986356, 0.007454724777023398127, 0.06841209017634602985 ) ) ;
#1969 = SURFACE_STYLE_FILL_AREA ( #529 ) ;
#1970 = CARTESIAN_POINT ( 'NONE',  ( 0.01392729633105755684, -0.001990435003079898783, 0.06841209017634600209 ) ) ;
#1971 = LINE ( 'NONE', #3896, #2743 ) ;
#1972 = DIMENSIONAL_EXPONENTS ( 1.000000000000000000, 0.0000000000000000000, 0.0000000000000000000, 0.0000000000000000000, 0.0000000000000000000, 0.0000000000000000000, 0.0000000000000000000 ) ;
#1973 = PRESENTATION_LAYER_ASSIGNMENT (  '', '', ( #1427 ) ) ;
#1974 =( GEOMETRIC_REPRESENTATION_CONTEXT ( 3 ) GLOBAL_UNCERTAINTY_ASSIGNED_CONTEXT ( ( #1755 ) ) GLOBAL_UNIT_ASSIGNED_CONTEXT ( ( #405, #4571, #1551 ) ) REPRESENTATION_CONTEXT ( 'NONE', 'WORKASPACE' ) );
#1975 = ORIENTED_EDGE ( 'NONE', *, *, #1724, .F. ) ;
#1976 = PRESENTATION_STYLE_ASSIGNMENT (( #3059 ) ) ;
#1977 = EDGE_CURVE ( 'NONE', #2832, #3866, #3853, .T. ) ;
#1978 = FACE_OUTER_BOUND ( 'NONE', #4575, .T. ) ;
#1979 = SURFACE_STYLE_FILL_AREA ( #3825 ) ;
#1980 = CARTESIAN_POINT ( 'NONE',  ( 0.02560465819095857076, 0.01267695351125286939, 0.06840709017634599709 ) ) ;
#1981 = CARTESIAN_POINT ( 'NONE',  ( 0.02340659237287637945, 0.01338177416445420799, 0.06841209017634598821 ) ) ;
#1982 = ORIENTED_EDGE ( 'NONE', *, *, #4188, .T. ) ;
#1983 = DIRECTION ( 'NONE',  ( -1.000000000000000000, 0.0000000000000000000, 0.0000000000000000000 ) ) ;
#1984 = ORIENTED_EDGE ( 'NONE', *, *, #4635, .T. ) ;
#1985 = LINE ( 'NONE', #3519, #2790 ) ;
#1986 = DIRECTION ( 'NONE',  ( 0.0000000000000000000, -1.000000000000000000, 0.0000000000000000000 ) ) ;
#1987 = CARTESIAN_POINT ( 'NONE',  ( 0.01549518495134652105, 0.009233863346042430961, 0.06841209017634598821 ) ) ;
#1988 =( NAMED_UNIT ( * ) SI_UNIT ( $, .STERADIAN. ) SOLID_ANGLE_UNIT ( ) );
#1989 =( GEOMETRIC_REPRESENTATION_CONTEXT ( 3 ) GLOBAL_UNCERTAINTY_ASSIGNED_CONTEXT ( ( #2557 ) ) GLOBAL_UNIT_ASSIGNED_CONTEXT ( ( #794, #427, #3106 ) ) REPRESENTATION_CONTEXT ( 'NONE', 'WORKASPACE' ) );
#1990 = SURFACE_STYLE_USAGE ( .BOTH. , #921 ) ;
#1991 = STYLED_ITEM ( 'NONE', ( #3143 ), #3837 ) ;
#1992 = DIRECTION ( 'NONE',  ( 0.05226442768871395611, -0.05226442768871395611, 0.9972646886342373396 ) ) ;
#1993 = CARTESIAN_POINT ( 'NONE',  ( 0.02778130131968272257, 0.006355335913718025004, 0.06841209017634601597 ) ) ;
#1994 = CARTESIAN_POINT ( 'NONE',  ( -0.01331089306042227381, -0.009630380657268112349, 0.06840709017634599709 ) ) ;
#1995 =( GEOMETRIC_REPRESENTATION_CONTEXT ( 3 ) GLOBAL_UNCERTAINTY_ASSIGNED_CONTEXT ( ( #2525 ) ) GLOBAL_UNIT_ASSIGNED_CONTEXT ( ( #250, #199, #3617 ) ) REPRESENTATION_CONTEXT ( 'NONE', 'WORKASPACE' ) );
#1996 = MANIFOLD_SOLID_BREP ( 'Tantalum Cap Top-1-solid2', #3288 ) ;
#1997 = SURFACE_SIDE_STYLE ('',( #232 ) ) ;
#1998 = EDGE_CURVE ( 'NONE', #2397, #1789, #911, .T. ) ;
#1999 = VECTOR ( 'NONE', #1085, 39.37007874015748854 ) ;
#2000 =( CONVERSION_BASED_UNIT ( 'INCH', #857 ) LENGTH_UNIT ( ) NAMED_UNIT ( #3090 ) );
#2001 = VERTEX_POINT ( 'NONE', #1653 ) ;
#2002 = DIRECTION ( 'NONE',  ( -0.0000000000000000000, -1.000000000000000000, 0.0000000000000000000 ) ) ;
#2003 = EDGE_CURVE ( 'NONE', #4397, #3177, #863, .T. ) ;
#2004 =( NAMED_UNIT ( * ) PLANE_ANGLE_UNIT ( ) SI_UNIT ( $, .RADIAN. ) );
#2005 = CARTESIAN_POINT ( 'NONE',  ( 0.02942296822024539904, 0.008518101138052897384, 0.06841209017634594658 ) ) ;
#2006 = CARTESIAN_POINT ( 'NONE',  ( -0.01177160568434188273, -0.003813848706247725123, 0.06841209017634598821 ) ) ;
#2007 = ORIENTED_EDGE ( 'NONE', *, *, #846, .F. ) ;
#2008 = CARTESIAN_POINT ( 'NONE',  ( -0.02057974098317143577, -0.01066814120231924894, 0.06840709017634599709 ) ) ;
#2009 = VECTOR ( 'NONE', #1017, 39.37007874015748143 ) ;
#2010 = ORIENTED_EDGE ( 'NONE', *, *, #2203, .F. ) ;
#2011 = DIMENSIONAL_EXPONENTS ( 1.000000000000000000, 0.0000000000000000000, 0.0000000000000000000, 0.0000000000000000000, 0.0000000000000000000, 0.0000000000000000000, 0.0000000000000000000 ) ;
#2012 = FILL_AREA_STYLE_COLOUR ( '', #1135 ) ;
#2013 =( CONVERSION_BASED_UNIT ( 'INCH', #3863 ) LENGTH_UNIT ( ) NAMED_UNIT ( #1631 ) );
#2014 = STYLED_ITEM ( 'NONE', ( #3621 ), #306 ) ;
#2015 = UNCERTAINTY_MEASURE_WITH_UNIT (LENGTH_MEASURE( 1.000000000000000082E-05 ), #4132, 'distance_accuracy_value', 'NONE');
#2016 = CARTESIAN_POINT ( 'NONE',  ( 0.01687412717068662374, 0.006584459953671271265, 0.06841209017634598821 ) ) ;
#2017 = SURFACE_SIDE_STYLE ('',( #3548 ) ) ;
#2018 = FILL_AREA_STYLE_COLOUR ( '', #273 ) ;
#2019 = STYLED_ITEM ( 'NONE', ( #2671 ), #603 ) ;
#2020 = DIRECTION ( 'NONE',  ( 0.0000000000000000000, 0.0000000000000000000, -1.000000000000000000 ) ) ;
#2021 = CARTESIAN_POINT ( 'NONE',  ( 0.02800240206047281341, -0.01015151886447428556, 0.06841209017634601597 ) ) ;
#2022 = CARTESIAN_POINT ( 'NONE',  ( 0.02841184428565845729, 0.003662455810205444192, 0.06841209017634604372 ) ) ;
#2023 = SURFACE_STYLE_FILL_AREA ( #1917 ) ;
#2024 =( LENGTH_UNIT ( ) NAMED_UNIT ( * ) SI_UNIT ( $, .METRE. ) );
#2025 = MECHANICAL_DESIGN_GEOMETRIC_PRESENTATION_REPRESENTATION (  '', ( #854 ), #1944 ) ;
#2026 = CARTESIAN_POINT ( 'NONE',  ( 0.02725330547936481024, -0.006971739589847189555, 0.06841209017634598821 ) ) ;
#2027 = AXIS2_PLACEMENT_3D ( 'NONE', #700, #743, #4423 ) ;
#2028 = VERTEX_POINT ( 'NONE', #3930 ) ;
#2029 = FACE_OUTER_BOUND ( 'NONE', #1291, .T. ) ;
#2030 = PRESENTATION_STYLE_ASSIGNMENT (( #984 ) ) ;
#2031 = COLOUR_RGB ( '',0.7921568627450980005, 0.8196078431372548767, 0.9333333333333333481 ) ;
#2032 = CARTESIAN_POINT ( 'NONE',  ( 0.01428059392887714649, -0.004962556972209338120, 0.06840709017634598321 ) ) ;
#2033 =( LENGTH_UNIT ( ) NAMED_UNIT ( * ) SI_UNIT ( $, .METRE. ) );
#2034 = CARTESIAN_POINT ( 'NONE',  ( 0.03022931041446076661, 0.006309466229725734648, 0.06840709017634598321 ) ) ;
#2035 = ORIENTED_EDGE ( 'NONE', *, *, #1200, .F. ) ;
#2036 = ORIENTED_EDGE ( 'NONE', *, *, #4438, .F. ) ;
#2037 = PLANE ( 'NONE',  #2076 ) ;
#2038 = ADVANCED_FACE ( 'NONE', ( #3880 ), #3901, .F. ) ;
#2039 = PRESENTATION_STYLE_ASSIGNMENT (( #2707 ) ) ;
#2040 = PRESENTATION_STYLE_ASSIGNMENT (( #553 ) ) ;
#2041 = CARTESIAN_POINT ( 'NONE',  ( 0.01877104665180290635, 0.009522578203405566988, 0.06841209017634596046 ) ) ;
#2042 = DIRECTION ( 'NONE',  ( 0.0000000000000000000, -0.0000000000000000000, -1.000000000000000000 ) ) ;
#2043 = EDGE_CURVE ( 'NONE', #3319, #2588, #3606, .T. ) ;
#2044 = DIRECTION ( 'NONE',  ( 0.0000000000000000000, -1.000000000000000000, 0.0000000000000000000 ) ) ;
#2045 = DIMENSIONAL_EXPONENTS ( 1.000000000000000000, 0.0000000000000000000, 0.0000000000000000000, 0.0000000000000000000, 0.0000000000000000000, 0.0000000000000000000, 0.0000000000000000000 ) ;
#2046 = CARTESIAN_POINT ( 'NONE',  ( 0.02242668554777924733, -0.01282036849922741847, 0.06840709017634598321 ) ) ;
#2047 = CARTESIAN_POINT ( 'NONE',  ( 0.01467746439733063485, -0.006607305648041700979, 0.06841209017634598821 ) ) ;
#2048 = SURFACE_STYLE_USAGE ( .BOTH. , #4047 ) ;
#2049 = B_SPLINE_CURVE_WITH_KNOTS ( 'NONE', 3,
 ( #3294, #1402, #1522, #1572, #402, #2534, #1905, #1180, #4074, #3809, #3083, #2625, #678, #1497, #2173, #2676, #815, #3698, #2307, #3010, #3826, #2513, #1125, #3469, #766, #2266, #78 ),
 .UNSPECIFIED., .F., .F.,
 ( 4, 1, 1, 1, 1, 1, 1, 1, 1, 1, 1, 1, 1, 1, 1, 1, 1, 1, 1, 1, 1, 1, 1, 1, 4 ),
 ( 0.0000000000000000000, 0.06859462225874242425, 0.1332460424433008217, 0.1943125864682561377, 0.2512792231169660995, 0.3045134392563465520, 0.3542349066533247992, 0.4004805887739886772, 0.4434107549384915248, 0.4840148686163447955, 0.5232523007732027276, 0.5610423727283598838, 0.5979002393643996216, 0.6335184888561953276, 0.6683143511696510997, 0.7024956712863813513, 0.7366853535134579856, 0.7702931693607885100, 0.8034372550192485640, 0.8359129516660283032, 0.8684602457892905969, 0.9008465382431821711, 0.9334665246307075614, 0.9662575752981228394, 1.000000000000000000 ),
 .UNSPECIFIED. ) ;
#2050 = COLOUR_RGB ( '',0.7921568627450980005, 0.8196078431372548767, 0.9333333333333333481 ) ;
#2051 = VECTOR ( 'NONE', #3119, 39.37007874015748143 ) ;
#2052 = CARTESIAN_POINT ( 'NONE',  ( 0.002330958418222218304, 0.01025365930657278976, 0.06841209017634598821 ) ) ;
#2053 = SURFACE_STYLE_FILL_AREA ( #1769 ) ;
#2054 = VERTEX_POINT ( 'NONE', #4743 ) ;
#2055 =( NAMED_UNIT ( * ) SI_UNIT ( $, .STERADIAN. ) SOLID_ANGLE_UNIT ( ) );
#2056 = FILL_AREA_STYLE_COLOUR ( '', #4766 ) ;
#2057 = ORIENTED_EDGE ( 'NONE', *, *, #751, .T. ) ;
#2058 = CARTESIAN_POINT ( 'NONE',  ( -0.02138699029972649865, -0.009938648385734903667, 0.06840709017634598321 ) ) ;
#2059 = ORIENTED_EDGE ( 'NONE', *, *, #3591, .T. ) ;
#2060 = EDGE_CURVE ( 'NONE', #1749, #3935, #1775, .T. ) ;
#2061 = CARTESIAN_POINT ( 'NONE',  ( 0.01611381360766793447, 0.0006533574660501806786, 0.06841209017634598821 ) ) ;
#2062 = CARTESIAN_POINT ( 'NONE',  ( 0.01843474169911181806, 0.009198389245845114623, 0.06841209017634594658 ) ) ;
#2063 = CARTESIAN_POINT ( 'NONE',  ( 0.004574548161811964331, -0.01218223812932464796, 0.06840709017634598321 ) ) ;
#2064 = PRESENTATION_LAYER_ASSIGNMENT (  '', '', ( #1829 ) ) ;
#2065 =( CONVERSION_BASED_UNIT ( 'INCH', #3746 ) LENGTH_UNIT ( ) NAMED_UNIT ( #1819 ) );
#2066 = CARTESIAN_POINT ( 'NONE',  ( 0.02841184428565845729, 0.003662455810205444192, 0.06840709017634601097 ) ) ;
#2067 = EDGE_CURVE ( 'NONE', #4483, #4165, #1387, .T. ) ;
#2068 = CARTESIAN_POINT ( 'NONE',  ( 0.01622051060994842905, -0.009728284679489301867, 0.06841209017634598821 ) ) ;
#2069 = CARTESIAN_POINT ( 'NONE',  ( -0.01177268886892822615, -0.004057569933319097807, 0.06840709017634598321 ) ) ;
#2070 = LENGTH_MEASURE_WITH_UNIT ( LENGTH_MEASURE( 0.02539999999999999897 ), #2024 );
#2071 =( GEOMETRIC_REPRESENTATION_CONTEXT ( 3 ) GLOBAL_UNCERTAINTY_ASSIGNED_CONTEXT ( ( #1923 ) ) GLOBAL_UNIT_ASSIGNED_CONTEXT ( ( #2795, #210, #1652 ) ) REPRESENTATION_CONTEXT ( 'NONE', 'WORKASPACE' ) );
#2072 = DIMENSIONAL_EXPONENTS ( 1.000000000000000000, 0.0000000000000000000, 0.0000000000000000000, 0.0000000000000000000, 0.0000000000000000000, 0.0000000000000000000, 0.0000000000000000000 ) ;
#2073 = SURFACE_STYLE_USAGE ( .BOTH. , #4738 ) ;
#2074 = MECHANICAL_DESIGN_GEOMETRIC_PRESENTATION_REPRESENTATION (  '', ( #2319 ), #1995 ) ;
#2075 = DIRECTION ( 'NONE',  ( 0.0000000000000000000, 0.0000000000000000000, -1.000000000000000000 ) ) ;
#2076 = AXIS2_PLACEMENT_3D ( 'NONE', #169, #3959, #3212 ) ;
#2077 =( NAMED_UNIT ( * ) PLANE_ANGLE_UNIT ( ) SI_UNIT ( $, .RADIAN. ) );
#2078 = CARTESIAN_POINT ( 'NONE',  ( 0.02974081556624241438, -0.007186064808201742329, 0.06840709017634598321 ) ) ;
#2079 = CARTESIAN_POINT ( 'NONE',  ( 0.03079535169258387425, 0.002534436009008798635, 0.06840709017634598321 ) ) ;
#2080 = VERTEX_POINT ( 'NONE', #2132 ) ;
#2081 = LENGTH_MEASURE_WITH_UNIT ( LENGTH_MEASURE( 0.02539999999999999897 ), #2482 );
#2082 = EDGE_LOOP ( 'NONE', ( #3265, #4612, #547, #1247 ) ) ;
#2083 = MECHANICAL_DESIGN_GEOMETRIC_PRESENTATION_REPRESENTATION (  '', ( #1919 ), #2556 ) ;
#2084 = CARTESIAN_POINT ( 'NONE',  ( -0.06415338570894128789, 0.02000000000000000389, 0.04191209017634599243 ) ) ;
#2085 = MECHANICAL_DESIGN_GEOMETRIC_PRESENTATION_REPRESENTATION (  '', ( #2781 ), #996 ) ;
#2086 = FACE_OUTER_BOUND ( 'NONE', #4729, .T. ) ;
#2087 = VECTOR ( 'NONE', #2471, 39.37007874015748143 ) ;
#2088 = CARTESIAN_POINT ( 'NONE',  ( -0.02660748903173146274, 0.03011119384899940687, 0.06841209017634598821 ) ) ;
#2089 = ORIENTED_EDGE ( 'NONE', *, *, #4317, .T. ) ;
#2090 = LENGTH_MEASURE_WITH_UNIT ( LENGTH_MEASURE( 0.02539999999999999897 ), #4731 );
#2091 = COLOUR_RGB ( '',0.5019607843137254832, 0.5019607843137254832, 0.5019607843137254832 ) ;
#2092 = CARTESIAN_POINT ( 'NONE',  ( 0.02066485439165986412, -0.01000077025795725535, 0.06840709017634599709 ) ) ;
#2093 = CARTESIAN_POINT ( 'NONE',  ( 0.02453906096073883367, -0.01247570681539297323, 0.06841209017634601597 ) ) ;
#2094 = FILL_AREA_STYLE ('',( #2840 ) ) ;
#2095 = CYLINDRICAL_SURFACE ( 'NONE', #3210, 0.005000000000000000104 ) ;
#2096 = CARTESIAN_POINT ( 'NONE',  ( 0.05373796110358478040, 0.02000000000000000042, 0.004999999999999997502 ) ) ;
#2097 =( CONVERSION_BASED_UNIT ( 'INCH', #2146 ) LENGTH_UNIT ( ) NAMED_UNIT ( #100 ) );
#2098 = CARTESIAN_POINT ( 'NONE',  ( -0.05915338570894129039, -0.02000000000000000389, 0.004999999999999997502 ) ) ;
#2099 = MECHANICAL_DESIGN_GEOMETRIC_PRESENTATION_REPRESENTATION (  '', ( #2898 ), #4701 ) ;
#2100 = CARTESIAN_POINT ( 'NONE',  ( 0.02066485439165986412, -0.01000077025795725535, 0.06841209017634600209 ) ) ;
#2101 = FACE_OUTER_BOUND ( 'NONE', #1149, .T. ) ;
#2102 = CARTESIAN_POINT ( 'NONE',  ( 0.02560465819095857076, 0.01267695351125286939, 0.06841209017634600209 ) ) ;
#2103 = ORIENTED_EDGE ( 'NONE', *, *, #2067, .F. ) ;
#2104 = CARTESIAN_POINT ( 'NONE',  ( -0.05873796110358478484, 0.02000000000000000042, 0.009999999999999995004 ) ) ;
#2105 = SURFACE_STYLE_FILL_AREA ( #162 ) ;
#2106 = EDGE_CURVE ( 'NONE', #1487, #2190, #4799, .T. ) ;
#2107 = MECHANICAL_DESIGN_GEOMETRIC_PRESENTATION_REPRESENTATION (  '', ( #4563 ), #1557 ) ;
#2108 = SURFACE_STYLE_FILL_AREA ( #1676 ) ;
#2109 = CARTESIAN_POINT ( 'NONE',  ( 0.02944502477804790408, -0.007864291400093115572, 0.06840709017634598321 ) ) ;
#2110 =( NAMED_UNIT ( * ) SI_UNIT ( $, .STERADIAN. ) SOLID_ANGLE_UNIT ( ) );
#2111 = VERTEX_POINT ( 'NONE', #4347 ) ;
#2112 = CARTESIAN_POINT ( 'NONE',  ( -0.01900690142851094513, -0.01180397222357886140, 0.06840709017634598321 ) ) ;
#2113 =( GEOMETRIC_REPRESENTATION_CONTEXT ( 3 ) GLOBAL_UNCERTAINTY_ASSIGNED_CONTEXT ( ( #897 ) ) GLOBAL_UNIT_ASSIGNED_CONTEXT ( ( #1271, #2077, #3658 ) ) REPRESENTATION_CONTEXT ( 'NONE', 'WORKASPACE' ) );
#2114 = FILL_AREA_STYLE ('',( #625 ) ) ;
#2115 = CARTESIAN_POINT ( 'NONE',  ( 0.03085194526854951463, -7.456778311499494933E-05, 0.06841209017634598821 ) ) ;
#2116 = UNCERTAINTY_MEASURE_WITH_UNIT (LENGTH_MEASURE( 1.000000000000000082E-05 ), #3222, 'distance_accuracy_value', 'NONE');
#2117 = CARTESIAN_POINT ( 'NONE',  ( 0.01924864512685715498, 0.009896423285131645403, 0.06841209017634598821 ) ) ;
#2118 = EDGE_LOOP ( 'NONE', ( #2879, #3610, #2732, #1023 ) ) ;
#2119 = CARTESIAN_POINT ( 'NONE',  ( 0.01630306236156760583, 0.003944950398218548433, 0.06840709017634601097 ) ) ;
#2120 = CARTESIAN_POINT ( 'NONE',  ( 0.02756870356909430636, -0.01061221616912808724, 0.06840709017634598321 ) ) ;
#2121 = CARTESIAN_POINT ( 'NONE',  ( 0.01492852627958004413, -0.007329840847040179977, 0.06841209017634598821 ) ) ;
#2122 = FACE_OUTER_BOUND ( 'NONE', #3236, .T. ) ;
#2123 = LINE ( 'NONE', #3350, #449 ) ;
#2124 =( NAMED_UNIT ( * ) PLANE_ANGLE_UNIT ( ) SI_UNIT ( $, .RADIAN. ) );
#2125 = DIRECTION ( 'NONE',  ( 0.0000000000000000000, 0.0000000000000000000, 1.000000000000000000 ) ) ;
#2126 = DIRECTION ( 'NONE',  ( -0.05226442768871395611, -0.05226442768871395611, -0.9972646886342373396 ) ) ;
#2127 = ADVANCED_FACE ( 'NONE', ( #3233 ), #2904, .T. ) ;
#2128 = EDGE_LOOP ( 'NONE', ( #2246, #9, #4158, #1437 ) ) ;
#2129 = CARTESIAN_POINT ( 'NONE',  ( 0.02581167464760432753, 0.009515837433523920835, 0.06840709017634598321 ) ) ;
#2130 = MECHANICAL_DESIGN_GEOMETRIC_PRESENTATION_REPRESENTATION (  '', ( #879 ), #4045 ) ;
#2131 = CARTESIAN_POINT ( 'NONE',  ( 0.01891300432978215706, -0.01205197608387690959, 0.06841209017634600209 ) ) ;
#2132 = CARTESIAN_POINT ( 'NONE',  ( -0.02813952383545203009, 0.02963952383545203489, 0.005412090176345997310 ) ) ;
#2133 = CARTESIAN_POINT ( 'NONE',  ( 0.03058753875307297643, -0.003907629446942817095, 0.06840709017634601097 ) ) ;
#2134 = CARTESIAN_POINT ( 'NONE',  ( 0.03084301658573628674, 0.001440004647289049554, 0.06841209017634597433 ) ) ;
#2135 = ADVANCED_FACE ( 'NONE', ( #663 ), #2157, .T. ) ;
#2136 = EDGE_LOOP ( 'NONE', ( #266, #3877, #4330, #3759 ) ) ;
#2137 = CARTESIAN_POINT ( 'NONE',  ( 0.02230291354642734494, 0.01089468494759842851, 0.06841209017634598821 ) ) ;
#2138 = CARTESIAN_POINT ( 'NONE',  ( 0.03070332438384991772, -0.002937554715094830345, 0.06841209017634600209 ) ) ;
#2139 =( LENGTH_UNIT ( ) NAMED_UNIT ( * ) SI_UNIT ( $, .METRE. ) );
#2140 = STYLED_ITEM ( 'NONE', ( #3939 ), #3325 ) ;
#2141 = LINE ( 'NONE', #3590, #4541 ) ;
#2142 = DIMENSIONAL_EXPONENTS ( 1.000000000000000000, 0.0000000000000000000, 0.0000000000000000000, 0.0000000000000000000, 0.0000000000000000000, 0.0000000000000000000, 0.0000000000000000000 ) ;
#2143 = CARTESIAN_POINT ( 'NONE',  ( 0.01640659504783627959, -0.004051494431975013154, 0.06840709017634598321 ) ) ;
#2144 = CARTESIAN_POINT ( 'NONE',  ( -0.05761119384899940354, -0.03011119384899940687, 0.06841209017634598821 ) ) ;
#2145 = CARTESIAN_POINT ( 'NONE',  ( 0.01792315261757675832, -0.01145105115248941201, 0.06841209017634598821 ) ) ;
#2146 = LENGTH_MEASURE_WITH_UNIT ( LENGTH_MEASURE( 0.02539999999999999897 ), #654 );
#2147 = FILL_AREA_STYLE ('',( #3630 ) ) ;
#2148 = CARTESIAN_POINT ( 'NONE',  ( -0.06415338570894128789, 0.02000000000000000389, 0.04191209017634599243 ) ) ;
#2149 = FILL_AREA_STYLE_COLOUR ( '', #4332 ) ;
#2150 = CARTESIAN_POINT ( 'NONE',  ( -0.01290885458126587830, -0.009291584795128352350, 0.06841209017634598821 ) ) ;
#2151 = CARTESIAN_POINT ( 'NONE',  ( 0.02972821590009252016, 0.007838240653473989988, 0.06841209017634598821 ) ) ;
#2152 = PRESENTATION_LAYER_ASSIGNMENT (  '', '', ( #2542 ) ) ;
#2153 = VERTEX_POINT ( 'NONE', #366 ) ;
#2154 = CARTESIAN_POINT ( 'NONE',  ( 0.02778130131968272257, 0.006355335913718025004, 0.06840709017634598321 ) ) ;
#2155 = CARTESIAN_POINT ( 'NONE',  ( 0.01660361129292933779, -0.01022455555883014511, 0.06841209017634598821 ) ) ;
#2156 = ADVANCED_FACE ( 'NONE', ( #3415 ), #3001, .T. ) ;
#2157 = PLANE ( 'NONE',  #1249 ) ;
#2158 =( LENGTH_UNIT ( ) NAMED_UNIT ( * ) SI_UNIT ( $, .METRE. ) );
#2159 =( NAMED_UNIT ( * ) PLANE_ANGLE_UNIT ( ) SI_UNIT ( $, .RADIAN. ) );
#2160 = EDGE_LOOP ( 'NONE', ( #1593, #2709, #3933, #4303 ) ) ;
#2161 = LINE ( 'NONE', #113, #1363 ) ;
#2162 = PRESENTATION_STYLE_ASSIGNMENT (( #2932 ) ) ;
#2163 = CARTESIAN_POINT ( 'NONE',  ( 0.02766649527719658441, -0.005967294219068238099, 0.06841209017634597433 ) ) ;
#2164 = CARTESIAN_POINT ( 'NONE',  ( -0.02110962159821970843, -0.01018930016226165559, 0.06841209017634598821 ) ) ;
#2165 = CARTESIAN_POINT ( 'NONE',  ( 0.02848256653967831328, -0.002281074665799356308, 0.06841209017634598821 ) ) ;
#2166 = VECTOR ( 'NONE', #4288, 39.37007874015748143 ) ;
#2167 = ORIENTED_EDGE ( 'NONE', *, *, #4149, .F. ) ;
#2168 = CARTESIAN_POINT ( 'NONE',  ( -0.01686976273562393672, -0.009898584283170804715, 0.06841209017634598821 ) ) ;
#2169 =( NAMED_UNIT ( * ) PLANE_ANGLE_UNIT ( ) SI_UNIT ( $, .RADIAN. ) );
#2170 = CARTESIAN_POINT ( 'NONE',  ( 0.01707651642067459577, -0.006457807284680854715, 0.06840709017634596933 ) ) ;
#2171 = COLOUR_RGB ( '',0.7921568627450980005, 0.8196078431372548767, 0.9333333333333333481 ) ;
#2172 = VECTOR ( 'NONE', #2917, 39.37007874015748143 ) ;
#2173 = CARTESIAN_POINT ( 'NONE',  ( 0.01658056908690719658, 0.01083517347141429131, 0.06840709017634598321 ) ) ;
#2174 = LINE ( 'NONE', #2144, #4319 ) ;
#2175 = UNCERTAINTY_MEASURE_WITH_UNIT (LENGTH_MEASURE( 1.000000000000000082E-05 ), #998, 'distance_accuracy_value', 'NONE');
#2176 = CARTESIAN_POINT ( 'NONE',  ( 0.02661563939925819591, 0.01206050533517363799, 0.06840709017634598321 ) ) ;
#2177 = EDGE_LOOP ( 'NONE', ( #4656, #362, #859, #4054 ) ) ;
#2178 = PRESENTATION_LAYER_ASSIGNMENT (  '', '', ( #2409 ) ) ;
#2179 = SURFACE_STYLE_USAGE ( .BOTH. , #4410 ) ;
#2180 = SURFACE_STYLE_USAGE ( .BOTH. , #3750 ) ;
#2181 = ORIENTED_EDGE ( 'NONE', *, *, #4534, .F. ) ;
#2182 = CARTESIAN_POINT ( 'NONE',  ( 0.02470959267886115029, 0.01028708218070078888, 0.06840709017634598321 ) ) ;
#2183 = CARTESIAN_POINT ( 'NONE',  ( -0.01444173561678268290, -0.01279540670059027899, 0.06840709017634598321 ) ) ;
#2184 = VECTOR ( 'NONE', #3951, 39.37007874015748143 ) ;
#2185 = SURFACE_STYLE_USAGE ( .BOTH. , #3710 ) ;
#2186 = UNCERTAINTY_MEASURE_WITH_UNIT (LENGTH_MEASURE( 1.000000000000000082E-05 ), #1270, 'distance_accuracy_value', 'NONE');
#2187 = DIRECTION ( 'NONE',  ( 0.0000000000000000000, 0.0000000000000000000, 1.000000000000000000 ) ) ;
#2188 = CARTESIAN_POINT ( 'NONE',  ( 0.03085659944386324322, 0.0003077458450343269658, 0.06840709017634598321 ) ) ;
#2189 = VECTOR ( 'NONE', #947, 39.37007874015748854 ) ;
#2190 = VERTEX_POINT ( 'NONE', #1094 ) ;
#2191 = PRESENTATION_LAYER_ASSIGNMENT (  '', '', ( #4563 ) ) ;
#2192 = SURFACE_SIDE_STYLE ('',( #5 ) ) ;
#2193 = VECTOR ( 'NONE', #3524, 39.37007874015748854 ) ;
#2194 = VECTOR ( 'NONE', #2853, 39.37007874015748143 ) ;
#2195 = DIRECTION ( 'NONE',  ( 1.000000000000000000, 0.0000000000000000000, 0.0000000000000000000 ) ) ;
#2196 = VERTEX_POINT ( 'NONE', #25 ) ;
#2197 = CARTESIAN_POINT ( 'NONE',  ( -0.03515338570894128989, 0.02000000000000000042, 0.004999999999999997502 ) ) ;
#2198 = EDGE_CURVE ( 'NONE', #4559, #1372, #3335, .T. ) ;
#2199 = PRESENTATION_LAYER_ASSIGNMENT (  '', '', ( #4338 ) ) ;
#2200 = CARTESIAN_POINT ( 'NONE',  ( 0.01621770757847079344, -0.002484326225011149279, 0.06840709017634598321 ) ) ;
#2201 = DIRECTION ( 'NONE',  ( 0.0000000000000000000, 0.05233595624294387627, -0.9986295347545738332 ) ) ;
#2202 = CARTESIAN_POINT ( 'NONE',  ( 0.02875192916212330335, 0.009750350956681134995, 0.06840709017634598321 ) ) ;
#2203 = EDGE_CURVE ( 'NONE', #1299, #3829, #2545, .T. ) ;
#2204 = FILL_AREA_STYLE_COLOUR ( '', #2171 ) ;
#2205 = FACE_OUTER_BOUND ( 'NONE', #3041, .T. ) ;
#2206 = SURFACE_SIDE_STYLE ('',( #710 ) ) ;
#2207 = FILL_AREA_STYLE_COLOUR ( '', #66 ) ;
#2208 = CARTESIAN_POINT ( 'NONE',  ( -0.009665870095337368226, -0.007342731212847882459, 0.06840709017634598321 ) ) ;
#2209 = CARTESIAN_POINT ( 'NONE',  ( 0.05899999999999998995, 0.03150000000000000022, 0.04191209017634599243 ) ) ;
#2210 = B_SPLINE_SURFACE_WITH_KNOTS ( 'NONE', 3, 1, ( 
 ( #1122, #1392 ),
 ( #373, #3395 ),
 ( #1465, #2983 ),
 ( #3007, #4 ),
 ( #4776, #2621 ),
 ( #4493, #2574 ),
 ( #1806, #718 ),
 ( #1099, #1029 ),
 ( #4825, #2597 ),
 ( #2910, #4138 ),
 ( #763, #741 ),
 ( #2239, #4804 ),
 ( #2529, #3760 ),
 ( #3687, #1052 ),
 ( #4065, #2163 ) ),
 .UNSPECIFIED., .F., .F., .F.,
 ( 4, 1, 1, 1, 1, 1, 1, 1, 1, 1, 1, 1, 4 ),
 ( 2, 2 ),
 ( 0.0000000000000000000, 0.1128134007444582532, 0.2253938839207290379, 0.3395948145627008530, 0.4596754102248639118, 0.5217351900879326765, 0.5839258387389161253, 0.6481741447653693866, 0.7138810381130660243, 0.7810044549073893450, 0.8514509275565550483, 0.9240506926641777197, 1.000000000000000000 ),
 ( 0.0000000000000000000, 1.000000000000000000 ),
 .UNSPECIFIED. ) ;
#2211 = ORIENTED_EDGE ( 'NONE', *, *, #3812, .T. ) ;
#2212 = CARTESIAN_POINT ( 'NONE',  ( -0.01141811516088242495, -0.01143943533540398884, 0.06841209017634598821 ) ) ;
#2213 = CARTESIAN_POINT ( 'NONE',  ( -0.05915338570894129039, 0.02000000000000000389, 0.04191209017634599243 ) ) ;
#2214 = FILL_AREA_STYLE_COLOUR ( '', #3697 ) ;
#2215 = VECTOR ( 'NONE', #2044, 39.37007874015748143 ) ;
#2216 = ORIENTED_EDGE ( 'NONE', *, *, #2865, .F. ) ;
#2217 = CARTESIAN_POINT ( 'NONE',  ( 0.004574548161811964331, 0.01281776187067535343, 0.06840709017634598321 ) ) ;
#2218 = DIMENSIONAL_EXPONENTS ( 1.000000000000000000, 0.0000000000000000000, 0.0000000000000000000, 0.0000000000000000000, 0.0000000000000000000, 0.0000000000000000000, 0.0000000000000000000 ) ;
#2219 = SURFACE_STYLE_USAGE ( .BOTH. , #3736 ) ;
#2220 = LINE ( 'NONE', #374, #3004 ) ;
#2221 = FACE_OUTER_BOUND ( 'NONE', #3088, .T. ) ;
#2222 = PRESENTATION_STYLE_ASSIGNMENT (( #4068 ) ) ;
#2223 = VERTEX_POINT ( 'NONE', #4085 ) ;
#2224 = B_SPLINE_CURVE_WITH_KNOTS ( 'NONE', 3,
 ( #3087, #4591, #2366, #3141, #2510, #598, #3643, #4681, #4751, #1371, #523, #3264, #1328, #4379, #3569, #2892, #219, #2835, #627 ),
 .UNSPECIFIED., .F., .F.,
 ( 4, 1, 1, 1, 1, 1, 1, 1, 1, 1, 1, 1, 1, 1, 1, 1, 4 ),
 ( 0.0000000000000000000, 0.06232636599144009831, 0.1231962451944467046, 0.1840362202545514636, 0.2469640854288924214, 0.3106993957895708980, 0.3732676370734430149, 0.4365875799673885060, 0.5021247910366485323, 0.5390047220341627199, 0.5832553755259850536, 0.6344465152828114851, 0.6926760461021154169, 0.7585704862865279008, 0.8316586747921143052, 0.9119171022748343569, 0.9999999999999998890 ),
 .UNSPECIFIED. ) ;
#2225 = VECTOR ( 'NONE', #1259, 39.37007874015748143 ) ;
#2226 = CARTESIAN_POINT ( 'NONE',  ( 0.03042130304713888678, 0.005455364895059004217, 0.06840709017634598321 ) ) ;
#2227 = DIRECTION ( 'NONE',  ( -1.000000000000000000, 0.0000000000000000000, 0.0000000000000000000 ) ) ;
#2228 = EDGE_CURVE ( 'NONE', #2324, #733, #4820, .T. ) ;
#2229 = DIRECTION ( 'NONE',  ( 0.0000000000000000000, 0.0000000000000000000, -1.000000000000000000 ) ) ;
#2230 = DIRECTION ( 'NONE',  ( -0.0000000000000000000, -1.000000000000000000, -0.0000000000000000000 ) ) ;
#2231 = EDGE_LOOP ( 'NONE', ( #2381, #4753, #3385, #1726 ) ) ;
#2232 = CARTESIAN_POINT ( 'NONE',  ( -0.05899999999999999689, -0.03150000000000000022, 0.04191209017634599243 ) ) ;
#2233 = CARTESIAN_POINT ( 'NONE',  ( -0.01535734286382906336, -0.01282326377035029365, 0.06841209017634598821 ) ) ;
#2234 = DIRECTION ( 'NONE',  ( 1.000000000000000000, -0.0000000000000000000, 0.0000000000000000000 ) ) ;
#2235 = UNCERTAINTY_MEASURE_WITH_UNIT (LENGTH_MEASURE( 1.000000000000000082E-05 ), #2920, 'distance_accuracy_value', 'NONE');
#2236 = FILL_AREA_STYLE_COLOUR ( '', #1846 ) ;
#2237 = FACE_OUTER_BOUND ( 'NONE', #220, .T. ) ;
#2238 = ORIENTED_EDGE ( 'NONE', *, *, #1724, .T. ) ;
#2239 = CARTESIAN_POINT ( 'NONE',  ( 0.02725330547936481024, -0.006971739589847189555, 0.06840709017634598321 ) ) ;
#2240 =( GEOMETRIC_REPRESENTATION_CONTEXT ( 3 ) GLOBAL_UNCERTAINTY_ASSIGNED_CONTEXT ( ( #1388 ) ) GLOBAL_UNIT_ASSIGNED_CONTEXT ( ( #2448, #4275, #3601 ) ) REPRESENTATION_CONTEXT ( 'NONE', 'WORKASPACE' ) );
#2241 = CARTESIAN_POINT ( 'NONE',  ( 0.02242668554777924733, -0.01282036849922741847, 0.06841209017634598821 ) ) ;
#2242 = COLOUR_RGB ( '',0.6666666666666666297, 0.6980392156862744724, 0.7686274509803920907 ) ;
#2243 = CARTESIAN_POINT ( 'NONE',  ( -0.01646186887278409255, -0.01005847882987741422, 0.06840709017634598321 ) ) ;
#2244 = CARTESIAN_POINT ( 'NONE',  ( -0.01709690744138850013, -0.009795228355461305797, 0.06840709017634598321 ) ) ;
#2245 = CARTESIAN_POINT ( 'NONE',  ( 0.02230291354642734494, -0.01025916120624772651, 0.06841209017634598821 ) ) ;
#2246 = ORIENTED_EDGE ( 'NONE', *, *, #1977, .T. ) ;
#2247 = FACE_OUTER_BOUND ( 'NONE', #1255, .T. ) ;
#2248 = CARTESIAN_POINT ( 'NONE',  ( 0.01392694580738769797, 0.002620974516809438867, 0.06841209017634597433 ) ) ;
#2249 = LENGTH_MEASURE_WITH_UNIT ( LENGTH_MEASURE( 0.02539999999999999897 ), #3379 );
#2250 = CARTESIAN_POINT ( 'NONE',  ( -0.01504601570501400490, -0.01281379173699835790, 0.06840709017634598321 ) ) ;
#2251 = CARTESIAN_POINT ( 'NONE',  ( -0.01918393987866309422, -0.008623056604817942727, 0.06841209017634598821 ) ) ;
#2252 = MECHANICAL_DESIGN_GEOMETRIC_PRESENTATION_REPRESENTATION (  '', ( #3840 ), #54 ) ;
#2253 = ORIENTED_EDGE ( 'NONE', *, *, #2043, .T. ) ;
#2254 = EDGE_CURVE ( 'NONE', #774, #1092, #1734, .T. ) ;
#2255 = CARTESIAN_POINT ( 'NONE',  ( 0.01730699764108816277, 0.007587658522560286438, 0.06840709017634598321 ) ) ;
#2256 = VECTOR ( 'NONE', #4835, 39.37007874015748143 ) ;
#2257 =( NAMED_UNIT ( * ) SI_UNIT ( $, .STERADIAN. ) SOLID_ANGLE_UNIT ( ) );
#2258 = DIRECTION ( 'NONE',  ( 0.0000000000000000000, 1.000000000000000000, 0.0000000000000000000 ) ) ;
#2259 = CARTESIAN_POINT ( 'NONE',  ( 0.02257975405825409995, -0.01024774848616522883, 0.06840709017634598321 ) ) ;
#2260 = VERTEX_POINT ( 'NONE', #1950 ) ;
#2261 = CARTESIAN_POINT ( 'NONE',  ( -0.01523214254331624329, -0.01025916120624772651, 0.06840709017634598321 ) ) ;
#2262 = EDGE_CURVE ( 'NONE', #1086, #4381, #1971, .T. ) ;
#2263 =( CONVERSION_BASED_UNIT ( 'INCH', #1859 ) LENGTH_UNIT ( ) NAMED_UNIT ( #2938 ) );
#2264 =( NAMED_UNIT ( * ) PLANE_ANGLE_UNIT ( ) SI_UNIT ( $, .RADIAN. ) );
#2265 =( GEOMETRIC_REPRESENTATION_CONTEXT ( 3 ) GLOBAL_UNCERTAINTY_ASSIGNED_CONTEXT ( ( #3034 ) ) GLOBAL_UNIT_ASSIGNED_CONTEXT ( ( #2540, #2944, #2393 ) ) REPRESENTATION_CONTEXT ( 'NONE', 'WORKASPACE' ) );
#2266 = CARTESIAN_POINT ( 'NONE',  ( 0.02203061564127904368, 0.01345547775299306761, 0.06840709017634598321 ) ) ;
#2267 =( LENGTH_UNIT ( ) NAMED_UNIT ( * ) SI_UNIT ( $, .METRE. ) );
#2268 = ORIENTED_EDGE ( 'NONE', *, *, #3229, .F. ) ;
#2269 = CARTESIAN_POINT ( 'NONE',  ( 0.01615916876361068316, 0.002248097029657353078, 0.06841209017634594658 ) ) ;
#2270 = VECTOR ( 'NONE', #1576, 39.37007874015748143 ) ;
#2271 = CARTESIAN_POINT ( 'NONE',  ( 0.004574548161811964331, -0.01218223812932464796, 0.06840709017634598321 ) ) ;
#2272 = MECHANICAL_DESIGN_GEOMETRIC_PRESENTATION_REPRESENTATION (  '', ( #2985 ), #549 ) ;
#2273 = CARTESIAN_POINT ( 'NONE',  ( 0.02230291354642734494, 0.01089468494759842851, 0.06840709017634598321 ) ) ;
#2274 = ORIENTED_EDGE ( 'NONE', *, *, #2462, .T. ) ;
#2275 = SURFACE_STYLE_USAGE ( .BOTH. , #4171 ) ;
#2276 = CARTESIAN_POINT ( 'NONE',  ( 0.01387176294352279217, 0.0007084414717075355290, 0.06841209017634598821 ) ) ;
#2277 =( GEOMETRIC_REPRESENTATION_CONTEXT ( 3 ) GLOBAL_UNCERTAINTY_ASSIGNED_CONTEXT ( ( #4640 ) ) GLOBAL_UNIT_ASSIGNED_CONTEXT ( ( #2013, #122, #2408 ) ) REPRESENTATION_CONTEXT ( 'NONE', 'WORKASPACE' ) );
#2278 = B_SPLINE_CURVE_WITH_KNOTS ( 'NONE', 3,
 ( #1807, #3737, #1123, #3341, #1440, #4160, #2957, #3785, #345, #2164, #3688 ),
 .UNSPECIFIED., .F., .F.,
 ( 4, 1, 1, 1, 1, 1, 1, 1, 4 ),
 ( 0.0000000000000000000, 0.1060709021051297329, 0.2134216804124511035, 0.3216854881303252700, 0.4338579390981579520, 0.5540812827743550883, 0.6875870439665618949, 0.8364658500651137585, 1.000000000000000000 ),
 .UNSPECIFIED. ) ;
#2279 = LINE ( 'NONE', #4533, #3604 ) ;
#2280 = LINE ( 'NONE', #4103, #2336 ) ;
#2281 = CARTESIAN_POINT ( 'NONE',  ( -0.06415338570894128789, -0.02000000000000000389, 0.04191209017634599243 ) ) ;
#2282 = DIRECTION ( 'NONE',  ( -0.05233595624294387627, 0.0000000000000000000, -0.9986295347545738332 ) ) ;
#2283 = EDGE_LOOP ( 'NONE', ( #3583, #1550, #4463, #3240 ) ) ;
#2284 = DIRECTION ( 'NONE',  ( 0.8679300138597085823, -0.4966865118376844745, 0.0000000000000000000 ) ) ;
#2285 = EDGE_CURVE ( 'NONE', #172, #1367, #816, .T. ) ;
#2286 = SURFACE_SIDE_STYLE ('',( #2616 ) ) ;
#2287 = VERTEX_POINT ( 'NONE', #2352 ) ;
#2288 =( NAMED_UNIT ( * ) SI_UNIT ( $, .STERADIAN. ) SOLID_ANGLE_UNIT ( ) );
#2289 = CARTESIAN_POINT ( 'NONE',  ( -4.784767152137024622E-05, 0.01281776187067535343, 0.06840709017634598321 ) ) ;
#2290 = EDGE_CURVE ( 'NONE', #1126, #1749, #3056, .T. ) ;
#2291 = ORIENTED_EDGE ( 'NONE', *, *, #909, .F. ) ;
#2292 = AXIS2_PLACEMENT_3D ( 'NONE', #1629, #4316, #828 ) ;
#2293 = CARTESIAN_POINT ( 'NONE',  ( 0.02647925980480730218, 0.008812469128769500129, 0.06841209017634598821 ) ) ;
#2294 = CARTESIAN_POINT ( 'NONE',  ( 0.02222779335411965984, 0.01345878751170099391, 0.06841209017634598821 ) ) ;
#2295 = ORIENTED_EDGE ( 'NONE', *, *, #1461, .T. ) ;
#2296 = PLANE ( 'NONE',  #4161 ) ;
#2297 = CARTESIAN_POINT ( 'NONE',  ( 0.01743571670643844634, 0.01169626927843096451, 0.06840709017634598321 ) ) ;
#2298 = COLOUR_RGB ( '',0.7921568627450980005, 0.8196078431372548767, 0.9333333333333333481 ) ;
#2299 = CARTESIAN_POINT ( 'NONE',  ( -0.009530258216693766882, -0.004376429139386036823, 0.06841209017634598821 ) ) ;
#2300 = SURFACE_STYLE_USAGE ( .BOTH. , #2715 ) ;
#2301 = CARTESIAN_POINT ( 'NONE',  ( -0.01204883682641157833, -0.01193838337051603138, 0.06840709017634598321 ) ) ;
#2302 = CARTESIAN_POINT ( 'NONE',  ( 0.01386941995668375914, 0.0003077458450343269658, 0.06841209017634598821 ) ) ;
#2303 = CARTESIAN_POINT ( 'NONE',  ( 0.01615877734990311607, -0.001605966733460024824, 0.06840709017634598321 ) ) ;
#2304 =( NAMED_UNIT ( * ) PLANE_ANGLE_UNIT ( ) SI_UNIT ( $, .RADIAN. ) );
#2305 = ORIENTED_EDGE ( 'NONE', *, *, #4849, .F. ) ;
#2306 = DIRECTION ( 'NONE',  ( -0.0000000000000000000, -0.0000000000000000000, 1.000000000000000000 ) ) ;
#2307 = CARTESIAN_POINT ( 'NONE',  ( 0.01839599865404675794, 0.01239123909312395480, 0.06840709017634598321 ) ) ;
#2308 = VERTEX_POINT ( 'NONE', #3464 ) ;
#2309 = LENGTH_MEASURE_WITH_UNIT ( LENGTH_MEASURE( 0.02539999999999999897 ), #819 );
#2310 = DIRECTION ( 'NONE',  ( -1.000000000000000000, 0.0000000000000000000, -0.0000000000000000000 ) ) ;
#2311 = PRESENTATION_LAYER_ASSIGNMENT (  '', '', ( #2781 ) ) ;
#2312 = DIRECTION ( 'NONE',  ( -0.0000000000000000000, 1.000000000000000000, -0.0000000000000000000 ) ) ;
#2313 = PRESENTATION_LAYER_ASSIGNMENT (  '', '', ( #1991 ) ) ;
#2314 = UNCERTAINTY_MEASURE_WITH_UNIT (LENGTH_MEASURE( 1.000000000000000082E-05 ), #4202, 'distance_accuracy_value', 'NONE');
#2315 = CARTESIAN_POINT ( 'NONE',  ( 0.06448939481647289473, -0.02000000000000000736, 0.03691209017634599493 ) ) ;
#2316 = VERTEX_POINT ( 'NONE', #880 ) ;
#2317 = LENGTH_MEASURE_WITH_UNIT ( LENGTH_MEASURE( 0.02539999999999999897 ), #2537 );
#2318 = FILL_AREA_STYLE_COLOUR ( '', #4482 ) ;
#2319 = STYLED_ITEM ( 'NONE', ( #949 ), #3873 ) ;
#2320 = LINE ( 'NONE', #800, #4396 ) ;
#2321 = DIRECTION ( 'NONE',  ( 1.000000000000000000, 0.0000000000000000000, -2.442922549505399523E-13 ) ) ;
#2322 = SURFACE_STYLE_USAGE ( .BOTH. , #438 ) ;
#2323 = FILL_AREA_STYLE ('',( #4269 ) ) ;
#2324 = VERTEX_POINT ( 'NONE', #70 ) ;
#2325 = FILL_AREA_STYLE_COLOUR ( '', #3033 ) ;
#2326 = CARTESIAN_POINT ( 'NONE',  ( 0.01611300970027349996, 0.0003177618706753523544, 0.06840709017634598321 ) ) ;
#2327 = STYLED_ITEM ( 'NONE', ( #3703 ), #4665 ) ;
#2328 = MECHANICAL_DESIGN_GEOMETRIC_PRESENTATION_REPRESENTATION (  '', ( #1849 ), #4169 ) ;
#2329 = FILL_AREA_STYLE_COLOUR ( '', #3062 ) ;
#2330 = ORIENTED_EDGE ( 'NONE', *, *, #1502, .F. ) ;
#2331 = SURFACE_STYLE_USAGE ( .BOTH. , #1198 ) ;
#2332 = PRESENTATION_LAYER_ASSIGNMENT (  '', '', ( #4468 ) ) ;
#2333 = CARTESIAN_POINT ( 'NONE',  ( 0.01521169407006952613, -0.007996397351862308961, 0.06840709017634598321 ) ) ;
#2334 = CARTESIAN_POINT ( 'NONE',  ( -0.009528015940752140173, 0.01281776187067535343, 0.06840709017634598321 ) ) ;
#2335 = EDGE_LOOP ( 'NONE', ( #4141, #837, #4257, #2901, #4633, #3800, #3608, #3208, #1863 ) ) ;
#2336 = VECTOR ( 'NONE', #3411, 39.37007874015748143 ) ;
#2337 = DIRECTION ( 'NONE',  ( 0.0000000000000000000, -0.0000000000000000000, -1.000000000000000000 ) ) ;
#2338 = EDGE_CURVE ( 'NONE', #4199, #570, #3874, .T. ) ;
#2339 = CARTESIAN_POINT ( 'NONE',  ( 0.02838718756898294879, -0.003084215387306381371, 0.06840709017634598321 ) ) ;
#2340 = ORIENTED_EDGE ( 'NONE', *, *, #3983, .F. ) ;
#2341 = LINE ( 'NONE', #1622, #2225 ) ;
#2342 = VECTOR ( 'NONE', #1862, 39.37007874015748143 ) ;
#2343 = FACE_OUTER_BOUND ( 'NONE', #3740, .T. ) ;
#2344 = CARTESIAN_POINT ( 'NONE',  ( 0.01942026845404061161, 0.01292147199221943717, 0.06841209017634598821 ) ) ;
#2345 = PRESENTATION_LAYER_ASSIGNMENT (  '', '', ( #1164 ) ) ;
#2346 =( LENGTH_UNIT ( ) NAMED_UNIT ( * ) SI_UNIT ( $, .METRE. ) );
#2347 = ADVANCED_FACE ( 'NONE', ( #1585 ), #442, .T. ) ;
#2348 = DIRECTION ( 'NONE',  ( 1.000000000000000000, 0.0000000000000000000, 0.0000000000000000000 ) ) ;
#2349 = MECHANICAL_DESIGN_GEOMETRIC_PRESENTATION_REPRESENTATION (  '', ( #2987 ), #3474 ) ;
#2350 = MECHANICAL_DESIGN_GEOMETRIC_PRESENTATION_REPRESENTATION (  '', ( #1482 ), #785 ) ;
#2351 = CARTESIAN_POINT ( 'NONE',  ( 0.01445569505366333524, -0.005820525801595356936, 0.06841209017634598821 ) ) ;
#2352 = CARTESIAN_POINT ( 'NONE',  ( 0.05948939481647290417, 0.02000000000000000736, 0.04191209017634599243 ) ) ;
#2353 = PRODUCT_CONTEXT ( 'NONE', #3767, 'mechanical' ) ;
#2354 =( NAMED_UNIT ( * ) SI_UNIT ( $, .STERADIAN. ) SOLID_ANGLE_UNIT ( ) );
#2355 = EDGE_LOOP ( 'NONE', ( #2668, #3005, #2606, #545 ) ) ;
#2356 = FILL_AREA_STYLE ('',( #3806 ) ) ;
#2357 = CARTESIAN_POINT ( 'NONE',  ( 0.03500824207206837402, -0.01175655703958105799, 0.06840709017634598321 ) ) ;
#2358 = FACE_OUTER_BOUND ( 'NONE', #3211, .T. ) ;
#2359 = CARTESIAN_POINT ( 'NONE',  ( 0.02242661820043637816, 0.01345530311758910344, 0.06840709017634598321 ) ) ;
#2360 = CARTESIAN_POINT ( 'NONE',  ( 0.002330958418222218304, 0.01025365930657278976, 0.06840709017634598321 ) ) ;
#2361 = ORIENTED_EDGE ( 'NONE', *, *, #3807, .T. ) ;
#2362 = LENGTH_MEASURE_WITH_UNIT ( LENGTH_MEASURE( 0.02539999999999999897 ), #2380 );
#2363 = VERTEX_POINT ( 'NONE', #2052 ) ;
#2364 = DIMENSIONAL_EXPONENTS ( 1.000000000000000000, 0.0000000000000000000, 0.0000000000000000000, 0.0000000000000000000, 0.0000000000000000000, 0.0000000000000000000, 0.0000000000000000000 ) ;
#2365 = UNCERTAINTY_MEASURE_WITH_UNIT (LENGTH_MEASURE( 1.000000000000000082E-05 ), #3052, 'distance_accuracy_value', 'NONE');
#2366 = CARTESIAN_POINT ( 'NONE',  ( -0.01471797650970039541, -0.01023741617192207645, 0.06840709017634598321 ) ) ;
#2367 = COLOUR_RGB ( '',0.7921568627450980005, 0.8196078431372548767, 0.9333333333333333481 ) ;
#2368 = STYLED_ITEM ( 'NONE', ( #2469 ), #3048 ) ;
#2369 =( NAMED_UNIT ( * ) PLANE_ANGLE_UNIT ( ) SI_UNIT ( $, .RADIAN. ) );
#2370 = SURFACE_SIDE_STYLE ('',( #106 ) ) ;
#2371 = FILL_AREA_STYLE_COLOUR ( '', #3940 ) ;
#2372 = EDGE_CURVE ( 'NONE', #3559, #774, #1217, .T. ) ;
#2373 = DIRECTION ( 'NONE',  ( 1.355083330190606755E-16, -1.000000000000000000, 0.0000000000000000000 ) ) ;
#2374 = LENGTH_MEASURE_WITH_UNIT ( LENGTH_MEASURE( 0.02539999999999999897 ), #3848 );
#2375 = VERTEX_POINT ( 'NONE', #2517 ) ;
#2376 = DIRECTION ( 'NONE',  ( 1.000000000000000000, -0.0000000000000000000, -0.0000000000000000000 ) ) ;
#2377 = CARTESIAN_POINT ( 'NONE',  ( 0.02910602510666210688, 0.009159035886580089991, 0.06841209017634597433 ) ) ;
#2378 = CARTESIAN_POINT ( 'NONE',  ( 0.02875192916212330335, 0.009750350956681134995, 0.06841209017634598821 ) ) ;
#2379 = EDGE_LOOP ( 'NONE', ( #1513, #4498, #3465, #2678 ) ) ;
#2380 =( LENGTH_UNIT ( ) NAMED_UNIT ( * ) SI_UNIT ( $, .METRE. ) );
#2381 = ORIENTED_EDGE ( 'NONE', *, *, #2796, .F. ) ;
#2382 =( NAMED_UNIT ( * ) SI_UNIT ( $, .STERADIAN. ) SOLID_ANGLE_UNIT ( ) );
#2383 = CARTESIAN_POINT ( 'NONE',  ( 0.02164181967843513063, 0.01344895155484880471, 0.06841209017634598821 ) ) ;
#2384 =( GEOMETRIC_REPRESENTATION_CONTEXT ( 3 ) GLOBAL_UNCERTAINTY_ASSIGNED_CONTEXT ( ( #3683 ) ) GLOBAL_UNIT_ASSIGNED_CONTEXT ( ( #2263, #1074, #3340 ) ) REPRESENTATION_CONTEXT ( 'NONE', 'WORKASPACE' ) );
#2385 = ORIENTED_EDGE ( 'NONE', *, *, #2921, .T. ) ;
#2386 = DIRECTION ( 'NONE',  ( -0.0000000000000000000, 0.0000000000000000000, 1.000000000000000000 ) ) ;
#2387 = DIRECTION ( 'NONE',  ( 1.000000000000000000, -0.0000000000000000000, 0.0000000000000000000 ) ) ;
#2388 = DIMENSIONAL_EXPONENTS ( 1.000000000000000000, 0.0000000000000000000, 0.0000000000000000000, 0.0000000000000000000, 0.0000000000000000000, 0.0000000000000000000, 0.0000000000000000000 ) ;
#2389 = COLOUR_RGB ( '',0.7921568627450980005, 0.8196078431372548767, 0.9333333333333333481 ) ;
#2390 = CARTESIAN_POINT ( 'NONE',  ( 0.03085194526854951463, -7.456778311499494933E-05, 0.06841209017634601597 ) ) ;
#2391 = DIRECTION ( 'NONE',  ( -0.9986295347545739443, -1.353226235581924338E-16, 0.05233595624294388321 ) ) ;
#2392 = CARTESIAN_POINT ( 'NONE',  ( 0.02230291354642734494, 0.01089468494759842851, 0.06840709017634598321 ) ) ;
#2393 =( NAMED_UNIT ( * ) SI_UNIT ( $, .STERADIAN. ) SOLID_ANGLE_UNIT ( ) );
#2394 = CARTESIAN_POINT ( 'NONE',  ( -0.01257712011278503024, -0.008881899018940141513, 0.06840709017634598321 ) ) ;
#2395 = STYLED_ITEM ( 'NONE', ( #4525 ), #3991 ) ;
#2396 = CARTESIAN_POINT ( 'NONE',  ( -0.02813952383545203009, -0.02963952383545203489, 0.005412090176345997310 ) ) ;
#2397 = VERTEX_POINT ( 'NONE', #1716 ) ;
#2398 = SURFACE_STYLE_FILL_AREA ( #2775 ) ;
#2399 = DIRECTION ( 'NONE',  ( -0.0000000000000000000, 1.000000000000000000, -0.0000000000000000000 ) ) ;
#2400 = PRESENTATION_LAYER_ASSIGNMENT (  '', '', ( #3203 ) ) ;
#2401 = FILL_AREA_STYLE_COLOUR ( '', #4687 ) ;
#2402 = CARTESIAN_POINT ( 'NONE',  ( 0.02999169437680142269, 0.007100643090569242442, 0.06840709017634598321 ) ) ;
#2403 = EDGE_CURVE ( 'NONE', #1697, #4826, #937, .T. ) ;
#2404 = ORIENTED_EDGE ( 'NONE', *, *, #2546, .T. ) ;
#2405 = COLOUR_RGB ( '',1.000000000000000000, 1.000000000000000000, 1.000000000000000000 ) ;
#2406 = ORIENTED_EDGE ( 'NONE', *, *, #2733, .T. ) ;
#2407 = SURFACE_STYLE_FILL_AREA ( #2114 ) ;
#2408 =( NAMED_UNIT ( * ) SI_UNIT ( $, .STERADIAN. ) SOLID_ANGLE_UNIT ( ) );
#2409 = STYLED_ITEM ( 'NONE', ( #4022 ), #326 ) ;
#2410 = DIRECTION ( 'NONE',  ( 0.0000000000000000000, -1.000000000000000000, 0.0000000000000000000 ) ) ;
#2411 = ORIENTED_EDGE ( 'NONE', *, *, #2896, .F. ) ;
#2412 = FILL_AREA_STYLE ('',( #2018 ) ) ;
#2413 =( LENGTH_UNIT ( ) NAMED_UNIT ( * ) SI_UNIT ( $, .METRE. ) );
#2414 =( NAMED_UNIT ( * ) PLANE_ANGLE_UNIT ( ) SI_UNIT ( $, .RADIAN. ) );
#2415 = LENGTH_MEASURE_WITH_UNIT ( LENGTH_MEASURE( 0.02539999999999999897 ), #1711 );
#2416 = LINE ( 'NONE', #253, #2009 ) ;
#2417 = CARTESIAN_POINT ( 'NONE',  ( 0.01552148588484135623, -0.008616701712502361846, 0.06841209017634598821 ) ) ;
#2418 = SURFACE_SIDE_STYLE ('',( #4430 ) ) ;
#2419 = STYLED_ITEM ( 'NONE', ( #2692 ), #2347 ) ;
#2420 = DIRECTION ( 'NONE',  ( 0.0000000000000000000, 0.0000000000000000000, -1.000000000000000000 ) ) ;
#2421 = MECHANICAL_DESIGN_GEOMETRIC_PRESENTATION_REPRESENTATION (  '', ( #2902 ), #2815 ) ;
#2422 = CARTESIAN_POINT ( 'NONE',  ( 0.01754627775335302134, -0.007393186938703136431, 0.06841209017634598821 ) ) ;
#2423 = COLOUR_RGB ( '',0.7921568627450980005, 0.8196078431372548767, 0.9333333333333333481 ) ;
#2424 = SURFACE_SIDE_STYLE ('',( #933 ) ) ;
#2425 = ORIENTED_EDGE ( 'NONE', *, *, #2203, .T. ) ;
#2426 = PLANE ( 'NONE',  #2947 ) ;
#2427 = ADVANCED_FACE ( 'NONE', ( #3950 ), #2846, .T. ) ;
#2428 = CARTESIAN_POINT ( 'NONE',  ( 0.06448939481647289473, -0.02000000000000000042, 0.0000000000000000000 ) ) ;
#2429 = PLANE ( 'NONE',  #1065 ) ;
#2430 = CARTESIAN_POINT ( 'NONE',  ( 0.02661563939925819591, 0.01206050533517363799, 0.06841209017634597433 ) ) ;
#2431 = EDGE_LOOP ( 'NONE', ( #2340, #1348, #959, #4850 ) ) ;
#2432 = CARTESIAN_POINT ( 'NONE',  ( -0.01753861078430920054, -0.01247831646560245734, 0.06840709017634599709 ) ) ;
#2433 = ORIENTED_EDGE ( 'NONE', *, *, #1075, .T. ) ;
#2434 = EDGE_CURVE ( 'NONE', #172, #3559, #1163, .T. ) ;
#2435 = CARTESIAN_POINT ( 'NONE',  ( 0.02809212496217491570, -0.004588700249137648256, 0.06841209017634598821 ) ) ;
#2436 = CARTESIAN_POINT ( 'NONE',  ( 0.01755686201662892340, 0.008037578270597861910, 0.06841209017634600209 ) ) ;
#2437 = CARTESIAN_POINT ( 'NONE',  ( 0.01987180923170612720, 0.01028894023130966402, 0.06840709017634598321 ) ) ;
#2438 = FILL_AREA_STYLE ('',( #3218 ) ) ;
#2439 = CARTESIAN_POINT ( 'NONE',  ( 0.03079588603512655939, -0.001908997262962247414, 0.06841209017634601597 ) ) ;
#2440 = CARTESIAN_POINT ( 'NONE',  ( 0.02706024497283970182, 0.007946044239572016069, 0.06840709017634598321 ) ) ;
#2441 = CARTESIAN_POINT ( 'NONE',  ( 0.01387628693794496632, -0.0008629692250359809495, 0.06840709017634598321 ) ) ;
#2442 = CARTESIAN_POINT ( 'NONE',  ( -0.01178693945292334441, -0.005191418962717997930, 0.06841209017634597433 ) ) ;
#2443 = DIRECTION ( 'NONE',  ( -1.000000000000000000, -0.0000000000000000000, -0.0000000000000000000 ) ) ;
#2444 = COLOUR_RGB ( '',1.000000000000000000, 1.000000000000000000, 1.000000000000000000 ) ;
#2445 = CARTESIAN_POINT ( 'NONE',  ( 0.01611386289361289512, -1.615740649503033907E-05, 0.06841209017634598821 ) ) ;
#2446 = DIRECTION ( 'NONE',  ( -1.000000000000000000, -0.0000000000000000000, -0.0000000000000000000 ) ) ;
#2447 = ORIENTED_EDGE ( 'NONE', *, *, #2827, .F. ) ;
#2448 =( CONVERSION_BASED_UNIT ( 'INCH', #883 ) LENGTH_UNIT ( ) NAMED_UNIT ( #2876 ) );
#2449 = FILL_AREA_STYLE_COLOUR ( '', #1286 ) ;
#2450 =( LENGTH_UNIT ( ) NAMED_UNIT ( * ) SI_UNIT ( $, .METRE. ) );
#2451 = CARTESIAN_POINT ( 'NONE',  ( 0.02242668554777924733, -0.01282036849922741847, 0.06840709017634598321 ) ) ;
#2452 = DIRECTION ( 'NONE',  ( -0.4560907909103987246, -0.8899332505568756657, 0.0000000000000000000 ) ) ;
#2453 = EDGE_LOOP ( 'NONE', ( #3985, #3927, #2036, #1901 ) ) ;
#2454 = ADVANCED_FACE ( 'NONE', ( #3073 ), #4220, .F. ) ;
#2455 = ORIENTED_EDGE ( 'NONE', *, *, #846, .T. ) ;
#2456 = DIMENSIONAL_EXPONENTS ( 1.000000000000000000, 0.0000000000000000000, 0.0000000000000000000, 0.0000000000000000000, 0.0000000000000000000, 0.0000000000000000000, 0.0000000000000000000 ) ;
#2457 = PRESENTATION_STYLE_ASSIGNMENT (( #2506 ) ) ;
#2458 = CARTESIAN_POINT ( 'NONE',  ( -0.01523214254331624329, -0.01025916120624772651, 0.06840709017634598321 ) ) ;
#2459 = UNCERTAINTY_MEASURE_WITH_UNIT (LENGTH_MEASURE( 1.000000000000000082E-05 ), #878, 'distance_accuracy_value', 'NONE');
#2460 = LINE ( 'NONE', #3614, #69 ) ;
#2461 = VERTEX_POINT ( 'NONE', #3890 ) ;
#2462 = EDGE_CURVE ( 'NONE', #2800, #3539, #1663, .T. ) ;
#2463 = LINE ( 'NONE', #2063, #3676 ) ;
#2464 = CARTESIAN_POINT ( 'NONE',  ( 0.01781855740016002193, -0.007811284141375451212, 0.06841209017634598821 ) ) ;
#2465 = CARTESIAN_POINT ( 'NONE',  ( 0.03085194526854951463, -7.456778311499494933E-05, 0.06840709017634598321 ) ) ;
#2466 = CARTESIAN_POINT ( 'NONE',  ( 0.02470959267886115029, 0.01028708218070078888, 0.06841209017634602985 ) ) ;
#2467 =( GEOMETRIC_REPRESENTATION_CONTEXT ( 3 ) GLOBAL_UNCERTAINTY_ASSIGNED_CONTEXT ( ( #3523 ) ) GLOBAL_UNIT_ASSIGNED_CONTEXT ( ( #2550, #4491, #717 ) ) REPRESENTATION_CONTEXT ( 'NONE', 'WORKASPACE' ) );
#2468 = DIRECTION ( 'NONE',  ( -0.0000000000000000000, 1.000000000000000000, -0.0000000000000000000 ) ) ;
#2469 = PRESENTATION_STYLE_ASSIGNMENT (( #2048 ) ) ;
#2470 = EDGE_CURVE ( 'NONE', #4604, #1856, #2742, .T. ) ;
#2471 = DIRECTION ( 'NONE',  ( -0.0000000000000000000, -0.0000000000000000000, 1.000000000000000000 ) ) ;
#2472 =( GEOMETRIC_REPRESENTATION_CONTEXT ( 3 ) GLOBAL_UNCERTAINTY_ASSIGNED_CONTEXT ( ( #1047 ) ) GLOBAL_UNIT_ASSIGNED_CONTEXT ( ( #3305, #3657, #4741 ) ) REPRESENTATION_CONTEXT ( 'NONE', 'WORKASPACE' ) );
#2473 = SURFACE_STYLE_USAGE ( .BOTH. , #3225 ) ;
#2474 = DIRECTION ( 'NONE',  ( 0.5665288228870657417, 0.8240419241993671706, 0.0000000000000000000 ) ) ;
#2475 = VECTOR ( 'NONE', #1035, 39.37007874015748143 ) ;
#2476 = CARTESIAN_POINT ( 'NONE',  ( 0.03084301658573628674, 0.001440004647289049554, 0.06841209017634598821 ) ) ;
#2477 = VECTOR ( 'NONE', #400, 39.37007874015748143 ) ;
#2478 = FILL_AREA_STYLE_COLOUR ( '', #4486 ) ;
#2479 =( NAMED_UNIT ( * ) PLANE_ANGLE_UNIT ( ) SI_UNIT ( $, .RADIAN. ) );
#2480 = PRESENTATION_STYLE_ASSIGNMENT (( #4772 ) ) ;
#2481 = VERTEX_POINT ( 'NONE', #874 ) ;
#2482 =( LENGTH_UNIT ( ) NAMED_UNIT ( * ) SI_UNIT ( $, .METRE. ) );
#2483 = CARTESIAN_POINT ( 'NONE',  ( -0.02660748903173146274, 0.03011119384899940687, 0.06841209017634598821 ) ) ;
#2484 = VECTOR ( 'NONE', #609, 39.37007874015748143 ) ;
#2485 = CARTESIAN_POINT ( 'NONE',  ( -0.05761119384899940354, -0.03011119384899940687, 0.06841209017634598821 ) ) ;
#2486 = CARTESIAN_POINT ( 'NONE',  ( 0.02230291354642734494, 0.01089468494759842851, 0.06841209017634598821 ) ) ;
#2487 = ORIENTED_EDGE ( 'NONE', *, *, #262, .T. ) ;
#2488 = CARTESIAN_POINT ( 'NONE',  ( 0.01708187385768783137, 0.007103148778093144704, 0.06841209017634594658 ) ) ;
#2489 = SURFACE_STYLE_USAGE ( .BOTH. , #1330 ) ;
#2490 =( CONVERSION_BASED_UNIT ( 'INCH', #1058 ) LENGTH_UNIT ( ) NAMED_UNIT ( #2388 ) );
#2491 =( NAMED_UNIT ( * ) SI_UNIT ( $, .STERADIAN. ) SOLID_ANGLE_UNIT ( ) );
#2492 = PRESENTATION_STYLE_ASSIGNMENT (( #579 ) ) ;
#2493 = SURFACE_STYLE_USAGE ( .BOTH. , #2895 ) ;
#2494 = CARTESIAN_POINT ( 'NONE',  ( 0.01660361129292933779, -0.01022455555883014511, 0.06841209017634598821 ) ) ;
#2495 = CARTESIAN_POINT ( 'NONE',  ( 0.0000000000000000000, 0.0000000000000000000, 0.06841209017634598821 ) ) ;
#2496 = VECTOR ( 'NONE', #591, 39.37007874015748143 ) ;
#2497 = EDGE_CURVE ( 'NONE', #4694, #1507, #950, .T. ) ;
#2498 = CARTESIAN_POINT ( 'NONE',  ( -0.05761119384899940354, -0.03011119384899940687, 0.06841209017634598821 ) ) ;
#2499 = CARTESIAN_POINT ( 'NONE',  ( 0.02507654099348962870, 0.01292043291917551080, 0.06841209017634598821 ) ) ;
#2500 = CARTESIAN_POINT ( 'NONE',  ( 0.02857200638106201229, 0.002066896998966399977, 0.06840709017634598321 ) ) ;
#2501 = STYLED_ITEM ( 'NONE', ( #2040 ), #1378 ) ;
#2502 = CARTESIAN_POINT ( 'NONE',  ( 0.02912320194822377167, -0.008497628173876659724, 0.06840709017634598321 ) ) ;
#2503 = CARTESIAN_POINT ( 'NONE',  ( 0.03070511853487993548, 0.003568481119807080573, 0.06841209017634597433 ) ) ;
#2504 = VERTEX_POINT ( 'NONE', #555 ) ;
#2505 =( NAMED_UNIT ( * ) SI_UNIT ( $, .STERADIAN. ) SOLID_ANGLE_UNIT ( ) );
#2506 = SURFACE_STYLE_USAGE ( .BOTH. , #1552 ) ;
#2507 = COLOUR_RGB ( '',0.7921568627450980005, 0.8196078431372548767, 0.9333333333333333481 ) ;
#2508 = CARTESIAN_POINT ( 'NONE',  ( 0.03470275329001708958, 0.01281776187067535343, 0.06840709017634598321 ) ) ;
#2509 = UNCERTAINTY_MEASURE_WITH_UNIT (LENGTH_MEASURE( 1.000000000000000082E-05 ), #272, 'distance_accuracy_value', 'NONE');
#2510 = CARTESIAN_POINT ( 'NONE',  ( -0.01374710490100084816, -0.009915318469885891703, 0.06840709017634598321 ) ) ;
#2511 = CARTESIAN_POINT ( 'NONE',  ( 0.01687412717068662374, 0.006584459953671271265, 0.06840709017634598321 ) ) ;
#2512 =( NAMED_UNIT ( * ) PLANE_ANGLE_UNIT ( ) SI_UNIT ( $, .RADIAN. ) );
#2513 = CARTESIAN_POINT ( 'NONE',  ( 0.01995645547474012710, 0.01311354653407330838, 0.06840709017634598321 ) ) ;
#2514 =( NAMED_UNIT ( * ) SI_UNIT ( $, .STERADIAN. ) SOLID_ANGLE_UNIT ( ) );
#2515 = CARTESIAN_POINT ( 'NONE',  ( 0.01942797780589498174, -0.01229593096675535464, 0.06840709017634598321 ) ) ;
#2516 = CARTESIAN_POINT ( 'NONE',  ( 0.002330958418222218304, 0.01025365930657278976, 0.06840709017634598321 ) ) ;
#2517 = CARTESIAN_POINT ( 'NONE',  ( 0.002330958418222218304, -0.01218223812932464796, 0.06841209017634598821 ) ) ;
#2518 = CARTESIAN_POINT ( 'NONE',  ( 0.02813952383545203009, 0.02963952383545203489, 0.006412090176345995596 ) ) ;
#2519 = CARTESIAN_POINT ( 'NONE',  ( 0.06448939481647289473, 0.02000000000000000736, 0.04191209017634599243 ) ) ;
#2520 = CARTESIAN_POINT ( 'NONE',  ( 0.02453279109014839393, 0.01311468775245711385, 0.06841209017634598821 ) ) ;
#2521 = CARTESIAN_POINT ( 'NONE',  ( 0.02860907977718111367, 0.0006182445315185129036, 0.06840709017634598321 ) ) ;
#2522 = CARTESIAN_POINT ( 'NONE',  ( -0.009751014615506073749, -0.007982392322046259064, 0.06840709017634598321 ) ) ;
#2523 = MECHANICAL_DESIGN_GEOMETRIC_PRESENTATION_REPRESENTATION (  '', ( #4431 ), #3884 ) ;
#2524 = DIRECTION ( 'NONE',  ( 0.05233595624294387627, 0.0000000000000000000, -0.9986295347545738332 ) ) ;
#2525 = UNCERTAINTY_MEASURE_WITH_UNIT (LENGTH_MEASURE( 1.000000000000000082E-05 ), #250, 'distance_accuracy_value', 'NONE');
#2526 = DIRECTION ( 'NONE',  ( 0.0000000000000000000, 1.000000000000000000, 0.0000000000000000000 ) ) ;
#2527 = CARTESIAN_POINT ( 'NONE',  ( -0.009528015940752140173, 0.01281776187067535343, 0.06840709017634598321 ) ) ;
#2528 = VERTEX_POINT ( 'NONE', #4311 ) ;
#2529 = CARTESIAN_POINT ( 'NONE',  ( 0.02747532939040167599, -0.006482959747617247567, 0.06840709017634598321 ) ) ;
#2530 = CARTESIAN_POINT ( 'NONE',  ( 0.03001106409559815141, -0.006455816153844920816, 0.06841209017634598821 ) ) ;
#2531 = ORIENTED_EDGE ( 'NONE', *, *, #3924, .T. ) ;
#2532 = SURFACE_STYLE_USAGE ( .BOTH. , #2990 ) ;
#2533 = CARTESIAN_POINT ( 'NONE',  ( 0.01611300970027349996, 0.0003177618706753523544, 0.06841209017634598821 ) ) ;
#2534 = CARTESIAN_POINT ( 'NONE',  ( 0.01412632234426948290, 0.004678855624192319353, 0.06840709017634599709 ) ) ;
#2535 = PLANE ( 'NONE',  #4247 ) ;
#2536 = CARTESIAN_POINT ( 'NONE',  ( -0.001515195427931625895, 0.01025365930657278976, 0.06840709017634598321 ) ) ;
#2537 =( LENGTH_UNIT ( ) NAMED_UNIT ( * ) SI_UNIT ( $, .METRE. ) );
#2538 = EDGE_LOOP ( 'NONE', ( #2654, #944, #188, #448 ) ) ;
#2539 =( NAMED_UNIT ( * ) PLANE_ANGLE_UNIT ( ) SI_UNIT ( $, .RADIAN. ) );
#2540 =( CONVERSION_BASED_UNIT ( 'INCH', #3051 ) LENGTH_UNIT ( ) NAMED_UNIT ( #1599 ) );
#2541 = CARTESIAN_POINT ( 'NONE',  ( -0.009528015940752140173, 0.01281776187067535343, 0.06841209017634598821 ) ) ;
#2542 = STYLED_ITEM ( 'NONE', ( #2644 ), #4433 ) ;
#2543 =( LENGTH_UNIT ( ) NAMED_UNIT ( * ) SI_UNIT ( $, .METRE. ) );
#2544 = CARTESIAN_POINT ( 'NONE',  ( -0.009848450530648998613, -0.008551525306437926174, 0.06841209017634598821 ) ) ;
#2545 = LINE ( 'NONE', #1490, #3545 ) ;
#2546 = EDGE_CURVE ( 'NONE', #3668, #3319, #4646, .T. ) ;
#2547 = CARTESIAN_POINT ( 'NONE',  ( 0.03001106409559815141, -0.006455816153844920816, 0.06840709017634598321 ) ) ;
#2548 = CARTESIAN_POINT ( 'NONE',  ( -0.009528015940752140173, -0.004064249347273366127, 0.06840709017634598321 ) ) ;
#2549 = EDGE_LOOP ( 'NONE', ( #964, #4178, #2973, #1499 ) ) ;
#2550 =( CONVERSION_BASED_UNIT ( 'INCH', #1805 ) LENGTH_UNIT ( ) NAMED_UNIT ( #3611 ) );
#2551 = CARTESIAN_POINT ( 'NONE',  ( -0.02660748903173146274, 0.03011119384899940687, 0.06840709017634598321 ) ) ;
#2552 = VECTOR ( 'NONE', #3641, 39.37007874015748143 ) ;
#2553 = CARTESIAN_POINT ( 'NONE',  ( -0.01686976273562393672, -0.009898584283170804715, 0.06840709017634598321 ) ) ;
#2554 = B_SPLINE_SURFACE_WITH_KNOTS ( 'NONE', 3, 1, ( 
 ( #3574, #951 ),
 ( #2465, #2390 ),
 ( #1307, #3592 ),
 ( #3269, #2439 ),
 ( #997, #3219 ),
 ( #3967, #1664 ),
 ( #901, #227 ),
 ( #4339, #3989 ),
 ( #578, #3915 ),
 ( #604, #4312 ),
 ( #1735, #201 ),
 ( #3944, #4684 ),
 ( #1688, #4712 ),
 ( #4759, #526 ),
 ( #633, #2021 ),
 ( #2120, #1332 ),
 ( #924, #3648 ),
 ( #2839, #2868 ),
 ( #3551, #154 ),
 ( #4360, #1647 ),
 ( #1281, #4666 ),
 ( #975, #2093 ),
 ( #2786, #4384 ),
 ( #1710, #556 ),
 ( #4021, #3620 ),
 ( #2046, #3244 ),
 ( #252, #2766 ) ),
 .UNSPECIFIED., .F., .F., .F.,
 ( 4, 1, 1, 1, 1, 1, 1, 1, 1, 1, 1, 1, 1, 1, 1, 1, 1, 1, 1, 1, 1, 1, 1, 1, 4 ),
 ( 2, 2 ),
 ( 0.0000000000000000000, 0.06506328961727912696, 0.1267731664665229796, 0.1855157632260791833, 0.2407646791677150733, 0.2929797960235981935, 0.3422503727797676087, 0.3889192861856604067, 0.4327756640583105274, 0.4746284326311179802, 0.5147746906379535581, 0.5536058934984425806, 0.5914264064311731683, 0.6280281199460674424, 0.6638036341103209503, 0.6989843361316641079, 0.7335914893067055909, 0.7676284691511400249, 0.8012083477865924452, 0.8342638397266236572, 0.8669806947287767018, 0.8997197415181609204, 0.9327019124985385101, 0.9661758834327496270, 1.000000000000000000 ),
 ( 0.0000000000000000000, 1.000000000000000000 ),
 .UNSPECIFIED. ) ;
#2555 = CARTESIAN_POINT ( 'NONE',  ( -0.001515195427931625895, 0.01025365930657278976, 0.06840709017634598321 ) ) ;
#2556 =( GEOMETRIC_REPRESENTATION_CONTEXT ( 3 ) GLOBAL_UNCERTAINTY_ASSIGNED_CONTEXT ( ( #1705 ) ) GLOBAL_UNIT_ASSIGNED_CONTEXT ( ( #3867, #2661, #3142 ) ) REPRESENTATION_CONTEXT ( 'NONE', 'WORKASPACE' ) );
#2557 = UNCERTAINTY_MEASURE_WITH_UNIT (LENGTH_MEASURE( 1.000000000000000082E-05 ), #794, 'distance_accuracy_value', 'NONE');
#2558 = ORIENTED_EDGE ( 'NONE', *, *, #3756, .F. ) ;
#2559 = CARTESIAN_POINT ( 'NONE',  ( -0.01523214254331624329, -0.01025916120624772651, 0.06841209017634598821 ) ) ;
#2560 = CARTESIAN_POINT ( 'NONE',  ( -0.01975985577923602618, -0.008225910006877662842, 0.06841209017634597433 ) ) ;
#2561 = STYLED_ITEM ( 'NONE', ( #4025 ), #4606 ) ;
#2562 = CARTESIAN_POINT ( 'NONE',  ( 0.02754894353010232250, 0.01126947001374433051, 0.06840709017634599709 ) ) ;
#2563 = LENGTH_MEASURE_WITH_UNIT ( LENGTH_MEASURE( 0.02539999999999999897 ), #775 );
#2564 = LINE ( 'NONE', #331, #2256 ) ;
#2565 = PLANE ( 'NONE',  #839 ) ;
#2566 = MECHANICAL_DESIGN_GEOMETRIC_PRESENTATION_REPRESENTATION (  '', ( #2807 ), #3139 ) ;
#2567 = CARTESIAN_POINT ( 'NONE',  ( -0.01177475901799710303, -0.004523362447031608301, 0.06841209017634597433 ) ) ;
#2568 = ORIENTED_EDGE ( 'NONE', *, *, #1669, .T. ) ;
#2569 = CARTESIAN_POINT ( 'NONE',  ( -0.01559990256571121801, -0.01281554513371394033, 0.06840709017634598321 ) ) ;
#2570 = CARTESIAN_POINT ( 'NONE',  ( -0.01014401670998431836, -0.009599918435478933115, 0.06840709017634598321 ) ) ;
#2571 =( LENGTH_UNIT ( ) NAMED_UNIT ( * ) SI_UNIT ( $, .METRE. ) );
#2572 = COLOUR_RGB ( '',0.7921568627450980005, 0.8196078431372548767, 0.9333333333333333481 ) ;
#2573 = ORIENTED_EDGE ( 'NONE', *, *, #1760, .F. ) ;
#2574 = CARTESIAN_POINT ( 'NONE',  ( 0.02534026354889833479, -0.009280548164313711518, 0.06841209017634597433 ) ) ;
#2575 = PRESENTATION_LAYER_ASSIGNMENT (  '', '', ( #3943 ) ) ;
#2576 = ADVANCED_FACE ( 'NONE', ( #4336 ), #4358, .T. ) ;
#2577 = CARTESIAN_POINT ( 'NONE',  ( 0.02050658687104706113, -0.01263615554108765866, 0.06840709017634598321 ) ) ;
#2578 = EDGE_LOOP ( 'NONE', ( #2981, #3280, #4402, #4235 ) ) ;
#2579 = CARTESIAN_POINT ( 'NONE',  ( -0.01523214254331624329, -0.01025916120624772651, 0.06841209017634598821 ) ) ;
#2580 = CARTESIAN_POINT ( 'NONE',  ( -0.02006487491511111526, -0.008015571462657982219, 0.06841209017634597433 ) ) ;
#2581 = ADVANCED_FACE ( 'NONE', ( #1466 ), #1416, .T. ) ;
#2582 = CARTESIAN_POINT ( 'NONE',  ( -0.05899999999999999689, -0.02000000000000000042, 0.04191209017634599243 ) ) ;
#2583 = CARTESIAN_POINT ( 'NONE',  ( 0.05873796110358477790, -0.02000000000000000042, 0.009999999999999995004 ) ) ;
#2584 = EDGE_LOOP ( 'NONE', ( #3804, #1321, #1743, #1642 ) ) ;
#2585 = CARTESIAN_POINT ( 'NONE',  ( 0.02813952383545203009, 0.02963952383545203489, 0.005412090176345997310 ) ) ;
#2586 = CARTESIAN_POINT ( 'NONE',  ( -0.01141811516088242495, -0.01143943533540398884, 0.06840709017634598321 ) ) ;
#2587 = B_SPLINE_SURFACE_WITH_KNOTS ( 'NONE', 3, 1, ( 
 ( #600, #2580 ),
 ( #324, #2560 ),
 ( #1813, #1501 ),
 ( #4808, #3015 ),
 ( #1445, #4071 ),
 ( #2244, #4856 ),
 ( #703, #3372 ) ),
 .UNSPECIFIED., .F., .F., .F.,
 ( 4, 1, 1, 1, 4 ),
 ( 2, 2 ),
 ( 0.0000000000000000000, 0.2991842876765369863, 0.5648989463568091507, 0.7985478688426197458, 1.000000000000000000 ),
 ( 0.0000000000000000000, 1.000000000000000000 ),
 .UNSPECIFIED. ) ;
#2588 = VERTEX_POINT ( 'NONE', #3008 ) ;
#2589 = CARTESIAN_POINT ( 'NONE',  ( 0.02677922896955925794, 0.008397950965118526276, 0.06840709017634598321 ) ) ;
#2590 = CARTESIAN_POINT ( 'NONE',  ( -0.01504601570501400490, -0.01281379173699835790, 0.06840709017634598321 ) ) ;
#2591 = LENGTH_MEASURE_WITH_UNIT ( LENGTH_MEASURE( 0.02539999999999999897 ), #1879 );
#2592 = CARTESIAN_POINT ( 'NONE',  ( -0.05899999999999999689, 0.03150000000000000022, 0.04191209017634599243 ) ) ;
#2593 = CARTESIAN_POINT ( 'NONE',  ( 0.02760182257576066292, -0.006141747325361321570, 0.06840709017634598321 ) ) ;
#2594 = ORIENTED_EDGE ( 'NONE', *, *, #731, .T. ) ;
#2595 = DIRECTION ( 'NONE',  ( 0.0000000000000000000, -0.05233595624294387627, -0.9986295347545738332 ) ) ;
#2596 =( GEOMETRIC_REPRESENTATION_CONTEXT ( 3 ) GLOBAL_UNCERTAINTY_ASSIGNED_CONTEXT ( ( #2459 ) ) GLOBAL_UNIT_ASSIGNED_CONTEXT ( ( #878, #2767, #483 ) ) REPRESENTATION_CONTEXT ( 'NONE', 'WORKASPACE' ) );
#2597 = CARTESIAN_POINT ( 'NONE',  ( 0.02645070342061692226, -0.008231270699523680900, 0.06841209017634597433 ) ) ;
#2598 = SURFACE_SIDE_STYLE ('',( #3739 ) ) ;
#2599 = CARTESIAN_POINT ( 'NONE',  ( -0.02813952383545203009, 0.02963952383545203489, 0.005412090176345997310 ) ) ;
#2600 = ORIENTED_EDGE ( 'NONE', *, *, #2060, .T. ) ;
#2601 =( CONVERSION_BASED_UNIT ( 'INCH', #1103 ) LENGTH_UNIT ( ) NAMED_UNIT ( #856 ) );
#2602 = DIRECTION ( 'NONE',  ( 1.355083330190606755E-16, -1.000000000000000000, 0.0000000000000000000 ) ) ;
#2603 = EDGE_CURVE ( 'NONE', #4394, #98, #4139, .T. ) ;
#2604 = MECHANICAL_DESIGN_GEOMETRIC_PRESENTATION_REPRESENTATION (  '', ( #1424 ), #4520 ) ;
#2605 = DIRECTION ( 'NONE',  ( 0.0000000000000000000, 1.000000000000000000, 0.0000000000000000000 ) ) ;
#2606 = ORIENTED_EDGE ( 'NONE', *, *, #4581, .F. ) ;
#2607 = CARTESIAN_POINT ( 'NONE',  ( 0.01583493348294347583, 0.009806305719897979306, 0.06840709017634598321 ) ) ;
#2608 = CARTESIAN_POINT ( 'NONE',  ( -0.05899999999999999689, 0.03011119384899940687, 0.06841209017634598821 ) ) ;
#2609 = EDGE_CURVE ( 'NONE', #793, #2461, #4851, .T. ) ;
#2610 = FILL_AREA_STYLE ('',( #2207 ) ) ;
#2611 = FILL_AREA_STYLE ('',( #4203 ) ) ;
#2612 = LENGTH_MEASURE_WITH_UNIT ( LENGTH_MEASURE( 0.02539999999999999897 ), #4154 );
#2613 = ORIENTED_EDGE ( 'NONE', *, *, #1049, .T. ) ;
#2614 = CARTESIAN_POINT ( 'NONE',  ( 0.01792315261757675832, -0.01145105115248941201, 0.06841209017634598821 ) ) ;
#2615 = DIRECTION ( 'NONE',  ( -0.0000000000000000000, -0.0000000000000000000, 1.000000000000000000 ) ) ;
#2616 = SURFACE_STYLE_FILL_AREA ( #4183 ) ;
#2617 = MECHANICAL_DESIGN_GEOMETRIC_PRESENTATION_REPRESENTATION (  '', ( #1829 ), #505 ) ;
#2618 = MECHANICAL_DESIGN_GEOMETRIC_PRESENTATION_REPRESENTATION (  '', ( #824 ), #2699 ) ;
#2619 = ORIENTED_EDGE ( 'NONE', *, *, #2740, .F. ) ;
#2620 = DIRECTION ( 'NONE',  ( 0.0000000000000000000, -0.0000000000000000000, 1.000000000000000000 ) ) ;
#2621 = CARTESIAN_POINT ( 'NONE',  ( 0.02472546397547774680, -0.009673030345879860339, 0.06841209017634598821 ) ) ;
#2622 = PRESENTATION_STYLE_ASSIGNMENT (( #1494 ) ) ;
#2623 = STYLED_ITEM ( 'NONE', ( #982 ), #3696 ) ;
#2624 =( NAMED_UNIT ( * ) SI_UNIT ( $, .STERADIAN. ) SOLID_ANGLE_UNIT ( ) );
#2625 = CARTESIAN_POINT ( 'NONE',  ( 0.01549518495134652105, 0.009233863346042430961, 0.06840709017634598321 ) ) ;
#2626 = B_SPLINE_CURVE_WITH_KNOTS ( 'NONE', 3,
 ( #4197, #1080, #2631, #352, #3813, #1936, #4573, #4857, #2657, #2994, #1891 ),
 .UNSPECIFIED., .F., .F.,
 ( 4, 1, 1, 1, 1, 1, 1, 1, 4 ),
 ( 0.0000000000000000000, 0.1105883385953361775, 0.2245417540535957490, 0.3425034940501038849, 0.4643240984173579444, 0.5907560327017663537, 0.7222274753555143478, 0.8588428362087243695, 1.000000000000000000 ),
 .UNSPECIFIED. ) ;
#2627 = LINE ( 'NONE', #491, #2658 ) ;
#2628 = MECHANICAL_DESIGN_GEOMETRIC_PRESENTATION_REPRESENTATION (  '', ( #1836 ), #3522 ) ;
#2629 = EDGE_LOOP ( 'NONE', ( #4452, #645, #2103, #3413 ) ) ;
#2630 = PRESENTATION_STYLE_ASSIGNMENT (( #2532 ) ) ;
#2631 = CARTESIAN_POINT ( 'NONE',  ( 0.02789489800309818621, -0.005291297763998289473, 0.06841209017634598821 ) ) ;
#2632 = AXIS2_PLACEMENT_3D ( 'NONE', #823, #1939, #3115 ) ;
#2633 = VERTEX_POINT ( 'NONE', #764 ) ;
#2634 = SURFACE_STYLE_FILL_AREA ( #3432 ) ;
#2635 = CARTESIAN_POINT ( 'NONE',  ( 0.02050433088823788372, 0.01327219543959196751, 0.06841209017634598821 ) ) ;
#2636 =( GEOMETRIC_REPRESENTATION_CONTEXT ( 3 ) GLOBAL_UNCERTAINTY_ASSIGNED_CONTEXT ( ( #1491 ) ) GLOBAL_UNIT_ASSIGNED_CONTEXT ( ( #3637, #2479, #1677 ) ) REPRESENTATION_CONTEXT ( 'NONE', 'WORKASPACE' ) );
#2637 = EDGE_CURVE ( 'NONE', #2001, #4694, #1340, .T. ) ;
#2638 =( NAMED_UNIT ( * ) PLANE_ANGLE_UNIT ( ) SI_UNIT ( $, .RADIAN. ) );
#2639 = FILL_AREA_STYLE_COLOUR ( '', #1379 ) ;
#2640 = SURFACE_STYLE_USAGE ( .BOTH. , #1139 ) ;
#2641 = PRESENTATION_STYLE_ASSIGNMENT (( #22 ) ) ;
#2642 = MECHANICAL_DESIGN_GEOMETRIC_PRESENTATION_REPRESENTATION (  '', ( #1767 ), #3204 ) ;
#2643 = ORIENTED_EDGE ( 'NONE', *, *, #1320, .T. ) ;
#2644 = PRESENTATION_STYLE_ASSIGNMENT (( #2720 ) ) ;
#2645 = EDGE_CURVE ( 'NONE', #4165, #1062, #2220, .T. ) ;
#2646 = CARTESIAN_POINT ( 'NONE',  ( 0.02394096204631871588, -0.01000495562776327479, 0.06841209017634598821 ) ) ;
#2647 = ORIENTED_EDGE ( 'NONE', *, *, #1020, .F. ) ;
#2648 = PRESENTATION_STYLE_ASSIGNMENT (( #1150 ) ) ;
#2649 = AXIS2_PLACEMENT_3D ( 'NONE', #447, #51, #1930 ) ;
#2650 = CARTESIAN_POINT ( 'NONE',  ( 0.06448939481647289473, -0.02000000000000000736, 0.04191209017634599243 ) ) ;
#2651 = CARTESIAN_POINT ( 'NONE',  ( 0.01942797780589498174, -0.01229593096675535464, 0.06840709017634598321 ) ) ;
#2652 = VECTOR ( 'NONE', #4865, 39.37007874015748143 ) ;
#2653 = DIRECTION ( 'NONE',  ( 0.0000000000000000000, -1.000000000000000000, 0.0000000000000000000 ) ) ;
#2654 = ORIENTED_EDGE ( 'NONE', *, *, #301, .F. ) ;
#2655 = CARTESIAN_POINT ( 'NONE',  ( -0.01535734286382906162, -0.01282326377035029018, 0.06840709017634598321 ) ) ;
#2656 = VECTOR ( 'NONE', #2615, 39.37007874015748143 ) ;
#2657 = CARTESIAN_POINT ( 'NONE',  ( 0.02860455582698189989, -0.0005741621932908255342, 0.06841209017634598821 ) ) ;
#2658 = VECTOR ( 'NONE', #52, 39.37007874015748143 ) ;
#2659 = CARTESIAN_POINT ( 'NONE',  ( -0.01535734286382906336, -0.01282326377035029365, 0.06840709017634598321 ) ) ;
#2660 = ORIENTED_EDGE ( 'NONE', *, *, #1977, .F. ) ;
#2661 =( NAMED_UNIT ( * ) PLANE_ANGLE_UNIT ( ) SI_UNIT ( $, .RADIAN. ) );
#2662 = CARTESIAN_POINT ( 'NONE',  ( 0.01611300970027349996, 0.0003177618706753523544, 0.06840709017634598321 ) ) ;
#2663 = AXIS2_PLACEMENT_3D ( 'NONE', #2508, #2859, #3238 ) ;
#2664 = CARTESIAN_POINT ( 'NONE',  ( -0.01357054570643977977, -0.01262132915327402599, 0.06841209017634598821 ) ) ;
#2665 = CARTESIAN_POINT ( 'NONE',  ( -0.05873796110358478484, -0.02000000000000000042, 0.004999999999999997502 ) ) ;
#2666 =( NAMED_UNIT ( * ) PLANE_ANGLE_UNIT ( ) SI_UNIT ( $, .RADIAN. ) );
#2667 = EDGE_CURVE ( 'NONE', #1782, #4588, #2278, .T. ) ;
#2668 = ORIENTED_EDGE ( 'NONE', *, *, #3931, .T. ) ;
#2669 = CARTESIAN_POINT ( 'NONE',  ( 0.01654079323314227787, 0.005389103253464083178, 0.06840709017634598321 ) ) ;
#2670 = LENGTH_MEASURE_WITH_UNIT ( LENGTH_MEASURE( 0.02539999999999999897 ), #420 );
#2671 = PRESENTATION_STYLE_ASSIGNMENT (( #47 ) ) ;
#2672 = EDGE_CURVE ( 'NONE', #2054, #2111, #639, .T. ) ;
#2673 = ORIENTED_EDGE ( 'NONE', *, *, #1230, .T. ) ;
#2674 = LINE ( 'NONE', #2289, #670 ) ;
#2675 = CARTESIAN_POINT ( 'NONE',  ( 0.02877841747618320803, -0.009091673121588376288, 0.06841209017634598821 ) ) ;
#2676 = CARTESIAN_POINT ( 'NONE',  ( 0.01698984616167325754, 0.01128976391797518325, 0.06840709017634598321 ) ) ;
#2677 = SURFACE_STYLE_FILL_AREA ( #1549 ) ;
#2678 = ORIENTED_EDGE ( 'NONE', *, *, #459, .T. ) ;
#2679 = FILL_AREA_STYLE ('',( #3830 ) ) ;
#2680 = DIRECTION ( 'NONE',  ( 0.0000000000000000000, 0.0000000000000000000, -1.000000000000000000 ) ) ;
#2681 = B_SPLINE_CURVE_WITH_KNOTS ( 'NONE', 3,
 ( #615, #1639, #3159, #3632, #4717, #4414, #2150, #1720, #4436, #4080, #1614, #3133, #1064, #4838, #4481, #4815, #2567, #3352, #3751 ),
 .UNSPECIFIED., .F., .F.,
 ( 4, 1, 1, 1, 1, 1, 1, 1, 1, 1, 1, 1, 1, 1, 1, 1, 4 ),
 ( 0.0000000000000000000, 0.06232636599144009831, 0.1231962451944467046, 0.1840362202545514636, 0.2469640854288924214, 0.3106993957895708980, 0.3732676370734430149, 0.4365875799673885060, 0.5021247910366485323, 0.5390047220341627199, 0.5832553755259850536, 0.6344465152828114851, 0.6926760461021154169, 0.7585704862865279008, 0.8316586747921143052, 0.9119171022748343569, 0.9999999999999998890 ),
 .UNSPECIFIED. ) ;
#2682 = LINE ( 'NONE', #4526, #469 ) ;
#2683 = CARTESIAN_POINT ( 'NONE',  ( 0.02789489800309818621, -0.005291297763998289473, 0.06840709017634598321 ) ) ;
#2684 = DIRECTION ( 'NONE',  ( -2.710166660381213510E-16, 1.000000000000000000, -0.0000000000000000000 ) ) ;
#2685 = CARTESIAN_POINT ( 'NONE',  ( 0.02203061564127904368, 0.01345547775299306761, 0.06841209017634598821 ) ) ;
#2686 = CARTESIAN_POINT ( 'NONE',  ( -0.01535734286382906336, -0.01282326377035029365, 0.06841209017634598821 ) ) ;
#2687 =( LENGTH_UNIT ( ) NAMED_UNIT ( * ) SI_UNIT ( $, .METRE. ) );
#2688 = CARTESIAN_POINT ( 'NONE',  ( 0.0000000000000000000, 0.0000000000000000000, 0.006412090176345995596 ) ) ;
#2689 = CARTESIAN_POINT ( 'NONE',  ( -0.01213414198538863113, -0.007998060177165183110, 0.06840709017634598321 ) ) ;
#2690 =( CONVERSION_BASED_UNIT ( 'INCH', #418 ) LENGTH_UNIT ( ) NAMED_UNIT ( #740 ) );
#2691 = EDGE_CURVE ( 'NONE', #2363, #3488, #4795, .T. ) ;
#2692 = PRESENTATION_STYLE_ASSIGNMENT (( #4297 ) ) ;
#2693 = CARTESIAN_POINT ( 'NONE',  ( 0.0000000000000000000, 0.0000000000000000000, 0.06840709017634598321 ) ) ;
#2694 = ORIENTED_EDGE ( 'NONE', *, *, #3505, .F. ) ;
#2695 = FILL_AREA_STYLE_COLOUR ( '', #4225 ) ;
#2696 = DIRECTION ( 'NONE',  ( 0.0000000000000000000, 1.000000000000000000, 0.0000000000000000000 ) ) ;
#2697 = PRESENTATION_LAYER_ASSIGNMENT (  '', '', ( #4828 ) ) ;
#2698 = CARTESIAN_POINT ( 'NONE',  ( 0.01387175072065841529, -8.961369420307002589E-05, 0.06840709017634598321 ) ) ;
#2699 =( GEOMETRIC_REPRESENTATION_CONTEXT ( 3 ) GLOBAL_UNCERTAINTY_ASSIGNED_CONTEXT ( ( #1233 ) ) GLOBAL_UNIT_ASSIGNED_CONTEXT ( ( #4008, #915, #1727 ) ) REPRESENTATION_CONTEXT ( 'NONE', 'WORKASPACE' ) );
#2700 =( NAMED_UNIT ( * ) SI_UNIT ( $, .STERADIAN. ) SOLID_ANGLE_UNIT ( ) );
#2701 = CARTESIAN_POINT ( 'NONE',  ( 0.02838010346784297297, 0.01030238727692099794, 0.06841209017634597433 ) ) ;
#2702 = ORIENTED_EDGE ( 'NONE', *, *, #2546, .F. ) ;
#2703 = CARTESIAN_POINT ( 'NONE',  ( -0.01608794875131568797, -0.01280001472557439242, 0.06840709017634598321 ) ) ;
#2704 = DIMENSIONAL_EXPONENTS ( 1.000000000000000000, 0.0000000000000000000, 0.0000000000000000000, 0.0000000000000000000, 0.0000000000000000000, 0.0000000000000000000, 0.0000000000000000000 ) ;
#2705 = CIRCLE ( 'NONE', #746, 0.004999999999999997502 ) ;
#2706 = EDGE_CURVE ( 'NONE', #2504, #1062, #1022, .T. ) ;
#2707 = SURFACE_STYLE_USAGE ( .BOTH. , #476 ) ;
#2708 = CARTESIAN_POINT ( 'NONE',  ( 0.01412632234426948290, 0.004678855624192319353, 0.06841209017634600209 ) ) ;
#2709 = ORIENTED_EDGE ( 'NONE', *, *, #1020, .T. ) ;
#2710 = LINE ( 'NONE', #2739, #2166 ) ;
#2711 = DIRECTION ( 'NONE',  ( 0.0000000000000000000, -1.000000000000000000, 0.0000000000000000000 ) ) ;
#2712 = CARTESIAN_POINT ( 'NONE',  ( 0.01839599865404675794, 0.01239123909312395480, 0.06840709017634598321 ) ) ;
#2713 = STYLED_ITEM ( 'NONE', ( #2956 ), #4207 ) ;
#2714 = FACE_OUTER_BOUND ( 'NONE', #4345, .T. ) ;
#2715 = SURFACE_SIDE_STYLE ('',( #87 ) ) ;
#2716 =( NAMED_UNIT ( * ) PLANE_ANGLE_UNIT ( ) SI_UNIT ( $, .RADIAN. ) );
#2717 = CARTESIAN_POINT ( 'NONE',  ( -0.01290885458126587830, -0.009291584795128352350, 0.06840709017634598321 ) ) ;
#2718 = PRESENTATION_LAYER_ASSIGNMENT (  '', '', ( #683 ) ) ;
#2719 = ORIENTED_EDGE ( 'NONE', *, *, #270, .F. ) ;
#2720 = SURFACE_STYLE_USAGE ( .BOTH. , #758 ) ;
#2721 = CARTESIAN_POINT ( 'NONE',  ( 0.01754627775335302134, -0.007393186938703136431, 0.06840709017634598321 ) ) ;
#2722 = VECTOR ( 'NONE', #4182, 39.37007874015748143 ) ;
#2723 = UNCERTAINTY_MEASURE_WITH_UNIT (LENGTH_MEASURE( 1.000000000000000082E-05 ), #2887, 'distance_accuracy_value', 'NONE');
#2724 = PRESENTATION_STYLE_ASSIGNMENT (( #3097 ) ) ;
#2725 = ORIENTED_EDGE ( 'NONE', *, *, #4786, .F. ) ;
#2726 = MECHANICAL_DESIGN_GEOMETRIC_PRESENTATION_REPRESENTATION (  '', ( #1459 ), #3770 ) ;
#2727 = CARTESIAN_POINT ( 'NONE',  ( 0.01387628693794496632, -0.0008629692250359809495, 0.06840709017634598321 ) ) ;
#2728 = SURFACE_STYLE_USAGE ( .BOTH. , #835 ) ;
#2729 = DIRECTION ( 'NONE',  ( -0.0000000000000000000, -0.0000000000000000000, 1.000000000000000000 ) ) ;
#2730 = STYLED_ITEM ( 'NONE', ( #1763 ), #349 ) ;
#2731 = DIRECTION ( 'NONE',  ( 0.0000000000000000000, 0.0000000000000000000, 1.000000000000000000 ) ) ;
#2732 = ORIENTED_EDGE ( 'NONE', *, *, #1730, .F. ) ;
#2733 = EDGE_CURVE ( 'NONE', #3866, #3585, #1742, .T. ) ;
#2734 = ORIENTED_EDGE ( 'NONE', *, *, #550, .T. ) ;
#2735 = SURFACE_SIDE_STYLE ('',( #870 ) ) ;
#2736 = VECTOR ( 'NONE', #1896, 39.37007874015748143 ) ;
#2737 = CARTESIAN_POINT ( 'NONE',  ( 0.05713952383545202462, 0.02963952383545203489, 0.006412090176345995596 ) ) ;
#2738 = ORIENTED_EDGE ( 'NONE', *, *, #1787, .F. ) ;
#2739 = CARTESIAN_POINT ( 'NONE',  ( 0.002330958418222218304, -0.01218223812932464796, 0.06841209017634598821 ) ) ;
#2740 = EDGE_CURVE ( 'NONE', #371, #1780, #1408, .T. ) ;
#2741 = DIRECTION ( 'NONE',  ( -0.0000000000000000000, 0.0000000000000000000, 1.000000000000000000 ) ) ;
#2742 = LINE ( 'NONE', #200, #1784 ) ;
#2743 = VECTOR ( 'NONE', #2749, 39.37007874015748143 ) ;
#2744 = DIMENSIONAL_EXPONENTS ( 1.000000000000000000, 0.0000000000000000000, 0.0000000000000000000, 0.0000000000000000000, 0.0000000000000000000, 0.0000000000000000000, 0.0000000000000000000 ) ;
#2745 = AXIS2_PLACEMENT_3D ( 'NONE', #2360, #1203, #836 ) ;
#2746 = CARTESIAN_POINT ( 'NONE',  ( 0.0000000000000000000, 0.0000000000000000000, 0.06841209017634598821 ) ) ;
#2747 = DIRECTION ( 'NONE',  ( -0.0000000000000000000, 1.000000000000000000, -0.0000000000000000000 ) ) ;
#2748 = CARTESIAN_POINT ( 'NONE',  ( 0.002330958418222218304, 0.01025365930657278976, 0.06840709017634598321 ) ) ;
#2749 = DIRECTION ( 'NONE',  ( -0.0000000000000000000, -0.0000000000000000000, 1.000000000000000000 ) ) ;
#2750 =( NAMED_UNIT ( * ) PLANE_ANGLE_UNIT ( ) SI_UNIT ( $, .RADIAN. ) );
#2751 = ORIENTED_EDGE ( 'NONE', *, *, #4149, .T. ) ;
#2752 = CARTESIAN_POINT ( 'NONE',  ( -0.01177160568434188273, 0.01281776187067535343, 0.06841209017634598821 ) ) ;
#2753 =( NAMED_UNIT ( * ) SI_UNIT ( $, .STERADIAN. ) SOLID_ANGLE_UNIT ( ) );
#2754 = PRESENTATION_STYLE_ASSIGNMENT (( #114 ) ) ;
#2755 = CARTESIAN_POINT ( 'NONE',  ( 0.02507654099348962870, 0.01292043291917551080, 0.06840709017634598321 ) ) ;
#2756 = CARTESIAN_POINT ( 'NONE',  ( 0.002330958418222218304, 0.01025365930657278976, 0.06841209017634598821 ) ) ;
#2757 = VERTEX_POINT ( 'NONE', #658 ) ;
#2758 = ORIENTED_EDGE ( 'NONE', *, *, #2667, .F. ) ;
#2759 = CARTESIAN_POINT ( 'NONE',  ( -0.01918393987866309422, -0.008623056604817942727, 0.06840709017634598321 ) ) ;
#2760 = SURFACE_SIDE_STYLE ('',( #4590 ) ) ;
#2761 = UNCERTAINTY_MEASURE_WITH_UNIT (LENGTH_MEASURE( 1.000000000000000082E-05 ), #3255, 'distance_accuracy_value', 'NONE');
#2762 = CARTESIAN_POINT ( 'NONE',  ( 0.01387631422922884147, 0.001486798502046581287, 0.06841209017634598821 ) ) ;
#2763 = SURFACE_STYLE_USAGE ( .BOTH. , #2017 ) ;
#2764 = AXIS2_PLACEMENT_3D ( 'NONE', #2495, #1766, #636 ) ;
#2765 = EDGE_CURVE ( 'NONE', #4503, #3753, #3677, .T. ) ;
#2766 = CARTESIAN_POINT ( 'NONE',  ( 0.02222779335411965984, -0.01282326377035029018, 0.06841209017634601597 ) ) ;
#2767 =( NAMED_UNIT ( * ) PLANE_ANGLE_UNIT ( ) SI_UNIT ( $, .RADIAN. ) );
#2768 = DIRECTION ( 'NONE',  ( 0.0000000000000000000, 1.000000000000000000, 0.0000000000000000000 ) ) ;
#2769 = ADVANCED_FACE ( 'NONE', ( #888 ), #3655, .F. ) ;
#2770 = CARTESIAN_POINT ( 'NONE',  ( 0.01686909430000703772, -0.005938885366856933370, 0.06840709017634601097 ) ) ;
#2771 = DIMENSIONAL_EXPONENTS ( 1.000000000000000000, 0.0000000000000000000, 0.0000000000000000000, 0.0000000000000000000, 0.0000000000000000000, 0.0000000000000000000, 0.0000000000000000000 ) ;
#2772 =( LENGTH_UNIT ( ) NAMED_UNIT ( * ) SI_UNIT ( $, .METRE. ) );
#2773 = VECTOR ( 'NONE', #62, 39.37007874015748143 ) ;
#2774 = ORIENTED_EDGE ( 'NONE', *, *, #3291, .T. ) ;
#2775 = FILL_AREA_STYLE ('',( #1269 ) ) ;
#2776 = CARTESIAN_POINT ( 'NONE',  ( 0.02797527985794130354, 0.01080554344753963288, 0.06840709017634598321 ) ) ;
#2777 = ORIENTED_EDGE ( 'NONE', *, *, #3144, .F. ) ;
#2778 = ORIENTED_EDGE ( 'NONE', *, *, #1890, .F. ) ;
#2779 = FILL_AREA_STYLE_COLOUR ( '', #2507 ) ;
#2780 = CARTESIAN_POINT ( 'NONE',  ( 0.01611537406740188791, 0.001304780026783366282, 0.06841209017634598821 ) ) ;
#2781 = STYLED_ITEM ( 'NONE', ( #1285 ), #4527 ) ;
#2782 = SURFACE_SIDE_STYLE ('',( #2894 ) ) ;
#2783 = SURFACE_STYLE_FILL_AREA ( #152 ) ;
#2784 = CARTESIAN_POINT ( 'NONE',  ( -0.06415338570894128789, -0.02000000000000000389, 0.04191209017634599243 ) ) ;
#2785 = AXIS2_PLACEMENT_3D ( 'NONE', #1236, #2741, #3169 ) ;
#2786 = CARTESIAN_POINT ( 'NONE',  ( 0.02398100120277486119, -0.01263142432886542148, 0.06840709017634598321 ) ) ;
#2787 = CARTESIAN_POINT ( 'NONE',  ( 0.02828757842071490461, 0.004396386543808948784, 0.06841209017634602985 ) ) ;
#2788 = CARTESIAN_POINT ( 'NONE',  ( 0.01585640997997884646, -0.009194761519969653352, 0.06841209017634598821 ) ) ;
#2789 = CARTESIAN_POINT ( 'NONE',  ( -0.01505940834026322887, -0.01025185595671930863, 0.06841209017634596046 ) ) ;
#2790 = VECTOR ( 'NONE', #3137, 39.37007874015748143 ) ;
#2791 = EDGE_CURVE ( 'NONE', #398, #1780, #259, .T. ) ;
#2792 = CARTESIAN_POINT ( 'NONE',  ( 0.01629371684407898702, -0.003300422914047808267, 0.06841209017634598821 ) ) ;
#2793 = DIRECTION ( 'NONE',  ( 1.000000000000000000, 0.0000000000000000000, 0.0000000000000000000 ) ) ;
#2794 = ORIENTED_EDGE ( 'NONE', *, *, #4053, .F. ) ;
#2795 =( CONVERSION_BASED_UNIT ( 'INCH', #3202 ) LENGTH_UNIT ( ) NAMED_UNIT ( #358 ) );
#2796 = EDGE_CURVE ( 'NONE', #1420, #4503, #2681, .T. ) ;
#2797 = AXIS2_PLACEMENT_3D ( 'NONE', #4674, #1295, #4326 ) ;
#2798 = COLOUR_RGB ( '',0.5019607843137254832, 0.5019607843137254832, 0.5019607843137254832 ) ;
#2799 = DIRECTION ( 'NONE',  ( 0.0000000000000000000, -1.000000000000000000, 0.0000000000000000000 ) ) ;
#2800 = VERTEX_POINT ( 'NONE', #3330 ) ;
#2801 = DIRECTION ( 'NONE',  ( -1.000000000000000000, 0.0000000000000000000, 0.0000000000000000000 ) ) ;
#2802 = COLOUR_RGB ( '',0.6666666666666666297, 0.6980392156862744724, 0.7686274509803920907 ) ;
#2803 = VERTEX_POINT ( 'NONE', #4104 ) ;
#2804 = DIMENSIONAL_EXPONENTS ( 1.000000000000000000, 0.0000000000000000000, 0.0000000000000000000, 0.0000000000000000000, 0.0000000000000000000, 0.0000000000000000000, 0.0000000000000000000 ) ;
#2805 = DIRECTION ( 'NONE',  ( -0.0000000000000000000, -0.0000000000000000000, 1.000000000000000000 ) ) ;
#2806 = CARTESIAN_POINT ( 'NONE',  ( 0.02789489800309818621, -0.005291297763998289473, 0.06840709017634598321 ) ) ;
#2807 = STYLED_ITEM ( 'NONE', ( #3441 ), #664 ) ;
#2808 = FILL_AREA_STYLE ('',( #3938 ) ) ;
#2809 = ORIENTED_EDGE ( 'NONE', *, *, #1998, .T. ) ;
#2810 = FACE_OUTER_BOUND ( 'NONE', #2136, .T. ) ;
#2811 = AXIS2_PLACEMENT_3D ( 'NONE', #4273, #3926, #136 ) ;
#2812 = CARTESIAN_POINT ( 'NONE',  ( -0.05900000000000000383, 0.03150000000000000022, 0.04191209017634599243 ) ) ;
#2813 = FILL_AREA_STYLE ('',( #3968 ) ) ;
#2814 = CARTESIAN_POINT ( 'NONE',  ( 0.02828757842071490461, 0.004396386543808948784, 0.06840709017634598321 ) ) ;
#2815 =( GEOMETRIC_REPRESENTATION_CONTEXT ( 3 ) GLOBAL_UNCERTAINTY_ASSIGNED_CONTEXT ( ( #4400 ) ) GLOBAL_UNIT_ASSIGNED_CONTEXT ( ( #1241, #3528, #3673 ) ) REPRESENTATION_CONTEXT ( 'NONE', 'WORKASPACE' ) );
#2816 = CARTESIAN_POINT ( 'NONE',  ( 0.01745878003872081488, -0.01108446770157233731, 0.06841209017634598821 ) ) ;
#2817 = CARTESIAN_POINT ( 'NONE',  ( -0.01177160568434188273, -0.003813848706247725123, 0.06841209017634596046 ) ) ;
#2818 = EDGE_LOOP ( 'NONE', ( #1221, #1324, #761, #2089, #3338, #2305 ) ) ;
#2819 = AXIS2_PLACEMENT_3D ( 'NONE', #1117, #2234, #1144 ) ;
#2820 = DIRECTION ( 'NONE',  ( -1.000000000000000000, 0.0000000000000000000, -0.0000000000000000000 ) ) ;
#2821 = DIRECTION ( 'NONE',  ( 0.0000000000000000000, 0.0000000000000000000, -1.000000000000000000 ) ) ;
#2822 =( LENGTH_UNIT ( ) NAMED_UNIT ( * ) SI_UNIT ( $, .METRE. ) );
#2823 = STYLED_ITEM ( 'NONE', ( #4098 ), #1641 ) ;
#2824 = ORIENTED_EDGE ( 'NONE', *, *, #1287, .F. ) ;
#2825 = SURFACE_SIDE_STYLE ('',( #4653 ) ) ;
#2826 = SURFACE_SIDE_STYLE ('',( #4391 ) ) ;
#2827 = EDGE_CURVE ( 'NONE', #1487, #1299, #360, .T. ) ;
#2828 = CARTESIAN_POINT ( 'NONE',  ( 0.02711391367550871137, -0.01103486382600769346, 0.06840709017634598321 ) ) ;
#2829 = CARTESIAN_POINT ( 'NONE',  ( 0.03085659944386324322, 0.0003077458450343269658, 0.06840709017634598321 ) ) ;
#2830 = VERTEX_POINT ( 'NONE', #3775 ) ;
#2831 = FILL_AREA_STYLE_COLOUR ( '', #4150 ) ;
#2832 = VERTEX_POINT ( 'NONE', #1455 ) ;
#2833 =( LENGTH_UNIT ( ) NAMED_UNIT ( * ) SI_UNIT ( $, .METRE. ) );
#2834 = SURFACE_SIDE_STYLE ('',( #1054 ) ) ;
#2835 = CARTESIAN_POINT ( 'NONE',  ( -0.01177268886892822615, -0.004057569933319097807, 0.06840709017634598321 ) ) ;
#2836 = CARTESIAN_POINT ( 'NONE',  ( 0.05948939481647290417, -0.02000000000000000042, 0.0000000000000000000 ) ) ;
#2837 = SURFACE_STYLE_USAGE ( .BOTH. , #3480 ) ;
#2838 = DIMENSIONAL_EXPONENTS ( 1.000000000000000000, 0.0000000000000000000, 0.0000000000000000000, 0.0000000000000000000, 0.0000000000000000000, 0.0000000000000000000, 0.0000000000000000000 ) ;
#2839 = CARTESIAN_POINT ( 'NONE',  ( 0.02663239641955193054, -0.01141094687930881840, 0.06840709017634598321 ) ) ;
#2840 = FILL_AREA_STYLE_COLOUR ( '', #531 ) ;
#2841 = CARTESIAN_POINT ( 'NONE',  ( 0.02470959267886115029, 0.01028708218070078888, 0.06840709017634598321 ) ) ;
#2842 = VECTOR ( 'NONE', #4051, 39.37007874015748143 ) ;
#2843 = LINE ( 'NONE', #4363, #4863 ) ;
#2844 = CARTESIAN_POINT ( 'NONE',  ( -0.01177160568434188273, -0.003813848706247725123, 0.06840709017634598321 ) ) ;
#2845 =( NAMED_UNIT ( * ) SI_UNIT ( $, .STERADIAN. ) SOLID_ANGLE_UNIT ( ) );
#2846 = B_SPLINE_SURFACE_WITH_KNOTS ( 'NONE', 3, 1, ( 
 ( #638, #1650 ),
 ( #4671, #2276 ),
 ( #750, #4531 ),
 ( #4505, #2248 ),
 ( #3433, #3771 ),
 ( #4576, #1111 ),
 ( #37, #4200 ),
 ( #480, #4555 ),
 ( #1212, #3796 ),
 ( #1556, #3410 ),
 ( #4862, #798 ),
 ( #1189, #2996 ),
 ( #2607, #826 ),
 ( #1580, #4148 ),
 ( #385, #3817 ),
 ( #1134, #410 ),
 ( #2297, #435 ),
 ( #1965, #1872 ),
 ( #2712, #16 ),
 ( #4239, #1914 ),
 ( #3022, #2344 ),
 ( #86, #1481 ),
 ( #1509, #2635 ),
 ( #4173, #3868 ),
 ( #777, #1894 ),
 ( #1532, #2685 ),
 ( #3047, #1941 ) ),
 .UNSPECIFIED., .F., .F., .F.,
 ( 4, 1, 1, 1, 1, 1, 1, 1, 1, 1, 1, 1, 1, 1, 1, 1, 1, 1, 1, 1, 1, 1, 1, 1, 4 ),
 ( 2, 2 ),
 ( 0.0000000000000000000, 0.06859462225874242425, 0.1332460424433008217, 0.1943125864682561377, 0.2512792231169660995, 0.3045134392563465520, 0.3542349066533247992, 0.4004805887739886772, 0.4434107549384915248, 0.4840148686163447955, 0.5232523007732027276, 0.5610423727283598838, 0.5979002393643996216, 0.6335184888561953276, 0.6683143511696510997, 0.7024956712863813513, 0.7366853535134579856, 0.7702931693607885100, 0.8034372550192485640, 0.8359129516660283032, 0.8684602457892905969, 0.9008465382431821711, 0.9334665246307075614, 0.9662575752981228394, 1.000000000000000000 ),
 ( 0.0000000000000000000, 1.000000000000000000 ),
 .UNSPECIFIED. ) ;
#2847 = CARTESIAN_POINT ( 'NONE',  ( 0.01781855740016002193, -0.007811284141375451212, 0.06841209017634598821 ) ) ;
#2848 = LENGTH_MEASURE_WITH_UNIT ( LENGTH_MEASURE( 0.02539999999999999897 ), #2822 );
#2849 = DIRECTION ( 'NONE',  ( 0.0000000000000000000, 1.000000000000000000, 0.0000000000000000000 ) ) ;
#2850 = ORIENTED_EDGE ( 'NONE', *, *, #1558, .F. ) ;
#2851 = FILL_AREA_STYLE_COLOUR ( '', #1527 ) ;
#2852 = CARTESIAN_POINT ( 'NONE',  ( 0.0000000000000000000, 0.0000000000000000000, 0.005412090176345997310 ) ) ;
#2853 = DIRECTION ( 'NONE',  ( -0.0000000000000000000, -0.0000000000000000000, 1.000000000000000000 ) ) ;
#2854 = B_SPLINE_CURVE_WITH_KNOTS ( 'NONE', 3,
 ( #1565, #1541, #1603, #24, #3801, #3054, #392, #109, #1216, #4560, #440, #2255, #3845, #3414, #4579, #2669, #3462, #1899, #4622, #1920, #4223, #3872, #4205 ),
 .UNSPECIFIED., .F., .F.,
 ( 4, 1, 1, 1, 1, 1, 1, 1, 1, 1, 1, 1, 1, 1, 1, 1, 1, 1, 1, 1, 4 ),
 ( 0.0000000000000000000, 0.06038661931106226871, 0.1208832485859959033, 0.1827546186251393645, 0.2478110297583511479, 0.2812991000432489841, 0.3150876241506571640, 0.3497023955502752690, 0.3848565811185559182, 0.4209661972261022900, 0.4585111882611391243, 0.4971747221273120076, 0.5376020478662694169, 0.5805030184200115073, 0.6274675400267046843, 0.6783882095592433936, 0.7339832205925603814, 0.7937467045508348473, 0.8577136721607319103, 0.9266978643613861255, 1.000000000000000000 ),
 .UNSPECIFIED. ) ;
#2855 = CARTESIAN_POINT ( 'NONE',  ( 0.03079588603512655939, -0.001908997262962247414, 0.06840709017634598321 ) ) ;
#2856 = ORIENTED_EDGE ( 'NONE', *, *, #4179, .T. ) ;
#2857 = SURFACE_STYLE_FILL_AREA ( #965 ) ;
#2858 = EDGE_CURVE ( 'NONE', #3319, #4512, #567, .T. ) ;
#2859 = DIRECTION ( 'NONE',  ( 0.0000000000000000000, -1.000000000000000000, 0.0000000000000000000 ) ) ;
#2860 = PLANE ( 'NONE',  #1394 ) ;
#2861 = EDGE_LOOP ( 'NONE', ( #4069, #4817, #3506, #2274, #1297, #2613, #3764, #3252, #3493, #1680, #3028, #3355 ) ) ;
#2862 = CARTESIAN_POINT ( 'NONE',  ( 0.01708187385768783137, 0.007103148778093144704, 0.06840709017634598321 ) ) ;
#2863 = CARTESIAN_POINT ( 'NONE',  ( 0.06448939481647289473, 0.02000000000000000736, 0.04191209017634599243 ) ) ;
#2864 = B_SPLINE_CURVE_WITH_KNOTS ( 'NONE', 3,
 ( #1091, #2945, #712, #2971, #1845, #2208, #4457, #21, #3729, #755, #3383, #4510, #2586, #2301, #4866, #389, #3437, #2250, #1512 ),
 .UNSPECIFIED., .F., .F.,
 ( 4, 1, 1, 1, 1, 1, 1, 1, 1, 1, 1, 1, 1, 1, 1, 1, 4 ),
 ( 0.0000000000000000000, 0.07736068394269939030, 0.1485419530250430831, 0.2140077372521337618, 0.2729945033606874238, 0.3264091957674678524, 0.3738804007298081600, 0.4160199382657592815, 0.4521255195126326898, 0.5180017107054559755, 0.5823669297335137829, 0.6470437823418067058, 0.7133304210644734189, 0.7809119703509679322, 0.8503949591306446676, 0.9229229735922767075, 1.000000000000000000 ),
 .UNSPECIFIED. ) ;
#2865 = EDGE_CURVE ( 'NONE', #398, #1182, #2864, .T. ) ;
#2866 = CARTESIAN_POINT ( 'NONE',  ( 0.01811509356608144439, -0.008196328170467323537, 0.06840709017634598321 ) ) ;
#2867 = MECHANICAL_DESIGN_GEOMETRIC_PRESENTATION_REPRESENTATION (  '', ( #2542 ), #1359 ) ;
#2868 = CARTESIAN_POINT ( 'NONE',  ( 0.02663239641955193054, -0.01141094687930881840, 0.06841209017634601597 ) ) ;
#2869 = LENGTH_MEASURE_WITH_UNIT ( LENGTH_MEASURE( 0.02539999999999999897 ), #3916 );
#2870 = B_SPLINE_CURVE_WITH_KNOTS ( 'NONE', 3,
 ( #1186, #1258, #2762, #1892, #4641, #2708, #872, #60, #4287, #1596, #4234, #1987, #3911, #1529, #4198, #3046, #1937, #4553, #123, #431, #898, #1159, #796, #843, #2383, #1207, #2294 ),
 .UNSPECIFIED., .F., .F.,
 ( 4, 1, 1, 1, 1, 1, 1, 1, 1, 1, 1, 1, 1, 1, 1, 1, 1, 1, 1, 1, 1, 1, 1, 1, 4 ),
 ( 0.0000000000000000000, 0.06859462225874242425, 0.1332460424433008217, 0.1943125864682561377, 0.2512792231169660995, 0.3045134392563465520, 0.3542349066533247992, 0.4004805887739886772, 0.4434107549384915248, 0.4840148686163447955, 0.5232523007732027276, 0.5610423727283598838, 0.5979002393643996216, 0.6335184888561953276, 0.6683143511696510997, 0.7024956712863813513, 0.7366853535134579856, 0.7702931693607885100, 0.8034372550192485640, 0.8359129516660283032, 0.8684602457892905969, 0.9008465382431821711, 0.9334665246307075614, 0.9662575752981228394, 1.000000000000000000 ),
 .UNSPECIFIED. ) ;
#2871 = COLOUR_RGB ( '',0.5019607843137254832, 0.5019607843137254832, 0.5019607843137254832 ) ;
#2872 = CARTESIAN_POINT ( 'NONE',  ( 0.01891300432978215706, -0.01205197608387690959, 0.06840709017634601097 ) ) ;
#2873 = CARTESIAN_POINT ( 'NONE',  ( -0.01177475901799710303, -0.004523362447031608301, 0.06840709017634596933 ) ) ;
#2874 = VECTOR ( 'NONE', #4818, 39.37007874015748143 ) ;
#2875 = CARTESIAN_POINT ( 'NONE',  ( 0.01615877734990311607, -0.001605966733460024824, 0.06841209017634598821 ) ) ;
#2876 = DIMENSIONAL_EXPONENTS ( 1.000000000000000000, 0.0000000000000000000, 0.0000000000000000000, 0.0000000000000000000, 0.0000000000000000000, 0.0000000000000000000, 0.0000000000000000000 ) ;
#2877 = PRESENTATION_STYLE_ASSIGNMENT (( #4032 ) ) ;
#2878 = CARTESIAN_POINT ( 'NONE',  ( 0.02797527985794130354, 0.01080554344753963288, 0.06841209017634598821 ) ) ;
#2879 = ORIENTED_EDGE ( 'NONE', *, *, #3931, .F. ) ;
#2880 = CARTESIAN_POINT ( 'NONE',  ( -0.02138699029972649865, -0.009938648385734903667, 0.06840709017634598321 ) ) ;
#2881 = FILL_AREA_STYLE ('',( #985 ) ) ;
#2882 = CARTESIAN_POINT ( 'NONE',  ( -0.05915338570894129039, -0.02000000000000000389, 0.04191209017634599243 ) ) ;
#2883 = LENGTH_MEASURE_WITH_UNIT ( LENGTH_MEASURE( 0.02539999999999999897 ), #290 );
#2884 = ORIENTED_EDGE ( 'NONE', *, *, #909, .T. ) ;
#2885 = DIRECTION ( 'NONE',  ( 1.000000000000000000, 0.0000000000000000000, 0.0000000000000000000 ) ) ;
#2886 = ORIENTED_EDGE ( 'NONE', *, *, #1587, .T. ) ;
#2887 =( CONVERSION_BASED_UNIT ( 'INCH', #1704 ) LENGTH_UNIT ( ) NAMED_UNIT ( #3715 ) );
#2888 =( GEOMETRIC_REPRESENTATION_CONTEXT ( 3 ) GLOBAL_UNCERTAINTY_ASSIGNED_CONTEXT ( ( #1432 ) ) GLOBAL_UNIT_ASSIGNED_CONTEXT ( ( #2065, #2414, #2491 ) ) REPRESENTATION_CONTEXT ( 'NONE', 'WORKASPACE' ) );
#2889 = PLANE ( 'NONE',  #2663 ) ;
#2890 = EDGE_CURVE ( 'NONE', #832, #3539, #310, .T. ) ;
#2891 = AXIS2_PLACEMENT_3D ( 'NONE', #65, #3024, #2321 ) ;
#2892 = CARTESIAN_POINT ( 'NONE',  ( -0.01178693945292334441, -0.005191418962717997930, 0.06840709017634599709 ) ) ;
#2893 = ORIENTED_EDGE ( 'NONE', *, *, #3627, .T. ) ;
#2894 = SURFACE_STYLE_FILL_AREA ( #3167 ) ;
#2895 = SURFACE_SIDE_STYLE ('',( #4810 ) ) ;
#2896 = EDGE_CURVE ( 'NONE', #2001, #2800, #1821, .T. ) ;
#2897 = LINE ( 'NONE', #2516, #4508 ) ;
#2898 = STYLED_ITEM ( 'NONE', ( #72 ), #672 ) ;
#2899 = SURFACE_STYLE_FILL_AREA ( #2147 ) ;
#2900 = DIRECTION ( 'NONE',  ( 0.0000000000000000000, -0.0000000000000000000, 1.000000000000000000 ) ) ;
#2901 = ORIENTED_EDGE ( 'NONE', *, *, #2740, .T. ) ;
#2902 = STYLED_ITEM ( 'NONE', ( #4268 ), #1025 ) ;
#2903 = CARTESIAN_POINT ( 'NONE',  ( 0.01701521857219341627, -0.01067900849666883825, 0.06841209017634600209 ) ) ;
#2904 = PLANE ( 'NONE',  #1087 ) ;
#2905 = CARTESIAN_POINT ( 'NONE',  ( 0.04629129495668375671, 0.01025365930657278976, 0.06840709017634598321 ) ) ;
#2906 = CARTESIAN_POINT ( 'NONE',  ( 0.03085199302292679704, 0.0006917342960236100855, 0.06840709017634598321 ) ) ;
#2907 = ORIENTED_EDGE ( 'NONE', *, *, #3190, .T. ) ;
#2908 = DIRECTION ( 'NONE',  ( 0.0000000000000000000, -1.000000000000000000, 0.0000000000000000000 ) ) ;
#2909 = SURFACE_STYLE_FILL_AREA ( #1751 ) ;
#2910 = CARTESIAN_POINT ( 'NONE',  ( 0.02674243252672128118, -0.007846275728702875596, 0.06840709017634599709 ) ) ;
#2911 = VECTOR ( 'NONE', #218, 39.37007874015748143 ) ;
#2912 = UNCERTAINTY_MEASURE_WITH_UNIT (LENGTH_MEASURE( 1.000000000000000082E-05 ), #2490, 'distance_accuracy_value', 'NONE');
#2913 = CARTESIAN_POINT ( 'NONE',  ( 0.02861300970027350413, 0.0003177618706753523544, 0.06840709017634598321 ) ) ;
#2914 = ORIENTED_EDGE ( 'NONE', *, *, #2470, .F. ) ;
#2915 = CARTESIAN_POINT ( 'NONE',  ( -0.01536588451210191969, -0.01025326198251897553, 0.06840709017634598321 ) ) ;
#2916 = CARTESIAN_POINT ( 'NONE',  ( 0.01621770757847079344, -0.002484326225011149279, 0.06841209017634598821 ) ) ;
#2917 = DIRECTION ( 'NONE',  ( 0.0000000000000000000, 1.000000000000000000, -0.0000000000000000000 ) ) ;
#2918 = FILL_AREA_STYLE_COLOUR ( '', #1266 ) ;
#2919 = VERTEX_POINT ( 'NONE', #4127 ) ;
#2920 =( CONVERSION_BASED_UNIT ( 'INCH', #1843 ) LENGTH_UNIT ( ) NAMED_UNIT ( #4824 ) );
#2921 = EDGE_CURVE ( 'NONE', #2308, #2588, #732, .T. ) ;
#2922 = LENGTH_MEASURE_WITH_UNIT ( LENGTH_MEASURE( 0.02539999999999999897 ), #3772 );
#2923 =( NAMED_UNIT ( * ) SI_UNIT ( $, .STERADIAN. ) SOLID_ANGLE_UNIT ( ) );
#2924 =( LENGTH_UNIT ( ) NAMED_UNIT ( * ) SI_UNIT ( $, .METRE. ) );
#2925 = DIRECTION ( 'NONE',  ( 0.0000000000000000000, -1.000000000000000000, 0.0000000000000000000 ) ) ;
#2926 = VECTOR ( 'NONE', #1384, 39.37007874015748143 ) ;
#2927 = CARTESIAN_POINT ( 'NONE',  ( 0.01521169407006952613, -0.007996397351862308961, 0.06841209017634598821 ) ) ;
#2928 = UNCERTAINTY_MEASURE_WITH_UNIT (LENGTH_MEASURE( 1.000000000000000082E-05 ), #3636, 'distance_accuracy_value', 'NONE');
#2929 = CARTESIAN_POINT ( 'NONE',  ( -0.05761119384899940354, 0.03011119384899940687, 0.06841209017634598821 ) ) ;
#2930 = DIRECTION ( 'NONE',  ( 0.0000000000000000000, -1.000000000000000000, 0.0000000000000000000 ) ) ;
#2931 = ORIENTED_EDGE ( 'NONE', *, *, #4461, .F. ) ;
#2932 = SURFACE_STYLE_USAGE ( .BOTH. , #668 ) ;
#2933 = DIRECTION ( 'NONE',  ( 0.0000000000000000000, 0.0000000000000000000, -1.000000000000000000 ) ) ;
#2934 = MECHANICAL_DESIGN_GEOMETRIC_PRESENTATION_REPRESENTATION (  '', ( #735 ), #1974 ) ;
#2935 = CARTESIAN_POINT ( 'NONE',  ( 0.002330958418222218304, -0.01218223812932464796, 0.06840709017634598321 ) ) ;
#2936 = CARTESIAN_POINT ( 'NONE',  ( -0.01523214254331624329, -0.01025916120624772651, 0.06841209017634598821 ) ) ;
#2937 = EDGE_LOOP ( 'NONE', ( #2010, #2447, #4446, #4539, #143, #3114 ) ) ;
#2938 = DIMENSIONAL_EXPONENTS ( 1.000000000000000000, 0.0000000000000000000, 0.0000000000000000000, 0.0000000000000000000, 0.0000000000000000000, 0.0000000000000000000, 0.0000000000000000000 ) ;
#2939 = FACE_OUTER_BOUND ( 'NONE', #4416, .T. ) ;
#2940 = CARTESIAN_POINT ( 'NONE',  ( 0.02766649527719658441, -0.005967294219068238099, 0.06841209017634598821 ) ) ;
#2941 = PRESENTATION_LAYER_ASSIGNMENT (  '', '', ( #3442 ) ) ;
#2942 = VECTOR ( 'NONE', #2801, 39.37007874015748143 ) ;
#2943 = PLANE ( 'NONE',  #1852 ) ;
#2944 =( NAMED_UNIT ( * ) PLANE_ANGLE_UNIT ( ) SI_UNIT ( $, .RADIAN. ) );
#2945 = CARTESIAN_POINT ( 'NONE',  ( -0.009530258216693766882, -0.004376429139386036823, 0.06840709017634598321 ) ) ;
#2946 = ADVANCED_FACE ( 'NONE', ( #2997 ), #1113, .T. ) ;
#2947 = AXIS2_PLACEMENT_3D ( 'NONE', #4720, #237, #1339 ) ;
#2948 = EDGE_LOOP ( 'NONE', ( #3565, #73, #3810, #3402 ) ) ;
#2949 = CARTESIAN_POINT ( 'NONE',  ( -0.009751014615506073749, -0.007982392322046259064, 0.06841209017634598821 ) ) ;
#2950 = COLOUR_RGB ( '',0.6666666666666666297, 0.6980392156862744724, 0.7686274509803920907 ) ;
#2951 = CARTESIAN_POINT ( 'NONE',  ( 0.02222779335411965984, 0.01345878751170099391, 0.06840709017634598321 ) ) ;
#2952 = PRESENTATION_STYLE_ASSIGNMENT (( #3391 ) ) ;
#2953 = EDGE_CURVE ( 'NONE', #4651, #3957, #3844, .T. ) ;
#2954 = ORIENTED_EDGE ( 'NONE', *, *, #1401, .T. ) ;
#2955 = LINE ( 'NONE', #2217, #506 ) ;
#2956 = PRESENTATION_STYLE_ASSIGNMENT (( #2219 ) ) ;
#2957 = CARTESIAN_POINT ( 'NONE',  ( -0.01900690142851094513, -0.01180397222357886140, 0.06841209017634598821 ) ) ;
#2958 = FILL_AREA_STYLE ('',( #1860 ) ) ;
#2959 = SURFACE_STYLE_FILL_AREA ( #4094 ) ;
#2960 = ORIENTED_EDGE ( 'NONE', *, *, #932, .F. ) ;
#2961 = LINE ( 'NONE', #1077, #594 ) ;
#2962 = CARTESIAN_POINT ( 'NONE',  ( 0.02393212376927232599, 0.01064540903684607631, 0.06841209017634598821 ) ) ;
#2963 = MECHANICAL_DESIGN_GEOMETRIC_PRESENTATION_REPRESENTATION (  '', ( #2561 ), #602 ) ;
#2964 = PRESENTATION_LAYER_ASSIGNMENT (  '', '', ( #3840 ) ) ;
#2965 = FILL_AREA_STYLE_COLOUR ( '', #2798 ) ;
#2966 = CARTESIAN_POINT ( 'NONE',  ( 0.02910602510666210688, 0.009159035886580089991, 0.06840709017634599709 ) ) ;
#2967 =( GEOMETRIC_REPRESENTATION_CONTEXT ( 3 ) GLOBAL_UNCERTAINTY_ASSIGNED_CONTEXT ( ( #4075 ) ) GLOBAL_UNIT_ASSIGNED_CONTEXT ( ( #1190, #502, #1966 ) ) REPRESENTATION_CONTEXT ( 'NONE', 'WORKASPACE' ) );
#2968 = DIRECTION ( 'NONE',  ( 0.0000000000000000000, -1.000000000000000000, 0.0000000000000000000 ) ) ;
#2969 =( GEOMETRIC_REPRESENTATION_CONTEXT ( 3 ) GLOBAL_UNCERTAINTY_ASSIGNED_CONTEXT ( ( #1528 ) ) GLOBAL_UNIT_ASSIGNED_CONTEXT ( ( #1463, #2304, #3733 ) ) REPRESENTATION_CONTEXT ( 'NONE', 'WORKASPACE' ) );
#2970 = DIMENSIONAL_EXPONENTS ( 1.000000000000000000, 0.0000000000000000000, 0.0000000000000000000, 0.0000000000000000000, 0.0000000000000000000, 0.0000000000000000000, 0.0000000000000000000 ) ;
#2971 = CARTESIAN_POINT ( 'NONE',  ( -0.009558238021080456975, -0.005839237404303545230, 0.06840709017634598321 ) ) ;
#2972 = FILL_AREA_STYLE_COLOUR ( '', #4027 ) ;
#2973 = ORIENTED_EDGE ( 'NONE', *, *, #1014, .F. ) ;
#2974 = CARTESIAN_POINT ( 'NONE',  ( -0.01900690142851094513, -0.01180397222357886140, 0.06840709017634598321 ) ) ;
#2975 = CARTESIAN_POINT ( 'NONE',  ( -0.009530258216693766882, -0.004376429139386036823, 0.06841209017634598821 ) ) ;
#2976 = AXIS2_PLACEMENT_3D ( 'NONE', #4386, #3278, #2474 ) ;
#2977 =( NAMED_UNIT ( * ) PLANE_ANGLE_UNIT ( ) SI_UNIT ( $, .RADIAN. ) );
#2978 = SURFACE_SIDE_STYLE ('',( #3032 ) ) ;
#2979 = CARTESIAN_POINT ( 'NONE',  ( 0.02645070342061692226, -0.008231270699523680900, 0.06840709017634598321 ) ) ;
#2980 = COLOUR_RGB ( '',1.000000000000000000, 1.000000000000000000, 1.000000000000000000 ) ;
#2981 = ORIENTED_EDGE ( 'NONE', *, *, #3128, .F. ) ;
#2982 = LENGTH_MEASURE_WITH_UNIT ( LENGTH_MEASURE( 0.02539999999999999897 ), #3445 );
#2983 = CARTESIAN_POINT ( 'NONE',  ( 0.02313286350957342516, -0.01022494660900773525, 0.06841209017634597433 ) ) ;
#2984 = EDGE_CURVE ( 'NONE', #3495, #1120, #3483, .T. ) ;
#2985 = STYLED_ITEM ( 'NONE', ( #3450 ), #1468 ) ;
#2986 = CARTESIAN_POINT ( 'NONE',  ( 0.02508129633737816652, -0.01227188509412329744, 0.06841209017634598821 ) ) ;
#2987 = STYLED_ITEM ( 'NONE', ( #4721 ), #2127 ) ;
#2988 = SURFACE_STYLE_FILL_AREA ( #4854 ) ;
#2989 = ORIENTED_EDGE ( 'NONE', *, *, #1907, .F. ) ;
#2990 = SURFACE_SIDE_STYLE ('',( #1398 ) ) ;
#2991 = VECTOR ( 'NONE', #1840, 39.37007874015748143 ) ;
#2992 = SURFACE_STYLE_FILL_AREA ( #3043 ) ;
#2993 = ADVANCED_FACE ( 'NONE', ( #1242 ), #610, .T. ) ;
#2994 = CARTESIAN_POINT ( 'NONE',  ( 0.02861016119177713091, 1.723060096096038705E-05, 0.06841209017634598821 ) ) ;
#2995 = CARTESIAN_POINT ( 'NONE',  ( -0.05761119384899940354, -0.03011119384899940687, 0.06840709017634598321 ) ) ;
#2996 = CARTESIAN_POINT ( 'NONE',  ( 0.01549518495134652105, 0.009233863346042430961, 0.06841209017634598821 ) ) ;
#2997 = FACE_OUTER_BOUND ( 'NONE', #1530, .T. ) ;
#2998 = CARTESIAN_POINT ( 'NONE',  ( -0.01975985577923602618, -0.008225910006877662842, 0.06841209017634598821 ) ) ;
#2999 = ORIENTED_EDGE ( 'NONE', *, *, #6, .T. ) ;
#3000 = CARTESIAN_POINT ( 'NONE',  ( 0.01996159577077845360, -0.01248317979757990713, 0.06841209017634598821 ) ) ;
#3001 = PLANE ( 'NONE',  #2819 ) ;
#3002 = CARTESIAN_POINT ( 'NONE',  ( -0.01673201765305878247, -0.009952580407026354395, 0.06840709017634598321 ) ) ;
#3003 = FILL_AREA_STYLE_COLOUR ( '', #1548 ) ;
#3004 = VECTOR ( 'NONE', #318, 39.37007874015748143 ) ;
#3005 = ORIENTED_EDGE ( 'NONE', *, *, #372, .F. ) ;
#3006 = DIMENSIONAL_EXPONENTS ( 1.000000000000000000, 0.0000000000000000000, 0.0000000000000000000, 0.0000000000000000000, 0.0000000000000000000, 0.0000000000000000000, 0.0000000000000000000 ) ;
#3007 = CARTESIAN_POINT ( 'NONE',  ( 0.02394096204631871588, -0.01000495562776327479, 0.06840709017634598321 ) ) ;
#3008 = CARTESIAN_POINT ( 'NONE',  ( 0.03548939481647289673, -0.02000000000000000042, 0.0000000000000000000 ) ) ;
#3009 = CARTESIAN_POINT ( 'NONE',  ( 0.02222779335411965984, -0.01282326377035029018, 0.06841209017634598821 ) ) ;
#3010 = CARTESIAN_POINT ( 'NONE',  ( 0.01890058912649821010, 0.01267718722609368319, 0.06840709017634598321 ) ) ;
#3011 =( CONVERSION_BASED_UNIT ( 'INCH', #1498 ) LENGTH_UNIT ( ) NAMED_UNIT ( #893 ) );
#3012 = ORIENTED_EDGE ( 'NONE', *, *, #3807, .F. ) ;
#3013 = CARTESIAN_POINT ( 'NONE',  ( 0.01611381360766793447, 0.0006533574660501806786, 0.06840709017634598321 ) ) ;
#3014 = EDGE_CURVE ( 'NONE', #2223, #2196, #1107, .T. ) ;
#3015 = CARTESIAN_POINT ( 'NONE',  ( -0.01833747958661948244, -0.009133960893682577589, 0.06841209017634597433 ) ) ;
#3016 = CARTESIAN_POINT ( 'NONE',  ( 0.0000000000000000000, 0.02963952383545203489, 0.006412090176345995596 ) ) ;
#3017 = PRESENTATION_LAYER_ASSIGNMENT (  '', '', ( #735 ) ) ;
#3018 = UNCERTAINTY_MEASURE_WITH_UNIT (LENGTH_MEASURE( 1.000000000000000082E-05 ), #652, 'distance_accuracy_value', 'NONE');
#3019 = CARTESIAN_POINT ( 'NONE',  ( -0.05873796110358478484, -0.02000000000000000042, 0.03691209017634599493 ) ) ;
#3020 = LINE ( 'NONE', #4530, #280 ) ;
#3021 = EDGE_CURVE ( 'NONE', #4604, #2363, #2897, .T. ) ;
#3022 = CARTESIAN_POINT ( 'NONE',  ( 0.01942026845404061161, 0.01292147199221943717, 0.06840709017634598321 ) ) ;
#3023 = SURFACE_STYLE_USAGE ( .BOTH. , #4478 ) ;
#3024 = DIRECTION ( 'NONE',  ( 2.442922549505399523E-13, -1.754664010422285591E-15, 1.000000000000000000 ) ) ;
#3025 = SURFACE_STYLE_USAGE ( .BOTH. , #711 ) ;
#3026 = DIRECTION ( 'NONE',  ( -0.05226442768871395611, -0.05226442768871395611, 0.9972646886342373396 ) ) ;
#3027 = DIRECTION ( 'NONE',  ( 0.9986295347545739443, 0.0000000000000000000, -0.05233595624294388321 ) ) ;
#3028 = ORIENTED_EDGE ( 'NONE', *, *, #3322, .T. ) ;
#3029 = CARTESIAN_POINT ( 'NONE',  ( 0.02813952383545203009, -0.02963952383545203489, 0.006412090176345995596 ) ) ;
#3030 = CARTESIAN_POINT ( 'NONE',  ( 0.02313286350957342516, -0.01022494660900773525, 0.06841209017634598821 ) ) ;
#3031 = UNCERTAINTY_MEASURE_WITH_UNIT (LENGTH_MEASURE( 1.000000000000000082E-05 ), #1857, 'distance_accuracy_value', 'NONE');
#3032 = SURFACE_STYLE_FILL_AREA ( #4847 ) ;
#3033 = COLOUR_RGB ( '',1.000000000000000000, 1.000000000000000000, 1.000000000000000000 ) ;
#3034 = UNCERTAINTY_MEASURE_WITH_UNIT (LENGTH_MEASURE( 1.000000000000000082E-05 ), #2540, 'distance_accuracy_value', 'NONE');
#3035 = ORIENTED_EDGE ( 'NONE', *, *, #999, .T. ) ;
#3036 = SURFACE_STYLE_FILL_AREA ( #762 ) ;
#3037 = PRESENTATION_LAYER_ASSIGNMENT (  '', '', ( #2623 ) ) ;
#3038 = DIRECTION ( 'NONE',  ( -0.0000000000000000000, -0.0000000000000000000, 1.000000000000000000 ) ) ;
#3039 = CARTESIAN_POINT ( 'NONE',  ( -0.02813952383545203009, 0.02963952383545203489, 0.005412090176345997310 ) ) ;
#3040 = AXIS2_PLACEMENT_3D ( 'NONE', #2483, #4009, #1659 ) ;
#3041 = EDGE_LOOP ( 'NONE', ( #4087, #3581, #2558, #3515 ) ) ;
#3042 = FACE_OUTER_BOUND ( 'NONE', #2160, .T. ) ;
#3043 = FILL_AREA_STYLE ('',( #1472 ) ) ;
#3044 = CARTESIAN_POINT ( 'NONE',  ( 0.02778130131968272257, 0.006355335913718025004, 0.06841209017634598821 ) ) ;
#3045 = VECTOR ( 'NONE', #2227, 39.37007874015748143 ) ;
#3046 = CARTESIAN_POINT ( 'NONE',  ( 0.01698984616167325754, 0.01128976391797518325, 0.06841209017634598821 ) ) ;
#3047 = CARTESIAN_POINT ( 'NONE',  ( 0.02222779335411965984, 0.01345878751170099391, 0.06840709017634598321 ) ) ;
#3048 = ADVANCED_FACE ( 'NONE', ( #4343 ), #231, .T. ) ;
#3049 = CARTESIAN_POINT ( 'NONE',  ( -0.01087359518634915985, -0.01086491097361608378, 0.06841209017634598821 ) ) ;
#3050 = DIRECTION ( 'NONE',  ( 0.0000000000000000000, -0.05233595624294388321, 0.9986295347545738332 ) ) ;
#3051 = LENGTH_MEASURE_WITH_UNIT ( LENGTH_MEASURE( 0.02539999999999999897 ), #3436 );
#3052 =( CONVERSION_BASED_UNIT ( 'INCH', #1538 ) LENGTH_UNIT ( ) NAMED_UNIT ( #3580 ) );
#3053 = ORIENTED_EDGE ( 'NONE', *, *, #1345, .T. ) ;
#3054 = CARTESIAN_POINT ( 'NONE',  ( 0.01924864512685715498, 0.009896423285131645403, 0.06840709017634598321 ) ) ;
#3055 =( GEOMETRIC_REPRESENTATION_CONTEXT ( 3 ) GLOBAL_UNCERTAINTY_ASSIGNED_CONTEXT ( ( #4501 ) ) GLOBAL_UNIT_ASSIGNED_CONTEXT ( ( #228, #3245, #3990 ) ) REPRESENTATION_CONTEXT ( 'NONE', 'WORKASPACE' ) );
#3056 = LINE ( 'NONE', #3152, #3396 ) ;
#3057 = CARTESIAN_POINT ( 'NONE',  ( -0.01563815375400712943, -0.01024125246010024887, 0.06840709017634598321 ) ) ;
#3058 = CARTESIAN_POINT ( 'NONE',  ( 0.02534026354889833479, -0.009280548164313711518, 0.06840709017634598321 ) ) ;
#3059 = SURFACE_STYLE_USAGE ( .BOTH. , #4803 ) ;
#3060 = SURFACE_SIDE_STYLE ('',( #1903 ) ) ;
#3061 = CARTESIAN_POINT ( 'NONE',  ( 0.02813952383545203009, 0.02963952383545203489, 0.005412090176345997310 ) ) ;
#3062 = COLOUR_RGB ( '',0.7921568627450980005, 0.8196078431372548767, 0.9333333333333333481 ) ;
#3063 = ORIENTED_EDGE ( 'NONE', *, *, #1177, .F. ) ;
#3064 = DIRECTION ( 'NONE',  ( 1.000000000000000000, 0.0000000000000000000, 0.0000000000000000000 ) ) ;
#3065 = ORIENTED_EDGE ( 'NONE', *, *, #4060, .F. ) ;
#3066 = VECTOR ( 'NONE', #1582, 39.37007874015748143 ) ;
#3067 = CARTESIAN_POINT ( 'NONE',  ( 0.02533440903457826604, 0.009897712927249672360, 0.06841209017634598821 ) ) ;
#3068 =( GEOMETRIC_REPRESENTATION_CONTEXT ( 3 ) GLOBAL_UNCERTAINTY_ASSIGNED_CONTEXT ( ( #3263 ) ) GLOBAL_UNIT_ASSIGNED_CONTEXT ( ( #3562, #1199, #1251 ) ) REPRESENTATION_CONTEXT ( 'NONE', 'WORKASPACE' ) );
#3069 = UNCERTAINTY_MEASURE_WITH_UNIT (LENGTH_MEASURE( 1.000000000000000082E-05 ), #17, 'distance_accuracy_value', 'NONE');
#3070 = DIRECTION ( 'NONE',  ( 0.0000000000000000000, -1.000000000000000000, 0.0000000000000000000 ) ) ;
#3071 = VERTEX_POINT ( 'NONE', #1404 ) ;
#3072 = CARTESIAN_POINT ( 'NONE',  ( 0.03500824207206837402, -0.01175655703958105799, 0.06841209017634598821 ) ) ;
#3073 = FACE_OUTER_BOUND ( 'NONE', #3979, .T. ) ;
#3074 = LINE ( 'NONE', #1581, #3292 ) ;
#3075 =( LENGTH_UNIT ( ) NAMED_UNIT ( * ) SI_UNIT ( $, .METRE. ) );
#3076 = FACE_OUTER_BOUND ( 'NONE', #2948, .T. ) ;
#3077 = CARTESIAN_POINT ( 'NONE',  ( 0.05008736867463247505, 0.01281776187067535343, 0.06840709017634598321 ) ) ;
#3078 = CARTESIAN_POINT ( 'NONE',  ( 0.01877256387593583681, -0.008875112553737959237, 0.06840709017634598321 ) ) ;
#3079 = ORIENTED_EDGE ( 'NONE', *, *, #2003, .F. ) ;
#3080 = ADVANCED_FACE ( 'NONE', ( #2122 ), #4790, .T. ) ;
#3081 = DIRECTION ( 'NONE',  ( 0.4966865118376844190, 0.8679300138597084713, 0.0000000000000000000 ) ) ;
#3082 = CARTESIAN_POINT ( 'NONE',  ( 0.01492852627958004413, -0.007329840847040179977, 0.06840709017634598321 ) ) ;
#3083 = CARTESIAN_POINT ( 'NONE',  ( 0.01519208308904602782, 0.008616540479658412605, 0.06840709017634598321 ) ) ;
#3084 = LINE ( 'NONE', #2334, #3786 ) ;
#3085 = ORIENTED_EDGE ( 'NONE', *, *, #4561, .F. ) ;
#3086 = FILL_AREA_STYLE ('',( #1620 ) ) ;
#3087 = CARTESIAN_POINT ( 'NONE',  ( -0.01523214254331624329, -0.01025916120624772651, 0.06840709017634598321 ) ) ;
#3088 = EDGE_LOOP ( 'NONE', ( #4328, #3783, #593, #908, #4324, #2893, #1335, #3438, #757, #2291 ) ) ;
#3089 = LINE ( 'NONE', #1235, #4544 ) ;
#3090 = DIMENSIONAL_EXPONENTS ( 1.000000000000000000, 0.0000000000000000000, 0.0000000000000000000, 0.0000000000000000000, 0.0000000000000000000, 0.0000000000000000000, 0.0000000000000000000 ) ;
#3091 = CARTESIAN_POINT ( 'NONE',  ( -0.009602048577555435949, -0.006627599448614027514, 0.06841209017634597433 ) ) ;
#3092 = LENGTH_MEASURE_WITH_UNIT ( LENGTH_MEASURE( 0.02539999999999999897 ), #3075 );
#3093 = FACE_OUTER_BOUND ( 'NONE', #3905, .T. ) ;
#3094 = CARTESIAN_POINT ( 'NONE',  ( -0.01422180512392786679, -0.01010992134855567132, 0.06841209017634597433 ) ) ;
#3095 = CARTESIAN_POINT ( 'NONE',  ( 0.02147677189867058106, -0.01021778780390234127, 0.06840709017634598321 ) ) ;
#3096 = EDGE_CURVE ( 'NONE', #1182, #1782, #3324, .T. ) ;
#3097 = SURFACE_STYLE_USAGE ( .BOTH. , #4650 ) ;
#3098 = ORIENTED_EDGE ( 'NONE', *, *, #171, .T. ) ;
#3099 =( NAMED_UNIT ( * ) PLANE_ANGLE_UNIT ( ) SI_UNIT ( $, .RADIAN. ) );
#3100 =( GEOMETRIC_REPRESENTATION_CONTEXT ( 3 ) GLOBAL_UNCERTAINTY_ASSIGNED_CONTEXT ( ( #1095 ) ) GLOBAL_UNIT_ASSIGNED_CONTEXT ( ( #4211, #3421, #423 ) ) REPRESENTATION_CONTEXT ( 'NONE', 'WORKASPACE' ) );
#3101 = EDGE_CURVE ( 'NONE', #4397, #1487, #681, .T. ) ;
#3102 = AXIS2_PLACEMENT_3D ( 'NONE', #3714, #1098, #1438 ) ;
#3103 = FACE_OUTER_BOUND ( 'NONE', #674, .T. ) ;
#3104 =( NAMED_UNIT ( * ) PLANE_ANGLE_UNIT ( ) SI_UNIT ( $, .RADIAN. ) );
#3105 = ORIENTED_EDGE ( 'NONE', *, *, #4615, .F. ) ;
#3106 =( NAMED_UNIT ( * ) SI_UNIT ( $, .STERADIAN. ) SOLID_ANGLE_UNIT ( ) );
#3107 = ORIENTED_EDGE ( 'NONE', *, *, #2285, .F. ) ;
#3108 = CARTESIAN_POINT ( 'NONE',  ( -0.01758749992229119083, -0.009571997790521088317, 0.06840709017634598321 ) ) ;
#3109 = MECHANICAL_DESIGN_GEOMETRIC_PRESENTATION_REPRESENTATION (  '', ( #2623 ), #2240 ) ;
#3110 = CARTESIAN_POINT ( 'NONE',  ( 0.02789489800309818621, -0.005291297763998289473, 0.06841209017634598821 ) ) ;
#3111 = MECHANICAL_DESIGN_GEOMETRIC_PRESENTATION_REPRESENTATION (  '', ( #3595 ), #3279 ) ;
#3112 = UNCERTAINTY_MEASURE_WITH_UNIT (LENGTH_MEASURE( 1.000000000000000082E-05 ), #35, 'distance_accuracy_value', 'NONE');
#3113 = CARTESIAN_POINT ( 'NONE',  ( 0.03500824207206837402, -0.01175655703958105799, 0.06841209017634598821 ) ) ;
#3114 = ORIENTED_EDGE ( 'NONE', *, *, #3459, .F. ) ;
#3115 = DIRECTION ( 'NONE',  ( 0.0000000000000000000, 0.05233595624294388321, 0.9986295347545738332 ) ) ;
#3116 = FILL_AREA_STYLE_COLOUR ( '', #2950 ) ;
#3117 = CARTESIAN_POINT ( 'NONE',  ( -0.009665870095337368226, -0.007342731212847882459, 0.06841209017634598821 ) ) ;
#3118 = LENGTH_MEASURE_WITH_UNIT ( LENGTH_MEASURE( 0.02539999999999999897 ), #4294 );
#3119 = DIRECTION ( 'NONE',  ( -0.0000000000000000000, -1.000000000000000000, -0.0000000000000000000 ) ) ;
#3120 = VECTOR ( 'NONE', #4832, 39.37007874015748143 ) ;
#3121 = CARTESIAN_POINT ( 'NONE',  ( 0.01467746439733063485, -0.006607305648041700979, 0.06841209017634598821 ) ) ;
#3122 = CARTESIAN_POINT ( 'NONE',  ( 0.02766649527719658441, -0.005967294219068238099, 0.06841209017634598821 ) ) ;
#3123 = PRESENTATION_LAYER_ASSIGNMENT (  '', '', ( #375 ) ) ;
#3124 = DIMENSIONAL_EXPONENTS ( 1.000000000000000000, 0.0000000000000000000, 0.0000000000000000000, 0.0000000000000000000, 0.0000000000000000000, 0.0000000000000000000, 0.0000000000000000000 ) ;
#3125 = VERTEX_POINT ( 'NONE', #3349 ) ;
#3126 = DIRECTION ( 'NONE',  ( 0.0000000000000000000, 1.000000000000000000, 0.0000000000000000000 ) ) ;
#3127 = FILL_AREA_STYLE_COLOUR ( '', #981 ) ;
#3128 = EDGE_CURVE ( 'NONE', #236, #4381, #3020, .T. ) ;
#3129 = STYLED_ITEM ( 'NONE', ( #1453 ), #235 ) ;
#3130 = CARTESIAN_POINT ( 'NONE',  ( 0.01552148588484135623, -0.008616701712502361846, 0.06840709017634599709 ) ) ;
#3131 = SURFACE_STYLE_USAGE ( .BOTH. , #1612 ) ;
#3132 = CARTESIAN_POINT ( 'NONE',  ( 0.02282201826397698557, 0.01344837375398709456, 0.06841209017634597433 ) ) ;
#3133 = CARTESIAN_POINT ( 'NONE',  ( -0.01196081056490179428, -0.007245847561806104814, 0.06841209017634598821 ) ) ;
#3134 = COLOUR_RGB ( '',0.7921568627450980005, 0.8196078431372548767, 0.9333333333333333481 ) ;
#3135 = EDGE_LOOP ( 'NONE', ( #1655, #1898, #1707, #1545 ) ) ;
#3136 = ORIENTED_EDGE ( 'NONE', *, *, #2691, .T. ) ;
#3137 = DIRECTION ( 'NONE',  ( 1.000000000000000000, -0.0000000000000000000, -0.0000000000000000000 ) ) ;
#3138 = ADVANCED_FACE ( 'NONE', ( #2247 ), #1816, .T. ) ;
#3139 =( GEOMETRIC_REPRESENTATION_CONTEXT ( 3 ) GLOBAL_UNCERTAINTY_ASSIGNED_CONTEXT ( ( #4552 ) ) GLOBAL_UNIT_ASSIGNED_CONTEXT ( ( #2000, #2750, #2354 ) ) REPRESENTATION_CONTEXT ( 'NONE', 'WORKASPACE' ) );
#3140 = PLANE ( 'NONE',  #3404 ) ;
#3141 = CARTESIAN_POINT ( 'NONE',  ( -0.01422180512392786679, -0.01010992134855567132, 0.06840709017634599709 ) ) ;
#3142 =( NAMED_UNIT ( * ) SI_UNIT ( $, .STERADIAN. ) SOLID_ANGLE_UNIT ( ) );
#3143 = PRESENTATION_STYLE_ASSIGNMENT (( #1488 ) ) ;
#3144 = EDGE_CURVE ( 'NONE', #4432, #568, #4812, .T. ) ;
#3145 = CARTESIAN_POINT ( 'NONE',  ( -0.009966399093333676643, -0.009045380180208242860, 0.06841209017634600209 ) ) ;
#3146 = CARTESIAN_POINT ( 'NONE',  ( 0.02312304773890706475, 0.01085118255556683647, 0.06840709017634598321 ) ) ;
#3147 = CARTESIAN_POINT ( 'NONE',  ( 0.06448939481647289473, 0.02000000000000000736, 0.004999999999999997502 ) ) ;
#3148 = CARTESIAN_POINT ( 'NONE',  ( -0.01196081056490179428, -0.007245847561806104814, 0.06841209017634596046 ) ) ;
#3149 = VECTOR ( 'NONE', #1699, 39.37007874015748143 ) ;
#3150 = ORIENTED_EDGE ( 'NONE', *, *, #4018, .F. ) ;
#3151 = COLOUR_RGB ( '',0.7921568627450980005, 0.8196078431372548767, 0.9333333333333333481 ) ;
#3152 = CARTESIAN_POINT ( 'NONE',  ( -0.03515338570894128989, -0.02000000000000000042, 0.004999999999999997502 ) ) ;
#3153 = FACE_OUTER_BOUND ( 'NONE', #3135, .T. ) ;
#3154 = ORIENTED_EDGE ( 'NONE', *, *, #4231, .F. ) ;
#3155 = DIRECTION ( 'NONE',  ( -1.000000000000000000, -0.0000000000000000000, -0.0000000000000000000 ) ) ;
#3156 = LENGTH_MEASURE_WITH_UNIT ( LENGTH_MEASURE( 0.02539999999999999897 ), #4742 );
#3157 = LENGTH_MEASURE_WITH_UNIT ( LENGTH_MEASURE( 0.02539999999999999897 ), #4277 );
#3158 = CARTESIAN_POINT ( 'NONE',  ( 0.02612042305983034579, 0.01239353303022095593, 0.06840709017634598321 ) ) ;
#3159 = CARTESIAN_POINT ( 'NONE',  ( -0.01471797650970039541, -0.01023741617192207645, 0.06841209017634598821 ) ) ;
#3160 = ORIENTED_EDGE ( 'NONE', *, *, #4327, .T. ) ;
#3161 = CARTESIAN_POINT ( 'NONE',  ( 0.04629129495668375671, 0.01025365930657278976, 0.06841209017634598821 ) ) ;
#3162 = ORIENTED_EDGE ( 'NONE', *, *, #838, .F. ) ;
#3163 = DIMENSIONAL_EXPONENTS ( 1.000000000000000000, 0.0000000000000000000, 0.0000000000000000000, 0.0000000000000000000, 0.0000000000000000000, 0.0000000000000000000, 0.0000000000000000000 ) ;
#3164 = CARTESIAN_POINT ( 'NONE',  ( 0.02230291354642734494, 0.01089468494759842851, 0.06841209017634598821 ) ) ;
#3165 = EDGE_CURVE ( 'NONE', #248, #4483, #384, .T. ) ;
#3166 = CARTESIAN_POINT ( 'NONE',  ( 0.02230291354642734494, -0.01025916120624772651, 0.06840709017634598321 ) ) ;
#3167 = FILL_AREA_STYLE ('',( #3669 ) ) ;
#3168 = AXIS2_PLACEMENT_3D ( 'NONE', #4113, #4494, #2933 ) ;
#3169 = DIRECTION ( 'NONE',  ( 1.000000000000000000, 0.0000000000000000000, 0.0000000000000000000 ) ) ;
#3170 = VECTOR ( 'NONE', #2747, 39.37007874015748143 ) ;
#3171 = LENGTH_MEASURE_WITH_UNIT ( LENGTH_MEASURE( 0.02539999999999999897 ), #155 );
#3172 = CARTESIAN_POINT ( 'NONE',  ( 0.02230291354642734494, 0.01089468494759842851, 0.06841209017634602985 ) ) ;
#3173 = ADVANCED_FACE ( 'NONE', ( #3769 ), #4077, .T. ) ;
#3174 = CARTESIAN_POINT ( 'NONE',  ( -0.01331089306042227381, -0.009630380657268112349, 0.06841209017634597433 ) ) ;
#3175 = CARTESIAN_POINT ( 'NONE',  ( -0.01177160568434188273, 0.01281776187067535343, 0.06841209017634598821 ) ) ;
#3176 = CARTESIAN_POINT ( 'NONE',  ( 0.02202785225643438122, -0.01024538606072465489, 0.06841209017634598821 ) ) ;
#3177 = VERTEX_POINT ( 'NONE', #3072 ) ;
#3178 =( LENGTH_UNIT ( ) NAMED_UNIT ( * ) SI_UNIT ( $, .METRE. ) );
#3179 = CARTESIAN_POINT ( 'NONE',  ( 0.02813952383545203009, -0.02963952383545203489, 0.005412090176345997310 ) ) ;
#3180 = FILL_AREA_STYLE_COLOUR ( '', #307 ) ;
#3181 = PLANE ( 'NONE',  #2797 ) ;
#3182 = CARTESIAN_POINT ( 'NONE',  ( 0.02340659237287637945, 0.01338177416445420799, 0.06840709017634598321 ) ) ;
#3183 = ORIENTED_EDGE ( 'NONE', *, *, #1753, .F. ) ;
#3184 = FACE_BOUND ( 'NONE', #2335, .T. ) ;
#3185 = ORIENTED_EDGE ( 'NONE', *, *, #3782, .T. ) ;
#3186 = AXIS2_PLACEMENT_3D ( 'NONE', #167, #1656, #2885 ) ;
#3187 =( LENGTH_UNIT ( ) NAMED_UNIT ( * ) SI_UNIT ( $, .METRE. ) );
#3188 = CARTESIAN_POINT ( 'NONE',  ( -0.05900000000000000383, 0.03150000000000000022, 0.04191209017634599243 ) ) ;
#3189 = FILL_AREA_STYLE_COLOUR ( '', #3828 ) ;
#3190 = EDGE_CURVE ( 'NONE', #487, #3258, #3089, .T. ) ;
#3191 = DIMENSIONAL_EXPONENTS ( 1.000000000000000000, 0.0000000000000000000, 0.0000000000000000000, 0.0000000000000000000, 0.0000000000000000000, 0.0000000000000000000, 0.0000000000000000000 ) ;
#3192 =( CONVERSION_BASED_UNIT ( 'INCH', #2415 ) LENGTH_UNIT ( ) NAMED_UNIT ( #4242 ) );
#3193 = CARTESIAN_POINT ( 'NONE',  ( 0.02677922896955925794, 0.008397950965118526276, 0.06840709017634598321 ) ) ;
#3194 = CARTESIAN_POINT ( 'NONE',  ( 0.01428059392887714649, -0.004962556972209338120, 0.06841209017634598821 ) ) ;
#3195 = MECHANICAL_DESIGN_GEOMETRIC_PRESENTATION_REPRESENTATION (  '', ( #2395 ), #356 ) ;
#3196 = LINE ( 'NONE', #3175, #436 ) ;
#3197 = ADVANCED_FACE ( 'NONE', ( #433 ), #2296, .F. ) ;
#3198 = PRESENTATION_STYLE_ASSIGNMENT (( #2473 ) ) ;
#3199 = VECTOR ( 'NONE', #4147, 39.37007874015748143 ) ;
#3200 = CARTESIAN_POINT ( 'NONE',  ( 0.06448939481647289473, 0.02000000000000000042, 0.0000000000000000000 ) ) ;
#3201 = ORIENTED_EDGE ( 'NONE', *, *, #1591, .F. ) ;
#3202 = LENGTH_MEASURE_WITH_UNIT ( LENGTH_MEASURE( 0.02539999999999999897 ), #4187 );
#3203 = STYLED_ITEM ( 'NONE', ( #1955 ), #4695 ) ;
#3204 =( GEOMETRIC_REPRESENTATION_CONTEXT ( 3 ) GLOBAL_UNCERTAINTY_ASSIGNED_CONTEXT ( ( #407 ) ) GLOBAL_UNIT_ASSIGNED_CONTEXT ( ( #4492, #739, #2923 ) ) REPRESENTATION_CONTEXT ( 'NONE', 'WORKASPACE' ) );
#3205 = SURFACE_STYLE_USAGE ( .BOTH. , #4698 ) ;
#3206 = CARTESIAN_POINT ( 'NONE',  ( 0.02800240206047281341, -0.01015151886447428556, 0.06840709017634598321 ) ) ;
#3207 = CARTESIAN_POINT ( 'NONE',  ( 0.03070511853487993548, 0.003568481119807080573, 0.06840709017634598321 ) ) ;
#3208 = ORIENTED_EDGE ( 'NONE', *, *, #1619, .T. ) ;
#3209 = CARTESIAN_POINT ( 'NONE',  ( -0.01753861078430920054, -0.01247831646560245734, 0.06841209017634601597 ) ) ;
#3210 = AXIS2_PLACEMENT_3D ( 'NONE', #3749, #779, #1818 ) ;
#3211 = EDGE_LOOP ( 'NONE', ( #2600, #2856, #23, #2954 ) ) ;
#3212 = DIRECTION ( 'NONE',  ( 0.4561809899899242349, 0.8898870177566434725, 0.0000000000000000000 ) ) ;
#3213 = CARTESIAN_POINT ( 'NONE',  ( 0.02838718756898294879, -0.003084215387306381371, 0.06841209017634598821 ) ) ;
#3214 = UNCERTAINTY_MEASURE_WITH_UNIT (LENGTH_MEASURE( 1.000000000000000082E-05 ), #1834, 'distance_accuracy_value', 'NONE');
#3215 = CARTESIAN_POINT ( 'NONE',  ( 0.01708187385768783137, 0.007103148778093144704, 0.06841209017634598821 ) ) ;
#3216 = CARTESIAN_POINT ( 'NONE',  ( 0.02147289713434224340, 0.01085112751366110358, 0.06841209017634594658 ) ) ;
#3217 = PRESENTATION_LAYER_ASSIGNMENT (  '', '', ( #4628 ) ) ;
#3218 = FILL_AREA_STYLE_COLOUR ( '', #2367 ) ;
#3219 = CARTESIAN_POINT ( 'NONE',  ( 0.03070332438384991772, -0.002937554715094830345, 0.06841209017634602985 ) ) ;
#3220 = CARTESIAN_POINT ( 'NONE',  ( 0.02647925980480730218, 0.008812469128769500129, 0.06841209017634602985 ) ) ;
#3221 = CARTESIAN_POINT ( 'NONE',  ( 0.01387175072065841529, -8.961369420307002589E-05, 0.06841209017634598821 ) ) ;
#3222 =( CONVERSION_BASED_UNIT ( 'INCH', #1691 ) LENGTH_UNIT ( ) NAMED_UNIT ( #191 ) );
#3223 = DIRECTION ( 'NONE',  ( -0.0000000000000000000, -0.0000000000000000000, 1.000000000000000000 ) ) ;
#3224 = COLOUR_RGB ( '',0.5019607843137254832, 0.5019607843137254832, 0.5019607843137254832 ) ;
#3225 = SURFACE_SIDE_STYLE ('',( #2899 ) ) ;
#3226 = PRESENTATION_LAYER_ASSIGNMENT (  '', '', ( #2987 ) ) ;
#3227 = DIMENSIONAL_EXPONENTS ( 1.000000000000000000, 0.0000000000000000000, 0.0000000000000000000, 0.0000000000000000000, 0.0000000000000000000, 0.0000000000000000000, 0.0000000000000000000 ) ;
#3228 = CARTESIAN_POINT ( 'NONE',  ( 0.03058122642098272739, 0.004542820285808231613, 0.06841209017634600209 ) ) ;
#3229 = EDGE_CURVE ( 'NONE', #2375, #2363, #2710, .T. ) ;
#3230 =( GEOMETRIC_REPRESENTATION_CONTEXT ( 3 ) GLOBAL_UNCERTAINTY_ASSIGNED_CONTEXT ( ( #4184 ) ) GLOBAL_UNIT_ASSIGNED_CONTEXT ( ( #3936, #4232, #2382 ) ) REPRESENTATION_CONTEXT ( 'NONE', 'WORKASPACE' ) );
#3231 = ORIENTED_EDGE ( 'NONE', *, *, #3128, .T. ) ;
#3232 = FILL_AREA_STYLE ('',( #3602 ) ) ;
#3233 = FACE_OUTER_BOUND ( 'NONE', #3443, .T. ) ;
#3234 = CARTESIAN_POINT ( 'NONE',  ( 0.03079535169258387425, 0.002534436009008798635, 0.06841209017634597433 ) ) ;
#3235 = EDGE_CURVE ( 'NONE', #2080, #916, #1597, .T. ) ;
#3236 = EDGE_LOOP ( 'NONE', ( #3857, #4376, #3823, #4582 ) ) ;
#3237 = LINE ( 'NONE', #1298, #2942 ) ;
#3238 = DIRECTION ( 'NONE',  ( 0.0000000000000000000, -0.0000000000000000000, -1.000000000000000000 ) ) ;
#3239 = CARTESIAN_POINT ( 'NONE',  ( 0.01730699764108816277, 0.007587658522560286438, 0.06841209017634598821 ) ) ;
#3240 = ORIENTED_EDGE ( 'NONE', *, *, #3635, .T. ) ;
#3241 = CARTESIAN_POINT ( 'NONE',  ( 0.02147289713434224340, 0.01085112751366110358, 0.06840709017634598321 ) ) ;
#3242 = DIRECTION ( 'NONE',  ( 1.000000000000000000, 0.0000000000000000000, 0.0000000000000000000 ) ) ;
#3243 = CARTESIAN_POINT ( 'NONE',  ( 0.01615877734990311607, -0.001605966733460024824, 0.06840709017634598321 ) ) ;
#3244 = CARTESIAN_POINT ( 'NONE',  ( 0.02242668554777924733, -0.01282036849922741847, 0.06841209017634601597 ) ) ;
#3245 =( NAMED_UNIT ( * ) PLANE_ANGLE_UNIT ( ) SI_UNIT ( $, .RADIAN. ) );
#3246 = SURFACE_SIDE_STYLE ('',( #3649 ) ) ;
#3247 = CARTESIAN_POINT ( 'NONE',  ( 0.01996159577077845360, -0.01248317979757990713, 0.06840709017634598321 ) ) ;
#3248 = STYLED_ITEM ( 'NONE', ( #3555 ), #2993 ) ;
#3249 = CARTESIAN_POINT ( 'NONE',  ( 0.0000000000000000000, 0.0000000000000000000, 0.06840709017634598321 ) ) ;
#3250 = CARTESIAN_POINT ( 'NONE',  ( -0.05899999999999998995, -0.03150000000000000022, 0.04191209017634599243 ) ) ;
#3251 = DIRECTION ( 'NONE',  ( -0.0000000000000000000, -0.0000000000000000000, 1.000000000000000000 ) ) ;
#3252 = ORIENTED_EDGE ( 'NONE', *, *, #139, .T. ) ;
#3253 = CARTESIAN_POINT ( 'NONE',  ( 0.02731897182118986356, 0.007454724777023398127, 0.06840709017634598321 ) ) ;
#3254 = SURFACE_STYLE_USAGE ( .BOTH. , #238 ) ;
#3255 =( CONVERSION_BASED_UNIT ( 'INCH', #239 ) LENGTH_UNIT ( ) NAMED_UNIT ( #2771 ) );
#3256 = LINE ( 'NONE', #2929, #3839 ) ;
#3257 = CARTESIAN_POINT ( 'NONE',  ( 0.03085659944386324322, 0.0003077458450343269658, 0.06841209017634597433 ) ) ;
#3258 = VERTEX_POINT ( 'NONE', #524 ) ;
#3259 = FACE_OUTER_BOUND ( 'NONE', #788, .T. ) ;
#3260 =( NAMED_UNIT ( * ) SI_UNIT ( $, .STERADIAN. ) SOLID_ANGLE_UNIT ( ) );
#3261 = EDGE_CURVE ( 'NONE', #4350, #511, #2341, .T. ) ;
#3262 =( NAMED_UNIT ( * ) PLANE_ANGLE_UNIT ( ) SI_UNIT ( $, .RADIAN. ) );
#3263 = UNCERTAINTY_MEASURE_WITH_UNIT (LENGTH_MEASURE( 1.000000000000000082E-05 ), #3562, 'distance_accuracy_value', 'NONE');
#3264 = CARTESIAN_POINT ( 'NONE',  ( -0.01196081056490179428, -0.007245847561806104814, 0.06840709017634598321 ) ) ;
#3265 = ORIENTED_EDGE ( 'NONE', *, *, #731, .F. ) ;
#3266 = CARTESIAN_POINT ( 'NONE',  ( 0.02065541174343681410, 0.01064617570229261373, 0.06840709017634598321 ) ) ;
#3267 = DIRECTION ( 'NONE',  ( -1.000000000000000000, 0.0000000000000000000, 0.0000000000000000000 ) ) ;
#3268 = CARTESIAN_POINT ( 'NONE',  ( 0.01730298687546078309, -0.006940673107018988791, 0.06841209017634601597 ) ) ;
#3269 = CARTESIAN_POINT ( 'NONE',  ( 0.03079588603512655939, -0.001908997262962247414, 0.06840709017634598321 ) ) ;
#3270 = FACE_OUTER_BOUND ( 'NONE', #4459, .T. ) ;
#3271 = MECHANICAL_DESIGN_GEOMETRIC_PRESENTATION_REPRESENTATION (  '', ( #3748 ), #495 ) ;
#3272 = CARTESIAN_POINT ( 'NONE',  ( 0.02164183593447133874, -0.01281336436037724957, 0.06841209017634598821 ) ) ;
#3273 = CARTESIAN_POINT ( 'NONE',  ( -0.01182063425881533895, -0.005797162840785548624, 0.06840709017634598321 ) ) ;
#3274 = FILL_AREA_STYLE ('',( #2204 ) ) ;
#3275 = MECHANICAL_DESIGN_GEOMETRIC_PRESENTATION_REPRESENTATION (  '', ( #1991 ), #42 ) ;
#3276 =( NAMED_UNIT ( * ) SI_UNIT ( $, .STERADIAN. ) SOLID_ANGLE_UNIT ( ) );
#3277 =( LENGTH_UNIT ( ) NAMED_UNIT ( * ) SI_UNIT ( $, .METRE. ) );
#3278 = DIRECTION ( 'NONE',  ( 0.8240419241993672816, -0.5665288228870658527, 0.0000000000000000000 ) ) ;
#3279 =( GEOMETRIC_REPRESENTATION_CONTEXT ( 3 ) GLOBAL_UNCERTAINTY_ASSIGNED_CONTEXT ( ( #4601 ) ) GLOBAL_UNIT_ASSIGNED_CONTEXT ( ( #1618, #3862, #840 ) ) REPRESENTATION_CONTEXT ( 'NONE', 'WORKASPACE' ) );
#3280 = ORIENTED_EDGE ( 'NONE', *, *, #4353, .F. ) ;
#3281 = CARTESIAN_POINT ( 'NONE',  ( 0.004574548161811964331, 0.01281776187067535343, 0.06841209017634598821 ) ) ;
#3282 = CARTESIAN_POINT ( 'NONE',  ( -0.009530258216693766882, -0.004376429139386036823, 0.06840709017634598321 ) ) ;
#3283 =( NAMED_UNIT ( * ) PLANE_ANGLE_UNIT ( ) SI_UNIT ( $, .RADIAN. ) );
#3284 = CARTESIAN_POINT ( 'NONE',  ( 0.03058122642098272739, 0.004542820285808231613, 0.06840709017634599709 ) ) ;
#3285 = ORIENTED_EDGE ( 'NONE', *, *, #2262, .F. ) ;
#3286 = EDGE_CURVE ( 'NONE', #3866, #4651, #899, .T. ) ;
#3287 = PRESENTATION_LAYER_ASSIGNMENT (  '', '', ( #2561 ) ) ;
#3288 = CLOSED_SHELL ( 'NONE', ( #3513, #306, #2127, #31, #3597, #3837, #664, #672, #2156, #1855, #484, #2576, #4122, #4695, #4433, #1025, #2427, #394, #4665, #176, #3325, #63, #1825, #4207, #1641, #2135, #973, #2946, #3659, #2581, #1468, #1406, #3080, #1792, #3696, #4323, #3484, #720, #3965, #3357, #2993, #36, #242 ) ) ;
#3289 = ORIENTED_EDGE ( 'NONE', *, *, #2254, .F. ) ;
#3290 = FILL_AREA_STYLE_COLOUR ( '', #2298 ) ;
#3291 = EDGE_CURVE ( 'NONE', #793, #1133, #797, .T. ) ;
#3292 = VECTOR ( 'NONE', #4556, 39.37007874015748854 ) ;
#3293 = CARTESIAN_POINT ( 'NONE',  ( 0.01781855740016002193, -0.007811284141375451212, 0.06840709017634598321 ) ) ;
#3294 = CARTESIAN_POINT ( 'NONE',  ( 0.01386941995668375914, 0.0003077458450343269658, 0.06840709017634598321 ) ) ;
#3295 = LINE ( 'NONE', #773, #1559 ) ;
#3296 = DIRECTION ( 'NONE',  ( -0.0000000000000000000, -0.0000000000000000000, 1.000000000000000000 ) ) ;
#3297 = EDGE_CURVE ( 'NONE', #3829, #2633, #1187, .T. ) ;
#3298 = AXIS2_PLACEMENT_3D ( 'NONE', #4349, #2930, #4006 ) ;
#3299 = CARTESIAN_POINT ( 'NONE',  ( -0.05899999999999999689, 0.03150000000000000022, 0.04191209017634599243 ) ) ;
#3300 = FILL_AREA_STYLE_COLOUR ( '', #378 ) ;
#3301 = CARTESIAN_POINT ( 'NONE',  ( 0.02230291354642734494, -0.01025916120624772651, 0.06841209017634598821 ) ) ;
#3302 = FILL_AREA_STYLE ('',( #1337 ) ) ;
#3303 = PRESENTATION_LAYER_ASSIGNMENT (  '', '', ( #2419 ) ) ;
#3304 = ORIENTED_EDGE ( 'NONE', *, *, #4840, .T. ) ;
#3305 =( CONVERSION_BASED_UNIT ( 'INCH', #337 ) LENGTH_UNIT ( ) NAMED_UNIT ( #2218 ) );
#3306 = CARTESIAN_POINT ( 'NONE',  ( -0.009534563660113026112, -0.004975852433648991942, 0.06840709017634598321 ) ) ;
#3307 = VECTOR ( 'NONE', #1723, 39.37007874015748143 ) ;
#3308 = CARTESIAN_POINT ( 'NONE',  ( 0.04629129495668375671, 0.01025365930657278976, 0.06840709017634598321 ) ) ;
#3309 = STYLED_ITEM ( 'NONE', ( #3827 ), #1537 ) ;
#3310 = CARTESIAN_POINT ( 'NONE',  ( 0.03085659944386324322, 0.0003077458450343269658, 0.06840709017634598321 ) ) ;
#3311 = FILL_AREA_STYLE_COLOUR ( '', #3538 ) ;
#3312 = ORIENTED_EDGE ( 'NONE', *, *, #4814, .F. ) ;
#3313 = SURFACE_STYLE_FILL_AREA ( #3686 ) ;
#3314 =( LENGTH_UNIT ( ) NAMED_UNIT ( * ) SI_UNIT ( $, .METRE. ) );
#3315 = LENGTH_MEASURE_WITH_UNIT ( LENGTH_MEASURE( 0.02539999999999999897 ), #4805 );
#3316 = CARTESIAN_POINT ( 'NONE',  ( 0.02861016119177713091, 1.723060096096038705E-05, 0.06841209017634598821 ) ) ;
#3317 = UNCERTAINTY_MEASURE_WITH_UNIT (LENGTH_MEASURE( 1.000000000000000082E-05 ), #1801, 'distance_accuracy_value', 'NONE');
#3318 = CARTESIAN_POINT ( 'NONE',  ( -0.03515338570894128989, 0.02000000000000000042, 0.0000000000000000000 ) ) ;
#3319 = VERTEX_POINT ( 'NONE', #2836 ) ;
#3320 = CARTESIAN_POINT ( 'NONE',  ( -0.01686976273562393672, -0.009898584283170802980, 0.06841209017634598821 ) ) ;
#3321 = SURFACE_STYLE_USAGE ( .BOTH. , #4809 ) ;
#3322 = EDGE_CURVE ( 'NONE', #1372, #4199, #4382, .T. ) ;
#3323 = CARTESIAN_POINT ( 'NONE',  ( 0.02242661820043637816, 0.01345530311758910344, 0.06840709017634598321 ) ) ;
#3324 = LINE ( 'NONE', #1450, #1842 ) ;
#3325 = ADVANCED_FACE ( 'NONE', ( #1684 ), #1059, .T. ) ;
#3326 =( NAMED_UNIT ( * ) SI_UNIT ( $, .STERADIAN. ) SOLID_ANGLE_UNIT ( ) );
#3327 = DIMENSIONAL_EXPONENTS ( 1.000000000000000000, 0.0000000000000000000, 0.0000000000000000000, 0.0000000000000000000, 0.0000000000000000000, 0.0000000000000000000, 0.0000000000000000000 ) ;
#3328 = UNCERTAINTY_MEASURE_WITH_UNIT (LENGTH_MEASURE( 1.000000000000000082E-05 ), #1118, 'distance_accuracy_value', 'NONE');
#3329 = FILL_AREA_STYLE_COLOUR ( '', #538 ) ;
#3330 = CARTESIAN_POINT ( 'NONE',  ( -0.05900000000000000383, -0.02000000000000000042, 0.04191209017634599243 ) ) ;
#3331 = VERTEX_POINT ( 'NONE', #1471 ) ;
#3332 = LINE ( 'NONE', #2232, #2874 ) ;
#3333 = CARTESIAN_POINT ( 'NONE',  ( -0.009665870095337368226, -0.007342731212847882459, 0.06840709017634598321 ) ) ;
#3334 = VECTOR ( 'NONE', #4536, 39.37007874015748143 ) ;
#3335 = LINE ( 'NONE', #1515, #1393 ) ;
#3336 = UNCERTAINTY_MEASURE_WITH_UNIT (LENGTH_MEASURE( 1.000000000000000082E-05 ), #3557, 'distance_accuracy_value', 'NONE');
#3337 = CARTESIAN_POINT ( 'NONE',  ( 0.02747532939040167599, -0.006482959747617247567, 0.06840709017634598321 ) ) ;
#3338 = ORIENTED_EDGE ( 'NONE', *, *, #4615, .T. ) ;
#3339 =( LENGTH_UNIT ( ) NAMED_UNIT ( * ) SI_UNIT ( $, .METRE. ) );
#3340 =( NAMED_UNIT ( * ) SI_UNIT ( $, .STERADIAN. ) SOLID_ANGLE_UNIT ( ) );
#3341 = CARTESIAN_POINT ( 'NONE',  ( -0.01681431095675983006, -0.01267343106093368407, 0.06841209017634598821 ) ) ;
#3342 = B_SPLINE_CURVE_WITH_KNOTS ( 'NONE', 3,
 ( #4131, #4869, #662, #1386, #1489, #3000, #4514, #2131, #4056, #2614, #642, #2903, #2155, #3680, #1773, #4798, #2927, #4439, #3121, #2351, #1170, #3439, #3778, #1970, #4596, #44, #2302 ),
 .UNSPECIFIED., .F., .F.,
 ( 4, 1, 1, 1, 1, 1, 1, 1, 1, 1, 1, 1, 1, 1, 1, 1, 1, 1, 1, 1, 1, 1, 1, 1, 4 ),
 ( 0.0000000000000000000, 0.03378714634699125224, 0.06662165772429393118, 0.09928487809597252856, 0.1313611650426509403, 0.1635851875953434620, 0.1961039269870683277, 0.2289022543238172780, 0.2621580559050075698, 0.2959912222583164221, 0.3302178457247999521, 0.3650598258919540151, 0.4009507373401078323, 0.4376203820767378683, 0.4757075294370921581, 0.5153806916250486259, 0.5564135414931644652, 0.5997648298727311644, 0.6464241555840873898, 0.6964314445175667778, 0.7497815178015575510, 0.8065733069755323115, 0.8674355315653995424, 0.9318867532508741114, 1.000000000000000000 ),
 .UNSPECIFIED. ) ;
#3343 = VECTOR ( 'NONE', #1161, 39.37007874015748143 ) ;
#3344 = CARTESIAN_POINT ( 'NONE',  ( 0.02340781269785027763, -0.01273909472544113713, 0.06841209017634598821 ) ) ;
#3345 = DIRECTION ( 'NONE',  ( -2.710166660381213510E-16, 1.000000000000000000, -0.0000000000000000000 ) ) ;
#3346 = ORIENTED_EDGE ( 'NONE', *, *, #516, .F. ) ;
#3347 = LINE ( 'NONE', #2197, #4217 ) ;
#3348 = LENGTH_MEASURE_WITH_UNIT ( LENGTH_MEASURE( 0.02539999999999999897 ), #3622 );
#3349 = CARTESIAN_POINT ( 'NONE',  ( 0.05873796110358477790, 0.02000000000000000042, 0.009999999999999995004 ) ) ;
#3350 = CARTESIAN_POINT ( 'NONE',  ( 0.03694634303360683908, -0.01282326377035029018, 0.06841209017634598821 ) ) ;
#3351 = AXIS2_PLACEMENT_3D ( 'NONE', #4371, #2399, #2075 ) ;
#3352 = CARTESIAN_POINT ( 'NONE',  ( -0.01177268886892822615, -0.004057569933319097807, 0.06841209017634598821 ) ) ;
#3353 = CARTESIAN_POINT ( 'NONE',  ( 0.05873796110358477790, 0.02000000000000000042, 0.03691209017634599493 ) ) ;
#3354 = STYLED_ITEM ( 'NONE', ( #1410 ), #3776 ) ;
#3355 = ORIENTED_EDGE ( 'NONE', *, *, #2338, .T. ) ;
#3356 = CARTESIAN_POINT ( 'NONE',  ( 0.02797358542663976391, 0.005742053187206557982, 0.06840709017634598321 ) ) ;
#3357 = ADVANCED_FACE ( 'NONE', ( #3791 ), #1101, .T. ) ;
#3358 = CARTESIAN_POINT ( 'NONE',  ( -0.01043525919959945730, -0.01020808846928871264, 0.06841209017634598821 ) ) ;
#3359 = PRESENTATION_LAYER_ASSIGNMENT (  '', '', ( #2395 ) ) ;
#3360 = CARTESIAN_POINT ( 'NONE',  ( 0.02534026354889833479, -0.009280548164313711518, 0.06841209017634598821 ) ) ;
#3361 =( CONVERSION_BASED_UNIT ( 'INCH', #1802 ) LENGTH_UNIT ( ) NAMED_UNIT ( #1484 ) );
#3362 = CARTESIAN_POINT ( 'NONE',  ( 0.02725330547936481024, -0.006971739589847189555, 0.06840709017634598321 ) ) ;
#3363 = DIMENSIONAL_EXPONENTS ( 1.000000000000000000, 0.0000000000000000000, 0.0000000000000000000, 0.0000000000000000000, 0.0000000000000000000, 0.0000000000000000000, 0.0000000000000000000 ) ;
#3364 = CARTESIAN_POINT ( 'NONE',  ( -0.05915338570894129039, 0.02000000000000000042, 0.0000000000000000000 ) ) ;
#3365 = PRODUCT ( '975D2371-E89E-4F79-A2AC-BC865B74928A', '975D2371-E89E-4F79-A2AC-BC865B74928A', '', ( #2353 ) ) ;
#3366 = CARTESIAN_POINT ( 'NONE',  ( 0.02164183593447133874, -0.01281336436037724957, 0.06840709017634598321 ) ) ;
#3367 = COLOUR_RGB ( '',0.5019607843137254832, 0.5019607843137254832, 0.5019607843137254832 ) ;
#3368 = FILL_AREA_STYLE_COLOUR ( '', #858 ) ;
#3369 = ORIENTED_EDGE ( 'NONE', *, *, #1257, .F. ) ;
#3370 = CARTESIAN_POINT ( 'NONE',  ( 0.01611381360766793447, 0.0006533574660501806786, 0.06841209017634594658 ) ) ;
#3371 = MECHANICAL_DESIGN_GEOMETRIC_PRESENTATION_REPRESENTATION (  '', ( #3689 ), #4240 ) ;
#3372 = CARTESIAN_POINT ( 'NONE',  ( -0.01686976273562393672, -0.009898584283170804715, 0.06841209017634597433 ) ) ;
#3373 = LINE ( 'NONE', #1909, #862 ) ;
#3374 = PRESENTATION_LAYER_ASSIGNMENT (  '', '', ( #1849 ) ) ;
#3375 = UNCERTAINTY_MEASURE_WITH_UNIT (LENGTH_MEASURE( 1.000000000000000082E-05 ), #387, 'distance_accuracy_value', 'NONE');
#3376 = CARTESIAN_POINT ( 'NONE',  ( 0.03694634303360683908, -0.01282326377035029018, 0.06840709017634598321 ) ) ;
#3377 = PRESENTATION_STYLE_ASSIGNMENT (( #4860 ) ) ;
#3378 = DIRECTION ( 'NONE',  ( -0.05233595624294387627, 0.0000000000000000000, 0.9986295347545738332 ) ) ;
#3379 =( LENGTH_UNIT ( ) NAMED_UNIT ( * ) SI_UNIT ( $, .METRE. ) );
#3380 =( NAMED_UNIT ( * ) PLANE_ANGLE_UNIT ( ) SI_UNIT ( $, .RADIAN. ) );
#3381 =( GEOMETRIC_REPRESENTATION_CONTEXT ( 3 ) GLOBAL_UNCERTAINTY_ASSIGNED_CONTEXT ( ( #304 ) ) GLOBAL_UNIT_ASSIGNED_CONTEXT ( ( #865, #3104, #472 ) ) REPRESENTATION_CONTEXT ( 'NONE', 'WORKASPACE' ) );
#3382 = CYLINDRICAL_SURFACE ( 'NONE', #4861, 0.005000000000000000104 ) ;
#3383 = CARTESIAN_POINT ( 'NONE',  ( -0.01043525919959945730, -0.01020808846928871264, 0.06840709017634598321 ) ) ;
#3384 = FILL_AREA_STYLE ('',( #2972 ) ) ;
#3385 = ORIENTED_EDGE ( 'NONE', *, *, #1287, .T. ) ;
#3386 =( NAMED_UNIT ( * ) PLANE_ANGLE_UNIT ( ) SI_UNIT ( $, .RADIAN. ) );
#3387 = CARTESIAN_POINT ( 'NONE',  ( -0.01535734286382906336, -0.01282326377035029365, 0.06840709017634598321 ) ) ;
#3388 = VECTOR ( 'NONE', #1383, 39.37007874015748143 ) ;
#3389 = DIRECTION ( 'NONE',  ( 0.0000000000000000000, 1.000000000000000000, 0.0000000000000000000 ) ) ;
#3390 = EDGE_CURVE ( 'NONE', #98, #1420, #1967, .T. ) ;
#3391 = SURFACE_STYLE_USAGE ( .BOTH. , #2978 ) ;
#3392 = VECTOR ( 'NONE', #4574, 39.37007874015748143 ) ;
#3393 = VERTEX_POINT ( 'NONE', #4096 ) ;
#3394 = PRESENTATION_STYLE_ASSIGNMENT (( #4725 ) ) ;
#3395 = CARTESIAN_POINT ( 'NONE',  ( 0.02257975405825409995, -0.01024774848616522883, 0.06841209017634597433 ) ) ;
#3396 = VECTOR ( 'NONE', #3485, 39.37007874015748143 ) ;
#3397 = DIRECTION ( 'NONE',  ( 0.4821794293845146906, 0.8760724843746799939, 0.0000000000000000000 ) ) ;
#3398 = MECHANICAL_DESIGN_GEOMETRIC_PRESENTATION_REPRESENTATION (  '', ( #2823 ), #226 ) ;
#3399 = CARTESIAN_POINT ( 'NONE',  ( 0.02711391367550871137, -0.01103486382600769346, 0.06841209017634598821 ) ) ;
#3400 = EDGE_CURVE ( 'NONE', #1044, #1702, #3347, .T. ) ;
#3401 =( GEOMETRIC_REPRESENTATION_CONTEXT ( 3 ) GLOBAL_UNCERTAINTY_ASSIGNED_CONTEXT ( ( #2015 ) ) GLOBAL_UNIT_ASSIGNED_CONTEXT ( ( #4132, #2977, #2257 ) ) REPRESENTATION_CONTEXT ( 'NONE', 'WORKASPACE' ) );
#3402 = ORIENTED_EDGE ( 'NONE', *, *, #1591, .T. ) ;
#3403 = CARTESIAN_POINT ( 'NONE',  ( -0.01604883258944457547, -0.01017666381781352943, 0.06841209017634598821 ) ) ;
#3404 = AXIS2_PLACEMENT_3D ( 'NONE', #841, #1986, #2337 ) ;
#3405 =( NAMED_UNIT ( * ) SI_UNIT ( $, .STERADIAN. ) SOLID_ANGLE_UNIT ( ) );
#3406 = DIMENSIONAL_EXPONENTS ( 1.000000000000000000, 0.0000000000000000000, 0.0000000000000000000, 0.0000000000000000000, 0.0000000000000000000, 0.0000000000000000000, 0.0000000000000000000 ) ;
#3407 = CARTESIAN_POINT ( 'NONE',  ( 0.02815359408585565645, 0.005092460152782632074, 0.06841209017634598821 ) ) ;
#3408 = DIRECTION ( 'NONE',  ( 0.0000000000000000000, -1.000000000000000000, 0.0000000000000000000 ) ) ;
#3409 = ORIENTED_EDGE ( 'NONE', *, *, #4840, .F. ) ;
#3410 = CARTESIAN_POINT ( 'NONE',  ( 0.01491359888177215369, 0.007955271172357253340, 0.06841209017634598821 ) ) ;
#3411 = DIRECTION ( 'NONE',  ( 1.000000000000000000, 0.0000000000000000000, 0.0000000000000000000 ) ) ;
#3412 = SURFACE_STYLE_FILL_AREA ( #2611 ) ;
#3413 = ORIENTED_EDGE ( 'NONE', *, *, #3165, .F. ) ;
#3414 = CARTESIAN_POINT ( 'NONE',  ( 0.01687412717068662374, 0.006584459953671271265, 0.06840709017634598321 ) ) ;
#3415 = FACE_OUTER_BOUND ( 'NONE', #3639, .T. ) ;
#3416 = DIRECTION ( 'NONE',  ( -0.05226442768871395611, 0.05226442768871395611, -0.9972646886342373396 ) ) ;
#3417 = DIRECTION ( 'NONE',  ( -0.0000000000000000000, 0.0000000000000000000, 1.000000000000000000 ) ) ;
#3418 = VECTOR ( 'NONE', #4089, 39.37007874015748143 ) ;
#3419 = EDGE_LOOP ( 'NONE', ( #4186, #2007, #1227, #1540, #343, #1397 ) ) ;
#3420 = PRESENTATION_STYLE_ASSIGNMENT (( #2331 ) ) ;
#3421 =( NAMED_UNIT ( * ) PLANE_ANGLE_UNIT ( ) SI_UNIT ( $, .RADIAN. ) );
#3422 = CARTESIAN_POINT ( 'NONE',  ( 0.02398100120277486119, -0.01263142432886542148, 0.06841209017634598821 ) ) ;
#3423 =( NAMED_UNIT ( * ) PLANE_ANGLE_UNIT ( ) SI_UNIT ( $, .RADIAN. ) );
#3424 = SURFACE_SIDE_STYLE ('',( #2677 ) ) ;
#3425 = EDGE_LOOP ( 'NONE', ( #3369, #3079, #4254, #1007 ) ) ;
#3426 = CARTESIAN_POINT ( 'NONE',  ( 0.05873796110358477790, 0.03150000000000000022, 0.03691209017634599493 ) ) ;
#3427 = EDGE_CURVE ( 'NONE', #1367, #774, #1444, .T. ) ;
#3428 = CARTESIAN_POINT ( 'NONE',  ( 0.02202785225643438122, -0.01024538606072465489, 0.06841209017634598821 ) ) ;
#3429 = UNCERTAINTY_MEASURE_WITH_UNIT (LENGTH_MEASURE( 1.000000000000000082E-05 ), #1390, 'distance_accuracy_value', 'NONE');
#3430 = CARTESIAN_POINT ( 'NONE',  ( 0.02848256653967831328, -0.002281074665799356308, 0.06840709017634598321 ) ) ;
#3431 = ORIENTED_EDGE ( 'NONE', *, *, #2003, .T. ) ;
#3432 = FILL_AREA_STYLE ('',( #1870 ) ) ;
#3433 = CARTESIAN_POINT ( 'NONE',  ( 0.01401105539533894183, 0.003684976581060697351, 0.06840709017634598321 ) ) ;
#3434 = LENGTH_MEASURE_WITH_UNIT ( LENGTH_MEASURE( 0.02539999999999999897 ), #2346 );
#3435 = PRESENTATION_STYLE_ASSIGNMENT (( #1895 ) ) ;
#3436 =( LENGTH_UNIT ( ) NAMED_UNIT ( * ) SI_UNIT ( $, .METRE. ) );
#3437 = CARTESIAN_POINT ( 'NONE',  ( -0.01444173561678268290, -0.01279540670059027899, 0.06840709017634598321 ) ) ;
#3438 = ORIENTED_EDGE ( 'NONE', *, *, #4644, .T. ) ;
#3439 = CARTESIAN_POINT ( 'NONE',  ( 0.01413071567649945744, -0.004040290064313739431, 0.06841209017634598821 ) ) ;
#3440 =( NAMED_UNIT ( * ) SI_UNIT ( $, .STERADIAN. ) SOLID_ANGLE_UNIT ( ) );
#3441 = PRESENTATION_STYLE_ASSIGNMENT (( #1517 ) ) ;
#3442 = STYLED_ITEM ( 'NONE', ( #4567 ), #4267 ) ;
#3443 = EDGE_LOOP ( 'NONE', ( #2907, #714, #4802, #4193 ) ) ;
#3444 = LINE ( 'NONE', #2261, #439 ) ;
#3445 =( LENGTH_UNIT ( ) NAMED_UNIT ( * ) SI_UNIT ( $, .METRE. ) );
#3446 = CYLINDRICAL_SURFACE ( 'NONE', #3980, 0.005000000000000000104 ) ;
#3447 = CARTESIAN_POINT ( 'NONE',  ( 0.01745878003872081488, -0.01108446770157233731, 0.06840709017634598321 ) ) ;
#3448 =( NAMED_UNIT ( * ) PLANE_ANGLE_UNIT ( ) SI_UNIT ( $, .RADIAN. ) );
#3449 = PRODUCT_RELATED_PRODUCT_CATEGORY ( 'part', '', ( #3365 ) ) ;
#3450 = PRESENTATION_STYLE_ASSIGNMENT (( #1615 ) ) ;
#3451 = CARTESIAN_POINT ( 'NONE',  ( 0.02615242016768184324, 0.009181287661320047117, 0.06841209017634598821 ) ) ;
#3452 = EDGE_CURVE ( 'NONE', #1811, #1640, #868, .T. ) ;
#3453 = CARTESIAN_POINT ( 'NONE',  ( 0.02824744924220130154, -0.003851537649580962733, 0.06840709017634598321 ) ) ;
#3454 = ORIENTED_EDGE ( 'NONE', *, *, #4581, .T. ) ;
#3455 = DIRECTION ( 'NONE',  ( 1.000000000000000000, -0.0000000000000000000, -0.0000000000000000000 ) ) ;
#3456 = DIRECTION ( 'NONE',  ( -0.0000000000000000000, -0.0000000000000000000, 1.000000000000000000 ) ) ;
#3457 = PRESENTATION_LAYER_ASSIGNMENT (  '', '', ( #689 ) ) ;
#3458 = CARTESIAN_POINT ( 'NONE',  ( -0.01141811516088242495, -0.01143943533540398884, 0.06841209017634598821 ) ) ;
#3459 = EDGE_CURVE ( 'NONE', #3829, #27, #1574, .T. ) ;
#3460 = CARTESIAN_POINT ( 'NONE',  ( -0.01471797650970039541, -0.01023741617192207645, 0.06841209017634596046 ) ) ;
#3461 =( GEOMETRIC_REPRESENTATION_CONTEXT ( 3 ) GLOBAL_UNCERTAINTY_ASSIGNED_CONTEXT ( ( #1083 ) ) GLOBAL_UNIT_ASSIGNED_CONTEXT ( ( #4830, #1081, #1353 ) ) REPRESENTATION_CONTEXT ( 'NONE', 'WORKASPACE' ) );
#3462 = CARTESIAN_POINT ( 'NONE',  ( 0.01640159999657158502, 0.004700089740684180832, 0.06840709017634598321 ) ) ;
#3463 = MECHANICAL_DESIGN_GEOMETRIC_PRESENTATION_REPRESENTATION (  '', ( #4399 ), #1931 ) ;
#3464 = CARTESIAN_POINT ( 'NONE',  ( 0.03548939481647289673, 0.02000000000000000042, 0.0000000000000000000 ) ) ;
#3465 = ORIENTED_EDGE ( 'NONE', *, *, #1848, .T. ) ;
#3466 = FILL_AREA_STYLE ('',( #3127 ) ) ;
#3467 = CARTESIAN_POINT ( 'NONE',  ( 0.01386941995668375914, 0.0003077458450343269658, 0.06840709017634598321 ) ) ;
#3468 = PRESENTATION_LAYER_ASSIGNMENT (  '', '', ( #1473 ) ) ;
#3469 = CARTESIAN_POINT ( 'NONE',  ( 0.02106580993603281160, 0.01338068792278174386, 0.06840709017634598321 ) ) ;
#3470 = CARTESIAN_POINT ( 'NONE',  ( -0.02138699029972649865, -0.009938648385734903667, 0.06840709017634598321 ) ) ;
#3471 = VERTEX_POINT ( 'NONE', #891 ) ;
#3472 = CARTESIAN_POINT ( 'NONE',  ( -0.01559990256571121801, -0.01281554513371394033, 0.06840709017634598321 ) ) ;
#3473 = CARTESIAN_POINT ( 'NONE',  ( 0.02841184428565845729, 0.003662455810205444192, 0.06841209017634600209 ) ) ;
#3474 =( GEOMETRIC_REPRESENTATION_CONTEXT ( 3 ) GLOBAL_UNCERTAINTY_ASSIGNED_CONTEXT ( ( #2761 ) ) GLOBAL_UNIT_ASSIGNED_CONTEXT ( ( #3255, #3283, #2055 ) ) REPRESENTATION_CONTEXT ( 'NONE', 'WORKASPACE' ) );
#3475 = CARTESIAN_POINT ( 'NONE',  ( -0.02006487491511111526, -0.008015571462657982219, 0.06840709017634598321 ) ) ;
#3476 = ORIENTED_EDGE ( 'NONE', *, *, #3564, .F. ) ;
#3477 = FILL_AREA_STYLE ('',( #845 ) ) ;
#3478 = CARTESIAN_POINT ( 'NONE',  ( -0.05761119384899940354, -0.03011119384899940687, 0.06840709017634598321 ) ) ;
#3479 = B_SPLINE_CURVE_WITH_KNOTS ( 'NONE', 3,
 ( #4143, #406, #56, #4168, #382, #3473, #1866, #3407, #772, #3044, #12, #430, #1505, #3793, #2293, #3451, #1553, #3067, #82, #2962, #4473, #149, #3164 ),
 .UNSPECIFIED., .F., .F.,
 ( 4, 1, 1, 1, 1, 1, 1, 1, 1, 1, 1, 1, 1, 1, 1, 1, 1, 1, 1, 1, 4 ),
 ( 0.0000000000000000000, 0.06568119799063874831, 0.1284864641740647850, 0.1881751303280075893, 0.2451061306699861553, 0.2994484245294752878, 0.3508229360093821358, 0.3999416805337774328, 0.4466717436323718315, 0.4912545333734978925, 0.5333763442704363422, 0.5738527549682235218, 0.6125263117194525986, 0.6495971364453287933, 0.6855320415538498358, 0.7201057860682005263, 0.7538376629736498469, 0.8189254160467135391, 0.8804934616501636224, 0.9403113338460564741, 1.000000000000000000 ),
 .UNSPECIFIED. ) ;
#3480 = SURFACE_SIDE_STYLE ('',( #456 ) ) ;
#3481 = ADVANCED_FACE ( 'NONE', ( #3042 ), #4194, .F. ) ;
#3482 = CARTESIAN_POINT ( 'NONE',  ( -4.784767152137024622E-05, 0.01281776187067535343, 0.06840709017634598321 ) ) ;
#3483 = LINE ( 'NONE', #1918, #2051 ) ;
#3484 = ADVANCED_FACE ( 'NONE', ( #1254 ), #319, .T. ) ;
#3485 = DIRECTION ( 'NONE',  ( 0.0000000000000000000, 0.0000000000000000000, -1.000000000000000000 ) ) ;
#3486 = DIMENSIONAL_EXPONENTS ( 1.000000000000000000, 0.0000000000000000000, 0.0000000000000000000, 0.0000000000000000000, 0.0000000000000000000, 0.0000000000000000000, 0.0000000000000000000 ) ;
#3487 = UNCERTAINTY_MEASURE_WITH_UNIT (LENGTH_MEASURE( 1.000000000000000082E-05 ), #3766, 'distance_accuracy_value', 'NONE');
#3488 = VERTEX_POINT ( 'NONE', #1679 ) ;
#3489 = SURFACE_STYLE_FILL_AREA ( #810 ) ;
#3490 = FILL_AREA_STYLE ('',( #2056 ) ) ;
#3491 = CARTESIAN_POINT ( 'NONE',  ( 0.02340659237287637945, 0.01338177416445420799, 0.06841209017634597433 ) ) ;
#3492 = FILL_AREA_STYLE_COLOUR ( '', #4638 ) ;
#3493 = ORIENTED_EDGE ( 'NONE', *, *, #938, .T. ) ;
#3494 = CARTESIAN_POINT ( 'NONE',  ( -0.01608794875131568797, -0.01280001472557439242, 0.06841209017634601597 ) ) ;
#3495 = VERTEX_POINT ( 'NONE', #4703 ) ;
#3496 = CARTESIAN_POINT ( 'NONE',  ( -0.06415338570894128789, 0.02000000000000000389, 0.004999999999999997502 ) ) ;
#3497 = CARTESIAN_POINT ( 'NONE',  ( 0.03694634303360683908, -0.01282326377035029018, 0.06840709017634598321 ) ) ;
#3498 = FILL_AREA_STYLE_COLOUR ( '', #4775 ) ;
#3499 = CARTESIAN_POINT ( 'NONE',  ( 0.02257609449539254784, 0.01088019460583921662, 0.06841209017634602985 ) ) ;
#3500 = SURFACE_STYLE_USAGE ( .BOTH. , #4620 ) ;
#3501 = CARTESIAN_POINT ( 'NONE',  ( -0.01202810789959559389, -0.007606084246642852778, 0.06840709017634598321 ) ) ;
#3502 = DIRECTION ( 'NONE',  ( -0.0000000000000000000, -0.0000000000000000000, 1.000000000000000000 ) ) ;
#3503 = CARTESIAN_POINT ( 'NONE',  ( 0.01987470828286624913, -0.009655441044874171069, 0.06840709017634598321 ) ) ;
#3504 =( NAMED_UNIT ( * ) SI_UNIT ( $, .STERADIAN. ) SOLID_ANGLE_UNIT ( ) );
#3505 = EDGE_CURVE ( 'NONE', #2190, #2528, #3640, .T. ) ;
#3506 = ORIENTED_EDGE ( 'NONE', *, *, #2896, .T. ) ;
#3507 = SURFACE_STYLE_FILL_AREA ( #2356 ) ;
#3508 = VECTOR ( 'NONE', #1649, 39.37007874015748143 ) ;
#3509 = SURFACE_SIDE_STYLE ('',( #1979 ) ) ;
#3510 = COLOUR_RGB ( '',0.5019607843137254832, 0.5019607843137254832, 0.5019607843137254832 ) ;
#3511 = SURFACE_STYLE_FILL_AREA ( #489 ) ;
#3512 = CARTESIAN_POINT ( 'NONE',  ( 0.02612042305983034579, 0.01239353303022095593, 0.06841209017634597433 ) ) ;
#3513 = ADVANCED_FACE ( 'NONE', ( #1322, #4375, #942, #989, #3184 ), #1703, .T. ) ;
#3514 = CARTESIAN_POINT ( 'NONE',  ( 0.02397766152798066694, 0.01327126614233325660, 0.06841209017634598821 ) ) ;
#3515 = ORIENTED_EDGE ( 'NONE', *, *, #4036, .T. ) ;
#3516 = SURFACE_STYLE_USAGE ( .BOTH. , #3858 ) ;
#3517 = ORIENTED_EDGE ( 'NONE', *, *, #206, .T. ) ;
#3518 = DIMENSIONAL_EXPONENTS ( 1.000000000000000000, 0.0000000000000000000, 0.0000000000000000000, 0.0000000000000000000, 0.0000000000000000000, 0.0000000000000000000, 0.0000000000000000000 ) ;
#3519 = CARTESIAN_POINT ( 'NONE',  ( -0.05899999999999998995, -0.03011119384899940687, 0.06841209017634598821 ) ) ;
#3520 =( GEOMETRIC_REPRESENTATION_CONTEXT ( 3 ) GLOBAL_UNCERTAINTY_ASSIGNED_CONTEXT ( ( #419 ) ) GLOBAL_UNIT_ASSIGNED_CONTEXT ( ( #789, #860, #2288 ) ) REPRESENTATION_CONTEXT ( 'NONE', 'WORKASPACE' ) );
#3521 = CARTESIAN_POINT ( 'NONE',  ( 0.02774186504715205406, -0.005744224651451595824, 0.06841209017634598821 ) ) ;
#3522 =( GEOMETRIC_REPRESENTATION_CONTEXT ( 3 ) GLOBAL_UNCERTAINTY_ASSIGNED_CONTEXT ( ( #4417 ) ) GLOBAL_UNIT_ASSIGNED_CONTEXT ( ( #4471, #2169, #4448 ) ) REPRESENTATION_CONTEXT ( 'NONE', 'WORKASPACE' ) );
#3523 = UNCERTAINTY_MEASURE_WITH_UNIT (LENGTH_MEASURE( 1.000000000000000082E-05 ), #2550, 'distance_accuracy_value', 'NONE');
#3524 = DIRECTION ( 'NONE',  ( 0.5665288228870657417, 0.8240419241993672816, 0.0000000000000000000 ) ) ;
#3525 = SURFACE_STYLE_FILL_AREA ( #1964 ) ;
#3526 = FACE_OUTER_BOUND ( 'NONE', #3570, .T. ) ;
#3527 = CARTESIAN_POINT ( 'NONE',  ( 0.02756122706588678278, 0.006925340588723712457, 0.06840709017634598321 ) ) ;
#3528 =( NAMED_UNIT ( * ) PLANE_ANGLE_UNIT ( ) SI_UNIT ( $, .RADIAN. ) );
#3529 = CARTESIAN_POINT ( 'NONE',  ( -0.01230056836646381026, -0.008427856276037096889, 0.06841209017634596046 ) ) ;
#3530 = CARTESIAN_POINT ( 'NONE',  ( 0.02230291354642734494, -0.01025916120624772651, 0.06840709017634598321 ) ) ;
#3531 = FACE_OUTER_BOUND ( 'NONE', #2128, .T. ) ;
#3532 = EDGE_LOOP ( 'NONE', ( #3547, #988, #701, #3231, #1984, #355 ) ) ;
#3533 = CARTESIAN_POINT ( 'NONE',  ( -0.05761119384899940354, 0.03011119384899940687, 0.06841209017634598821 ) ) ;
#3534 = VECTOR ( 'NONE', #1992, 39.37007874015748143 ) ;
#3535 = EDGE_CURVE ( 'NONE', #53, #4105, #3237, .T. ) ;
#3536 = CARTESIAN_POINT ( 'NONE',  ( 0.02972821590009252016, 0.007838240653473989988, 0.06840709017634598321 ) ) ;
#3537 = SURFACE_STYLE_FILL_AREA ( #3302 ) ;
#3538 = COLOUR_RGB ( '',0.7921568627450980005, 0.8196078431372548767, 0.9333333333333333481 ) ;
#3539 = VERTEX_POINT ( 'NONE', #4329 ) ;
#3540 = CARTESIAN_POINT ( 'NONE',  ( -0.01681431095675983006, -0.01267343106093368407, 0.06841209017634601597 ) ) ;
#3541 = ORIENTED_EDGE ( 'NONE', *, *, #759, .T. ) ;
#3542 = FILL_AREA_STYLE ('',( #2012 ) ) ;
#3543 = ADVANCED_FACE ( 'NONE', ( #3259 ), #3956, .T. ) ;
#3544 = VECTOR ( 'NONE', #2446, 39.37007874015748143 ) ;
#3545 = VECTOR ( 'NONE', #3389, 39.37007874015748143 ) ;
#3546 = CARTESIAN_POINT ( 'NONE',  ( 0.01654079323314227787, 0.005389103253464083178, 0.06841209017634598821 ) ) ;
#3547 = ORIENTED_EDGE ( 'NONE', *, *, #3505, .T. ) ;
#3548 = SURFACE_STYLE_FILL_AREA ( #3477 ) ;
#3549 =( GEOMETRIC_REPRESENTATION_CONTEXT ( 3 ) GLOBAL_UNCERTAINTY_ASSIGNED_CONTEXT ( ( #2509 ) ) GLOBAL_UNIT_ASSIGNED_CONTEXT ( ( #272, #1756, #1396 ) ) REPRESENTATION_CONTEXT ( 'NONE', 'WORKASPACE' ) );
#3550 = DIMENSIONAL_EXPONENTS ( 1.000000000000000000, 0.0000000000000000000, 0.0000000000000000000, 0.0000000000000000000, 0.0000000000000000000, 0.0000000000000000000, 0.0000000000000000000 ) ;
#3551 = CARTESIAN_POINT ( 'NONE',  ( 0.02612945676789368496, -0.01174012405528281240, 0.06840709017634598321 ) ) ;
#3552 = SURFACE_SIDE_STYLE ('',( #4619 ) ) ;
#3553 = CARTESIAN_POINT ( 'NONE',  ( 0.02815359408585565645, 0.005092460152782632074, 0.06840709017634598321 ) ) ;
#3554 = DIRECTION ( 'NONE',  ( -0.0000000000000000000, 1.000000000000000000, -0.0000000000000000000 ) ) ;
#3555 = PRESENTATION_STYLE_ASSIGNMENT (( #3819 ) ) ;
#3556 = VECTOR ( 'NONE', #698, 39.37007874015748143 ) ;
#3557 =( CONVERSION_BASED_UNIT ( 'INCH', #2070 ) LENGTH_UNIT ( ) NAMED_UNIT ( #4455 ) );
#3558 = APPLICATION_PROTOCOL_DEFINITION ( 'draft international standard', 'automotive_design', 1998, #4020 ) ;
#3559 = VERTEX_POINT ( 'NONE', #4823 ) ;
#3560 = SURFACE_SIDE_STYLE ('',( #184 ) ) ;
#3561 = DIRECTION ( 'NONE',  ( -0.0000000000000000000, 0.0000000000000000000, -1.000000000000000000 ) ) ;
#3562 =( CONVERSION_BASED_UNIT ( 'INCH', #470 ) LENGTH_UNIT ( ) NAMED_UNIT ( #4692 ) );
#3563 = VERTEX_POINT ( 'NONE', #2137 ) ;
#3564 = EDGE_CURVE ( 'NONE', #4424, #1721, #2955, .T. ) ;
#3565 = ORIENTED_EDGE ( 'NONE', *, *, #3261, .F. ) ;
#3566 = PRESENTATION_STYLE_ASSIGNMENT (( #1344 ) ) ;
#3567 = FACE_OUTER_BOUND ( 'NONE', #43, .T. ) ;
#3568 = UNCERTAINTY_MEASURE_WITH_UNIT (LENGTH_MEASURE( 1.000000000000000082E-05 ), #463, 'distance_accuracy_value', 'NONE');
#3569 = CARTESIAN_POINT ( 'NONE',  ( -0.01182063425881533895, -0.005797162840785548624, 0.06840709017634598321 ) ) ;
#3570 = EDGE_LOOP ( 'NONE', ( #4352, #4724, #3898, #1651, #4204 ) ) ;
#3571 = DIRECTION ( 'NONE',  ( -0.0000000000000000000, -0.0000000000000000000, 1.000000000000000000 ) ) ;
#3572 = EDGE_CURVE ( 'NONE', #3957, #379, #1051, .T. ) ;
#3573 =( LENGTH_UNIT ( ) NAMED_UNIT ( * ) SI_UNIT ( $, .METRE. ) );
#3574 = CARTESIAN_POINT ( 'NONE',  ( 0.03085659944386324322, 0.0003077458450343269658, 0.06840709017634598321 ) ) ;
#3575 = CARTESIAN_POINT ( 'NONE',  ( -0.05899999999999999689, 0.03150000000000000022, 0.04191209017634599243 ) ) ;
#3576 = CARTESIAN_POINT ( 'NONE',  ( 0.02860139200749868549, 0.001206052851379776783, 0.06841209017634602985 ) ) ;
#3577 = CARTESIAN_POINT ( 'NONE',  ( 0.02203062111136784226, -0.01281993265993022595, 0.06841209017634598821 ) ) ;
#3578 = MECHANICAL_DESIGN_GEOMETRIC_PRESENTATION_REPRESENTATION (  '', ( #2140 ), #1115 ) ;
#3579 = DIRECTION ( 'NONE',  ( 0.0000000000000000000, -1.000000000000000000, 0.0000000000000000000 ) ) ;
#3580 = DIMENSIONAL_EXPONENTS ( 1.000000000000000000, 0.0000000000000000000, 0.0000000000000000000, 0.0000000000000000000, 0.0000000000000000000, 0.0000000000000000000, 0.0000000000000000000 ) ;
#3581 = ORIENTED_EDGE ( 'NONE', *, *, #2706, .F. ) ;
#3582 = CARTESIAN_POINT ( 'NONE',  ( -0.05761119384899940354, 0.03011119384899940687, 0.06840709017634598321 ) ) ;
#3583 = ORIENTED_EDGE ( 'NONE', *, *, #3390, .F. ) ;
#3584 = CARTESIAN_POINT ( 'NONE',  ( -0.01826469256173943873, -0.01219258364132596445, 0.06841209017634601597 ) ) ;
#3585 = VERTEX_POINT ( 'NONE', #3664 ) ;
#3586 = LENGTH_MEASURE_WITH_UNIT ( LENGTH_MEASURE( 0.02539999999999999897 ), #967 );
#3587 = STYLED_ITEM ( 'NONE', ( #3394 ), #3543 ) ;
#3588 = CARTESIAN_POINT ( 'NONE',  ( 0.01987180923170612720, 0.01028894023130966402, 0.06841209017634598821 ) ) ;
#3589 = CARTESIAN_POINT ( 'NONE',  ( 0.01811941189755683981, 0.008843773143237008277, 0.06841209017634594658 ) ) ;
#3590 = CARTESIAN_POINT ( 'NONE',  ( -0.05899999999999998995, -0.03150000000000000022, 0.04191209017634599243 ) ) ;
#3591 = EDGE_CURVE ( 'NONE', #4702, #2375, #1781, .T. ) ;
#3592 = CARTESIAN_POINT ( 'NONE',  ( 0.03084287679775310487, -0.0008194902963923245045, 0.06841209017634601597 ) ) ;
#3593 = CARTESIAN_POINT ( 'NONE',  ( 0.02756122706588678278, 0.006925340588723712457, 0.06841209017634602985 ) ) ;
#3594 = CARTESIAN_POINT ( 'NONE',  ( 0.01445569505366333524, -0.005820525801595356936, 0.06841209017634598821 ) ) ;
#3595 = STYLED_ITEM ( 'NONE', ( #1206 ), #4026 ) ;
#3596 = CARTESIAN_POINT ( 'NONE',  ( 0.05899999999999998995, 0.01999999999999999001, 0.04191209017634599243 ) ) ;
#3597 = ADVANCED_FACE ( 'NONE', ( #1415 ), #1028, .T. ) ;
#3598 = AXIS2_PLACEMENT_3D ( 'NONE', #4504, #3700, #1508 ) ;
#3599 =( NAMED_UNIT ( * ) PLANE_ANGLE_UNIT ( ) SI_UNIT ( $, .RADIAN. ) );
#3600 = MANIFOLD_SOLID_BREP ( 'Tantalum Cap Top-1-solid1', #4003 ) ;
#3601 =( NAMED_UNIT ( * ) SI_UNIT ( $, .STERADIAN. ) SOLID_ANGLE_UNIT ( ) );
#3602 = FILL_AREA_STYLE_COLOUR ( '', #4597 ) ;
#3603 = VECTOR ( 'NONE', #2258, 39.37007874015748143 ) ;
#3604 = VECTOR ( 'NONE', #1137, 39.37007874015748143 ) ;
#3605 = B_SPLINE_SURFACE_WITH_KNOTS ( 'NONE', 3, 1, ( 
 ( #4245, #4668 ),
 ( #203, #3577 ),
 ( #978, #3272 ),
 ( #4761, #1000 ),
 ( #4315, #279 ),
 ( #3247, #4734 ),
 ( #2515, #4046 ),
 ( #2872, #1713 ),
 ( #3970, #653 ),
 ( #1283, #2145 ),
 ( #3651, #2816 ),
 ( #1765, #177 ),
 ( #1018, #2494 ),
 ( #953, #2068 ),
 ( #927, #2788 ),
 ( #3947, #2417 ),
 ( #559, #3992 ),
 ( #4024, #2121 ),
 ( #1354, #2047 ),
 ( #1666, #3594 ),
 ( #254, #3194 ),
 ( #4686, #635 ),
 ( #1737, #1376 ),
 ( #1308, #4342 ),
 ( #2441, #581 ),
 ( #1690, #3221 ),
 ( #3624, #4715 ) ),
 .UNSPECIFIED., .F., .F., .F.,
 ( 4, 1, 1, 1, 1, 1, 1, 1, 1, 1, 1, 1, 1, 1, 1, 1, 1, 1, 1, 1, 1, 1, 1, 1, 4 ),
 ( 2, 2 ),
 ( 0.0000000000000000000, 0.03378714634699125224, 0.06662165772429393118, 0.09928487809597252856, 0.1313611650426509403, 0.1635851875953434620, 0.1961039269870683277, 0.2289022543238172780, 0.2621580559050075698, 0.2959912222583164221, 0.3302178457247999521, 0.3650598258919540151, 0.4009507373401078323, 0.4376203820767378683, 0.4757075294370921581, 0.5153806916250486259, 0.5564135414931644652, 0.5997648298727311644, 0.6464241555840873898, 0.6964314445175667778, 0.7497815178015575510, 0.8065733069755323115, 0.8674355315653995424, 0.9318867532508741114, 1.000000000000000000 ),
 ( 0.0000000000000000000, 1.000000000000000000 ),
 .UNSPECIFIED. ) ;
#3606 = LINE ( 'NONE', #2428, #1 ) ;
#3607 = CARTESIAN_POINT ( 'NONE',  ( 0.02453906096073883367, -0.01247570681539297323, 0.06840709017634598321 ) ) ;
#3608 = ORIENTED_EDGE ( 'NONE', *, *, #1264, .T. ) ;
#3609 = CARTESIAN_POINT ( 'NONE',  ( -0.01681431095675983006, -0.01267343106093368407, 0.06840709017634598321 ) ) ;
#3610 = ORIENTED_EDGE ( 'NONE', *, *, #1717, .F. ) ;
#3611 = DIMENSIONAL_EXPONENTS ( 1.000000000000000000, 0.0000000000000000000, 0.0000000000000000000, 0.0000000000000000000, 0.0000000000000000000, 0.0000000000000000000, 0.0000000000000000000 ) ;
#3612 = LINE ( 'NONE', #2084, #4229 ) ;
#3613 = UNCERTAINTY_MEASURE_WITH_UNIT (LENGTH_MEASURE( 1.000000000000000082E-05 ), #1138, 'distance_accuracy_value', 'NONE');
#3614 = CARTESIAN_POINT ( 'NONE',  ( 0.02813952383545203009, 0.02963952383545203489, 0.005412090176345997310 ) ) ;
#3615 = ORIENTED_EDGE ( 'NONE', *, *, #3014, .F. ) ;
#3616 = CARTESIAN_POINT ( 'NONE',  ( 0.01654079323314227787, 0.005389103253464083178, 0.06841209017634594658 ) ) ;
#3617 =( NAMED_UNIT ( * ) SI_UNIT ( $, .STERADIAN. ) SOLID_ANGLE_UNIT ( ) );
#3618 = MECHANICAL_DESIGN_GEOMETRIC_PRESENTATION_REPRESENTATION (  '', ( #1935 ), #4476 ) ;
#3619 = CARTESIAN_POINT ( 'NONE',  ( 0.02066485439165986412, -0.01000077025795725535, 0.06841209017634600209 ) ) ;
#3620 = CARTESIAN_POINT ( 'NONE',  ( 0.02282241101264536817, -0.01281460792868953369, 0.06841209017634602985 ) ) ;
#3621 = PRESENTATION_STYLE_ASSIGNMENT (( #4713 ) ) ;
#3622 =( LENGTH_UNIT ( ) NAMED_UNIT ( * ) SI_UNIT ( $, .METRE. ) );
#3623 = VECTOR ( 'NONE', #1793, 39.37007874015748143 ) ;
#3624 = CARTESIAN_POINT ( 'NONE',  ( 0.01386941995668375914, 0.0003077458450343269658, 0.06840709017634598321 ) ) ;
#3625 =( NAMED_UNIT ( * ) SI_UNIT ( $, .STERADIAN. ) SOLID_ANGLE_UNIT ( ) );
#3626 =( GEOMETRIC_REPRESENTATION_CONTEXT ( 3 ) GLOBAL_UNCERTAINTY_ASSIGNED_CONTEXT ( ( #3317 ) ) GLOBAL_UNIT_ASSIGNED_CONTEXT ( ( #1801, #3757, #4487 ) ) REPRESENTATION_CONTEXT ( 'NONE', 'WORKASPACE' ) );
#3627 = EDGE_CURVE ( 'NONE', #1142, #1811, #2161, .T. ) ;
#3628 = CARTESIAN_POINT ( 'NONE',  ( -0.01177160568434188273, 0.01281776187067535343, 0.06840709017634598321 ) ) ;
#3629 = PRESENTATION_LAYER_ASSIGNMENT (  '', '', ( #2823 ) ) ;
#3630 = FILL_AREA_STYLE_COLOUR ( '', #1474 ) ;
#3631 = CARTESIAN_POINT ( 'NONE',  ( 0.03548939481647289673, 0.02000000000000000042, 0.0000000000000000000 ) ) ;
#3632 = CARTESIAN_POINT ( 'NONE',  ( -0.01422180512392786679, -0.01010992134855567132, 0.06841209017634600209 ) ) ;
#3633 = CARTESIAN_POINT ( 'NONE',  ( 0.004574548161811964331, 0.01281776187067535343, 0.06840709017634598321 ) ) ;
#3634 = EDGE_LOOP ( 'NONE', ( #728, #3285, #1961, #3431 ) ) ;
#3635 = EDGE_CURVE ( 'NONE', #1830, #1420, #3444, .T. ) ;
#3636 =( CONVERSION_BASED_UNIT ( 'INCH', #185 ) LENGTH_UNIT ( ) NAMED_UNIT ( #1040 ) );
#3637 =( CONVERSION_BASED_UNIT ( 'INCH', #4699 ) LENGTH_UNIT ( ) NAMED_UNIT ( #3006 ) );
#3638 = CARTESIAN_POINT ( 'NONE',  ( 0.05373796110358478040, 0.02000000000000000042, 0.004999999999999997502 ) ) ;
#3639 = EDGE_LOOP ( 'NONE', ( #993, #4095, #2425, #4230 ) ) ;
#3640 = LINE ( 'NONE', #3161, #434 ) ;
#3641 = DIRECTION ( 'NONE',  ( -0.0000000000000000000, -0.0000000000000000000, 1.000000000000000000 ) ) ;
#3642 = PRESENTATION_STYLE_ASSIGNMENT (( #1346 ) ) ;
#3643 = CARTESIAN_POINT ( 'NONE',  ( -0.01290885458126587830, -0.009291584795128352350, 0.06840709017634598321 ) ) ;
#3644 = ORIENTED_EDGE ( 'NONE', *, *, #2672, .T. ) ;
#3645 = CARTESIAN_POINT ( 'NONE',  ( 0.02230291354642735188, 0.01089468494759843198, 0.06841209017634594658 ) ) ;
#3646 =( LENGTH_UNIT ( ) NAMED_UNIT ( * ) SI_UNIT ( $, .METRE. ) );
#3647 = DIMENSIONAL_EXPONENTS ( 1.000000000000000000, 0.0000000000000000000, 0.0000000000000000000, 0.0000000000000000000, 0.0000000000000000000, 0.0000000000000000000, 0.0000000000000000000 ) ;
#3648 = CARTESIAN_POINT ( 'NONE',  ( 0.02711391367550871137, -0.01103486382600769346, 0.06841209017634601597 ) ) ;
#3649 = SURFACE_STYLE_FILL_AREA ( #4760 ) ;
#3650 = VECTOR ( 'NONE', #4739, 39.37007874015748143 ) ;
#3651 = CARTESIAN_POINT ( 'NONE',  ( 0.01745878003872081488, -0.01108446770157233731, 0.06840709017634598321 ) ) ;
#3652 = SURFACE_STYLE_USAGE ( .BOTH. , #2418 ) ;
#3653 = CARTESIAN_POINT ( 'NONE',  ( 0.01653307210367686853, -0.004742706453868824647, 0.06841209017634598821 ) ) ;
#3654 = DIRECTION ( 'NONE',  ( -0.0000000000000000000, 0.0000000000000000000, -1.000000000000000000 ) ) ;
#3655 = PLANE ( 'NONE',  #1963 ) ;
#3656 = VERTEX_POINT ( 'NONE', #4605 ) ;
#3657 =( NAMED_UNIT ( * ) PLANE_ANGLE_UNIT ( ) SI_UNIT ( $, .RADIAN. ) );
#3658 =( NAMED_UNIT ( * ) SI_UNIT ( $, .STERADIAN. ) SOLID_ANGLE_UNIT ( ) );
#3659 = ADVANCED_FACE ( 'NONE', ( #1222 ), #1519, .T. ) ;
#3660 = AXIS2_PLACEMENT_3D ( 'NONE', #493, #1983, #4634 ) ;
#3661 = CARTESIAN_POINT ( 'NONE',  ( 0.02612945676789368496, -0.01174012405528281240, 0.06840709017634598321 ) ) ;
#3662 = CARTESIAN_POINT ( 'NONE',  ( 0.03042130304713888678, 0.005455364895059004217, 0.06841209017634596046 ) ) ;
#3663 = ORIENTED_EDGE ( 'NONE', *, *, #2497, .T. ) ;
#3664 = CARTESIAN_POINT ( 'NONE',  ( -0.05899999999999998995, -0.03150000000000000022, 0.04191209017634599243 ) ) ;
#3665 = FACE_OUTER_BOUND ( 'NONE', #4419, .T. ) ;
#3666 = CARTESIAN_POINT ( 'NONE',  ( 0.02855933663455862553, -0.001444600494972588184, 0.06840709017634598321 ) ) ;
#3667 = UNCERTAINTY_MEASURE_WITH_UNIT (LENGTH_MEASURE( 1.000000000000000082E-05 ), #3011, 'distance_accuracy_value', 'NONE');
#3668 = VERTEX_POINT ( 'NONE', #1569 ) ;
#3669 = FILL_AREA_STYLE_COLOUR ( '', #497 ) ;
#3670 = CARTESIAN_POINT ( 'NONE',  ( 0.01611551877435154004, -0.0006642291550604461584, 0.06840709017634598321 ) ) ;
#3671 = VECTOR ( 'NONE', #3081, 39.37007874015748854 ) ;
#3672 = CARTESIAN_POINT ( 'NONE',  ( 0.05948939481647290417, 0.02000000000000000736, 0.04191209017634599243 ) ) ;
#3673 =( NAMED_UNIT ( * ) SI_UNIT ( $, .STERADIAN. ) SOLID_ANGLE_UNIT ( ) );
#3674 = MECHANICAL_DESIGN_GEOMETRIC_PRESENTATION_REPRESENTATION (  '', ( #1427 ), #3520 ) ;
#3675 = PRESENTATION_STYLE_ASSIGNMENT (( #2073 ) ) ;
#3676 = VECTOR ( 'NONE', #3267, 39.37007874015748143 ) ;
#3677 = LINE ( 'NONE', #2006, #3803 ) ;
#3678 = CARTESIAN_POINT ( 'NONE',  ( 0.02709574379458733542, 0.01168920336233961361, 0.06841209017634598821 ) ) ;
#3679 = CARTESIAN_POINT ( 'NONE',  ( 0.02615242016768184324, 0.009181287661320047117, 0.06840709017634598321 ) ) ;
#3680 = CARTESIAN_POINT ( 'NONE',  ( 0.01622051060994842905, -0.009728284679489301867, 0.06841209017634598821 ) ) ;
#3681 = PRESENTATION_LAYER_ASSIGNMENT (  '', '', ( #4084 ) ) ;
#3682 = PRESENTATION_STYLE_ASSIGNMENT (( #3205 ) ) ;
#3683 = UNCERTAINTY_MEASURE_WITH_UNIT (LENGTH_MEASURE( 1.000000000000000082E-05 ), #2263, 'distance_accuracy_value', 'NONE');
#3684 = DIRECTION ( 'NONE',  ( -0.0000000000000000000, -1.000000000000000000, -0.0000000000000000000 ) ) ;
#3685 = ORIENTED_EDGE ( 'NONE', *, *, #372, .T. ) ;
#3686 = FILL_AREA_STYLE ('',( #292 ) ) ;
#3687 = CARTESIAN_POINT ( 'NONE',  ( 0.02760182257576066292, -0.006141747325361321570, 0.06840709017634598321 ) ) ;
#3688 = CARTESIAN_POINT ( 'NONE',  ( -0.02138699029972649865, -0.009938648385734903667, 0.06841209017634598821 ) ) ;
#3689 = STYLED_ITEM ( 'NONE', ( #4279 ), #4670 ) ;
#3690 = ADVANCED_FACE ( 'NONE', ( #466 ), #48, .T. ) ;
#3691 = COLOUR_RGB ( '',0.5019607843137254832, 0.5019607843137254832, 0.5019607843137254832 ) ;
#3692 = CARTESIAN_POINT ( 'NONE',  ( 0.02860455582698189989, -0.0005741621932908255342, 0.06841209017634598821 ) ) ;
#3693 = MECHANICAL_DESIGN_GEOMETRIC_PRESENTATION_REPRESENTATION (  '', ( #3129 ), #132 ) ;
#3694 = ORIENTED_EDGE ( 'NONE', *, *, #89, .F. ) ;
#3695 = CARTESIAN_POINT ( 'NONE',  ( -0.01673201765305878247, -0.009952580407026354395, 0.06841209017634598821 ) ) ;
#3696 = ADVANCED_FACE ( 'NONE', ( #512 ), #2426, .T. ) ;
#3697 = COLOUR_RGB ( '',0.7921568627450980005, 0.8196078431372548767, 0.9333333333333333481 ) ;
#3698 = CARTESIAN_POINT ( 'NONE',  ( 0.01790302390839162289, 0.01206660000975294696, 0.06840709017634598321 ) ) ;
#3699 = DIRECTION ( 'NONE',  ( 0.0000000000000000000, -0.9986295347545739443, -0.05233595624294388321 ) ) ;
#3700 = DIRECTION ( 'NONE',  ( 1.000000000000000000, -0.0000000000000000000, 0.0000000000000000000 ) ) ;
#3701 = VECTOR ( 'NONE', #1097, 39.37007874015748143 ) ;
#3702 = ORIENTED_EDGE ( 'NONE', *, *, #115, .T. ) ;
#3703 = PRESENTATION_STYLE_ASSIGNMENT (( #2179 ) ) ;
#3704 = DIRECTION ( 'NONE',  ( 0.0000000000000000000, 0.0000000000000000000, -1.000000000000000000 ) ) ;
#3705 = DIRECTION ( 'NONE',  ( 0.0000000000000000000, -1.000000000000000000, 0.0000000000000000000 ) ) ;
#3706 = EDGE_LOOP ( 'NONE', ( #2594, #4374, #4369, #14 ) ) ;
#3707 = CARTESIAN_POINT ( 'NONE',  ( 0.02312304773890706475, 0.01085118255556683647, 0.06840709017634598321 ) ) ;
#3708 = VECTOR ( 'NONE', #4429, 39.37007874015748143 ) ;
#3709 =( NAMED_UNIT ( * ) PLANE_ANGLE_UNIT ( ) SI_UNIT ( $, .RADIAN. ) );
#3710 = SURFACE_SIDE_STYLE ('',( #4108 ) ) ;
#3711 = DIRECTION ( 'NONE',  ( 1.000000000000000000, 0.0000000000000000000, 0.0000000000000000000 ) ) ;
#3712 = PLANE ( 'NONE',  #4011 ) ;
#3713 = EDGE_LOOP ( 'NONE', ( #316, #2824, #3312, #3150, #1798, #3012, #2216, #2330, #3860 ) ) ;
#3714 = CARTESIAN_POINT ( 'NONE',  ( 0.05948939481647290417, 0.02000000000000000042, 0.004999999999999997502 ) ) ;
#3715 = DIMENSIONAL_EXPONENTS ( 1.000000000000000000, 0.0000000000000000000, 0.0000000000000000000, 0.0000000000000000000, 0.0000000000000000000, 0.0000000000000000000, 0.0000000000000000000 ) ;
#3716 = DIRECTION ( 'NONE',  ( -0.0000000000000000000, 1.000000000000000000, -0.0000000000000000000 ) ) ;
#3717 =( CONVERSION_BASED_UNIT ( 'INCH', #3315 ) LENGTH_UNIT ( ) NAMED_UNIT ( #158 ) );
#3718 = LINE ( 'NONE', #3061, #1327 ) ;
#3719 = LINE ( 'NONE', #1835, #1867 ) ;
#3720 = DIRECTION ( 'NONE',  ( 0.0000000000000000000, 0.0000000000000000000, -1.000000000000000000 ) ) ;
#3721 = CARTESIAN_POINT ( 'NONE',  ( 0.01629371684407898702, -0.003300422914047808267, 0.06841209017634598821 ) ) ;
#3722 = EDGE_CURVE ( 'NONE', #1275, #1957, #2705, .T. ) ;
#3723 = CARTESIAN_POINT ( 'NONE',  ( 0.02942296822024539904, 0.008518101138052897384, 0.06840709017634596933 ) ) ;
#3724 = SURFACE_STYLE_FILL_AREA ( #1425 ) ;
#3725 =( LENGTH_UNIT ( ) NAMED_UNIT ( * ) SI_UNIT ( $, .METRE. ) );
#3726 = PRESENTATION_LAYER_ASSIGNMENT (  '', '', ( #244 ) ) ;
#3727 =( NAMED_UNIT ( * ) SI_UNIT ( $, .STERADIAN. ) SOLID_ANGLE_UNIT ( ) );
#3728 =( NAMED_UNIT ( * ) SI_UNIT ( $, .STERADIAN. ) SOLID_ANGLE_UNIT ( ) );
#3729 = CARTESIAN_POINT ( 'NONE',  ( -0.009966399093333676643, -0.009045380180208242860, 0.06840709017634599709 ) ) ;
#3730 = CARTESIAN_POINT ( 'NONE',  ( -0.01758749992229119083, -0.009571997790521088317, 0.06841209017634598821 ) ) ;
#3731 = ORIENTED_EDGE ( 'NONE', *, *, #4261, .F. ) ;
#3732 = CARTESIAN_POINT ( 'NONE',  ( -0.02110962159821970843, -0.01018930016226165559, 0.06840709017634598321 ) ) ;
#3733 =( NAMED_UNIT ( * ) SI_UNIT ( $, .STERADIAN. ) SOLID_ANGLE_UNIT ( ) );
#3734 = VERTEX_POINT ( 'NONE', #2104 ) ;
#3735 = FILL_AREA_STYLE_COLOUR ( '', #3510 ) ;
#3736 = SURFACE_SIDE_STYLE ('',( #4112 ) ) ;
#3737 = CARTESIAN_POINT ( 'NONE',  ( -0.01559990256571121801, -0.01281554513371394033, 0.06841209017634598821 ) ) ;
#3738 = VECTOR ( 'NONE', #120, 39.37007874015748143 ) ;
#3739 = SURFACE_STYLE_FILL_AREA ( #2958 ) ;
#3740 = EDGE_LOOP ( 'NONE', ( #3644, #2886, #3541, #971, #1215, #4780, #4545, #2643, #322, #4034 ) ) ;
#3741 =( NAMED_UNIT ( * ) PLANE_ANGLE_UNIT ( ) SI_UNIT ( $, .RADIAN. ) );
#3742 = DIMENSIONAL_EXPONENTS ( 1.000000000000000000, 0.0000000000000000000, 0.0000000000000000000, 0.0000000000000000000, 0.0000000000000000000, 0.0000000000000000000, 0.0000000000000000000 ) ;
#3743 = DIRECTION ( 'NONE',  ( -0.05233595624294387627, 7.825886557004400701E-18, 0.9986295347545738332 ) ) ;
#3744 = CARTESIAN_POINT ( 'NONE',  ( 0.03070511853487993548, 0.003568481119807080573, 0.06840709017634598321 ) ) ;
#3745 = DIRECTION ( 'NONE',  ( 0.0000000000000000000, 1.000000000000000000, 0.0000000000000000000 ) ) ;
#3746 = LENGTH_MEASURE_WITH_UNIT ( LENGTH_MEASURE( 0.02539999999999999897 ), #3725 );
#3747 = EDGE_CURVE ( 'NONE', #2803, #1044, #1722, .T. ) ;
#3748 = STYLED_ITEM ( 'NONE', ( #1831 ), #3597 ) ;
#3749 = CARTESIAN_POINT ( 'NONE',  ( -0.05373796110358478734, 0.02000000000000000042, 0.009999999999999995004 ) ) ;
#3750 = SURFACE_SIDE_STYLE ('',( #1820 ) ) ;
#3751 = CARTESIAN_POINT ( 'NONE',  ( -0.01177160568434188273, -0.003813848706247725123, 0.06841209017634598821 ) ) ;
#3752 = MECHANICAL_DESIGN_GEOMETRIC_PRESENTATION_REPRESENTATION (  '', ( #3908 ), #588 ) ;
#3753 = VERTEX_POINT ( 'NONE', #2752 ) ;
#3754 = FACE_OUTER_BOUND ( 'NONE', #1034, .T. ) ;
#3755 = CARTESIAN_POINT ( 'NONE',  ( -0.009848450530648998613, -0.008551525306437926174, 0.06840709017634598321 ) ) ;
#3756 = EDGE_CURVE ( 'NONE', #1305, #2504, #1292, .T. ) ;
#3757 =( NAMED_UNIT ( * ) PLANE_ANGLE_UNIT ( ) SI_UNIT ( $, .RADIAN. ) );
#3758 = CARTESIAN_POINT ( 'NONE',  ( -0.02660748903173146274, -0.03011119384899940687, 0.06840709017634598321 ) ) ;
#3759 = ORIENTED_EDGE ( 'NONE', *, *, #2603, .T. ) ;
#3760 = CARTESIAN_POINT ( 'NONE',  ( 0.02747532939040167599, -0.006482959747617247567, 0.06841209017634597433 ) ) ;
#3761 = FILL_AREA_STYLE ('',( #4444 ) ) ;
#3762 = LENGTH_MEASURE_WITH_UNIT ( LENGTH_MEASURE( 0.02539999999999999897 ), #1884 );
#3763 = LENGTH_MEASURE_WITH_UNIT ( LENGTH_MEASURE( 0.02539999999999999897 ), #3187 );
#3764 = ORIENTED_EDGE ( 'NONE', *, *, #1104, .T. ) ;
#3765 = MECHANICAL_DESIGN_GEOMETRIC_PRESENTATION_REPRESENTATION (  '', ( #687 ), #3921 ) ;
#3766 =( CONVERSION_BASED_UNIT ( 'INCH', #1128 ) LENGTH_UNIT ( ) NAMED_UNIT ( #4159 ) );
#3767 = APPLICATION_CONTEXT ( 'automotive_design' ) ;
#3768 = CARTESIAN_POINT ( 'NONE',  ( -0.06415338570894128789, 0.02000000000000000389, 0.03691209017634599493 ) ) ;
#3769 = FACE_OUTER_BOUND ( 'NONE', #3419, .T. ) ;
#3770 =( GEOMETRIC_REPRESENTATION_CONTEXT ( 3 ) GLOBAL_UNCERTAINTY_ASSIGNED_CONTEXT ( ( #3375 ) ) GLOBAL_UNIT_ASSIGNED_CONTEXT ( ( #387, #1874, #3727 ) ) REPRESENTATION_CONTEXT ( 'NONE', 'WORKASPACE' ) );
#3771 = CARTESIAN_POINT ( 'NONE',  ( 0.01401105539533894183, 0.003684976581060697351, 0.06841209017634598821 ) ) ;
#3772 =( LENGTH_UNIT ( ) NAMED_UNIT ( * ) SI_UNIT ( $, .METRE. ) );
#3773 = CIRCLE ( 'NONE', #3298, 0.005000000000000000104 ) ;
#3774 =( NAMED_UNIT ( * ) PLANE_ANGLE_UNIT ( ) SI_UNIT ( $, .RADIAN. ) );
#3775 = CARTESIAN_POINT ( 'NONE',  ( -0.05915338570894129039, 0.02000000000000000042, 0.0000000000000000000 ) ) ;
#3776 = ADVANCED_FACE ( 'NONE', ( #2029 ), #4652, .F. ) ;
#3777 = ORIENTED_EDGE ( 'NONE', *, *, #1566, .F. ) ;
#3778 = CARTESIAN_POINT ( 'NONE',  ( 0.01400982722618875076, -0.003049761990129130820, 0.06841209017634598821 ) ) ;
#3779 = VECTOR ( 'NONE', #2125, 39.37007874015748143 ) ;
#3780 = UNCERTAINTY_MEASURE_WITH_UNIT (LENGTH_MEASURE( 1.000000000000000082E-05 ), #2690, 'distance_accuracy_value', 'NONE');
#3781 = LINE ( 'NONE', #4134, #3603 ) ;
#3782 = EDGE_CURVE ( 'NONE', #511, #4702, #4460, .T. ) ;
#3783 = ORIENTED_EDGE ( 'NONE', *, *, #2858, .T. ) ;
#3784 =( LENGTH_UNIT ( ) NAMED_UNIT ( * ) SI_UNIT ( $, .METRE. ) );
#3785 = CARTESIAN_POINT ( 'NONE',  ( -0.01977528961917964997, -0.01129550924801431960, 0.06841209017634597433 ) ) ;
#3786 = VECTOR ( 'NONE', #2653, 39.37007874015748143 ) ;
#3787 = CARTESIAN_POINT ( 'NONE',  ( 0.02756870356909430636, -0.01061221616912808724, 0.06841209017634598821 ) ) ;
#3788 = CARTESIAN_POINT ( 'NONE',  ( -0.009528015940752140173, 0.01281776187067535343, 0.06841209017634598821 ) ) ;
#3789 = PRESENTATION_LAYER_ASSIGNMENT (  '', '', ( #1871 ) ) ;
#3790 = ORIENTED_EDGE ( 'NONE', *, *, #401, .T. ) ;
#3791 = FACE_OUTER_BOUND ( 'NONE', #2283, .T. ) ;
#3792 = DIRECTION ( 'NONE',  ( 0.4966865118376844190, 0.8679300138597084713, 0.0000000000000000000 ) ) ;
#3793 = CARTESIAN_POINT ( 'NONE',  ( 0.02677922896955925794, 0.008397950965118526276, 0.06841209017634598821 ) ) ;
#3794 = ORIENTED_EDGE ( 'NONE', *, *, #2637, .T. ) ;
#3795 = PRESENTATION_STYLE_ASSIGNMENT (( #2275 ) ) ;
#3796 = CARTESIAN_POINT ( 'NONE',  ( 0.01466679569741140970, 0.007237827968957110357, 0.06841209017634598821 ) ) ;
#3797 = CARTESIAN_POINT ( 'NONE',  ( -0.009558238021080456975, -0.005839237404303545230, 0.06841209017634598821 ) ) ;
#3798 = SURFACE_STYLE_FILL_AREA ( #780 ) ;
#3799 = PRESENTATION_STYLE_ASSIGNMENT (( #2180 ) ) ;
#3800 = ORIENTED_EDGE ( 'NONE', *, *, #2667, .T. ) ;
#3801 = CARTESIAN_POINT ( 'NONE',  ( 0.01987180923170612720, 0.01028894023130966402, 0.06840709017634598321 ) ) ;
#3802 = DIRECTION ( 'NONE',  ( 0.4966865118376844190, 0.8679300138597084713, 0.0000000000000000000 ) ) ;
#3803 = VECTOR ( 'NONE', #4282, 39.37007874015748143 ) ;
#3804 = ORIENTED_EDGE ( 'NONE', *, *, #2372, .F. ) ;
#3805 = MECHANICAL_DESIGN_GEOMETRIC_PRESENTATION_REPRESENTATION (  '', ( #4048 ), #3834 ) ;
#3806 = FILL_AREA_STYLE_COLOUR ( '', #350 ) ;
#3807 = EDGE_CURVE ( 'NONE', #1182, #592, #1611, .T. ) ;
#3808 = DIRECTION ( 'NONE',  ( 0.0000000000000000000, 0.0000000000000000000, 1.000000000000000000 ) ) ;
#3809 = CARTESIAN_POINT ( 'NONE',  ( 0.01491359888177215369, 0.007955271172357253340, 0.06840709017634598321 ) ) ;
#3810 = ORIENTED_EDGE ( 'NONE', *, *, #4261, .T. ) ;
#3811 = DIRECTION ( 'NONE',  ( -1.000000000000000000, 0.0000000000000000000, 0.0000000000000000000 ) ) ;
#3812 = EDGE_CURVE ( 'NONE', #1385, #1168, #1262, .T. ) ;
#3813 = CARTESIAN_POINT ( 'NONE',  ( 0.02824744924220130154, -0.003851537649580962733, 0.06841209017634598821 ) ) ;
#3814 = CARTESIAN_POINT ( 'NONE',  ( 0.02766649527719658441, -0.005967294219068238099, 0.06840709017634598321 ) ) ;
#3815 = ORIENTED_EDGE ( 'NONE', *, *, #1890, .T. ) ;
#3816 = CARTESIAN_POINT ( 'NONE',  ( 0.02813952383545203009, 0.02963952383545203489, 0.006412090176345995596 ) ) ;
#3817 = CARTESIAN_POINT ( 'NONE',  ( 0.01658056908690719658, 0.01083517347141429131, 0.06841209017634598821 ) ) ;
#3818 = DIRECTION ( 'NONE',  ( -0.0000000000000000000, 0.0000000000000000000, 1.000000000000000000 ) ) ;
#3819 = SURFACE_STYLE_USAGE ( .BOTH. , #928 ) ;
#3820 = CARTESIAN_POINT ( 'NONE',  ( 0.03500824207206837402, -0.01175655703958105799, 0.06840709017634598321 ) ) ;
#3821 = CARTESIAN_POINT ( 'NONE',  ( 0.01730298687546078309, -0.006940673107018988791, 0.06840709017634601097 ) ) ;
#3822 = CARTESIAN_POINT ( 'NONE',  ( 0.02313286350957342516, -0.01022494660900773525, 0.06840709017634598321 ) ) ;
#3823 = ORIENTED_EDGE ( 'NONE', *, *, #1136, .T. ) ;
#3824 =( NAMED_UNIT ( * ) PLANE_ANGLE_UNIT ( ) SI_UNIT ( $, .RADIAN. ) );
#3825 = FILL_AREA_STYLE ('',( #3180 ) ) ;
#3826 = CARTESIAN_POINT ( 'NONE',  ( 0.01942026845404061161, 0.01292147199221943717, 0.06840709017634598321 ) ) ;
#3827 = PRESENTATION_STYLE_ASSIGNMENT (( #4610 ) ) ;
#3828 = COLOUR_RGB ( '',0.7921568627450980005, 0.8196078431372548767, 0.9333333333333333481 ) ;
#3829 = VERTEX_POINT ( 'NONE', #734 ) ;
#3830 = FILL_AREA_STYLE_COLOUR ( '', #3892 ) ;
#3831 = EDGE_CURVE ( 'NONE', #3539, #3393, #3332, .T. ) ;
#3832 = FILL_AREA_STYLE ('',( #4589 ) ) ;
#3833 = LINE ( 'NONE', #452, #1873 ) ;
#3834 =( GEOMETRIC_REPRESENTATION_CONTEXT ( 3 ) GLOBAL_UNCERTAINTY_ASSIGNED_CONTEXT ( ( #2116 ) ) GLOBAL_UNIT_ASSIGNED_CONTEXT ( ( #3222, #354, #15 ) ) REPRESENTATION_CONTEXT ( 'NONE', 'WORKASPACE' ) );
#3835 = LINE ( 'NONE', #3475, #2270 ) ;
#3836 = CARTESIAN_POINT ( 'NONE',  ( 0.0000000000000000000, 0.0000000000000000000, 0.006412090176345995596 ) ) ;
#3837 = ADVANCED_FACE ( 'NONE', ( #3754 ), #363, .F. ) ;
#3838 = FILL_AREA_STYLE ('',( #2318 ) ) ;
#3839 = VECTOR ( 'NONE', #4771, 39.37007874015748143 ) ;
#3840 = STYLED_ITEM ( 'NONE', ( #332 ), #31 ) ;
#3841 = CARTESIAN_POINT ( 'NONE',  ( -0.009534563660113026112, -0.004975852433648991942, 0.06841209017634598821 ) ) ;
#3842 =( NAMED_UNIT ( * ) SI_UNIT ( $, .STERADIAN. ) SOLID_ANGLE_UNIT ( ) );
#3843 = DIRECTION ( 'NONE',  ( 0.0000000000000000000, -1.000000000000000000, 0.0000000000000000000 ) ) ;
#3844 = LINE ( 'NONE', #4578, #3170 ) ;
#3845 = CARTESIAN_POINT ( 'NONE',  ( 0.01708187385768783137, 0.007103148778093144704, 0.06840709017634598321 ) ) ;
#3846 = MECHANICAL_DESIGN_GEOMETRIC_PRESENTATION_REPRESENTATION (  '', ( #2730 ), #1774 ) ;
#3847 = CARTESIAN_POINT ( 'NONE',  ( 0.01668698702952842519, -0.005370401004681717161, 0.06840709017634599709 ) ) ;
#3848 =( LENGTH_UNIT ( ) NAMED_UNIT ( * ) SI_UNIT ( $, .METRE. ) );
#3849 = ORIENTED_EDGE ( 'NONE', *, *, #3452, .F. ) ;
#3850 =( CONVERSION_BASED_UNIT ( 'INCH', #3878 ) LENGTH_UNIT ( ) NAMED_UNIT ( #990 ) );
#3851 = PRESENTATION_LAYER_ASSIGNMENT (  '', '', ( #1162 ) ) ;
#3852 = DIRECTION ( 'NONE',  ( -0.0000000000000000000, -0.0000000000000000000, -1.000000000000000000 ) ) ;
#3853 = LINE ( 'NONE', #76, #1480 ) ;
#3854 = PRESENTATION_LAYER_ASSIGNMENT (  '', '', ( #2501 ) ) ;
#3855 = SURFACE_STYLE_USAGE ( .BOTH. , #1571 ) ;
#3856 = CARTESIAN_POINT ( 'NONE',  ( -0.03515338570894128989, 0.02000000000000000042, 0.004999999999999997502 ) ) ;
#3857 = ORIENTED_EDGE ( 'NONE', *, *, #2765, .F. ) ;
#3858 = SURFACE_SIDE_STYLE ('',( #1524 ) ) ;
#3859 =( GEOMETRIC_REPRESENTATION_CONTEXT ( 3 ) GLOBAL_UNCERTAINTY_ASSIGNED_CONTEXT ( ( #946 ) ) GLOBAL_UNIT_ASSIGNED_CONTEXT ( ( #534, #1172, #1336 ) ) REPRESENTATION_CONTEXT ( 'NONE', 'WORKASPACE' ) );
#3860 = ORIENTED_EDGE ( 'NONE', *, *, #1848, .F. ) ;
#3861 = DIMENSIONAL_EXPONENTS ( 1.000000000000000000, 0.0000000000000000000, 0.0000000000000000000, 0.0000000000000000000, 0.0000000000000000000, 0.0000000000000000000, 0.0000000000000000000 ) ;
#3862 =( NAMED_UNIT ( * ) PLANE_ANGLE_UNIT ( ) SI_UNIT ( $, .RADIAN. ) );
#3863 = LENGTH_MEASURE_WITH_UNIT ( LENGTH_MEASURE( 0.02539999999999999897 ), #1302 );
#3864 = ADVANCED_FACE ( 'NONE', ( #1278 ), #1211, .F. ) ;
#3865 = CARTESIAN_POINT ( 'NONE',  ( 0.02855933663455862553, -0.001444600494972588184, 0.06840709017634598321 ) ) ;
#3866 = VERTEX_POINT ( 'NONE', #3478 ) ;
#3867 =( CONVERSION_BASED_UNIT ( 'INCH', #2317 ) LENGTH_UNIT ( ) NAMED_UNIT ( #1687 ) );
#3868 = CARTESIAN_POINT ( 'NONE',  ( 0.02106580993603281160, 0.01338068792278174386, 0.06841209017634598821 ) ) ;
#3869 = EDGE_CURVE ( 'NONE', #1066, #3125, #1057, .T. ) ;
#3870 = FILL_AREA_STYLE_COLOUR ( '', #2572 ) ;
#3871 = CARTESIAN_POINT ( 'NONE',  ( -0.01213414198538863113, -0.007998060177165183110, 0.06841209017634596046 ) ) ;
#3872 = CARTESIAN_POINT ( 'NONE',  ( 0.01611381360766793447, 0.0006533574660501806786, 0.06840709017634598321 ) ) ;
#3873 = ADVANCED_FACE ( 'NONE', ( #2343 ), #873, .F. ) ;
#3874 = LINE ( 'NONE', #1567, #4256 ) ;
#3875 = UNCERTAINTY_MEASURE_WITH_UNIT (LENGTH_MEASURE( 1.000000000000000082E-05 ), #4305, 'distance_accuracy_value', 'NONE');
#3876 = CARTESIAN_POINT ( 'NONE',  ( -0.05761119384899940354, 0.03011119384899940687, 0.06840709017634598321 ) ) ;
#3877 = ORIENTED_EDGE ( 'NONE', *, *, #1280, .F. ) ;
#3878 = LENGTH_MEASURE_WITH_UNIT ( LENGTH_MEASURE( 0.02539999999999999897 ), #1176 );
#3879 = DIRECTION ( 'NONE',  ( 1.000000000000000000, 0.0000000000000000000, 0.0000000000000000000 ) ) ;
#3880 = FACE_OUTER_BOUND ( 'NONE', #3706, .T. ) ;
#3881 =( GEOMETRIC_REPRESENTATION_CONTEXT ( 3 ) GLOBAL_UNCERTAINTY_ASSIGNED_CONTEXT ( ( #1660 ) ) GLOBAL_UNIT_ASSIGNED_CONTEXT ( ( #3717, #2264, #1053 ) ) REPRESENTATION_CONTEXT ( 'NONE', 'WORKASPACE' ) );
#3882 = FILL_AREA_STYLE_COLOUR ( '', #367 ) ;
#3883 = FILL_AREA_STYLE_COLOUR ( '', #381 ) ;
#3884 =( GEOMETRIC_REPRESENTATION_CONTEXT ( 3 ) GLOBAL_UNCERTAINTY_ASSIGNED_CONTEXT ( ( #2365 ) ) GLOBAL_UNIT_ASSIGNED_CONTEXT ( ( #3052, #2666, #3919 ) ) REPRESENTATION_CONTEXT ( 'NONE', 'WORKASPACE' ) );
#3885 = ORIENTED_EDGE ( 'NONE', *, *, #787, .T. ) ;
#3886 = ORIENTED_EDGE ( 'NONE', *, *, #3899, .F. ) ;
#3887 = DIRECTION ( 'NONE',  ( 0.0000000000000000000, 0.0000000000000000000, 1.000000000000000000 ) ) ;
#3888 = CARTESIAN_POINT ( 'NONE',  ( 0.03085199302292679704, 0.0006917342960236100855, 0.06840709017634598321 ) ) ;
#3889 = SURFACE_SIDE_STYLE ('',( #2783 ) ) ;
#3890 = CARTESIAN_POINT ( 'NONE',  ( -0.05713952383545203850, 0.02963952383545203489, 0.006412090176345995596 ) ) ;
#3891 = DIMENSIONAL_EXPONENTS ( 1.000000000000000000, 0.0000000000000000000, 0.0000000000000000000, 0.0000000000000000000, 0.0000000000000000000, 0.0000000000000000000, 0.0000000000000000000 ) ;
#3892 = COLOUR_RGB ( '',0.6666666666666666297, 0.6980392156862744724, 0.7686274509803920907 ) ;
#3893 = CARTESIAN_POINT ( 'NONE',  ( 0.02860907977718111367, 0.0006182445315185129036, 0.06840709017634598321 ) ) ;
#3894 = EDGE_CURVE ( 'NONE', #1721, #1850, #2463, .T. ) ;
#3895 = DIRECTION ( 'NONE',  ( 0.0000000000000000000, 0.0000000000000000000, 1.000000000000000000 ) ) ;
#3896 = CARTESIAN_POINT ( 'NONE',  ( 0.03694634303360683908, -0.01282326377035029018, 0.06840709017634598321 ) ) ;
#3897 =( CONVERSION_BASED_UNIT ( 'INCH', #881 ) LENGTH_UNIT ( ) NAMED_UNIT ( #3486 ) );
#3898 = ORIENTED_EDGE ( 'NONE', *, *, #2372, .T. ) ;
#3899 = EDGE_CURVE ( 'NONE', #3585, #487, #2141, .T. ) ;
#3900 = STYLED_ITEM ( 'NONE', ( #4276 ), #4213 ) ;
#3901 = PLANE ( 'NONE',  #223 ) ;
#3902 = PRESENTATION_STYLE_ASSIGNMENT (( #3131 ) ) ;
#3903 = PRESENTATION_STYLE_ASSIGNMENT (( #566 ) ) ;
#3904 = CARTESIAN_POINT ( 'NONE',  ( 0.02942296822024539904, 0.008518101138052897384, 0.06841209017634597433 ) ) ;
#3905 = EDGE_LOOP ( 'NONE', ( #617, #2719, #4274, #1606 ) ) ;
#3906 = SURFACE_STYLE_FILL_AREA ( #1008 ) ;
#3907 = ORIENTED_EDGE ( 'NONE', *, *, #3286, .F. ) ;
#3908 = STYLED_ITEM ( 'NONE', ( #3420 ), #3659 ) ;
#3909 = CARTESIAN_POINT ( 'NONE',  ( 0.05873796110358477790, -0.02000000000000000042, 0.03691209017634599493 ) ) ;
#3910 = UNCERTAINTY_MEASURE_WITH_UNIT (LENGTH_MEASURE( 1.000000000000000082E-05 ), #4367, 'distance_accuracy_value', 'NONE');
#3911 = CARTESIAN_POINT ( 'NONE',  ( 0.01583493348294347583, 0.009806305719897979306, 0.06841209017634598821 ) ) ;
#3912 = ORIENTED_EDGE ( 'NONE', *, *, #2637, .F. ) ;
#3913 = LENGTH_MEASURE_WITH_UNIT ( LENGTH_MEASURE( 0.02539999999999999897 ), #1209 );
#3914 =( LENGTH_UNIT ( ) NAMED_UNIT ( * ) SI_UNIT ( $, .METRE. ) );
#3915 = CARTESIAN_POINT ( 'NONE',  ( 0.03001106409559815141, -0.006455816153844920816, 0.06841209017634601597 ) ) ;
#3916 =( LENGTH_UNIT ( ) NAMED_UNIT ( * ) SI_UNIT ( $, .METRE. ) );
#3917 = CARTESIAN_POINT ( 'NONE',  ( 0.02857200638106201229, 0.002066896998966399977, 0.06841209017634602985 ) ) ;
#3918 = PLANE ( 'NONE',  #4787 ) ;
#3919 =( NAMED_UNIT ( * ) SI_UNIT ( $, .STERADIAN. ) SOLID_ANGLE_UNIT ( ) );
#3920 = ORIENTED_EDGE ( 'NONE', *, *, #3235, .T. ) ;
#3921 =( GEOMETRIC_REPRESENTATION_CONTEXT ( 3 ) GLOBAL_UNCERTAINTY_ASSIGNED_CONTEXT ( ( #368 ) ) GLOBAL_UNIT_ASSIGNED_CONTEXT ( ( #164, #2004, #1654 ) ) REPRESENTATION_CONTEXT ( 'NONE', 'WORKASPACE' ) );
#3922 = SURFACE_STYLE_USAGE ( .BOTH. , #1997 ) ;
#3923 = LENGTH_MEASURE_WITH_UNIT ( LENGTH_MEASURE( 0.02539999999999999897 ), #4599 );
#3924 = EDGE_CURVE ( 'NONE', #4694, #1697, #1759, .T. ) ;
#3925 = DIMENSIONAL_EXPONENTS ( 1.000000000000000000, 0.0000000000000000000, 0.0000000000000000000, 0.0000000000000000000, 0.0000000000000000000, 0.0000000000000000000, 0.0000000000000000000 ) ;
#3926 = DIRECTION ( 'NONE',  ( 1.000000000000000000, 0.0000000000000000000, 0.0000000000000000000 ) ) ;
#3927 = ORIENTED_EDGE ( 'NONE', *, *, #4179, .F. ) ;
#3928 = SURFACE_SIDE_STYLE ('',( #2398 ) ) ;
#3929 = MECHANICAL_DESIGN_GEOMETRIC_PRESENTATION_REPRESENTATION (  '', ( #453 ), #3461 ) ;
#3930 = CARTESIAN_POINT ( 'NONE',  ( -0.02006487491511111526, -0.008015571462657982219, 0.06841209017634598821 ) ) ;
#3931 = EDGE_CURVE ( 'NONE', #568, #793, #4016, .T. ) ;
#3932 = MECHANICAL_DESIGN_GEOMETRIC_PRESENTATION_REPRESENTATION (  '', ( #2019 ), #2969 ) ;
#3933 = ORIENTED_EDGE ( 'NONE', *, *, #2672, .F. ) ;
#3934 = SURFACE_SIDE_STYLE ('',( #2857 ) ) ;
#3935 = VERTEX_POINT ( 'NONE', #173 ) ;
#3936 =( CONVERSION_BASED_UNIT ( 'INCH', #498 ) LENGTH_UNIT ( ) NAMED_UNIT ( #2744 ) );
#3937 = VECTOR ( 'NONE', #576, 39.37007874015748143 ) ;
#3938 = FILL_AREA_STYLE_COLOUR ( '', #4100 ) ;
#3939 = PRESENTATION_STYLE_ASSIGNMENT (( #994 ) ) ;
#3940 = COLOUR_RGB ( '',0.7921568627450980005, 0.8196078431372548767, 0.9333333333333333481 ) ;
#3941 = SURFACE_STYLE_FILL_AREA ( #2412 ) ;
#3942 = PRESENTATION_STYLE_ASSIGNMENT (( #2837 ) ) ;
#3943 = STYLED_ITEM ( 'NONE', ( #693 ), #2156 ) ;
#3944 = CARTESIAN_POINT ( 'NONE',  ( 0.02912320194822377167, -0.008497628173876659724, 0.06840709017634598321 ) ) ;
#3945 = DIRECTION ( 'NONE',  ( 0.0000000000000000000, -0.0000000000000000000, 1.000000000000000000 ) ) ;
#3946 =( NAMED_UNIT ( * ) SI_UNIT ( $, .STERADIAN. ) SOLID_ANGLE_UNIT ( ) );
#3947 = CARTESIAN_POINT ( 'NONE',  ( 0.01552148588484135623, -0.008616701712502361846, 0.06840709017634599709 ) ) ;
#3948 = VECTOR ( 'NONE', #3743, 39.37007874015748854 ) ;
#3949 = DIRECTION ( 'NONE',  ( 1.000000000000000000, 0.0000000000000000000, 0.0000000000000000000 ) ) ;
#3950 = FACE_OUTER_BOUND ( 'NONE', #409, .T. ) ;
#3951 = DIRECTION ( 'NONE',  ( -0.0000000000000000000, -0.0000000000000000000, 1.000000000000000000 ) ) ;
#3952 = ORIENTED_EDGE ( 'NONE', *, *, #3756, .T. ) ;
#3953 = DIRECTION ( 'NONE',  ( 0.0000000000000000000, -1.000000000000000000, 0.0000000000000000000 ) ) ;
#3954 = SURFACE_STYLE_FILL_AREA ( #1613 ) ;
#3955 = ORIENTED_EDGE ( 'NONE', *, *, #4644, .F. ) ;
#3956 = CYLINDRICAL_SURFACE ( 'NONE', #3102, 0.005000000000000000104 ) ;
#3957 = VERTEX_POINT ( 'NONE', #1662 ) ;
#3958 = DIMENSIONAL_EXPONENTS ( 1.000000000000000000, 0.0000000000000000000, 0.0000000000000000000, 0.0000000000000000000, 0.0000000000000000000, 0.0000000000000000000, 0.0000000000000000000 ) ;
#3959 = DIRECTION ( 'NONE',  ( 0.8898870177566434725, -0.4561809899899242349, 0.0000000000000000000 ) ) ;
#3960 = UNCERTAINTY_MEASURE_WITH_UNIT (LENGTH_MEASURE( 1.000000000000000082E-05 ), #1331, 'distance_accuracy_value', 'NONE');
#3961 = DIRECTION ( 'NONE',  ( -0.0000000000000000000, 1.000000000000000000, -0.0000000000000000000 ) ) ;
#3962 = B_SPLINE_SURFACE_WITH_KNOTS ( 'NONE', 3, 1, ( 
 ( #4839, #2533 ),
 ( #995, #225 ),
 ( #3670, #707 ),
 ( #3243, #4449 ),
 ( #2200, #2916 ),
 ( #651, #3721 ),
 ( #2143, #1447 ),
 ( #1374, #4426 ),
 ( #325, #1015 ),
 ( #251, #1814 ),
 ( #2170, #4359 ),
 ( #276, #3268 ),
 ( #974, #1761 ),
 ( #3293, #2464 ),
 ( #2866, #4019 ),
 ( #4784, #1400 ),
 ( #631, #4072 ),
 ( #677, #3988 ),
 ( #302, #601 ),
 ( #2092, #3619 ),
 ( #1709, #4732 ),
 ( #1351, #3428 ),
 ( #725, #2245 ) ),
 .UNSPECIFIED., .F., .F., .F.,
 ( 4, 1, 1, 1, 1, 1, 1, 1, 1, 1, 1, 1, 1, 1, 1, 1, 1, 1, 1, 1, 4 ),
 ( 2, 2 ),
 ( 0.0000000000000000000, 0.07295106587586655533, 0.1415836941865451504, 0.2059264601708671039, 0.2653013571846054575, 0.3205972327139282596, 0.3718165030988103137, 0.4187897697094520311, 0.4616987286157646087, 0.5021335821035656233, 0.5408043152926481634, 0.5781805253279663770, 0.6142968652075146974, 0.6496782432647875138, 0.6842994600896377122, 0.7183589527723607260, 0.7520808646475967141, 0.8176524386023855673, 0.8797220764054375364, 0.9399655597309878319, 1.000000000000000000 ),
 ( 0.0000000000000000000, 1.000000000000000000 ),
 .UNSPECIFIED. ) ;
#3963 = CARTESIAN_POINT ( 'NONE',  ( 0.01987180923170612720, 0.01028894023130966402, 0.06841209017634594658 ) ) ;
#3964 = VECTOR ( 'NONE', #2230, 39.37007874015748143 ) ;
#3965 = ADVANCED_FACE ( 'NONE', ( #2810 ), #2587, .T. ) ;
#3966 = PRESENTATION_STYLE_ASSIGNMENT (( #1990 ) ) ;
#3967 = CARTESIAN_POINT ( 'NONE',  ( 0.03058753875307297643, -0.003907629446942817095, 0.06840709017634601097 ) ) ;
#3968 = FILL_AREA_STYLE_COLOUR ( '', #2802 ) ;
#3969 = CARTESIAN_POINT ( 'NONE',  ( 0.02849612370611916828, 0.002884523862603196286, 0.06840709017634598321 ) ) ;
#3970 = CARTESIAN_POINT ( 'NONE',  ( 0.01841094944627733390, -0.01177101844847715413, 0.06840709017634598321 ) ) ;
#3971 =( NAMED_UNIT ( * ) PLANE_ANGLE_UNIT ( ) SI_UNIT ( $, .RADIAN. ) );
#3972 = FILL_AREA_STYLE_COLOUR ( '', #4450 ) ;
#3973 = VECTOR ( 'NONE', #3064, 39.37007874015748143 ) ;
#3974 = CARTESIAN_POINT ( 'NONE',  ( 0.01686909430000703772, -0.005938885366856933370, 0.06841209017634600209 ) ) ;
#3975 = LINE ( 'NONE', #1695, #2184 ) ;
#3976 = DIRECTION ( 'NONE',  ( 0.0000000000000000000, -0.0000000000000000000, 1.000000000000000000 ) ) ;
#3977 = CARTESIAN_POINT ( 'NONE',  ( 0.05900000000000001771, -0.03150000000000000022, 0.04191209017634599243 ) ) ;
#3978 = ORIENTED_EDGE ( 'NONE', *, *, #94, .F. ) ;
#3979 = EDGE_LOOP ( 'NONE', ( #2774, #2989, #1588, #3685 ) ) ;
#3980 = AXIS2_PLACEMENT_3D ( 'NONE', #790, #2696, #4227 ) ;
#3981 = MECHANICAL_DESIGN_GEOMETRIC_PRESENTATION_REPRESENTATION (  '', ( #3587 ), #2467 ) ;
#3982 = FILL_AREA_STYLE ('',( #1395 ) ) ;
#3983 = EDGE_CURVE ( 'NONE', #3488, #4350, #2961, .T. ) ;
#3984 = CARTESIAN_POINT ( 'NONE',  ( 0.02147289713434224340, 0.01085112751366110358, 0.06841209017634598821 ) ) ;
#3985 = ORIENTED_EDGE ( 'NONE', *, *, #4290, .F. ) ;
#3986 = CARTESIAN_POINT ( 'NONE',  ( 0.01755686201662892340, 0.008037578270597861910, 0.06841209017634596046 ) ) ;
#3987 = DIMENSIONAL_EXPONENTS ( 1.000000000000000000, 0.0000000000000000000, 0.0000000000000000000, 0.0000000000000000000, 0.0000000000000000000, 0.0000000000000000000, 0.0000000000000000000 ) ;
#3988 = CARTESIAN_POINT ( 'NONE',  ( 0.01924759060838733896, -0.009258875803948459632, 0.06841209017634598821 ) ) ;
#3989 = CARTESIAN_POINT ( 'NONE',  ( 0.03022999497289649562, -0.005663358499091867941, 0.06841209017634602985 ) ) ;
#3990 =( NAMED_UNIT ( * ) SI_UNIT ( $, .STERADIAN. ) SOLID_ANGLE_UNIT ( ) );
#3991 = ADVANCED_FACE ( 'NONE', ( #724 ), #4119, .F. ) ;
#3992 = CARTESIAN_POINT ( 'NONE',  ( 0.01521169407006952613, -0.007996397351862308961, 0.06841209017634598821 ) ) ;
#3993 = LINE ( 'NONE', #4735, #2484 ) ;
#3994 = CARTESIAN_POINT ( 'NONE',  ( 0.01640659504783627959, -0.004051494431975013154, 0.06841209017634598821 ) ) ;
#3995 = PRESENTATION_LAYER_ASSIGNMENT (  '', '', ( #1919 ) ) ;
#3996 = LINE ( 'NONE', #3200, #3388 ) ;
#3997 = CARTESIAN_POINT ( 'NONE',  ( -0.05761119384899940354, 0.03011119384899940687, 0.06841209017634598821 ) ) ;
#3998 = MECHANICAL_DESIGN_GEOMETRIC_PRESENTATION_REPRESENTATION (  '', ( #2327 ), #2888 ) ;
#3999 = CARTESIAN_POINT ( 'NONE',  ( 0.02612042305983034579, 0.01239353303022095593, 0.06841209017634598821 ) ) ;
#4000 = DIRECTION ( 'NONE',  ( 0.0000000000000000000, 0.0000000000000000000, 1.000000000000000000 ) ) ;
#4001 = CARTESIAN_POINT ( 'NONE',  ( -0.009528015940752140173, -0.004064249347273366127, 0.06840709017634598321 ) ) ;
#4002 =( GEOMETRIC_REPRESENTATION_CONTEXT ( 3 ) GLOBAL_UNCERTAINTY_ASSIGNED_CONTEXT ( ( #1632 ) ) GLOBAL_UNIT_ASSIGNED_CONTEXT ( ( #3361, #1462, #1433 ) ) REPRESENTATION_CONTEXT ( 'NONE', 'WORKASPACE' ) );
#4003 = CLOSED_SHELL ( 'NONE', ( #3776, #2769, #4092, #235, #3048, #603 ) ) ;
#4004 = CARTESIAN_POINT ( 'NONE',  ( 0.02813952383545203009, 0.02963952383545203489, 0.005412090176345997310 ) ) ;
#4005 = LINE ( 'NONE', #3582, #4090 ) ;
#4006 = DIRECTION ( 'NONE',  ( 0.0000000000000000000, 0.0000000000000000000, -1.000000000000000000 ) ) ;
#4007 = ORIENTED_EDGE ( 'NONE', *, *, #2338, .F. ) ;
#4008 =( CONVERSION_BASED_UNIT ( 'INCH', #2081 ) LENGTH_UNIT ( ) NAMED_UNIT ( #4272 ) );
#4009 = DIRECTION ( 'NONE',  ( -1.000000000000000000, 0.0000000000000000000, 0.0000000000000000000 ) ) ;
#4010 = CARTESIAN_POINT ( 'NONE',  ( 0.03085659944386324322, 0.0003077458450343269658, 0.06841209017634598821 ) ) ;
#4011 = AXIS2_PLACEMENT_3D ( 'NONE', #315, #265, #2452 ) ;
#4012 = UNCERTAINTY_MEASURE_WITH_UNIT (LENGTH_MEASURE( 1.000000000000000082E-05 ), #1003, 'distance_accuracy_value', 'NONE');
#4013 = CARTESIAN_POINT ( 'NONE',  ( 0.01877104665180290635, 0.009522578203405566988, 0.06841209017634600209 ) ) ;
#4014 = EDGE_LOOP ( 'NONE', ( #1072, #3702, #4773, #3952 ) ) ;
#4015 = CARTESIAN_POINT ( 'NONE',  ( 0.01654079323314227787, 0.005389103253464083178, 0.06840709017634598321 ) ) ;
#4016 = LINE ( 'NONE', #4781, #2475 ) ;
#4017 = MECHANICAL_DESIGN_GEOMETRIC_PRESENTATION_REPRESENTATION (  '', ( #623 ), #2265 ) ;
#4018 = EDGE_CURVE ( 'NONE', #892, #4394, #451, .T. ) ;
#4019 = CARTESIAN_POINT ( 'NONE',  ( 0.01811509356608144439, -0.008196328170467323537, 0.06841209017634598821 ) ) ;
#4020 = APPLICATION_CONTEXT ( 'automotive_design' ) ;
#4021 = CARTESIAN_POINT ( 'NONE',  ( 0.02282241101264536817, -0.01281460792868953369, 0.06840709017634601097 ) ) ;
#4022 = PRESENTATION_STYLE_ASSIGNMENT (( #4313 ) ) ;
#4023 = VECTOR ( 'NONE', #747, 39.37007874015748143 ) ;
#4024 = CARTESIAN_POINT ( 'NONE',  ( 0.01492852627958004413, -0.007329840847040179977, 0.06840709017634598321 ) ) ;
#4025 = PRESENTATION_STYLE_ASSIGNMENT (( #4124 ) ) ;
#4026 = ADVANCED_FACE ( 'NONE', ( #4216 ), #1959, .F. ) ;
#4027 = COLOUR_RGB ( '',0.7921568627450980005, 0.8196078431372548767, 0.9333333333333333481 ) ;
#4028 = CARTESIAN_POINT ( 'NONE',  ( 0.01877256387593583681, -0.008875112553737959237, 0.06841209017634598821 ) ) ;
#4029 = DIRECTION ( 'NONE',  ( 1.000000000000000000, 0.0000000000000000000, -0.0000000000000000000 ) ) ;
#4030 = PRESENTATION_LAYER_ASSIGNMENT (  '', '', ( #1323 ) ) ;
#4031 =( NAMED_UNIT ( * ) SI_UNIT ( $, .STERADIAN. ) SOLID_ANGLE_UNIT ( ) );
#4032 = SURFACE_STYLE_USAGE ( .BOTH. , #283 ) ;
#4033 = PRESENTATION_LAYER_ASSIGNMENT (  '', '', ( #1173 ) ) ;
#4034 = ORIENTED_EDGE ( 'NONE', *, *, #1014, .T. ) ;
#4035 = CARTESIAN_POINT ( 'NONE',  ( -0.05761119384899940354, 0.03011119384899940687, 0.06841209017634598821 ) ) ;
#4036 = EDGE_CURVE ( 'NONE', #1305, #4165, #101, .T. ) ;
#4037 = DIRECTION ( 'NONE',  ( -0.0000000000000000000, -0.0000000000000000000, 1.000000000000000000 ) ) ;
#4038 = VERTEX_POINT ( 'NONE', #520 ) ;
#4039 = CARTESIAN_POINT ( 'NONE',  ( -0.02138699029972649865, -0.009938648385734903667, 0.06840709017634598321 ) ) ;
#4040 = CARTESIAN_POINT ( 'NONE',  ( -0.009528015940752140173, 0.01281776187067535343, 0.06840709017634598321 ) ) ;
#4041 =( NAMED_UNIT ( * ) PLANE_ANGLE_UNIT ( ) SI_UNIT ( $, .RADIAN. ) );
#4042 = ORIENTED_EDGE ( 'NONE', *, *, #3014, .T. ) ;
#4043 = CARTESIAN_POINT ( 'NONE',  ( 0.01877104665180290635, 0.009522578203405566988, 0.06840709017634599709 ) ) ;
#4044 = SURFACE_STYLE_FILL_AREA ( #3384 ) ;
#4045 =( GEOMETRIC_REPRESENTATION_CONTEXT ( 3 ) GLOBAL_UNCERTAINTY_ASSIGNED_CONTEXT ( ( #3960 ) ) GLOBAL_UNIT_ASSIGNED_CONTEXT ( ( #1331, #4289, #4066 ) ) REPRESENTATION_CONTEXT ( 'NONE', 'WORKASPACE' ) );
#4046 = CARTESIAN_POINT ( 'NONE',  ( 0.01942797780589498174, -0.01229593096675535464, 0.06841209017634598821 ) ) ;
#4047 = SURFACE_SIDE_STYLE ('',( #1019 ) ) ;
#4048 = STYLED_ITEM ( 'NONE', ( #255 ), #3080 ) ;
#4049 = FACE_OUTER_BOUND ( 'NONE', #1617, .T. ) ;
#4050 = CARTESIAN_POINT ( 'NONE',  ( -0.05713952383545203156, -0.02963952383545203489, 0.006412090176345995596 ) ) ;
#4051 = DIRECTION ( 'NONE',  ( -0.0000000000000000000, -0.0000000000000000000, -1.000000000000000000 ) ) ;
#4052 = CARTESIAN_POINT ( 'NONE',  ( 0.02838010346784297297, 0.01030238727692099794, 0.06841209017634598821 ) ) ;
#4053 = EDGE_CURVE ( 'NONE', #2260, #2481, #1985, .T. ) ;
#4054 = ORIENTED_EDGE ( 'NONE', *, *, #1079, .T. ) ;
#4055 = CARTESIAN_POINT ( 'NONE',  ( 0.02849612370611916828, 0.002884523862603196286, 0.06840709017634598321 ) ) ;
#4056 = CARTESIAN_POINT ( 'NONE',  ( 0.01841094944627733390, -0.01177101844847715413, 0.06841209017634598821 ) ) ;
#4057 = AXIS2_PLACEMENT_3D ( 'NONE', #4464, #1464, #2595 ) ;
#4058 = LINE ( 'NONE', #644, #1762 ) ;
#4059 = FILL_AREA_STYLE ('',( #3311 ) ) ;
#4060 = EDGE_CURVE ( 'NONE', #3495, #3734, #55, .T. ) ;
#4061 = ORIENTED_EDGE ( 'NONE', *, *, #1698, .F. ) ;
#4062 = SURFACE_STYLE_FILL_AREA ( #4137 ) ;
#4063 = PLANE ( 'NONE',  #4551 ) ;
#4064 = DIMENSIONAL_EXPONENTS ( 1.000000000000000000, 0.0000000000000000000, 0.0000000000000000000, 0.0000000000000000000, 0.0000000000000000000, 0.0000000000000000000, 0.0000000000000000000 ) ;
#4065 = CARTESIAN_POINT ( 'NONE',  ( 0.02766649527719658441, -0.005967294219068238099, 0.06840709017634598321 ) ) ;
#4066 =( NAMED_UNIT ( * ) SI_UNIT ( $, .STERADIAN. ) SOLID_ANGLE_UNIT ( ) );
#4067 =( CONVERSION_BASED_UNIT ( 'INCH', #4706 ) LENGTH_UNIT ( ) NAMED_UNIT ( #1718 ) );
#4068 = SURFACE_STYLE_USAGE ( .BOTH. , #721 ) ;
#4069 = ORIENTED_EDGE ( 'NONE', *, *, #4534, .T. ) ;
#4070 = CARTESIAN_POINT ( 'NONE',  ( 0.01621546410612680067, 0.003128649302724050094, 0.06841209017634594658 ) ) ;
#4071 = CARTESIAN_POINT ( 'NONE',  ( -0.01758749992229119083, -0.009571997790521088317, 0.06841209017634597433 ) ) ;
#4072 = CARTESIAN_POINT ( 'NONE',  ( 0.01877256387593583681, -0.008875112553737959237, 0.06841209017634598821 ) ) ;
#4073 = MECHANICAL_DESIGN_GEOMETRIC_PRESENTATION_REPRESENTATION (  '', ( #3900 ), #3100 ) ;
#4074 = CARTESIAN_POINT ( 'NONE',  ( 0.01466679569741140970, 0.007237827968957110357, 0.06840709017634598321 ) ) ;
#4075 = UNCERTAINTY_MEASURE_WITH_UNIT (LENGTH_MEASURE( 1.000000000000000082E-05 ), #1190, 'distance_accuracy_value', 'NONE');
#4076 = CARTESIAN_POINT ( 'NONE',  ( 0.02397766152798066694, 0.01327126614233325660, 0.06840709017634598321 ) ) ;
#4077 = PLANE ( 'NONE',  #2632 ) ;
#4078 = AXIS2_PLACEMENT_3D ( 'NONE', #161, #1634, #935 ) ;
#4079 = CARTESIAN_POINT ( 'NONE',  ( 0.05008736867463247505, 0.01281776187067535343, 0.06840709017634598321 ) ) ;
#4080 = CARTESIAN_POINT ( 'NONE',  ( -0.01213414198538863113, -0.007998060177165183110, 0.06841209017634598821 ) ) ;
#4081 = ORIENTED_EDGE ( 'NONE', *, *, #1753, .T. ) ;
#4082 = CARTESIAN_POINT ( 'NONE',  ( 0.02647925980480730218, 0.008812469128769500129, 0.06840709017634598321 ) ) ;
#4083 = CARTESIAN_POINT ( 'NONE',  ( -0.01087359518634915985, -0.01086491097361608378, 0.06840709017634598321 ) ) ;
#4084 = STYLED_ITEM ( 'NONE', ( #1912 ), #3197 ) ;
#4085 = CARTESIAN_POINT ( 'NONE',  ( -0.05373796110358478734, -0.02000000000000000042, 0.004999999999999997502 ) ) ;
#4086 = CARTESIAN_POINT ( 'NONE',  ( 0.02877841747618320803, -0.009091673121588376288, 0.06840709017634598321 ) ) ;
#4087 = ORIENTED_EDGE ( 'NONE', *, *, #2645, .T. ) ;
#4088 = FILL_AREA_STYLE ('',( #669 ) ) ;
#4089 = DIRECTION ( 'NONE',  ( -0.0000000000000000000, -0.0000000000000000000, 1.000000000000000000 ) ) ;
#4090 = VECTOR ( 'NONE', #186, 39.37007874015748143 ) ;
#4091 = MECHANICAL_DESIGN_GEOMETRIC_PRESENTATION_REPRESENTATION (  '', ( #689 ), #1382 ) ;
#4092 = ADVANCED_FACE ( 'NONE', ( #1256 ), #4286, .F. ) ;
#4093 = CARTESIAN_POINT ( 'NONE',  ( 0.02861016119177713091, 1.723060096096038705E-05, 0.06840709017634598321 ) ) ;
#4094 = FILL_AREA_STYLE ('',( #1033 ) ) ;
#4095 = ORIENTED_EDGE ( 'NONE', *, *, #541, .F. ) ;
#4096 = CARTESIAN_POINT ( 'NONE',  ( 0.05899999999999998995, -0.03150000000000000022, 0.04191209017634599243 ) ) ;
#4097 = DIMENSIONAL_EXPONENTS ( 1.000000000000000000, 0.0000000000000000000, 0.0000000000000000000, 0.0000000000000000000, 0.0000000000000000000, 0.0000000000000000000, 0.0000000000000000000 ) ;
#4098 = PRESENTATION_STYLE_ASSIGNMENT (( #3321 ) ) ;
#4099 = VECTOR ( 'NONE', #614, 39.37007874015748854 ) ;
#4100 = COLOUR_RGB ( '',0.5019607843137254832, 0.5019607843137254832, 0.5019607843137254832 ) ;
#4101 = SURFACE_STYLE_FILL_AREA ( #730 ) ;
#4102 = FILL_AREA_STYLE ('',( #1039 ) ) ;
#4103 = CARTESIAN_POINT ( 'NONE',  ( 0.03470275329001708958, 0.01281776187067535343, 0.06841209017634598821 ) ) ;
#4104 = CARTESIAN_POINT ( 'NONE',  ( -0.05373796110358478734, 0.02000000000000000042, 0.004999999999999997502 ) ) ;
#4105 = VERTEX_POINT ( 'NONE', #4377 ) ;
#4106 = CARTESIAN_POINT ( 'NONE',  ( -0.01826469256173943873, -0.01219258364132596445, 0.06840709017634598321 ) ) ;
#4107 = CARTESIAN_POINT ( 'NONE',  ( -0.009966399093333676643, -0.009045380180208242860, 0.06841209017634598821 ) ) ;
#4108 = SURFACE_STYLE_FILL_AREA ( #340 ) ;
#4109 = STYLED_ITEM ( 'NONE', ( #2039 ), #1825 ) ;
#4110 = PLANE ( 'NONE',  #4557 ) ;
#4111 = ORIENTED_EDGE ( 'NONE', *, *, #3535, .F. ) ;
#4112 = SURFACE_STYLE_FILL_AREA ( #4088 ) ;
#4113 = CARTESIAN_POINT ( 'NONE',  ( 0.002330958418222218304, -0.01218223812932464796, 0.06840709017634598321 ) ) ;
#4114 = CARTESIAN_POINT ( 'NONE',  ( 0.02106574718133239280, -0.01274540913546161336, 0.06840709017634598321 ) ) ;
#4115 = LINE ( 'NONE', #3318, #2342 ) ;
#4116 = ORIENTED_EDGE ( 'NONE', *, *, #1373, .F. ) ;
#4117 = CARTESIAN_POINT ( 'NONE',  ( 0.02230291354642734494, -0.01025916120624772651, 0.06840709017634598321 ) ) ;
#4118 = EDGE_CURVE ( 'NONE', #4642, #4503, #4331, .T. ) ;
#4119 = PLANE ( 'NONE',  #4157 ) ;
#4120 = LINE ( 'NONE', #2582, #3948 ) ;
#4121 = CARTESIAN_POINT ( 'NONE',  ( 0.02999169437680142269, 0.007100643090569242442, 0.06840709017634598321 ) ) ;
#4122 = ADVANCED_FACE ( 'NONE', ( #945 ), #2037, .T. ) ;
#4123 = ORIENTED_EDGE ( 'NONE', *, *, #4438, .T. ) ;
#4124 = SURFACE_STYLE_USAGE ( .BOTH. , #4813 ) ;
#4125 =( GEOMETRIC_REPRESENTATION_CONTEXT ( 3 ) GLOBAL_UNCERTAINTY_ASSIGNED_CONTEXT ( ( #4354 ) ) GLOBAL_UNIT_ASSIGNED_CONTEXT ( ( #1042, #4368, #4387 ) ) REPRESENTATION_CONTEXT ( 'NONE', 'WORKASPACE' ) );
#4126 = B_SPLINE_CURVE_WITH_KNOTS ( 'NONE', 3,
 ( #4010, #2115, #648, #297, #2138, #4777, #4422, #1031, #2530, #425, #791, #7, #2675, #1904, #742, #3787, #3399, #50, #4140, #4212, #2986, #1808, #3422, #3344, #4162, #2241, #3009 ),
 .UNSPECIFIED., .F., .F.,
 ( 4, 1, 1, 1, 1, 1, 1, 1, 1, 1, 1, 1, 1, 1, 1, 1, 1, 1, 1, 1, 1, 1, 1, 1, 4 ),
 ( 0.0000000000000000000, 0.06506328961727912696, 0.1267731664665229796, 0.1855157632260791833, 0.2407646791677150733, 0.2929797960235981935, 0.3422503727797676087, 0.3889192861856604067, 0.4327756640583105274, 0.4746284326311179802, 0.5147746906379535581, 0.5536058934984425806, 0.5914264064311731683, 0.6280281199460674424, 0.6638036341103209503, 0.6989843361316641079, 0.7335914893067055909, 0.7676284691511400249, 0.8012083477865924452, 0.8342638397266236572, 0.8669806947287767018, 0.8997197415181609204, 0.9327019124985385101, 0.9661758834327496270, 1.000000000000000000 ),
 .UNSPECIFIED. ) ;
#4127 = CARTESIAN_POINT ( 'NONE',  ( 0.02222779335411965984, -0.01282326377035029018, 0.06840709017634598321 ) ) ;
#4128 = PLANE ( 'NONE',  #4868 ) ;
#4129 = EDGE_LOOP ( 'NONE', ( #769, #417, #1204, #1938 ) ) ;
#4130 = CARTESIAN_POINT ( 'NONE',  ( 0.02393212376927232599, 0.01064540903684607631, 0.06840709017634598321 ) ) ;
#4131 = CARTESIAN_POINT ( 'NONE',  ( 0.02222779335411965984, -0.01282326377035029018, 0.06841209017634598821 ) ) ;
#4132 =( CONVERSION_BASED_UNIT ( 'INCH', #314 ) LENGTH_UNIT ( ) NAMED_UNIT ( #3163 ) );
#4133 = UNCERTAINTY_MEASURE_WITH_UNIT (LENGTH_MEASURE( 1.000000000000000082E-05 ), #1252, 'distance_accuracy_value', 'NONE');
#4134 = CARTESIAN_POINT ( 'NONE',  ( 0.05713952383545202462, 0.0000000000000000000, 0.006412090176345995596 ) ) ;
#4135 = CARTESIAN_POINT ( 'NONE',  ( 0.02674243252672128118, -0.007846275728702875596, 0.06840709017634599709 ) ) ;
#4136 = EDGE_LOOP ( 'NONE', ( #3136, #882, #1391, #3185, #2059, #286 ) ) ;
#4137 = FILL_AREA_STYLE ('',( #3735 ) ) ;
#4138 = CARTESIAN_POINT ( 'NONE',  ( 0.02674243252672128118, -0.007846275728702875596, 0.06841209017634598821 ) ) ;
#4139 = LINE ( 'NONE', #2553, #3418 ) ;
#4140 = CARTESIAN_POINT ( 'NONE',  ( 0.02612945676789368496, -0.01174012405528281240, 0.06841209017634598821 ) ) ;
#4141 = ORIENTED_EDGE ( 'NONE', *, *, #2796, .T. ) ;
#4142 =( LENGTH_UNIT ( ) NAMED_UNIT ( * ) SI_UNIT ( $, .METRE. ) );
#4143 = CARTESIAN_POINT ( 'NONE',  ( 0.02861300970027350413, 0.0003177618706753523544, 0.06841209017634598821 ) ) ;
#4144 = EDGE_CURVE ( 'NONE', #1102, #4350, #4679, .T. ) ;
#4145 = CARTESIAN_POINT ( 'NONE',  ( 0.02560465819095857076, 0.01267695351125286939, 0.06840709017634599709 ) ) ;
#4146 = ORIENTED_EDGE ( 'NONE', *, *, #2890, .T. ) ;
#4147 = DIRECTION ( 'NONE',  ( 1.000000000000000000, 0.0000000000000000000, 0.0000000000000000000 ) ) ;
#4148 = CARTESIAN_POINT ( 'NONE',  ( 0.01619191143242281264, 0.01034300422289759040, 0.06841209017634598821 ) ) ;
#4149 = EDGE_CURVE ( 'NONE', #1697, #2316, #3612, .T. ) ;
#4150 = COLOUR_RGB ( '',0.6666666666666666297, 0.6980392156862744724, 0.7686274509803920907 ) ;
#4151 = SURFACE_STYLE_FILL_AREA ( #282 ) ;
#4152 = LINE ( 'NONE', #4480, #4404 ) ;
#4153 = DIRECTION ( 'NONE',  ( -1.000000000000000000, 0.0000000000000000000, 0.0000000000000000000 ) ) ;
#4154 =( LENGTH_UNIT ( ) NAMED_UNIT ( * ) SI_UNIT ( $, .METRE. ) );
#4155 = ORIENTED_EDGE ( 'NONE', *, *, #1068, .F. ) ;
#4156 = CARTESIAN_POINT ( 'NONE',  ( 0.004574548161811964331, 0.01281776187067535343, 0.06840709017634598321 ) ) ;
#4157 = AXIS2_PLACEMENT_3D ( 'NONE', #4258, #2680, #2310 ) ;
#4158 = ORIENTED_EDGE ( 'NONE', *, *, #2953, .T. ) ;
#4159 = DIMENSIONAL_EXPONENTS ( 1.000000000000000000, 0.0000000000000000000, 0.0000000000000000000, 0.0000000000000000000, 0.0000000000000000000, 0.0000000000000000000, 0.0000000000000000000 ) ;
#4160 = CARTESIAN_POINT ( 'NONE',  ( -0.01826469256173943873, -0.01219258364132596445, 0.06841209017634598821 ) ) ;
#4161 = AXIS2_PLACEMENT_3D ( 'NONE', #3836, #2386, #1962 ) ;
#4162 = CARTESIAN_POINT ( 'NONE',  ( 0.02282241101264536817, -0.01281460792868953369, 0.06841209017634600209 ) ) ;
#4163 = FILL_AREA_STYLE_COLOUR ( '', #3134 ) ;
#4164 = CARTESIAN_POINT ( 'NONE',  ( 0.02222779335411965984, 0.01345878751170099391, 0.06841209017634598821 ) ) ;
#4165 = VERTEX_POINT ( 'NONE', #2551 ) ;
#4166 = CARTESIAN_POINT ( 'NONE',  ( -0.01604883258944457547, -0.01017666381781352943, 0.06840709017634598321 ) ) ;
#4167 = CIRCLE ( 'NONE', #522, 0.005000000000000000104 ) ;
#4168 = CARTESIAN_POINT ( 'NONE',  ( 0.02857200638106201229, 0.002066896998966399977, 0.06841209017634598821 ) ) ;
#4169 =( GEOMETRIC_REPRESENTATION_CONTEXT ( 3 ) GLOBAL_UNCERTAINTY_ASSIGNED_CONTEXT ( ( #2314 ) ) GLOBAL_UNIT_ASSIGNED_CONTEXT ( ( #4202, #3380, #3946 ) ) REPRESENTATION_CONTEXT ( 'NONE', 'WORKASPACE' ) );
#4170 = LINE ( 'NONE', #408, #3708 ) ;
#4171 = SURFACE_SIDE_STYLE ('',( #2634 ) ) ;
#4172 = PRODUCT_DEFINITION ( 'UNKNOWN', '', #912, #957 ) ;
#4173 = CARTESIAN_POINT ( 'NONE',  ( 0.02106580993603281160, 0.01338068792278174386, 0.06840709017634598321 ) ) ;
#4174 = CARTESIAN_POINT ( 'NONE',  ( 0.01611300970027349996, 0.0003177618706753523544, 0.06840709017634598321 ) ) ;
#4175 = PRESENTATION_LAYER_ASSIGNMENT (  '', '', ( #2730 ) ) ;
#4176 = CARTESIAN_POINT ( 'NONE',  ( -0.05915338570894129039, 0.02000000000000000389, 0.004999999999999997502 ) ) ;
#4177 = PRESENTATION_STYLE_ASSIGNMENT (( #2640 ) ) ;
#4178 = ORIENTED_EDGE ( 'NONE', *, *, #905, .F. ) ;
#4179 = EDGE_CURVE ( 'NONE', #3935, #2830, #1783, .T. ) ;
#4180 = AXIS2_PLACEMENT_3D ( 'NONE', #4836, #1796, #2229 ) ;
#4181 =( GEOMETRIC_REPRESENTATION_CONTEXT ( 3 ) GLOBAL_UNCERTAINTY_ASSIGNED_CONTEXT ( ( #1419 ) ) GLOBAL_UNIT_ASSIGNED_CONTEXT ( ( #1598, #2369, #4618 ) ) REPRESENTATION_CONTEXT ( 'NONE', 'WORKASPACE' ) );
#4182 = DIRECTION ( 'NONE',  ( -0.0000000000000000000, -0.0000000000000000000, 1.000000000000000000 ) ) ;
#4183 = FILL_AREA_STYLE ('',( #3003 ) ) ;
#4184 = UNCERTAINTY_MEASURE_WITH_UNIT (LENGTH_MEASURE( 1.000000000000000082E-05 ), #3936, 'distance_accuracy_value', 'NONE');
#4185 = PRESENTATION_LAYER_ASSIGNMENT (  '', '', ( #854 ) ) ;
#4186 = ORIENTED_EDGE ( 'NONE', *, *, #3322, .F. ) ;
#4187 =( LENGTH_UNIT ( ) NAMED_UNIT ( * ) SI_UNIT ( $, .METRE. ) );
#4188 = EDGE_CURVE ( 'NONE', #53, #4432, #4465, .T. ) ;
#4189 =( LENGTH_UNIT ( ) NAMED_UNIT ( * ) SI_UNIT ( $, .METRE. ) );
#4190 = AXIS2_PLACEMENT_3D ( 'NONE', #3856, #792, #2731 ) ;
#4191 = CARTESIAN_POINT ( 'NONE',  ( 0.01792315261757675832, -0.01145105115248941201, 0.06840709017634598321 ) ) ;
#4192 =( CONVERSION_BASED_UNIT ( 'INCH', #1225 ) LENGTH_UNIT ( ) NAMED_UNIT ( #2704 ) );
#4193 = ORIENTED_EDGE ( 'NONE', *, *, #94, .T. ) ;
#4194 = PLANE ( 'NONE',  #3660 ) ;
#4195 = PRESENTATION_LAYER_ASSIGNMENT (  '', '', ( #4109 ) ) ;
#4196 = LENGTH_MEASURE_WITH_UNIT ( LENGTH_MEASURE( 0.02539999999999999897 ), #1575 );
#4197 = CARTESIAN_POINT ( 'NONE',  ( 0.02766649527719658441, -0.005967294219068238099, 0.06841209017634598821 ) ) ;
#4198 = CARTESIAN_POINT ( 'NONE',  ( 0.01658056908690719658, 0.01083517347141429131, 0.06841209017634598821 ) ) ;
#4199 = VERTEX_POINT ( 'NONE', #4421 ) ;
#4200 = CARTESIAN_POINT ( 'NONE',  ( 0.01426659363158085808, 0.005602868227890246168, 0.06841209017634598821 ) ) ;
#4201 = DIRECTION ( 'NONE',  ( 0.0000000000000000000, -0.0000000000000000000, -1.000000000000000000 ) ) ;
#4202 =( CONVERSION_BASED_UNIT ( 'INCH', #4244 ) LENGTH_UNIT ( ) NAMED_UNIT ( #956 ) );
#4203 = FILL_AREA_STYLE_COLOUR ( '', #1192 ) ;
#4204 = ORIENTED_EDGE ( 'NONE', *, *, #1760, .T. ) ;
#4205 = CARTESIAN_POINT ( 'NONE',  ( 0.01611300970027349996, 0.0003177618706753523544, 0.06840709017634598321 ) ) ;
#4206 = CARTESIAN_POINT ( 'NONE',  ( 0.01621770757847079344, -0.002484326225011149279, 0.06840709017634598321 ) ) ;
#4207 = ADVANCED_FACE ( 'NONE', ( #296 ), #2210, .T. ) ;
#4208 = CARTESIAN_POINT ( 'NONE',  ( 0.02614311736037940731, -0.008588098323140957308, 0.06840709017634598321 ) ) ;
#4209 = VECTOR ( 'NONE', #2126, 39.37007874015748143 ) ;
#4210 = EDGE_LOOP ( 'NONE', ( #3777, #1414, #312, #217 ) ) ;
#4211 =( CONVERSION_BASED_UNIT ( 'INCH', #1151 ) LENGTH_UNIT ( ) NAMED_UNIT ( #295 ) );
#4212 = CARTESIAN_POINT ( 'NONE',  ( 0.02561546336128732448, -0.01203450870091010358, 0.06841209017634598821 ) ) ;
#4213 = ADVANCED_FACE ( 'NONE', ( #1439 ), #3446, .F. ) ;
#4214 = DIRECTION ( 'NONE',  ( 0.5665288228870657417, 0.8240419241993672816, 0.0000000000000000000 ) ) ;
#4215 = ORIENTED_EDGE ( 'NONE', *, *, #3297, .F. ) ;
#4216 = FACE_OUTER_BOUND ( 'NONE', #444, .T. ) ;
#4217 = VECTOR ( 'NONE', #3720, 39.37007874015748143 ) ;
#4218 = LINE ( 'NONE', #3016, #2991 ) ;
#4219 = LINE ( 'NONE', #3113, #4335 ) ;
#4220 = PLANE ( 'NONE',  #4783 ) ;
#4221 = SURFACE_STYLE_USAGE ( .BOTH. , #2370 ) ;
#4222 = DIRECTION ( 'NONE',  ( 0.0000000000000000000, -0.0000000000000000000, -1.000000000000000000 ) ) ;
#4223 = CARTESIAN_POINT ( 'NONE',  ( 0.01611537406740188791, 0.001304780026783366282, 0.06840709017634598321 ) ) ;
#4224 = VECTOR ( 'NONE', #211, 39.37007874015748854 ) ;
#4225 = COLOUR_RGB ( '',0.6666666666666666297, 0.6980392156862744724, 0.7686274509803920907 ) ;
#4226 = VERTEX_POINT ( 'NONE', #884 ) ;
#4227 = DIRECTION ( 'NONE',  ( 0.0000000000000000000, 0.0000000000000000000, 1.000000000000000000 ) ) ;
#4228 = PRESENTATION_LAYER_ASSIGNMENT (  '', '', ( #2319 ) ) ;
#4229 = VECTOR ( 'NONE', #571, 39.37007874015748143 ) ;
#4230 = ORIENTED_EDGE ( 'NONE', *, *, #3297, .T. ) ;
#4231 = EDGE_CURVE ( 'NONE', #1856, #1102, #1178, .T. ) ;
#4232 =( NAMED_UNIT ( * ) PLANE_ANGLE_UNIT ( ) SI_UNIT ( $, .RADIAN. ) );
#4233 = PRESENTATION_LAYER_ASSIGNMENT (  '', '', ( #687 ) ) ;
#4234 = CARTESIAN_POINT ( 'NONE',  ( 0.01519208308904602782, 0.008616540479658412605, 0.06841209017634598821 ) ) ;
#4235 = ORIENTED_EDGE ( 'NONE', *, *, #2262, .T. ) ;
#4236 = B_SPLINE_CURVE_WITH_KNOTS ( 'NONE', 3,
 ( #4789, #3323, #1403, #1060, #4076, #680, #1108, #4145, #305, #2176, #4811, #2562, #708, #4858, #2202, #2966, #3723, #328, #4121, #727, #2226, #1477, #3744, #1960, #454, #3888, #500 ),
 .UNSPECIFIED., .F., .F.,
 ( 4, 1, 1, 1, 1, 1, 1, 1, 1, 1, 1, 1, 1, 1, 1, 1, 1, 1, 1, 1, 1, 1, 1, 1, 4 ),
 ( 0.0000000000000000000, 0.03378811616271032436, 0.06719393237387981388, 0.09986241085682501240, 0.1325666121262581154, 0.1651511732547863431, 0.1979131873557917198, 0.2313190035669613898, 0.2650832782673731569, 0.2992553087581146798, 0.3343985665049785672, 0.3699428235093077388, 0.4062835607000607752, 0.4440638196985082220, 0.4829977068727753231, 0.5233544466133044359, 0.5655365896041488760, 0.6096129240658193504, 0.6563908113764170826, 0.7058854949364572473, 0.7583245002617312602, 0.8138317829411502169, 0.8727945590393899611, 0.9347222295400742231, 1.000000000000000000 ),
 .UNSPECIFIED. ) ;
#4237 = DIRECTION ( 'NONE',  ( 0.0000000000000000000, 0.0000000000000000000, -1.000000000000000000 ) ) ;
#4238 = EDGE_CURVE ( 'NONE', #1275, #4512, #1927, .T. ) ;
#4239 = CARTESIAN_POINT ( 'NONE',  ( 0.01890058912649821010, 0.01267718722609368319, 0.06840709017634598321 ) ) ;
#4240 =( GEOMETRIC_REPRESENTATION_CONTEXT ( 3 ) GLOBAL_UNCERTAINTY_ASSIGNED_CONTEXT ( ( #4133 ) ) GLOBAL_UNIT_ASSIGNED_CONTEXT ( ( #1252, #1223, #2700 ) ) REPRESENTATION_CONTEXT ( 'NONE', 'WORKASPACE' ) );
#4241 = COLOUR_RGB ( '',0.6666666666666666297, 0.6980392156862744724, 0.7686274509803920907 ) ;
#4242 = DIMENSIONAL_EXPONENTS ( 1.000000000000000000, 0.0000000000000000000, 0.0000000000000000000, 0.0000000000000000000, 0.0000000000000000000, 0.0000000000000000000, 0.0000000000000000000 ) ;
#4243 = CARTESIAN_POINT ( 'NONE',  ( -0.01043525919959945730, -0.01020808846928871264, 0.06841209017634598821 ) ) ;
#4244 = LENGTH_MEASURE_WITH_UNIT ( LENGTH_MEASURE( 0.02539999999999999897 ), #2687 );
#4245 = CARTESIAN_POINT ( 'NONE',  ( 0.02222779335411965984, -0.01282326377035029018, 0.06840709017634598321 ) ) ;
#4246 = CARTESIAN_POINT ( 'NONE',  ( -0.01290885458126587830, -0.009291584795128352350, 0.06841209017634594658 ) ) ;
#4247 = AXIS2_PLACEMENT_3D ( 'NONE', #679, #3699, #2201 ) ;
#4248 = CARTESIAN_POINT ( 'NONE',  ( 0.02700999735297048010, -0.007425757984604424745, 0.06841209017634598821 ) ) ;
#4249 = ORIENTED_EDGE ( 'NONE', *, *, #1196, .F. ) ;
#4250 = CARTESIAN_POINT ( 'NONE',  ( 0.05873796110358477790, -0.02000000000000000042, 0.004999999999999997502 ) ) ;
#4251 = PLANE ( 'NONE',  #4616 ) ;
#4252 = CARTESIAN_POINT ( 'NONE',  ( 0.02453279109014839393, 0.01311468775245711385, 0.06840709017634598321 ) ) ;
#4253 =( NAMED_UNIT ( * ) PLANE_ANGLE_UNIT ( ) SI_UNIT ( $, .RADIAN. ) );
#4254 = ORIENTED_EDGE ( 'NONE', *, *, #3101, .T. ) ;
#4255 = DIRECTION ( 'NONE',  ( -0.0000000000000000000, -0.0000000000000000000, 1.000000000000000000 ) ) ;
#4256 = VECTOR ( 'NONE', #2373, 39.37007874015748143 ) ;
#4257 = ORIENTED_EDGE ( 'NONE', *, *, #4499, .T. ) ;
#4258 = CARTESIAN_POINT ( 'NONE',  ( -0.05873796110358478484, 0.02000000000000000042, 0.004999999999999997502 ) ) ;
#4259 = FACE_OUTER_BOUND ( 'NONE', #2379, .T. ) ;
#4260 = MECHANICAL_DESIGN_GEOMETRIC_PRESENTATION_REPRESENTATION (  '', ( #1563 ), #2113 ) ;
#4261 = EDGE_CURVE ( 'NONE', #1102, #4424, #2674, .T. ) ;
#4262 = UNCERTAINTY_MEASURE_WITH_UNIT (LENGTH_MEASURE( 1.000000000000000082E-05 ), #3897, 'distance_accuracy_value', 'NONE');
#4263 = CARTESIAN_POINT ( 'NONE',  ( 0.02861300970027350413, 0.0003177618706753523544, 0.06840709017634598321 ) ) ;
#4264 = CARTESIAN_POINT ( 'NONE',  ( 0.02813952383545203009, 0.02963952383545203489, 0.005412090176345997310 ) ) ;
#4265 = CARTESIAN_POINT ( 'NONE',  ( 0.05008736867463247505, 0.01281776187067535343, 0.06841209017634598821 ) ) ;
#4266 = CARTESIAN_POINT ( 'NONE',  ( 0.02861300970027350413, 0.0003177618706753523544, 0.06841209017634602985 ) ) ;
#4267 = ADVANCED_FACE ( 'NONE', ( #1978 ), #833, .F. ) ;
#4268 = PRESENTATION_STYLE_ASSIGNMENT (( #3500 ) ) ;
#4269 = FILL_AREA_STYLE_COLOUR ( '', #1809 ) ;
#4270 = LINE ( 'NONE', #2396, #1525 ) ;
#4271 = CARTESIAN_POINT ( 'NONE',  ( 0.01611551877435154004, -0.0006642291550604461584, 0.06840709017634598321 ) ) ;
#4272 = DIMENSIONAL_EXPONENTS ( 1.000000000000000000, 0.0000000000000000000, 0.0000000000000000000, 0.0000000000000000000, 0.0000000000000000000, 0.0000000000000000000, 0.0000000000000000000 ) ;
#4273 = CARTESIAN_POINT ( 'NONE',  ( -0.02660748903173146274, 0.03011119384899940687, 0.06840709017634598321 ) ) ;
#4274 = ORIENTED_EDGE ( 'NONE', *, *, #1943, .T. ) ;
#4275 =( NAMED_UNIT ( * ) PLANE_ANGLE_UNIT ( ) SI_UNIT ( $, .RADIAN. ) );
#4276 = PRESENTATION_STYLE_ASSIGNMENT (( #1607 ) ) ;
#4277 =( LENGTH_UNIT ( ) NAMED_UNIT ( * ) SI_UNIT ( $, .METRE. ) );
#4278 = MECHANICAL_DESIGN_GEOMETRIC_PRESENTATION_REPRESENTATION (  '', ( #244 ), #4125 ) ;
#4279 = PRESENTATION_STYLE_ASSIGNMENT (( #2728 ) ) ;
#4280 = CARTESIAN_POINT ( 'NONE',  ( 0.02875192916212330335, 0.009750350956681134995, 0.06840709017634598321 ) ) ;
#4281 = MECHANICAL_DESIGN_GEOMETRIC_PRESENTATION_REPRESENTATION (  '', ( #3248 ), #2596 ) ;
#4282 = DIRECTION ( 'NONE',  ( 0.0000000000000000000, 1.000000000000000000, 0.0000000000000000000 ) ) ;
#4283 = ORIENTED_EDGE ( 'NONE', *, *, #2462, .F. ) ;
#4284 = FILL_AREA_STYLE_COLOUR ( '', #4736 ) ;
#4285 = ORIENTED_EDGE ( 'NONE', *, *, #641, .F. ) ;
#4286 = PLANE ( 'NONE',  #3040 ) ;
#4287 = CARTESIAN_POINT ( 'NONE',  ( 0.01466679569741140970, 0.007237827968957110357, 0.06841209017634598821 ) ) ;
#4288 = DIRECTION ( 'NONE',  ( 0.0000000000000000000, 1.000000000000000000, 0.0000000000000000000 ) ) ;
#4289 =( NAMED_UNIT ( * ) PLANE_ANGLE_UNIT ( ) SI_UNIT ( $, .RADIAN. ) );
#4290 = EDGE_CURVE ( 'NONE', #2830, #2316, #4300, .T. ) ;
#4291 = STYLED_ITEM ( 'NONE', ( #80 ), #3484 ) ;
#4292 = LINE ( 'NONE', #4593, #3534 ) ;
#4293 = CARTESIAN_POINT ( 'NONE',  ( 0.02797358542663976391, 0.005742053187206557982, 0.06840709017634598321 ) ) ;
#4294 =( LENGTH_UNIT ( ) NAMED_UNIT ( * ) SI_UNIT ( $, .METRE. ) );
#4295 = DIRECTION ( 'NONE',  ( 0.0000000000000000000, -0.0000000000000000000, 1.000000000000000000 ) ) ;
#4296 = ADVANCED_FACE ( 'NONE', ( #563 ), #619, .T. ) ;
#4297 = SURFACE_STYLE_USAGE ( .BOTH. , #111 ) ;
#4298 = SHAPE_DEFINITION_REPRESENTATION ( #1448, #1770 ) ;
#4299 = ORIENTED_EDGE ( 'NONE', *, *, #3535, .T. ) ;
#4300 = CIRCLE ( 'NONE', #3351, 0.005000000000000000104 ) ;
#4301 = CARTESIAN_POINT ( 'NONE',  ( 0.02797527985794130354, 0.01080554344753963288, 0.06841209017634597433 ) ) ;
#4302 = ORIENTED_EDGE ( 'NONE', *, *, #2434, .T. ) ;
#4303 = ORIENTED_EDGE ( 'NONE', *, *, #905, .T. ) ;
#4304 = DIMENSIONAL_EXPONENTS ( 1.000000000000000000, 0.0000000000000000000, 0.0000000000000000000, 0.0000000000000000000, 0.0000000000000000000, 0.0000000000000000000, 0.0000000000000000000 ) ;
#4305 =( CONVERSION_BASED_UNIT ( 'INCH', #3586 ) LENGTH_UNIT ( ) NAMED_UNIT ( #3742 ) );
#4306 = COLOUR_RGB ( '',0.6666666666666666297, 0.6980392156862744724, 0.7686274509803920907 ) ;
#4307 = UNCERTAINTY_MEASURE_WITH_UNIT (LENGTH_MEASURE( 1.000000000000000082E-05 ), #4192, 'distance_accuracy_value', 'NONE');
#4308 = SURFACE_SIDE_STYLE ('',( #970 ) ) ;
#4309 = CARTESIAN_POINT ( 'NONE',  ( 0.02065541174343681410, 0.01064617570229261373, 0.06841209017634594658 ) ) ;
#4310 =( LENGTH_UNIT ( ) NAMED_UNIT ( * ) SI_UNIT ( $, .METRE. ) );
#4311 = CARTESIAN_POINT ( 'NONE',  ( 0.03470275329001708958, 0.01025365930657278976, 0.06841209017634598821 ) ) ;
#4312 = CARTESIAN_POINT ( 'NONE',  ( 0.02974081556624241438, -0.007186064808201742329, 0.06841209017634601597 ) ) ;
#4313 = SURFACE_STYLE_USAGE ( .BOTH. , #4361 ) ;
#4314 = DIRECTION ( 'NONE',  ( -0.0000000000000000000, -0.0000000000000000000, 1.000000000000000000 ) ) ;
#4315 = CARTESIAN_POINT ( 'NONE',  ( 0.02050658687104706113, -0.01263615554108765866, 0.06840709017634598321 ) ) ;
#4316 = DIRECTION ( 'NONE',  ( -1.000000000000000000, 0.0000000000000000000, -0.0000000000000000000 ) ) ;
#4317 = EDGE_CURVE ( 'NONE', #4226, #3258, #1315, .T. ) ;
#4318 = VECTOR ( 'NONE', #3684, 39.37007874015748143 ) ;
#4319 = VECTOR ( 'NONE', #4385, 39.37007874015748143 ) ;
#4320 = LINE ( 'NONE', #930, #3508 ) ;
#4321 = CARTESIAN_POINT ( 'NONE',  ( 0.01842918827420644140, -0.008555134115626547228, 0.06841209017634598821 ) ) ;
#4322 =( GEOMETRIC_REPRESENTATION_CONTEXT ( 3 ) GLOBAL_UNCERTAINTY_ASSIGNED_CONTEXT ( ( #1476 ) ) GLOBAL_UNIT_ASSIGNED_CONTEXT ( ( #3192, #527, #976 ) ) REPRESENTATION_CONTEXT ( 'NONE', 'WORKASPACE' ) );
#4323 = ADVANCED_FACE ( 'NONE', ( #961 ), #4458, .T. ) ;
#4324 = ORIENTED_EDGE ( 'NONE', *, *, #1104, .F. ) ;
#4325 = VECTOR ( 'NONE', #1006, 39.37007874015748143 ) ;
#4326 = DIRECTION ( 'NONE',  ( 1.000000000000000000, 0.0000000000000000000, -0.0000000000000000000 ) ) ;
#4327 = EDGE_CURVE ( 'NONE', #4038, #494, #3342, .T. ) ;
#4328 = ORIENTED_EDGE ( 'NONE', *, *, #2043, .F. ) ;
#4329 = CARTESIAN_POINT ( 'NONE',  ( -0.05899999999999999689, -0.03150000000000000022, 0.04191209017634599243 ) ) ;
#4330 = ORIENTED_EDGE ( 'NONE', *, *, #4018, .T. ) ;
#4331 = LINE ( 'NONE', #991, #2552 ) ;
#4332 = COLOUR_RGB ( '',0.6666666666666666297, 0.6980392156862744724, 0.7686274509803920907 ) ;
#4333 = CARTESIAN_POINT ( 'NONE',  ( 0.02809212496217491570, -0.004588700249137648256, 0.06840709017634598321 ) ) ;
#4334 = VECTOR ( 'NONE', #3456, 39.37007874015748143 ) ;
#4335 = VECTOR ( 'NONE', #821, 39.37007874015748854 ) ;
#4336 = FACE_OUTER_BOUND ( 'NONE', #3634, .T. ) ;
#4337 = DIMENSIONAL_EXPONENTS ( 1.000000000000000000, 0.0000000000000000000, 0.0000000000000000000, 0.0000000000000000000, 0.0000000000000000000, 0.0000000000000000000, 0.0000000000000000000 ) ;
#4338 = STYLED_ITEM ( 'NONE', ( #2641 ), #1609 ) ;
#4339 = CARTESIAN_POINT ( 'NONE',  ( 0.03022999497289649562, -0.005663358499091867941, 0.06840709017634599709 ) ) ;
#4340 = SURFACE_STYLE_FILL_AREA ( #2813 ) ;
#4341 = CARTESIAN_POINT ( 'NONE',  ( 0.02731897182118986356, 0.007454724777023398127, 0.06840709017634598321 ) ) ;
#4342 = CARTESIAN_POINT ( 'NONE',  ( 0.01392729633105755684, -0.001990435003079898783, 0.06841209017634600209 ) ) ;
#4343 = FACE_OUTER_BOUND ( 'NONE', #4014, .T. ) ;
#4344 = CARTESIAN_POINT ( 'NONE',  ( 0.01987470828286624913, -0.009655441044874171069, 0.06841209017634598821 ) ) ;
#4345 = EDGE_LOOP ( 'NONE', ( #2660, #1155, #536, #4613 ) ) ;
#4346 = CARTESIAN_POINT ( 'NONE',  ( 0.05867767469260780355, 0.03117767469260779994, 0.04806242342461055500 ) ) ;
#4347 = CARTESIAN_POINT ( 'NONE',  ( 0.06448939481647289473, 0.02000000000000000736, 0.004999999999999997502 ) ) ;
#4348 = CARTESIAN_POINT ( 'NONE',  ( 0.02561546336128732448, -0.01203450870091010358, 0.06840709017634598321 ) ) ;
#4349 = CARTESIAN_POINT ( 'NONE',  ( -0.05373796110358478734, 0.02000000000000000389, 0.009999999999999995004 ) ) ;
#4350 = VERTEX_POINT ( 'NONE', #90 ) ;
#4351 = CARTESIAN_POINT ( 'NONE',  ( -0.01900690142851094513, -0.01180397222357886140, 0.06841209017634601597 ) ) ;
#4352 = ORIENTED_EDGE ( 'NONE', *, *, #1787, .T. ) ;
#4353 = EDGE_CURVE ( 'NONE', #27, #236, #1878, .T. ) ;
#4354 = UNCERTAINTY_MEASURE_WITH_UNIT (LENGTH_MEASURE( 1.000000000000000082E-05 ), #1042, 'distance_accuracy_value', 'NONE');
#4355 = CARTESIAN_POINT ( 'NONE',  ( 0.05899999999999998995, 0.01999999999999999001, 0.04191209017634599243 ) ) ;
#4356 = B_SPLINE_SURFACE_WITH_KNOTS ( 'NONE', 3, 1, ( 
 ( #1956, #165 ),
 ( #2359, #1272 ),
 ( #4655, #3132 ),
 ( #3182, #3491 ),
 ( #940, #96 ),
 ( #4252, #4609 ),
 ( #2755, #490 ),
 ( #1980, #1224 ),
 ( #3158, #3512 ),
 ( #117, #2430 ),
 ( #187, #4631 ),
 ( #4675, #1678 ),
 ( #2776, #4301 ),
 ( #1202, #2701 ),
 ( #4280, #887 ),
 ( #913, #2377 ),
 ( #514, #2005 ),
 ( #3536, #1638 ),
 ( #2402, #544 ),
 ( #2034, #4700 ),
 ( #1413, #3662 ),
 ( #3284, #1701 ),
 ( #3207, #2503 ),
 ( #2079, #3234 ),
 ( #1778, #2134 ),
 ( #2906, #4723 ),
 ( #2188, #3257 ) ),
 .UNSPECIFIED., .F., .F., .F.,
 ( 4, 1, 1, 1, 1, 1, 1, 1, 1, 1, 1, 1, 1, 1, 1, 1, 1, 1, 1, 1, 1, 1, 1, 1, 4 ),
 ( 2, 2 ),
 ( 0.0000000000000000000, 0.03378811616271032436, 0.06719393237387981388, 0.09986241085682501240, 0.1325666121262581154, 0.1651511732547863431, 0.1979131873557917198, 0.2313190035669613898, 0.2650832782673731569, 0.2992553087581146798, 0.3343985665049785672, 0.3699428235093077388, 0.4062835607000607752, 0.4440638196985082220, 0.4829977068727753231, 0.5233544466133044359, 0.5655365896041488760, 0.6096129240658193504, 0.6563908113764170826, 0.7058854949364572473, 0.7583245002617312602, 0.8138317829411502169, 0.8727945590393899611, 0.9347222295400742231, 1.000000000000000000 ),
 ( 0.0000000000000000000, 1.000000000000000000 ),
 .UNSPECIFIED. ) ;
#4357 = PRESENTATION_STYLE_ASSIGNMENT (( #2489 ) ) ;
#4358 = PLANE ( 'NONE',  #1578 ) ;
#4359 = CARTESIAN_POINT ( 'NONE',  ( 0.01707651642067459577, -0.006457807284680854715, 0.06841209017634597433 ) ) ;
#4360 = CARTESIAN_POINT ( 'NONE',  ( 0.02561546336128732448, -0.01203450870091010358, 0.06840709017634598321 ) ) ;
#4361 = SURFACE_SIDE_STYLE ('',( #4407 ) ) ;
#4362 = CARTESIAN_POINT ( 'NONE',  ( 0.02615242016768184324, 0.009181287661320047117, 0.06840709017634598321 ) ) ;
#4363 = CARTESIAN_POINT ( 'NONE',  ( 0.05899999999999998995, 0.03150000000000000022, 0.04191209017634599243 ) ) ;
#4364 = CARTESIAN_POINT ( 'NONE',  ( -0.01190196299067833308, -0.006824694143942148204, 0.06841209017634596046 ) ) ;
#4365 = CARTESIAN_POINT ( 'NONE',  ( 0.02147677189867058106, -0.01021778780390234127, 0.06841209017634598821 ) ) ;
#4366 = DIMENSIONAL_EXPONENTS ( 1.000000000000000000, 0.0000000000000000000, 0.0000000000000000000, 0.0000000000000000000, 0.0000000000000000000, 0.0000000000000000000, 0.0000000000000000000 ) ;
#4367 =( CONVERSION_BASED_UNIT ( 'INCH', #2848 ) LENGTH_UNIT ( ) NAMED_UNIT ( #224 ) );
#4368 =( NAMED_UNIT ( * ) PLANE_ANGLE_UNIT ( ) SI_UNIT ( $, .RADIAN. ) );
#4369 = ORIENTED_EDGE ( 'NONE', *, *, #1345, .F. ) ;
#4370 = FILL_AREA_STYLE ('',( #2851 ) ) ;
#4371 = CARTESIAN_POINT ( 'NONE',  ( -0.05915338570894129039, 0.02000000000000000389, 0.004999999999999997502 ) ) ;
#4372 = CARTESIAN_POINT ( 'NONE',  ( 0.02398100120277486119, -0.01263142432886542148, 0.06840709017634598321 ) ) ;
#4373 = CARTESIAN_POINT ( 'NONE',  ( 0.004574548161811964331, 0.01281776187067535343, 0.06841209017634598821 ) ) ;
#4374 = ORIENTED_EDGE ( 'NONE', *, *, #4188, .F. ) ;
#4375 = FACE_OUTER_BOUND ( 'NONE', #145, .T. ) ;
#4376 = ORIENTED_EDGE ( 'NONE', *, *, #4118, .F. ) ;
#4377 = CARTESIAN_POINT ( 'NONE',  ( -0.02813952383545203009, -0.02963952383545203489, 0.005412090176345997310 ) ) ;
#4378 =( GEOMETRIC_REPRESENTATION_CONTEXT ( 3 ) GLOBAL_UNCERTAINTY_ASSIGNED_CONTEXT ( ( #1776 ) ) GLOBAL_UNIT_ASSIGNED_CONTEXT ( ( #467, #3099, #2753 ) ) REPRESENTATION_CONTEXT ( 'NONE', 'WORKASPACE' ) );
#4379 = CARTESIAN_POINT ( 'NONE',  ( -0.01185066619138216808, -0.006342121284584469748, 0.06840709017634598321 ) ) ;
#4380 = PRESENTATION_LAYER_ASSIGNMENT (  '', '', ( #4538 ) ) ;
#4381 = VERTEX_POINT ( 'NONE', #1143 ) ;
#4382 = LINE ( 'NONE', #3188, #102 ) ;
#4383 = MECHANICAL_DESIGN_GEOMETRIC_PRESENTATION_REPRESENTATION (  '', ( #676 ), #1915 ) ;
#4384 = CARTESIAN_POINT ( 'NONE',  ( 0.02398100120277486119, -0.01263142432886542148, 0.06841209017634601597 ) ) ;
#4385 = DIRECTION ( 'NONE',  ( 1.000000000000000000, 0.0000000000000000000, 0.0000000000000000000 ) ) ;
#4386 = CARTESIAN_POINT ( 'NONE',  ( -0.02138699029972649865, -0.009938648385734903667, 0.06840709017634598321 ) ) ;
#4387 =( NAMED_UNIT ( * ) SI_UNIT ( $, .STERADIAN. ) SOLID_ANGLE_UNIT ( ) );
#4388 = CARTESIAN_POINT ( 'NONE',  ( 0.02910602510666210688, 0.009159035886580089991, 0.06841209017634600209 ) ) ;
#4389 = CARTESIAN_POINT ( 'NONE',  ( -0.01753861078430920054, -0.01247831646560245734, 0.06840709017634599709 ) ) ;
#4390 =( NAMED_UNIT ( * ) PLANE_ANGLE_UNIT ( ) SI_UNIT ( $, .RADIAN. ) );
#4391 = SURFACE_STYLE_FILL_AREA ( #2881 ) ;
#4392 = CARTESIAN_POINT ( 'NONE',  ( 0.02840278358330443689, -0.009641671313953784073, 0.06840709017634598321 ) ) ;
#4393 = CARTESIAN_POINT ( 'NONE',  ( 0.03470275329001708958, 0.01025365930657278976, 0.06840709017634598321 ) ) ;
#4394 = VERTEX_POINT ( 'NONE', #4540 ) ;
#4395 = CARTESIAN_POINT ( 'NONE',  ( -0.01826469256173943873, -0.01219258364132596445, 0.06840709017634598321 ) ) ;
#4396 = VECTOR ( 'NONE', #1600, 39.37007874015748143 ) ;
#4397 = VERTEX_POINT ( 'NONE', #3820 ) ;
#4398 = CARTESIAN_POINT ( 'NONE',  ( 0.02824744924220130154, -0.003851537649580962733, 0.06841209017634598821 ) ) ;
#4399 = STYLED_ITEM ( 'NONE', ( #2492 ), #330 ) ;
#4400 = UNCERTAINTY_MEASURE_WITH_UNIT (LENGTH_MEASURE( 1.000000000000000082E-05 ), #1241, 'distance_accuracy_value', 'NONE');
#4401 = CARTESIAN_POINT ( 'NONE',  ( -0.05873796110358478484, 0.02000000000000000042, 0.009999999999999995004 ) ) ;
#4402 = ORIENTED_EDGE ( 'NONE', *, *, #424, .T. ) ;
#4403 = CARTESIAN_POINT ( 'NONE',  ( 0.01924864512685715498, 0.009896423285131645403, 0.06841209017634594658 ) ) ;
#4404 = VECTOR ( 'NONE', #754, 39.37007874015748143 ) ;
#4405 =( NAMED_UNIT ( * ) SI_UNIT ( $, .STERADIAN. ) SOLID_ANGLE_UNIT ( ) );
#4406 = EDGE_CURVE ( 'NONE', #1168, #172, #2854, .T. ) ;
#4407 = SURFACE_STYLE_FILL_AREA ( #2094 ) ;
#4408 = PRESENTATION_STYLE_ASSIGNMENT (( #2493 ) ) ;
#4409 = FILL_AREA_STYLE_COLOUR ( '', #2444 ) ;
#4410 = SURFACE_SIDE_STYLE ('',( #4763 ) ) ;
#4411 = EDGE_CURVE ( 'NONE', #3656, #3585, #1514, .T. ) ;
#4412 =( CONVERSION_BASED_UNIT ( 'INCH', #1740 ) LENGTH_UNIT ( ) NAMED_UNIT ( #613 ) );
#4413 = LINE ( 'NONE', #3631, #3779 ) ;
#4414 = CARTESIAN_POINT ( 'NONE',  ( -0.01331089306042227381, -0.009630380657268112349, 0.06841209017634600209 ) ) ;
#4415 = VECTOR ( 'NONE', #2312, 39.37007874015748143 ) ;
#4416 = EDGE_LOOP ( 'NONE', ( #628, #432, #869, #2777, #2568, #2487 ) ) ;
#4417 = UNCERTAINTY_MEASURE_WITH_UNIT (LENGTH_MEASURE( 1.000000000000000082E-05 ), #4471, 'distance_accuracy_value', 'NONE');
#4418 = CARTESIAN_POINT ( 'NONE',  ( 0.03085194526854951463, -7.456778311499494933E-05, 0.06840709017634598321 ) ) ;
#4419 = EDGE_LOOP ( 'NONE', ( #2751, #2673, #1673, #2531 ) ) ;
#4420 = CARTESIAN_POINT ( 'NONE',  ( -0.02660748903173146274, 0.03011119384899940687, 0.06840709017634598321 ) ) ;
#4421 = CARTESIAN_POINT ( 'NONE',  ( -0.05900000000000000383, 0.03150000000000000022, 0.04191209017634599243 ) ) ;
#4422 = CARTESIAN_POINT ( 'NONE',  ( 0.03042717473183418134, -0.004815183867178230055, 0.06841209017634598821 ) ) ;
#4423 = DIRECTION ( 'NONE',  ( -1.000000000000000000, 0.0000000000000000000, -0.0000000000000000000 ) ) ;
#4424 = VERTEX_POINT ( 'NONE', #4156 ) ;
#4425 = CARTESIAN_POINT ( 'NONE',  ( -0.01536588451210191969, -0.01025326198251897553, 0.06841209017634598821 ) ) ;
#4426 = CARTESIAN_POINT ( 'NONE',  ( 0.01653307210367686853, -0.004742706453868824647, 0.06841209017634598821 ) ) ;
#4427 = SURFACE_STYLE_FILL_AREA ( #277 ) ;
#4428 = MECHANICAL_DESIGN_GEOMETRIC_PRESENTATION_REPRESENTATION (  '', ( #647 ), #3881 ) ;
#4429 = DIRECTION ( 'NONE',  ( -0.0000000000000000000, -0.0000000000000000000, 1.000000000000000000 ) ) ;
#4430 = SURFACE_STYLE_FILL_AREA ( #582 ) ;
#4431 = STYLED_ITEM ( 'NONE', ( #4177 ), #2946 ) ;
#4432 = VERTEX_POINT ( 'NONE', #3029 ) ;
#4433 = ADVANCED_FACE ( 'NONE', ( #1584 ), #830, .F. ) ;
#4434 = DIRECTION ( 'NONE',  ( 0.0000000000000000000, -1.000000000000000000, 7.331374526383812053E-14 ) ) ;
#4435 =( NAMED_UNIT ( * ) SI_UNIT ( $, .STERADIAN. ) SOLID_ANGLE_UNIT ( ) );
#4436 = CARTESIAN_POINT ( 'NONE',  ( -0.01230056836646381026, -0.008427856276037096889, 0.06841209017634598821 ) ) ;
#4437 = CARTESIAN_POINT ( 'NONE',  ( -0.01535734286382906336, -0.01282326377035029365, 0.06840709017634598321 ) ) ;
#4438 = EDGE_CURVE ( 'NONE', #1507, #3935, #1668, .T. ) ;
#4439 = CARTESIAN_POINT ( 'NONE',  ( 0.01492852627958004413, -0.007329840847040179977, 0.06841209017634598821 ) ) ;
#4440 = LINE ( 'NONE', #1365, #4318 ) ;
#4441 = DIRECTION ( 'NONE',  ( -0.4560907909103987246, -0.8899332505568756657, 0.0000000000000000000 ) ) ;
#4442 = VERTEX_POINT ( 'NONE', #3628 ) ;
#4443 = LINE ( 'NONE', #4039, #1543 ) ;
#4444 = FILL_AREA_STYLE_COLOUR ( '', #1106 ) ;
#4445 = DIRECTION ( 'NONE',  ( -0.0000000000000000000, 1.000000000000000000, -0.0000000000000000000 ) ) ;
#4446 = ORIENTED_EDGE ( 'NONE', *, *, #3101, .F. ) ;
#4447 = CARTESIAN_POINT ( 'NONE',  ( 0.01615916876361068316, 0.002248097029657353078, 0.06840709017634598321 ) ) ;
#4448 =( NAMED_UNIT ( * ) SI_UNIT ( $, .STERADIAN. ) SOLID_ANGLE_UNIT ( ) );
#4449 = CARTESIAN_POINT ( 'NONE',  ( 0.01615877734990311607, -0.001605966733460024824, 0.06841209017634598821 ) ) ;
#4450 = COLOUR_RGB ( '',0.6666666666666666297, 0.6980392156862744724, 0.7686274509803920907 ) ;
#4451 =( LENGTH_UNIT ( ) NAMED_UNIT ( * ) SI_UNIT ( $, .METRE. ) );
#4452 = ORIENTED_EDGE ( 'NONE', *, *, #704, .F. ) ;
#4453 = VECTOR ( 'NONE', #3155, 39.37007874015748143 ) ;
#4454 = FACE_BOUND ( 'NONE', #867, .T. ) ;
#4455 = DIMENSIONAL_EXPONENTS ( 1.000000000000000000, 0.0000000000000000000, 0.0000000000000000000, 0.0000000000000000000, 0.0000000000000000000, 0.0000000000000000000, 0.0000000000000000000 ) ;
#4456 = STYLED_ITEM ( 'NONE', ( #3566 ), #4122 ) ;
#4457 = CARTESIAN_POINT ( 'NONE',  ( -0.009751014615506073749, -0.007982392322046259064, 0.06840709017634598321 ) ) ;
#4458 = B_SPLINE_SURFACE_WITH_KNOTS ( 'NONE', 3, 1, ( 
 ( #4001, #1800 ),
 ( #3282, #2975 ),
 ( #3306, #1067 ),
 ( #691, #288 ),
 ( #261, #1046 ),
 ( #3333, #339 ),
 ( #2522, #2949 ),
 ( #3755, #2544 ),
 ( #1431, #4107 ),
 ( #2570, #1851 ),
 ( #736, #3358 ),
 ( #4083, #715 ),
 ( #1116, #2212 ),
 ( #365, #1824 ),
 ( #4843, #1411 ),
 ( #1745, #4485 ),
 ( #2183, #1458 ),
 ( #2590, #4769 ),
 ( #3387, #2233 ) ),
 .UNSPECIFIED., .F., .F., .F.,
 ( 4, 1, 1, 1, 1, 1, 1, 1, 1, 1, 1, 1, 1, 1, 1, 1, 4 ),
 ( 2, 2 ),
 ( 0.0000000000000000000, 0.07736068394269939030, 0.1485419530250430831, 0.2140077372521337618, 0.2729945033606874238, 0.3264091957674678524, 0.3738804007298081600, 0.4160199382657592815, 0.4521255195126326898, 0.5180017107054559755, 0.5823669297335137829, 0.6470437823418067058, 0.7133304210644734189, 0.7809119703509679322, 0.8503949591306446676, 0.9229229735922767075, 1.000000000000000000 ),
 ( 0.0000000000000000000, 1.000000000000000000 ),
 .UNSPECIFIED. ) ;
#4459 = EDGE_LOOP ( 'NONE', ( #782, #2404, #2253, #1050 ) ) ;
#4460 = LINE ( 'NONE', #3281, #510 ) ;
#4461 = EDGE_CURVE ( 'NONE', #1120, #2196, #4320, .T. ) ;
#4462 = CARTESIAN_POINT ( 'NONE',  ( 0.0000000000000000000, 0.0000000000000000000, 0.0000000000000000000 ) ) ;
#4463 = ORIENTED_EDGE ( 'NONE', *, *, #4814, .T. ) ;
#4464 = CARTESIAN_POINT ( 'NONE',  ( -0.05899999999999998995, -0.03150000000000000022, 0.04191209017634599243 ) ) ;
#4465 = LINE ( 'NONE', #1882, #2477 ) ;
#4466 = CARTESIAN_POINT ( 'NONE',  ( 0.0000000000000000000, 0.02963952383545203489, 0.006412090176345995596 ) ) ;
#4467 = PRESENTATION_STYLE_ASSIGNMENT (( #4496 ) ) ;
#4468 = STYLED_ITEM ( 'NONE', ( #1945 ), #242 ) ;
#4469 = PLANE ( 'NONE',  #2745 ) ;
#4470 = CARTESIAN_POINT ( 'NONE',  ( -0.01604883258944457547, -0.01017666381781352943, 0.06841209017634598821 ) ) ;
#4471 =( CONVERSION_BASED_UNIT ( 'INCH', #4827 ) LENGTH_UNIT ( ) NAMED_UNIT ( #4757 ) );
#4472 = VECTOR ( 'NONE', #241, 39.37007874015748143 ) ;
#4473 = CARTESIAN_POINT ( 'NONE',  ( 0.02312304773890706475, 0.01085118255556683647, 0.06841209017634598821 ) ) ;
#4474 = CARTESIAN_POINT ( 'NONE',  ( 0.06448939481647289473, -0.02000000000000000736, 0.04191209017634599243 ) ) ;
#4475 = DIRECTION ( 'NONE',  ( -0.0000000000000000000, -0.0000000000000000000, 1.000000000000000000 ) ) ;
#4476 =( GEOMETRIC_REPRESENTATION_CONTEXT ( 3 ) GLOBAL_UNCERTAINTY_ASSIGNED_CONTEXT ( ( #3613 ) ) GLOBAL_UNIT_ASSIGNED_CONTEXT ( ( #1138, #3774, #3728 ) ) REPRESENTATION_CONTEXT ( 'NONE', 'WORKASPACE' ) );
#4477 = CARTESIAN_POINT ( 'NONE',  ( -0.05900000000000000383, 0.03150000000000000022, 0.04191209017634599243 ) ) ;
#4478 = SURFACE_SIDE_STYLE ('',( #4151 ) ) ;
#4479 = SURFACE_STYLE_USAGE ( .BOTH. , #2206 ) ;
#4480 = CARTESIAN_POINT ( 'NONE',  ( 0.06448939481647289473, -0.02000000000000000736, 0.03691209017634599493 ) ) ;
#4481 = CARTESIAN_POINT ( 'NONE',  ( -0.01182063425881533895, -0.005797162840785548624, 0.06841209017634598821 ) ) ;
#4482 = COLOUR_RGB ( '',0.5019607843137254832, 0.5019607843137254832, 0.5019607843137254832 ) ;
#4483 = VERTEX_POINT ( 'NONE', #1693 ) ;
#4484 = CARTESIAN_POINT ( 'NONE',  ( 0.02706024497283970182, 0.007946044239572016069, 0.06840709017634598321 ) ) ;
#4485 = CARTESIAN_POINT ( 'NONE',  ( -0.01357054570643977977, -0.01262132915327402599, 0.06841209017634598821 ) ) ;
#4486 = COLOUR_RGB ( '',0.7921568627450980005, 0.8196078431372548767, 0.9333333333333333481 ) ;
#4487 =( NAMED_UNIT ( * ) SI_UNIT ( $, .STERADIAN. ) SOLID_ANGLE_UNIT ( ) );
#4488 = PRESENTATION_LAYER_ASSIGNMENT (  '', '', ( #1482 ) ) ;
#4489 = CARTESIAN_POINT ( 'NONE',  ( 0.02766649527719658441, -0.005967294219068238099, 0.06840709017634598321 ) ) ;
#4490 = EDGE_LOOP ( 'NONE', ( #3815, #3160, #4841, #4523 ) ) ;
#4491 =( NAMED_UNIT ( * ) PLANE_ANGLE_UNIT ( ) SI_UNIT ( $, .RADIAN. ) );
#4492 =( CONVERSION_BASED_UNIT ( 'INCH', #2982 ) LENGTH_UNIT ( ) NAMED_UNIT ( #4366 ) );
#4493 = CARTESIAN_POINT ( 'NONE',  ( 0.02534026354889833479, -0.009280548164313711518, 0.06840709017634598321 ) ) ;
#4494 = DIRECTION ( 'NONE',  ( 1.000000000000000000, -0.0000000000000000000, 0.0000000000000000000 ) ) ;
#4495 = EDGE_CURVE ( 'NONE', #4105, #568, #4270, .T. ) ;
#4496 = SURFACE_STYLE_USAGE ( .BOTH. , #2598 ) ;
#4497 = SURFACE_SIDE_STYLE ('',( #2988 ) ) ;
#4498 = ORIENTED_EDGE ( 'NONE', *, *, #4722, .F. ) ;
#4499 = EDGE_CURVE ( 'NONE', #3753, #371, #3196, .T. ) ;
#4500 = CARTESIAN_POINT ( 'NONE',  ( -0.01535734286382906336, -0.01282326377035029365, 0.06841209017634598821 ) ) ;
#4501 = UNCERTAINTY_MEASURE_WITH_UNIT (LENGTH_MEASURE( 1.000000000000000082E-05 ), #228, 'distance_accuracy_value', 'NONE');
#4502 = LINE ( 'NONE', #2583, #705 ) ;
#4503 = VERTEX_POINT ( 'NONE', #504 ) ;
#4504 = CARTESIAN_POINT ( 'NONE',  ( -0.01177160568434188273, -0.003813848706247725123, 0.06840709017634598321 ) ) ;
#4505 = CARTESIAN_POINT ( 'NONE',  ( 0.01392694580738769797, 0.002620974516809438867, 0.06840709017634598321 ) ) ;
#4506 = VECTOR ( 'NONE', #4663, 39.37007874015748143 ) ;
#4507 =( CONVERSION_BASED_UNIT ( 'INCH', #3092 ) LENGTH_UNIT ( ) NAMED_UNIT ( #2045 ) );
#4508 = VECTOR ( 'NONE', #3296, 39.37007874015748143 ) ;
#4509 = PLANE ( 'NONE',  #1785 ) ;
#4510 = CARTESIAN_POINT ( 'NONE',  ( -0.01087359518634915985, -0.01086491097361608378, 0.06840709017634598321 ) ) ;
#4511 = SURFACE_SIDE_STYLE ('',( #713 ) ) ;
#4512 = VERTEX_POINT ( 'NONE', #4689 ) ;
#4513 =( CONVERSION_BASED_UNIT ( 'INCH', #4645 ) LENGTH_UNIT ( ) NAMED_UNIT ( #4064 ) );
#4514 = CARTESIAN_POINT ( 'NONE',  ( 0.01942797780589498174, -0.01229593096675535464, 0.06841209017634598821 ) ) ;
#4515 = CARTESIAN_POINT ( 'NONE',  ( -0.01523214254331624329, -0.01025916120624772651, 0.06840709017634598321 ) ) ;
#4516 = CARTESIAN_POINT ( 'NONE',  ( 0.02230291354642734494, 0.01089468494759842851, 0.06840709017634598321 ) ) ;
#4517 = ORIENTED_EDGE ( 'NONE', *, *, #611, .F. ) ;
#4518 =( NAMED_UNIT ( * ) PLANE_ANGLE_UNIT ( ) SI_UNIT ( $, .RADIAN. ) );
#4519 = DIRECTION ( 'NONE',  ( 0.0000000000000000000, 0.0000000000000000000, 1.000000000000000000 ) ) ;
#4520 =( GEOMETRIC_REPRESENTATION_CONTEXT ( 3 ) GLOBAL_UNCERTAINTY_ASSIGNED_CONTEXT ( ( #1032 ) ) GLOBAL_UNIT_ASSIGNED_CONTEXT ( ( #2601, #3741, #702 ) ) REPRESENTATION_CONTEXT ( 'NONE', 'WORKASPACE' ) );
#4521 = CARTESIAN_POINT ( 'NONE',  ( 0.01891300432978215706, -0.01205197608387690959, 0.06840709017634601097 ) ) ;
#4522 = LENGTH_MEASURE_WITH_UNIT ( LENGTH_MEASURE( 0.02539999999999999897 ), #1152 );
#4523 = ORIENTED_EDGE ( 'NONE', *, *, #1566, .T. ) ;
#4524 = CARTESIAN_POINT ( 'NONE',  ( -0.01563815375400712943, -0.01024125246010024887, 0.06841209017634598821 ) ) ;
#4525 = PRESENTATION_STYLE_ASSIGNMENT (( #1105 ) ) ;
#4526 = CARTESIAN_POINT ( 'NONE',  ( 0.0000000000000000000, -0.02963952383545203489, 0.006412090176345995596 ) ) ;
#4527 = ADVANCED_FACE ( 'NONE', ( #1667 ), #179, .F. ) ;
#4528 = LINE ( 'NONE', #4474, #3623 ) ;
#4529 = ORIENTED_EDGE ( 'NONE', *, *, #2403, .F. ) ;
#4530 = CARTESIAN_POINT ( 'NONE',  ( 0.05008736867463247505, 0.01281776187067535343, 0.06841209017634598821 ) ) ;
#4531 = CARTESIAN_POINT ( 'NONE',  ( 0.01387631422922884147, 0.001486798502046581287, 0.06841209017634598821 ) ) ;
#4532 = AXIS2_PLACEMENT_3D ( 'NONE', #3179, #936, #4696 ) ;
#4533 = CARTESIAN_POINT ( 'NONE',  ( -0.05373796110358478734, -0.02000000000000000042, 0.004999999999999997502 ) ) ;
#4534 = EDGE_CURVE ( 'NONE', #570, #4826, #1312, .T. ) ;
#4535 = PRESENTATION_STYLE_ASSIGNMENT (( #3025 ) ) ;
#4536 = DIRECTION ( 'NONE',  ( 1.000000000000000000, 0.0000000000000000000, 0.0000000000000000000 ) ) ;
#4537 = CARTESIAN_POINT ( 'NONE',  ( -0.01709690744138850013, -0.009795228355461305797, 0.06841209017634598821 ) ) ;
#4538 = STYLED_ITEM ( 'NONE', ( #2648 ), #3690 ) ;
#4539 = ORIENTED_EDGE ( 'NONE', *, *, #1237, .F. ) ;
#4540 = CARTESIAN_POINT ( 'NONE',  ( -0.01686976273562393672, -0.009898584283170804715, 0.06840709017634598321 ) ) ;
#4541 = VECTOR ( 'NONE', #3242, 39.37007874015748143 ) ;
#4542 = ORIENTED_EDGE ( 'NONE', *, *, #1131, .T. ) ;
#4543 = SURFACE_SIDE_STYLE ('',( #3036 ) ) ;
#4544 = VECTOR ( 'NONE', #2684, 39.37007874015748143 ) ;
#4545 = ORIENTED_EDGE ( 'NONE', *, *, #4561, .T. ) ;
#4546 = PRESENTATION_STYLE_ASSIGNMENT (( #3516 ) ) ;
#4547 = PRESENTATION_LAYER_ASSIGNMENT (  '', '', ( #3689 ) ) ;
#4548 = STYLED_ITEM ( 'NONE', ( #1561 ), #36 ) ;
#4549 = SURFACE_SIDE_STYLE ('',( #2992 ) ) ;
#4550 = DIRECTION ( 'NONE',  ( -0.0000000000000000000, -0.0000000000000000000, 1.000000000000000000 ) ) ;
#4551 = AXIS2_PLACEMENT_3D ( 'NONE', #2148, #4029, #3654 ) ;
#4552 = UNCERTAINTY_MEASURE_WITH_UNIT (LENGTH_MEASURE( 1.000000000000000082E-05 ), #2000, 'distance_accuracy_value', 'NONE');
#4553 = CARTESIAN_POINT ( 'NONE',  ( 0.01790302390839162289, 0.01206660000975294696, 0.06841209017634598821 ) ) ;
#4554 = ORIENTED_EDGE ( 'NONE', *, *, #3165, .T. ) ;
#4555 = CARTESIAN_POINT ( 'NONE',  ( 0.01445384710730453041, 0.006454545064578102315, 0.06841209017634598821 ) ) ;
#4556 = DIRECTION ( 'NONE',  ( -0.05226442768871395611, 0.05226442768871395611, 0.9972646886342373396 ) ) ;
#4557 = AXIS2_PLACEMENT_3D ( 'NONE', #1492, #3417, #716 ) ;
#4558 = DIRECTION ( 'NONE',  ( 0.0000000000000000000, -1.000000000000000000, 0.0000000000000000000 ) ) ;
#4559 = VERTEX_POINT ( 'NONE', #3596 ) ;
#4560 = CARTESIAN_POINT ( 'NONE',  ( 0.01782892832514505407, 0.008455188037163044110, 0.06840709017634596933 ) ) ;
#4561 = EDGE_CURVE ( 'NONE', #3125, #1640, #1715, .T. ) ;
#4562 = MECHANICAL_DESIGN_GEOMETRIC_PRESENTATION_REPRESENTATION (  '', ( #4628 ), #214 ) ;
#4563 = STYLED_ITEM ( 'NONE', ( #3198 ), #2427 ) ;
#4564 = LINE ( 'NONE', #4516, #1858 ) ;
#4565 = AXIS2_PLACEMENT_3D ( 'NONE', #88, #3554, #877 ) ;
#4566 = ORIENTED_EDGE ( 'NONE', *, *, #3459, .T. ) ;
#4567 = PRESENTATION_STYLE_ASSIGNMENT (( #49 ) ) ;
#4568 = MECHANICAL_DESIGN_GEOMETRIC_PRESENTATION_REPRESENTATION (  '', ( #1871 ), #3068 ) ;
#4569 = DIRECTION ( 'NONE',  ( 0.0000000000000000000, 1.000000000000000000, -0.0000000000000000000 ) ) ;
#4570 = ORIENTED_EDGE ( 'NONE', *, *, #516, .T. ) ;
#4571 =( NAMED_UNIT ( * ) PLANE_ANGLE_UNIT ( ) SI_UNIT ( $, .RADIAN. ) );
#4572 = CARTESIAN_POINT ( 'NONE',  ( -0.01975985577923602618, -0.008225910006877662842, 0.06840709017634598321 ) ) ;
#4573 = CARTESIAN_POINT ( 'NONE',  ( 0.02848256653967831328, -0.002281074665799356308, 0.06841209017634598821 ) ) ;
#4574 = DIRECTION ( 'NONE',  ( -0.8760724843746798829, 0.4821794293845146351, 0.0000000000000000000 ) ) ;
#4575 = EDGE_LOOP ( 'NONE', ( #492, #84, #4111, #1982 ) ) ;
#4576 = CARTESIAN_POINT ( 'NONE',  ( 0.01412632234426948290, 0.004678855624192319353, 0.06840709017634599709 ) ) ;
#4577 = CARTESIAN_POINT ( 'NONE',  ( -0.01444173561678268290, -0.01279540670059027899, 0.06841209017634598821 ) ) ;
#4578 = CARTESIAN_POINT ( 'NONE',  ( -0.02660748903173146274, 0.03011119384899940687, 0.06840709017634598321 ) ) ;
#4579 = CARTESIAN_POINT ( 'NONE',  ( 0.01669146439907075175, 0.006016024636274522677, 0.06840709017634598321 ) ) ;
#4580 = SURFACE_STYLE_FILL_AREA ( #1245 ) ;
#4581 = EDGE_CURVE ( 'NONE', #4105, #2080, #3993, .T. ) ;
#4582 = ORIENTED_EDGE ( 'NONE', *, *, #4722, .T. ) ;
#4583 = AXIS2_PLACEMENT_3D ( 'NONE', #1714, #979, #1309 ) ;
#4584 = SURFACE_STYLE_USAGE ( .BOTH. , #542 ) ;
#4585 = CARTESIAN_POINT ( 'NONE',  ( -0.06415338570894128789, 0.02000000000000000389, 0.04191209017634599243 ) ) ;
#4586 = SURFACE_SIDE_STYLE ('',( #3954 ) ) ;
#4587 = LENGTH_MEASURE_WITH_UNIT ( LENGTH_MEASURE( 0.02539999999999999897 ), #2267 );
#4588 = VERTEX_POINT ( 'NONE', #906 ) ;
#4589 = FILL_AREA_STYLE_COLOUR ( '', #1675 ) ;
#4590 = SURFACE_STYLE_FILL_AREA ( #1595 ) ;
#4591 = CARTESIAN_POINT ( 'NONE',  ( -0.01505940834026322887, -0.01025185595671930863, 0.06840709017634598321 ) ) ;
#4592 =( NAMED_UNIT ( * ) SI_UNIT ( $, .STERADIAN. ) SOLID_ANGLE_UNIT ( ) );
#4593 = CARTESIAN_POINT ( 'NONE',  ( 0.05867767469260778274, -0.03117767469260779994, 0.03576175692808142292 ) ) ;
#4594 = PRESENTATION_STYLE_ASSIGNMENT (( #2322 ) ) ;
#4595 = CARTESIAN_POINT ( 'NONE',  ( -0.01374710490100084816, -0.009915318469885891703, 0.06840709017634598321 ) ) ;
#4596 = CARTESIAN_POINT ( 'NONE',  ( 0.01387628693794496632, -0.0008629692250359809495, 0.06841209017634598821 ) ) ;
#4597 = COLOUR_RGB ( '',0.5019607843137254832, 0.5019607843137254832, 0.5019607843137254832 ) ;
#4598 = PRESENTATION_LAYER_ASSIGNMENT (  '', '', ( #824 ) ) ;
#4599 =( LENGTH_UNIT ( ) NAMED_UNIT ( * ) SI_UNIT ( $, .METRE. ) );
#4600 = DIMENSIONAL_EXPONENTS ( 1.000000000000000000, 0.0000000000000000000, 0.0000000000000000000, 0.0000000000000000000, 0.0000000000000000000, 0.0000000000000000000, 0.0000000000000000000 ) ;
#4601 = UNCERTAINTY_MEASURE_WITH_UNIT (LENGTH_MEASURE( 1.000000000000000082E-05 ), #1618, 'distance_accuracy_value', 'NONE');
#4602 = PLANE ( 'NONE',  #2976 ) ;
#4603 = PRESENTATION_LAYER_ASSIGNMENT (  '', '', ( #3354 ) ) ;
#4604 = VERTEX_POINT ( 'NONE', #2748 ) ;
#4605 = CARTESIAN_POINT ( 'NONE',  ( -0.05899999999999999689, 0.03150000000000000022, 0.04191209017634599243 ) ) ;
#4606 = ADVANCED_FACE ( 'NONE', ( #4049 ), #1452, .T. ) ;
#4607 = FILL_AREA_STYLE_COLOUR ( '', #2423 ) ;
#4608 = LENGTH_MEASURE_WITH_UNIT ( LENGTH_MEASURE( 0.02539999999999999897 ), #2033 );
#4609 = CARTESIAN_POINT ( 'NONE',  ( 0.02453279109014839393, 0.01311468775245711385, 0.06841209017634597433 ) ) ;
#4610 = SURFACE_STYLE_USAGE ( .BOTH. , #3424 ) ;
#4611 = PRESENTATION_LAYER_ASSIGNMENT (  '', '', ( #2713 ) ) ;
#4612 = ORIENTED_EDGE ( 'NONE', *, *, #1692, .F. ) ;
#4613 = ORIENTED_EDGE ( 'NONE', *, *, #2733, .F. ) ;
#4614 = CARTESIAN_POINT ( 'NONE',  ( -0.02660748903173146274, 0.03011119384899940687, 0.06841209017634598821 ) ) ;
#4615 = EDGE_CURVE ( 'NONE', #3258, #3656, #281, .T. ) ;
#4616 = AXIS2_PLACEMENT_3D ( 'NONE', #4585, #3953, #116 ) ;
#4617 = CARTESIAN_POINT ( 'NONE',  ( -0.02138699029972649865, -0.009938648385734903667, 0.06841209017634598821 ) ) ;
#4618 =( NAMED_UNIT ( * ) SI_UNIT ( $, .STERADIAN. ) SOLID_ANGLE_UNIT ( ) );
#4619 = SURFACE_STYLE_FILL_AREA ( #849 ) ;
#4620 = SURFACE_SIDE_STYLE ('',( #1969 ) ) ;
#4621 = MECHANICAL_DESIGN_GEOMETRIC_PRESENTATION_REPRESENTATION (  '', ( #2014 ), #4322 ) ;
#4622 = CARTESIAN_POINT ( 'NONE',  ( 0.01621546410612680067, 0.003128649302724050094, 0.06840709017634598321 ) ) ;
#4623 = VECTOR ( 'NONE', #4441, 39.37007874015748854 ) ;
#4624 = FILL_AREA_STYLE_COLOUR ( '', #706 ) ;
#4625 = FILL_AREA_STYLE ('',( #1924 ) ) ;
#4626 = ORIENTED_EDGE ( 'NONE', *, *, #1320, .F. ) ;
#4627 = CARTESIAN_POINT ( 'NONE',  ( -0.05873796110358478484, 0.02000000000000000042, 0.004999999999999997502 ) ) ;
#4628 = STYLED_ITEM ( 'NONE', ( #2724 ), #720 ) ;
#4629 = LENGTH_MEASURE_WITH_UNIT ( LENGTH_MEASURE( 0.02539999999999999897 ), #811 );
#4630 = CARTESIAN_POINT ( 'NONE',  ( 0.01445569505366333524, -0.005820525801595356936, 0.06840709017634598321 ) ) ;
#4631 = CARTESIAN_POINT ( 'NONE',  ( 0.02709574379458733542, 0.01168920336233961361, 0.06841209017634597433 ) ) ;
#4632 = LENGTH_MEASURE_WITH_UNIT ( LENGTH_MEASURE( 0.02539999999999999897 ), #2924 );
#4633 = ORIENTED_EDGE ( 'NONE', *, *, #301, .T. ) ;
#4634 = DIRECTION ( 'NONE',  ( 0.0000000000000000000, 0.0000000000000000000, 1.000000000000000000 ) ) ;
#4635 = EDGE_CURVE ( 'NONE', #4381, #3177, #2123, .T. ) ;
#4636 = ORIENTED_EDGE ( 'NONE', *, *, #2984, .F. ) ;
#4637 = CARTESIAN_POINT ( 'NONE',  ( -0.05873796110358478484, 0.02000000000000000042, 0.03691209017634599493 ) ) ;
#4638 = COLOUR_RGB ( '',0.6666666666666666297, 0.6980392156862744724, 0.7686274509803920907 ) ;
#4639 = SURFACE_STYLE_USAGE ( .BOTH. , #2760 ) ;
#4640 = UNCERTAINTY_MEASURE_WITH_UNIT (LENGTH_MEASURE( 1.000000000000000082E-05 ), #2013, 'distance_accuracy_value', 'NONE');
#4641 = CARTESIAN_POINT ( 'NONE',  ( 0.01401105539533894183, 0.003684976581060697351, 0.06841209017634598821 ) ) ;
#4642 = VERTEX_POINT ( 'NONE', #256 ) ;
#4643 =( NAMED_UNIT ( * ) PLANE_ANGLE_UNIT ( ) SI_UNIT ( $, .RADIAN. ) );
#4644 = EDGE_CURVE ( 'NONE', #2153, #1789, #4167, .T. ) ;
#4645 = LENGTH_MEASURE_WITH_UNIT ( LENGTH_MEASURE( 0.02539999999999999897 ), #3914 );
#4646 = LINE ( 'NONE', #1279, #2215 ) ;
#4647 = CARTESIAN_POINT ( 'NONE',  ( -0.05761119384899940354, -0.03011119384899940687, 0.06840709017634598321 ) ) ;
#4648 = CARTESIAN_POINT ( 'NONE',  ( -0.01190196299067833308, -0.006824694143942148204, 0.06840709017634598321 ) ) ;
#4649 = CARTESIAN_POINT ( 'NONE',  ( 0.02645070342061692226, -0.008231270699523680900, 0.06841209017634598821 ) ) ;
#4650 = SURFACE_SIDE_STYLE ('',( #1586 ) ) ;
#4651 = VERTEX_POINT ( 'NONE', #308 ) ;
#4652 = PLANE ( 'NONE',  #1055 ) ;
#4653 = SURFACE_STYLE_FILL_AREA ( #3232 ) ;
#4654 = AXIS2_PLACEMENT_3D ( 'NONE', #1100, #719, #4519 ) ;
#4655 = CARTESIAN_POINT ( 'NONE',  ( 0.02282201826397698557, 0.01344837375398709456, 0.06840709017634598321 ) ) ;
#4656 = ORIENTED_EDGE ( 'NONE', *, *, #2691, .F. ) ;
#4657 = FILL_AREA_STYLE_COLOUR ( '', #2871 ) ;
#4658 = ORIENTED_EDGE ( 'NONE', *, *, #4748, .F. ) ;
#4659 = CARTESIAN_POINT ( 'NONE',  ( -0.01709690744138850013, -0.009795228355461305797, 0.06840709017634598321 ) ) ;
#4660 = EDGE_CURVE ( 'NONE', #4704, #4483, #1428, .T. ) ;
#4661 = CARTESIAN_POINT ( 'NONE',  ( 0.01630306236156760583, 0.003944950398218548433, 0.06841209017634600209 ) ) ;
#4662 = LENGTH_MEASURE_WITH_UNIT ( LENGTH_MEASURE( 0.02539999999999999897 ), #2139 );
#4663 = DIRECTION ( 'NONE',  ( -0.0000000000000000000, -0.0000000000000000000, -1.000000000000000000 ) ) ;
#4664 = DIMENSIONAL_EXPONENTS ( 1.000000000000000000, 0.0000000000000000000, 0.0000000000000000000, 0.0000000000000000000, 0.0000000000000000000, 0.0000000000000000000, 0.0000000000000000000 ) ;
#4665 = ADVANCED_FACE ( 'NONE', ( #1405 ), #2554, .T. ) ;
#4666 = CARTESIAN_POINT ( 'NONE',  ( 0.02508129633737816652, -0.01227188509412329744, 0.06841209017634601597 ) ) ;
#4667 = LINE ( 'NONE', #1282, #450 ) ;
#4668 = CARTESIAN_POINT ( 'NONE',  ( 0.02222779335411965984, -0.01282326377035029018, 0.06841209017634598821 ) ) ;
#4669 = CARTESIAN_POINT ( 'NONE',  ( -0.01257712011278503024, -0.008881899018940141513, 0.06841209017634596046 ) ) ;
#4670 = ADVANCED_FACE ( 'NONE', ( #3103 ), #4251, .F. ) ;
#4671 = CARTESIAN_POINT ( 'NONE',  ( 0.01387176294352279217, 0.0007084414717075355290, 0.06840709017634598321 ) ) ;
#4672 = ORIENTED_EDGE ( 'NONE', *, *, #2791, .T. ) ;
#4673 = AXIS2_PLACEMENT_3D ( 'NONE', #2852, #3561, #1635 ) ;
#4674 = CARTESIAN_POINT ( 'NONE',  ( -0.06415338570894128789, 0.02000000000000000042, 0.0000000000000000000 ) ) ;
#4675 = CARTESIAN_POINT ( 'NONE',  ( 0.02754894353010232250, 0.01126947001374433051, 0.06840709017634599709 ) ) ;
#4676 = VERTEX_POINT ( 'NONE', #864 ) ;
#4677 = CARTESIAN_POINT ( 'NONE',  ( -0.01977528961917964997, -0.01129550924801431960, 0.06841209017634598821 ) ) ;
#4678 = ORIENTED_EDGE ( 'NONE', *, *, #1883, .T. ) ;
#4679 = LINE ( 'NONE', #1301, #359 ) ;
#4680 = PRESENTATION_LAYER_ASSIGNMENT (  '', '', ( #3595 ) ) ;
#4681 = CARTESIAN_POINT ( 'NONE',  ( -0.01257712011278503024, -0.008881899018940141513, 0.06840709017634598321 ) ) ;
#4682 =( NAMED_UNIT ( * ) SI_UNIT ( $, .STERADIAN. ) SOLID_ANGLE_UNIT ( ) );
#4683 = FILL_AREA_STYLE ('',( #3189 ) ) ;
#4684 = CARTESIAN_POINT ( 'NONE',  ( 0.02912320194822377167, -0.008497628173876659724, 0.06841209017634601597 ) ) ;
#4685 = CARTESIAN_POINT ( 'NONE',  ( 0.02677922896955925794, 0.008397950965118526276, 0.06841209017634602985 ) ) ;
#4686 = CARTESIAN_POINT ( 'NONE',  ( 0.01413071567649945744, -0.004040290064313739431, 0.06840709017634598321 ) ) ;
#4687 = COLOUR_RGB ( '',0.6666666666666666297, 0.6980392156862744724, 0.7686274509803920907 ) ;
#4688 = ADVANCED_FACE ( 'NONE', ( #2358 ), #3181, .F. ) ;
#4689 = CARTESIAN_POINT ( 'NONE',  ( 0.06448939481647289473, -0.02000000000000000736, 0.004999999999999997502 ) ) ;
#4690 = B_SPLINE_SURFACE_WITH_KNOTS ( 'NONE', 3, 1, ( 
 ( #103, #521 ),
 ( #551, #3521 ),
 ( #2806, #3110 ),
 ( #4333, #2435 ),
 ( #969, #4398 ),
 ( #1417, #3213 ),
 ( #671, #2165 ),
 ( #3666, #1754 ),
 ( #1786, #3692 ),
 ( #4093, #3316 ),
 ( #271, #4750 ) ),
 .UNSPECIFIED., .F., .F., .F.,
 ( 4, 1, 1, 1, 1, 1, 1, 1, 4 ),
 ( 2, 2 ),
 ( 0.0000000000000000000, 0.1105883385953361775, 0.2245417540535957490, 0.3425034940501038849, 0.4643240984173579444, 0.5907560327017663537, 0.7222274753555143478, 0.8588428362087243695, 1.000000000000000000 ),
 ( 0.0000000000000000000, 1.000000000000000000 ),
 .UNSPECIFIED. ) ;
#4691 = CARTESIAN_POINT ( 'NONE',  ( 0.01611551877435154004, -0.0006642291550604461584, 0.06841209017634598821 ) ) ;
#4692 = DIMENSIONAL_EXPONENTS ( 1.000000000000000000, 0.0000000000000000000, 0.0000000000000000000, 0.0000000000000000000, 0.0000000000000000000, 0.0000000000000000000, 0.0000000000000000000 ) ;
#4693 = CARTESIAN_POINT ( 'NONE',  ( 0.03470275329001708958, 0.01025365930657278976, 0.06841209017634598821 ) ) ;
#4694 = VERTEX_POINT ( 'NONE', #939 ) ;
#4695 = ADVANCED_FACE ( 'NONE', ( #1201 ), #2429, .T. ) ;
#4696 = DIRECTION ( 'NONE',  ( 0.0000000000000000000, -0.0000000000000000000, 1.000000000000000000 ) ) ;
#4697 = MECHANICAL_DESIGN_GEOMETRIC_PRESENTATION_REPRESENTATION (  '', ( #929 ), #3381 ) ;
#4698 = SURFACE_SIDE_STYLE ('',( #2108 ) ) ;
#4699 = LENGTH_MEASURE_WITH_UNIT ( LENGTH_MEASURE( 0.02539999999999999897 ), #2158 );
#4700 = CARTESIAN_POINT ( 'NONE',  ( 0.03022931041446076661, 0.006309466229725734648, 0.06841209017634597433 ) ) ;
#4701 =( GEOMETRIC_REPRESENTATION_CONTEXT ( 3 ) GLOBAL_UNCERTAINTY_ASSIGNED_CONTEXT ( ( #3568 ) ) GLOBAL_UNIT_ASSIGNED_CONTEXT ( ( #463, #1951, #3504 ) ) REPRESENTATION_CONTEXT ( 'NONE', 'WORKASPACE' ) );
#4702 = VERTEX_POINT ( 'NONE', #621 ) ;
#4703 = CARTESIAN_POINT ( 'NONE',  ( -0.05873796110358478484, 0.02000000000000000042, 0.03691209017634599493 ) ) ;
#4704 = VERTEX_POINT ( 'NONE', #666 ) ;
#4705 = VECTOR ( 'NONE', #3961, 39.37007874015748143 ) ;
#4706 = LENGTH_MEASURE_WITH_UNIT ( LENGTH_MEASURE( 0.02539999999999999897 ), #595 );
#4707 = CARTESIAN_POINT ( 'NONE',  ( 0.01611300970027349996, 0.0003177618706753523544, 0.06841209017634598821 ) ) ;
#4708 = CARTESIAN_POINT ( 'NONE',  ( 0.01782892832514505407, 0.008455188037163044110, 0.06841209017634593270 ) ) ;
#4709 = PRESENTATION_LAYER_ASSIGNMENT (  '', '', ( #2985 ) ) ;
#4710 = AXIS2_PLACEMENT_3D ( 'NONE', #1496, #4569, #3808 ) ;
#4711 = STYLED_ITEM ( 'NONE', ( #170 ), #1792 ) ;
#4712 = CARTESIAN_POINT ( 'NONE',  ( 0.02877841747618320803, -0.009091673121588376288, 0.06841209017634601597 ) ) ;
#4713 = SURFACE_STYLE_USAGE ( .BOTH. , #3552 ) ;
#4714 = CARTESIAN_POINT ( 'NONE',  ( 0.02615242016768184324, 0.009181287661320047117, 0.06841209017634602985 ) ) ;
#4715 = CARTESIAN_POINT ( 'NONE',  ( 0.01386941995668375914, 0.0003077458450343269658, 0.06841209017634598821 ) ) ;
#4716 = CARTESIAN_POINT ( 'NONE',  ( 0.01668698702952842519, -0.005370401004681717161, 0.06841209017634600209 ) ) ;
#4717 = CARTESIAN_POINT ( 'NONE',  ( -0.01374710490100084816, -0.009915318469885891703, 0.06841209017634598821 ) ) ;
#4718 = CARTESIAN_POINT ( 'NONE',  ( 0.03079535169258387425, 0.002534436009008798635, 0.06841209017634598821 ) ) ;
#4719 = EDGE_LOOP ( 'NONE', ( #4116, #1197, #587, #4302 ) ) ;
#4720 = CARTESIAN_POINT ( 'NONE',  ( -0.009528015940752140173, 0.01281776187067535343, 0.06840709017634598321 ) ) ;
#4721 = PRESENTATION_STYLE_ASSIGNMENT (( #263 ) ) ;
#4722 = EDGE_CURVE ( 'NONE', #4442, #3753, #4058, .T. ) ;
#4723 = CARTESIAN_POINT ( 'NONE',  ( 0.03085199302292679704, 0.0006917342960236100855, 0.06841209017634597433 ) ) ;
#4724 = ORIENTED_EDGE ( 'NONE', *, *, #1373, .T. ) ;
#4725 = SURFACE_STYLE_USAGE ( .BOTH. , #518 ) ;
#4726 = DIMENSIONAL_EXPONENTS ( 1.000000000000000000, 0.0000000000000000000, 0.0000000000000000000, 0.0000000000000000000, 0.0000000000000000000, 0.0000000000000000000, 0.0000000000000000000 ) ;
#4727 = EDGE_CURVE ( 'NONE', #2504, #1887, #3256, .T. ) ;
#4728 = CARTESIAN_POINT ( 'NONE',  ( 0.01615916876361068316, 0.002248097029657353078, 0.06841209017634598821 ) ) ;
#4729 = EDGE_LOOP ( 'NONE', ( #2960, #4215, #4566, #1342 ) ) ;
#4730 = CARTESIAN_POINT ( 'NONE',  ( 0.02202640931723587672, 0.01088017461440376164, 0.06841209017634594658 ) ) ;
#4731 =( LENGTH_UNIT ( ) NAMED_UNIT ( * ) SI_UNIT ( $, .METRE. ) );
#4732 = CARTESIAN_POINT ( 'NONE',  ( 0.02147677189867058106, -0.01021778780390234127, 0.06841209017634598821 ) ) ;
#4733 =( CONVERSION_BASED_UNIT ( 'INCH', #1764 ) LENGTH_UNIT ( ) NAMED_UNIT ( #1658 ) );
#4734 = CARTESIAN_POINT ( 'NONE',  ( 0.01996159577077845360, -0.01248317979757990713, 0.06841209017634598821 ) ) ;
#4735 = CARTESIAN_POINT ( 'NONE',  ( -0.02813952383545203009, 0.02963952383545203489, 0.005412090176345997310 ) ) ;
#4736 = COLOUR_RGB ( '',0.7921568627450980005, 0.8196078431372548767, 0.9333333333333333481 ) ;
#4737 =( LENGTH_UNIT ( ) NAMED_UNIT ( * ) SI_UNIT ( $, .METRE. ) );
#4738 = SURFACE_SIDE_STYLE ('',( #2053 ) ) ;
#4739 = DIRECTION ( 'NONE',  ( -0.0000000000000000000, -0.0000000000000000000, 1.000000000000000000 ) ) ;
#4740 = ORIENTED_EDGE ( 'NONE', *, *, #4053, .T. ) ;
#4741 =( NAMED_UNIT ( * ) SI_UNIT ( $, .STERADIAN. ) SOLID_ANGLE_UNIT ( ) );
#4742 =( LENGTH_UNIT ( ) NAMED_UNIT ( * ) SI_UNIT ( $, .METRE. ) );
#4743 = CARTESIAN_POINT ( 'NONE',  ( 0.06448939481647289473, 0.02000000000000000736, 0.03691209017634599493 ) ) ;
#4744 = SURFACE_SIDE_STYLE ('',( #963 ) ) ;
#4745 = B_SPLINE_CURVE_WITH_KNOTS ( 'NONE', 3,
 ( #3814, #1621, #2683, #1911, #3453, #2339, #3430, #3865, #1554, #1234, #4263 ),
 .UNSPECIFIED., .F., .F.,
 ( 4, 1, 1, 1, 1, 1, 1, 1, 4 ),
 ( 0.0000000000000000000, 0.1105883385953361775, 0.2245417540535957490, 0.3425034940501038849, 0.4643240984173579444, 0.5907560327017663537, 0.7222274753555143478, 0.8588428362087243695, 1.000000000000000000 ),
 .UNSPECIFIED. ) ;
#4746 = ORIENTED_EDGE ( 'NONE', *, *, #641, .T. ) ;
#4747 = DIRECTION ( 'NONE',  ( -1.000000000000000000, 0.0000000000000000000, 0.0000000000000000000 ) ) ;
#4748 = EDGE_CURVE ( 'NONE', #3331, #2397, #4440, .T. ) ;
#4749 = AXIS2_PLACEMENT_3D ( 'NONE', #2098, #205, #3895 ) ;
#4750 = CARTESIAN_POINT ( 'NONE',  ( 0.02861300970027350413, 0.0003177618706753523544, 0.06841209017634598821 ) ) ;
#4751 = CARTESIAN_POINT ( 'NONE',  ( -0.01230056836646381026, -0.008427856276037096889, 0.06840709017634598321 ) ) ;
#4752 = MECHANICAL_DESIGN_GEOMETRIC_PRESENTATION_REPRESENTATION (  '', ( #3354 ), #2472 ) ;
#4753 = ORIENTED_EDGE ( 'NONE', *, *, #3635, .F. ) ;
#4754 = CARTESIAN_POINT ( 'NONE',  ( 0.01730699764108816277, 0.007587658522560286438, 0.06840709017634598321 ) ) ;
#4755 = DIRECTION ( 'NONE',  ( -0.0000000000000000000, 1.000000000000000000, -0.0000000000000000000 ) ) ;
#4756 = EDGE_CURVE ( 'NONE', #4826, #2001, #1389, .T. ) ;
#4757 = DIMENSIONAL_EXPONENTS ( 1.000000000000000000, 0.0000000000000000000, 0.0000000000000000000, 0.0000000000000000000, 0.0000000000000000000, 0.0000000000000000000, 0.0000000000000000000 ) ;
#4758 = PRESENTATION_LAYER_ASSIGNMENT (  '', '', ( #676 ) ) ;
#4759 = CARTESIAN_POINT ( 'NONE',  ( 0.02840278358330443689, -0.009641671313953784073, 0.06840709017634598321 ) ) ;
#4760 = FILL_AREA_STYLE ('',( #2965 ) ) ;
#4761 = CARTESIAN_POINT ( 'NONE',  ( 0.02106574718133239280, -0.01274540913546161336, 0.06840709017634598321 ) ) ;
#4762 = CARTESIAN_POINT ( 'NONE',  ( -0.01182063425881533895, -0.005797162840785548624, 0.06841209017634594658 ) ) ;
#4763 = SURFACE_STYLE_FILL_AREA ( #3274 ) ;
#4764 = LINE ( 'NONE', #2518, #138 ) ;
#4765 = CARTESIAN_POINT ( 'NONE',  ( -0.009528015940752140173, -0.004064249347273366127, 0.06840709017634598321 ) ) ;
#4766 = COLOUR_RGB ( '',0.7921568627450980005, 0.8196078431372548767, 0.9333333333333333481 ) ;
#4767 = EDGE_LOOP ( 'NONE', ( #4626, #3849, #844, #455, #519, #183, #2455, #4855 ) ) ;
#4768 = CARTESIAN_POINT ( 'NONE',  ( 0.02861300970027350413, 0.0003177618706753523544, 0.06840709017634598321 ) ) ;
#4769 = CARTESIAN_POINT ( 'NONE',  ( -0.01504601570501400490, -0.01281379173699835790, 0.06841209017634598821 ) ) ;
#4770 = CARTESIAN_POINT ( 'NONE',  ( -0.02660748903173146274, 0.03011119384899940687, 0.06840709017634598321 ) ) ;
#4771 = DIRECTION ( 'NONE',  ( 0.0000000000000000000, -1.000000000000000000, 0.0000000000000000000 ) ) ;
#4772 = SURFACE_STYLE_USAGE ( .BOTH. , #4744 ) ;
#4773 = ORIENTED_EDGE ( 'NONE', *, *, #1698, .T. ) ;
#4774 = DIRECTION ( 'NONE',  ( -1.000000000000000000, 0.0000000000000000000, 0.0000000000000000000 ) ) ;
#4775 = COLOUR_RGB ( '',0.5019607843137254832, 0.5019607843137254832, 0.5019607843137254832 ) ;
#4776 = CARTESIAN_POINT ( 'NONE',  ( 0.02472546397547774680, -0.009673030345879860339, 0.06840709017634599709 ) ) ;
#4777 = CARTESIAN_POINT ( 'NONE',  ( 0.03058753875307297643, -0.003907629446942817095, 0.06841209017634600209 ) ) ;
#4778 = PRESENTATION_LAYER_ASSIGNMENT (  '', '', ( #2019 ) ) ;
#4779 = EDGE_CURVE ( 'NONE', #3957, #2832, #4005, .T. ) ;
#4780 = ORIENTED_EDGE ( 'NONE', *, *, #3869, .T. ) ;
#4781 = CARTESIAN_POINT ( 'NONE',  ( -0.02813952383545203009, 0.02963952383545203489, 0.006412090176345995596 ) ) ;
#4782 =( GEOMETRIC_REPRESENTATION_CONTEXT ( 3 ) GLOBAL_UNCERTAINTY_ASSIGNED_CONTEXT ( ( #3910 ) ) GLOBAL_UNIT_ASSIGNED_CONTEXT ( ( #4367, #1719, #4031 ) ) REPRESENTATION_CONTEXT ( 'NONE', 'WORKASPACE' ) );
#4784 = CARTESIAN_POINT ( 'NONE',  ( 0.01842918827420644140, -0.008555134115626547228, 0.06840709017634598321 ) ) ;
#4783 = AXIS2_PLACEMENT_3D ( 'NONE', #4264, #1239, #2020 ) ;
#4785 =( NAMED_UNIT ( * ) PLANE_ANGLE_UNIT ( ) SI_UNIT ( $, .RADIAN. ) );
#4786 = EDGE_CURVE ( 'NONE', #2757, #2919, #1311, .T. ) ;
#4787 = AXIS2_PLACEMENT_3D ( 'NONE', #3482, #3843, #4222 ) ;
#4788 = UNCERTAINTY_MEASURE_WITH_UNIT (LENGTH_MEASURE( 1.000000000000000082E-05 ), #4412, 'distance_accuracy_value', 'NONE');
#4789 = CARTESIAN_POINT ( 'NONE',  ( 0.02222779335411965984, 0.01345878751170099391, 0.06840709017634598321 ) ) ;
#4790 = PLANE ( 'NONE',  #3598 ) ;
#4791 = DIRECTION ( 'NONE',  ( -0.8760724843746798829, 0.4821794293845146351, 0.0000000000000000000 ) ) ;
#4792 =( GEOMETRIC_REPRESENTATION_CONTEXT ( 3 ) GLOBAL_UNCERTAINTY_ASSIGNED_CONTEXT ( ( #4307 ) ) GLOBAL_UNIT_ASSIGNED_CONTEXT ( ( #4192, #4253, #118 ) ) REPRESENTATION_CONTEXT ( 'NONE', 'WORKASPACE' ) );
#4793 = FACE_OUTER_BOUND ( 'NONE', #190, .T. ) ;
#4794 = CARTESIAN_POINT ( 'NONE',  ( 0.02222779335411965984, 0.01345878751170099391, 0.06841209017634598821 ) ) ;
#4795 = LINE ( 'NONE', #2756, #799 ) ;
#4796 = ORIENTED_EDGE ( 'NONE', *, *, #3869, .F. ) ;
#4797 = DIRECTION ( 'NONE',  ( -0.0000000000000000000, 0.0000000000000000000, -1.000000000000000000 ) ) ;
#4798 = CARTESIAN_POINT ( 'NONE',  ( 0.01552148588484135623, -0.008616701712502361846, 0.06841209017634600209 ) ) ;
#4799 = LINE ( 'NONE', #3308, #2194 ) ;
#4800 = UNCERTAINTY_MEASURE_WITH_UNIT (LENGTH_MEASURE( 1.000000000000000082E-05 ), #4513, 'distance_accuracy_value', 'NONE');
#4801 = CARTESIAN_POINT ( 'NONE',  ( 0.03022999497289649562, -0.005663358499091867941, 0.06840709017634599709 ) ) ;
#4802 = ORIENTED_EDGE ( 'NONE', *, *, #1461, .F. ) ;
#4803 = SURFACE_SIDE_STYLE ('',( #3313 ) ) ;
#4804 = CARTESIAN_POINT ( 'NONE',  ( 0.02725330547936481024, -0.006971739589847189555, 0.06841209017634597433 ) ) ;
#4805 =( LENGTH_UNIT ( ) NAMED_UNIT ( * ) SI_UNIT ( $, .METRE. ) );
#4806 = DIRECTION ( 'NONE',  ( 0.0000000000000000000, 0.0000000000000000000, -1.000000000000000000 ) ) ;
#4807 = CARTESIAN_POINT ( 'NONE',  ( -0.01563815375400712943, -0.01024125246010024887, 0.06841209017634598821 ) ) ;
#4808 = CARTESIAN_POINT ( 'NONE',  ( -0.01833747958661948244, -0.009133960893682577589, 0.06840709017634598321 ) ) ;
#4809 = SURFACE_SIDE_STYLE ('',( #4044 ) ) ;
#4810 = SURFACE_STYLE_FILL_AREA ( #303 ) ;
#4811 = CARTESIAN_POINT ( 'NONE',  ( 0.02709574379458733542, 0.01168920336233961361, 0.06840709017634598321 ) ) ;
#4812 = LINE ( 'NONE', #1893, #3045 ) ;
#4813 = SURFACE_SIDE_STYLE ('',( #1002 ) ) ;
#4814 = EDGE_CURVE ( 'NONE', #4394, #1830, #499, .T. ) ;
#4815 = CARTESIAN_POINT ( 'NONE',  ( -0.01178693945292334441, -0.005191418962717997930, 0.06841209017634600209 ) ) ;
#4816 = CARTESIAN_POINT ( 'NONE',  ( -0.01833747958661948244, -0.009133960893682577589, 0.06841209017634598821 ) ) ;
#4817 = ORIENTED_EDGE ( 'NONE', *, *, #4756, .T. ) ;
#4818 = DIRECTION ( 'NONE',  ( 1.000000000000000000, 0.0000000000000000000, 0.0000000000000000000 ) ) ;
#4819 = EDGE_CURVE ( 'NONE', #4676, #1268, #3781, .T. ) ;
#4820 = LINE ( 'NONE', #2951, #2656 ) ;
#4821 = CARTESIAN_POINT ( 'NONE',  ( -0.05900000000000000383, 0.02000000000000000042, 0.04191209017634599243 ) ) ;
#4822 = ORIENTED_EDGE ( 'NONE', *, *, #1426, .F. ) ;
#4823 = CARTESIAN_POINT ( 'NONE',  ( 0.01611300970027349996, 0.0003177618706753523544, 0.06841209017634598821 ) ) ;
#4824 = DIMENSIONAL_EXPONENTS ( 1.000000000000000000, 0.0000000000000000000, 0.0000000000000000000, 0.0000000000000000000, 0.0000000000000000000, 0.0000000000000000000, 0.0000000000000000000 ) ;
#4825 = CARTESIAN_POINT ( 'NONE',  ( 0.02645070342061692226, -0.008231270699523680900, 0.06840709017634598321 ) ) ;
#4826 = VERTEX_POINT ( 'NONE', #2213 ) ;
#4827 = LENGTH_MEASURE_WITH_UNIT ( LENGTH_MEASURE( 0.02539999999999999897 ), #3646 );
#4828 = STYLED_ITEM ( 'NONE', ( #539 ), #4323 ) ;
#4829 = VECTOR ( 'NONE', #344, 39.37007874015748143 ) ;
#4830 =( CONVERSION_BASED_UNIT ( 'INCH', #3348 ) LENGTH_UNIT ( ) NAMED_UNIT ( #923 ) );
#4831 = CARTESIAN_POINT ( 'NONE',  ( -0.05915338570894129039, 0.0000000000000000000, 0.03691209017634599493 ) ) ;
#4832 = DIRECTION ( 'NONE',  ( -0.0000000000000000000, -0.0000000000000000000, -1.000000000000000000 ) ) ;
#4833 = VECTOR ( 'NONE', #4755, 39.37007874015748143 ) ;
#4834 = AXIS2_PLACEMENT_3D ( 'NONE', #4462, #2187, #3711 ) ;
#4835 = DIRECTION ( 'NONE',  ( -0.0000000000000000000, -0.0000000000000000000, -1.000000000000000000 ) ) ;
#4836 = CARTESIAN_POINT ( 'NONE',  ( 0.03548939481647289673, 0.02000000000000000042, 0.0000000000000000000 ) ) ;
#4837 = COLOUR_RGB ( '',0.7921568627450980005, 0.8196078431372548767, 0.9333333333333333481 ) ;
#4838 = CARTESIAN_POINT ( 'NONE',  ( -0.01185066619138216808, -0.006342121284584469748, 0.06841209017634598821 ) ) ;
#4839 = CARTESIAN_POINT ( 'NONE',  ( 0.01611300970027349996, 0.0003177618706753523544, 0.06840709017634598321 ) ) ;
#4840 = EDGE_CURVE ( 'NONE', #1850, #2375, #369, .T. ) ;
#4841 = ORIENTED_EDGE ( 'NONE', *, *, #1196, .T. ) ;
#4842 = CARTESIAN_POINT ( 'NONE',  ( -0.01977528961917964997, -0.01129550924801431960, 0.06840709017634596933 ) ) ;
#4843 = CARTESIAN_POINT ( 'NONE',  ( -0.01277127271269584696, -0.01233593502177549386, 0.06840709017634598321 ) ) ;
#4844 =( GEOMETRIC_REPRESENTATION_CONTEXT ( 3 ) GLOBAL_UNCERTAINTY_ASSIGNED_CONTEXT ( ( #246 ) ) GLOBAL_UNIT_ASSIGNED_CONTEXT ( ( #478, #4643, #1988 ) ) REPRESENTATION_CONTEXT ( 'NONE', 'WORKASPACE' ) );
#4845 = CARTESIAN_POINT ( 'NONE',  ( 0.02580799600248004366, -0.008906774382518896013, 0.06841209017634598821 ) ) ;
#4846 = AXIS2_PLACEMENT_3D ( 'NONE', #157, #2768, #4295 ) ;
#4847 = FILL_AREA_STYLE ('',( #2236 ) ) ;
#4848 = SURFACE_SIDE_STYLE ('',( #1900 ) ) ;
#4849 = EDGE_CURVE ( 'NONE', #2832, #3656, #46, .T. ) ;
#4850 = ORIENTED_EDGE ( 'NONE', *, *, #4144, .T. ) ;
#4851 = LINE ( 'NONE', #4466, #163 ) ;
#4852 = MECHANICAL_DESIGN_GEOMETRIC_PRESENTATION_REPRESENTATION (  '', ( #4548 ), #376 ) ;
#4853 = CARTESIAN_POINT ( 'NONE',  ( 0.01996159577077845360, -0.01248317979757990713, 0.06840709017634598321 ) ) ;
#4854 = FILL_AREA_STYLE ('',( #3368 ) ) ;
#4855 = ORIENTED_EDGE ( 'NONE', *, *, #2198, .F. ) ;
#4856 = CARTESIAN_POINT ( 'NONE',  ( -0.01709690744138850013, -0.009795228355461305797, 0.06841209017634597433 ) ) ;
#4857 = CARTESIAN_POINT ( 'NONE',  ( 0.02855933663455862553, -0.001444600494972588184, 0.06841209017634598821 ) ) ;
#4858 = CARTESIAN_POINT ( 'NONE',  ( 0.02838010346784297297, 0.01030238727692099794, 0.06840709017634598321 ) ) ;
#4859 = ORIENTED_EDGE ( 'NONE', *, *, #2827, .T. ) ;
#4860 = SURFACE_STYLE_USAGE ( .BOTH. , #1841 ) ;
#4861 = AXIS2_PLACEMENT_3D ( 'NONE', #4176, #4558, #3704 ) ;
#4862 = CARTESIAN_POINT ( 'NONE',  ( 0.01519208308904602782, 0.008616540479658412605, 0.06840709017634598321 ) ) ;
#4863 = VECTOR ( 'NONE', #2468, 39.37007874015748143 ) ;
#4864 = FACE_OUTER_BOUND ( 'NONE', #1657, .T. ) ;
#4865 = DIRECTION ( 'NONE',  ( 0.0000000000000000000, 0.0000000000000000000, 1.000000000000000000 ) ) ;
#4866 = CARTESIAN_POINT ( 'NONE',  ( -0.01277127271269584696, -0.01233593502177549386, 0.06840709017634598321 ) ) ;
#4867 = ORIENTED_EDGE ( 'NONE', *, *, #1200, .T. ) ;
#4868 = AXIS2_PLACEMENT_3D ( 'NONE', #2209, #3027, #2282 ) ;
#4869 = CARTESIAN_POINT ( 'NONE',  ( 0.02203062111136784226, -0.01281993265993022595, 0.06841209017634598821 ) ) ;
ENDSEC;
END-ISO-10303-21;
