ISO-10303-21;
HEADER;
FILE_DESCRIPTION (( 'STEP AP214' ),
    '1' );
FILE_NAME ('DXW21BN2511NL.STEP',
    '2024-08-23T13:01:58',
    ( '' ),
    ( '' ),
    'SwSTEP 2.0',
    'SolidWorks 2023',
    '' );
FILE_SCHEMA (( 'AUTOMOTIVE_DESIGN' ));
ENDSEC;

DATA;
#1 = STYLED_ITEM ( 'NONE', ( #1092 ), #2122 ) ;
#2 = CYLINDRICAL_SURFACE ( 'NONE', #2911, 0.09999999999999999167 ) ;
#3 = CARTESIAN_POINT ( 'NONE',  ( 0.9499999999999996225, -0.4299999999999999378, -0.5999999999999999778 ) ) ;
#4 = LINE ( 'NONE', #339, #2755 ) ;
#5 = AXIS2_PLACEMENT_3D ( 'NONE', #2986, #1344, #194 ) ;
#6 = DIRECTION ( 'NONE',  ( -1.000000000000000000, -0.000000000000000000, -0.000000000000000000 ) ) ;
#7 = VECTOR ( 'NONE', #2785, 1000.000000000000000 ) ;
#8 = ORIENTED_EDGE ( 'NONE', *, *, #665, .T. ) ;
#9 = ORIENTED_EDGE ( 'NONE', *, *, #3145, .F. ) ;
#10 = UNCERTAINTY_MEASURE_WITH_UNIT (LENGTH_MEASURE( 1.000000000000000082E-05 ), #3306, 'distance_accuracy_value', 'NONE');
#11 = DIRECTION ( 'NONE',  ( -1.000000000000000000, 0.000000000000000000, -2.168404344971007685E-15 ) ) ;
#12 = VECTOR ( 'NONE', #1698, 1000.000000000000000 ) ;
#13 = ORIENTED_EDGE ( 'NONE', *, *, #185, .F. ) ;
#14 = LINE ( 'NONE', #1184, #3044 ) ;
#15 = CARTESIAN_POINT ( 'NONE',  ( -0.5999999999999997558, -0.5499999999999999334, 0.5499999999999999334 ) ) ;
#16 = SURFACE_STYLE_FILL_AREA ( #613 ) ;
#17 = VECTOR ( 'NONE', #1654, 1000.000000000000000 ) ;
#18 = AXIS2_PLACEMENT_3D ( 'NONE', #2451, #442, #1318 ) ;
#19 = DIRECTION ( 'NONE',  ( 0.000000000000000000, -1.000000000000000000, 0.000000000000000000 ) ) ;
#20 = EDGE_CURVE ( 'NONE', #46, #1869, #197, .T. ) ;
#21 = ORIENTED_EDGE ( 'NONE', *, *, #1399, .F. ) ;
#22 = CIRCLE ( 'NONE', #1122, 0.05000000000000002359 ) ;
#23 = DIRECTION ( 'NONE',  ( 0.000000000000000000, 0.000000000000000000, -1.000000000000000000 ) ) ;
#24 =( LENGTH_UNIT ( ) NAMED_UNIT ( * ) SI_UNIT ( .MILLI., .METRE. ) );
#25 = ADVANCED_FACE ( 'NONE', ( #177 ), #2482, .T. ) ;
#26 =( LENGTH_UNIT ( ) NAMED_UNIT ( * ) SI_UNIT ( .MILLI., .METRE. ) );
#27 = CARTESIAN_POINT ( 'NONE',  ( -0.9500000000000001776, 0.5999999999999999778, 0.5499999999999999334 ) ) ;
#28 = SURFACE_SIDE_STYLE ('',( #2061 ) ) ;
#29 = ORIENTED_EDGE ( 'NONE', *, *, #2638, .F. ) ;
#30 = ORIENTED_EDGE ( 'NONE', *, *, #1285, .F. ) ;
#31 = VECTOR ( 'NONE', #3574, 1000.000000000000000 ) ;
#32 = VERTEX_POINT ( 'NONE', #1345 ) ;
#33 = DIRECTION ( 'NONE',  ( 1.000000000000000000, 0.000000000000000000, 0.000000000000000000 ) ) ;
#34 = DIRECTION ( 'NONE',  ( 0.000000000000000000, 0.000000000000000000, 1.000000000000000000 ) ) ;
#35 = AXIS2_PLACEMENT_3D ( 'NONE', #3363, #552, #1718 ) ;
#36 = VECTOR ( 'NONE', #3062, 1000.000000000000000 ) ;
#37 = ORIENTED_EDGE ( 'NONE', *, *, #2918, .T. ) ;
#38 = DIRECTION ( 'NONE',  ( 0.000000000000000000, 0.000000000000000000, -1.000000000000000000 ) ) ;
#39 = CARTESIAN_POINT ( 'NONE',  ( -0.5499999999999998224, 0.3000000000000000444, -0.4999999999999998890 ) ) ;
#40 = EDGE_CURVE ( 'NONE', #3403, #2669, #2008, .T. ) ;
#41 = CARTESIAN_POINT ( 'NONE',  ( -0.9500000000000001776, 0.3999999999999999667, -0.5999999999999999778 ) ) ;
#42 = SURFACE_SIDE_STYLE ('',( #1195 ) ) ;
#43 = CARTESIAN_POINT ( 'NONE',  ( 0.5499999999999998224, -0.3999999999999999667, -0.6009999999999998677 ) ) ;
#44 = ADVANCED_FACE ( 'NONE', ( #1990 ), #2559, .T. ) ;
#45 = VECTOR ( 'NONE', #1556, 1000.000000000000000 ) ;
#46 = VERTEX_POINT ( 'NONE', #1364 ) ;
#47 = CYLINDRICAL_SURFACE ( 'NONE', #816, 0.05000000000000002359 ) ;
#48 =( LENGTH_UNIT ( ) NAMED_UNIT ( * ) SI_UNIT ( .MILLI., .METRE. ) );
#49 = AXIS2_PLACEMENT_3D ( 'NONE', #1831, #1257, #773 ) ;
#50 = ORIENTED_EDGE ( 'NONE', *, *, #684, .F. ) ;
#51 = VECTOR ( 'NONE', #1483, 1000.000000000000000 ) ;
#52 = ORIENTED_EDGE ( 'NONE', *, *, #3498, .T. ) ;
#53 = DIRECTION ( 'NONE',  ( 0.000000000000000000, 0.000000000000000000, -1.000000000000000000 ) ) ;
#54 = CYLINDRICAL_SURFACE ( 'NONE', #3447, 0.05000000000000002359 ) ;
#55 = CIRCLE ( 'NONE', #1101, 0.05000000000000002359 ) ;
#56 =( NAMED_UNIT ( * ) PLANE_ANGLE_UNIT ( ) SI_UNIT ( $, .RADIAN. ) );
#57 = DIRECTION ( 'NONE',  ( 0.000000000000000000, 0.000000000000000000, 1.000000000000000000 ) ) ;
#58 = DIRECTION ( 'NONE',  ( -1.000000000000000000, 0.000000000000000000, 0.000000000000000000 ) ) ;
#59 =( LENGTH_UNIT ( ) NAMED_UNIT ( * ) SI_UNIT ( .MILLI., .METRE. ) );
#60 = CIRCLE ( 'NONE', #984, 0.05000000000000002359 ) ;
#61 = EDGE_CURVE ( 'NONE', #976, #2669, #2251, .T. ) ;
#62 = EDGE_CURVE ( 'NONE', #3570, #2818, #1678, .T. ) ;
#63 = ORIENTED_EDGE ( 'NONE', *, *, #458, .T. ) ;
#64 = DIRECTION ( 'NONE',  ( 0.000000000000000000, 0.000000000000000000, -1.000000000000000000 ) ) ;
#65 = UNCERTAINTY_MEASURE_WITH_UNIT (LENGTH_MEASURE( 1.000000000000000082E-05 ), #1402, 'distance_accuracy_value', 'NONE');
#66 =( NAMED_UNIT ( * ) SI_UNIT ( $, .STERADIAN. ) SOLID_ANGLE_UNIT ( ) );
#67 = AXIS2_PLACEMENT_3D ( 'NONE', #2592, #523, #3755 ) ;
#68 =( NAMED_UNIT ( * ) PLANE_ANGLE_UNIT ( ) SI_UNIT ( $, .RADIAN. ) );
#69 = VERTEX_POINT ( 'NONE', #2908 ) ;
#70 = DIRECTION ( 'NONE',  ( 1.000000000000000000, 0.000000000000000000, 0.000000000000000000 ) ) ;
#71 = VECTOR ( 'NONE', #778, 1000.000000000000000 ) ;
#72 = LINE ( 'NONE', #3470, #3609 ) ;
#73 = MECHANICAL_DESIGN_GEOMETRIC_PRESENTATION_REPRESENTATION (  '', ( #750 ), #2143 ) ;
#74 = DIRECTION ( 'NONE',  ( 1.000000000000000000, -0.000000000000000000, 0.000000000000000000 ) ) ;
#75 = ORIENTED_EDGE ( 'NONE', *, *, #1930, .F. ) ;
#76 = DIRECTION ( 'NONE',  ( -1.084202172485504434E-15, 1.000000000000000000, 0.000000000000000000 ) ) ;
#77 =( NAMED_UNIT ( * ) SI_UNIT ( $, .STERADIAN. ) SOLID_ANGLE_UNIT ( ) );
#78 = PLANE ( 'NONE',  #1788 ) ;
#79 = DIRECTION ( 'NONE',  ( 0.000000000000000000, 0.000000000000000000, -1.000000000000000000 ) ) ;
#80 = DIRECTION ( 'NONE',  ( -1.000000000000000000, 0.000000000000000000, 0.000000000000000000 ) ) ;
#81 = ORIENTED_EDGE ( 'NONE', *, *, #979, .T. ) ;
#82 = ADVANCED_FACE ( 'NONE', ( #2540 ), #2599, .F. ) ;
#83 = ORIENTED_EDGE ( 'NONE', *, *, #2188, .F. ) ;
#84 = CARTESIAN_POINT ( 'NONE',  ( -1.000000000000000222, -0.4299999999999999378, 0.5999999999999999778 ) ) ;
#85 = FACE_OUTER_BOUND ( 'NONE', #776, .T. ) ;
#86 = CYLINDRICAL_SURFACE ( 'NONE', #2259, 0.05000000000000002359 ) ;
#87 = EDGE_CURVE ( 'NONE', #3615, #1446, #55, .T. ) ;
#88 = EDGE_CURVE ( 'NONE', #3712, #594, #3395, .T. ) ;
#89 =( NAMED_UNIT ( * ) PLANE_ANGLE_UNIT ( ) SI_UNIT ( $, .RADIAN. ) );
#90 = ORIENTED_EDGE ( 'NONE', *, *, #1611, .F. ) ;
#91 = CARTESIAN_POINT ( 'NONE',  ( -0.9500000000000001776, -0.5499999999999999334, 0.2499999999999999445 ) ) ;
#92 = AXIS2_PLACEMENT_3D ( 'NONE', #761, #1129, #3404 ) ;
#93 = STYLED_ITEM ( 'NONE', ( #794 ), #610 ) ;
#94 = SURFACE_SIDE_STYLE ('',( #3258 ) ) ;
#95 = DIRECTION ( 'NONE',  ( -5.421010862427523156E-16, 1.000000000000000000, -0.000000000000000000 ) ) ;
#96 = VERTEX_POINT ( 'NONE', #1716 ) ;
#97 = CARTESIAN_POINT ( 'NONE',  ( -0.9500000000000001776, -0.5999999999999999778, -0.5499999999999999334 ) ) ;
#98 = DIRECTION ( 'NONE',  ( -0.000000000000000000, 1.000000000000000000, -0.000000000000000000 ) ) ;
#99 = LINE ( 'NONE', #376, #315 ) ;
#100 = ORIENTED_EDGE ( 'NONE', *, *, #2685, .F. ) ;
#101 = CARTESIAN_POINT ( 'NONE',  ( 0.000000000000000000, -0.4299999999999999378, 0.000000000000000000 ) ) ;
#102 = UNCERTAINTY_MEASURE_WITH_UNIT (LENGTH_MEASURE( 1.000000000000000082E-05 ), #2906, 'distance_accuracy_value', 'NONE');
#103 = EDGE_LOOP ( 'NONE', ( #1958, #710, #3490, #1580 ) ) ;
#104 = ORIENTED_EDGE ( 'NONE', *, *, #1170, .T. ) ;
#105 = CARTESIAN_POINT ( 'NONE',  ( 0.9499999999999997335, -0.5500000000000000444, -0.2500000000000000000 ) ) ;
#106 = DIRECTION ( 'NONE',  ( 0.000000000000000000, 1.000000000000000000, 0.000000000000000000 ) ) ;
#107 = DIRECTION ( 'NONE',  ( 0.000000000000000000, -1.000000000000000000, -0.000000000000000000 ) ) ;
#108 = ORIENTED_EDGE ( 'NONE', *, *, #635, .T. ) ;
#109 = EDGE_CURVE ( 'NONE', #3213, #1087, #828, .T. ) ;
#110 = FILL_AREA_STYLE ('',( #3315 ) ) ;
#111 = CIRCLE ( 'NONE', #2242, 0.04999999999999999584 ) ;
#112 = EDGE_CURVE ( 'NONE', #224, #3207, #3156, .T. ) ;
#113 = CARTESIAN_POINT ( 'NONE',  ( 0.9999999999999997780, -0.4299999999999999378, 0.5499999999999999334 ) ) ;
#114 = ORIENTED_EDGE ( 'NONE', *, *, #2236, .T. ) ;
#115 = CARTESIAN_POINT ( 'NONE',  ( -1.000000000000000222, -0.4299999999999999378, -0.5999999999999999778 ) ) ;
#116 = CARTESIAN_POINT ( 'NONE',  ( 0.9999999999999997780, 0.5999999999999999778, -0.5500000000000000444 ) ) ;
#117 = SURFACE_STYLE_FILL_AREA ( #2737 ) ;
#118 = DIRECTION ( 'NONE',  ( 0.000000000000000000, -1.000000000000000000, 0.000000000000000000 ) ) ;
#119 = CARTESIAN_POINT ( 'NONE',  ( 0.9999999999999997780, -0.5500000000000000444, 0.5499999999999999334 ) ) ;
#120 = AXIS2_PLACEMENT_3D ( 'NONE', #3243, #923, #617 ) ;
#121 = VECTOR ( 'NONE', #2564, 1000.000000000000000 ) ;
#122 = ORIENTED_EDGE ( 'NONE', *, *, #1798, .F. ) ;
#123 = FACE_OUTER_BOUND ( 'NONE', #537, .T. ) ;
#124 = AXIS2_PLACEMENT_3D ( 'NONE', #1074, #1109, #1434 ) ;
#125 = DIRECTION ( 'NONE',  ( 0.000000000000000000, -1.000000000000000000, 0.000000000000000000 ) ) ;
#126 = COLOUR_RGB ( '',0.2509803921568627416, 0.2509803921568627416, 0.2509803921568627416 ) ;
#127 = PLANE ( 'NONE',  #925 ) ;
#128 = EDGE_LOOP ( 'NONE', ( #1912, #1599, #1077, #2032, #346, #2119, #1708, #834, #1606, #758, #3127, #2624 ) ) ;
#129 = SURFACE_STYLE_FILL_AREA ( #392 ) ;
#130 = VECTOR ( 'NONE', #3455, 1000.000000000000000 ) ;
#131 = EDGE_CURVE ( 'NONE', #1226, #3198, #1588, .T. ) ;
#132 = CARTESIAN_POINT ( 'NONE',  ( -0.9500000000000001776, 0.5999999999999999778, 0.5499999999999999334 ) ) ;
#133 = ORIENTED_EDGE ( 'NONE', *, *, #1611, .T. ) ;
#134 = VECTOR ( 'NONE', #1059, 1000.000000000000000 ) ;
#135 = CARTESIAN_POINT ( 'NONE',  ( -0.9500000000000001776, -0.4299999999999999378, 0.2499999999999999445 ) ) ;
#136 = CARTESIAN_POINT ( 'NONE',  ( 0.000000000000000000, 0.000000000000000000, 0.4999999999999998890 ) ) ;
#137 =( LENGTH_UNIT ( ) NAMED_UNIT ( * ) SI_UNIT ( .MILLI., .METRE. ) );
#138 = STYLED_ITEM ( 'NONE', ( #1142 ), #733 ) ;
#139 = ADVANCED_FACE ( 'NONE', ( #3704 ), #1423, .T. ) ;
#140 =( GEOMETRIC_REPRESENTATION_CONTEXT ( 3 ) GLOBAL_UNCERTAINTY_ASSIGNED_CONTEXT ( ( #3216 ) ) GLOBAL_UNIT_ASSIGNED_CONTEXT ( ( #1684, #2547, #3710 ) ) REPRESENTATION_CONTEXT ( 'NONE', 'WORKASPACE' ) );
#141 = DIRECTION ( 'NONE',  ( -0.000000000000000000, -0.000000000000000000, 1.000000000000000000 ) ) ;
#142 = EDGE_LOOP ( 'NONE', ( #3308, #3160, #3438 ) ) ;
#143 = DIRECTION ( 'NONE',  ( 1.000000000000000000, 0.000000000000000000, 0.000000000000000000 ) ) ;
#144 = DIRECTION ( 'NONE',  ( 0.000000000000000000, 0.000000000000000000, -1.000000000000000000 ) ) ;
#145 = PRESENTATION_STYLE_ASSIGNMENT (( #3708 ) ) ;
#146 = VERTEX_POINT ( 'NONE', #3740 ) ;
#147 = SURFACE_STYLE_FILL_AREA ( #110 ) ;
#148 = DIRECTION ( 'NONE',  ( 0.000000000000000000, -1.000000000000000000, 0.000000000000000000 ) ) ;
#149 = SURFACE_STYLE_USAGE ( .BOTH. , #2790 ) ;
#150 = CARTESIAN_POINT ( 'NONE',  ( -0.5499999999999997113, -0.3999999999999999667, -0.3999999999999999112 ) ) ;
#151 = ORIENTED_EDGE ( 'NONE', *, *, #2736, .F. ) ;
#152 = VECTOR ( 'NONE', #1863, 1000.000000000000000 ) ;
#153 = LINE ( 'NONE', #455, #2135 ) ;
#154 = COLOUR_RGB ( '',0.2509803921568627416, 0.2509803921568627416, 0.2509803921568627416 ) ;
#155 = ADVANCED_FACE ( 'NONE', ( #3416 ), #789, .F. ) ;
#156 =( GEOMETRIC_REPRESENTATION_CONTEXT ( 3 ) GLOBAL_UNCERTAINTY_ASSIGNED_CONTEXT ( ( #1201 ) ) GLOBAL_UNIT_ASSIGNED_CONTEXT ( ( #661, #2438, #2193 ) ) REPRESENTATION_CONTEXT ( 'NONE', 'WORKASPACE' ) );
#157 = VERTEX_POINT ( 'NONE', #41 ) ;
#158 = EDGE_CURVE ( 'NONE', #1446, #3213, #1786, .T. ) ;
#159 = ADVANCED_FACE ( 'NONE', ( #2679 ), #2389, .T. ) ;
#160 = DIRECTION ( 'NONE',  ( -1.000000000000000000, 0.000000000000000000, 0.000000000000000000 ) ) ;
#161 = ORIENTED_EDGE ( 'NONE', *, *, #1662, .F. ) ;
#162 = ORIENTED_EDGE ( 'NONE', *, *, #1495, .T. ) ;
#163 = EDGE_CURVE ( 'NONE', #1256, #69, #1030, .T. ) ;
#164 = CARTESIAN_POINT ( 'NONE',  ( -0.5499999999999998224, 0.3999999999999999667, 0.4999999999999998890 ) ) ;
#165 = DIRECTION ( 'NONE',  ( -0.000000000000000000, 1.000000000000000000, -0.000000000000000000 ) ) ;
#166 = ORIENTED_EDGE ( 'NONE', *, *, #424, .T. ) ;
#167 = LINE ( 'NONE', #2509, #411 ) ;
#168 = CARTESIAN_POINT ( 'NONE',  ( 0.9499999999999997335, -0.5499999999999999334, -0.2500000000000000000 ) ) ;
#169 = LINE ( 'NONE', #3370, #1631 ) ;
#170 = DIRECTION ( 'NONE',  ( 0.000000000000000000, 0.000000000000000000, 1.000000000000000000 ) ) ;
#171 = STYLED_ITEM ( 'NONE', ( #550 ), #1445 ) ;
#172 = ORIENTED_EDGE ( 'NONE', *, *, #480, .T. ) ;
#173 = DIRECTION ( 'NONE',  ( -0.000000000000000000, -0.000000000000000000, -1.000000000000000000 ) ) ;
#174 = LINE ( 'NONE', #1635, #3235 ) ;
#175 = CIRCLE ( 'NONE', #675, 0.05000000000000002359 ) ;
#176 = DIRECTION ( 'NONE',  ( -1.000000000000000000, 0.000000000000000000, 0.000000000000000000 ) ) ;
#177 = FACE_OUTER_BOUND ( 'NONE', #3649, .T. ) ;
#178 = DIRECTION ( 'NONE',  ( 0.000000000000000000, -1.000000000000000000, 0.000000000000000000 ) ) ;
#179 = CARTESIAN_POINT ( 'NONE',  ( -1.000000000000000222, 0.5999999999999999778, -0.5999999999999999778 ) ) ;
#180 = FILL_AREA_STYLE_COLOUR ( '', #766 ) ;
#181 = EDGE_CURVE ( 'NONE', #3207, #3366, #601, .T. ) ;
#182 = ORIENTED_EDGE ( 'NONE', *, *, #1617, .T. ) ;
#183 = ORIENTED_EDGE ( 'NONE', *, *, #1239, .F. ) ;
#184 =( LENGTH_UNIT ( ) NAMED_UNIT ( * ) SI_UNIT ( .MILLI., .METRE. ) );
#185 = EDGE_CURVE ( 'NONE', #1112, #605, #1501, .T. ) ;
#186 = AXIS2_PLACEMENT_3D ( 'NONE', #2402, #1782, #23 ) ;
#187 = VERTEX_POINT ( 'NONE', #3548 ) ;
#188 = CARTESIAN_POINT ( 'NONE',  ( -0.9500000000000001776, -0.3999999999999999667, 0.1999999999999999556 ) ) ;
#189 = PRESENTATION_STYLE_ASSIGNMENT (( #2572 ) ) ;
#190 =( NAMED_UNIT ( * ) PLANE_ANGLE_UNIT ( ) SI_UNIT ( $, .RADIAN. ) );
#191 = AXIS2_PLACEMENT_3D ( 'NONE', #1417, #2573, #2996 ) ;
#192 = VERTEX_POINT ( 'NONE', #946 ) ;
#193 = DIRECTION ( 'NONE',  ( 0.000000000000000000, 0.000000000000000000, -1.000000000000000000 ) ) ;
#194 = DIRECTION ( 'NONE',  ( 0.000000000000000000, -1.000000000000000000, 2.168404344971007685E-15 ) ) ;
#195 = PRESENTATION_STYLE_ASSIGNMENT (( #2007 ) ) ;
#196 = AXIS2_PLACEMENT_3D ( 'NONE', #3527, #3511, #1803 ) ;
#197 = LINE ( 'NONE', #1331, #2618 ) ;
#198 = CARTESIAN_POINT ( 'NONE',  ( 0.9499999999999996225, -0.4299999999999999378, -0.5999999999999999778 ) ) ;
#199 = LINE ( 'NONE', #2522, #3624 ) ;
#200 = CARTESIAN_POINT ( 'NONE',  ( -1.000000000000000222, 0.3999999999999999667, -0.5500000000000000444 ) ) ;
#201 = VECTOR ( 'NONE', #405, 1000.000000000000000 ) ;
#202 = CIRCLE ( 'NONE', #1676, 0.05000000000000002359 ) ;
#203 = ORIENTED_EDGE ( 'NONE', *, *, #3628, .F. ) ;
#204 = FILL_AREA_STYLE ('',( #3652 ) ) ;
#205 = SURFACE_SIDE_STYLE ('',( #269 ) ) ;
#206 = ORIENTED_EDGE ( 'NONE', *, *, #158, .F. ) ;
#207 = SURFACE_SIDE_STYLE ('',( #2244 ) ) ;
#208 = DIRECTION ( 'NONE',  ( -0.000000000000000000, 1.000000000000000000, 0.000000000000000000 ) ) ;
#209 = ADVANCED_FACE ( 'NONE', ( #2080 ), #2, .T. ) ;
#210 = SURFACE_SIDE_STYLE ('',( #1395 ) ) ;
#211 = ADVANCED_FACE ( 'NONE', ( #1175 ), #312, .T. ) ;
#212 = DIRECTION ( 'NONE',  ( 0.000000000000000000, 1.000000000000000000, -0.000000000000000000 ) ) ;
#213 = ORIENTED_EDGE ( 'NONE', *, *, #1075, .T. ) ;
#214 = FILL_AREA_STYLE ('',( #3024 ) ) ;
#215 = EDGE_CURVE ( 'NONE', #2146, #594, #882, .T. ) ;
#216 =( GEOMETRIC_REPRESENTATION_CONTEXT ( 3 ) GLOBAL_UNCERTAINTY_ASSIGNED_CONTEXT ( ( #3307 ) ) GLOBAL_UNIT_ASSIGNED_CONTEXT ( ( #900, #89, #2346 ) ) REPRESENTATION_CONTEXT ( 'NONE', 'WORKASPACE' ) );
#217 = CARTESIAN_POINT ( 'NONE',  ( -0.9500000000000001776, 0.5999999999999999778, 0.5999999999999999778 ) ) ;
#218 = CARTESIAN_POINT ( 'NONE',  ( 0.9499999999999996225, -0.4299999999999999378, 0.5999999999999999778 ) ) ;
#219 = SURFACE_SIDE_STYLE ('',( #1701 ) ) ;
#220 = PRESENTATION_LAYER_ASSIGNMENT (  '', '', ( #1865 ) ) ;
#221 =( GEOMETRIC_REPRESENTATION_CONTEXT ( 3 ) GLOBAL_UNCERTAINTY_ASSIGNED_CONTEXT ( ( #2121 ) ) GLOBAL_UNIT_ASSIGNED_CONTEXT ( ( #48, #3518, #2067 ) ) REPRESENTATION_CONTEXT ( 'NONE', 'WORKASPACE' ) );
#222 = AXIS2_PLACEMENT_3D ( 'NONE', #2581, #394, #1717 ) ;
#223 = ORIENTED_EDGE ( 'NONE', *, *, #1265, .F. ) ;
#224 = VERTEX_POINT ( 'NONE', #2353 ) ;
#225 = SURFACE_STYLE_USAGE ( .BOTH. , #800 ) ;
#226 = VERTEX_POINT ( 'NONE', #2460 ) ;
#227 = CARTESIAN_POINT ( 'NONE',  ( 0.9999999999999997780, -0.5500000000000000444, -0.5499999999999999334 ) ) ;
#228 = UNCERTAINTY_MEASURE_WITH_UNIT (LENGTH_MEASURE( 1.000000000000000082E-05 ), #2652, 'distance_accuracy_value', 'NONE');
#229 = LINE ( 'NONE', #3117, #1416 ) ;
#230 = AXIS2_PLACEMENT_3D ( 'NONE', #3263, #3564, #293 ) ;
#231 = EDGE_CURVE ( 'NONE', #96, #2243, #1271, .T. ) ;
#232 = EDGE_CURVE ( 'NONE', #1317, #3381, #704, .T. ) ;
#233 = EDGE_LOOP ( 'NONE', ( #223, #1826, #161, #3656, #2674, #2110, #1795, #1627 ) ) ;
#234 = FACE_OUTER_BOUND ( 'NONE', #2226, .T. ) ;
#235 = AXIS2_PLACEMENT_3D ( 'NONE', #105, #1278, #2430 ) ;
#236 = DIRECTION ( 'NONE',  ( 0.000000000000000000, 0.000000000000000000, -1.000000000000000000 ) ) ;
#237 = EDGE_CURVE ( 'NONE', #1879, #3373, #1211, .T. ) ;
#238 = DIRECTION ( 'NONE',  ( 0.000000000000000000, -1.000000000000000000, 0.000000000000000000 ) ) ;
#239 = MECHANICAL_DESIGN_GEOMETRIC_PRESENTATION_REPRESENTATION (  '', ( #3341 ), #551 ) ;
#240 = CARTESIAN_POINT ( 'NONE',  ( -0.5999999999999997558, -0.5499999999999999334, -0.5499999999999999334 ) ) ;
#241 = DIRECTION ( 'NONE',  ( 0.000000000000000000, 0.000000000000000000, 1.000000000000000000 ) ) ;
#242 = CARTESIAN_POINT ( 'NONE',  ( -1.000000000000000222, 0.3999999999999999667, 0.5999999999999999778 ) ) ;
#243 = ORIENTED_EDGE ( 'NONE', *, *, #2681, .T. ) ;
#244 = VERTEX_POINT ( 'NONE', #97 ) ;
#245 = APPLICATION_CONTEXT ( 'automotive_design' ) ;
#246 = CARTESIAN_POINT ( 'NONE',  ( -0.9500000000000001776, -0.5499999999999999334, 0.5499999999999999334 ) ) ;
#247 = LINE ( 'NONE', #3674, #2569 ) ;
#248 =( LENGTH_UNIT ( ) NAMED_UNIT ( * ) SI_UNIT ( .MILLI., .METRE. ) );
#249 = ORIENTED_EDGE ( 'NONE', *, *, #1715, .F. ) ;
#250 = LINE ( 'NONE', #3148, #3688 ) ;
#251 = LINE ( 'NONE', #3167, #3533 ) ;
#252 = AXIS2_PLACEMENT_3D ( 'NONE', #3526, #1801, #38 ) ;
#253 = CARTESIAN_POINT ( 'NONE',  ( 0.000000000000000000, -0.4299999999999999378, 0.000000000000000000 ) ) ;
#254 = ORIENTED_EDGE ( 'NONE', *, *, #1692, .F. ) ;
#255 = DIRECTION ( 'NONE',  ( 0.000000000000000000, -1.000000000000000000, -0.000000000000000000 ) ) ;
#256 = AXIS2_PLACEMENT_3D ( 'NONE', #2849, #1982, #1945 ) ;
#257 = ADVANCED_FACE ( 'NONE', ( #1591 ), #1269, .T. ) ;
#258 = VECTOR ( 'NONE', #1532, 1000.000000000000000 ) ;
#259 = EDGE_CURVE ( 'NONE', #1879, #1064, #3023, .T. ) ;
#260 =( NAMED_UNIT ( * ) SI_UNIT ( $, .STERADIAN. ) SOLID_ANGLE_UNIT ( ) );
#261 = VECTOR ( 'NONE', #2793, 1000.000000000000000 ) ;
#262 = DIRECTION ( 'NONE',  ( 0.000000000000000000, 1.000000000000000000, 0.000000000000000000 ) ) ;
#263 = LINE ( 'NONE', #2600, #768 ) ;
#264 = CARTESIAN_POINT ( 'NONE',  ( -0.5999999999999997558, -0.4299999999999999378, -0.5999999999999999778 ) ) ;
#265 = EDGE_CURVE ( 'NONE', #1006, #2720, #2671, .T. ) ;
#266 = ORIENTED_EDGE ( 'NONE', *, *, #842, .T. ) ;
#267 = ORIENTED_EDGE ( 'NONE', *, *, #1711, .F. ) ;
#268 = SPHERICAL_SURFACE ( 'NONE', #2513, 0.05000000000000000278 ) ;
#269 = SURFACE_STYLE_FILL_AREA ( #974 ) ;
#270 = DIRECTION ( 'NONE',  ( -0.000000000000000000, 1.000000000000000000, 0.000000000000000000 ) ) ;
#271 = AXIS2_PLACEMENT_3D ( 'NONE', #2343, #898, #1492 ) ;
#272 = VERTEX_POINT ( 'NONE', #3319 ) ;
#273 = DIRECTION ( 'NONE',  ( 0.000000000000000000, 0.000000000000000000, -1.000000000000000000 ) ) ;
#274 = DIRECTION ( 'NONE',  ( 0.000000000000000000, 0.000000000000000000, 1.000000000000000000 ) ) ;
#275 = FACE_OUTER_BOUND ( 'NONE', #1719, .T. ) ;
#276 = ORIENTED_EDGE ( 'NONE', *, *, #586, .T. ) ;
#277 = DIRECTION ( 'NONE',  ( 0.000000000000000000, 0.000000000000000000, 1.000000000000000000 ) ) ;
#278 = CARTESIAN_POINT ( 'NONE',  ( -0.5499999999999997113, -0.4299999999999999378, -0.5999999999999999778 ) ) ;
#279 = DIRECTION ( 'NONE',  ( 0.000000000000000000, -2.168404344971007685E-15, -1.000000000000000000 ) ) ;
#280 = DIRECTION ( 'NONE',  ( -0.000000000000000000, 1.000000000000000000, 2.710505431213761578E-16 ) ) ;
#281 = FILL_AREA_STYLE ('',( #850 ) ) ;
#282 = ORIENTED_EDGE ( 'NONE', *, *, #1505, .F. ) ;
#283 = STYLED_ITEM ( 'NONE', ( #593 ), #541 ) ;
#284 =( GEOMETRIC_REPRESENTATION_CONTEXT ( 3 ) GLOBAL_UNCERTAINTY_ASSIGNED_CONTEXT ( ( #3388 ) ) GLOBAL_UNIT_ASSIGNED_CONTEXT ( ( #1332, #355, #77 ) ) REPRESENTATION_CONTEXT ( 'NONE', 'WORKASPACE' ) );
#285 = EDGE_CURVE ( 'NONE', #561, #3693, #1873, .T. ) ;
#286 = ORIENTED_EDGE ( 'NONE', *, *, #2891, .F. ) ;
#287 = CARTESIAN_POINT ( 'NONE',  ( -1.000000000000000222, -0.4299999999999999378, -0.5999999999999999778 ) ) ;
#288 = SURFACE_STYLE_USAGE ( .BOTH. , #1744 ) ;
#289 =( LENGTH_UNIT ( ) NAMED_UNIT ( * ) SI_UNIT ( .MILLI., .METRE. ) );
#290 = ORIENTED_EDGE ( 'NONE', *, *, #910, .F. ) ;
#291 = CARTESIAN_POINT ( 'NONE',  ( 0.5499999999999997113, -0.2999999999999999889, -0.3999999999999999112 ) ) ;
#292 = PRESENTATION_STYLE_ASSIGNMENT (( #2617 ) ) ;
#293 = DIRECTION ( 'NONE',  ( 0.000000000000000000, 0.000000000000000000, -1.000000000000000000 ) ) ;
#294 = PLANE ( 'NONE',  #2545 ) ;
#295 = CARTESIAN_POINT ( 'NONE',  ( -0.5499999999999997113, -0.5500000000000000444, 0.5999999999999999778 ) ) ;
#296 = PRESENTATION_STYLE_ASSIGNMENT (( #2953 ) ) ;
#297 = VERTEX_POINT ( 'NONE', #718 ) ;
#298 = AXIS2_PLACEMENT_3D ( 'NONE', #2294, #811, #1679 ) ;
#299 = VERTEX_POINT ( 'NONE', #3046 ) ;
#300 = FACE_OUTER_BOUND ( 'NONE', #1638, .T. ) ;
#301 = EDGE_CURVE ( 'NONE', #1037, #2085, #3638, .T. ) ;
#302 = ORIENTED_EDGE ( 'NONE', *, *, #3191, .F. ) ;
#303 =( LENGTH_UNIT ( ) NAMED_UNIT ( * ) SI_UNIT ( .MILLI., .METRE. ) );
#304 = CARTESIAN_POINT ( 'NONE',  ( -0.5999999999999997558, -0.5500000000000000444, -0.5499999999999999334 ) ) ;
#305 = FACE_OUTER_BOUND ( 'NONE', #1465, .T. ) ;
#306 = EDGE_LOOP ( 'NONE', ( #2277, #3646, #2700, #1464 ) ) ;
#307 = SURFACE_SIDE_STYLE ('',( #2925 ) ) ;
#308 = MECHANICAL_DESIGN_GEOMETRIC_PRESENTATION_REPRESENTATION (  '', ( #3651 ), #600 ) ;
#309 = ADVANCED_FACE ( 'NONE', ( #3004 ), #1025, .F. ) ;
#310 = DIRECTION ( 'NONE',  ( -0.000000000000000000, 0.000000000000000000, 1.000000000000000000 ) ) ;
#311 = AXIS2_PLACEMENT_3D ( 'NONE', #91, #1553, #732 ) ;
#312 = CYLINDRICAL_SURFACE ( 'NONE', #3569, 0.05000000000000002359 ) ;
#313 = DIRECTION ( 'NONE',  ( 0.000000000000000000, 0.000000000000000000, 1.000000000000000000 ) ) ;
#314 = DIRECTION ( 'NONE',  ( 0.000000000000000000, 0.000000000000000000, -1.000000000000000000 ) ) ;
#315 = VECTOR ( 'NONE', #2716, 1000.000000000000000 ) ;
#316 = FACE_OUTER_BOUND ( 'NONE', #103, .T. ) ;
#317 = COLOUR_RGB ( '',0.2509803921568627416, 0.2509803921568627416, 0.2509803921568627416 ) ;
#318 = VERTEX_POINT ( 'NONE', #1780 ) ;
#319 = VERTEX_POINT ( 'NONE', #2075 ) ;
#320 = UNCERTAINTY_MEASURE_WITH_UNIT (LENGTH_MEASURE( 1.000000000000000082E-05 ), #3250, 'distance_accuracy_value', 'NONE');
#321 = COLOUR_RGB ( '',0.2509803921568627416, 0.2509803921568627416, 0.2509803921568627416 ) ;
#322 = FACE_OUTER_BOUND ( 'NONE', #3738, .T. ) ;
#323 = AXIS2_PLACEMENT_3D ( 'NONE', #2949, #2059, #3245 ) ;
#324 = ORIENTED_EDGE ( 'NONE', *, *, #3060, .T. ) ;
#325 = CARTESIAN_POINT ( 'NONE',  ( -1.000000000000000222, -0.5500000000000000444, 0.5999999999999999778 ) ) ;
#326 = PRESENTATION_STYLE_ASSIGNMENT (( #367 ) ) ;
#327 = ADVANCED_FACE ( 'NONE', ( #2959 ), #2091, .F. ) ;
#328 = COLOUR_RGB ( '',0.7921568627450980005, 0.8196078431372548767, 0.9333333333333333481 ) ;
#329 = CARTESIAN_POINT ( 'NONE',  ( -0.5499999999999998224, -0.2999999999999997113, -0.4999999999999998890 ) ) ;
#330 = ORIENTED_EDGE ( 'NONE', *, *, #2869, .F. ) ;
#331 = EDGE_CURVE ( 'NONE', #574, #318, #1208, .T. ) ;
#332 = AXIS2_PLACEMENT_3D ( 'NONE', #3463, #1163, #11 ) ;
#333 = ADVANCED_FACE ( 'NONE', ( #657 ), #408, .T. ) ;
#334 = DIRECTION ( 'NONE',  ( 0.000000000000000000, 0.000000000000000000, -1.000000000000000000 ) ) ;
#335 = DIRECTION ( 'NONE',  ( -1.000000000000000000, -0.000000000000000000, -0.000000000000000000 ) ) ;
#336 = EDGE_CURVE ( 'NONE', #1041, #948, #352, .T. ) ;
#337 = CARTESIAN_POINT ( 'NONE',  ( -0.5499999999999997113, -0.2999999999999999889, -0.3999999999999999112 ) ) ;
#338 = CARTESIAN_POINT ( 'NONE',  ( 0.9999999999999997780, 0.5999999999999999778, 0.5499999999999999334 ) ) ;
#339 = CARTESIAN_POINT ( 'NONE',  ( -1.000000000000000222, -0.3999999999999999667, -0.1999999999999999278 ) ) ;
#340 = LINE ( 'NONE', #1144, #2696 ) ;
#341 = ORIENTED_EDGE ( 'NONE', *, *, #3196, .T. ) ;
#342 = ORIENTED_EDGE ( 'NONE', *, *, #1956, .F. ) ;
#343 = SURFACE_STYLE_FILL_AREA ( #3534 ) ;
#344 = DIRECTION ( 'NONE',  ( 0.000000000000000000, -1.000000000000000000, -0.000000000000000000 ) ) ;
#345 = AXIS2_PLACEMENT_3D ( 'NONE', #240, #2561, #160 ) ;
#346 = ORIENTED_EDGE ( 'NONE', *, *, #2941, .T. ) ;
#347 = CARTESIAN_POINT ( 'NONE',  ( 0.5499999999999999334, -0.5499999999999999334, 0.2499999999999998890 ) ) ;
#348 = CARTESIAN_POINT ( 'NONE',  ( -1.000000000000000222, -0.3999999999999999667, -0.1999999999999999278 ) ) ;
#349 = DIRECTION ( 'NONE',  ( -0.000000000000000000, -0.000000000000000000, 1.000000000000000000 ) ) ;
#350 = AXIS2_PLACEMENT_3D ( 'NONE', #2436, #2766, #2417 ) ;
#351 = STYLED_ITEM ( 'NONE', ( #2295 ), #2800 ) ;
#352 = LINE ( 'NONE', #975, #1193 ) ;
#353 = ORIENTED_EDGE ( 'NONE', *, *, #3212, .F. ) ;
#354 = CARTESIAN_POINT ( 'NONE',  ( -0.9500000000000001776, 0.3999999999999999667, 0.5499999999999999334 ) ) ;
#355 =( NAMED_UNIT ( * ) PLANE_ANGLE_UNIT ( ) SI_UNIT ( $, .RADIAN. ) );
#356 = EDGE_CURVE ( 'NONE', #3400, #1064, #2159, .T. ) ;
#357 = EDGE_CURVE ( 'NONE', #856, #1879, #2710, .T. ) ;
#358 = FILL_AREA_STYLE ('',( #3223 ) ) ;
#359 = DIRECTION ( 'NONE',  ( -1.000000000000000000, 0.000000000000000000, 0.000000000000000000 ) ) ;
#360 = FACE_OUTER_BOUND ( 'NONE', #1179, .T. ) ;
#361 = VERTEX_POINT ( 'NONE', #942 ) ;
#362 = LINE ( 'NONE', #739, #2296 ) ;
#363 = FACE_OUTER_BOUND ( 'NONE', #2205, .T. ) ;
#364 = VECTOR ( 'NONE', #1241, 1000.000000000000000 ) ;
#365 = VERTEX_POINT ( 'NONE', #329 ) ;
#366 = DIRECTION ( 'NONE',  ( 0.000000000000000000, 0.000000000000000000, -1.000000000000000000 ) ) ;
#367 = SURFACE_STYLE_USAGE ( .BOTH. , #596 ) ;
#368 = AXIS2_PLACEMENT_3D ( 'NONE', #2699, #3549, #966 ) ;
#369 = CARTESIAN_POINT ( 'NONE',  ( -0.5999999999999997558, -0.3999999999999999667, -0.1999999999999999278 ) ) ;
#370 = PLANE ( 'NONE',  #3502 ) ;
#371 = ORIENTED_EDGE ( 'NONE', *, *, #2607, .T. ) ;
#372 = LINE ( 'NONE', #1535, #2689 ) ;
#373 = CARTESIAN_POINT ( 'NONE',  ( 0.5999999999999998668, -0.4000000000000000222, -0.2499999999999999445 ) ) ;
#374 = CARTESIAN_POINT ( 'NONE',  ( -0.5499999999999997113, -0.5499999999999999334, -0.1999999999999999556 ) ) ;
#375 = ADVANCED_FACE ( 'NONE', ( #2673 ), #640, .T. ) ;
#376 = CARTESIAN_POINT ( 'NONE',  ( -0.5499999999999997113, -0.3999999999999999667, 0.2499999999999998890 ) ) ;
#377 = CIRCLE ( 'NONE', #1289, 0.05000000000000002359 ) ;
#378 = EDGE_LOOP ( 'NONE', ( #554, #2240, #1134, #516 ) ) ;
#379 = EDGE_CURVE ( 'NONE', #1233, #735, #695, .T. ) ;
#380 = ADVANCED_FACE ( 'NONE', ( #2976 ), #370, .F. ) ;
#381 = DIRECTION ( 'NONE',  ( -0.000000000000000000, 0.000000000000000000, 1.000000000000000000 ) ) ;
#382 = AXIS2_PLACEMENT_3D ( 'NONE', #2725, #125, #2171 ) ;
#383 = LINE ( 'NONE', #671, #261 ) ;
#384 = ORIENTED_EDGE ( 'NONE', *, *, #1397, .T. ) ;
#385 = CARTESIAN_POINT ( 'NONE',  ( -0.9500000000000001776, 0.5999999999999999778, -0.5999999999999999778 ) ) ;
#386 = CIRCLE ( 'NONE', #2324, 0.05000000000000002359 ) ;
#387 = CYLINDRICAL_SURFACE ( 'NONE', #515, 0.05000000000000002359 ) ;
#388 = CARTESIAN_POINT ( 'NONE',  ( -1.000000000000000222, -0.4299999999999999378, -0.5500000000000000444 ) ) ;
#389 = AXIS2_PLACEMENT_3D ( 'NONE', #3546, #1482, #2079 ) ;
#390 = CARTESIAN_POINT ( 'NONE',  ( -1.000000000000000222, 0.5999999999999999778, 0.5999999999999999778 ) ) ;
#391 = ORIENTED_EDGE ( 'NONE', *, *, #2325, .F. ) ;
#392 = FILL_AREA_STYLE ('',( #714 ) ) ;
#393 = CARTESIAN_POINT ( 'NONE',  ( 0.5999999999999999778, -0.5499999999999999334, 0.5499999999999999334 ) ) ;
#394 = DIRECTION ( 'NONE',  ( 0.000000000000000000, -1.000000000000000000, 0.000000000000000000 ) ) ;
#395 = VECTOR ( 'NONE', #1185, 1000.000000000000000 ) ;
#396 = AXIS2_PLACEMENT_3D ( 'NONE', #2504, #3367, #3422 ) ;
#397 = SURFACE_STYLE_USAGE ( .BOTH. , #1890 ) ;
#398 = SURFACE_STYLE_USAGE ( .BOTH. , #42 ) ;
#399 = EDGE_LOOP ( 'NONE', ( #2169, #440, #50, #3094, #3085, #1222, #100, #330, #972, #2970, #557, #1198, #1356, #439, #1095, #1090 ) ) ;
#400 = FACE_OUTER_BOUND ( 'NONE', #3575, .T. ) ;
#401 = ADVANCED_FACE ( 'NONE', ( #2655 ), #2107, .F. ) ;
#402 = ADVANCED_FACE ( 'NONE', ( #1119 ), #127, .F. ) ;
#403 = EDGE_LOOP ( 'NONE', ( #2191, #932, #471, #1889 ) ) ;
#404 = CARTESIAN_POINT ( 'NONE',  ( 0.9499999999999996225, 0.5999999999999999778, -0.5499999999999999334 ) ) ;
#405 = DIRECTION ( 'NONE',  ( 5.421010862427523156E-16, -1.000000000000000000, -0.000000000000000000 ) ) ;
#406 = SURFACE_SIDE_STYLE ('',( #1299 ) ) ;
#407 = EDGE_CURVE ( 'NONE', #3350, #2791, #1883, .T. ) ;
#408 = CYLINDRICAL_SURFACE ( 'NONE', #3619, 0.04999999999999999584 ) ;
#409 = ORIENTED_EDGE ( 'NONE', *, *, #2726, .F. ) ;
#410 = DIRECTION ( 'NONE',  ( 0.000000000000000000, -1.000000000000000000, 0.000000000000000000 ) ) ;
#411 = VECTOR ( 'NONE', #1338, 1000.000000000000000 ) ;
#412 = AXIS2_PLACEMENT_3D ( 'NONE', #3669, #2225, #2274 ) ;
#413 =( GEOMETRIC_REPRESENTATION_CONTEXT ( 3 ) GLOBAL_UNCERTAINTY_ASSIGNED_CONTEXT ( ( #1108 ) ) GLOBAL_UNIT_ASSIGNED_CONTEXT ( ( #1403, #3397, #1954 ) ) REPRESENTATION_CONTEXT ( 'NONE', 'WORKASPACE' ) );
#414 = ORIENTED_EDGE ( 'NONE', *, *, #3724, .T. ) ;
#415 = CARTESIAN_POINT ( 'NONE',  ( 0.5999999999999999778, -0.5499999999999999334, -0.2500000000000000000 ) ) ;
#416 =( NAMED_UNIT ( * ) PLANE_ANGLE_UNIT ( ) SI_UNIT ( $, .RADIAN. ) );
#417 = ORIENTED_EDGE ( 'NONE', *, *, #796, .F. ) ;
#418 = DIRECTION ( 'NONE',  ( 0.000000000000000000, 0.000000000000000000, 1.000000000000000000 ) ) ;
#419 = UNCERTAINTY_MEASURE_WITH_UNIT (LENGTH_MEASURE( 1.000000000000000082E-05 ), #3331, 'distance_accuracy_value', 'NONE');
#420 = ORIENTED_EDGE ( 'NONE', *, *, #1405, .T. ) ;
#421 = DIRECTION ( 'NONE',  ( -1.000000000000000000, -0.000000000000000000, 2.168404344971009262E-15 ) ) ;
#422 = EDGE_CURVE ( 'NONE', #192, #976, #1319, .T. ) ;
#423 = DIRECTION ( 'NONE',  ( 0.000000000000000000, 0.000000000000000000, -1.000000000000000000 ) ) ;
#424 = EDGE_CURVE ( 'NONE', #96, #2759, #3595, .T. ) ;
#425 = AXIS2_PLACEMENT_3D ( 'NONE', #2855, #3176, #279 ) ;
#426 = DIRECTION ( 'NONE',  ( 0.000000000000000000, 0.000000000000000000, -1.000000000000000000 ) ) ;
#427 = PRODUCT_DEFINITION_CONTEXT ( 'detailed design', #445, 'design' ) ;
#428 = ORIENTED_EDGE ( 'NONE', *, *, #1956, .T. ) ;
#429 = PRESENTATION_STYLE_ASSIGNMENT (( #2455 ) ) ;
#430 = AXIS2_PLACEMENT_3D ( 'NONE', #3193, #2580, #1700 ) ;
#431 = EDGE_CURVE ( 'NONE', #187, #890, #2150, .T. ) ;
#432 = FACE_OUTER_BOUND ( 'NONE', #3072, .T. ) ;
#433 = ORIENTED_EDGE ( 'NONE', *, *, #841, .T. ) ;
#434 = DIRECTION ( 'NONE',  ( 0.000000000000000000, 0.000000000000000000, -1.000000000000000000 ) ) ;
#435 = ADVANCED_FACE ( 'NONE', ( #2471 ), #3614, .T. ) ;
#436 = LINE ( 'NONE', #3707, #3143 ) ;
#437 = CARTESIAN_POINT ( 'NONE',  ( 0.5499999999999998224, 0.3999999999999999667, -0.4999999999999998890 ) ) ;
#438 = AXIS2_PLACEMENT_3D ( 'NONE', #2038, #1210, #2657 ) ;
#439 = ORIENTED_EDGE ( 'NONE', *, *, #935, .T. ) ;
#440 = ORIENTED_EDGE ( 'NONE', *, *, #1662, .T. ) ;
#441 = CIRCLE ( 'NONE', #256, 0.05000000000000002359 ) ;
#442 = DIRECTION ( 'NONE',  ( 0.000000000000000000, 0.000000000000000000, 1.000000000000000000 ) ) ;
#443 = CIRCLE ( 'NONE', #2017, 0.05000000000000002359 ) ;
#444 = CARTESIAN_POINT ( 'NONE',  ( -1.000000000000000222, -0.4299999999999999378, 0.1999999999999999556 ) ) ;
#445 = APPLICATION_CONTEXT ( 'automotive_design' ) ;
#446 =( LENGTH_UNIT ( ) NAMED_UNIT ( * ) SI_UNIT ( .MILLI., .METRE. ) );
#447 = CIRCLE ( 'NONE', #2261, 0.09999999999999999167 ) ;
#448 = ORIENTED_EDGE ( 'NONE', *, *, #1031, .F. ) ;
#449 = SURFACE_STYLE_FILL_AREA ( #3061 ) ;
#450 = CIRCLE ( 'NONE', #2697, 0.05000000000000002359 ) ;
#451 = EDGE_CURVE ( 'NONE', #735, #1419, #3483, .T. ) ;
#452 = EDGE_CURVE ( 'NONE', #3634, #605, #465, .T. ) ;
#453 = ORIENTED_EDGE ( 'NONE', *, *, #3393, .F. ) ;
#454 = DIRECTION ( 'NONE',  ( 0.000000000000000000, 1.000000000000000000, 0.000000000000000000 ) ) ;
#455 = CARTESIAN_POINT ( 'NONE',  ( -0.5499999999999997113, -0.4000000000000000777, -0.2499999999999999445 ) ) ;
#456 = COLOUR_RGB ( '',0.2509803921568627416, 0.2509803921568627416, 0.2509803921568627416 ) ;
#457 = DIRECTION ( 'NONE',  ( -4.701977403289146529E-30, 1.000000000000000000, -2.168404344971008079E-15 ) ) ;
#458 = EDGE_CURVE ( 'NONE', #2186, #1273, #2206, .T. ) ;
#459 = ORIENTED_EDGE ( 'NONE', *, *, #3772, .F. ) ;
#460 = FILL_AREA_STYLE ('',( #1897 ) ) ;
#461 = ORIENTED_EDGE ( 'NONE', *, *, #2681, .F. ) ;
#462 = ORIENTED_EDGE ( 'NONE', *, *, #2398, .F. ) ;
#463 = DIRECTION ( 'NONE',  ( -5.421010862427523156E-16, 1.000000000000000000, 0.000000000000000000 ) ) ;
#464 = DIRECTION ( 'NONE',  ( -0.000000000000000000, -0.000000000000000000, -1.000000000000000000 ) ) ;
#465 = LINE ( 'NONE', #242, #2023 ) ;
#466 = ORIENTED_EDGE ( 'NONE', *, *, #1097, .T. ) ;
#467 =( NAMED_UNIT ( * ) SI_UNIT ( $, .STERADIAN. ) SOLID_ANGLE_UNIT ( ) );
#468 = LINE ( 'NONE', #1282, #3718 ) ;
#469 = DIRECTION ( 'NONE',  ( 5.421010862427523156E-16, -1.000000000000000000, 0.000000000000000000 ) ) ;
#470 =( NAMED_UNIT ( * ) PLANE_ANGLE_UNIT ( ) SI_UNIT ( $, .RADIAN. ) );
#471 = ORIENTED_EDGE ( 'NONE', *, *, #3060, .F. ) ;
#472 = AXIS2_PLACEMENT_3D ( 'NONE', #2873, #3647, #1938 ) ;
#473 = STYLED_ITEM ( 'NONE', ( #3287 ), #2511 ) ;
#474 = ADVANCED_FACE ( 'NONE', ( #1583 ), #2745, .T. ) ;
#475 = DIRECTION ( 'NONE',  ( -1.000000000000000000, 0.000000000000000000, 0.000000000000000000 ) ) ;
#476 = AXIS2_PLACEMENT_3D ( 'NONE', #1305, #2457, #3618 ) ;
#477 = EDGE_LOOP ( 'NONE', ( #3515, #2015, #52, #3162 ) ) ;
#478 = LINE ( 'NONE', #385, #3108 ) ;
#479 = PRESENTATION_STYLE_ASSIGNMENT (( #3362 ) ) ;
#480 = EDGE_CURVE ( 'NONE', #1226, #742, #340, .T. ) ;
#481 = FACE_OUTER_BOUND ( 'NONE', #1447, .T. ) ;
#482 = ORIENTED_EDGE ( 'NONE', *, *, #1887, .F. ) ;
#483 = ORIENTED_EDGE ( 'NONE', *, *, #894, .F. ) ;
#484 = DIRECTION ( 'NONE',  ( 0.000000000000000000, 0.000000000000000000, 1.000000000000000000 ) ) ;
#485 = DIRECTION ( 'NONE',  ( 1.000000000000000000, 0.000000000000000000, -0.000000000000000000 ) ) ;
#486 =( GEOMETRIC_REPRESENTATION_CONTEXT ( 3 ) GLOBAL_UNCERTAINTY_ASSIGNED_CONTEXT ( ( #65 ) ) GLOBAL_UNIT_ASSIGNED_CONTEXT ( ( #1402, #1752, #1973 ) ) REPRESENTATION_CONTEXT ( 'NONE', 'WORKASPACE' ) );
#487 = ORIENTED_EDGE ( 'NONE', *, *, #1120, .T. ) ;
#488 = DIRECTION ( 'NONE',  ( 0.000000000000000000, -1.000000000000000000, -2.710505431213761578E-16 ) ) ;
#489 = CARTESIAN_POINT ( 'NONE',  ( -1.000000000000000222, 0.5999999999999999778, 0.5499999999999999334 ) ) ;
#490 = VERTEX_POINT ( 'NONE', #2298 ) ;
#491 = FACE_OUTER_BOUND ( 'NONE', #573, .T. ) ;
#492 = DIRECTION ( 'NONE',  ( 1.000000000000000000, 0.000000000000000000, 0.000000000000000000 ) ) ;
#493 = EDGE_LOOP ( 'NONE', ( #1183, #2815, #3382 ) ) ;
#494 = ADVANCED_FACE ( 'NONE', ( #316 ), #3459, .T. ) ;
#495 = ORIENTED_EDGE ( 'NONE', *, *, #2794, .T. ) ;
#496 = CARTESIAN_POINT ( 'NONE',  ( -0.9500000000000001776, -0.5499999999999999334, 0.2499999999999999445 ) ) ;
#497 = VECTOR ( 'NONE', #1340, 1000.000000000000000 ) ;
#498 = DIRECTION ( 'NONE',  ( 0.000000000000000000, -1.000000000000000000, 0.000000000000000000 ) ) ;
#499 = DIRECTION ( 'NONE',  ( 0.000000000000000000, -1.000000000000000000, 0.000000000000000000 ) ) ;
#500 = AXIS2_PLACEMENT_3D ( 'NONE', #1322, #3599, #3295 ) ;
#501 = EDGE_LOOP ( 'NONE', ( #2847, #3764, #2832, #3052 ) ) ;
#502 = DIRECTION ( 'NONE',  ( -0.000000000000000000, 1.000000000000000000, -0.000000000000000000 ) ) ;
#503 = LINE ( 'NONE', #2866, #2811 ) ;
#504 = UNCERTAINTY_MEASURE_WITH_UNIT (LENGTH_MEASURE( 1.000000000000000082E-05 ), #2072, 'distance_accuracy_value', 'NONE');
#505 = FACE_OUTER_BOUND ( 'NONE', #3753, .T. ) ;
#506 = AXIS2_PLACEMENT_3D ( 'NONE', #1335, #2488, #3653 ) ;
#507 = CARTESIAN_POINT ( 'NONE',  ( -0.5999999999999997558, -0.4299999999999999378, -0.5499999999999999334 ) ) ;
#508 = EDGE_LOOP ( 'NONE', ( #861, #206, #1017, #3500 ) ) ;
#509 = DIRECTION ( 'NONE',  ( 0.000000000000000000, 0.000000000000000000, 1.000000000000000000 ) ) ;
#510 = PRESENTATION_STYLE_ASSIGNMENT (( #1731 ) ) ;
#511 = VECTOR ( 'NONE', #926, 1000.000000000000000 ) ;
#512 = SURFACE_STYLE_FILL_AREA ( #3476 ) ;
#513 =( GEOMETRIC_REPRESENTATION_CONTEXT ( 3 ) GLOBAL_UNCERTAINTY_ASSIGNED_CONTEXT ( ( #3268 ) ) GLOBAL_UNIT_ASSIGNED_CONTEXT ( ( #603, #1764, #3195 ) ) REPRESENTATION_CONTEXT ( 'NONE', 'WORKASPACE' ) );
#514 = SURFACE_STYLE_USAGE ( .BOTH. , #1388 ) ;
#515 = AXIS2_PLACEMENT_3D ( 'NONE', #3015, #106, #1279 ) ;
#516 = ORIENTED_EDGE ( 'NONE', *, *, #422, .F. ) ;
#517 = ORIENTED_EDGE ( 'NONE', *, *, #3752, .T. ) ;
#518 = ADVANCED_FACE ( 'NONE', ( #1217 ), #1737, .T. ) ;
#519 = EDGE_CURVE ( 'NONE', #1694, #2300, #3192, .T. ) ;
#520 = VERTEX_POINT ( 'NONE', #2083 ) ;
#521 =( LENGTH_UNIT ( ) NAMED_UNIT ( * ) SI_UNIT ( .MILLI., .METRE. ) );
#522 = CARTESIAN_POINT ( 'NONE',  ( 0.000000000000000000, -0.4299999999999999378, 0.000000000000000000 ) ) ;
#523 = DIRECTION ( 'NONE',  ( -0.000000000000000000, 0.000000000000000000, 1.000000000000000000 ) ) ;
#524 = EDGE_CURVE ( 'NONE', #2166, #1663, #2100, .T. ) ;
#525 = VERTEX_POINT ( 'NONE', #1178 ) ;
#526 = DIRECTION ( 'NONE',  ( 0.000000000000000000, -1.000000000000000000, 0.000000000000000000 ) ) ;
#527 = CIRCLE ( 'NONE', #345, 0.05000000000000002359 ) ;
#528 = CARTESIAN_POINT ( 'NONE',  ( -1.000000000000000222, 0.3999999999999999667, 0.5999999999999999778 ) ) ;
#529 = FILL_AREA_STYLE ('',( #829 ) ) ;
#530 = DIRECTION ( 'NONE',  ( 1.000000000000000000, 0.000000000000000000, 0.000000000000000000 ) ) ;
#531 = PRESENTATION_LAYER_ASSIGNMENT (  '', '', ( #2965 ) ) ;
#532 =( GEOMETRIC_REPRESENTATION_CONTEXT ( 3 ) GLOBAL_UNCERTAINTY_ASSIGNED_CONTEXT ( ( #1294 ) ) GLOBAL_UNIT_ASSIGNED_CONTEXT ( ( #651, #2971, #66 ) ) REPRESENTATION_CONTEXT ( 'NONE', 'WORKASPACE' ) );
#533 =( NAMED_UNIT ( * ) SI_UNIT ( $, .STERADIAN. ) SOLID_ANGLE_UNIT ( ) );
#534 = COLOUR_RGB ( '',0.2509803921568627416, 0.2509803921568627416, 0.2509803921568627416 ) ;
#535 = CARTESIAN_POINT ( 'NONE',  ( 0.5499999999999998224, -0.4299999999999999378, -0.6009999999999998677 ) ) ;
#536 = VERTEX_POINT ( 'NONE', #604 ) ;
#537 = EDGE_LOOP ( 'NONE', ( #641, #2508, #2590, #648 ) ) ;
#538 = LINE ( 'NONE', #2880, #3068 ) ;
#539 = ORIENTED_EDGE ( 'NONE', *, *, #231, .T. ) ;
#540 = EDGE_CURVE ( 'NONE', #3448, #365, #2931, .T. ) ;
#541 = ADVANCED_FACE ( 'NONE', ( #572 ), #1237, .F. ) ;
#542 =( LENGTH_UNIT ( ) NAMED_UNIT ( * ) SI_UNIT ( .MILLI., .METRE. ) );
#543 =( NAMED_UNIT ( * ) SI_UNIT ( $, .STERADIAN. ) SOLID_ANGLE_UNIT ( ) );
#544 = AXIS2_PLACEMENT_3D ( 'NONE', #1287, #2443, #2157 ) ;
#545 = EDGE_LOOP ( 'NONE', ( #2204, #2391, #2336 ) ) ;
#546 = CARTESIAN_POINT ( 'NONE',  ( -0.5999999999999997558, -0.4299999999999999378, -0.1999999999999999278 ) ) ;
#547 = AXIS2_PLACEMENT_3D ( 'NONE', #404, #1564, #2497 ) ;
#548 = EDGE_CURVE ( 'NONE', #1226, #1349, #2407, .T. ) ;
#549 = DIRECTION ( 'NONE',  ( -1.000000000000000000, 0.000000000000000000, 0.000000000000000000 ) ) ;
#550 = PRESENTATION_STYLE_ASSIGNMENT (( #2837 ) ) ;
#551 =( GEOMETRIC_REPRESENTATION_CONTEXT ( 3 ) GLOBAL_UNCERTAINTY_ASSIGNED_CONTEXT ( ( #3568 ) ) GLOBAL_UNIT_ASSIGNED_CONTEXT ( ( #2984, #3565, #927 ) ) REPRESENTATION_CONTEXT ( 'NONE', 'WORKASPACE' ) );
#552 = DIRECTION ( 'NONE',  ( 0.000000000000000000, -1.000000000000000000, 0.000000000000000000 ) ) ;
#553 = VERTEX_POINT ( 'NONE', #2339 ) ;
#554 = ORIENTED_EDGE ( 'NONE', *, *, #2685, .T. ) ;
#555 = DIRECTION ( 'NONE',  ( -5.421010862427523156E-16, 1.000000000000000000, -0.000000000000000000 ) ) ;
#556 = COLOUR_RGB ( '',0.2509803921568627416, 0.2509803921568627416, 0.2509803921568627416 ) ;
#557 = ORIENTED_EDGE ( 'NONE', *, *, #109, .F. ) ;
#558 = CARTESIAN_POINT ( 'NONE',  ( -1.000000000000000222, 0.5999999999999999778, 0.5999999999999999778 ) ) ;
#559 = SURFACE_STYLE_USAGE ( .BOTH. , #3695 ) ;
#560 = PRESENTATION_STYLE_ASSIGNMENT (( #2828 ) ) ;
#561 = VERTEX_POINT ( 'NONE', #1468 ) ;
#562 = CYLINDRICAL_SURFACE ( 'NONE', #860, 0.05000000000000002359 ) ;
#563 = VECTOR ( 'NONE', #877, 1000.000000000000000 ) ;
#564 = ADVANCED_FACE ( 'NONE', ( #322 ), #2899, .T. ) ;
#565 = EDGE_CURVE ( 'NONE', #875, #2031, #2627, .T. ) ;
#566 = FILL_AREA_STYLE_COLOUR ( '', #996 ) ;
#567 = MECHANICAL_DESIGN_GEOMETRIC_PRESENTATION_REPRESENTATION (  '', ( #1726 ), #1052 ) ;
#568 = DIRECTION ( 'NONE',  ( -0.000000000000000000, -1.000000000000000000, -0.000000000000000000 ) ) ;
#569 = SURFACE_SIDE_STYLE ('',( #3178 ) ) ;
#570 = AXIS2_PLACEMENT_3D ( 'NONE', #2315, #3197, #3743 ) ;
#571 = AXIS2_PLACEMENT_3D ( 'NONE', #3355, #1004, #170 ) ;
#572 = FACE_OUTER_BOUND ( 'NONE', #2478, .T. ) ;
#573 = EDGE_LOOP ( 'NONE', ( #166, #3096, #844, #652 ) ) ;
#574 = VERTEX_POINT ( 'NONE', #2319 ) ;
#575 = DIRECTION ( 'NONE',  ( 0.000000000000000000, 0.000000000000000000, -1.000000000000000000 ) ) ;
#576 = MECHANICAL_DESIGN_GEOMETRIC_PRESENTATION_REPRESENTATION (  '', ( #1 ), #2449 ) ;
#577 = ORIENTED_EDGE ( 'NONE', *, *, #3469, .F. ) ;
#578 = FACE_OUTER_BOUND ( 'NONE', #1512, .T. ) ;
#579 = SURFACE_STYLE_FILL_AREA ( #3521 ) ;
#580 = DIRECTION ( 'NONE',  ( 0.000000000000000000, -1.000000000000000000, 0.000000000000000000 ) ) ;
#581 = ORIENTED_EDGE ( 'NONE', *, *, #2114, .F. ) ;
#582 = LINE ( 'NONE', #2887, #1775 ) ;
#583 = LINE ( 'NONE', #2966, #934 ) ;
#584 = CARTESIAN_POINT ( 'NONE',  ( -0.5499999999999997113, -0.3999999999999999667, -0.6009999999999998677 ) ) ;
#585 = SURFACE_STYLE_FILL_AREA ( #529 ) ;
#586 = EDGE_CURVE ( 'NONE', #3364, #1578, #2916, .T. ) ;
#587 = CARTESIAN_POINT ( 'NONE',  ( 0.9499999999999997335, -0.5499999999999999334, 0.2499999999999999445 ) ) ;
#588 = ORIENTED_EDGE ( 'NONE', *, *, #61, .T. ) ;
#590 = VERTEX_POINT ( 'NONE', #1898 ) ;
#589 = AXIS2_PLACEMENT_3D ( 'NONE', #3132, #1688, #2283 ) ;
#591 = CIRCLE ( 'NONE', #2718, 0.05000000000000002359 ) ;
#592 = AXIS2_PLACEMENT_3D ( 'NONE', #867, #1733, #1554 ) ;
#593 = PRESENTATION_STYLE_ASSIGNMENT (( #3482 ) ) ;
#594 = VERTEX_POINT ( 'NONE', #3073 ) ;
#595 =( NAMED_UNIT ( * ) PLANE_ANGLE_UNIT ( ) SI_UNIT ( $, .RADIAN. ) );
#596 = SURFACE_SIDE_STYLE ('',( #1456 ) ) ;
#597 = LINE ( 'NONE', #1493, #1961 ) ;
#598 = ORIENTED_EDGE ( 'NONE', *, *, #979, .F. ) ;
#599 = DIRECTION ( 'NONE',  ( -0.000000000000000000, 1.000000000000000000, 0.000000000000000000 ) ) ;
#600 =( GEOMETRIC_REPRESENTATION_CONTEXT ( 3 ) GLOBAL_UNCERTAINTY_ASSIGNED_CONTEXT ( ( #991 ) ) GLOBAL_UNIT_ASSIGNED_CONTEXT ( ( #1139, #2026, #3685 ) ) REPRESENTATION_CONTEXT ( 'NONE', 'WORKASPACE' ) );
#601 = LINE ( 'NONE', #1822, #1089 ) ;
#602 = DIRECTION ( 'NONE',  ( 0.000000000000000000, 0.000000000000000000, -1.000000000000000000 ) ) ;
#603 =( LENGTH_UNIT ( ) NAMED_UNIT ( * ) SI_UNIT ( .MILLI., .METRE. ) );
#604 = CARTESIAN_POINT ( 'NONE',  ( 0.5499999999999999334, -0.5499999999999999334, -0.5499999999999999334 ) ) ;
#605 = VERTEX_POINT ( 'NONE', #200 ) ;
#606 = AXIS2_PLACEMENT_3D ( 'NONE', #3361, #2238, #1365 ) ;
#607 = ORIENTED_EDGE ( 'NONE', *, *, #2311, .T. ) ;
#608 =( NAMED_UNIT ( * ) SI_UNIT ( $, .STERADIAN. ) SOLID_ANGLE_UNIT ( ) );
#609 = DIRECTION ( 'NONE',  ( 0.000000000000000000, -1.000000000000000000, 0.000000000000000000 ) ) ;
#610 = ADVANCED_FACE ( 'NONE', ( #1347 ), #1702, .F. ) ;
#611 = VERTEX_POINT ( 'NONE', #2562 ) ;
#612 = CARTESIAN_POINT ( 'NONE',  ( 0.000000000000000000, -0.2999999999999999889, 0.3999999999999999112 ) ) ;
#613 = FILL_AREA_STYLE ('',( #2036 ) ) ;
#614 = VECTOR ( 'NONE', #3456, 1000.000000000000000 ) ;
#615 = DIRECTION ( 'NONE',  ( 1.000000000000000000, 0.000000000000000000, -0.000000000000000000 ) ) ;
#616 = ORIENTED_EDGE ( 'NONE', *, *, #1573, .F. ) ;
#617 = DIRECTION ( 'NONE',  ( 0.000000000000000000, 0.000000000000000000, 1.000000000000000000 ) ) ;
#618 = VECTOR ( 'NONE', #3222, 1000.000000000000000 ) ;
#619 = SURFACE_SIDE_STYLE ('',( #2641 ) ) ;
#620 =( GEOMETRIC_REPRESENTATION_CONTEXT ( 3 ) GLOBAL_UNCERTAINTY_ASSIGNED_CONTEXT ( ( #1073 ) ) GLOBAL_UNIT_ASSIGNED_CONTEXT ( ( #840, #2284, #2808 ) ) REPRESENTATION_CONTEXT ( 'NONE', 'WORKASPACE' ) );
#621 = DIRECTION ( 'NONE',  ( 0.000000000000000000, 0.000000000000000000, -1.000000000000000000 ) ) ;
#622 = VECTOR ( 'NONE', #464, 1000.000000000000000 ) ;
#623 = CARTESIAN_POINT ( 'NONE',  ( 0.9499999999999997335, 0.3999999999999999667, -0.5999999999999999778 ) ) ;
#624 = MECHANICAL_DESIGN_GEOMETRIC_PRESENTATION_REPRESENTATION (  '', ( #2266 ), #1486 ) ;
#625 = SURFACE_SIDE_STYLE ('',( #1765 ) ) ;
#626 = VECTOR ( 'NONE', #498, 1000.000000000000000 ) ;
#627 = ORIENTED_EDGE ( 'NONE', *, *, #3083, .F. ) ;
#628 = ORIENTED_EDGE ( 'NONE', *, *, #2823, .T. ) ;
#629 = FACE_OUTER_BOUND ( 'NONE', #952, .T. ) ;
#630 = VECTOR ( 'NONE', #212, 1000.000000000000000 ) ;
#631 = VECTOR ( 'NONE', #3452, 1000.000000000000000 ) ;
#632 = ORIENTED_EDGE ( 'NONE', *, *, #3030, .T. ) ;
#633 = DIRECTION ( 'NONE',  ( -0.000000000000000000, -0.000000000000000000, -1.000000000000000000 ) ) ;
#634 = CARTESIAN_POINT ( 'NONE',  ( 0.9499999999999996225, -0.4299999999999999378, 0.1999999999999999556 ) ) ;
#635 = EDGE_CURVE ( 'NONE', #1988, #890, #2661, .T. ) ;
#636 = DIRECTION ( 'NONE',  ( -1.000000000000000000, 0.000000000000000000, 0.000000000000000000 ) ) ;
#637 = VECTOR ( 'NONE', #2582, 1000.000000000000000 ) ;
#638 = EDGE_CURVE ( 'NONE', #1988, #2595, #3689, .T. ) ;
#639 = PRESENTATION_LAYER_ASSIGNMENT (  '', '', ( #2642 ) ) ;
#640 = CYLINDRICAL_SURFACE ( 'NONE', #2463, 0.05000000000000002359 ) ;
#641 = ORIENTED_EDGE ( 'NONE', *, *, #3145, .T. ) ;
#642 = VECTOR ( 'NONE', #2487, 1000.000000000000000 ) ;
#643 = CYLINDRICAL_SURFACE ( 'NONE', #186, 0.05000000000000002359 ) ;
#644 = ADVANCED_FACE ( 'NONE', ( #1659 ), #1404, .T. ) ;
#645 = DIRECTION ( 'NONE',  ( -1.000000000000000000, 0.000000000000000000, 0.000000000000000000 ) ) ;
#646 = DIRECTION ( 'NONE',  ( -0.000000000000000000, 1.000000000000000000, 0.000000000000000000 ) ) ;
#647 = CARTESIAN_POINT ( 'NONE',  ( 0.5499999999999998224, 0.3000000000000000444, 0.4999999999999998890 ) ) ;
#648 = ORIENTED_EDGE ( 'NONE', *, *, #2398, .T. ) ;
#649 = CYLINDRICAL_SURFACE ( 'NONE', #1151, 0.1000000000000000472 ) ;
#650 = UNCERTAINTY_MEASURE_WITH_UNIT (LENGTH_MEASURE( 1.000000000000000082E-05 ), #1552, 'distance_accuracy_value', 'NONE');
#651 =( LENGTH_UNIT ( ) NAMED_UNIT ( * ) SI_UNIT ( .MILLI., .METRE. ) );
#652 = ORIENTED_EDGE ( 'NONE', *, *, #2731, .T. ) ;
#653 = DIRECTION ( 'NONE',  ( 0.000000000000000000, 1.000000000000000000, 2.710505431213761578E-16 ) ) ;
#654 = FACE_OUTER_BOUND ( 'NONE', #3766, .T. ) ;
#655 = DIRECTION ( 'NONE',  ( 0.000000000000000000, 2.168404344971007685E-15, -1.000000000000000000 ) ) ;
#656 = VECTOR ( 'NONE', #1091, 1000.000000000000000 ) ;
#657 = FACE_OUTER_BOUND ( 'NONE', #669, .T. ) ;
#658 = ADVANCED_FACE ( 'NONE', ( #481 ), #2799, .T. ) ;
#659 = VERTEX_POINT ( 'NONE', #264 ) ;
#660 = CARTESIAN_POINT ( 'NONE',  ( -0.5999999999999997558, -0.4299999999999999378, -0.2499999999999999445 ) ) ;
#661 =( LENGTH_UNIT ( ) NAMED_UNIT ( * ) SI_UNIT ( .MILLI., .METRE. ) );
#662 = PRESENTATION_STYLE_ASSIGNMENT (( #2926 ) ) ;
#663 = EDGE_CURVE ( 'NONE', #823, #659, #1426, .T. ) ;
#664 =( GEOMETRIC_REPRESENTATION_CONTEXT ( 3 ) GLOBAL_UNCERTAINTY_ASSIGNED_CONTEXT ( ( #10 ) ) GLOBAL_UNIT_ASSIGNED_CONTEXT ( ( #3306, #1293, #1579 ) ) REPRESENTATION_CONTEXT ( 'NONE', 'WORKASPACE' ) );
#665 = EDGE_CURVE ( 'NONE', #948, #2243, #1642, .T. ) ;
#666 = CARTESIAN_POINT ( 'NONE',  ( 0.5499999999999998224, -0.3999999999999999667, -0.6009999999999998677 ) ) ;
#667 = CARTESIAN_POINT ( 'NONE',  ( -0.9500000000000001776, 0.5999999999999999778, -0.5500000000000000444 ) ) ;
#668 = EDGE_CURVE ( 'NONE', #520, #2300, #2333, .T. ) ;
#669 = EDGE_LOOP ( 'NONE', ( #632, #2819, #3135, #2729 ) ) ;
#670 = SURFACE_SIDE_STYLE ('',( #1545 ) ) ;
#671 = CARTESIAN_POINT ( 'NONE',  ( -1.000000000000000222, -0.4299999999999999378, 0.5999999999999999778 ) ) ;
#672 = EDGE_LOOP ( 'NONE', ( #2489, #1053, #2783 ) ) ;
#673 = SPHERICAL_SURFACE ( 'NONE', #49, 0.05000000000000000278 ) ;
#674 = CARTESIAN_POINT ( 'NONE',  ( -0.5999999999999997558, -0.4000000000000000777, -0.2499999999999999445 ) ) ;
#675 = AXIS2_PLACEMENT_3D ( 'NONE', #3086, #1343, #1008 ) ;
#676 = FILL_AREA_STYLE ('',( #3274 ) ) ;
#677 = EDGE_LOOP ( 'NONE', ( #1944, #1428, #3231, #2123, #1760 ) ) ;
#678 = LINE ( 'NONE', #1855, #3506 ) ;
#679 = CYLINDRICAL_SURFACE ( 'NONE', #120, 0.04999999999999999584 ) ;
#680 = CARTESIAN_POINT ( 'NONE',  ( -0.5499999999999997113, -0.5999999999999999778, -0.5499999999999999334 ) ) ;
#681 = DIRECTION ( 'NONE',  ( 0.000000000000000000, -1.000000000000000000, 0.000000000000000000 ) ) ;
#682 = CARTESIAN_POINT ( 'NONE',  ( -1.000000000000000222, -0.4299999999999999378, -0.1999999999999999278 ) ) ;
#683 = EDGE_CURVE ( 'NONE', #319, #3293, #591, .T. ) ;
#684 = EDGE_CURVE ( 'NONE', #2877, #611, #3514, .T. ) ;
#685 = PRESENTATION_LAYER_ASSIGNMENT (  '', '', ( #3288 ) ) ;
#686 = ORIENTED_EDGE ( 'NONE', *, *, #3256, .T. ) ;
#687 = DIRECTION ( 'NONE',  ( 0.000000000000000000, -1.000000000000000000, 0.000000000000000000 ) ) ;
#688 = UNCERTAINTY_MEASURE_WITH_UNIT (LENGTH_MEASURE( 1.000000000000000082E-05 ), #303, 'distance_accuracy_value', 'NONE');
#689 = COLOUR_RGB ( '',0.2509803921568627416, 0.2509803921568627416, 0.2509803921568627416 ) ;
#690 = ORIENTED_EDGE ( 'NONE', *, *, #259, .T. ) ;
#691 = FACE_OUTER_BOUND ( 'NONE', #2464, .T. ) ;
#692 = DIRECTION ( 'NONE',  ( -1.000000000000000000, -1.084202172485503842E-15, 0.000000000000000000 ) ) ;
#693 = PLANE ( 'NONE',  #382 ) ;
#694 = COLOUR_RGB ( '',0.2509803921568627416, 0.2509803921568627416, 0.2509803921568627416 ) ;
#695 = LINE ( 'NONE', #1494, #825 ) ;
#696 = UNCERTAINTY_MEASURE_WITH_UNIT (LENGTH_MEASURE( 1.000000000000000082E-05 ), #2329, 'distance_accuracy_value', 'NONE');
#697 = ORIENTED_EDGE ( 'NONE', *, *, #1711, .T. ) ;
#698 = DIRECTION ( 'NONE',  ( -1.000000000000000000, 0.000000000000000000, 0.000000000000000000 ) ) ;
#699 = LINE ( 'NONE', #3018, #2563 ) ;
#700 = VECTOR ( 'NONE', #143, 1000.000000000000000 ) ;
#701 = CARTESIAN_POINT ( 'NONE',  ( -0.5499999999999997113, -0.3999999999999999667, 0.5499999999999998224 ) ) ;
#702 = MECHANICAL_DESIGN_GEOMETRIC_PRESENTATION_REPRESENTATION (  '', ( #2452 ), #140 ) ;
#703 = EDGE_LOOP ( 'NONE', ( #409, #3221, #2912, #2693 ) ) ;
#704 = LINE ( 'NONE', #115, #903 ) ;
#705 = FACE_OUTER_BOUND ( 'NONE', #2795, .T. ) ;
#706 = SURFACE_SIDE_STYLE ('',( #117 ) ) ;
#707 = EDGE_CURVE ( 'NONE', #3630, #2092, #2010, .T. ) ;
#708 = ORIENTED_EDGE ( 'NONE', *, *, #524, .T. ) ;
#709 = CARTESIAN_POINT ( 'NONE',  ( 0.9499999999999997335, -0.5999999999999999778, -0.1999999999999999833 ) ) ;
#710 = ORIENTED_EDGE ( 'NONE', *, *, #2115, .F. ) ;
#711 = EDGE_LOOP ( 'NONE', ( #2841, #1766, #3650, #3251 ) ) ;
#712 = CARTESIAN_POINT ( 'NONE',  ( -0.5499999999999997113, -0.3999999999999999667, 0.5999999999999999778 ) ) ;
#713 = ORIENTED_EDGE ( 'NONE', *, *, #3194, .F. ) ;
#714 = FILL_AREA_STYLE_COLOUR ( '', #1748 ) ;
#715 = FACE_OUTER_BOUND ( 'NONE', #1997, .T. ) ;
#716 = CARTESIAN_POINT ( 'NONE',  ( 0.5999999999999992006, 0.6000000000000008660, -0.5999999999999999778 ) ) ;
#717 = EDGE_LOOP ( 'NONE', ( #2428, #459, #2566, #2747 ) ) ;
#718 = CARTESIAN_POINT ( 'NONE',  ( 0.5499999999999998224, -0.3999999999999999667, -0.3999999999999999112 ) ) ;
#719 = DIRECTION ( 'NONE',  ( 5.421010862427523156E-16, -1.000000000000000000, 0.000000000000000000 ) ) ;
#720 = CARTESIAN_POINT ( 'NONE',  ( -0.9500000000000001776, -0.5500000000000000444, 0.2499999999999999445 ) ) ;
#721 = UNCERTAINTY_MEASURE_WITH_UNIT (LENGTH_MEASURE( 1.000000000000000082E-05 ), #1570, 'distance_accuracy_value', 'NONE');
#722 = EDGE_CURVE ( 'NONE', #3570, #2146, #4, .T. ) ;
#723 = ORIENTED_EDGE ( 'NONE', *, *, #886, .T. ) ;
#724 = ORIENTED_EDGE ( 'NONE', *, *, #3354, .F. ) ;
#725 = CARTESIAN_POINT ( 'NONE',  ( -1.000000000000000222, 0.5999999999999999778, -0.5999999999999999778 ) ) ;
#726 = DIRECTION ( 'NONE',  ( 0.000000000000000000, 0.000000000000000000, -1.000000000000000000 ) ) ;
#727 = VECTOR ( 'NONE', #633, 1000.000000000000000 ) ;
#728 = EDGE_CURVE ( 'NONE', #1808, #244, #2601, .T. ) ;
#729 =( NAMED_UNIT ( * ) SI_UNIT ( $, .STERADIAN. ) SOLID_ANGLE_UNIT ( ) );
#730 = ORIENTED_EDGE ( 'NONE', *, *, #1214, .F. ) ;
#731 = STYLED_ITEM ( 'NONE', ( #1026 ), #1618 ) ;
#732 = DIRECTION ( 'NONE',  ( -1.000000000000000000, 0.000000000000000000, 0.000000000000000000 ) ) ;
#733 = ADVANCED_FACE ( 'NONE', ( #2620 ), #1196, .F. ) ;
#734 = LINE ( 'NONE', #2458, #1966 ) ;
#735 = VERTEX_POINT ( 'NONE', #623 ) ;
#736 = SURFACE_STYLE_FILL_AREA ( #3339 ) ;
#737 = PLANE ( 'NONE',  #1110 ) ;
#738 = PLANE ( 'NONE',  #1297 ) ;
#739 = CARTESIAN_POINT ( 'NONE',  ( -0.5499999999999997113, -0.3999999999999999667, -0.6009999999999998677 ) ) ;
#740 = VECTOR ( 'NONE', #454, 1000.000000000000000 ) ;
#741 = VERTEX_POINT ( 'NONE', #647 ) ;
#742 = VERTEX_POINT ( 'NONE', #1787 ) ;
#743 = DIRECTION ( 'NONE',  ( 0.000000000000000000, 0.000000000000000000, 1.000000000000000000 ) ) ;
#744 =( GEOMETRIC_REPRESENTATION_CONTEXT ( 3 ) GLOBAL_UNCERTAINTY_ASSIGNED_CONTEXT ( ( #804 ) ) GLOBAL_UNIT_ASSIGNED_CONTEXT ( ( #1903, #3573, #3078 ) ) REPRESENTATION_CONTEXT ( 'NONE', 'WORKASPACE' ) );
#745 = DIRECTION ( 'NONE',  ( 1.000000000000000000, 0.000000000000000000, -0.000000000000000000 ) ) ;
#746 = AXIS2_PLACEMENT_3D ( 'NONE', #1619, #344, #3759 ) ;
#747 = ORIENTED_EDGE ( 'NONE', *, *, #728, .F. ) ;
#748 = FACE_OUTER_BOUND ( 'NONE', #775, .T. ) ;
#749 = CARTESIAN_POINT ( 'NONE',  ( 0.9499999999999997335, -0.5999999999999999778, 0.5499999999999999334 ) ) ;
#750 = STYLED_ITEM ( 'NONE', ( #662 ), #3473 ) ;
#751 = CARTESIAN_POINT ( 'NONE',  ( 0.5999999999999999778, -0.5500000000000000444, 0.5499999999999999334 ) ) ;
#752 = ORIENTED_EDGE ( 'NONE', *, *, #1333, .T. ) ;
#753 = FACE_OUTER_BOUND ( 'NONE', #3467, .T. ) ;
#754 = CARTESIAN_POINT ( 'NONE',  ( 0.9999999999999997780, -0.4299999999999999378, 0.2499999999999999445 ) ) ;
#755 = DIRECTION ( 'NONE',  ( 0.000000000000000000, 0.000000000000000000, 1.000000000000000000 ) ) ;
#756 = CARTESIAN_POINT ( 'NONE',  ( -1.000000000000000222, -0.4299999999999999378, -0.5999999999999999778 ) ) ;
#757 = VERTEX_POINT ( 'NONE', #2665 ) ;
#758 = ORIENTED_EDGE ( 'NONE', *, *, #2686, .F. ) ;
#759 = CARTESIAN_POINT ( 'NONE',  ( -1.000000000000000222, 0.5999999999999999778, 0.5999999999999999778 ) ) ;
#760 = ORIENTED_EDGE ( 'NONE', *, *, #3007, .T. ) ;
#761 = CARTESIAN_POINT ( 'NONE',  ( 0.5499999999999993783, 0.2999999999999999889, -0.3999999999999998557 ) ) ;
#762 =( NAMED_UNIT ( * ) SI_UNIT ( $, .STERADIAN. ) SOLID_ANGLE_UNIT ( ) );
#763 = EDGE_CURVE ( 'NONE', #69, #2656, #1215, .T. ) ;
#764 = LINE ( 'NONE', #3151, #3728 ) ;
#765 = ORIENTED_EDGE ( 'NONE', *, *, #336, .T. ) ;
#766 = COLOUR_RGB ( '',0.2509803921568627416, 0.2509803921568627416, 0.2509803921568627416 ) ;
#767 = CARTESIAN_POINT ( 'NONE',  ( -0.5499999999999997113, -0.4000000000000000777, -0.1999999999999999278 ) ) ;
#768 = VECTOR ( 'NONE', #645, 1000.000000000000000 ) ;
#769 = EDGE_CURVE ( 'NONE', #3364, #896, #929, .T. ) ;
#770 = ADVANCED_FACE ( 'NONE', ( #3742 ), #2297, .T. ) ;
#771 = FACE_OUTER_BOUND ( 'NONE', #3333, .T. ) ;
#772 = ORIENTED_EDGE ( 'NONE', *, *, #1543, .T. ) ;
#773 = DIRECTION ( 'NONE',  ( 0.000000000000000000, 1.000000000000000000, -2.168404344971008079E-15 ) ) ;
#774 = CARTESIAN_POINT ( 'NONE',  ( -1.000000000000000222, -0.5499999999999999334, 0.1999999999999999556 ) ) ;
#775 = EDGE_LOOP ( 'NONE', ( #607, #870, #353, #1977 ) ) ;
#776 = EDGE_LOOP ( 'NONE', ( #1146, #2493, #1321, #2383 ) ) ;
#777 = SURFACE_STYLE_USAGE ( .BOTH. , #1994 ) ;
#778 = DIRECTION ( 'NONE',  ( -1.000000000000000000, 0.000000000000000000, 0.000000000000000000 ) ) ;
#779 = VECTOR ( 'NONE', #965, 1000.000000000000000 ) ;
#780 = ORIENTED_EDGE ( 'NONE', *, *, #1930, .T. ) ;
#781 =( NAMED_UNIT ( * ) SI_UNIT ( $, .STERADIAN. ) SOLID_ANGLE_UNIT ( ) );
#782 = DIRECTION ( 'NONE',  ( 0.000000000000000000, -1.000000000000000000, 0.000000000000000000 ) ) ;
#783 = LINE ( 'NONE', #1691, #993 ) ;
#784 = DIRECTION ( 'NONE',  ( 0.000000000000000000, 0.000000000000000000, 1.000000000000000000 ) ) ;
#785 = EDGE_LOOP ( 'NONE', ( #1976, #2859, #3275 ) ) ;
#786 = DIRECTION ( 'NONE',  ( 0.000000000000000000, 0.000000000000000000, -1.000000000000000000 ) ) ;
#787 = DIRECTION ( 'NONE',  ( -0.000000000000000000, 1.000000000000000000, 0.000000000000000000 ) ) ;
#788 = LINE ( 'NONE', #1950, #130 ) ;
#789 = PLANE ( 'NONE',  #2539 ) ;
#790 = CARTESIAN_POINT ( 'NONE',  ( 0.000000000000000000, -0.5999999999999999778, 0.000000000000000000 ) ) ;
#791 = EDGE_CURVE ( 'NONE', #3597, #3509, #99, .T. ) ;
#792 = ADVANCED_FACE ( 'NONE', ( #2117 ), #1312, .F. ) ;
#793 = CARTESIAN_POINT ( 'NONE',  ( 0.000000000000000000, 0.000000000000000000, -0.4999999999999998890 ) ) ;
#794 = PRESENTATION_STYLE_ASSIGNMENT (( #514 ) ) ;
#795 = EDGE_LOOP ( 'NONE', ( #2688, #2376, #2233, #2442 ) ) ;
#796 = EDGE_CURVE ( 'NONE', #896, #3448, #2144, .T. ) ;
#797 =( NAMED_UNIT ( * ) PLANE_ANGLE_UNIT ( ) SI_UNIT ( $, .RADIAN. ) );
#798 = VECTOR ( 'NONE', #1713, 1000.000000000000000 ) ;
#799 = DIRECTION ( 'NONE',  ( 1.000000000000000000, 0.000000000000000000, 0.000000000000000000 ) ) ;
#800 = SURFACE_SIDE_STYLE ('',( #819 ) ) ;
#801 = AXIS2_PLACEMENT_3D ( 'NONE', #168, #1587, #2748 ) ;
#802 = ORIENTED_EDGE ( 'NONE', *, *, #431, .T. ) ;
#803 = CARTESIAN_POINT ( 'NONE',  ( 0.9999999999999997780, 0.3999999999999999667, 0.5999999999999999778 ) ) ;
#804 = UNCERTAINTY_MEASURE_WITH_UNIT (LENGTH_MEASURE( 1.000000000000000082E-05 ), #1903, 'distance_accuracy_value', 'NONE');
#805 = AXIS2_PLACEMENT_3D ( 'NONE', #985, #2425, #3625 ) ;
#806 = VECTOR ( 'NONE', #636, 1000.000000000000000 ) ;
#807 = APPLICATION_PROTOCOL_DEFINITION ( 'draft international standard', 'automotive_design', 1998, #445 ) ;
#808 = ORIENTED_EDGE ( 'NONE', *, *, #451, .F. ) ;
#809 = PRESENTATION_LAYER_ASSIGNMENT (  '', '', ( #869 ) ) ;
#810 = DIRECTION ( 'NONE',  ( 0.000000000000000000, -1.000000000000000000, -0.000000000000000000 ) ) ;
#811 = DIRECTION ( 'NONE',  ( -0.000000000000000000, -1.000000000000000000, 0.000000000000000000 ) ) ;
#812 = AXIS2_PLACEMENT_3D ( 'NONE', #2812, #1914, #1362 ) ;
#813 = VECTOR ( 'NONE', #743, 1000.000000000000000 ) ;
#814 = ADVANCED_FACE ( 'NONE', ( #2758 ), #737, .F. ) ;
#815 = VERTEX_POINT ( 'NONE', #1523 ) ;
#816 = AXIS2_PLACEMENT_3D ( 'NONE', #1740, #3480, #575 ) ;
#817 = VERTEX_POINT ( 'NONE', #2683 ) ;
#818 = CARTESIAN_POINT ( 'NONE',  ( 0.9999999999999997780, -0.4299999999999999378, -0.1999999999999999278 ) ) ;
#819 = SURFACE_STYLE_FILL_AREA ( #2845 ) ;
#820 = ORIENTED_EDGE ( 'NONE', *, *, #2187, .F. ) ;
#821 = DIRECTION ( 'NONE',  ( -0.000000000000000000, 1.000000000000000000, -0.000000000000000000 ) ) ;
#822 = FILL_AREA_STYLE ('',( #3186 ) ) ;
#823 = VERTEX_POINT ( 'NONE', #3265 ) ;
#824 = FACE_OUTER_BOUND ( 'NONE', #3286, .T. ) ;
#825 = VECTOR ( 'NONE', #1853, 1000.000000000000000 ) ;
#826 = SURFACE_SIDE_STYLE ('',( #3434 ) ) ;
#827 = CIRCLE ( 'NONE', #1383, 0.04999999999999999584 ) ;
#828 = LINE ( 'NONE', #528, #854 ) ;
#829 = FILL_AREA_STYLE_COLOUR ( '', #2797 ) ;
#830 = CARTESIAN_POINT ( 'NONE',  ( 0.5499999999999998224, -0.4299999999999999378, 0.2499999999999998890 ) ) ;
#831 = VECTOR ( 'NONE', #2152, 1000.000000000000000 ) ;
#832 =( LENGTH_UNIT ( ) NAMED_UNIT ( * ) SI_UNIT ( .MILLI., .METRE. ) );
#833 = DIRECTION ( 'NONE',  ( -0.000000000000000000, 1.000000000000000000, 0.000000000000000000 ) ) ;
#834 = ORIENTED_EDGE ( 'NONE', *, *, #2533, .T. ) ;
#835 = ORIENTED_EDGE ( 'NONE', *, *, #769, .F. ) ;
#836 = DIRECTION ( 'NONE',  ( 0.000000000000000000, 0.000000000000000000, -1.000000000000000000 ) ) ;
#837 = CARTESIAN_POINT ( 'NONE',  ( -1.000000000000000222, -0.5500000000000000444, 0.5499999999999999334 ) ) ;
#838 = ORIENTED_EDGE ( 'NONE', *, *, #2802, .T. ) ;
#839 = CARTESIAN_POINT ( 'NONE',  ( -0.9500000000000001776, 0.5999999999999999778, -0.5999999999999999778 ) ) ;
#840 =( LENGTH_UNIT ( ) NAMED_UNIT ( * ) SI_UNIT ( .MILLI., .METRE. ) );
#841 = EDGE_CURVE ( 'NONE', #2734, #742, #2448, .T. ) ;
#842 = EDGE_CURVE ( 'NONE', #1940, #2172, #174, .T. ) ;
#843 =( NAMED_UNIT ( * ) SI_UNIT ( $, .STERADIAN. ) SOLID_ANGLE_UNIT ( ) );
#844 = ORIENTED_EDGE ( 'NONE', *, *, #2073, .T. ) ;
#845 = DIRECTION ( 'NONE',  ( 0.000000000000000000, 0.000000000000000000, -1.000000000000000000 ) ) ;
#846 = CIRCLE ( 'NONE', #1157, 0.05000000000000002359 ) ;
#847 = DIRECTION ( 'NONE',  ( -1.000000000000000000, 0.000000000000000000, 0.000000000000000000 ) ) ;
#848 = FILL_AREA_STYLE_COLOUR ( '', #2738 ) ;
#849 = FILL_AREA_STYLE ('',( #3458 ) ) ;
#850 = FILL_AREA_STYLE_COLOUR ( '', #1625 ) ;
#851 = ORIENTED_EDGE ( 'NONE', *, *, #1640, .T. ) ;
#852 = VERTEX_POINT ( 'NONE', #2496 ) ;
#853 = DIRECTION ( 'NONE',  ( 0.000000000000000000, 0.000000000000000000, -1.000000000000000000 ) ) ;
#854 = VECTOR ( 'NONE', #1083, 1000.000000000000000 ) ;
#855 = CARTESIAN_POINT ( 'NONE',  ( 0.9499999999999997335, 0.5999999999999999778, 0.5499999999999999334 ) ) ;
#856 = VERTEX_POINT ( 'NONE', #2199 ) ;
#857 = PRESENTATION_STYLE_ASSIGNMENT (( #3770 ) ) ;
#858 = DIRECTION ( 'NONE',  ( 1.000000000000000000, -0.000000000000000000, -0.000000000000000000 ) ) ;
#859 = LINE ( 'NONE', #2285, #2997 ) ;
#860 = AXIS2_PLACEMENT_3D ( 'NONE', #3474, #845, #1398 ) ;
#861 = ORIENTED_EDGE ( 'NONE', *, *, #3492, .F. ) ;
#862 = DIRECTION ( 'NONE',  ( -0.000000000000000000, -0.000000000000000000, 1.000000000000000000 ) ) ;
#863 = STYLED_ITEM ( 'NONE', ( #2764 ), #3126 ) ;
#864 = STYLED_ITEM ( 'NONE', ( #510 ), #3446 ) ;
#865 = SURFACE_STYLE_USAGE ( .BOTH. , #2889 ) ;
#866 = CARTESIAN_POINT ( 'NONE',  ( 0.9999999999999997780, 0.3999999999999999667, -0.5500000000000000444 ) ) ;
#867 = CARTESIAN_POINT ( 'NONE',  ( 0.9499999999999996225, -0.3999999999999999667, 0.2499999999999999445 ) ) ;
#868 = DIRECTION ( 'NONE',  ( -0.000000000000000000, -0.000000000000000000, 1.000000000000000000 ) ) ;
#869 = STYLED_ITEM ( 'NONE', ( #292 ), #3581 ) ;
#870 = ORIENTED_EDGE ( 'NONE', *, *, #3173, .T. ) ;
#871 = VERTEX_POINT ( 'NONE', #489 ) ;
#872 = FILL_AREA_STYLE_COLOUR ( '', #2646 ) ;
#873 = DIRECTION ( 'NONE',  ( -1.084202172485504040E-15, -0.000000000000000000, 1.000000000000000000 ) ) ;
#874 = VECTOR ( 'NONE', #2065, 1000.000000000000000 ) ;
#875 = VERTEX_POINT ( 'NONE', #3664 ) ;
#876 = PRESENTATION_STYLE_ASSIGNMENT (( #288 ) ) ;
#877 = DIRECTION ( 'NONE',  ( 1.000000000000000000, -0.000000000000000000, -0.000000000000000000 ) ) ;
#878 = ORIENTED_EDGE ( 'NONE', *, *, #452, .T. ) ;
#879 = DIRECTION ( 'NONE',  ( -1.000000000000000000, 0.000000000000000000, -0.000000000000000000 ) ) ;
#880 = CARTESIAN_POINT ( 'NONE',  ( -1.000000000000000222, -0.4299999999999999378, -0.1999999999999999278 ) ) ;
#881 = STYLED_ITEM ( 'NONE', ( #921 ), #401 ) ;
#882 = LINE ( 'NONE', #2040, #1637 ) ;
#883 = CARTESIAN_POINT ( 'NONE',  ( 0.9499999999999996225, -0.5499999999999999334, 0.1999999999999999556 ) ) ;
#884 = EDGE_CURVE ( 'NONE', #3293, #1808, #3683, .T. ) ;
#885 = FILL_AREA_STYLE ('',( #3497 ) ) ;
#886 = EDGE_CURVE ( 'NONE', #1240, #1006, #3608, .T. ) ;
#887 = DIRECTION ( 'NONE',  ( 0.000000000000000000, 0.000000000000000000, 1.000000000000000000 ) ) ;
#888 = EDGE_LOOP ( 'NONE', ( #922, #686, #2276, #182 ) ) ;
#890 = VERTEX_POINT ( 'NONE', #3105 ) ;
#889 = COLOUR_RGB ( '',0.2509803921568627416, 0.2509803921568627416, 0.2509803921568627416 ) ;
#891 = VECTOR ( 'NONE', #868, 1000.000000000000000 ) ;
#892 = UNCERTAINTY_MEASURE_WITH_UNIT (LENGTH_MEASURE( 1.000000000000000082E-05 ), #954, 'distance_accuracy_value', 'NONE');
#893 = SURFACE_STYLE_FILL_AREA ( #2317 ) ;
#894 = EDGE_CURVE ( 'NONE', #3187, #875, #2948, .T. ) ;
#895 = DIRECTION ( 'NONE',  ( -1.000000000000000000, 0.000000000000000000, -1.084202172485503842E-15 ) ) ;
#896 = VERTEX_POINT ( 'NONE', #2518 ) ;
#897 = CARTESIAN_POINT ( 'NONE',  ( -0.5999999999999997558, -0.5499999999999999334, -0.2500000000000000000 ) ) ;
#898 = DIRECTION ( 'NONE',  ( -2.168404344971003346E-15, -1.000000000000000000, -0.000000000000000000 ) ) ;
#899 = CARTESIAN_POINT ( 'NONE',  ( -1.000000000000000222, -0.3999999999999999667, 0.1999999999999999556 ) ) ;
#900 =( LENGTH_UNIT ( ) NAMED_UNIT ( * ) SI_UNIT ( .MILLI., .METRE. ) );
#901 = ORIENTED_EDGE ( 'NONE', *, *, #3280, .T. ) ;
#902 = FACE_OUTER_BOUND ( 'NONE', #3099, .T. ) ;
#903 = VECTOR ( 'NONE', #3299, 1000.000000000000000 ) ;
#904 = CARTESIAN_POINT ( 'NONE',  ( -0.5499999999999997113, -0.4299999999999999378, 0.2499999999999998890 ) ) ;
#905 = DIRECTION ( 'NONE',  ( 0.000000000000000000, -1.000000000000000000, 0.000000000000000000 ) ) ;
#906 = PLANE ( 'NONE',  #1710 ) ;
#907 = CARTESIAN_POINT ( 'NONE',  ( 0.5499999999999998224, -0.4299999999999999378, -0.6009999999999998677 ) ) ;
#908 = AXIS2_PLACEMENT_3D ( 'NONE', #1115, #1099, #2027 ) ;
#909 = FILL_AREA_STYLE_COLOUR ( '', #3182 ) ;
#910 = EDGE_CURVE ( 'NONE', #3509, #561, #3720, .T. ) ;
#911 = VERTEX_POINT ( 'NONE', #3087 ) ;
#912 = VECTOR ( 'NONE', #2197, 1000.000000000000000 ) ;
#913 = EDGE_CURVE ( 'NONE', #3426, #917, #153, .T. ) ;
#914 = ORIENTED_EDGE ( 'NONE', *, *, #3744, .T. ) ;
#915 = FACE_OUTER_BOUND ( 'NONE', #2447, .T. ) ;
#916 = CARTESIAN_POINT ( 'NONE',  ( 0.5999999999999999778, -0.5499999999999999334, 0.2499999999999999445 ) ) ;
#917 = VERTEX_POINT ( 'NONE', #2773 ) ;
#918 = DIRECTION ( 'NONE',  ( 0.000000000000000000, 0.000000000000000000, -1.000000000000000000 ) ) ;
#919 =( NAMED_UNIT ( * ) SI_UNIT ( $, .STERADIAN. ) SOLID_ANGLE_UNIT ( ) );
#920 = DIRECTION ( 'NONE',  ( -5.421010862427523156E-16, 1.000000000000000000, 0.000000000000000000 ) ) ;
#921 = PRESENTATION_STYLE_ASSIGNMENT (( #1834 ) ) ;
#922 = ORIENTED_EDGE ( 'NONE', *, *, #1736, .T. ) ;
#923 = DIRECTION ( 'NONE',  ( -1.000000000000000000, 0.000000000000000000, 0.000000000000000000 ) ) ;
#924 = VECTOR ( 'NONE', #488, 1000.000000000000000 ) ;
#925 = AXIS2_PLACEMENT_3D ( 'NONE', #3159, #1406, #3037 ) ;
#926 = DIRECTION ( 'NONE',  ( 1.000000000000000000, 0.000000000000000000, 0.000000000000000000 ) ) ;
#927 =( NAMED_UNIT ( * ) SI_UNIT ( $, .STERADIAN. ) SOLID_ANGLE_UNIT ( ) );
#928 = CIRCLE ( 'NONE', #1841, 0.05000000000000002359 ) ;
#929 = LINE ( 'NONE', #2969, #637 ) ;
#930 = DIRECTION ( 'NONE',  ( -0.000000000000000000, 0.000000000000000000, 1.000000000000000000 ) ) ;
#931 = AXIS2_PLACEMENT_3D ( 'NONE', #2548, #3711, #3144 ) ;
#932 = ORIENTED_EDGE ( 'NONE', *, *, #3744, .F. ) ;
#933 = CARTESIAN_POINT ( 'NONE',  ( 0.9999999999999997780, 0.5999999999999999778, -0.5500000000000000444 ) ) ;
#934 = VECTOR ( 'NONE', #1821, 1000.000000000000000 ) ;
#935 = EDGE_CURVE ( 'NONE', #2852, #1204, #3121, .T. ) ;
#936 = ORIENTED_EDGE ( 'NONE', *, *, #1932, .T. ) ;
#937 = LINE ( 'NONE', #325, #3765 ) ;
#938 = CARTESIAN_POINT ( 'NONE',  ( -0.5499999999999998224, 0.3000000000000000444, 0.4999999999999998890 ) ) ;
#939 = ADVANCED_FACE ( 'NONE', ( #2111 ), #2712, .T. ) ;
#940 = AXIS2_PLACEMENT_3D ( 'NONE', #1965, #2611, #2939 ) ;
#941 = EDGE_CURVE ( 'NONE', #1643, #1940, #1693, .T. ) ;
#942 = CARTESIAN_POINT ( 'NONE',  ( -0.9500000000000001776, -0.5499999999999999334, 0.1999999999999999556 ) ) ;
#943 = ORIENTED_EDGE ( 'NONE', *, *, #1375, .T. ) ;
#944 = PLANE ( 'NONE',  #1892 ) ;
#945 = PLANE ( 'NONE',  #1143 ) ;
#946 = CARTESIAN_POINT ( 'NONE',  ( -0.5499999999999998224, 0.3999999999999999667, 0.5999999999999999778 ) ) ;
#947 = PLANE ( 'NONE',  #368 ) ;
#948 = VERTEX_POINT ( 'NONE', #1870 ) ;
#949 = CARTESIAN_POINT ( 'NONE',  ( -0.5999999999999997558, -0.4299999999999999378, 0.5499999999999998224 ) ) ;
#950 = LINE ( 'NONE', #2103, #3417 ) ;
#951 = AXIS2_PLACEMENT_3D ( 'NONE', #3010, #3029, #418 ) ;
#952 = EDGE_LOOP ( 'NONE', ( #2825, #1790, #3472 ) ) ;
#953 = DIRECTION ( 'NONE',  ( -5.421010862427523156E-16, 1.000000000000000000, -0.000000000000000000 ) ) ;
#954 =( LENGTH_UNIT ( ) NAMED_UNIT ( * ) SI_UNIT ( .MILLI., .METRE. ) );
#955 = DIRECTION ( 'NONE',  ( 1.000000000000000000, -0.000000000000000000, -0.000000000000000000 ) ) ;
#956 = EDGE_CURVE ( 'NONE', #146, #2085, #678, .T. ) ;
#957 = PRESENTATION_LAYER_ASSIGNMENT (  '', '', ( #351 ) ) ;
#958 = CARTESIAN_POINT ( 'NONE',  ( -1.000000000000000222, -0.5499999999999999334, -0.2500000000000000000 ) ) ;
#959 = EDGE_LOOP ( 'NONE', ( #183, #1390, #1379, #3028 ) ) ;
#960 = CARTESIAN_POINT ( 'NONE',  ( 0.5499999999999999334, -0.5999999999999999778, 0.5499999999999999334 ) ) ;
#961 = ADVANCED_FACE ( 'NONE', ( #748 ), #2129, .F. ) ;
#962 = DIRECTION ( 'NONE',  ( 1.000000000000000000, 5.421010862427523156E-16, 0.000000000000000000 ) ) ;
#963 = CARTESIAN_POINT ( 'NONE',  ( 0.5999999999999999778, -0.5999999999999999778, -0.2500000000000000000 ) ) ;
#964 = CARTESIAN_POINT ( 'NONE',  ( -0.9500000000000001776, 0.5999999999999999778, -0.5999999999999999778 ) ) ;
#965 = DIRECTION ( 'NONE',  ( -0.000000000000000000, 1.000000000000000000, -0.000000000000000000 ) ) ;
#966 = DIRECTION ( 'NONE',  ( 0.000000000000000000, 0.000000000000000000, 1.000000000000000000 ) ) ;
#967 = STYLED_ITEM ( 'NONE', ( #1860 ), #309 ) ;
#968 = ORIENTED_EDGE ( 'NONE', *, *, #2068, .T. ) ;
#969 = MANIFOLD_SOLID_BREP ( 'Fillet6', #2742 ) ;
#970 = FILL_AREA_STYLE ('',( #3267 ) ) ;
#971 = AXIS2_PLACEMENT_3D ( 'NONE', #2920, #1432, #918 ) ;
#972 = ORIENTED_EDGE ( 'NONE', *, *, #2115, .T. ) ;
#973 = DIRECTION ( 'NONE',  ( 0.000000000000000000, 0.000000000000000000, 1.000000000000000000 ) ) ;
#974 = FILL_AREA_STYLE ('',( #2414 ) ) ;
#975 = CARTESIAN_POINT ( 'NONE',  ( -0.9500000000000001776, 0.5999999999999999778, 0.5999999999999999778 ) ) ;
#976 = VERTEX_POINT ( 'NONE', #1263 ) ;
#977 =( NAMED_UNIT ( * ) SI_UNIT ( $, .STERADIAN. ) SOLID_ANGLE_UNIT ( ) );
#978 = AXIS2_PLACEMENT_3D ( 'NONE', #3610, #118, #2201 ) ;
#979 = EDGE_CURVE ( 'NONE', #1988, #2734, #1246, .T. ) ;
#980 = SPHERICAL_SURFACE ( 'NONE', #1358, 0.05000000000000000278 ) ;
#981 = ORIENTED_EDGE ( 'NONE', *, *, #2236, .F. ) ;
#982 = CARTESIAN_POINT ( 'NONE',  ( 0.9999999999999997780, -0.5500000000000000444, -0.5999999999999999778 ) ) ;
#983 = FACE_OUTER_BOUND ( 'NONE', #888, .T. ) ;
#984 = AXIS2_PLACEMENT_3D ( 'NONE', #2810, #1270, #2424 ) ;
#985 = CARTESIAN_POINT ( 'NONE',  ( -0.5499999999999997113, 0.2999999999999999889, -0.3999999999999998557 ) ) ;
#986 = ADVANCED_FACE ( 'NONE', ( #3276 ), #1836, .T. ) ;
#987 = CIRCLE ( 'NONE', #2934, 0.09999999999999999167 ) ;
#988 = ORIENTED_EDGE ( 'NONE', *, *, #565, .T. ) ;
#989 = MANIFOLD_SOLID_BREP ( 'Fillet3', #2988 ) ;
#990 = CARTESIAN_POINT ( 'NONE',  ( -0.5999999999999997558, -0.5499999999999999334, 0.2499999999999999445 ) ) ;
#991 = UNCERTAINTY_MEASURE_WITH_UNIT (LENGTH_MEASURE( 1.000000000000000082E-05 ), #1139, 'distance_accuracy_value', 'NONE');
#992 = COLOUR_RGB ( '',0.2509803921568627416, 0.2509803921568627416, 0.2509803921568627416 ) ;
#993 = VECTOR ( 'NONE', #3697, 1000.000000000000000 ) ;
#994 = ORIENTED_EDGE ( 'NONE', *, *, #2325, .T. ) ;
#995 = ORIENTED_EDGE ( 'NONE', *, *, #2114, .T. ) ;
#996 = COLOUR_RGB ( '',0.2509803921568627416, 0.2509803921568627416, 0.2509803921568627416 ) ;
#997 =( NAMED_UNIT ( * ) PLANE_ANGLE_UNIT ( ) SI_UNIT ( $, .RADIAN. ) );
#998 = CARTESIAN_POINT ( 'NONE',  ( 0.9499999999999996225, 0.5999999999999999778, -0.5999999999999999778 ) ) ;
#999 = CARTESIAN_POINT ( 'NONE',  ( 0.9999999999999997780, -0.5500000000000000444, 0.5999999999999999778 ) ) ;
#1000 = EDGE_LOOP ( 'NONE', ( #1414, #3420, #3391, #3115 ) ) ;
#1001 = CARTESIAN_POINT ( 'NONE',  ( -1.000000000000000222, 0.5999999999999999778, -0.5999999999999999778 ) ) ;
#1002 = FILL_AREA_STYLE_COLOUR ( '', #2293 ) ;
#1003 = VECTOR ( 'NONE', #2902, 1000.000000000000000 ) ;
#1004 = DIRECTION ( 'NONE',  ( 0.000000000000000000, 1.000000000000000000, -0.000000000000000000 ) ) ;
#1005 = PRESENTATION_LAYER_ASSIGNMENT (  '', '', ( #2952 ) ) ;
#1006 = VERTEX_POINT ( 'NONE', #3713 ) ;
#1007 = CARTESIAN_POINT ( 'NONE',  ( 0.9499999999999997335, -0.5499999999999999334, -0.2500000000000000000 ) ) ;
#1008 = DIRECTION ( 'NONE',  ( 0.000000000000000000, 0.000000000000000000, -1.000000000000000000 ) ) ;
#1009 = DIRECTION ( 'NONE',  ( 0.000000000000000000, -1.000000000000000000, 0.000000000000000000 ) ) ;
#1010 = EDGE_CURVE ( 'NONE', #2172, #823, #250, .T. ) ;
#1011 = EDGE_CURVE ( 'NONE', #361, #1037, #2490, .T. ) ;
#1012 = ORIENTED_EDGE ( 'NONE', *, *, #3169, .F. ) ;
#1013 = ORIENTED_EDGE ( 'NONE', *, *, #2465, .T. ) ;
#1014 = MECHANICAL_DESIGN_GEOMETRIC_PRESENTATION_REPRESENTATION (  '', ( #967 ), #216 ) ;
#1015 = FACE_OUTER_BOUND ( 'NONE', #3661, .T. ) ;
#1016 = VECTOR ( 'NONE', #2702, 1000.000000000000000 ) ;
#1017 = ORIENTED_EDGE ( 'NONE', *, *, #87, .F. ) ;
#1018 = PRODUCT ( 'DXW21BN2511NL', 'DXW21BN2511NL', '', ( #1359 ) ) ;
#1019 = DIRECTION ( 'NONE',  ( -2.168404344971008079E-15, 0.000000000000000000, -1.000000000000000000 ) ) ;
#1020 = AXIS2_PLACEMENT_3D ( 'NONE', #1444, #3211, #2910 ) ;
#1021 = CARTESIAN_POINT ( 'NONE',  ( 0.9999999999999997780, 0.3999999999999999667, -0.5500000000000000444 ) ) ;
#1022 = COLOUR_RGB ( '',0.2509803921568627416, 0.2509803921568627416, 0.2509803921568627416 ) ;
#1023 = LINE ( 'NONE', #701, #3298 ) ;
#1024 = ORIENTED_EDGE ( 'NONE', *, *, #285, .T. ) ;
#1025 = PLANE ( 'NONE',  #2839 ) ;
#1026 = PRESENTATION_STYLE_ASSIGNMENT (( #2218 ) ) ;
#1027 = FILL_AREA_STYLE_COLOUR ( '', #992 ) ;
#1028 = DIRECTION ( 'NONE',  ( -0.000000000000000000, 1.000000000000000000, 0.000000000000000000 ) ) ;
#1029 = DIRECTION ( 'NONE',  ( -0.000000000000000000, -0.000000000000000000, -1.000000000000000000 ) ) ;
#1030 = CIRCLE ( 'NONE', #230, 0.05000000000000002359 ) ;
#1031 = EDGE_CURVE ( 'NONE', #1286, #1808, #2290, .T. ) ;
#1032 = EDGE_CURVE ( 'NONE', #817, #3074, #2530, .T. ) ;
#1033 = ORIENTED_EDGE ( 'NONE', *, *, #1978, .F. ) ;
#1034 = ORIENTED_EDGE ( 'NONE', *, *, #3154, .T. ) ;
#1035 =( NAMED_UNIT ( * ) SI_UNIT ( $, .STERADIAN. ) SOLID_ANGLE_UNIT ( ) );
#1036 = CIRCLE ( 'NONE', #235, 0.05000000000000002359 ) ;
#1037 = VERTEX_POINT ( 'NONE', #1981 ) ;
#1038 = VECTOR ( 'NONE', #3623, 1000.000000000000000 ) ;
#1039 = CARTESIAN_POINT ( 'NONE',  ( 0.9999999999999997780, -0.3999999999999999667, 0.1999999999999999556 ) ) ;
#1040 = CARTESIAN_POINT ( 'NONE',  ( 0.9499999999999997335, -0.5500000000000000444, -0.5499999999999999334 ) ) ;
#1041 = VERTEX_POINT ( 'NONE', #3734 ) ;
#1042 = CARTESIAN_POINT ( 'NONE',  ( -0.5499999999999998224, 0.3999999999999999667, -0.4999999999999998890 ) ) ;
#1043 =( NAMED_UNIT ( * ) SI_UNIT ( $, .STERADIAN. ) SOLID_ANGLE_UNIT ( ) );
#1044 = DIRECTION ( 'NONE',  ( 0.000000000000000000, -1.000000000000000000, 0.000000000000000000 ) ) ;
#1045 = DIRECTION ( 'NONE',  ( -2.168404344971007685E-15, 0.000000000000000000, -1.000000000000000000 ) ) ;
#1046 = CARTESIAN_POINT ( 'NONE',  ( -0.9500000000000001776, -0.5499999999999999334, -0.1999999999999999556 ) ) ;
#1047 = CIRCLE ( 'NONE', #3174, 0.05000000000000002359 ) ;
#1048 = ORIENTED_EDGE ( 'NONE', *, *, #1586, .F. ) ;
#1049 = PRESENTATION_LAYER_ASSIGNMENT (  '', '', ( #3179 ) ) ;
#1050 = LINE ( 'NONE', #998, #3415 ) ;
#1051 = EDGE_CURVE ( 'NONE', #1419, #3187, #2212, .T. ) ;
#1052 =( GEOMETRIC_REPRESENTATION_CONTEXT ( 3 ) GLOBAL_UNCERTAINTY_ASSIGNED_CONTEXT ( ( #1377 ) ) GLOBAL_UNIT_ASSIGNED_CONTEXT ( ( #1422, #3172, #3703 ) ) REPRESENTATION_CONTEXT ( 'NONE', 'WORKASPACE' ) );
#1053 = ORIENTED_EDGE ( 'NONE', *, *, #3556, .T. ) ;
#1054 = CARTESIAN_POINT ( 'NONE',  ( -0.9500000000000001776, -0.5500000000000000444, -0.2499999999999998890 ) ) ;
#1055 = DIRECTION ( 'NONE',  ( 0.000000000000000000, 1.000000000000000000, 0.000000000000000000 ) ) ;
#1056 = EDGE_CURVE ( 'NONE', #2932, #3364, #2101, .T. ) ;
#1057 = ADVANCED_FACE ( 'NONE', ( #2807 ), #2229, .T. ) ;
#1058 = AXIS2_PLACEMENT_3D ( 'NONE', #1040, #1574, #2195 ) ;
#1059 = DIRECTION ( 'NONE',  ( -0.000000000000000000, 1.000000000000000000, -0.000000000000000000 ) ) ;
#1060 = ORIENTED_EDGE ( 'NONE', *, *, #1932, .F. ) ;
#1061 = CARTESIAN_POINT ( 'NONE',  ( 0.5499999999999998224, -0.2999999999999999889, 0.4999999999999998890 ) ) ;
#1062 = CARTESIAN_POINT ( 'NONE',  ( -1.000000000000000222, -0.5999999999999999778, -0.2500000000000000000 ) ) ;
#1063 = AXIS2_PLACEMENT_3D ( 'NONE', #2672, #33, #2632 ) ;
#1064 = VERTEX_POINT ( 'NONE', #227 ) ;
#1065 = CARTESIAN_POINT ( 'NONE',  ( 0.5999999999999999778, -0.5999999999999999778, 0.2499999999999999445 ) ) ;
#1066 = LINE ( 'NONE', #774, #1504 ) ;
#1067 = ORIENTED_EDGE ( 'NONE', *, *, #1451, .F. ) ;
#1068 = EDGE_LOOP ( 'NONE', ( #1453, #420, #249, #1939, #1268, #3431, #2291, #1209 ) ) ;
#1069 =( NAMED_UNIT ( * ) SI_UNIT ( $, .STERADIAN. ) SOLID_ANGLE_UNIT ( ) );
#1070 = ORIENTED_EDGE ( 'NONE', *, *, #2946, .T. ) ;
#1071 = DIRECTION ( 'NONE',  ( 0.000000000000000000, 0.000000000000000000, 1.000000000000000000 ) ) ;
#1072 = DIRECTION ( 'NONE',  ( 0.000000000000000000, 0.000000000000000000, -1.000000000000000000 ) ) ;
#1073 = UNCERTAINTY_MEASURE_WITH_UNIT (LENGTH_MEASURE( 1.000000000000000082E-05 ), #840, 'distance_accuracy_value', 'NONE');
#1074 = CARTESIAN_POINT ( 'NONE',  ( 0.000000000000000000, 0.5999999999999999778, 0.000000000000000000 ) ) ;
#1075 = EDGE_CURVE ( 'NONE', #157, #3675, #3449, .T. ) ;
#1076 = VECTOR ( 'NONE', #2787, 1000.000000000000000 ) ;
#1077 = ORIENTED_EDGE ( 'NONE', *, *, #2088, .T. ) ;
#1078 = VECTOR ( 'NONE', #1164, 1000.000000000000000 ) ;
#1079 = PRESENTATION_STYLE_ASSIGNMENT (( #1096 ) ) ;
#1080 = AXIS2_PLACEMENT_3D ( 'NONE', #949, #1028, #2990 ) ;
#1081 = DIRECTION ( 'NONE',  ( 0.000000000000000000, 0.000000000000000000, -1.000000000000000000 ) ) ;
#1082 =( LENGTH_UNIT ( ) NAMED_UNIT ( * ) SI_UNIT ( .MILLI., .METRE. ) );
#1083 = DIRECTION ( 'NONE',  ( -1.000000000000000000, 0.000000000000000000, 0.000000000000000000 ) ) ;
#1084 = CARTESIAN_POINT ( 'NONE',  ( -0.9500000000000001776, -0.4299999999999999378, 0.5499999999999999334 ) ) ;
#1085 = FACE_OUTER_BOUND ( 'NONE', #3716, .T. ) ;
#1086 =( NAMED_UNIT ( * ) PLANE_ANGLE_UNIT ( ) SI_UNIT ( $, .RADIAN. ) );
#1087 = VERTEX_POINT ( 'NONE', #3166 ) ;
#1088 =( LENGTH_UNIT ( ) NAMED_UNIT ( * ) SI_UNIT ( .MILLI., .METRE. ) );
#1089 = VECTOR ( 'NONE', #2368, 1000.000000000000000 ) ;
#1090 = ORIENTED_EDGE ( 'NONE', *, *, #586, .F. ) ;
#1091 = DIRECTION ( 'NONE',  ( -5.421010862427523156E-16, 1.000000000000000000, 2.710505431213761578E-16 ) ) ;
#1092 = PRESENTATION_STYLE_ASSIGNMENT (( #559 ) ) ;
#1093 = DIRECTION ( 'NONE',  ( 5.421010862427523156E-16, -1.000000000000000000, 0.000000000000000000 ) ) ;
#1094 = CARTESIAN_POINT ( 'NONE',  ( 0.9999999999999997780, -0.5999999999999999778, 0.2499999999999999445 ) ) ;
#1095 = ORIENTED_EDGE ( 'NONE', *, *, #2311, .F. ) ;
#1096 = SURFACE_STYLE_USAGE ( .BOTH. , #2536 ) ;
#1097 = EDGE_CURVE ( 'NONE', #1112, #871, #3386, .T. ) ;
#1098 = CARTESIAN_POINT ( 'NONE',  ( 0.5499999999999998224, -0.4000000000000000777, -0.2499999999999999445 ) ) ;
#1099 = DIRECTION ( 'NONE',  ( 1.000000000000000000, -0.000000000000000000, -0.000000000000000000 ) ) ;
#1100 = DIRECTION ( 'NONE',  ( -1.000000000000000000, 0.000000000000000000, 0.000000000000000000 ) ) ;
#1101 = AXIS2_PLACEMENT_3D ( 'NONE', #2836, #810, #1385 ) ;
#1102 = ORIENTED_EDGE ( 'NONE', *, *, #356, .T. ) ;
#1103 = VECTOR ( 'NONE', #1681, 1000.000000000000000 ) ;
#1104 = AXIS2_PLACEMENT_3D ( 'NONE', #2550, #208, #1072 ) ;
#1105 = ORIENTED_EDGE ( 'NONE', *, *, #1586, .T. ) ;
#1106 = FILL_AREA_STYLE ('',( #1668 ) ) ;
#1107 = COLOUR_RGB ( '',0.2509803921568627416, 0.2509803921568627416, 0.2509803921568627416 ) ;
#1108 = UNCERTAINTY_MEASURE_WITH_UNIT (LENGTH_MEASURE( 1.000000000000000082E-05 ), #1403, 'distance_accuracy_value', 'NONE');
#1109 = DIRECTION ( 'NONE',  ( 0.000000000000000000, -1.000000000000000000, 0.000000000000000000 ) ) ;
#1110 = AXIS2_PLACEMENT_3D ( 'NONE', #2099, #1893, #3069 ) ;
#1111 = DIRECTION ( 'NONE',  ( 0.000000000000000000, -1.000000000000000000, 0.000000000000000000 ) ) ;
#1112 = VERTEX_POINT ( 'NONE', #3100 ) ;
#1113 =( NAMED_UNIT ( * ) PLANE_ANGLE_UNIT ( ) SI_UNIT ( $, .RADIAN. ) );
#1114 = DIRECTION ( 'NONE',  ( 0.000000000000000000, 0.000000000000000000, -1.000000000000000000 ) ) ;
#1115 = CARTESIAN_POINT ( 'NONE',  ( 0.5999999999999999778, -0.5499999999999999334, -0.2500000000000000000 ) ) ;
#1116 = AXIS2_PLACEMENT_3D ( 'NONE', #1557, #1009, #3284 ) ;
#1117 = SURFACE_SIDE_STYLE ('',( #2777 ) ) ;
#1118 = DIRECTION ( 'NONE',  ( -1.000000000000000000, 0.000000000000000000, 0.000000000000000000 ) ) ;
#1119 = FACE_OUTER_BOUND ( 'NONE', #1490, .T. ) ;
#1120 = EDGE_CURVE ( 'NONE', #2186, #856, #167, .T. ) ;
#1121 = ORIENTED_EDGE ( 'NONE', *, *, #2167, .F. ) ;
#1122 = AXIS2_PLACEMENT_3D ( 'NONE', #246, #1409, #2567 ) ;
#1123 = ADVANCED_FACE ( 'NONE', ( #3657 ), #3520, .T. ) ;
#1124 = ORIENTED_EDGE ( 'NONE', *, *, #163, .T. ) ;
#1125 = SURFACE_STYLE_USAGE ( .BOTH. , #3401 ) ;
#1126 = FACE_OUTER_BOUND ( 'NONE', #477, .T. ) ;
#1127 = CARTESIAN_POINT ( 'NONE',  ( -0.5999999999999997558, -0.5999999999999999778, -0.2500000000000000000 ) ) ;
#1128 = ORIENTED_EDGE ( 'NONE', *, *, #2659, .T. ) ;
#1129 = DIRECTION ( 'NONE',  ( 1.000000000000000000, 5.421010862427523156E-16, 0.000000000000000000 ) ) ;
#1130 = ADVANCED_BREP_SHAPE_REPRESENTATION ( 'DXW21BN2511NL', ( #969, #3446, #3432, #2220, #2122, #989, #1604 ), #2388 ) ;
#1131 = DIRECTION ( 'NONE',  ( -0.000000000000000000, -0.000000000000000000, 1.000000000000000000 ) ) ;
#1132 =( NAMED_UNIT ( * ) PLANE_ANGLE_UNIT ( ) SI_UNIT ( $, .RADIAN. ) );
#1133 = DIRECTION ( 'NONE',  ( 0.000000000000000000, 0.000000000000000000, 1.000000000000000000 ) ) ;
#1134 = ORIENTED_EDGE ( 'NONE', *, *, #61, .F. ) ;
#1135 = CARTESIAN_POINT ( 'NONE',  ( 0.5499999999999999334, -0.5499999999999999334, -0.1999999999999999833 ) ) ;
#1136 = DIRECTION ( 'NONE',  ( -0.000000000000000000, 1.000000000000000000, 0.000000000000000000 ) ) ;
#1137 = MECHANICAL_DESIGN_GEOMETRIC_PRESENTATION_REPRESENTATION (  '', ( #93 ), #3322 ) ;
#1138 = AXIS2_PLACEMENT_3D ( 'NONE', #101, #2392, #2740 ) ;
#1139 =( LENGTH_UNIT ( ) NAMED_UNIT ( * ) SI_UNIT ( .MILLI., .METRE. ) );
#1140 = DIRECTION ( 'NONE',  ( 0.000000000000000000, 0.000000000000000000, -1.000000000000000000 ) ) ;
#1141 = AXIS2_PLACEMENT_3D ( 'NONE', #3294, #698, #1071 ) ;
#1142 = PRESENTATION_STYLE_ASSIGNMENT (( #2044 ) ) ;
#1143 = AXIS2_PLACEMENT_3D ( 'NONE', #1283, #3041, #3600 ) ;
#1144 = CARTESIAN_POINT ( 'NONE',  ( 0.5499999999999999334, -0.5499999999999999334, 0.5999999999999999778 ) ) ;
#1145 = VERTEX_POINT ( 'NONE', #3237 ) ;
#1146 = ORIENTED_EDGE ( 'NONE', *, *, #1243, .T. ) ;
#1147 = SURFACE_STYLE_USAGE ( .BOTH. , #2048 ) ;
#1148 = DIRECTION ( 'NONE',  ( 1.000000000000000000, 0.000000000000000000, 0.000000000000000000 ) ) ;
#1149 = ADVANCED_FACE ( 'NONE', ( #3486 ), #2321, .T. ) ;
#1150 = ADVANCED_FACE ( 'NONE', ( #578 ), #2035, .F. ) ;
#1151 = AXIS2_PLACEMENT_3D ( 'NONE', #1809, #1430, #853 ) ;
#1152 = ORIENTED_EDGE ( 'NONE', *, *, #2704, .T. ) ;
#1153 = DIRECTION ( 'NONE',  ( 0.000000000000000000, 0.000000000000000000, 1.000000000000000000 ) ) ;
#1154 = AXIS2_PLACEMENT_3D ( 'NONE', #135, #2178, #2735 ) ;
#1155 = CARTESIAN_POINT ( 'NONE',  ( 0.5499999999999998224, 0.3000000000000000444, -0.4999999999999998890 ) ) ;
#1156 = ORIENTED_EDGE ( 'NONE', *, *, #3772, .T. ) ;
#1157 = AXIS2_PLACEMENT_3D ( 'NONE', #1084, #1813, #366 ) ;
#1158 = DIRECTION ( 'NONE',  ( 1.000000000000000000, 0.000000000000000000, 0.000000000000000000 ) ) ;
#1159 = DIRECTION ( 'NONE',  ( -0.000000000000000000, -0.000000000000000000, 1.000000000000000000 ) ) ;
#1160 = VECTOR ( 'NONE', #313, 1000.000000000000000 ) ;
#1161 = DIRECTION ( 'NONE',  ( 1.000000000000000000, -0.000000000000000000, -0.000000000000000000 ) ) ;
#1162 = ORIENTED_EDGE ( 'NONE', *, *, #2506, .T. ) ;
#1163 = DIRECTION ( 'NONE',  ( 2.168404344971008079E-15, 0.000000000000000000, -1.000000000000000000 ) ) ;
#1164 = DIRECTION ( 'NONE',  ( -0.000000000000000000, 1.000000000000000000, -0.000000000000000000 ) ) ;
#1165 = VERTEX_POINT ( 'NONE', #1743 ) ;
#1166 = FILL_AREA_STYLE ('',( #1471 ) ) ;
#1167 = DIRECTION ( 'NONE',  ( 2.168404344971008079E-15, -1.000000000000000000, 0.000000000000000000 ) ) ;
#1168 = CIRCLE ( 'NONE', #1104, 0.05000000000000002359 ) ;
#1169 = EDGE_LOOP ( 'NONE', ( #1621, #2546, #3049, #1326 ) ) ;
#1170 = EDGE_CURVE ( 'NONE', #917, #490, #3754, .T. ) ;
#1171 = DIRECTION ( 'NONE',  ( 0.000000000000000000, 0.000000000000000000, 1.000000000000000000 ) ) ;
#1172 =( GEOMETRIC_REPRESENTATION_CONTEXT ( 3 ) GLOBAL_UNCERTAINTY_ASSIGNED_CONTEXT ( ( #504 ) ) GLOBAL_UNIT_ASSIGNED_CONTEXT ( ( #2072, #3273, #2633 ) ) REPRESENTATION_CONTEXT ( 'NONE', 'WORKASPACE' ) );
#1173 = CARTESIAN_POINT ( 'NONE',  ( 0.5999999999999999778, -0.5499999999999999334, 0.2499999999999999445 ) ) ;
#1174 = VECTOR ( 'NONE', #2260, 1000.000000000000000 ) ;
#1175 = FACE_OUTER_BOUND ( 'NONE', #2886, .T. ) ;
#1176 = FACE_OUTER_BOUND ( 'NONE', #501, .T. ) ;
#1177 = MECHANICAL_DESIGN_GEOMETRIC_PRESENTATION_REPRESENTATION (  '', ( #869 ), #2882 ) ;
#1178 = CARTESIAN_POINT ( 'NONE',  ( -0.5499999999999997113, -0.4299999999999999378, -0.1999999999999999278 ) ) ;
#1179 = EDGE_LOOP ( 'NONE', ( #690, #1105, #487, #2765 ) ) ;
#1180 = VERTEX_POINT ( 'NONE', #2630 ) ;
#1181 = PRESENTATION_LAYER_ASSIGNMENT (  '', '', ( #3365 ) ) ;
#1182 = SURFACE_SIDE_STYLE ('',( #2898 ) ) ;
#1183 = ORIENTED_EDGE ( 'NONE', *, *, #2213, .T. ) ;
#1184 = CARTESIAN_POINT ( 'NONE',  ( 0.9999999999999997780, -0.4299999999999999378, 0.5999999999999999778 ) ) ;
#1185 = DIRECTION ( 'NONE',  ( 1.000000000000000000, -0.000000000000000000, -0.000000000000000000 ) ) ;
#1186 = SURFACE_SIDE_STYLE ('',( #16 ) ) ;
#1187 = STYLED_ITEM ( 'NONE', ( #296 ), #494 ) ;
#1188 = DIRECTION ( 'NONE',  ( -0.000000000000000000, -1.000000000000000000, -2.710505431213761578E-16 ) ) ;
#1189 = ORIENTED_EDGE ( 'NONE', *, *, #3348, .F. ) ;
#1190 = SURFACE_STYLE_USAGE ( .BOTH. , #307 ) ;
#1191 = EDGE_CURVE ( 'NONE', #2435, #3615, #14, .T. ) ;
#1192 = CARTESIAN_POINT ( 'NONE',  ( 0.9499999999999997335, 0.3999999999999999667, 0.5499999999999999334 ) ) ;
#1193 = VECTOR ( 'NONE', #3292, 1000.000000000000000 ) ;
#1194 = CARTESIAN_POINT ( 'NONE',  ( 0.9499999999999997335, 0.5999999999999999778, 0.5499999999999999334 ) ) ;
#1195 = SURFACE_STYLE_FILL_AREA ( #3005 ) ;
#1196 = PLANE ( 'NONE',  #3301 ) ;
#1197 = CARTESIAN_POINT ( 'NONE',  ( 0.000000000000000000, 0.2999999999999999889, 0.3999999999999999112 ) ) ;
#1198 = ORIENTED_EDGE ( 'NONE', *, *, #3492, .T. ) ;
#1200 = ORIENTED_EDGE ( 'NONE', *, *, #62, .F. ) ;
#1199 = PRESENTATION_LAYER_ASSIGNMENT (  '', '', ( #1378 ) ) ;
#1201 = UNCERTAINTY_MEASURE_WITH_UNIT (LENGTH_MEASURE( 1.000000000000000082E-05 ), #661, 'distance_accuracy_value', 'NONE');
#1202 =( NAMED_UNIT ( * ) SI_UNIT ( $, .STERADIAN. ) SOLID_ANGLE_UNIT ( ) );
#1203 = MECHANICAL_DESIGN_GEOMETRIC_PRESENTATION_REPRESENTATION (  '', ( #3146 ), #3535 ) ;
#1204 = VERTEX_POINT ( 'NONE', #2342 ) ;
#1205 = SURFACE_STYLE_FILL_AREA ( #1166 ) ;
#1206 = LINE ( 'NONE', #2147, #813 ) ;
#1207 = SURFACE_STYLE_USAGE ( .BOTH. , #1186 ) ;
#1208 = LINE ( 'NONE', #2381, #31 ) ;
#1209 = ORIENTED_EDGE ( 'NONE', *, *, #3681, .T. ) ;
#1210 = DIRECTION ( 'NONE',  ( 0.000000000000000000, 1.000000000000000000, 0.000000000000000000 ) ) ;
#1211 = CIRCLE ( 'NONE', #3332, 0.05000000000000002359 ) ;
#1212 = DIRECTION ( 'NONE',  ( 0.000000000000000000, 1.000000000000000000, -0.000000000000000000 ) ) ;
#1213 = EDGE_CURVE ( 'NONE', #917, #319, #3219, .T. ) ;
#1214 = EDGE_CURVE ( 'NONE', #1368, #2145, #111, .T. ) ;
#1215 = LINE ( 'NONE', #2370, #1959 ) ;
#1216 =( GEOMETRIC_REPRESENTATION_CONTEXT ( 3 ) GLOBAL_UNCERTAINTY_ASSIGNED_CONTEXT ( ( #688 ) ) GLOBAL_UNIT_ASSIGNED_CONTEXT ( ( #303, #595, #2610 ) ) REPRESENTATION_CONTEXT ( 'NONE', 'WORKASPACE' ) );
#1217 = FACE_OUTER_BOUND ( 'NONE', #493, .T. ) ;
#1218 =( GEOMETRIC_REPRESENTATION_CONTEXT ( 3 ) GLOBAL_UNCERTAINTY_ASSIGNED_CONTEXT ( ( #3011 ) ) GLOBAL_UNIT_ASSIGNED_CONTEXT ( ( #2158, #1592, #1615 ) ) REPRESENTATION_CONTEXT ( 'NONE', 'WORKASPACE' ) );
#1219 = ORIENTED_EDGE ( 'NONE', *, *, #2160, .T. ) ;
#1220 = SURFACE_STYLE_USAGE ( .BOTH. , #1182 ) ;
#1221 = DIRECTION ( 'NONE',  ( -1.000000000000000000, 0.000000000000000000, -0.000000000000000000 ) ) ;
#1222 = ORIENTED_EDGE ( 'NONE', *, *, #1915, .T. ) ;
#1223 = DIRECTION ( 'NONE',  ( 0.000000000000000000, 0.000000000000000000, -1.000000000000000000 ) ) ;
#1224 = FILL_AREA_STYLE ('',( #2053 ) ) ;
#1225 = AXIS2_PLACEMENT_3D ( 'NONE', #3435, #3175, #1401 ) ;
#1226 = VERTEX_POINT ( 'NONE', #347 ) ;
#1227 = DIRECTION ( 'NONE',  ( 1.000000000000000000, 0.000000000000000000, -0.000000000000000000 ) ) ;
#1228 = CARTESIAN_POINT ( 'NONE',  ( -0.5499999999999997113, -0.5499999999999999334, 0.1999999999999999556 ) ) ;
#1229 = AXIS2_PLACEMENT_3D ( 'NONE', #660, #2962, #2348 ) ;
#1230 = CARTESIAN_POINT ( 'NONE',  ( -0.5499999999999997113, -0.3999999999999999667, -0.6009999999999998677 ) ) ;
#1231 = MECHANICAL_DESIGN_GEOMETRIC_PRESENTATION_REPRESENTATION (  '', ( #3179 ), #2200 ) ;
#1232 = MECHANICAL_DESIGN_GEOMETRIC_PRESENTATION_REPRESENTATION (  '', ( #1542 ), #2446 ) ;
#1233 = VERTEX_POINT ( 'NONE', #1513 ) ;
#1234 = EDGE_CURVE ( 'NONE', #3462, #2818, #1776, .T. ) ;
#1235 = PLANE ( 'NONE',  #2227 ) ;
#1236 = AXIS2_PLACEMENT_3D ( 'NONE', #132, #3281, #1307 ) ;
#1237 = PLANE ( 'NONE',  #1381 ) ;
#1238 = EDGE_CURVE ( 'NONE', #1844, #3453, #937, .T. ) ;
#1239 = EDGE_CURVE ( 'NONE', #2069, #2625, #2182, .T. ) ;
#1240 = VERTEX_POINT ( 'NONE', #2016 ) ;
#1241 = DIRECTION ( 'NONE',  ( -1.000000000000000000, 0.000000000000000000, 0.000000000000000000 ) ) ;
#1242 = CIRCLE ( 'NONE', #271, 0.04999999999999991257 ) ;
#1243 = EDGE_CURVE ( 'NONE', #3017, #1273, #2901, .T. ) ;
#1244 = SURFACE_STYLE_FILL_AREA ( #676 ) ;
#1245 = ORIENTED_EDGE ( 'NONE', *, *, #1685, .F. ) ;
#1246 = LINE ( 'NONE', #960, #831 ) ;
#1247 = FILL_AREA_STYLE ('',( #3208 ) ) ;
#1248 = CARTESIAN_POINT ( 'NONE',  ( 0.5499999999999998224, 0.3999999999999999667, 0.3999999999999999112 ) ) ;
#1249 = FILL_AREA_STYLE_COLOUR ( '', #694 ) ;
#1250 = CARTESIAN_POINT ( 'NONE',  ( 0.9499999999999996225, -0.3999999999999999667, 0.1999999999999999556 ) ) ;
#1251 = PRESENTATION_STYLE_ASSIGNMENT (( #3585 ) ) ;
#1252 = ORIENTED_EDGE ( 'NONE', *, *, #1771, .F. ) ;
#1253 = DIRECTION ( 'NONE',  ( -1.000000000000000000, -0.000000000000000000, -0.000000000000000000 ) ) ;
#1254 = UNCERTAINTY_MEASURE_WITH_UNIT (LENGTH_MEASURE( 1.000000000000000082E-05 ), #137, 'distance_accuracy_value', 'NONE');
#1255 = VECTOR ( 'NONE', #2313, 1000.000000000000000 ) ;
#1256 = VERTEX_POINT ( 'NONE', #2974 ) ;
#1257 = DIRECTION ( 'NONE',  ( 1.000000000000000000, 0.000000000000000000, 0.000000000000000000 ) ) ;
#1258 = CARTESIAN_POINT ( 'NONE',  ( 0.5999999999999994227, 0.6000000000000008660, 0.5999999999999999778 ) ) ;
#1259 = ADVANCED_FACE ( 'NONE', ( #491 ), #1916, .T. ) ;
#1260 = EDGE_CURVE ( 'NONE', #1869, #3756, #1851, .T. ) ;
#1261 = CARTESIAN_POINT ( 'NONE',  ( 0.9999999999999997780, 0.6000000000000001998, -0.2499999999999996669 ) ) ;
#1262 = ORIENTED_EDGE ( 'NONE', *, *, #2533, .F. ) ;
#1263 = CARTESIAN_POINT ( 'NONE',  ( -0.5499999999999997113, -0.4299999999999999378, 0.5999999999999999778 ) ) ;
#1264 = CARTESIAN_POINT ( 'NONE',  ( 0.9499999999999996225, 0.5999999999999999778, 0.5999999999999999778 ) ) ;
#1265 = EDGE_CURVE ( 'NONE', #3381, #525, #3571, .T. ) ;
#1266 = SURFACE_STYLE_USAGE ( .BOTH. , #94 ) ;
#1267 = CARTESIAN_POINT ( 'NONE',  ( -1.000000000000000222, 0.3999999999999999667, 0.5499999999999999334 ) ) ;
#1268 = ORIENTED_EDGE ( 'NONE', *, *, #1736, .F. ) ;
#1269 = CYLINDRICAL_SURFACE ( 'NONE', #544, 0.05000000000000002359 ) ;
#1270 = DIRECTION ( 'NONE',  ( -0.000000000000000000, 1.000000000000000000, 0.000000000000000000 ) ) ;
#1271 = CIRCLE ( 'NONE', #2052, 0.05000000000000002359 ) ;
#1272 = CARTESIAN_POINT ( 'NONE',  ( 0.9999999999999997780, 0.5999999999999999778, 0.5999999999999999778 ) ) ;
#1273 = VERTEX_POINT ( 'NONE', #198 ) ;
#1274 = DIRECTION ( 'NONE',  ( -1.000000000000000000, 0.000000000000000000, -0.000000000000000000 ) ) ;
#1275 = AXIS2_PLACEMENT_3D ( 'NONE', #3667, #3271, #2816 ) ;
#1276 = ORIENTED_EDGE ( 'NONE', *, *, #3348, .T. ) ;
#1277 = ORIENTED_EDGE ( 'NONE', *, *, #2167, .T. ) ;
#1278 = DIRECTION ( 'NONE',  ( 0.000000000000000000, -1.000000000000000000, 2.168404344971006501E-15 ) ) ;
#1279 = DIRECTION ( 'NONE',  ( 0.000000000000000000, 0.000000000000000000, 1.000000000000000000 ) ) ;
#1280 = CARTESIAN_POINT ( 'NONE',  ( -1.000000000000000222, -0.3999999999999999667, -0.1999999999999999278 ) ) ;
#1281 = EDGE_LOOP ( 'NONE', ( #1919, #1219, #2034, #133 ) ) ;
#1282 = CARTESIAN_POINT ( 'NONE',  ( 0.9999999999999997780, 0.5999999999999999778, 0.5499999999999999334 ) ) ;
#1283 = CARTESIAN_POINT ( 'NONE',  ( -1.000000000000000222, -0.3999999999999999667, 0.1999999999999999556 ) ) ;
#1284 = VECTOR ( 'NONE', #549, 1000.000000000000000 ) ;
#1285 = EDGE_CURVE ( 'NONE', #3756, #976, #1639, .T. ) ;
#1286 = VERTEX_POINT ( 'NONE', #2124 ) ;
#1287 = CARTESIAN_POINT ( 'NONE',  ( -0.9500000000000001776, -0.5500000000000000444, 0.5999999999999999778 ) ) ;
#1288 = DIRECTION ( 'NONE',  ( 1.000000000000000000, 0.000000000000000000, 0.000000000000000000 ) ) ;
#1289 = AXIS2_PLACEMENT_3D ( 'NONE', #2269, #3433, #2022 ) ;
#1290 =( GEOMETRIC_REPRESENTATION_CONTEXT ( 3 ) GLOBAL_UNCERTAINTY_ASSIGNED_CONTEXT ( ( #419 ) ) GLOBAL_UNIT_ASSIGNED_CONTEXT ( ( #3331, #2453, #729 ) ) REPRESENTATION_CONTEXT ( 'NONE', 'WORKASPACE' ) );
#1291 = ADVANCED_FACE ( 'NONE', ( #1657 ), #673, .T. ) ;
#1292 = STYLED_ITEM ( 'NONE', ( #189 ), #2064 ) ;
#1293 =( NAMED_UNIT ( * ) PLANE_ANGLE_UNIT ( ) SI_UNIT ( $, .RADIAN. ) );
#1294 = UNCERTAINTY_MEASURE_WITH_UNIT (LENGTH_MEASURE( 1.000000000000000082E-05 ), #651, 'distance_accuracy_value', 'NONE');
#1295 =( GEOMETRIC_REPRESENTATION_CONTEXT ( 3 ) GLOBAL_UNCERTAINTY_ASSIGNED_CONTEXT ( ( #3612 ) ) GLOBAL_UNIT_ASSIGNED_CONTEXT ( ( #59, #416, #3320 ) ) REPRESENTATION_CONTEXT ( 'NONE', 'WORKASPACE' ) );
#1296 = EDGE_LOOP ( 'NONE', ( #1812, #2864, #3249, #29 ) ) ;
#1297 = AXIS2_PLACEMENT_3D ( 'NONE', #2221, #2991, #3552 ) ;
#1298 = PLANE ( 'NONE',  #18 ) ;
#1299 = SURFACE_STYLE_FILL_AREA ( #1624 ) ;
#1300 = CIRCLE ( 'NONE', #1901, 0.05000000000000002359 ) ;
#1301 = DIRECTION ( 'NONE',  ( 0.000000000000000000, 1.000000000000000000, 2.710505431213761578E-16 ) ) ;
#1302 = ORIENTED_EDGE ( 'NONE', *, *, #1771, .T. ) ;
#1303 = SURFACE_SIDE_STYLE ('',( #147 ) ) ;
#1304 = CARTESIAN_POINT ( 'NONE',  ( 0.9499999999999997335, -0.5500000000000000444, 0.5499999999999999334 ) ) ;
#1305 = CARTESIAN_POINT ( 'NONE',  ( -0.9500000000000001776, -0.4299999999999999378, -0.5500000000000000444 ) ) ;
#1306 = VECTOR ( 'NONE', #2125, 1000.000000000000000 ) ;
#1307 = DIRECTION ( 'NONE',  ( 0.000000000000000000, 0.000000000000000000, -1.000000000000000000 ) ) ;
#1308 = COLOUR_RGB ( '',0.9098039215686274384, 0.4705882352941176405, 0.03137254901960784270 ) ;
#1309 = EDGE_LOOP ( 'NONE', ( #108, #1546, #3439, #598 ) ) ;
#1310 = CARTESIAN_POINT ( 'NONE',  ( -0.5999999999999997558, -0.3999999999999999667, 0.1999999999999999556 ) ) ;
#1311 = DIRECTION ( 'NONE',  ( 1.000000000000000000, 1.084202172485503842E-15, 0.000000000000000000 ) ) ;
#1312 = PLANE ( 'NONE',  #3424 ) ;
#1313 = ADVANCED_FACE ( 'NONE', ( #691 ), #2994, .T. ) ;
#1314 = ORIENTED_EDGE ( 'NONE', *, *, #422, .T. ) ;
#1315 = LINE ( 'NONE', #2426, #2163 ) ;
#1316 = ORIENTED_EDGE ( 'NONE', *, *, #3676, .T. ) ;
#1317 = VERTEX_POINT ( 'NONE', #2723 ) ;
#1318 = DIRECTION ( 'NONE',  ( 1.000000000000000000, 0.000000000000000000, -0.000000000000000000 ) ) ;
#1319 = LINE ( 'NONE', #712, #121 ) ;
#1320 = AXIS2_PLACEMENT_3D ( 'NONE', #2141, #64, #3551 ) ;
#1321 = ORIENTED_EDGE ( 'NONE', *, *, #3042, .T. ) ;
#1322 = CARTESIAN_POINT ( 'NONE',  ( -0.9500000000000001776, -0.5500000000000000444, 0.5499999999999999334 ) ) ;
#1323 = CARTESIAN_POINT ( 'NONE',  ( 0.5499999999999998224, -0.3999999999999999667, 0.5499999999999998224 ) ) ;
#1324 = MECHANICAL_DESIGN_GEOMETRIC_PRESENTATION_REPRESENTATION (  '', ( #351 ), #156 ) ;
#1325 = FACE_OUTER_BOUND ( 'NONE', #3039, .T. ) ;
#1326 = ORIENTED_EDGE ( 'NONE', *, *, #1405, .F. ) ;
#1327 = PLANE ( 'NONE',  #1470 ) ;
#1328 = CARTESIAN_POINT ( 'NONE',  ( 0.9499999999999996225, 0.3999999999999999667, -0.5499999999999999334 ) ) ;
#1329 = FILL_AREA_STYLE_COLOUR ( '', #321 ) ;
#1330 = EDGE_CURVE ( 'NONE', #917, #3293, #2675, .T. ) ;
#1331 = CARTESIAN_POINT ( 'NONE',  ( -1.000000000000000222, -0.3999999999999999667, 0.1999999999999999556 ) ) ;
#1332 =( LENGTH_UNIT ( ) NAMED_UNIT ( * ) SI_UNIT ( .MILLI., .METRE. ) );
#1333 = EDGE_CURVE ( 'NONE', #1879, #757, #1036, .T. ) ;
#1334 = ORIENTED_EDGE ( 'NONE', *, *, #458, .F. ) ;
#1335 = CARTESIAN_POINT ( 'NONE',  ( 0.5999999999999999778, -0.5499999999999999334, -0.5499999999999999334 ) ) ;
#1336 = VECTOR ( 'NONE', #2937, 1000.000000000000000 ) ;
#1337 = EDGE_LOOP ( 'NONE', ( #1569, #3089, #2867, #2576 ) ) ;
#1338 = DIRECTION ( 'NONE',  ( 0.000000000000000000, 0.000000000000000000, 1.000000000000000000 ) ) ;
#1339 = VECTOR ( 'NONE', #3210, 1000.000000000000000 ) ;
#1340 = DIRECTION ( 'NONE',  ( -1.000000000000000000, -0.000000000000000000, -0.000000000000000000 ) ) ;
#1341 = CARTESIAN_POINT ( 'NONE',  ( -0.9500000000000001776, 0.3999999999999999667, -0.5500000000000000444 ) ) ;
#1342 = ORIENTED_EDGE ( 'NONE', *, *, #2088, .F. ) ;
#1343 = DIRECTION ( 'NONE',  ( -0.000000000000000000, -1.000000000000000000, -0.000000000000000000 ) ) ;
#1344 = DIRECTION ( 'NONE',  ( -0.000000000000000000, -2.168404344971008079E-15, -1.000000000000000000 ) ) ;
#1345 = CARTESIAN_POINT ( 'NONE',  ( 0.9999999999999997780, 0.3999999999999999667, 0.5499999999999999334 ) ) ;
#1346 = CARTESIAN_POINT ( 'NONE',  ( -0.5499999999999997113, -0.4299999999999999378, -0.6009999999999998677 ) ) ;
#1347 = FACE_OUTER_BOUND ( 'NONE', #399, .T. ) ;
#1348 = AXIS2_PLACEMENT_3D ( 'NONE', #2384, #1171, #1227 ) ;
#1349 = VERTEX_POINT ( 'NONE', #1065 ) ;
#1350 = EDGE_LOOP ( 'NONE', ( #1252, #1622, #808, #1590 ) ) ;
#1351 =( NAMED_UNIT ( * ) SI_UNIT ( $, .STERADIAN. ) SOLID_ANGLE_UNIT ( ) );
#1352 = AXIS2_PLACEMENT_3D ( 'NONE', #3636, #2148, #423 ) ;
#1353 = EDGE_CURVE ( 'NONE', #1648, #3400, #1761, .T. ) ;
#1354 = ADVANCED_FACE ( 'NONE', ( #3090 ), #1935, .T. ) ;
#1355 = AXIS2_PLACEMENT_3D ( 'NONE', #2587, #2863, #3098 ) ;
#1356 = ORIENTED_EDGE ( 'NONE', *, *, #3752, .F. ) ;
#1357 = CARTESIAN_POINT ( 'NONE',  ( 0.5499999999999998224, -0.3999999999999999667, -0.5499999999999999334 ) ) ;
#1358 = AXIS2_PLACEMENT_3D ( 'NONE', #2133, #3021, #3168 ) ;
#1359 = PRODUCT_CONTEXT ( 'NONE', #245, 'mechanical' ) ;
#1360 = EDGE_LOOP ( 'NONE', ( #2341, #3236, #3409 ) ) ;
#1361 = CARTESIAN_POINT ( 'NONE',  ( 0.5499999999999998224, -0.4299999999999999378, -0.2499999999999999445 ) ) ;
#1362 = DIRECTION ( 'NONE',  ( 0.000000000000000000, 0.000000000000000000, -1.000000000000000000 ) ) ;
#1363 = DIRECTION ( 'NONE',  ( 0.000000000000000000, 1.000000000000000000, 0.000000000000000000 ) ) ;
#1364 = CARTESIAN_POINT ( 'NONE',  ( -1.000000000000000222, -0.3999999999999999667, 0.1999999999999999556 ) ) ;
#1365 = DIRECTION ( 'NONE',  ( -1.000000000000000000, 0.000000000000000000, 0.000000000000000000 ) ) ;
#1366 = PLANE ( 'NONE',  #2779 ) ;
#1367 = ORIENTED_EDGE ( 'NONE', *, *, #2465, .F. ) ;
#1368 = VERTEX_POINT ( 'NONE', #754 ) ;
#1369 = CARTESIAN_POINT ( 'NONE',  ( -0.5499999999999997113, -0.3999999999999999667, 0.1999999999999999556 ) ) ;
#1370 = SURFACE_STYLE_USAGE ( .BOTH. , #205 ) ;
#1371 = FILL_AREA_STYLE_COLOUR ( '', #3125 ) ;
#1372 = ORIENTED_EDGE ( 'NONE', *, *, #112, .F. ) ;
#1373 = EDGE_CURVE ( 'NONE', #1317, #2877, #478, .T. ) ;
#1374 = DIRECTION ( 'NONE',  ( 0.000000000000000000, -1.000000000000000000, -2.168404344971007685E-15 ) ) ;
#1375 = EDGE_CURVE ( 'NONE', #757, #574, #3686, .T. ) ;
#1376 = FILL_AREA_STYLE ('',( #2826 ) ) ;
#1377 = UNCERTAINTY_MEASURE_WITH_UNIT (LENGTH_MEASURE( 1.000000000000000082E-05 ), #1422, 'distance_accuracy_value', 'NONE');
#1378 = STYLED_ITEM ( 'NONE', ( #3059 ), #969 ) ;
#1379 = ORIENTED_EDGE ( 'NONE', *, *, #638, .F. ) ;
#1380 = EDGE_CURVE ( 'NONE', #2669, #226, #846, .T. ) ;
#1381 = AXIS2_PLACEMENT_3D ( 'NONE', #2374, #2687, #1221 ) ;
#1382 = SURFACE_STYLE_FILL_AREA ( #214 ) ;
#1383 = AXIS2_PLACEMENT_3D ( 'NONE', #990, #687, #3325 ) ;
#1384 = FILL_AREA_STYLE ('',( #3120 ) ) ;
#1385 = DIRECTION ( 'NONE',  ( 0.000000000000000000, 0.000000000000000000, -1.000000000000000000 ) ) ;
#1386 =( NAMED_UNIT ( * ) PLANE_ANGLE_UNIT ( ) SI_UNIT ( $, .RADIAN. ) );
#1387 = DIRECTION ( 'NONE',  ( 0.000000000000000000, 0.000000000000000000, -1.000000000000000000 ) ) ;
#1388 = SURFACE_SIDE_STYLE ('',( #2523 ) ) ;
#1389 = CARTESIAN_POINT ( 'NONE',  ( 0.9499999999999996225, 0.3999999999999999667, -0.5499999999999999334 ) ) ;
#1390 = ORIENTED_EDGE ( 'NONE', *, *, #1543, .F. ) ;
#1391 =( GEOMETRIC_REPRESENTATION_CONTEXT ( 3 ) GLOBAL_UNCERTAINTY_ASSIGNED_CONTEXT ( ( #2703 ) ) GLOBAL_UNIT_ASSIGNED_CONTEXT ( ( #26, #3495, #3282 ) ) REPRESENTATION_CONTEXT ( 'NONE', 'WORKASPACE' ) );
#1392 = ORIENTED_EDGE ( 'NONE', *, *, #3376, .F. ) ;
#1393 = PRESENTATION_STYLE_ASSIGNMENT (( #2865 ) ) ;
#1394 = DIRECTION ( 'NONE',  ( 1.000000000000000000, -0.000000000000000000, -0.000000000000000000 ) ) ;
#1395 = SURFACE_STYLE_FILL_AREA ( #3451 ) ;
#1396 = ORIENTED_EDGE ( 'NONE', *, *, #3419, .T. ) ;
#1397 = EDGE_CURVE ( 'NONE', #590, #2031, #1531, .T. ) ;
#1398 = DIRECTION ( 'NONE',  ( -1.000000000000000000, 0.000000000000000000, 0.000000000000000000 ) ) ;
#1399 = EDGE_CURVE ( 'NONE', #1652, #1041, #2706, .T. ) ;
#1400 = LINE ( 'NONE', #2835, #2879 ) ;
#1401 = DIRECTION ( 'NONE',  ( -5.421010862427523156E-16, 1.000000000000000000, 0.000000000000000000 ) ) ;
#1402 =( LENGTH_UNIT ( ) NAMED_UNIT ( * ) SI_UNIT ( .MILLI., .METRE. ) );
#1403 =( LENGTH_UNIT ( ) NAMED_UNIT ( * ) SI_UNIT ( .MILLI., .METRE. ) );
#1404 = CYLINDRICAL_SURFACE ( 'NONE', #1750, 0.05000000000000002359 ) ;
#1405 = EDGE_CURVE ( 'NONE', #3630, #1087, #2396, .T. ) ;
#1406 = DIRECTION ( 'NONE',  ( 0.000000000000000000, 0.000000000000000000, 1.000000000000000000 ) ) ;
#1407 = VERTEX_POINT ( 'NONE', #2890 ) ;
#1408 = EDGE_LOOP ( 'NONE', ( #282, #2304, #1850, #13 ) ) ;
#1409 = DIRECTION ( 'NONE',  ( -1.000000000000000000, 0.000000000000000000, 0.000000000000000000 ) ) ;
#1410 = VECTOR ( 'NONE', #862, 1000.000000000000000 ) ;
#1411 = MECHANICAL_DESIGN_GEOMETRIC_PRESENTATION_REPRESENTATION (  '', ( #2558 ), #3589 ) ;
#1412 = CARTESIAN_POINT ( 'NONE',  ( 0.5999999999999999778, -0.5500000000000000444, -0.5499999999999999334 ) ) ;
#1413 = AXIS2_PLACEMENT_3D ( 'NONE', #1304, #1906, #2788 ) ;
#1414 = ORIENTED_EDGE ( 'NONE', *, *, #2139, .F. ) ;
#1415 = DIRECTION ( 'NONE',  ( 0.000000000000000000, -2.168404344971012812E-15, 1.000000000000000000 ) ) ;
#1416 = VECTOR ( 'NONE', #1093, 1000.000000000000000 ) ;
#1417 = CARTESIAN_POINT ( 'NONE',  ( -1.000000000000000222, -0.3999999999999999667, -0.1999999999999999278 ) ) ;
#1418 = AXIS2_PLACEMENT_3D ( 'NONE', #3234, #1773, #1996 ) ;
#1419 = VERTEX_POINT ( 'NONE', #866 ) ;
#1420 = FACE_OUTER_BOUND ( 'NONE', #1704, .T. ) ;
#1421 = VECTOR ( 'NONE', #1858, 1000.000000000000000 ) ;
#1422 =( LENGTH_UNIT ( ) NAMED_UNIT ( * ) SI_UNIT ( .MILLI., .METRE. ) );
#1423 = SPHERICAL_SURFACE ( 'NONE', #2190, 0.05000000000000000278 ) ;
#1424 = EDGE_CURVE ( 'NONE', #1240, #2720, #2002, .T. ) ;
#1425 = FILL_AREA_STYLE_COLOUR ( '', #534 ) ;
#1426 = LINE ( 'NONE', #756, #3091 ) ;
#1427 = DIRECTION ( 'NONE',  ( 0.000000000000000000, -1.000000000000000000, 0.000000000000000000 ) ) ;
#1428 = ORIENTED_EDGE ( 'NONE', *, *, #1887, .T. ) ;
#1429 = ORIENTED_EDGE ( 'NONE', *, *, #1031, .T. ) ;
#1430 = DIRECTION ( 'NONE',  ( 1.000000000000000000, 0.000000000000000000, 0.000000000000000000 ) ) ;
#1431 = EDGE_LOOP ( 'NONE', ( #254, #286, #3297, #1477 ) ) ;
#1432 = DIRECTION ( 'NONE',  ( 0.000000000000000000, -1.000000000000000000, 0.000000000000000000 ) ) ;
#1433 = CARTESIAN_POINT ( 'NONE',  ( 0.000000000000000000, -0.5999999999999999778, 0.000000000000000000 ) ) ;
#1434 = DIRECTION ( 'NONE',  ( 0.000000000000000000, -0.000000000000000000, -1.000000000000000000 ) ) ;
#1435 = ORIENTED_EDGE ( 'NONE', *, *, #2094, .F. ) ;
#1436 = CARTESIAN_POINT ( 'NONE',  ( -0.9500000000000001776, 0.3999999999999999667, 0.5999999999999999778 ) ) ;
#1437 = VECTOR ( 'NONE', #1427, 1000.000000000000000 ) ;
#1438 = COLOUR_RGB ( '',0.2509803921568627416, 0.2509803921568627416, 0.2509803921568627416 ) ;
#1439 = CARTESIAN_POINT ( 'NONE',  ( -0.5999999999999997558, -0.5499999999999999334, 0.000000000000000000 ) ) ;
#1440 = SURFACE_SIDE_STYLE ('',( #3705 ) ) ;
#1441 = CARTESIAN_POINT ( 'NONE',  ( -0.5999999999999997558, -0.5999999999999999778, 0.5999999999999999778 ) ) ;
#1442 = DIRECTION ( 'NONE',  ( 1.000000000000000000, 0.000000000000000000, 0.000000000000000000 ) ) ;
#1443 = PRESENTATION_LAYER_ASSIGNMENT (  '', '', ( #3146 ) ) ;
#1444 = CARTESIAN_POINT ( 'NONE',  ( 0.5499999999999997113, -0.2999999999999999889, 0.3999999999999999112 ) ) ;
#1445 = ADVANCED_FACE ( 'NONE', ( #3123 ), #2009, .T. ) ;
#1446 = VERTEX_POINT ( 'NONE', #218 ) ;
#1447 = EDGE_LOOP ( 'NONE', ( #1920, #3460, #1067, #1435 ) ) ;
#1448 = ADVANCED_FACE ( 'NONE', ( #1732 ), #2541, .T. ) ;
#1449 = FILL_AREA_STYLE_COLOUR ( '', #1308 ) ;
#1450 = DIRECTION ( 'NONE',  ( 0.000000000000000000, 0.000000000000000000, -1.000000000000000000 ) ) ;
#1451 = EDGE_CURVE ( 'NONE', #536, #1165, #2058, .T. ) ;
#1452 = ADVANCED_FACE ( 'NONE', ( #3761 ), #294, .F. ) ;
#1453 = ORIENTED_EDGE ( 'NONE', *, *, #707, .F. ) ;
#1454 = DIRECTION ( 'NONE',  ( 1.000000000000000000, 0.000000000000000000, 0.000000000000000000 ) ) ;
#1455 = VECTOR ( 'NONE', #2644, 1000.000000000000000 ) ;
#1456 = SURFACE_STYLE_FILL_AREA ( #1224 ) ;
#1457 = ORIENTED_EDGE ( 'NONE', *, *, #1191, .T. ) ;
#1458 = FACE_OUTER_BOUND ( 'NONE', #1281, .T. ) ;
#1459 = VECTOR ( 'NONE', #70, 1000.000000000000000 ) ;
#1460 = DIRECTION ( 'NONE',  ( 0.000000000000000000, 0.000000000000000000, -1.000000000000000000 ) ) ;
#1461 = CARTESIAN_POINT ( 'NONE',  ( 0.000000000000000000, -0.4299999999999999378, 0.000000000000000000 ) ) ;
#1462 = DIRECTION ( 'NONE',  ( 0.000000000000000000, 0.000000000000000000, -1.000000000000000000 ) ) ;
#1463 =( NAMED_UNIT ( * ) PLANE_ANGLE_UNIT ( ) SI_UNIT ( $, .RADIAN. ) );
#1464 = ORIENTED_EDGE ( 'NONE', *, *, #3724, .F. ) ;
#1465 = EDGE_LOOP ( 'NONE', ( #267, #2786, #3525, #3582 ) ) ;
#1466 = UNCERTAINTY_MEASURE_WITH_UNIT (LENGTH_MEASURE( 1.000000000000000082E-05 ), #184, 'distance_accuracy_value', 'NONE');
#1467 = PRESENTATION_STYLE_ASSIGNMENT (( #1220 ) ) ;
#1468 = CARTESIAN_POINT ( 'NONE',  ( -0.5999999999999997558, -0.4299999999999999378, 0.1999999999999999556 ) ) ;
#1469 = VERTEX_POINT ( 'NONE', #3 ) ;
#1470 = AXIS2_PLACEMENT_3D ( 'NONE', #2479, #3644, #2137 ) ;
#1471 = FILL_AREA_STYLE_COLOUR ( '', #889 ) ;
#1472 = LINE ( 'NONE', #3204, #1003 ) ;
#1473 = ADVANCED_FACE ( 'NONE', ( #1176 ), #3396, .T. ) ;
#1474 = CARTESIAN_POINT ( 'NONE',  ( -0.5999999999999997558, -0.5499999999999999334, 0.5499999999999998224 ) ) ;
#1475 = EDGE_CURVE ( 'NONE', #3199, #3187, #2645, .T. ) ;
#1476 = VECTOR ( 'NONE', #2174, 1000.000000000000000 ) ;
#1477 = ORIENTED_EDGE ( 'NONE', *, *, #2253, .F. ) ;
#1478 = CARTESIAN_POINT ( 'NONE',  ( -1.000000000000000222, -0.5500000000000000444, 0.2499999999999999445 ) ) ;
#1479 = EDGE_CURVE ( 'NONE', #871, #590, #2980, .T. ) ;
#1480 = AXIS2_PLACEMENT_3D ( 'NONE', #1328, #2480, #3040 ) ;
#1481 = AXIS2_PLACEMENT_3D ( 'NONE', #3540, #3220, #1778 ) ;
#1482 = DIRECTION ( 'NONE',  ( 2.168404344971008079E-15, -1.000000000000000000, 0.000000000000000000 ) ) ;
#1483 = DIRECTION ( 'NONE',  ( 0.000000000000000000, -1.000000000000000000, 0.000000000000000000 ) ) ;
#1484 = VECTOR ( 'NONE', #1613, 1000.000000000000000 ) ;
#1485 = ORIENTED_EDGE ( 'NONE', *, *, #1097, .F. ) ;
#1486 =( GEOMETRIC_REPRESENTATION_CONTEXT ( 3 ) GLOBAL_UNCERTAINTY_ASSIGNED_CONTEXT ( ( #1254 ) ) GLOBAL_UNIT_ASSIGNED_CONTEXT ( ( #137, #2445, #1541 ) ) REPRESENTATION_CONTEXT ( 'NONE', 'WORKASPACE' ) );
#1487 = EDGE_LOOP ( 'NONE', ( #2156, #1277, #461 ) ) ;
#1488 = CIRCLE ( 'NONE', #3489, 0.05000000000000002359 ) ;
#1489 = FILL_AREA_STYLE_COLOUR ( '', #2165 ) ;
#1490 = EDGE_LOOP ( 'NONE', ( #2422, #213, #2776, #3242 ) ) ;
#1491 = CARTESIAN_POINT ( 'NONE',  ( 0.9499999999999997335, -0.5500000000000000444, 0.2499999999999999445 ) ) ;
#1492 = DIRECTION ( 'NONE',  ( 1.000000000000000000, -2.168404344971012812E-15, 0.000000000000000000 ) ) ;
#1493 = CARTESIAN_POINT ( 'NONE',  ( 0.5499999999999998224, -0.4299999999999999378, -0.6009999999999998677 ) ) ;
#1494 = CARTESIAN_POINT ( 'NONE',  ( 0.9499999999999996225, 0.5999999999999999778, -0.5999999999999999778 ) ) ;
#1495 = EDGE_CURVE ( 'NONE', #3207, #817, #3496, .T. ) ;
#1496 = ORIENTED_EDGE ( 'NONE', *, *, #237, .T. ) ;
#1497 = CARTESIAN_POINT ( 'NONE',  ( -1.000000000000000222, -0.4299999999999999378, 0.1999999999999999556 ) ) ;
#1498 = ADVANCED_FACE ( 'NONE', ( #360 ), #947, .F. ) ;
#1499 = ADVANCED_FACE ( 'NONE', ( #1539 ), #906, .F. ) ;
#1500 = VECTOR ( 'NONE', #1188, 1000.000000000000000 ) ;
#1501 = LINE ( 'NONE', #2116, #1455 ) ;
#1502 = CARTESIAN_POINT ( 'NONE',  ( 0.5499999999999998224, 0.3999999999999999667, -0.5999999999999999778 ) ) ;
#1503 = DIRECTION ( 'NONE',  ( -0.000000000000000000, -0.000000000000000000, -1.000000000000000000 ) ) ;
#1504 = VECTOR ( 'NONE', #2498, 1000.000000000000000 ) ;
#1505 = EDGE_CURVE ( 'NONE', #3675, #1112, #3522, .T. ) ;
#1506 =( LENGTH_UNIT ( ) NAMED_UNIT ( * ) SI_UNIT ( .MILLI., .METRE. ) );
#1507 = ORIENTED_EDGE ( 'NONE', *, *, #1979, .F. ) ;
#1508 = ORIENTED_EDGE ( 'NONE', *, *, #163, .F. ) ;
#1509 = VECTOR ( 'NONE', #2677, 1000.000000000000000 ) ;
#1510 = SURFACE_SIDE_STYLE ('',( #343 ) ) ;
#1511 = SURFACE_STYLE_USAGE ( .BOTH. , #3665 ) ;
#1512 = EDGE_LOOP ( 'NONE', ( #2469, #901, #21, #1534, #2957, #3310, #2529, #2337 ) ) ;
#1513 = CARTESIAN_POINT ( 'NONE',  ( 0.9499999999999996225, 0.5999999999999999778, -0.5999999999999999778 ) ) ;
#1514 = CYLINDRICAL_SURFACE ( 'NONE', #3006, 0.09999999999999999167 ) ;
#1515 = CARTESIAN_POINT ( 'NONE',  ( 0.9499999999999996225, -0.5500000000000000444, -0.5499999999999999334 ) ) ;
#1516 = ORIENTED_EDGE ( 'NONE', *, *, #707, .T. ) ;
#1517 = DIRECTION ( 'NONE',  ( -0.000000000000000000, 1.000000000000000000, 0.000000000000000000 ) ) ;
#1518 = CARTESIAN_POINT ( 'NONE',  ( -1.000000000000000222, -0.4299999999999999378, 0.1999999999999999556 ) ) ;
#1519 = VECTOR ( 'NONE', #2136, 1000.000000000000000 ) ;
#1520 = FACE_OUTER_BOUND ( 'NONE', #233, .T. ) ;
#1521 = DIRECTION ( 'NONE',  ( 1.000000000000000000, 5.421010862427523156E-16, 0.000000000000000000 ) ) ;
#1522 = CARTESIAN_POINT ( 'NONE',  ( -1.000000000000000222, 0.5999999999999999778, 0.5499999999999999334 ) ) ;
#1523 = CARTESIAN_POINT ( 'NONE',  ( 0.9999999999999997780, -0.3999999999999999667, 0.1999999999999999556 ) ) ;
#1524 = PRESENTATION_LAYER_ASSIGNMENT (  '', '', ( #171 ) ) ;
#1525 = EDGE_CURVE ( 'NONE', #2145, #1527, #2332, .T. ) ;
#1526 = VECTOR ( 'NONE', #3606, 1000.000000000000000 ) ;
#1527 = VERTEX_POINT ( 'NONE', #883 ) ;
#1528 = UNCERTAINTY_MEASURE_WITH_UNIT (LENGTH_MEASURE( 1.000000000000000082E-05 ), #2560, 'distance_accuracy_value', 'NONE');
#1529 = ORIENTED_EDGE ( 'NONE', *, *, #2160, .F. ) ;
#1530 = CLOSED_SHELL ( 'NONE', ( #1150, #380, #1845, #1560, #1259, #1881, #1882, #3109, #2371, #139, #2043, #986, #1772, #3677, #474, #2047, #3305, #1755 ) ) ;
#1531 = LINE ( 'NONE', #2690, #1459 ) ;
#1532 = DIRECTION ( 'NONE',  ( -0.000000000000000000, 1.000000000000000000, 2.710505431213761578E-16 ) ) ;
#1533 = DIRECTION ( 'NONE',  ( 0.000000000000000000, 0.000000000000000000, -1.000000000000000000 ) ) ;
#1534 = ORIENTED_EDGE ( 'NONE', *, *, #2568, .T. ) ;
#1535 = CARTESIAN_POINT ( 'NONE',  ( 0.5499999999999999334, -0.5499999999999999334, 0.1999999999999999556 ) ) ;
#1536 = CARTESIAN_POINT ( 'NONE',  ( -1.000000000000000222, -0.3999999999999999667, 0.1999999999999999556 ) ) ;
#1537 = CIRCLE ( 'NONE', #3655, 0.09999999999999999167 ) ;
#1538 = FACE_OUTER_BOUND ( 'NONE', #3045, .T. ) ;
#1539 = FACE_OUTER_BOUND ( 'NONE', #128, .T. ) ;
#1540 = AXIS2_PLACEMENT_3D ( 'NONE', #2344, #3523, #920 ) ;
#1541 =( NAMED_UNIT ( * ) SI_UNIT ( $, .STERADIAN. ) SOLID_ANGLE_UNIT ( ) );
#1542 = STYLED_ITEM ( 'NONE', ( #1707 ), #3262 ) ;
#1543 = EDGE_CURVE ( 'NONE', #2595, #2069, #2406, .T. ) ;
#1544 = ORIENTED_EDGE ( 'NONE', *, *, #548, .T. ) ;
#1545 = SURFACE_STYLE_FILL_AREA ( #970 ) ;
#1546 = ORIENTED_EDGE ( 'NONE', *, *, #431, .F. ) ;
#1547 = CARTESIAN_POINT ( 'NONE',  ( 0.9499999999999996225, -0.3999999999999999667, -0.1999999999999999278 ) ) ;
#1548 = CYLINDRICAL_SURFACE ( 'NONE', #1849, 0.05000000000000002359 ) ;
#1549 = CARTESIAN_POINT ( 'NONE',  ( 0.9999999999999997780, 0.3999999999999999667, 0.5499999999999999334 ) ) ;
#1550 =( GEOMETRIC_REPRESENTATION_CONTEXT ( 3 ) GLOBAL_UNCERTAINTY_ASSIGNED_CONTEXT ( ( #1466 ) ) GLOBAL_UNIT_ASSIGNED_CONTEXT ( ( #184, #797, #1351 ) ) REPRESENTATION_CONTEXT ( 'NONE', 'WORKASPACE' ) );
#1551 = VERTEX_POINT ( 'NONE', #3512 ) ;
#1552 =( LENGTH_UNIT ( ) NAMED_UNIT ( * ) SI_UNIT ( .MILLI., .METRE. ) );
#1553 = DIRECTION ( 'NONE',  ( 0.000000000000000000, 1.000000000000000000, 0.000000000000000000 ) ) ;
#1554 = DIRECTION ( 'NONE',  ( 0.000000000000000000, 0.000000000000000000, -1.000000000000000000 ) ) ;
#1555 = FACE_OUTER_BOUND ( 'NONE', #3152, .T. ) ;
#1556 = DIRECTION ( 'NONE',  ( 0.000000000000000000, 0.000000000000000000, -1.000000000000000000 ) ) ;
#1557 = CARTESIAN_POINT ( 'NONE',  ( 0.9499999999999996225, 0.5999999999999999778, -0.5499999999999999334 ) ) ;
#1558 = ORIENTED_EDGE ( 'NONE', *, *, #3580, .T. ) ;
#1559 = UNCERTAINTY_MEASURE_WITH_UNIT (LENGTH_MEASURE( 1.000000000000000082E-05 ), #3410, 'distance_accuracy_value', 'NONE');
#1560 = ADVANCED_FACE ( 'NONE', ( #2664 ), #2369, .F. ) ;
#1561 = PRESENTATION_LAYER_ASSIGNMENT (  '', '', ( #283 ) ) ;
#1562 = COLOUR_RGB ( '',0.2509803921568627416, 0.2509803921568627416, 0.2509803921568627416 ) ;
#1563 = ORIENTED_EDGE ( 'NONE', *, *, #1573, .T. ) ;
#1564 = DIRECTION ( 'NONE',  ( 0.000000000000000000, -1.000000000000000000, 0.000000000000000000 ) ) ;
#1565 = DIRECTION ( 'NONE',  ( 0.000000000000000000, 0.000000000000000000, -1.000000000000000000 ) ) ;
#1566 = LINE ( 'NONE', #3594, #622 ) ;
#1567 = EDGE_CURVE ( 'NONE', #1180, #3426, #2968, .T. ) ;
#1568 = CARTESIAN_POINT ( 'NONE',  ( -1.000000000000000222, -0.5500000000000000444, -0.5499999999999999334 ) ) ;
#1569 = ORIENTED_EDGE ( 'NONE', *, *, #2614, .T. ) ;
#1570 =( LENGTH_UNIT ( ) NAMED_UNIT ( * ) SI_UNIT ( .MILLI., .METRE. ) );
#1571 = DIRECTION ( 'NONE',  ( -1.084202172485504434E-15, 1.000000000000000000, 0.000000000000000000 ) ) ;
#1572 = DIRECTION ( 'NONE',  ( -0.000000000000000000, 0.000000000000000000, 1.000000000000000000 ) ) ;
#1573 = EDGE_CURVE ( 'NONE', #3634, #871, #2390, .T. ) ;
#1574 = DIRECTION ( 'NONE',  ( -0.000000000000000000, -0.000000000000000000, 1.000000000000000000 ) ) ;
#1575 = ORIENTED_EDGE ( 'NONE', *, *, #1846, .F. ) ;
#1576 = DIRECTION ( 'NONE',  ( 0.000000000000000000, 0.000000000000000000, 1.000000000000000000 ) ) ;
#1577 = SURFACE_STYLE_FILL_AREA ( #3047 ) ;
#1578 = VERTEX_POINT ( 'NONE', #1502 ) ;
#1579 =( NAMED_UNIT ( * ) SI_UNIT ( $, .STERADIAN. ) SOLID_ANGLE_UNIT ( ) );
#1580 = ORIENTED_EDGE ( 'NONE', *, *, #3256, .F. ) ;
#1581 = PLANE ( 'NONE',  #1735 ) ;
#1582 = FACE_OUTER_BOUND ( 'NONE', #1614, .T. ) ;
#1583 = FACE_OUTER_BOUND ( 'NONE', #1896, .T. ) ;
#1584 = EDGE_LOOP ( 'NONE', ( #266, #3519, #2327, #1152 ) ) ;
#1585 = ADVANCED_FACE ( 'NONE', ( #2680 ), #2098, .T. ) ;
#1586 = EDGE_CURVE ( 'NONE', #1064, #2186, #1913, .T. ) ;
#1587 = DIRECTION ( 'NONE',  ( 0.000000000000000000, 1.000000000000000000, -0.000000000000000000 ) ) ;
#1588 = CIRCLE ( 'NONE', #2066, 0.04999999999999999584 ) ;
#1589 = SPHERICAL_SURFACE ( 'NONE', #571, 0.05000000000000000278 ) ;
#1590 = ORIENTED_EDGE ( 'NONE', *, *, #379, .F. ) ;
#1591 = FACE_OUTER_BOUND ( 'NONE', #3066, .T. ) ;
#1592 =( NAMED_UNIT ( * ) PLANE_ANGLE_UNIT ( ) SI_UNIT ( $, .RADIAN. ) );
#1593 = AXIS2_PLACEMENT_3D ( 'NONE', #3171, #3153, #193 ) ;
#1594 = VECTOR ( 'NONE', #3116, 1000.000000000000000 ) ;
#1595 = VECTOR ( 'NONE', #580, 1000.000000000000000 ) ;
#1596 = CARTESIAN_POINT ( 'NONE',  ( -0.5499999999999997113, -0.3999999999999999667, -0.6009999999999998677 ) ) ;
#1597 = AXIS2_PLACEMENT_3D ( 'NONE', #2219, #1931, #1081 ) ;
#1598 = CIRCLE ( 'NONE', #3663, 0.05000000000000002359 ) ;
#1599 = ORIENTED_EDGE ( 'NONE', *, *, #3607, .T. ) ;
#1600 = ORIENTED_EDGE ( 'NONE', *, *, #1243, .F. ) ;
#1601 = CIRCLE ( 'NONE', #3241, 0.05000000000000002359 ) ;
#1602 = DIRECTION ( 'NONE',  ( 0.000000000000000000, 0.000000000000000000, 1.000000000000000000 ) ) ;
#1603 = CARTESIAN_POINT ( 'NONE',  ( 0.9499999999999997335, 0.5999999999999999778, 0.5499999999999999334 ) ) ;
#1604 = AXIS2_PLACEMENT_3D ( 'NONE', #3679, #1133, #2831 ) ;
#1605 =( NAMED_UNIT ( * ) PLANE_ANGLE_UNIT ( ) SI_UNIT ( $, .RADIAN. ) );
#1606 = ORIENTED_EDGE ( 'NONE', *, *, #2506, .F. ) ;
#1607 = DIRECTION ( 'NONE',  ( 1.000000000000000000, 0.000000000000000000, 0.000000000000000000 ) ) ;
#1608 = PRESENTATION_LAYER_ASSIGNMENT (  '', '', ( #2266 ) ) ;
#1609 = SURFACE_SIDE_STYLE ('',( #449 ) ) ;
#1610 = CARTESIAN_POINT ( 'NONE',  ( -0.9500000000000001776, 0.3999999999999999667, -0.5999999999999999778 ) ) ;
#1611 = EDGE_CURVE ( 'NONE', #2085, #1844, #3357, .T. ) ;
#1612 = EDGE_CURVE ( 'NONE', #911, #2172, #175, .T. ) ;
#1613 = DIRECTION ( 'NONE',  ( 1.000000000000000000, 0.000000000000000000, 0.000000000000000000 ) ) ;
#1614 = EDGE_LOOP ( 'NONE', ( #981, #2501, #9, #3399, #1712, #1854, #724, #936 ) ) ;
#1615 =( NAMED_UNIT ( * ) SI_UNIT ( $, .STERADIAN. ) SOLID_ANGLE_UNIT ( ) );
#1616 = DIRECTION ( 'NONE',  ( 0.000000000000000000, -1.000000000000000000, -2.710505431213761578E-16 ) ) ;
#1617 = EDGE_CURVE ( 'NONE', #272, #1694, #2461, .T. ) ;
#1618 = ADVANCED_FACE ( 'NONE', ( #983 ), #1891, .T. ) ;
#1619 = CARTESIAN_POINT ( 'NONE',  ( 0.9499999999999996225, -0.4299999999999999378, -0.5499999999999999334 ) ) ;
#1620 = CARTESIAN_POINT ( 'NONE',  ( 0.9499999999999997335, -0.5999999999999999778, 0.2499999999999999445 ) ) ;
#1621 = ORIENTED_EDGE ( 'NONE', *, *, #2607, .F. ) ;
#1622 = ORIENTED_EDGE ( 'NONE', *, *, #3302, .F. ) ;
#1623 = CARTESIAN_POINT ( 'NONE',  ( -0.5999999999999997558, -0.5500000000000000444, 0.5999999999999999778 ) ) ;
#1624 = FILL_AREA_STYLE ('',( #2744 ) ) ;
#1625 = COLOUR_RGB ( '',0.2509803921568627416, 0.2509803921568627416, 0.2509803921568627416 ) ;
#1626 = CIRCLE ( 'NONE', #2467, 0.04999999999999999584 ) ;
#1627 = ORIENTED_EDGE ( 'NONE', *, *, #1685, .T. ) ;
#1628 = DIRECTION ( 'NONE',  ( 1.000000000000000000, 5.421010862427523156E-16, 0.000000000000000000 ) ) ;
#1629 = VECTOR ( 'NONE', #821, 1000.000000000000000 ) ;
#1630 = SURFACE_STYLE_FILL_AREA ( #1650 ) ;
#1631 = VECTOR ( 'NONE', #469, 1000.000000000000000 ) ;
#1632 = CARTESIAN_POINT ( 'NONE',  ( -0.5499999999999997113, -0.5499999999999999334, 0.2499999999999998890 ) ) ;
#1633 = ORIENTED_EDGE ( 'NONE', *, *, #3556, .F. ) ;
#1634 = CARTESIAN_POINT ( 'NONE',  ( -1.000000000000000222, 0.5999999999999999778, 0.2499999999999999445 ) ) ;
#1635 = CARTESIAN_POINT ( 'NONE',  ( -1.000000000000000222, -0.5500000000000000444, -0.5999999999999999778 ) ) ;
#1636 = COLOUR_RGB ( '',0.9098039215686274384, 0.4705882352941176405, 0.03137254901960784270 ) ;
#1637 = VECTOR ( 'NONE', #1762, 1000.000000000000000 ) ;
#1638 = EDGE_LOOP ( 'NONE', ( #2411, #3503, #417, #835 ) ) ;
#1639 = LINE ( 'NONE', #1346, #3461 ) ;
#1640 = EDGE_CURVE ( 'NONE', #1880, #2932, #3067, .T. ) ;
#1641 = DIRECTION ( 'NONE',  ( -1.000000000000000000, -0.000000000000000000, -0.000000000000000000 ) ) ;
#1642 = LINE ( 'NONE', #295, #2528 ) ;
#1643 = VERTEX_POINT ( 'NONE', #2792 ) ;
#1644 = ORIENTED_EDGE ( 'NONE', *, *, #935, .F. ) ;
#1645 = SURFACE_STYLE_FILL_AREA ( #2526 ) ;
#1646 = DIRECTION ( 'NONE',  ( 0.000000000000000000, -1.000000000000000000, 0.000000000000000000 ) ) ;
#1647 = PRESENTATION_LAYER_ASSIGNMENT (  '', '', ( #1942 ) ) ;
#1648 = VERTEX_POINT ( 'NONE', #2444 ) ;
#1649 = PRESENTATION_LAYER_ASSIGNMENT (  '', '', ( #3341 ) ) ;
#1650 = FILL_AREA_STYLE ('',( #1002 ) ) ;
#1651 = DIRECTION ( 'NONE',  ( -0.000000000000000000, -1.000000000000000000, 0.000000000000000000 ) ) ;
#1652 = VERTEX_POINT ( 'NONE', #3584 ) ;
#1653 = CARTESIAN_POINT ( 'NONE',  ( 0.5999999999999998668, -0.4299999999999999378, 0.5999999999999999778 ) ) ;
#1654 = DIRECTION ( 'NONE',  ( -1.000000000000000000, -0.000000000000000000, 0.000000000000000000 ) ) ;
#1655 = CARTESIAN_POINT ( 'NONE',  ( -1.000000000000000222, -0.4299999999999999378, -0.1999999999999999278 ) ) ;
#1656 = AXIS2_PLACEMENT_3D ( 'NONE', #136, #1929, #1288 ) ;
#1657 = FACE_OUTER_BOUND ( 'NONE', #1487, .T. ) ;
#1658 = DIRECTION ( 'NONE',  ( -0.000000000000000000, 1.000000000000000000, 0.000000000000000000 ) ) ;
#1659 = FACE_OUTER_BOUND ( 'NONE', #1859, .T. ) ;
#1660 = COLOUR_RGB ( '',0.7921568627450980005, 0.8196078431372548767, 0.9333333333333333481 ) ;
#1661 = ADVANCED_FACE ( 'NONE', ( #2771 ), #1327, .F. ) ;
#1662 = EDGE_CURVE ( 'NONE', #896, #611, #2494, .T. ) ;
#1663 = VERTEX_POINT ( 'NONE', #3662 ) ;
#1664 = ORIENTED_EDGE ( 'NONE', *, *, #941, .F. ) ;
#1665 = CARTESIAN_POINT ( 'NONE',  ( 0.5999999999999999778, -0.5499999999999999334, 0.1999999999999999556 ) ) ;
#1666 = PRESENTATION_LAYER_ASSIGNMENT (  '', '', ( #1542 ) ) ;
#1667 = ORIENTED_EDGE ( 'NONE', *, *, #2399, .T. ) ;
#1668 = FILL_AREA_STYLE_COLOUR ( '', #2780 ) ;
#1669 = PLANE ( 'NONE',  #2074 ) ;
#1670 = PRESENTATION_STYLE_ASSIGNMENT (( #2308 ) ) ;
#1671 = LINE ( 'NONE', #1947, #630 ) ;
#1672 = PRESENTATION_LAYER_ASSIGNMENT (  '', '', ( #2935 ) ) ;
#1673 = ORIENTED_EDGE ( 'NONE', *, *, #3443, .F. ) ;
#1674 = COLOUR_RGB ( '',0.9098039215686274384, 0.4705882352941176405, 0.03137254901960784270 ) ;
#1675 = CARTESIAN_POINT ( 'NONE',  ( 0.9499999999999996225, -0.4299999999999999378, -0.2499999999999999445 ) ) ;
#1676 = AXIS2_PLACEMENT_3D ( 'NONE', #496, #2821, #3673 ) ;
#1677 = DIRECTION ( 'NONE',  ( -5.421010862427523156E-16, 1.000000000000000000, 2.710505431213761578E-16 ) ) ;
#1678 = LINE ( 'NONE', #2272, #614 ) ;
#1679 = DIRECTION ( 'NONE',  ( 0.000000000000000000, 0.000000000000000000, -1.000000000000000000 ) ) ;
#1680 = AXIS2_PLACEMENT_3D ( 'NONE', #1197, #2011, #2894 ) ;
#1681 = DIRECTION ( 'NONE',  ( 1.000000000000000000, 0.000000000000000000, 0.000000000000000000 ) ) ;
#1682 = ORIENTED_EDGE ( 'NONE', *, *, #1910, .F. ) ;
#1683 = ORIENTED_EDGE ( 'NONE', *, *, #2608, .F. ) ;
#1684 =( LENGTH_UNIT ( ) NAMED_UNIT ( * ) SI_UNIT ( .MILLI., .METRE. ) );
#1685 = EDGE_CURVE ( 'NONE', #594, #525, #3374, .T. ) ;
#1686 = AXIS2_PLACEMENT_3D ( 'NONE', #390, #74, #1533 ) ;
#1687 = VERTEX_POINT ( 'NONE', #1653 ) ;
#1688 = DIRECTION ( 'NONE',  ( 0.000000000000000000, 0.000000000000000000, 1.000000000000000000 ) ) ;
#1689 = CARTESIAN_POINT ( 'NONE',  ( -0.9500000000000001776, 0.6000000000000001998, -0.2499999999999995837 ) ) ;
#1690 = UNCERTAINTY_MEASURE_WITH_UNIT (LENGTH_MEASURE( 1.000000000000000082E-05 ), #542, 'distance_accuracy_value', 'NONE');
#1691 = CARTESIAN_POINT ( 'NONE',  ( 0.9999999999999997780, -0.3999999999999999667, 0.1999999999999999556 ) ) ;
#1692 = EDGE_CURVE ( 'NONE', #3350, #1687, #60, .T. ) ;
#1693 = CIRCLE ( 'NONE', #1807, 0.05000000000000002359 ) ;
#1694 = VERTEX_POINT ( 'NONE', #3300 ) ;
#1695 = CARTESIAN_POINT ( 'NONE',  ( 0.5499999999999998224, 0.3999999999999999667, 0.4999999999999998890 ) ) ;
#1696 = VECTOR ( 'NONE', #3082, 1000.000000000000000 ) ;
#1697 = ADVANCED_FACE ( 'NONE', ( #705 ), #1861, .F. ) ;
#1698 = DIRECTION ( 'NONE',  ( -1.000000000000000000, 0.000000000000000000, 0.000000000000000000 ) ) ;
#1699 = CARTESIAN_POINT ( 'NONE',  ( 0.5999999999999999778, -0.5499999999999999334, 0.2499999999999998890 ) ) ;
#1700 = DIRECTION ( 'NONE',  ( 0.000000000000000000, 0.000000000000000000, -1.000000000000000000 ) ) ;
#1701 = SURFACE_STYLE_FILL_AREA ( #3110 ) ;
#1702 = PLANE ( 'NONE',  #35 ) ;
#1703 = SURFACE_SIDE_STYLE ('',( #3637 ) ) ;
#1704 = EDGE_LOOP ( 'NONE', ( #1544, #2770, #433, #1884 ) ) ;
#1705 = PLANE ( 'NONE',  #3304 ) ;
#1706 = DIRECTION ( 'NONE',  ( 0.000000000000000000, 0.000000000000000000, -1.000000000000000000 ) ) ;
#1707 = PRESENTATION_STYLE_ASSIGNMENT (( #225 ) ) ;
#1708 = ORIENTED_EDGE ( 'NONE', *, *, #668, .T. ) ;
#1709 = AXIS2_PLACEMENT_3D ( 'NONE', #1491, #2086, #2884 ) ;
#1710 = AXIS2_PLACEMENT_3D ( 'NONE', #1230, #646, #3529 ) ;
#1711 = EDGE_CURVE ( 'NONE', #574, #856, #2495, .T. ) ;
#1712 = ORIENTED_EDGE ( 'NONE', *, *, #407, .F. ) ;
#1713 = DIRECTION ( 'NONE',  ( -0.000000000000000000, 0.000000000000000000, 1.000000000000000000 ) ) ;
#1714 = SURFACE_STYLE_FILL_AREA ( #1384 ) ;
#1715 = EDGE_CURVE ( 'NONE', #2754, #1087, #3700, .T. ) ;
#1716 = CARTESIAN_POINT ( 'NONE',  ( -0.5999999999999997558, -0.5999999999999999778, 0.5499999999999999334 ) ) ;
#1717 = DIRECTION ( 'NONE',  ( 0.000000000000000000, 0.000000000000000000, -1.000000000000000000 ) ) ;
#1718 = DIRECTION ( 'NONE',  ( 0.000000000000000000, 0.000000000000000000, -1.000000000000000000 ) ) ;
#1719 = EDGE_LOOP ( 'NONE', ( #384, #1034, #1720, #1302, #628, #2549, #466, #2486 ) ) ;
#1720 = ORIENTED_EDGE ( 'NONE', *, *, #2726, .T. ) ;
#1721 = LINE ( 'NONE', #2878, #642 ) ;
#1722 = STYLED_ITEM ( 'NONE', ( #1079 ), #1697 ) ;
#1723 = ORIENTED_EDGE ( 'NONE', *, *, #1234, .F. ) ;
#1724 = DIRECTION ( 'NONE',  ( 0.000000000000000000, -1.000000000000000000, -2.168404344971008079E-15 ) ) ;
#1725 = COLOUR_RGB ( '',0.2509803921568627416, 0.2509803921568627416, 0.2509803921568627416 ) ;
#1726 = STYLED_ITEM ( 'NONE', ( #195 ), #3432 ) ;
#1727 = VERTEX_POINT ( 'NONE', #2577 ) ;
#1728 = CARTESIAN_POINT ( 'NONE',  ( -0.9500000000000001776, -0.5999999999999999778, -0.2500000000000000000 ) ) ;
#1729 = AXIS2_PLACEMENT_3D ( 'NONE', #1568, #745, #426 ) ;
#1730 = EDGE_CURVE ( 'NONE', #590, #1551, #3136, .T. ) ;
#1731 = SURFACE_STYLE_USAGE ( .BOTH. , #826 ) ;
#1732 = FACE_OUTER_BOUND ( 'NONE', #508, .T. ) ;
#1733 = DIRECTION ( 'NONE',  ( 0.000000000000000000, -1.000000000000000000, 0.000000000000000000 ) ) ;
#1734 = SURFACE_STYLE_USAGE ( .BOTH. , #569 ) ;
#1735 = AXIS2_PLACEMENT_3D ( 'NONE', #725, #1602, #3555 ) ;
#1736 = EDGE_CURVE ( 'NONE', #1694, #741, #3717, .T. ) ;
#1737 = SPHERICAL_SURFACE ( 'NONE', #3309, 0.05000000000000000278 ) ;
#1738 = ORIENTED_EDGE ( 'NONE', *, *, #1475, .F. ) ;
#1739 = ORIENTED_EDGE ( 'NONE', *, *, #1011, .T. ) ;
#1740 = CARTESIAN_POINT ( 'NONE',  ( -1.000000000000000222, -0.5500000000000000444, -0.5499999999999999334 ) ) ;
#1741 = DIRECTION ( 'NONE',  ( -0.000000000000000000, 1.000000000000000000, -0.000000000000000000 ) ) ;
#1742 = ORIENTED_EDGE ( 'NONE', *, *, #3701, .T. ) ;
#1743 = CARTESIAN_POINT ( 'NONE',  ( 0.5999999999999999778, -0.5500000000000000444, -0.5999999999999999778 ) ) ;
#1744 = SURFACE_SIDE_STYLE ('',( #579 ) ) ;
#1745 = PLANE ( 'NONE',  #191 ) ;
#1746 = ORIENTED_EDGE ( 'NONE', *, *, #1170, .F. ) ;
#1747 = CARTESIAN_POINT ( 'NONE',  ( -0.5499999999999997113, -0.4299999999999999378, 0.5499999999999998224 ) ) ;
#1748 = COLOUR_RGB ( '',0.2509803921568627416, 0.2509803921568627416, 0.2509803921568627416 ) ;
#1749 = CYLINDRICAL_SURFACE ( 'NONE', #3071, 0.05000000000000002359 ) ;
#1750 = AXIS2_PLACEMENT_3D ( 'NONE', #3727, #3092, #1118 ) ;
#1751 = MECHANICAL_DESIGN_GEOMETRIC_PRESENTATION_REPRESENTATION (  '', ( #473 ), #664 ) ;
#1752 =( NAMED_UNIT ( * ) PLANE_ANGLE_UNIT ( ) SI_UNIT ( $, .RADIAN. ) );
#1753 = DIRECTION ( 'NONE',  ( 1.000000000000000000, 0.000000000000000000, -0.000000000000000000 ) ) ;
#1754 = DIRECTION ( 'NONE',  ( 2.168404344971008079E-15, 1.000000000000000000, 0.000000000000000000 ) ) ;
#1755 = ADVANCED_FACE ( 'NONE', ( #234 ), #562, .T. ) ;
#1756 = ORIENTED_EDGE ( 'NONE', *, *, #842, .F. ) ;
#1757 = ORIENTED_EDGE ( 'NONE', *, *, #3212, .T. ) ;
#1758 = EDGE_LOOP ( 'NONE', ( #1767, #765, #8, #914 ) ) ;
#1759 = SURFACE_SIDE_STYLE ('',( #1205 ) ) ;
#1760 = ORIENTED_EDGE ( 'NONE', *, *, #3393, .T. ) ;
#1761 = CIRCLE ( 'NONE', #3161, 0.05000000000000002359 ) ;
#1762 = DIRECTION ( 'NONE',  ( 1.000000000000000000, -0.000000000000000000, -0.000000000000000000 ) ) ;
#1763 = DIRECTION ( 'NONE',  ( -1.000000000000000000, 0.000000000000000000, -0.000000000000000000 ) ) ;
#1764 =( NAMED_UNIT ( * ) PLANE_ANGLE_UNIT ( ) SI_UNIT ( $, .RADIAN. ) );
#1765 = SURFACE_STYLE_FILL_AREA ( #3229 ) ;
#1766 = ORIENTED_EDGE ( 'NONE', *, *, #3681, .F. ) ;
#1767 = ORIENTED_EDGE ( 'NONE', *, *, #1399, .T. ) ;
#1768 = UNCERTAINTY_MEASURE_WITH_UNIT (LENGTH_MEASURE( 1.000000000000000082E-05 ), #2605, 'distance_accuracy_value', 'NONE');
#1769 = DIRECTION ( 'NONE',  ( -1.000000000000000000, 0.000000000000000000, 0.000000000000000000 ) ) ;
#1770 = AXIS2_PLACEMENT_3D ( 'NONE', #1439, #1114, #847 ) ;
#1771 = EDGE_CURVE ( 'NONE', #2473, #1233, #377, .T. ) ;
#1772 = ADVANCED_FACE ( 'NONE', ( #824 ), #1989, .T. ) ;
#1773 = DIRECTION ( 'NONE',  ( 1.000000000000000000, 0.000000000000000000, 0.000000000000000000 ) ) ;
#1774 = ORIENTED_EDGE ( 'NONE', *, *, #886, .F. ) ;
#1775 = VECTOR ( 'NONE', #277, 1000.000000000000000 ) ;
#1776 = LINE ( 'NONE', #3538, #1336 ) ;
#1777 = CARTESIAN_POINT ( 'NONE',  ( -0.9500000000000001776, -0.5500000000000000444, -0.5999999999999999778 ) ) ;
#1778 = DIRECTION ( 'NONE',  ( 0.000000000000000000, 0.000000000000000000, 1.000000000000000000 ) ) ;
#1779 = MECHANICAL_DESIGN_GEOMETRIC_PRESENTATION_REPRESENTATION (  '', ( #1292 ), #620 ) ;
#1780 = CARTESIAN_POINT ( 'NONE',  ( 0.5999999999999998668, -0.4299999999999999378, -0.1999999999999999278 ) ) ;
#1781 = ORIENTED_EDGE ( 'NONE', *, *, #913, .F. ) ;
#1782 = DIRECTION ( 'NONE',  ( -0.000000000000000000, -1.000000000000000000, 0.000000000000000000 ) ) ;
#1783 = VECTOR ( 'NONE', #1503, 1000.000000000000000 ) ;
#1784 = STYLED_ITEM ( 'NONE', ( #3748 ), #3189 ) ;
#1785 = CIRCLE ( 'NONE', #746, 0.05000000000000002359 ) ;
#1786 = LINE ( 'NONE', #2405, #779 ) ;
#1787 = CARTESIAN_POINT ( 'NONE',  ( 0.5499999999999999334, -0.5499999999999999334, 0.5499999999999998224 ) ) ;
#1788 = AXIS2_PLACEMENT_3D ( 'NONE', #3494, #2981, #310 ) ;
#1789 = DIRECTION ( 'NONE',  ( -0.000000000000000000, 0.000000000000000000, 1.000000000000000000 ) ) ;
#1790 = ORIENTED_EDGE ( 'NONE', *, *, #2000, .T. ) ;
#1791 = PRESENTATION_LAYER_ASSIGNMENT (  '', '', ( #138 ) ) ;
#1792 = VERTEX_POINT ( 'NONE', #546 ) ;
#1793 = AXIS2_PLACEMENT_3D ( 'NONE', #1902, #463, #692 ) ;
#1794 = PRESENTATION_STYLE_ASSIGNMENT (( #1147 ) ) ;
#1795 = ORIENTED_EDGE ( 'NONE', *, *, #88, .T. ) ;
#1796 = CARTESIAN_POINT ( 'NONE',  ( 0.9499999999999996225, -0.4299999999999999378, 0.2499999999999999445 ) ) ;
#1797 = CARTESIAN_POINT ( 'NONE',  ( -0.9500000000000001776, -0.5499999999999999334, -0.2500000000000000000 ) ) ;
#1798 = EDGE_CURVE ( 'NONE', #536, #1006, #3188, .T. ) ;
#1799 = ORIENTED_EDGE ( 'NONE', *, *, #1998, .T. ) ;
#1800 = EDGE_CURVE ( 'NONE', #1551, #3634, #2070, .T. ) ;
#1801 = DIRECTION ( 'NONE',  ( 0.000000000000000000, -1.000000000000000000, -0.000000000000000000 ) ) ;
#1802 = CARTESIAN_POINT ( 'NONE',  ( 0.5999999999999999778, -0.5999999999999999778, 0.5499999999999999334 ) ) ;
#1803 = DIRECTION ( 'NONE',  ( -2.168404344971007685E-15, 1.000000000000000000, 0.000000000000000000 ) ) ;
#1804 = ADVANCED_FACE ( 'NONE', ( #1420 ), #3739, .T. ) ;
#1805 = DIRECTION ( 'NONE',  ( -0.000000000000000000, -1.000000000000000000, -2.710505431213761578E-16 ) ) ;
#1806 =( GEOMETRIC_REPRESENTATION_CONTEXT ( 3 ) GLOBAL_UNCERTAINTY_ASSIGNED_CONTEXT ( ( #320 ) ) GLOBAL_UNIT_ASSIGNED_CONTEXT ( ( #3250, #2649, #1202 ) ) REPRESENTATION_CONTEXT ( 'NONE', 'WORKASPACE' ) );
#1808 = VERTEX_POINT ( 'NONE', #1728 ) ;
#1807 = AXIS2_PLACEMENT_3D ( 'NONE', #2173, #1607, #3351 ) ;
#1809 = CARTESIAN_POINT ( 'NONE',  ( -0.5499999999999998224, 0.2999999999999999889, -0.3999999999999998557 ) ) ;
#1810 = PRESENTATION_LAYER_ASSIGNMENT (  '', '', ( #2967 ) ) ;
#1811 = DIRECTION ( 'NONE',  ( 2.168404344971008868E-15, 0.000000000000000000, 1.000000000000000000 ) ) ;
#1812 = ORIENTED_EDGE ( 'NONE', *, *, #232, .F. ) ;
#1813 = DIRECTION ( 'NONE',  ( 0.000000000000000000, -1.000000000000000000, -0.000000000000000000 ) ) ;
#1814 = DIRECTION ( 'NONE',  ( 1.000000000000000000, 2.168404344971007685E-15, 0.000000000000000000 ) ) ;
#1815 = CARTESIAN_POINT ( 'NONE',  ( 0.5499999999999999334, -0.3999999999999999667, -0.1999999999999999278 ) ) ;
#1816 = DIRECTION ( 'NONE',  ( 0.000000000000000000, 0.000000000000000000, 1.000000000000000000 ) ) ;
#1817 = ORIENTED_EDGE ( 'NONE', *, *, #2187, .T. ) ;
#1818 = DIRECTION ( 'NONE',  ( 0.000000000000000000, 0.000000000000000000, -1.000000000000000000 ) ) ;
#1819 = LINE ( 'NONE', #2695, #1255 ) ;
#1820 = EDGE_CURVE ( 'NONE', #3509, #1830, #582, .T. ) ;
#1821 = DIRECTION ( 'NONE',  ( -1.000000000000000000, -0.000000000000000000, 0.000000000000000000 ) ) ;
#1822 = CARTESIAN_POINT ( 'NONE',  ( 0.9999999999999997780, -0.3999999999999999667, -0.1999999999999999278 ) ) ;
#1823 = DIRECTION ( 'NONE',  ( 0.000000000000000000, -0.000000000000000000, -1.000000000000000000 ) ) ;
#1824 = VECTOR ( 'NONE', #653, 1000.000000000000000 ) ;
#1825 = VECTOR ( 'NONE', #2951, 1000.000000000000000 ) ;
#1826 = ORIENTED_EDGE ( 'NONE', *, *, #2638, .T. ) ;
#1827 = DIRECTION ( 'NONE',  ( -0.000000000000000000, -1.000000000000000000, -2.168404344971009262E-15 ) ) ;
#1828 = UNCERTAINTY_MEASURE_WITH_UNIT (LENGTH_MEASURE( 1.000000000000000082E-05 ), #521, 'distance_accuracy_value', 'NONE');
#1829 = CARTESIAN_POINT ( 'NONE',  ( -0.9500000000000001776, -0.5499999999999999334, -0.2500000000000000000 ) ) ;
#1830 = VERTEX_POINT ( 'NONE', #1747 ) ;
#1831 = CARTESIAN_POINT ( 'NONE',  ( -0.5999999999999997558, -0.5499999999999999334, -0.5499999999999999334 ) ) ;
#1832 = DIRECTION ( 'NONE',  ( 0.000000000000000000, 1.000000000000000000, 2.710505431213761578E-16 ) ) ;
#1833 = LINE ( 'NONE', #2054, #806 ) ;
#1834 = SURFACE_STYLE_USAGE ( .BOTH. , #2400 ) ;
#1835 = VERTEX_POINT ( 'NONE', #1361 ) ;
#1836 = CYLINDRICAL_SURFACE ( 'NONE', #1141, 0.05000000000000002359 ) ;
#1837 = SPHERICAL_SURFACE ( 'NONE', #801, 0.05000000000000000278 ) ;
#1838 = LINE ( 'NONE', #1518, #1509 ) ;
#1839 = CARTESIAN_POINT ( 'NONE',  ( 0.9499999999999997335, -0.5999999999999999778, 0.5999999999999999778 ) ) ;
#1840 = DIRECTION ( 'NONE',  ( 0.000000000000000000, -1.000000000000000000, 0.000000000000000000 ) ) ;
#1841 = AXIS2_PLACEMENT_3D ( 'NONE', #1603, #165, #144 ) ;
#1842 = ADVANCED_FACE ( 'NONE', ( #2077 ), #679, .T. ) ;
#1843 = MECHANICAL_DESIGN_GEOMETRIC_PRESENTATION_REPRESENTATION (  '', ( #864 ), #3541 ) ;
#1844 = VERTEX_POINT ( 'NONE', #1478 ) ;
#1845 = ADVANCED_FACE ( 'NONE', ( #902 ), #3544, .F. ) ;
#1846 = EDGE_CURVE ( 'NONE', #2720, #3730, #2365, .T. ) ;
#1847 = CYLINDRICAL_SURFACE ( 'NONE', #951, 0.05000000000000002359 ) ;
#1848 = VECTOR ( 'NONE', #1651, 1000.000000000000000 ) ;
#1849 = AXIS2_PLACEMENT_3D ( 'NONE', #674, #3033, #1565 ) ;
#1850 = ORIENTED_EDGE ( 'NONE', *, *, #3654, .F. ) ;
#1851 = LINE ( 'NONE', #2223, #3706 ) ;
#1852 = DIRECTION ( 'NONE',  ( -2.168404344971008868E-15, 0.000000000000000000, -1.000000000000000000 ) ) ;
#1853 = DIRECTION ( 'NONE',  ( 0.000000000000000000, -1.000000000000000000, 0.000000000000000000 ) ) ;
#1854 = ORIENTED_EDGE ( 'NONE', *, *, #1692, .T. ) ;
#1855 = CARTESIAN_POINT ( 'NONE',  ( -1.000000000000000222, -0.4299999999999999378, 0.5999999999999999778 ) ) ;
#1856 = CARTESIAN_POINT ( 'NONE',  ( 0.5499999999999998224, -0.4299999999999999378, -0.5999999999999999778 ) ) ;
#1857 = MECHANICAL_DESIGN_GEOMETRIC_PRESENTATION_REPRESENTATION (  '', ( #1187 ), #2833 ) ;
#1858 = DIRECTION ( 'NONE',  ( 1.000000000000000000, 0.000000000000000000, 0.000000000000000000 ) ) ;
#1859 = EDGE_LOOP ( 'NONE', ( #2603, #122, #1012, #1575 ) ) ;
#1860 = PRESENTATION_STYLE_ASSIGNMENT (( #397 ) ) ;
#1861 = PLANE ( 'NONE',  #2870 ) ;
#1862 = ORIENTED_EDGE ( 'NONE', *, *, #3280, .F. ) ;
#1863 = DIRECTION ( 'NONE',  ( -0.000000000000000000, -0.000000000000000000, 1.000000000000000000 ) ) ;
#1864 = ADVANCED_FACE ( 'NONE', ( #2639 ), #643, .T. ) ;
#1865 = STYLED_ITEM ( 'NONE', ( #857 ), #1149 ) ;
#1866 = PRESENTATION_LAYER_ASSIGNMENT (  '', '', ( #2593 ) ) ;
#1867 = EDGE_LOOP ( 'NONE', ( #1980, #3170, #1993, #2361 ) ) ;
#1868 = ORIENTED_EDGE ( 'NONE', *, *, #2940, .F. ) ;
#1869 = VERTEX_POINT ( 'NONE', #1497 ) ;
#1870 = CARTESIAN_POINT ( 'NONE',  ( -0.9500000000000001776, -0.5500000000000000444, 0.5999999999999999778 ) ) ;
#1871 = DIRECTION ( 'NONE',  ( -1.000000000000000000, 0.000000000000000000, -0.000000000000000000 ) ) ;
#1872 = ORIENTED_EDGE ( 'NONE', *, *, #2372, .T. ) ;
#1873 = LINE ( 'NONE', #1310, #1519 ) ;
#1874 = FILL_AREA_STYLE_COLOUR ( '', #3645 ) ;
#1875 = STYLED_ITEM ( 'NONE', ( #3528 ), #209 ) ;
#1876 = VECTOR ( 'NONE', #953, 1000.000000000000000 ) ;
#1877 = FACE_OUTER_BOUND ( 'NONE', #2046, .T. ) ;
#1878 = AXIS2_PLACEMENT_3D ( 'NONE', #2179, #719, #1311 ) ;
#1879 = VERTEX_POINT ( 'NONE', #3559 ) ;
#1880 = VERTEX_POINT ( 'NONE', #2945 ) ;
#1881 = ADVANCED_FACE ( 'NONE', ( #1458 ), #944, .F. ) ;
#1882 = ADVANCED_FACE ( 'NONE', ( #2093 ), #3257, .T. ) ;
#1883 = LINE ( 'NONE', #535, #3530 ) ;
#1884 = ORIENTED_EDGE ( 'NONE', *, *, #480, .F. ) ;
#1885 = DIRECTION ( 'NONE',  ( 1.000000000000000000, 0.000000000000000000, -0.000000000000000000 ) ) ;
#1886 = FILL_AREA_STYLE_COLOUR ( '', #2439 ) ;
#1887 = EDGE_CURVE ( 'NONE', #2818, #1317, #2557, .T. ) ;
#1888 = FACE_OUTER_BOUND ( 'NONE', #2045, .T. ) ;
#1889 = ORIENTED_EDGE ( 'NONE', *, *, #3699, .F. ) ;
#1890 = SURFACE_SIDE_STYLE ('',( #736 ) ) ;
#1891 = PLANE ( 'NONE',  #1656 ) ;
#1892 = AXIS2_PLACEMENT_3D ( 'NONE', #2616, #3491, #334 ) ;
#1893 = DIRECTION ( 'NONE',  ( 0.000000000000000000, 0.000000000000000000, 1.000000000000000000 ) ) ;
#1894 = VECTOR ( 'NONE', #148, 1000.000000000000000 ) ;
#1895 = AXIS2_PLACEMENT_3D ( 'NONE', #1797, #955, #34 ) ;
#1896 = EDGE_LOOP ( 'NONE', ( #539, #3691, #2408, #2977 ) ) ;
#1897 = FILL_AREA_STYLE_COLOUR ( '', #1438 ) ;
#1898 = CARTESIAN_POINT ( 'NONE',  ( -0.9500000000000001776, 0.5999999999999999778, 0.5999999999999999778 ) ) ;
#1899 = CIRCLE ( 'NONE', #931, 0.09999999999999999167 ) ;
#1900 = ORIENTED_EDGE ( 'NONE', *, *, #2891, .T. ) ;
#1901 = AXIS2_PLACEMENT_3D ( 'NONE', #507, #3737, #3390 ) ;
#1902 = CARTESIAN_POINT ( 'NONE',  ( 0.5999999999999998668, -0.3999999999999999112, 0.5499999999999998224 ) ) ;
#1903 =( LENGTH_UNIT ( ) NAMED_UNIT ( * ) SI_UNIT ( .MILLI., .METRE. ) );
#1904 = DIRECTION ( 'NONE',  ( 0.000000000000000000, 0.000000000000000000, -1.000000000000000000 ) ) ;
#1905 = ORIENTED_EDGE ( 'NONE', *, *, #3699, .T. ) ;
#1906 = DIRECTION ( 'NONE',  ( 0.000000000000000000, -1.000000000000000000, 0.000000000000000000 ) ) ;
#1907 = LINE ( 'NONE', #3353, #1696 ) ;
#1908 = VECTOR ( 'NONE', #2087, 1000.000000000000000 ) ;
#1909 = DIRECTION ( 'NONE',  ( 0.000000000000000000, -1.000000000000000000, 0.000000000000000000 ) ) ;
#1910 = EDGE_CURVE ( 'NONE', #1792, #3426, #2377, .T. ) ;
#1911 = EDGE_CURVE ( 'NONE', #1527, #3198, #372, .T. ) ;
#1912 = ORIENTED_EDGE ( 'NONE', *, *, #88, .F. ) ;
#1913 = LINE ( 'NONE', #116, #1038 ) ;
#1914 = DIRECTION ( 'NONE',  ( 0.000000000000000000, -1.000000000000000000, -0.000000000000000000 ) ) ;
#1915 = EDGE_CURVE ( 'NONE', #1145, #3403, #1047, .T. ) ;
#1916 = PLANE ( 'NONE',  #2922 ) ;
#1917 = FACE_OUTER_BOUND ( 'NONE', #2151, .T. ) ;
#1918 = DIRECTION ( 'NONE',  ( 1.000000000000000000, 0.000000000000000000, 0.000000000000000000 ) ) ;
#1919 = ORIENTED_EDGE ( 'NONE', *, *, #1238, .T. ) ;
#1920 = ORIENTED_EDGE ( 'NONE', *, *, #2068, .F. ) ;
#1921 = CARTESIAN_POINT ( 'NONE',  ( 0.5999999999999998668, -0.3999999999999990785, 0.1999999999999999556 ) ) ;
#1922 = PLANE ( 'NONE',  #2814 ) ;
#1923 = VECTOR ( 'NONE', #1029, 1000.000000000000000 ) ;
#1924 = MECHANICAL_DESIGN_GEOMETRIC_PRESENTATION_REPRESENTATION (  '', ( #3206 ), #284 ) ;
#1925 = ORIENTED_EDGE ( 'NONE', *, *, #1798, .T. ) ;
#1926 = PRESENTATION_STYLE_ASSIGNMENT (( #149 ) ) ;
#1927 = LINE ( 'NONE', #1094, #631 ) ;
#1928 = ORIENTED_EDGE ( 'NONE', *, *, #1978, .T. ) ;
#1929 = DIRECTION ( 'NONE',  ( -0.000000000000000000, 0.000000000000000000, 1.000000000000000000 ) ) ;
#1930 = EDGE_CURVE ( 'NONE', #297, #1880, #1537, .T. ) ;
#1931 = DIRECTION ( 'NONE',  ( -0.000000000000000000, -1.000000000000000000, 0.000000000000000000 ) ) ;
#1932 = EDGE_CURVE ( 'NONE', #1727, #2241, #2014, .T. ) ;
#1933 = PRESENTATION_STYLE_ASSIGNMENT (( #1511 ) ) ;
#1934 = ORIENTED_EDGE ( 'NONE', *, *, #3443, .T. ) ;
#1935 = SPHERICAL_SURFACE ( 'NONE', #606, 0.05000000000000000278 ) ;
#1936 = DIRECTION ( 'NONE',  ( 0.000000000000000000, 1.000000000000000000, 0.000000000000000000 ) ) ;
#1937 = ADVANCED_FACE ( 'NONE', ( #2978 ), #2694, .F. ) ;
#1938 = DIRECTION ( 'NONE',  ( 0.000000000000000000, 0.000000000000000000, -1.000000000000000000 ) ) ;
#1939 = ORIENTED_EDGE ( 'NONE', *, *, #2021, .T. ) ;
#1940 = VERTEX_POINT ( 'NONE', #2192 ) ;
#1941 = FILL_AREA_STYLE_COLOUR ( '', #2334 ) ;
#1942 = STYLED_ITEM ( 'NONE', ( #2252 ), #1448 ) ;
#1943 = PLANE ( 'NONE',  #2757 ) ;
#1944 = ORIENTED_EDGE ( 'NONE', *, *, #62, .T. ) ;
#1945 = DIRECTION ( 'NONE',  ( 0.000000000000000000, 0.000000000000000000, -1.000000000000000000 ) ) ;
#1946 = UNCERTAINTY_MEASURE_WITH_UNIT (LENGTH_MEASURE( 1.000000000000000082E-05 ), #289, 'distance_accuracy_value', 'NONE');
#1947 = CARTESIAN_POINT ( 'NONE',  ( -1.000000000000000222, 0.5999999999999999778, 0.5499999999999999334 ) ) ;
#1948 = EDGE_LOOP ( 'NONE', ( #2020, #2803, #483, #1738 ) ) ;
#1949 = DIRECTION ( 'NONE',  ( 0.000000000000000000, 0.000000000000000000, -1.000000000000000000 ) ) ;
#1950 = CARTESIAN_POINT ( 'NONE',  ( -0.5499999999999998224, -0.2999999999999999889, -0.4999999999999998890 ) ) ;
#1951 =( GEOMETRIC_REPRESENTATION_CONTEXT ( 3 ) GLOBAL_UNCERTAINTY_ASSIGNED_CONTEXT ( ( #1559 ) ) GLOBAL_UNIT_ASSIGNED_CONTEXT ( ( #3410, #1113, #3682 ) ) REPRESENTATION_CONTEXT ( 'NONE', 'WORKASPACE' ) );
#1952 = AXIS2_PLACEMENT_3D ( 'NONE', #1280, #2543, #1301 ) ;
#1953 = CARTESIAN_POINT ( 'NONE',  ( 0.9999999999999997780, -0.4299999999999999378, 0.5999999999999999778 ) ) ;
#1954 =( NAMED_UNIT ( * ) SI_UNIT ( $, .STERADIAN. ) SOLID_ANGLE_UNIT ( ) );
#1955 = AXIS2_PLACEMENT_3D ( 'NONE', #2456, #1055, #1019 ) ;
#1956 = EDGE_CURVE ( 'NONE', #875, #1551, #3316, .T. ) ;
#1957 = EDGE_CURVE ( 'NONE', #2759, #3453, #2622, .T. ) ;
#1958 = ORIENTED_EDGE ( 'NONE', *, *, #2021, .F. ) ;
#1959 = VECTOR ( 'NONE', #1805, 1000.000000000000000 ) ;
#1960 = PRESENTATION_STYLE_ASSIGNMENT (( #1125 ) ) ;
#1961 = VECTOR ( 'NONE', #3488, 1000.000000000000000 ) ;
#1962 = DIRECTION ( 'NONE',  ( 0.000000000000000000, 0.000000000000000000, 1.000000000000000000 ) ) ;
#1963 =( NAMED_UNIT ( * ) SI_UNIT ( $, .STERADIAN. ) SOLID_ANGLE_UNIT ( ) );
#1964 = ORIENTED_EDGE ( 'NONE', *, *, #1479, .F. ) ;
#1965 = CARTESIAN_POINT ( 'NONE',  ( -0.5999999999999997558, -0.5499999999999999334, 0.2499999999999998890 ) ) ;
#1966 = VECTOR ( 'NONE', #2176, 1000.000000000000000 ) ;
#1967 = ORIENTED_EDGE ( 'NONE', *, *, #3402, .T. ) ;
#1968 =( GEOMETRIC_REPRESENTATION_CONTEXT ( 3 ) GLOBAL_UNCERTAINTY_ASSIGNED_CONTEXT ( ( #228 ) ) GLOBAL_UNIT_ASSIGNED_CONTEXT ( ( #2652, #3771, #919 ) ) REPRESENTATION_CONTEXT ( 'NONE', 'WORKASPACE' ) );
#1969 = DIRECTION ( 'NONE',  ( -0.000000000000000000, 1.000000000000000000, 0.000000000000000000 ) ) ;
#1970 = CIRCLE ( 'NONE', #332, 0.05000000000000002359 ) ;
#1971 = LINE ( 'NONE', #1098, #3358 ) ;
#1972 = PRESENTATION_STYLE_ASSIGNMENT (( #865 ) ) ;
#1973 =( NAMED_UNIT ( * ) SI_UNIT ( $, .STERADIAN. ) SOLID_ANGLE_UNIT ( ) );
#1974 = CARTESIAN_POINT ( 'NONE',  ( 0.5999999999999998668, -0.4299999999999999378, 0.2499999999999998890 ) ) ;
#1975 = FILL_AREA_STYLE ('',( #180 ) ) ;
#1976 = ORIENTED_EDGE ( 'NONE', *, *, #131, .T. ) ;
#1977 = ORIENTED_EDGE ( 'NONE', *, *, #2802, .F. ) ;
#1978 = EDGE_CURVE ( 'NONE', #1286, #1256, #699, .T. ) ;
#1979 = EDGE_CURVE ( 'NONE', #815, #2435, #2475, .T. ) ;
#1980 = ORIENTED_EDGE ( 'NONE', *, *, #1424, .T. ) ;
#1981 = CARTESIAN_POINT ( 'NONE',  ( -0.9500000000000001776, -0.4299999999999999378, 0.1999999999999999556 ) ) ;
#1982 = DIRECTION ( 'NONE',  ( -0.000000000000000000, 1.000000000000000000, 0.000000000000000000 ) ) ;
#1983 = UNCERTAINTY_MEASURE_WITH_UNIT (LENGTH_MEASURE( 1.000000000000000082E-05 ), #248, 'distance_accuracy_value', 'NONE');
#1984 = FILL_AREA_STYLE_COLOUR ( '', #1725 ) ;
#1985 = VECTOR ( 'NONE', #1936, 1000.000000000000000 ) ;
#1986 = CARTESIAN_POINT ( 'NONE',  ( 0.5999999999999999778, -0.5999999999999999778, -0.5499999999999999334 ) ) ;
#1987 = MECHANICAL_DESIGN_GEOMETRIC_PRESENTATION_REPRESENTATION (  '', ( #2349 ), #2843 ) ;
#1988 = VERTEX_POINT ( 'NONE', #749 ) ;
#1989 = CYLINDRICAL_SURFACE ( 'NONE', #1593, 0.04999999999999999584 ) ;
#1990 = FACE_OUTER_BOUND ( 'NONE', #2181, .T. ) ;
#1991 = DIRECTION ( 'NONE',  ( 0.000000000000000000, 0.000000000000000000, -1.000000000000000000 ) ) ;
#1992 = ORIENTED_EDGE ( 'NONE', *, *, #1051, .T. ) ;
#1993 = ORIENTED_EDGE ( 'NONE', *, *, #3493, .F. ) ;
#1994 = SURFACE_SIDE_STYLE ('',( #3128 ) ) ;
#1995 = CARTESIAN_POINT ( 'NONE',  ( 0.9499999999999996225, 0.5999999999999999778, -0.5999999999999999778 ) ) ;
#1996 = DIRECTION ( 'NONE',  ( 0.000000000000000000, -1.000000000000000000, -2.168404344971008079E-15 ) ) ;
#1997 = EDGE_LOOP ( 'NONE', ( #752, #2320, #3553 ) ) ;
#1998 = EDGE_CURVE ( 'NONE', #2241, #2595, #468, .T. ) ;
#1999 = DIRECTION ( 'NONE',  ( -0.000000000000000000, 1.000000000000000000, -0.000000000000000000 ) ) ;
#2000 = EDGE_CURVE ( 'NONE', #2595, #890, #3119, .T. ) ;
#2001 = CYLINDRICAL_SURFACE ( 'NONE', #3063, 0.04999999999999999584 ) ;
#2002 = CIRCLE ( 'NONE', #908, 0.04999999999999999584 ) ;
#2003 =( NAMED_UNIT ( * ) SI_UNIT ( $, .STERADIAN. ) SOLID_ANGLE_UNIT ( ) );
#2004 = PRESENTATION_LAYER_ASSIGNMENT (  '', '', ( #731 ) ) ;
#2005 = ORIENTED_EDGE ( 'NONE', *, *, #3376, .T. ) ;
#2006 = EDGE_CURVE ( 'NONE', #3756, #2373, #3081, .T. ) ;
#2007 = SURFACE_STYLE_USAGE ( .BOTH. , #2249 ) ;
#2008 = LINE ( 'NONE', #217, #3114 ) ;
#2009 = CYLINDRICAL_SURFACE ( 'NONE', #298, 0.05000000000000002359 ) ;
#2010 = LINE ( 'NONE', #907, #2628 ) ;
#2011 = DIRECTION ( 'NONE',  ( 1.000000000000000000, 0.000000000000000000, 0.000000000000000000 ) ) ;
#2012 = ORIENTED_EDGE ( 'NONE', *, *, #40, .F. ) ;
#2013 = ORIENTED_EDGE ( 'NONE', *, *, #20, .T. ) ;
#2014 = CIRCLE ( 'NONE', #2993, 0.05000000000000002359 ) ;
#2015 = ORIENTED_EDGE ( 'NONE', *, *, #763, .T. ) ;
#2016 = CARTESIAN_POINT ( 'NONE',  ( 0.5999999999999999778, -0.5499999999999999334, -0.1999999999999999556 ) ) ;
#2017 = AXIS2_PLACEMENT_3D ( 'NONE', #1474, #3252, #655 ) ;
#2018 = DIRECTION ( 'NONE',  ( 2.168404344971008079E-15, 0.000000000000000000, 1.000000000000000000 ) ) ;
#2019 = VECTOR ( 'NONE', #1741, 1000.000000000000000 ) ;
#2020 = ORIENTED_EDGE ( 'NONE', *, *, #3154, .F. ) ;
#2021 = EDGE_CURVE ( 'NONE', #2754, #741, #987, .T. ) ;
#2022 = DIRECTION ( 'NONE',  ( 0.000000000000000000, 0.000000000000000000, -1.000000000000000000 ) ) ;
#2023 = VECTOR ( 'NONE', #3729, 1000.000000000000000 ) ;
#2024 = PRESENTATION_LAYER_ASSIGNMENT (  '', '', ( #750 ) ) ;
#2025 =( NAMED_UNIT ( * ) SI_UNIT ( $, .STERADIAN. ) SOLID_ANGLE_UNIT ( ) );
#2026 =( NAMED_UNIT ( * ) PLANE_ANGLE_UNIT ( ) SI_UNIT ( $, .RADIAN. ) );
#2027 = DIRECTION ( 'NONE',  ( 0.000000000000000000, 0.000000000000000000, 1.000000000000000000 ) ) ;
#2028 = DIRECTION ( 'NONE',  ( 0.000000000000000000, 0.000000000000000000, 1.000000000000000000 ) ) ;
#2029 = MECHANICAL_DESIGN_GEOMETRIC_PRESENTATION_REPRESENTATION (  '', ( #3429 ), #1806 ) ;
#2030 = EDGE_CURVE ( 'NONE', #2734, #187, #2626, .T. ) ;
#2031 = VERTEX_POINT ( 'NONE', #1264 ) ;
#2032 = ORIENTED_EDGE ( 'NONE', *, *, #2987, .T. ) ;
#2033 = FILL_AREA_STYLE ('',( #872 ) ) ;
#2034 = ORIENTED_EDGE ( 'NONE', *, *, #956, .T. ) ;
#2035 = PLANE ( 'NONE',  #971 ) ;
#2036 = FILL_AREA_STYLE_COLOUR ( '', #317 ) ;
#2037 = EDGE_LOOP ( 'NONE', ( #104, #1934, #2924, #2944 ) ) ;
#2038 = CARTESIAN_POINT ( 'NONE',  ( -0.5999999999999997558, -0.3999999999999999667, 0.2499999999999998890 ) ) ;
#2039 = VECTOR ( 'NONE', #2909, 1000.000000000000000 ) ;
#2040 = CARTESIAN_POINT ( 'NONE',  ( -1.000000000000000222, -0.3999999999999999667, -0.1999999999999999278 ) ) ;
#2041 = CARTESIAN_POINT ( 'NONE',  ( 0.9999999999999997780, -0.5500000000000000444, 0.1999999999999999833 ) ) ;
#2042 = ADVANCED_FACE ( 'NONE', ( #715 ), #1837, .T. ) ;
#2043 = ADVANCED_FACE ( 'NONE', ( #2491 ), #3658, .T. ) ;
#2044 = SURFACE_STYLE_USAGE ( .BOTH. , #28 ) ;
#2045 = EDGE_LOOP ( 'NONE', ( #1862, #1529, #1633, #2256 ) ) ;
#2046 = EDGE_LOOP ( 'NONE', ( #2861, #3008, #802, #495 ) ) ;
#2047 = ADVANCED_FACE ( 'NONE', ( #3334 ), #2214, .T. ) ;
#2048 = SURFACE_SIDE_STYLE ('',( #893 ) ) ;
#2049 = CYLINDRICAL_SURFACE ( 'NONE', #2634, 0.05000000000000002359 ) ;
#2050 = VERTEX_POINT ( 'NONE', #2713 ) ;
#2051 = DIRECTION ( 'NONE',  ( 0.000000000000000000, -1.000000000000000000, 0.000000000000000000 ) ) ;
#2052 = AXIS2_PLACEMENT_3D ( 'NONE', #2423, #3622, #434 ) ;
#2053 = FILL_AREA_STYLE_COLOUR ( '', #1674 ) ;
#2054 = CARTESIAN_POINT ( 'NONE',  ( 0.5499999999999999334, -0.5500000000000000444, -0.5999999999999999778 ) ) ;
#2055 = DIRECTION ( 'NONE',  ( 1.000000000000000000, 0.000000000000000000, 0.000000000000000000 ) ) ;
#2056 = ORIENTED_EDGE ( 'NONE', *, *, #1353, .F. ) ;
#2057 = CARTESIAN_POINT ( 'NONE',  ( 0.5999999999999999778, -0.5999999999999999778, -0.5999999999999999778 ) ) ;
#2058 = CIRCLE ( 'NONE', #425, 0.05000000000000002359 ) ;
#2059 = DIRECTION ( 'NONE',  ( 0.000000000000000000, -1.000000000000000000, 0.000000000000000000 ) ) ;
#2060 = CARTESIAN_POINT ( 'NONE',  ( -1.000000000000000222, 0.5999999999999999778, 0.5999999999999999778 ) ) ;
#2061 = SURFACE_STYLE_FILL_AREA ( #885 ) ;
#2062 = ORIENTED_EDGE ( 'NONE', *, *, #112, .T. ) ;
#2063 = EDGE_LOOP ( 'NONE', ( #1496, #2973, #2905, #2357 ) ) ;
#2064 = ADVANCED_FACE ( 'NONE', ( #2419 ), #3578, .T. ) ;
#2065 = DIRECTION ( 'NONE',  ( -1.000000000000000000, -0.000000000000000000, 0.000000000000000000 ) ) ;
#2066 = AXIS2_PLACEMENT_3D ( 'NONE', #1699, #568, #2871 ) ;
#2067 =( NAMED_UNIT ( * ) SI_UNIT ( $, .STERADIAN. ) SOLID_ANGLE_UNIT ( ) );
#2068 = EDGE_CURVE ( 'NONE', #3017, #852, #1168, .T. ) ;
#2069 = VERTEX_POINT ( 'NONE', #3101 ) ;
#2070 = CIRCLE ( 'NONE', #2434, 0.05000000000000002359 ) ;
#2071 = CARTESIAN_POINT ( 'NONE',  ( -0.5499999999999997113, -0.5499999999999999334, -0.5999999999999999778 ) ) ;
#2072 =( LENGTH_UNIT ( ) NAMED_UNIT ( * ) SI_UNIT ( .MILLI., .METRE. ) );
#2073 = EDGE_CURVE ( 'NONE', #2248, #299, #2885, .T. ) ;
#2074 = AXIS2_PLACEMENT_3D ( 'NONE', #1433, #782, #2591 ) ;
#2075 = CARTESIAN_POINT ( 'NONE',  ( -0.5999999999999997558, -0.5499999999999999334, -0.1999999999999999556 ) ) ;
#2076 = ORIENTED_EDGE ( 'NONE', *, *, #1525, .F. ) ;
#2077 = FACE_OUTER_BOUND ( 'NONE', #1867, .T. ) ;
#2078 =( GEOMETRIC_REPRESENTATION_CONTEXT ( 3 ) GLOBAL_UNCERTAINTY_ASSIGNED_CONTEXT ( ( #2245 ) ) GLOBAL_UNIT_ASSIGNED_CONTEXT ( ( #2481, #68, #1043 ) ) REPRESENTATION_CONTEXT ( 'NONE', 'WORKASPACE' ) );
#2079 = DIRECTION ( 'NONE',  ( 1.000000000000000000, 2.168404344971007685E-15, 0.000000000000000000 ) ) ;
#2080 = FACE_OUTER_BOUND ( 'NONE', #2651, .T. ) ;
#2081 = DIRECTION ( 'NONE',  ( 0.000000000000000000, -1.000000000000000000, 0.000000000000000000 ) ) ;
#2082 = CARTESIAN_POINT ( 'NONE',  ( -1.000000000000000222, 0.3999999999999999667, -0.5999999999999999778 ) ) ;
#2083 = CARTESIAN_POINT ( 'NONE',  ( 0.5499999999999998224, -0.3999999999999999667, 0.1999999999999999833 ) ) ;
#2084 = ORIENTED_EDGE ( 'NONE', *, *, #231, .F. ) ;
#2085 = VERTEX_POINT ( 'NONE', #2230 ) ;
#2086 = DIRECTION ( 'NONE',  ( 0.000000000000000000, 0.000000000000000000, -1.000000000000000000 ) ) ;
#2087 = DIRECTION ( 'NONE',  ( 5.421010862427523156E-16, -1.000000000000000000, -2.710505431213761578E-16 ) ) ;
#2088 = EDGE_CURVE ( 'NONE', #297, #3074, #251, .T. ) ;
#2089 = LINE ( 'NONE', #2653, #563 ) ;
#2090 = ADVANCED_FACE ( 'NONE', ( #3405 ), #2001, .T. ) ;
#2091 = PLANE ( 'NONE',  #1686 ) ;
#2092 = VERTEX_POINT ( 'NONE', #3678 ) ;
#2093 = FACE_OUTER_BOUND ( 'NONE', #2876, .T. ) ;
#2094 = EDGE_CURVE ( 'NONE', #852, #536, #2531, .T. ) ;
#2095 = FILL_AREA_STYLE ('',( #1425 ) ) ;
#2096 = CARTESIAN_POINT ( 'NONE',  ( -1.000000000000000222, -0.4299999999999999378, 0.5999999999999999778 ) ) ;
#2097 = DIRECTION ( 'NONE',  ( 0.000000000000000000, 0.000000000000000000, 1.000000000000000000 ) ) ;
#2098 = CYLINDRICAL_SURFACE ( 'NONE', #1878, 0.05000000000000002359 ) ;
#2099 = CARTESIAN_POINT ( 'NONE',  ( -1.000000000000000222, -0.3999999999999999667, 0.1999999999999999556 ) ) ;
#2100 = CIRCLE ( 'NONE', #2351, 0.09999999999999999167 ) ;
#2102 = ORIENTED_EDGE ( 'NONE', *, *, #331, .F. ) ;
#2101 = CIRCLE ( 'NONE', #92, 0.09999999999999999167 ) ;
#2103 = CARTESIAN_POINT ( 'NONE',  ( -1.000000000000000222, -0.4299999999999999378, 0.5999999999999999778 ) ) ;
#2104 = ORIENTED_EDGE ( 'NONE', *, *, #3007, .F. ) ;
#2105 = DIRECTION ( 'NONE',  ( 1.000000000000000000, 0.000000000000000000, 0.000000000000000000 ) ) ;
#2106 = CARTESIAN_POINT ( 'NONE',  ( 0.9999999999999997780, -0.4299999999999999378, 0.5499999999999999334 ) ) ;
#2107 = PLANE ( 'NONE',  #1952 ) ;
#2108 = PRESENTATION_LAYER_ASSIGNMENT (  '', '', ( #967 ) ) ;
#2109 = ADVANCED_FACE ( 'NONE', ( #3387 ), #1669, .T. ) ;
#2110 = ORIENTED_EDGE ( 'NONE', *, *, #3392, .T. ) ;
#2111 = FACE_OUTER_BOUND ( 'NONE', #545, .T. ) ;
#2112 = LINE ( 'NONE', #3545, #3627 ) ;
#2113 = CARTESIAN_POINT ( 'NONE',  ( 0.9999999999999997780, 0.5999999999999999778, -0.5500000000000000444 ) ) ;
#2114 = EDGE_CURVE ( 'NONE', #1835, #318, #441, .T. ) ;
#2115 = EDGE_CURVE ( 'NONE', #1663, #2754, #503, .T. ) ;
#2116 = CARTESIAN_POINT ( 'NONE',  ( -1.000000000000000222, 0.5999999999999999778, -0.5500000000000000444 ) ) ;
#2117 = FACE_OUTER_BOUND ( 'NONE', #3215, .T. ) ;
#2118 = MECHANICAL_DESIGN_GEOMETRIC_PRESENTATION_REPRESENTATION (  '', ( #1942 ), #486 ) ;
#2119 = ORIENTED_EDGE ( 'NONE', *, *, #2194, .F. ) ;
#2120 = FACE_OUTER_BOUND ( 'NONE', #717, .T. ) ;
#2121 = UNCERTAINTY_MEASURE_WITH_UNIT (LENGTH_MEASURE( 1.000000000000000082E-05 ), #48, 'distance_accuracy_value', 'NONE');
#2122 = MANIFOLD_SOLID_BREP ( 'Fillet4', #3586 ) ;
#2123 = ORIENTED_EDGE ( 'NONE', *, *, #1265, .T. ) ;
#2124 = CARTESIAN_POINT ( 'NONE',  ( -1.000000000000000222, -0.5500000000000000444, -0.2499999999999998890 ) ) ;
#2125 = DIRECTION ( 'NONE',  ( -0.000000000000000000, 1.000000000000000000, -0.000000000000000000 ) ) ;
#2126 = DIRECTION ( 'NONE',  ( 0.000000000000000000, 0.000000000000000000, -1.000000000000000000 ) ) ;
#2127 = AXIS2_PLACEMENT_3D ( 'NONE', #2130, #2999, #2767 ) ;
#2128 = ORIENTED_EDGE ( 'NONE', *, *, #1373, .F. ) ;
#2129 = PLANE ( 'NONE',  #3626 ) ;
#2130 = CARTESIAN_POINT ( 'NONE',  ( -1.000000000000000222, 0.5999999999999999778, 0.5999999999999999778 ) ) ;
#2131 = CARTESIAN_POINT ( 'NONE',  ( -1.000000000000000222, -0.4299999999999999378, -0.5500000000000000444 ) ) ;
#2132 = PRESENTATION_LAYER_ASSIGNMENT (  '', '', ( #1 ) ) ;
#2133 = CARTESIAN_POINT ( 'NONE',  ( -0.9500000000000001776, -0.5499999999999999334, -0.5499999999999999334 ) ) ;
#2134 = ORIENTED_EDGE ( 'NONE', *, *, #2006, .T. ) ;
#2135 = VECTOR ( 'NONE', #1616, 1000.000000000000000 ) ;
#2136 = DIRECTION ( 'NONE',  ( -0.000000000000000000, -1.000000000000000000, -0.000000000000000000 ) ) ;
#2137 = DIRECTION ( 'NONE',  ( -5.421010862427523156E-16, 1.000000000000000000, 0.000000000000000000 ) ) ;
#2138 = CIRCLE ( 'NONE', #506, 0.05000000000000002359 ) ;
#2139 = EDGE_CURVE ( 'NONE', #3597, #299, #3671, .T. ) ;
#2140 = PRESENTATION_LAYER_ASSIGNMENT (  '', '', ( #1726 ) ) ;
#2141 = CARTESIAN_POINT ( 'NONE',  ( -1.000000000000000222, 0.5999999999999999778, 0.5999999999999999778 ) ) ;
#2142 = ADVANCED_FACE ( 'NONE', ( #654 ), #1514, .T. ) ;
#2143 =( GEOMETRIC_REPRESENTATION_CONTEXT ( 3 ) GLOBAL_UNCERTAINTY_ASSIGNED_CONTEXT ( ( #2551 ) ) GLOBAL_UNIT_ASSIGNED_CONTEXT ( ( #24, #56, #2025 ) ) REPRESENTATION_CONTEXT ( 'NONE', 'WORKASPACE' ) );
#2144 = CIRCLE ( 'NONE', #805, 0.09999999999999999167 ) ;
#2145 = VERTEX_POINT ( 'NONE', #634 ) ;
#2146 = VERTEX_POINT ( 'NONE', #348 ) ;
#2147 = CARTESIAN_POINT ( 'NONE',  ( 0.9999999999999997780, -0.4299999999999999378, 0.5999999999999999778 ) ) ;
#2148 = DIRECTION ( 'NONE',  ( 0.000000000000000000, -1.000000000000000000, 0.000000000000000000 ) ) ;
#2149 = VECTOR ( 'NONE', #555, 1000.000000000000000 ) ;
#2150 = LINE ( 'NONE', #999, #1103 ) ;
#2151 = EDGE_LOOP ( 'NONE', ( #3329, #1128, #2571, #2005 ) ) ;
#2152 = DIRECTION ( 'NONE',  ( -1.000000000000000000, -0.000000000000000000, 0.000000000000000000 ) ) ;
#2153 = CARTESIAN_POINT ( 'NONE',  ( -0.5499999999999997113, -0.3999999999999999667, 0.1999999999999999833 ) ) ;
#2154 =( LENGTH_UNIT ( ) NAMED_UNIT ( * ) SI_UNIT ( .MILLI., .METRE. ) );
#2155 = DIRECTION ( 'NONE',  ( 0.000000000000000000, 0.000000000000000000, -1.000000000000000000 ) ) ;
#2156 = ORIENTED_EDGE ( 'NONE', *, *, #941, .T. ) ;
#2157 = DIRECTION ( 'NONE',  ( -1.000000000000000000, 0.000000000000000000, 0.000000000000000000 ) ) ;
#2158 =( LENGTH_UNIT ( ) NAMED_UNIT ( * ) SI_UNIT ( .MILLI., .METRE. ) );
#2159 = CIRCLE ( 'NONE', #2654, 0.05000000000000002359 ) ;
#2160 = EDGE_CURVE ( 'NONE', #3453, #146, #1472, .T. ) ;
#2161 = ORIENTED_EDGE ( 'NONE', *, *, #2918, .F. ) ;
#2162 = PLANE ( 'NONE',  #1138 ) ;
#2163 = VECTOR ( 'NONE', #1253, 1000.000000000000000 ) ;
#2164 =( GEOMETRIC_REPRESENTATION_CONTEXT ( 3 ) GLOBAL_UNCERTAINTY_ASSIGNED_CONTEXT ( ( #650 ) ) GLOBAL_UNIT_ASSIGNED_CONTEXT ( ( #1552, #2474, #467 ) ) REPRESENTATION_CONTEXT ( 'NONE', 'WORKASPACE' ) );
#2165 = COLOUR_RGB ( '',0.2509803921568627416, 0.2509803921568627416, 0.2509803921568627416 ) ;
#2166 = VERTEX_POINT ( 'NONE', #938 ) ;
#2167 = EDGE_CURVE ( 'NONE', #1940, #490, #2268, .T. ) ;
#2168 = VECTOR ( 'NONE', #3177, 1000.000000000000000 ) ;
#2169 = ORIENTED_EDGE ( 'NONE', *, *, #769, .T. ) ;
#2170 = CARTESIAN_POINT ( 'NONE',  ( -1.000000000000000222, -0.3999999999999999667, -0.1999999999999999278 ) ) ;
#2171 = DIRECTION ( 'NONE',  ( 0.000000000000000000, 0.000000000000000000, -1.000000000000000000 ) ) ;
#2172 = VERTEX_POINT ( 'NONE', #1777 ) ;
#2173 = CARTESIAN_POINT ( 'NONE',  ( -0.5999999999999997558, -0.5499999999999999334, -0.5499999999999999334 ) ) ;
#2174 = DIRECTION ( 'NONE',  ( 0.000000000000000000, 1.000000000000000000, 0.000000000000000000 ) ) ;
#2175 = LINE ( 'NONE', #3335, #36 ) ;
#2176 = DIRECTION ( 'NONE',  ( 5.421010862427523156E-16, -1.000000000000000000, 0.000000000000000000 ) ) ;
#2177 = EDGE_LOOP ( 'NONE', ( #2913, #63, #1600, #968, #2356, #995, #2102, #697 ) ) ;
#2178 = DIRECTION ( 'NONE',  ( -0.000000000000000000, 1.000000000000000000, 0.000000000000000000 ) ) ;
#2179 = CARTESIAN_POINT ( 'NONE',  ( 0.5999999999999998668, -0.3999999999999999112, 0.2499999999999998890 ) ) ;
#2180 = SPHERICAL_SURFACE ( 'NONE', #2203, 0.05000000000000000278 ) ;
#2181 = EDGE_LOOP ( 'NONE', ( #243, #1746, #3314, #2262 ) ) ;
#2182 = CIRCLE ( 'NONE', #1709, 0.05000000000000002359 ) ;
#2183 = CARTESIAN_POINT ( 'NONE',  ( 0.5499999999999998224, -0.4299999999999999378, -0.6009999999999998677 ) ) ;
#2184 = AXIS2_PLACEMENT_3D ( 'NONE', #2060, #602, #1763 ) ;
#2185 = ORIENTED_EDGE ( 'NONE', *, *, #1011, .F. ) ;
#2186 = VERTEX_POINT ( 'NONE', #2323 ) ;
#2187 = EDGE_CURVE ( 'NONE', #244, #2172, #2824, .T. ) ;
#2188 = EDGE_CURVE ( 'NONE', #3730, #1648, #72, .T. ) ;
#2189 =( NAMED_UNIT ( * ) PLANE_ANGLE_UNIT ( ) SI_UNIT ( $, .RADIAN. ) );
#2190 = AXIS2_PLACEMENT_3D ( 'NONE', #3122, #262, #2579 ) ;
#2191 = ORIENTED_EDGE ( 'NONE', *, *, #2568, .F. ) ;
#2192 = CARTESIAN_POINT ( 'NONE',  ( -0.5999999999999997558, -0.5500000000000000444, -0.5999999999999999778 ) ) ;
#2193 =( NAMED_UNIT ( * ) SI_UNIT ( $, .STERADIAN. ) SOLID_ANGLE_UNIT ( ) );
#2194 = EDGE_CURVE ( 'NONE', #520, #815, #2379, .T. ) ;
#2195 = DIRECTION ( 'NONE',  ( -1.000000000000000000, 0.000000000000000000, 0.000000000000000000 ) ) ;
#2196 = ORIENTED_EDGE ( 'NONE', *, *, #3774, .F. ) ;
#2197 = DIRECTION ( 'NONE',  ( -0.000000000000000000, -1.000000000000000000, 0.000000000000000000 ) ) ;
#2198 = AXIS2_PLACEMENT_3D ( 'NONE', #2292, #786, #3454 ) ;
#2199 = CARTESIAN_POINT ( 'NONE',  ( 0.9999999999999997780, -0.4299999999999999378, -0.2499999999999998890 ) ) ;
#2200 =( GEOMETRIC_REPRESENTATION_CONTEXT ( 3 ) GLOBAL_UNCERTAINTY_ASSIGNED_CONTEXT ( ( #1946 ) ) GLOBAL_UNIT_ASSIGNED_CONTEXT ( ( #289, #3406, #543 ) ) REPRESENTATION_CONTEXT ( 'NONE', 'WORKASPACE' ) );
#2201 = DIRECTION ( 'NONE',  ( 0.000000000000000000, -0.000000000000000000, -1.000000000000000000 ) ) ;
#2202 = DIRECTION ( 'NONE',  ( 1.000000000000000000, 0.000000000000000000, -0.000000000000000000 ) ) ;
#2203 = AXIS2_PLACEMENT_3D ( 'NONE', #1829, #2775, #1811 ) ;
#2204 = ORIENTED_EDGE ( 'NONE', *, *, #1213, .T. ) ;
#2205 = EDGE_LOOP ( 'NONE', ( #3013, #1429, #3633 ) ) ;
#2206 = CIRCLE ( 'NONE', #2502, 0.05000000000000002359 ) ;
#2207 = CIRCLE ( 'NONE', #1058, 0.05000000000000002359 ) ;
#2208 = FACE_OUTER_BOUND ( 'NONE', #3338, .T. ) ;
#2209 = DIRECTION ( 'NONE',  ( 0.000000000000000000, -1.000000000000000000, 0.000000000000000000 ) ) ;
#2210 = ORIENTED_EDGE ( 'NONE', *, *, #3398, .F. ) ;
#2211 = EDGE_CURVE ( 'NONE', #96, #1407, #1488, .T. ) ;
#2212 = LINE ( 'NONE', #803, #3749 ) ;
#2213 = EDGE_CURVE ( 'NONE', #1527, #2069, #1242, .T. ) ;
#2214 = SPHERICAL_SURFACE ( 'NONE', #311, 0.05000000000000000278 ) ;
#2215 = VECTOR ( 'NONE', #3053, 1000.000000000000000 ) ;
#2216 = ORIENTED_EDGE ( 'NONE', *, *, #331, .T. ) ;
#2217 = EDGE_CURVE ( 'NONE', #318, #1240, #3539, .T. ) ;
#2218 = SURFACE_STYLE_USAGE ( .BOTH. , #3340 ) ;
#2219 = CARTESIAN_POINT ( 'NONE',  ( 0.5999999999999999778, -0.5499999999999999334, -0.2499999999999999445 ) ) ;
#2220 = MANIFOLD_SOLID_BREP ( 'Fillet1', #1530 ) ;
#2221 = CARTESIAN_POINT ( 'NONE',  ( 0.000000000000000000, -0.4299999999999999378, 0.000000000000000000 ) ) ;
#2222 = ORIENTED_EDGE ( 'NONE', *, *, #1353, .T. ) ;
#2223 = CARTESIAN_POINT ( 'NONE',  ( -1.000000000000000222, -0.4299999999999999378, 0.1999999999999999556 ) ) ;
#2224 = LINE ( 'NONE', #2856, #1985 ) ;
#2225 = DIRECTION ( 'NONE',  ( 5.421010862427523156E-16, -1.000000000000000000, 0.000000000000000000 ) ) ;
#2226 = EDGE_LOOP ( 'NONE', ( #37, #2395, #3345, #2896 ) ) ;
#2227 = AXIS2_PLACEMENT_3D ( 'NONE', #1596, #1274, #381 ) ;
#2228 = ORIENTED_EDGE ( 'NONE', *, *, #2416, .F. ) ;
#2229 = CYLINDRICAL_SURFACE ( 'NONE', #589, 0.05000000000000002359 ) ;
#2230 = CARTESIAN_POINT ( 'NONE',  ( -1.000000000000000222, -0.4299999999999999378, 0.2499999999999999445 ) ) ;
#2231 = DIRECTION ( 'NONE',  ( -0.000000000000000000, 0.000000000000000000, 1.000000000000000000 ) ) ;
#2232 = CARTESIAN_POINT ( 'NONE',  ( -0.5499999999999997113, -0.4299999999999999378, 0.1999999999999999833 ) ) ;
#2233 = ORIENTED_EDGE ( 'NONE', *, *, #2686, .T. ) ;
#2234 = DIRECTION ( 'NONE',  ( 0.000000000000000000, 0.000000000000000000, -1.000000000000000000 ) ) ;
#2235 = CARTESIAN_POINT ( 'NONE',  ( -0.5999999999999997558, -0.4299999999999999378, 0.2499999999999998890 ) ) ;
#2236 = EDGE_CURVE ( 'NONE', #1368, #2241, #1206, .T. ) ;
#2237 = COLOUR_RGB ( '',0.9098039215686274384, 0.4705882352941176405, 0.03137254901960784270 ) ;
#2238 = DIRECTION ( 'NONE',  ( 0.000000000000000000, 1.000000000000000000, 0.000000000000000000 ) ) ;
#2239 = SURFACE_STYLE_USAGE ( .BOTH. , #1117 ) ;
#2240 = ORIENTED_EDGE ( 'NONE', *, *, #40, .T. ) ;
#2241 = VERTEX_POINT ( 'NONE', #2106 ) ;
#2242 = AXIS2_PLACEMENT_3D ( 'NONE', #1796, #2305, #1223 ) ;
#2243 = VERTEX_POINT ( 'NONE', #1623 ) ;
#2244 = SURFACE_STYLE_FILL_AREA ( #1106 ) ;
#2245 = UNCERTAINTY_MEASURE_WITH_UNIT (LENGTH_MEASURE( 1.000000000000000082E-05 ), #2481, 'distance_accuracy_value', 'NONE');
#2246 = CARTESIAN_POINT ( 'NONE',  ( 0.9999999999999997780, 0.5999999999999999778, 0.5499999999999999334 ) ) ;
#2247 = APPLICATION_PROTOCOL_DEFINITION ( 'draft international standard', 'automotive_design', 1998, #245 ) ;
#2248 = VERTEX_POINT ( 'NONE', #3593 ) ;
#2249 = SURFACE_SIDE_STYLE ('',( #1714 ) ) ;
#2250 = PRESENTATION_LAYER_ASSIGNMENT (  '', '', ( #1722 ) ) ;
#2251 = LINE ( 'NONE', #3760, #1284 ) ;
#2252 = PRESENTATION_STYLE_ASSIGNMENT (( #3157 ) ) ;
#2253 = EDGE_CURVE ( 'NONE', #1687, #187, #3312, .T. ) ;
#2254 = ADVANCED_FACE ( 'NONE', ( #1015 ), #3077, .F. ) ;
#2255 = ORIENTED_EDGE ( 'NONE', *, *, #2848, .T. ) ;
#2256 = ORIENTED_EDGE ( 'NONE', *, *, #336, .F. ) ;
#2257 = MECHANICAL_DESIGN_GEOMETRIC_PRESENTATION_REPRESENTATION (  '', ( #138 ), #513 ) ;
#2258 = FACE_OUTER_BOUND ( 'NONE', #1000, .T. ) ;
#2259 = AXIS2_PLACEMENT_3D ( 'NONE', #855, #1646, #1706 ) ;
#2260 = DIRECTION ( 'NONE',  ( -1.000000000000000000, 0.000000000000000000, 0.000000000000000000 ) ) ;
#2261 = AXIS2_PLACEMENT_3D ( 'NONE', #2854, #2537, #2598 ) ;
#2262 = ORIENTED_EDGE ( 'NONE', *, *, #2534, .F. ) ;
#2263 = LINE ( 'NONE', #2246, #1595 ) ;
#2264 = AXIS2_PLACEMENT_3D ( 'NONE', #253, #1111, #2289 ) ;
#2265 = LINE ( 'NONE', #2515, #134 ) ;
#2266 = STYLED_ITEM ( 'NONE', ( #2893 ), #770 ) ;
#2267 = EDGE_LOOP ( 'NONE', ( #2895, #324, #2084 ) ) ;
#2268 = CIRCLE ( 'NONE', #2701, 0.05000000000000002359 ) ;
#2269 = CARTESIAN_POINT ( 'NONE',  ( 0.9499999999999996225, 0.5999999999999999778, -0.5499999999999999334 ) ) ;
#2270 =( GEOMETRIC_REPRESENTATION_CONTEXT ( 3 ) GLOBAL_UNCERTAINTY_ASSIGNED_CONTEXT ( ( #1768 ) ) GLOBAL_UNIT_ASSIGNED_CONTEXT ( ( #2605, #2915, #608 ) ) REPRESENTATION_CONTEXT ( 'NONE', 'WORKASPACE' ) );
#2271 = LINE ( 'NONE', #3137, #2499 ) ;
#2272 = CARTESIAN_POINT ( 'NONE',  ( -1.000000000000000222, -0.4299999999999999378, 0.5999999999999999778 ) ) ;
#2273 =( NAMED_UNIT ( * ) SI_UNIT ( $, .STERADIAN. ) SOLID_ANGLE_UNIT ( ) );
#2274 = DIRECTION ( 'NONE',  ( 1.000000000000000000, 1.084202172485503842E-15, 0.000000000000000000 ) ) ;
#2275 = EDGE_CURVE ( 'NONE', #1527, #2625, #2330, .T. ) ;
#2276 = ORIENTED_EDGE ( 'NONE', *, *, #2288, .T. ) ;
#2277 = ORIENTED_EDGE ( 'NONE', *, *, #2848, .F. ) ;
#2278 = DIRECTION ( 'NONE',  ( 0.000000000000000000, -1.000000000000000000, 0.000000000000000000 ) ) ;
#2279 = PLANE ( 'NONE',  #1355 ) ;
#2280 = ADVANCED_FACE ( 'NONE', ( #3330 ), #1548, .T. ) ;
#2281 = ADVANCED_FACE ( 'NONE', ( #85 ), #1581, .F. ) ;
#2282 = EDGE_LOOP ( 'NONE', ( #3031, #3557, #3147, #1905 ) ) ;
#2283 = DIRECTION ( 'NONE',  ( 1.000000000000000000, 0.000000000000000000, 0.000000000000000000 ) ) ;
#2284 =( NAMED_UNIT ( * ) PLANE_ANGLE_UNIT ( ) SI_UNIT ( $, .RADIAN. ) );
#2285 = CARTESIAN_POINT ( 'NONE',  ( -1.000000000000000222, -0.5500000000000000444, -0.1999999999999999833 ) ) ;
#2286 = AXIS2_PLACEMENT_3D ( 'NONE', #916, #873, #895 ) ;
#2287 = AXIS2_PLACEMENT_3D ( 'NONE', #2838, #1641, #3668 ) ;
#2288 = EDGE_CURVE ( 'NONE', #2166, #272, #2743, .T. ) ;
#2289 = DIRECTION ( 'NONE',  ( 0.000000000000000000, 0.000000000000000000, -1.000000000000000000 ) ) ;
#2290 = CIRCLE ( 'NONE', #3260, 0.05000000000000002359 ) ;
#2291 = ORIENTED_EDGE ( 'NONE', *, *, #668, .F. ) ;
#2292 = CARTESIAN_POINT ( 'NONE',  ( 0.5999999999999999778, -0.5499999999999999334, -0.6009999999999998677 ) ) ;
#2293 = COLOUR_RGB ( '',0.2509803921568627416, 0.2509803921568627416, 0.2509803921568627416 ) ;
#2294 = CARTESIAN_POINT ( 'NONE',  ( -0.9500000000000001776, 0.5999999999999999778, -0.5500000000000000444 ) ) ;
#2295 = PRESENTATION_STYLE_ASSIGNMENT (( #1266 ) ) ;
#2296 = VECTOR ( 'NONE', #141, 1000.000000000000000 ) ;
#2297 = CYLINDRICAL_SURFACE ( 'NONE', #1116, 0.05000000000000002359 ) ;
#2298 = CARTESIAN_POINT ( 'NONE',  ( -0.5499999999999997113, -0.5499999999999999334, -0.5499999999999999334 ) ) ;
#2299 = ORIENTED_EDGE ( 'NONE', *, *, #2704, .F. ) ;
#2300 = VERTEX_POINT ( 'NONE', #2784 ) ;
#2301 = CARTESIAN_POINT ( 'NONE',  ( 0.9999999999999997780, 0.5999999999999999778, 0.5999999999999999778 ) ) ;
#2302 = LINE ( 'NONE', #3464, #71 ) ;
#2303 = LINE ( 'NONE', #2360, #2019 ) ;
#2304 = ORIENTED_EDGE ( 'NONE', *, *, #1075, .F. ) ;
#2305 = DIRECTION ( 'NONE',  ( -0.000000000000000000, 1.000000000000000000, 0.000000000000000000 ) ) ;
#2306 = DIRECTION ( 'NONE',  ( 0.000000000000000000, 0.000000000000000000, -1.000000000000000000 ) ) ;
#2307 =( GEOMETRIC_REPRESENTATION_CONTEXT ( 3 ) GLOBAL_UNCERTAINTY_ASSIGNED_CONTEXT ( ( #1528 ) ) GLOBAL_UNIT_ASSIGNED_CONTEXT ( ( #2560, #1386, #2273 ) ) REPRESENTATION_CONTEXT ( 'NONE', 'WORKASPACE' ) );
#2308 = SURFACE_STYLE_USAGE ( .BOTH. , #210 ) ;
#2309 = ADVANCED_FACE ( 'NONE', ( #123 ), #1298, .F. ) ;
#2310 = EDGE_LOOP ( 'NONE', ( #3746, #3478, #2840 ) ) ;
#2311 = EDGE_CURVE ( 'NONE', #1578, #1204, #2413, .T. ) ;
#2312 = FILL_AREA_STYLE_COLOUR ( '', #556 ) ;
#2313 = DIRECTION ( 'NONE',  ( -0.000000000000000000, -1.000000000000000000, -0.000000000000000000 ) ) ;
#2314 = MECHANICAL_DESIGN_GEOMETRIC_PRESENTATION_REPRESENTATION (  '', ( #3288 ), #3776 ) ;
#2315 = CARTESIAN_POINT ( 'NONE',  ( -1.000000000000000222, -0.5500000000000000444, 0.5499999999999999334 ) ) ;
#2316 = EDGE_LOOP ( 'NONE', ( #2210, #2128, #482, #1723 ) ) ;
#2317 = FILL_AREA_STYLE ('',( #1449 ) ) ;
#2318 = COLOUR_RGB ( '',0.2509803921568627416, 0.2509803921568627416, 0.2509803921568627416 ) ;
#2319 = CARTESIAN_POINT ( 'NONE',  ( 0.9499999999999996225, -0.4299999999999999378, -0.1999999999999999278 ) ) ;
#2320 = ORIENTED_EDGE ( 'NONE', *, *, #3493, .T. ) ;
#2321 = CYLINDRICAL_SURFACE ( 'NONE', #3277, 0.05000000000000002359 ) ;
#2322 = VECTOR ( 'NONE', #349, 1000.000000000000000 ) ;
#2323 = CARTESIAN_POINT ( 'NONE',  ( 0.9999999999999997780, -0.4299999999999999378, -0.5500000000000000444 ) ) ;
#2324 = AXIS2_PLACEMENT_3D ( 'NONE', #3413, #1136, #236 ) ;
#2325 = EDGE_CURVE ( 'NONE', #2069, #1368, #3290, .T. ) ;
#2326 = ADVANCED_FACE ( 'NONE', ( #3635 ), #2995, .T. ) ;
#2327 = ORIENTED_EDGE ( 'NONE', *, *, #663, .T. ) ;
#2328 =( NAMED_UNIT ( * ) PLANE_ANGLE_UNIT ( ) SI_UNIT ( $, .RADIAN. ) );
#2329 =( LENGTH_UNIT ( ) NAMED_UNIT ( * ) SI_UNIT ( .MILLI., .METRE. ) );
#2330 = CIRCLE ( 'NONE', #3303, 0.04999999999999999584 ) ;
#2331 = DIRECTION ( 'NONE',  ( 0.000000000000000000, 0.000000000000000000, -1.000000000000000000 ) ) ;
#2332 = LINE ( 'NONE', #1250, #51 ) ;
#2333 = LINE ( 'NONE', #43, #891 ) ;
#2334 = COLOUR_RGB ( '',0.2509803921568627416, 0.2509803921568627416, 0.2509803921568627416 ) ;
#2335 =( NAMED_UNIT ( * ) SI_UNIT ( $, .STERADIAN. ) SOLID_ANGLE_UNIT ( ) );
#2336 = ORIENTED_EDGE ( 'NONE', *, *, #1330, .F. ) ;
#2337 = ORIENTED_EDGE ( 'NONE', *, *, #301, .T. ) ;
#2338 = DIRECTION ( 'NONE',  ( -0.000000000000000000, 0.000000000000000000, 1.000000000000000000 ) ) ;
#2339 = CARTESIAN_POINT ( 'NONE',  ( -0.5499999999999997113, -0.3999999999999999667, 0.3999999999999998557 ) ) ;
#2340 = FACE_OUTER_BOUND ( 'NONE', #672, .T. ) ;
#2341 = ORIENTED_EDGE ( 'NONE', *, *, #2030, .T. ) ;
#2342 = CARTESIAN_POINT ( 'NONE',  ( 0.9499999999999996225, 0.3999999999999999667, -0.5999999999999999778 ) ) ;
#2343 = CARTESIAN_POINT ( 'NONE',  ( 0.9499999999999996225, -0.5499999999999999334, 0.2499999999999999445 ) ) ;
#2344 = CARTESIAN_POINT ( 'NONE',  ( 0.5499999999999998224, -0.3999999999999999667, -0.6009999999999998677 ) ) ;
#2345 = MECHANICAL_DESIGN_GEOMETRIC_PRESENTATION_REPRESENTATION (  '', ( #881 ), #1290 ) ;
#2346 =( NAMED_UNIT ( * ) SI_UNIT ( $, .STERADIAN. ) SOLID_ANGLE_UNIT ( ) );
#2347 = ORIENTED_EDGE ( 'NONE', *, *, #3233, .T. ) ;
#2348 = DIRECTION ( 'NONE',  ( 0.000000000000000000, 0.000000000000000000, -1.000000000000000000 ) ) ;
#2349 = STYLED_ITEM ( 'NONE', ( #429 ), #961 ) ;
#2350 = ADVANCED_FACE ( 'NONE', ( #2724 ), #387, .T. ) ;
#2351 = AXIS2_PLACEMENT_3D ( 'NONE', #2623, #6, #887 ) ;
#2352 = VECTOR ( 'NONE', #3344, 1000.000000000000000 ) ;
#2353 = CARTESIAN_POINT ( 'NONE',  ( 0.9999999999999997780, -0.4299999999999999378, -0.5500000000000000444 ) ) ;
#2354 = CARTESIAN_POINT ( 'NONE',  ( -1.000000000000000222, 0.5999999999999999778, 0.5999999999999999778 ) ) ;
#2355 = ADVANCED_FACE ( 'NONE', ( #2431 ), #3163, .T. ) ;
#2356 = ORIENTED_EDGE ( 'NONE', *, *, #2583, .F. ) ;
#2357 = ORIENTED_EDGE ( 'NONE', *, *, #259, .F. ) ;
#2358 = PLANE ( 'NONE',  #3611 ) ;
#2359 = SURFACE_STYLE_USAGE ( .BOTH. , #1510 ) ;
#2360 = CARTESIAN_POINT ( 'NONE',  ( 0.9999999999999997780, 0.5999999999999999778, -0.5500000000000000444 ) ) ;
#2361 = ORIENTED_EDGE ( 'NONE', *, *, #3659, .F. ) ;
#2362 = FILL_AREA_STYLE_COLOUR ( '', #328 ) ;
#2363 = DIRECTION ( 'NONE',  ( 0.000000000000000000, 0.000000000000000000, 1.000000000000000000 ) ) ;
#2364 = ORIENTED_EDGE ( 'NONE', *, *, #1617, .F. ) ;
#2365 = LINE ( 'NONE', #2057, #618 ) ;
#2366 = VECTOR ( 'NONE', #2081, 1000.000000000000000 ) ;
#2367 = DIRECTION ( 'NONE',  ( -0.000000000000000000, 1.000000000000000000, 0.000000000000000000 ) ) ;
#2368 = DIRECTION ( 'NONE',  ( -0.000000000000000000, 1.000000000000000000, 2.710505431213761578E-16 ) ) ;
#2369 = PLANE ( 'NONE',  #2184 ) ;
#2370 = CARTESIAN_POINT ( 'NONE',  ( -0.9500000000000001776, -0.3999999999999999667, -0.1999999999999999278 ) ) ;
#2371 = ADVANCED_FACE ( 'NONE', ( #2258 ), #2842, .T. ) ;
#2372 = EDGE_CURVE ( 'NONE', #361, #2248, #202, .T. ) ;
#2373 = VERTEX_POINT ( 'NONE', #1369 ) ;
#2374 = CARTESIAN_POINT ( 'NONE',  ( -1.000000000000000222, 0.5999999999999999778, 0.5999999999999999778 ) ) ;
#2375 = ADVANCED_FACE ( 'NONE', ( #2208 ), #1705, .F. ) ;
#2376 = ORIENTED_EDGE ( 'NONE', *, *, #20, .F. ) ;
#2377 = CIRCLE ( 'NONE', #1229, 0.05000000000000002359 ) ;
#2378 = DIRECTION ( 'NONE',  ( 0.000000000000000000, 0.000000000000000000, -1.000000000000000000 ) ) ;
#2379 = LINE ( 'NONE', #3239, #395 ) ;
#2380 = CYLINDRICAL_SURFACE ( 'NONE', #1481, 0.04999999999999999584 ) ;
#2381 = CARTESIAN_POINT ( 'NONE',  ( -1.000000000000000222, -0.4299999999999999378, -0.1999999999999999278 ) ) ;
#2382 = MECHANICAL_DESIGN_GEOMETRIC_PRESENTATION_REPRESENTATION (  '', ( #2692 ), #1172 ) ;
#2383 = ORIENTED_EDGE ( 'NONE', *, *, #3632, .T. ) ;
#2384 = CARTESIAN_POINT ( 'NONE',  ( -1.000000000000000222, -0.3999999999999999667, 0.1999999999999999556 ) ) ;
#2385 = DIRECTION ( 'NONE',  ( -0.000000000000000000, -0.000000000000000000, -1.000000000000000000 ) ) ;
#2386 = AXIS2_PLACEMENT_3D ( 'NONE', #3070, #457, #2668 ) ;
#2387 = DIRECTION ( 'NONE',  ( 0.000000000000000000, 0.000000000000000000, 1.000000000000000000 ) ) ;
#2388 =( GEOMETRIC_REPRESENTATION_CONTEXT ( 3 ) GLOBAL_UNCERTAINTY_ASSIGNED_CONTEXT ( ( #2472 ) ) GLOBAL_UNIT_ASSIGNED_CONTEXT ( ( #2532, #2851, #843 ) ) REPRESENTATION_CONTEXT ( 'NONE', 'WORKASPACE' ) );
#2389 = SPHERICAL_SURFACE ( 'NONE', #3389, 0.05000000000000000278 ) ;
#2390 = LINE ( 'NONE', #1522, #1825 ) ;
#2391 = ORIENTED_EDGE ( 'NONE', *, *, #683, .T. ) ;
#2392 = DIRECTION ( 'NONE',  ( 0.000000000000000000, -1.000000000000000000, 0.000000000000000000 ) ) ;
#2393 = UNCERTAINTY_MEASURE_WITH_UNIT (LENGTH_MEASURE( 1.000000000000000082E-05 ), #1506, 'distance_accuracy_value', 'NONE');
#2394 = EDGE_CURVE ( 'NONE', #2759, #948, #22, .T. ) ;
#2395 = ORIENTED_EDGE ( 'NONE', *, *, #3150, .F. ) ;
#2396 = LINE ( 'NONE', #3554, #1876 ) ;
#2397 = CARTESIAN_POINT ( 'NONE',  ( 0.5999999999999998668, -0.4299999999999999378, -0.5999999999999999778 ) ) ;
#2398 = EDGE_CURVE ( 'NONE', #3198, #2050, #3440, .T. ) ;
#2399 = EDGE_CURVE ( 'NONE', #1145, #3462, #1721, .T. ) ;
#2400 = SURFACE_SIDE_STYLE ('',( #1244 ) ) ;
#2401 = ORIENTED_EDGE ( 'NONE', *, *, #1730, .T. ) ;
#2402 = CARTESIAN_POINT ( 'NONE',  ( -0.9500000000000001776, 0.5999999999999999778, -0.5500000000000000444 ) ) ;
#2403 = DIRECTION ( 'NONE',  ( -1.000000000000000000, -1.084202172485503842E-15, 0.000000000000000000 ) ) ;
#2404 = FILL_AREA_STYLE ('',( #1249 ) ) ;
#2405 = CARTESIAN_POINT ( 'NONE',  ( 0.9499999999999996225, 0.5999999999999999778, 0.5999999999999999778 ) ) ;
#2406 = LINE ( 'NONE', #2041, #1339 ) ;
#2407 = CIRCLE ( 'NONE', #2286, 0.05000000000000002359 ) ;
#2408 = ORIENTED_EDGE ( 'NONE', *, *, #2394, .F. ) ;
#2409 = LINE ( 'NONE', #709, #152 ) ;
#2410 = CARTESIAN_POINT ( 'NONE',  ( 0.9999999999999997780, -0.3999999999999999667, -0.1999999999999999278 ) ) ;
#2411 = ORIENTED_EDGE ( 'NONE', *, *, #1056, .F. ) ;
#2412 = DIRECTION ( 'NONE',  ( 0.000000000000000000, 0.000000000000000000, 1.000000000000000000 ) ) ;
#2413 = LINE ( 'NONE', #3572, #700 ) ;
#2414 = FILL_AREA_STYLE_COLOUR ( '', #1107 ) ;
#2415 = ORIENTED_EDGE ( 'NONE', *, *, #722, .F. ) ;
#2416 = EDGE_CURVE ( 'NONE', #735, #157, #3097, .T. ) ;
#2417 = DIRECTION ( 'NONE',  ( 1.000000000000000000, 0.000000000000000000, 0.000000000000000000 ) ) ;
#2418 = ADVANCED_FACE ( 'NONE', ( #915 ), #47, .T. ) ;
#2419 = FACE_OUTER_BOUND ( 'NONE', #2500, .T. ) ;
#2420 = LINE ( 'NONE', #2979, #3380 ) ;
#2421 = DIRECTION ( 'NONE',  ( -2.168404344971008079E-15, -1.000000000000000000, 0.000000000000000000 ) ) ;
#2422 = ORIENTED_EDGE ( 'NONE', *, *, #2416, .T. ) ;
#2423 = CARTESIAN_POINT ( 'NONE',  ( -0.5999999999999997558, -0.5500000000000000444, 0.5499999999999999334 ) ) ;
#2424 = DIRECTION ( 'NONE',  ( 0.000000000000000000, 0.000000000000000000, -1.000000000000000000 ) ) ;
#2425 = DIRECTION ( 'NONE',  ( -1.000000000000000000, -0.000000000000000000, -0.000000000000000000 ) ) ;
#2426 = CARTESIAN_POINT ( 'NONE',  ( -0.5499999999999997113, -0.3999999999999999667, 0.3999999999999999112 ) ) ;
#2427 = UNCERTAINTY_MEASURE_WITH_UNIT (LENGTH_MEASURE( 1.000000000000000082E-05 ), #446, 'distance_accuracy_value', 'NONE');
#2428 = ORIENTED_EDGE ( 'NONE', *, *, #2275, .T. ) ;
#2429 = CLOSED_SHELL ( 'NONE', ( #1697, #2375, #2985, #961, #2658, #733, #814, #1499, #1618, #610, #1937, #155, #2800, #2830, #401, #3035, #309, #3473, #3327, #2511, #2064, #3262, #1445, #2355, #3581, #1448, #2485, #494, #209, #2142 ) ) ;
#2430 = DIRECTION ( 'NONE',  ( 0.000000000000000000, -2.168404344971007685E-15, -1.000000000000000000 ) ) ;
#2431 = FACE_OUTER_BOUND ( 'NONE', #3643, .T. ) ;
#2432 = SURFACE_STYLE_USAGE ( .BOTH. , #406 ) ;
#2433 = FILL_AREA_STYLE_COLOUR ( '', #3407 ) ;
#2434 = AXIS2_PLACEMENT_3D ( 'NONE', #2868, #255, #2234 ) ;
#2435 = VERTEX_POINT ( 'NONE', #3200 ) ;
#2436 = CARTESIAN_POINT ( 'NONE',  ( -0.5999999999999997558, -0.5499999999999999334, -0.2500000000000000000 ) ) ;
#2437 = DIRECTION ( 'NONE',  ( 0.000000000000000000, 0.000000000000000000, 1.000000000000000000 ) ) ;
#2438 =( NAMED_UNIT ( * ) PLANE_ANGLE_UNIT ( ) SI_UNIT ( $, .RADIAN. ) );
#2439 = COLOUR_RGB ( '',0.2509803921568627416, 0.2509803921568627416, 0.2509803921568627416 ) ;
#2440 = ADVANCED_FACE ( 'NONE', ( #3747 ), #2358, .F. ) ;
#2441 = CARTESIAN_POINT ( 'NONE',  ( 0.5499999999999998224, -0.4299999999999999378, 0.5999999999999999778 ) ) ;
#2442 = ORIENTED_EDGE ( 'NONE', *, *, #2006, .F. ) ;
#2443 = DIRECTION ( 'NONE',  ( 0.000000000000000000, 0.000000000000000000, -1.000000000000000000 ) ) ;
#2444 = CARTESIAN_POINT ( 'NONE',  ( 0.9499999999999997335, -0.5999999999999999778, -0.5499999999999999334 ) ) ;
#2445 =( NAMED_UNIT ( * ) PLANE_ANGLE_UNIT ( ) SI_UNIT ( $, .RADIAN. ) );
#2446 =( GEOMETRIC_REPRESENTATION_CONTEXT ( 3 ) GLOBAL_UNCERTAINTY_ASSIGNED_CONTEXT ( ( #1983 ) ) GLOBAL_UNIT_ASSIGNED_CONTEXT ( ( #248, #2189, #1963 ) ) REPRESENTATION_CONTEXT ( 'NONE', 'WORKASPACE' ) );
#2447 = EDGE_LOOP ( 'NONE', ( #2347, #3111, #2056, #83 ) ) ;
#2448 = CIRCLE ( 'NONE', #5, 0.05000000000000002359 ) ;
#2449 =( GEOMETRIC_REPRESENTATION_CONTEXT ( 3 ) GLOBAL_UNCERTAINTY_ASSIGNED_CONTEXT ( ( #1690 ) ) GLOBAL_UNIT_ASSIGNED_CONTEXT ( ( #542, #3450, #762 ) ) REPRESENTATION_CONTEXT ( 'NONE', 'WORKASPACE' ) );
#2450 = ORIENTED_EDGE ( 'NONE', *, *, #1234, .T. ) ;
#2451 = CARTESIAN_POINT ( 'NONE',  ( -1.000000000000000222, -0.3999999999999999667, 0.1999999999999999556 ) ) ;
#2452 = STYLED_ITEM ( 'NONE', ( #1960 ), #2375 ) ;
#2453 =( NAMED_UNIT ( * ) PLANE_ANGLE_UNIT ( ) SI_UNIT ( $, .RADIAN. ) );
#2454 = ORIENTED_EDGE ( 'NONE', *, *, #3774, .T. ) ;
#2455 = SURFACE_STYLE_USAGE ( .BOTH. , #1303 ) ;
#2456 = CARTESIAN_POINT ( 'NONE',  ( -0.5999999999999997558, -0.5499999999999999334, 0.5499999999999999334 ) ) ;
#2457 = DIRECTION ( 'NONE',  ( -0.000000000000000000, 1.000000000000000000, 0.000000000000000000 ) ) ;
#2458 = CARTESIAN_POINT ( 'NONE',  ( 0.5499999999999998224, -0.3999999999999999667, 0.1999999999999999833 ) ) ;
#2459 = ORIENTED_EDGE ( 'NONE', *, *, #451, .T. ) ;
#2460 = CARTESIAN_POINT ( 'NONE',  ( -1.000000000000000222, -0.4299999999999999378, 0.5499999999999999334 ) ) ;
#2461 = LINE ( 'NONE', #1061, #1526 ) ;
#2462 = DIRECTION ( 'NONE',  ( 0.000000000000000000, 0.000000000000000000, 1.000000000000000000 ) ) ;
#2463 = AXIS2_PLACEMENT_3D ( 'NONE', #3542, #1816, #2055 ) ;
#2464 = EDGE_LOOP ( 'NONE', ( #1334, #1048, #2565, #3543 ) ) ;
#2465 = EDGE_CURVE ( 'NONE', #244, #911, #1970, .T. ) ;
#2466 = DIRECTION ( 'NONE',  ( 0.000000000000000000, 2.168404344971008868E-15, -1.000000000000000000 ) ) ;
#2467 = AXIS2_PLACEMENT_3D ( 'NONE', #1974, #1658, #1387 ) ;
#2468 = ORIENTED_EDGE ( 'NONE', *, *, #2584, .T. ) ;
#2469 = ORIENTED_EDGE ( 'NONE', *, *, #956, .F. ) ;
#2470 = CARTESIAN_POINT ( 'NONE',  ( 0.9999999999999997780, 0.5999999999999999778, 0.2499999999999999445 ) ) ;
#2471 = FACE_OUTER_BOUND ( 'NONE', #2604, .T. ) ;
#2472 = UNCERTAINTY_MEASURE_WITH_UNIT (LENGTH_MEASURE( 1.000000000000000082E-05 ), #2532, 'distance_accuracy_value', 'NONE');
#2473 = VERTEX_POINT ( 'NONE', #933 ) ;
#2474 =( NAMED_UNIT ( * ) PLANE_ANGLE_UNIT ( ) SI_UNIT ( $, .RADIAN. ) );
#2475 = LINE ( 'NONE', #1039, #1894 ) ;
#2476 = DIRECTION ( 'NONE',  ( -5.421010862427523156E-16, 1.000000000000000000, 0.000000000000000000 ) ) ;
#2477 = LINE ( 'NONE', #2492, #1484 ) ;
#2478 = EDGE_LOOP ( 'NONE', ( #342, #988, #2919, #2401 ) ) ;
#2479 = CARTESIAN_POINT ( 'NONE',  ( 0.5499999999999998224, -0.3999999999999999667, -0.6009999999999998677 ) ) ;
#2480 = DIRECTION ( 'NONE',  ( -0.000000000000000000, 1.000000000000000000, 0.000000000000000000 ) ) ;
#2481 =( LENGTH_UNIT ( ) NAMED_UNIT ( * ) SI_UNIT ( .MILLI., .METRE. ) );
#2482 = PLANE ( 'NONE',  #978 ) ;
#2483 = ADVANCED_FACE ( 'NONE', ( #629 ), #268, .T. ) ;
#2484 = MECHANICAL_DESIGN_GEOMETRIC_PRESENTATION_REPRESENTATION (  '', ( #731 ), #1218 ) ;
#2485 = ADVANCED_FACE ( 'NONE', ( #300 ), #649, .T. ) ;
#2486 = ORIENTED_EDGE ( 'NONE', *, *, #1479, .T. ) ;
#2487 = DIRECTION ( 'NONE',  ( 0.000000000000000000, 0.000000000000000000, -1.000000000000000000 ) ) ;
#2488 = DIRECTION ( 'NONE',  ( -0.000000000000000000, -0.000000000000000000, -1.000000000000000000 ) ) ;
#2489 = ORIENTED_EDGE ( 'NONE', *, *, #2394, .T. ) ;
#2490 = LINE ( 'NONE', #188, #1629 ) ;
#2491 = FACE_OUTER_BOUND ( 'NONE', #2267, .T. ) ;
#2492 = CARTESIAN_POINT ( 'NONE',  ( 0.9999999999999997780, -0.5499999999999999334, -0.1999999999999999556 ) ) ;
#2493 = ORIENTED_EDGE ( 'NONE', *, *, #3255, .T. ) ;
#2494 = LINE ( 'NONE', #1042, #3588 ) ;
#2495 = CIRCLE ( 'NONE', #3349, 0.05000000000000002359 ) ;
#2496 = CARTESIAN_POINT ( 'NONE',  ( 0.5499999999999998224, -0.4299999999999999378, -0.5499999999999999334 ) ) ;
#2497 = DIRECTION ( 'NONE',  ( 0.000000000000000000, 0.000000000000000000, -1.000000000000000000 ) ) ;
#2498 = DIRECTION ( 'NONE',  ( -1.000000000000000000, 0.000000000000000000, -0.000000000000000000 ) ) ;
#2499 = VECTOR ( 'NONE', #1363, 1000.000000000000000 ) ;
#2500 = EDGE_LOOP ( 'NONE', ( #588, #2961, #1276, #3217, #3680 ) ) ;
#2501 = ORIENTED_EDGE ( 'NONE', *, *, #1214, .T. ) ;
#2502 = AXIS2_PLACEMENT_3D ( 'NONE', #3437, #833, #1991 ) ;
#2503 = CIRCLE ( 'NONE', #323, 0.05000000000000002359 ) ;
#2504 = CARTESIAN_POINT ( 'NONE',  ( -0.5999999999999997558, -0.5499999999999999334, 0.000000000000000000 ) ) ;
#2505 = LINE ( 'NONE', #2805, #1174 ) ;
#2506 = EDGE_CURVE ( 'NONE', #2373, #553, #362, .T. ) ;
#2507 = STYLED_ITEM ( 'NONE', ( #326 ), #2142 ) ;
#2508 = ORIENTED_EDGE ( 'NONE', *, *, #1525, .T. ) ;
#2509 = CARTESIAN_POINT ( 'NONE',  ( 0.9999999999999997780, -0.4299999999999999378, 0.5999999999999999778 ) ) ;
#2510 = DIRECTION ( 'NONE',  ( 0.000000000000000000, 1.000000000000000000, 2.710505431213761578E-16 ) ) ;
#2511 = ADVANCED_FACE ( 'NONE', ( #400 ), #2162, .T. ) ;
#2512 = PLANE ( 'NONE',  #124 ) ;
#2513 = AXIS2_PLACEMENT_3D ( 'NONE', #2586, #2338, #2956 ) ;
#2514 = ADVANCED_FACE ( 'NONE', ( #3567 ), #1235, .F. ) ;
#2515 = CARTESIAN_POINT ( 'NONE',  ( -0.5999999999999997558, 0.5999999999999999778, 0.5999999999999999778 ) ) ;
#2516 = ORIENTED_EDGE ( 'NONE', *, *, #1730, .F. ) ;
#2517 = CARTESIAN_POINT ( 'NONE',  ( 0.5499999999999998224, 0.3999999999999999667, 0.4999999999999998890 ) ) ;
#2518 = CARTESIAN_POINT ( 'NONE',  ( -0.5499999999999998224, 0.3999999999999999667, -0.3999999999999998557 ) ) ;
#2519 = LINE ( 'NONE', #2096, #3421 ) ;
#2520 = DIRECTION ( 'NONE',  ( 0.000000000000000000, 0.000000000000000000, 1.000000000000000000 ) ) ;
#2521 = DIRECTION ( 'NONE',  ( -0.000000000000000000, 1.000000000000000000, -0.000000000000000000 ) ) ;
#2522 = CARTESIAN_POINT ( 'NONE',  ( 0.5499999999999998224, 0.2999999999999999889, -0.4999999999999998890 ) ) ;
#2523 = SURFACE_STYLE_FILL_AREA ( #1975 ) ;
#2524 = ORIENTED_EDGE ( 'NONE', *, *, #1800, .T. ) ;
#2525 = EDGE_LOOP ( 'NONE', ( #1682, #627, #3639, #1781 ) ) ;
#2526 = FILL_AREA_STYLE ('',( #1941 ) ) ;
#2527 = AXIS2_PLACEMENT_3D ( 'NONE', #2670, #3504, #1724 ) ;
#2528 = VECTOR ( 'NONE', #1442, 1000.000000000000000 ) ;
#2529 = ORIENTED_EDGE ( 'NONE', *, *, #3419, .F. ) ;
#2530 = LINE ( 'NONE', #3694, #656 ) ;
#2531 = LINE ( 'NONE', #1357, #1594 ) ;
#2532 =( LENGTH_UNIT ( ) NAMED_UNIT ( * ) SI_UNIT ( .MILLI., .METRE. ) );
#2533 = EDGE_CURVE ( 'NONE', #2300, #553, #1315, .T. ) ;
#2534 = EDGE_CURVE ( 'NONE', #1643, #3293, #3587, .T. ) ;
#2535 = ORIENTED_EDGE ( 'NONE', *, *, #3392, .F. ) ;
#2536 = SURFACE_SIDE_STYLE ('',( #1382 ) ) ;
#2537 = DIRECTION ( 'NONE',  ( -1.000000000000000000, -0.000000000000000000, -0.000000000000000000 ) ) ;
#2538 = EDGE_CURVE ( 'NONE', #3693, #3597, #827, .T. ) ;
#2539 = AXIS2_PLACEMENT_3D ( 'NONE', #666, #1521, #2698 ) ;
#2540 = FACE_OUTER_BOUND ( 'NONE', #3118, .T. ) ;
#2541 = CYLINDRICAL_SURFACE ( 'NONE', #430, 0.05000000000000002359 ) ;
#2542 = FACE_OUTER_BOUND ( 'NONE', #1584, .T. ) ;
#2543 = DIRECTION ( 'NONE',  ( 0.000000000000000000, 2.710505431213761578E-16, -1.000000000000000000 ) ) ;
#2544 = ORIENTED_EDGE ( 'NONE', *, *, #1998, .F. ) ;
#2545 = AXIS2_PLACEMENT_3D ( 'NONE', #1461, #238, #2619 ) ;
#2546 = ORIENTED_EDGE ( 'NONE', *, *, #158, .T. ) ;
#2547 =( NAMED_UNIT ( * ) PLANE_ANGLE_UNIT ( ) SI_UNIT ( $, .RADIAN. ) );
#2548 = CARTESIAN_POINT ( 'NONE',  ( -0.5499999999999997113, -0.2999999999999999889, 0.3999999999999999112 ) ) ;
#2549 = ORIENTED_EDGE ( 'NONE', *, *, #1505, .T. ) ;
#2550 = CARTESIAN_POINT ( 'NONE',  ( 0.5999999999999998668, -0.4299999999999999378, -0.5499999999999999334 ) ) ;
#2551 = UNCERTAINTY_MEASURE_WITH_UNIT (LENGTH_MEASURE( 1.000000000000000082E-05 ), #24, 'distance_accuracy_value', 'NONE');
#2552 = ORIENTED_EDGE ( 'NONE', *, *, #3372, .F. ) ;
#2553 = DIRECTION ( 'NONE',  ( -1.000000000000000000, 0.000000000000000000, 0.000000000000000000 ) ) ;
#2554 = VECTOR ( 'NONE', #1159, 1000.000000000000000 ) ;
#2555 = EDGE_CURVE ( 'NONE', #1844, #361, #3027, .T. ) ;
#2556 = ADVANCED_FACE ( 'NONE', ( #1877 ), #3631, .F. ) ;
#2557 = CIRCLE ( 'NONE', #252, 0.05000000000000002359 ) ;
#2558 = STYLED_ITEM ( 'NONE', ( #145 ), #402 ) ;
#2559 = CYLINDRICAL_SURFACE ( 'NONE', #1770, 0.05000000000000002359 ) ;
#2560 =( LENGTH_UNIT ( ) NAMED_UNIT ( * ) SI_UNIT ( .MILLI., .METRE. ) );
#2561 = DIRECTION ( 'NONE',  ( -0.000000000000000000, -0.000000000000000000, 1.000000000000000000 ) ) ;
#2562 = CARTESIAN_POINT ( 'NONE',  ( -0.5499999999999998224, 0.3999999999999999667, -0.5999999999999999778 ) ) ;
#2563 = VECTOR ( 'NONE', #3352, 1000.000000000000000 ) ;
#2564 = DIRECTION ( 'NONE',  ( 0.000000000000000000, -1.000000000000000000, 0.000000000000000000 ) ) ;
#2565 = ORIENTED_EDGE ( 'NONE', *, *, #356, .F. ) ;
#2566 = ORIENTED_EDGE ( 'NONE', *, *, #3513, .F. ) ;
#2567 = DIRECTION ( 'NONE',  ( 0.000000000000000000, 0.000000000000000000, 1.000000000000000000 ) ) ;
#2568 = EDGE_CURVE ( 'NONE', #1652, #1830, #3259, .T. ) ;
#2569 = VECTOR ( 'NONE', #3732, 1000.000000000000000 ) ;
#2570 = COLOUR_RGB ( '',0.2509803921568627416, 0.2509803921568627416, 0.2509803921568627416 ) ;
#2571 = ORIENTED_EDGE ( 'NONE', *, *, #1640, .F. ) ;
#2572 = SURFACE_STYLE_USAGE ( .BOTH. , #1609 ) ;
#2573 = DIRECTION ( 'NONE',  ( 0.000000000000000000, 2.710505431213761578E-16, -1.000000000000000000 ) ) ;
#2574 = PRODUCT_DEFINITION_FORMATION_WITH_SPECIFIED_SOURCE ( 'ANY', '', #1018, .NOT_KNOWN. ) ;
#2575 = LINE ( 'NONE', #3408, #1848 ) ;
#2576 = ORIENTED_EDGE ( 'NONE', *, *, #2637, .F. ) ;
#2577 = CARTESIAN_POINT ( 'NONE',  ( 0.9499999999999996225, -0.4299999999999999378, 0.5999999999999999778 ) ) ;
#2578 = CARTESIAN_POINT ( 'NONE',  ( 0.9499999999999997335, -0.5999999999999999778, -0.2500000000000000000 ) ) ;
#2579 = DIRECTION ( 'NONE',  ( 0.000000000000000000, 0.000000000000000000, -1.000000000000000000 ) ) ;
#2580 = DIRECTION ( 'NONE',  ( 0.000000000000000000, -1.000000000000000000, 0.000000000000000000 ) ) ;
#2581 = CARTESIAN_POINT ( 'NONE',  ( -0.5499999999999998224, 0.3999999999999999667, 0.5999999999999999778 ) ) ;
#2582 = DIRECTION ( 'NONE',  ( -1.000000000000000000, 0.000000000000000000, 0.000000000000000000 ) ) ;
#2583 = EDGE_CURVE ( 'NONE', #1835, #852, #3050, .T. ) ;
#2584 = EDGE_CURVE ( 'NONE', #1648, #3373, #2409, .T. ) ;
#2585 = ORIENTED_EDGE ( 'NONE', *, *, #3536, .F. ) ;
#2586 = CARTESIAN_POINT ( 'NONE',  ( 0.9499999999999997335, -0.5499999999999999334, 0.5499999999999999334 ) ) ;
#2587 = CARTESIAN_POINT ( 'NONE',  ( -1.000000000000000222, -0.3999999999999999667, -0.1999999999999999278 ) ) ;
#2588 = SPHERICAL_SURFACE ( 'NONE', #1418, 0.05000000000000000278 ) ;
#2589 = ADVANCED_FACE ( 'NONE', ( #2120 ), #1847, .T. ) ;
#2590 = ORIENTED_EDGE ( 'NONE', *, *, #1911, .T. ) ;
#2591 = DIRECTION ( 'NONE',  ( 0.000000000000000000, -0.000000000000000000, -1.000000000000000000 ) ) ;
#2592 = CARTESIAN_POINT ( 'NONE',  ( -0.9500000000000001776, -0.5499999999999999334, 0.2499999999999999445 ) ) ;
#2593 = STYLED_ITEM ( 'NONE', ( #2650 ), #564 ) ;
#2594 = AXIS2_PLACEMENT_3D ( 'NONE', #720, #1827, #2466 ) ;
#2595 = VERTEX_POINT ( 'NONE', #119 ) ;
#2596 = CARTESIAN_POINT ( 'NONE',  ( 0.9999999999999997780, 0.5999999999999999778, 0.5999999999999999778 ) ) ;
#2597 = VECTOR ( 'NONE', #2476, 1000.000000000000000 ) ;
#2598 = DIRECTION ( 'NONE',  ( 0.000000000000000000, 0.000000000000000000, 1.000000000000000000 ) ) ;
#2599 = PLANE ( 'NONE',  #1225 ) ;
#2600 = CARTESIAN_POINT ( 'NONE',  ( -1.000000000000000222, 0.3999999999999999667, 0.5999999999999999778 ) ) ;
#2601 = LINE ( 'NONE', #3762, #1783 ) ;
#2602 = SURFACE_STYLE_FILL_AREA ( #281 ) ;
#2603 = ORIENTED_EDGE ( 'NONE', *, *, #265, .F. ) ;
#2604 = EDGE_LOOP ( 'NONE', ( #1817, #1756, #1664, #151 ) ) ;
#2605 =( LENGTH_UNIT ( ) NAMED_UNIT ( * ) SI_UNIT ( .MILLI., .METRE. ) );
#2606 = CARTESIAN_POINT ( 'NONE',  ( -0.9500000000000001776, 0.5999999999999999778, 0.5499999999999999334 ) ) ;
#2607 = EDGE_CURVE ( 'NONE', #1446, #3630, #436, .T. ) ;
#2608 = EDGE_CURVE ( 'NONE', #2050, #2791, #1626, .T. ) ;
#2609 = EDGE_LOOP ( 'NONE', ( #2629, #1673, #1121, #2299 ) ) ;
#2610 =( NAMED_UNIT ( * ) SI_UNIT ( $, .STERADIAN. ) SOLID_ANGLE_UNIT ( ) );
#2611 = DIRECTION ( 'NONE',  ( 0.000000000000000000, -1.084202172485504040E-15, -1.000000000000000000 ) ) ;
#2612 = VECTOR ( 'NONE', #2412, 1000.000000000000000 ) ;
#2613 = PRESENTATION_STYLE_ASSIGNMENT (( #1207 ) ) ;
#2614 = EDGE_CURVE ( 'NONE', #3693, #299, #2789, .T. ) ;
#2615 = EDGE_LOOP ( 'NONE', ( #3485, #1872, #2161 ) ) ;
#2616 = CARTESIAN_POINT ( 'NONE',  ( -1.000000000000000222, 0.5999999999999999778, 0.5999999999999999778 ) ) ;
#2617 = SURFACE_STYLE_USAGE ( .BOTH. , #2907 ) ;
#2618 = VECTOR ( 'NONE', #1044, 1000.000000000000000 ) ;
#2619 = DIRECTION ( 'NONE',  ( 0.000000000000000000, 0.000000000000000000, -1.000000000000000000 ) ) ;
#2620 = FACE_OUTER_BOUND ( 'NONE', #378, .T. ) ;
#2621 = PRESENTATION_LAYER_ASSIGNMENT (  '', '', ( #3651 ) ) ;
#2622 = CIRCLE ( 'NONE', #500, 0.05000000000000002359 ) ;
#2623 = CARTESIAN_POINT ( 'NONE',  ( -0.5499999999999997113, 0.2999999999999999889, 0.3999999999999999112 ) ) ;
#2624 = ORIENTED_EDGE ( 'NONE', *, *, #215, .T. ) ;
#2625 = VERTEX_POINT ( 'NONE', #1620 ) ;
#2626 = CIRCLE ( 'NONE', #3591, 0.05000000000000002359 ) ;
#2627 = LINE ( 'NONE', #3767, #1078 ) ;
#2628 = VECTOR ( 'NONE', #1462, 1000.000000000000000 ) ;
#2629 = ORIENTED_EDGE ( 'NONE', *, *, #3725, .F. ) ;
#2630 = CARTESIAN_POINT ( 'NONE',  ( -0.5499999999999997113, -0.4299999999999999378, -0.5499999999999999334 ) ) ;
#2631 = PRESENTATION_LAYER_ASSIGNMENT (  '', '', ( #863 ) ) ;
#2632 = DIRECTION ( 'NONE',  ( 0.000000000000000000, 0.000000000000000000, 1.000000000000000000 ) ) ;
#2633 =( NAMED_UNIT ( * ) SI_UNIT ( $, .STERADIAN. ) SOLID_ANGLE_UNIT ( ) );
#2634 = AXIS2_PLACEMENT_3D ( 'NONE', #837, #3751, #3466 ) ;
#2635 = CARTESIAN_POINT ( 'NONE',  ( -1.000000000000000222, 0.5999999999999999778, -0.5999999999999999778 ) ) ;
#2636 = ORIENTED_EDGE ( 'NONE', *, *, #3036, .T. ) ;
#2637 = EDGE_CURVE ( 'NONE', #3693, #361, #1066, .T. ) ;
#2638 = EDGE_CURVE ( 'NONE', #3381, #611, #2224, .T. ) ;
#2639 = FACE_OUTER_BOUND ( 'NONE', #306, .T. ) ;
#2640 = CIRCLE ( 'NONE', #3666, 0.05000000000000002359 ) ;
#2641 = SURFACE_STYLE_FILL_AREA ( #358 ) ;
#2642 = STYLED_ITEM ( 'NONE', ( #3112 ), #2355 ) ;
#2643 = ADVANCED_FACE ( 'NONE', ( #2542 ), #2798, .F. ) ;
#2644 = DIRECTION ( 'NONE',  ( -0.000000000000000000, -1.000000000000000000, 0.000000000000000000 ) ) ;
#2645 = LINE ( 'NONE', #338, #2366 ) ;
#2646 = COLOUR_RGB ( '',0.2509803921568627416, 0.2509803921568627416, 0.2509803921568627416 ) ;
#2647 = ORIENTED_EDGE ( 'NONE', *, *, #2583, .T. ) ;
#2648 = EDGE_LOOP ( 'NONE', ( #1508, #1033, #2585, #3165 ) ) ;
#2649 =( NAMED_UNIT ( * ) PLANE_ANGLE_UNIT ( ) SI_UNIT ( $, .RADIAN. ) );
#2650 = PRESENTATION_STYLE_ASSIGNMENT (( #2359 ) ) ;
#2651 = EDGE_LOOP ( 'NONE', ( #2535, #1392, #75, #3698 ) ) ;
#2652 =( LENGTH_UNIT ( ) NAMED_UNIT ( * ) SI_UNIT ( .MILLI., .METRE. ) );
#2653 = CARTESIAN_POINT ( 'NONE',  ( -1.000000000000000222, -0.3999999999999999667, -0.1999999999999999278 ) ) ;
#2654 = AXIS2_PLACEMENT_3D ( 'NONE', #1515, #19, #2126 ) ;
#2655 = FACE_OUTER_BOUND ( 'NONE', #3022, .T. ) ;
#2656 = VERTEX_POINT ( 'NONE', #1046 ) ;
#2657 = DIRECTION ( 'NONE',  ( 0.000000000000000000, 0.000000000000000000, 1.000000000000000000 ) ) ;
#2658 = ADVANCED_FACE ( 'NONE', ( #1917 ), #1366, .T. ) ;
#2659 = EDGE_CURVE ( 'NONE', #3448, #2932, #199, .T. ) ;
#2660 = DIRECTION ( 'NONE',  ( 0.000000000000000000, 0.000000000000000000, -1.000000000000000000 ) ) ;
#2661 = CIRCLE ( 'NONE', #472, 0.05000000000000002359 ) ;
#2662 = CIRCLE ( 'NONE', #476, 0.05000000000000002359 ) ;
#2663 = SURFACE_SIDE_STYLE ('',( #2927 ) ) ;
#2664 = FACE_OUTER_BOUND ( 'NONE', #1758, .T. ) ;
#2665 = CARTESIAN_POINT ( 'NONE',  ( 0.9499999999999996225, -0.5499999999999999334, -0.1999999999999999556 ) ) ;
#2666 = ORIENTED_EDGE ( 'NONE', *, *, #2555, .F. ) ;
#2667 = ORIENTED_EDGE ( 'NONE', *, *, #407, .T. ) ;
#2668 = DIRECTION ( 'NONE',  ( -1.000000000000000000, 0.000000000000000000, 2.168404344971008079E-15 ) ) ;
#2669 = VERTEX_POINT ( 'NONE', #3139 ) ;
#2670 = CARTESIAN_POINT ( 'NONE',  ( 0.5999999999999999778, -0.5499999999999999334, 0.5499999999999999334 ) ) ;
#2671 = CIRCLE ( 'NONE', #3155, 0.05000000000000002359 ) ;
#2672 = CARTESIAN_POINT ( 'NONE',  ( -0.9500000000000001776, -0.5500000000000000444, -0.5499999999999999334 ) ) ;
#2673 = FACE_OUTER_BOUND ( 'NONE', #2063, .T. ) ;
#2674 = ORIENTED_EDGE ( 'NONE', *, *, #540, .T. ) ;
#2675 = CIRCLE ( 'NONE', #1275, 0.05000000000000002359 ) ;
#2676 = CARTESIAN_POINT ( 'NONE',  ( 0.9499999999999997335, -0.4299999999999999378, 0.5499999999999999334 ) ) ;
#2677 = DIRECTION ( 'NONE',  ( 1.000000000000000000, 0.000000000000000000, 0.000000000000000000 ) ) ;
#2678 = CARTESIAN_POINT ( 'NONE',  ( -1.000000000000000222, -0.5500000000000000444, 0.5499999999999999334 ) ) ;
#2679 = FACE_OUTER_BOUND ( 'NONE', #2310, .T. ) ;
#2680 = FACE_OUTER_BOUND ( 'NONE', #3343, .T. ) ;
#2681 = EDGE_CURVE ( 'NONE', #1643, #490, #527, .T. ) ;
#2682 = ADVANCED_FACE ( 'NONE', ( #1085 ), #3726, .T. ) ;
#2683 = CARTESIAN_POINT ( 'NONE',  ( 0.5499999999999998224, -0.4299999999999999378, -0.1999999999999999278 ) ) ;
#2684 = ORIENTED_EDGE ( 'NONE', *, *, #2753, .T. ) ;
#2685 = EDGE_CURVE ( 'NONE', #192, #3403, #263, .T. ) ;
#2686 = EDGE_CURVE ( 'NONE', #46, #2373, #3741, .T. ) ;
#2687 = DIRECTION ( 'NONE',  ( 0.000000000000000000, 0.000000000000000000, -1.000000000000000000 ) ) ;
#2688 = ORIENTED_EDGE ( 'NONE', *, *, #1260, .F. ) ;
#2689 = VECTOR ( 'NONE', #879, 1000.000000000000000 ) ;
#2690 = CARTESIAN_POINT ( 'NONE',  ( -1.000000000000000222, 0.5999999999999999778, 0.5999999999999999778 ) ) ;
#2691 = CARTESIAN_POINT ( 'NONE',  ( -0.5499999999999997113, -0.3999999999999999667, -0.6009999999999998677 ) ) ;
#2692 = STYLED_ITEM ( 'NONE', ( #2613 ), #3035 ) ;
#2693 = ORIENTED_EDGE ( 'NONE', *, *, #3302, .T. ) ;
#2694 = PLANE ( 'NONE',  #2127 ) ;
#2695 = CARTESIAN_POINT ( 'NONE',  ( -0.5999999999999997558, 0.5999999999999999778, -0.5999999999999999778 ) ) ;
#2696 = VECTOR ( 'NONE', #1789, 1000.000000000000000 ) ;
#2697 = AXIS2_PLACEMENT_3D ( 'NONE', #1341, #3296, #2155 ) ;
#2698 = DIRECTION ( 'NONE',  ( -5.421010862427523156E-16, 1.000000000000000000, 0.000000000000000000 ) ) ;
#2699 = CARTESIAN_POINT ( 'NONE',  ( 0.9999999999999997780, 0.5999999999999999778, 0.5999999999999999778 ) ) ;
#2700 = ORIENTED_EDGE ( 'NONE', *, *, #1612, .F. ) ;
#2701 = AXIS2_PLACEMENT_3D ( 'NONE', #304, #1167, #1814 ) ;
#2702 = DIRECTION ( 'NONE',  ( 0.000000000000000000, 0.000000000000000000, 1.000000000000000000 ) ) ;
#2703 = UNCERTAINTY_MEASURE_WITH_UNIT (LENGTH_MEASURE( 1.000000000000000082E-05 ), #26, 'distance_accuracy_value', 'NONE');
#2704 = EDGE_CURVE ( 'NONE', #659, #1940, #1819, .T. ) ;
#2705 = ORIENTED_EDGE ( 'NONE', *, *, #3725, .T. ) ;
#2706 = LINE ( 'NONE', #84, #364 ) ;
#2707 = DIRECTION ( 'NONE',  ( 0.000000000000000000, 2.710505431213761578E-16, -1.000000000000000000 ) ) ;
#2708 = FACE_OUTER_BOUND ( 'NONE', #1948, .T. ) ;
#2709 = ADVANCED_FACE ( 'NONE', ( #3477 ), #2872, .T. ) ;
#2710 = LINE ( 'NONE', #1261, #1500 ) ;
#2711 = EDGE_LOOP ( 'NONE', ( #2883, #2468, #1558, #3613 ) ) ;
#2712 = SPHERICAL_SURFACE ( 'NONE', #350, 0.05000000000000000278 ) ;
#2713 = CARTESIAN_POINT ( 'NONE',  ( 0.5999999999999998668, -0.4299999999999999378, 0.1999999999999999556 ) ) ;
#2714 = CARTESIAN_POINT ( 'NONE',  ( -0.9500000000000001776, -0.5999999999999999778, 0.5499999999999999334 ) ) ;
#2715 = DIRECTION ( 'NONE',  ( 1.000000000000000000, -2.168404344971007685E-15, 0.000000000000000000 ) ) ;
#2716 = DIRECTION ( 'NONE',  ( 0.000000000000000000, 1.000000000000000000, 0.000000000000000000 ) ) ;
#2717 = VECTOR ( 'NONE', #1999, 1000.000000000000000 ) ;
#2718 = AXIS2_PLACEMENT_3D ( 'NONE', #2930, #1753, #314 ) ;
#2719 = VECTOR ( 'NONE', #2028, 1000.000000000000000 ) ;
#2720 = VERTEX_POINT ( 'NONE', #963 ) ;
#2721 = SURFACE_STYLE_USAGE ( .BOTH. , #670 ) ;
#2722 = ORIENTED_EDGE ( 'NONE', *, *, #2094, .T. ) ;
#2723 = CARTESIAN_POINT ( 'NONE',  ( -0.9500000000000001776, -0.4299999999999999378, -0.5999999999999999778 ) ) ;
#2724 = FACE_OUTER_BOUND ( 'NONE', #2609, .T. ) ;
#2725 = CARTESIAN_POINT ( 'NONE',  ( 0.000000000000000000, -0.4299999999999999378, 0.000000000000000000 ) ) ;
#2726 = EDGE_CURVE ( 'NONE', #3199, #2473, #2420, .T. ) ;
#2727 = DIRECTION ( 'NONE',  ( -1.000000000000000000, -0.000000000000000000, 0.000000000000000000 ) ) ;
#2728 = MECHANICAL_DESIGN_GEOMETRIC_PRESENTATION_REPRESENTATION (  '', ( #1875 ), #1391 ) ;
#2729 = ORIENTED_EDGE ( 'NONE', *, *, #3498, .F. ) ;
#2730 =( NAMED_UNIT ( * ) SI_UNIT ( $, .STERADIAN. ) SOLID_ANGLE_UNIT ( ) );
#2731 = EDGE_CURVE ( 'NONE', #299, #96, #3457, .T. ) ;
#2732 =( NAMED_UNIT ( * ) SI_UNIT ( $, .STERADIAN. ) SOLID_ANGLE_UNIT ( ) );
#2733 = DIRECTION ( 'NONE',  ( 1.000000000000000000, -2.168404344971007685E-15, 0.000000000000000000 ) ) ;
#2734 = VERTEX_POINT ( 'NONE', #1802 ) ;
#2735 = DIRECTION ( 'NONE',  ( 0.000000000000000000, 0.000000000000000000, -1.000000000000000000 ) ) ;
#2736 = EDGE_CURVE ( 'NONE', #244, #1643, #2963, .T. ) ;
#2737 = FILL_AREA_STYLE ('',( #1027 ) ) ;
#2738 = COLOUR_RGB ( '',0.2509803921568627416, 0.2509803921568627416, 0.2509803921568627416 ) ;
#2739 = ORIENTED_EDGE ( 'NONE', *, *, #2794, .F. ) ;
#2740 = DIRECTION ( 'NONE',  ( 0.000000000000000000, 0.000000000000000000, -1.000000000000000000 ) ) ;
#2741 = ORIENTED_EDGE ( 'NONE', *, *, #519, .F. ) ;
#2742 = CLOSED_SHELL ( 'NONE', ( #2440, #2897, #3126, #402, #541, #2682, #3189, #1149, #770, #564 ) ) ;
#2743 = LINE ( 'NONE', #164, #2215 ) ;
#2744 = FILL_AREA_STYLE_COLOUR ( '', #689 ) ;
#2745 = CYLINDRICAL_SURFACE ( 'NONE', #570, 0.05000000000000002359 ) ;
#2746 = VECTOR ( 'NONE', #2727, 1000.000000000000000 ) ;
#2747 = ORIENTED_EDGE ( 'NONE', *, *, #1911, .F. ) ;
#2748 = DIRECTION ( 'NONE',  ( 1.000000000000000000, 0.000000000000000000, 2.168404344971008079E-15 ) ) ;
#2749 = PLANE ( 'NONE',  #3095 ) ;
#2750 = AXIS2_PLACEMENT_3D ( 'NONE', #522, #3735, #2306 ) ;
#2751 = CIRCLE ( 'NONE', #1895, 0.04999999999999999584 ) ;
#2752 =( NAMED_UNIT ( * ) SI_UNIT ( $, .STERADIAN. ) SOLID_ANGLE_UNIT ( ) );
#2753 = EDGE_CURVE ( 'NONE', #2092, #2435, #1838, .T. ) ;
#2754 = VERTEX_POINT ( 'NONE', #1248 ) ;
#2755 = VECTOR ( 'NONE', #280, 1000.000000000000000 ) ;
#2756 = FILL_AREA_STYLE_COLOUR ( '', #3758 ) ;
#2757 = AXIS2_PLACEMENT_3D ( 'NONE', #3113, #499, #2917 ) ;
#2758 = FACE_OUTER_BOUND ( 'NONE', #711, .T. ) ;
#2759 = VERTEX_POINT ( 'NONE', #2714 ) ;
#2760 = CARTESIAN_POINT ( 'NONE',  ( -0.5999999999999997558, -0.5999999999999999778, -0.1999999999999999833 ) ) ;
#2761 = CIRCLE ( 'NONE', #3003, 0.05000000000000002359 ) ;
#2762 = MECHANICAL_DESIGN_GEOMETRIC_PRESENTATION_REPRESENTATION (  '', ( #3365 ), #2950 ) ;
#2763 = ORIENTED_EDGE ( 'NONE', *, *, #1495, .F. ) ;
#2764 = PRESENTATION_STYLE_ASSIGNMENT (( #2432 ) ) ;
#2765 = ORIENTED_EDGE ( 'NONE', *, *, #357, .T. ) ;
#2766 = DIRECTION ( 'NONE',  ( 0.000000000000000000, 1.000000000000000000, 0.000000000000000000 ) ) ;
#2767 = DIRECTION ( 'NONE',  ( -1.000000000000000000, 0.000000000000000000, -0.000000000000000000 ) ) ;
#2768 = LINE ( 'NONE', #1323, #2597 ) ;
#2769 = DIRECTION ( 'NONE',  ( 0.000000000000000000, 0.000000000000000000, -1.000000000000000000 ) ) ;
#2770 = ORIENTED_EDGE ( 'NONE', *, *, #3196, .F. ) ;
#2771 = FACE_OUTER_BOUND ( 'NONE', #3692, .T. ) ;
#2772 = ADVANCED_FACE ( 'NONE', ( #2892 ), #54, .T. ) ;
#2773 = CARTESIAN_POINT ( 'NONE',  ( -0.5499999999999997113, -0.5499999999999999334, -0.2500000000000000000 ) ) ;
#2774 = EDGE_CURVE ( 'NONE', #1407, #3597, #3561, .T. ) ;
#2775 = DIRECTION ( 'NONE',  ( -2.168404344971008079E-15, 1.000000000000000000, 4.701977403289147930E-30 ) ) ;
#2776 = ORIENTED_EDGE ( 'NONE', *, *, #2823, .F. ) ;
#2777 = SURFACE_STYLE_FILL_AREA ( #460 ) ;
#2778 = MECHANICAL_DESIGN_GEOMETRIC_PRESENTATION_REPRESENTATION (  '', ( #2593 ), #532 ) ;
#2779 = AXIS2_PLACEMENT_3D ( 'NONE', #793, #3378, #530 ) ;
#2780 = COLOUR_RGB ( '',0.7921568627450980005, 0.8196078431372548767, 0.9333333333333333481 ) ;
#2781 = ORIENTED_EDGE ( 'NONE', *, *, #3191, .T. ) ;
#2782 =( GEOMETRIC_REPRESENTATION_CONTEXT ( 3 ) GLOBAL_UNCERTAINTY_ASSIGNED_CONTEXT ( ( #2827 ) ) GLOBAL_UNIT_ASSIGNED_CONTEXT ( ( #2154, #190, #2732 ) ) REPRESENTATION_CONTEXT ( 'NONE', 'WORKASPACE' ) );
#2783 = ORIENTED_EDGE ( 'NONE', *, *, #1957, .F. ) ;
#2784 = CARTESIAN_POINT ( 'NONE',  ( 0.5499999999999998224, -0.3999999999999999667, 0.3999999999999998557 ) ) ;
#2785 = DIRECTION ( 'NONE',  ( 1.000000000000000000, 0.000000000000000000, 0.000000000000000000 ) ) ;
#2786 = ORIENTED_EDGE ( 'NONE', *, *, #1375, .F. ) ;
#2787 = DIRECTION ( 'NONE',  ( -0.000000000000000000, -0.000000000000000000, 1.000000000000000000 ) ) ;
#2788 = DIRECTION ( 'NONE',  ( 0.000000000000000000, 0.000000000000000000, -1.000000000000000000 ) ) ;
#2789 = CIRCLE ( 'NONE', #2287, 0.04999999999999999584 ) ;
#2790 = SURFACE_SIDE_STYLE ('',( #1630 ) ) ;
#2791 = VERTEX_POINT ( 'NONE', #830 ) ;
#2792 = CARTESIAN_POINT ( 'NONE',  ( -0.5999999999999997558, -0.5999999999999999778, -0.5499999999999999334 ) ) ;
#2793 = DIRECTION ( 'NONE',  ( 0.000000000000000000, 0.000000000000000000, -1.000000000000000000 ) ) ;
#2794 = EDGE_CURVE ( 'NONE', #890, #1727, #2112, .T. ) ;
#2795 = EDGE_LOOP ( 'NONE', ( #1372, #1316, #517, #3103, #3603, #1507, #3080, #2998 ) ) ;
#2796 = DIRECTION ( 'NONE',  ( 0.000000000000000000, -0.000000000000000000, -1.000000000000000000 ) ) ;
#2797 = COLOUR_RGB ( '',0.2509803921568627416, 0.2509803921568627416, 0.2509803921568627416 ) ;
#2798 = PLANE ( 'NONE',  #3690 ) ;
#2799 = CYLINDRICAL_SURFACE ( 'NONE', #412, 0.05000000000000002359 ) ;
#2800 = ADVANCED_FACE ( 'NONE', ( #3278 ), #945, .F. ) ;
#2801 = VERTEX_POINT ( 'NONE', #1856 ) ;
#2802 = EDGE_CURVE ( 'NONE', #1578, #2801, #169, .T. ) ;
#2803 = ORIENTED_EDGE ( 'NONE', *, *, #565, .F. ) ;
#2804 = CARTESIAN_POINT ( 'NONE',  ( -0.9500000000000001776, 0.5999999999999999778, 0.5499999999999999334 ) ) ;
#2805 = CARTESIAN_POINT ( 'NONE',  ( -1.000000000000000222, -0.4299999999999999378, -0.1999999999999999278 ) ) ;
#2806 = EDGE_LOOP ( 'NONE', ( #730, #391, #3141, #2076 ) ) ;
#2807 = FACE_OUTER_BOUND ( 'NONE', #959, .T. ) ;
#2808 =( NAMED_UNIT ( * ) SI_UNIT ( $, .STERADIAN. ) SOLID_ANGLE_UNIT ( ) );
#2809 = ORIENTED_EDGE ( 'NONE', *, *, #1032, .T. ) ;
#2810 = CARTESIAN_POINT ( 'NONE',  ( 0.5999999999999998668, -0.4299999999999999378, 0.5499999999999998224 ) ) ;
#2811 = VECTOR ( 'NONE', #1394, 1000.000000000000000 ) ;
#2812 = CARTESIAN_POINT ( 'NONE',  ( 0.9499999999999997335, 0.3999999999999999667, 0.5499999999999999334 ) ) ;
#2813 = CARTESIAN_POINT ( 'NONE',  ( -0.5499999999999997113, -0.4299999999999999378, -0.2499999999999999445 ) ) ;
#2814 = AXIS2_PLACEMENT_3D ( 'NONE', #3347, #3291, #726 ) ;
#2815 = ORIENTED_EDGE ( 'NONE', *, *, #1239, .T. ) ;
#2816 = DIRECTION ( 'NONE',  ( 1.000000000000000000, 0.000000000000000000, 0.000000000000000000 ) ) ;
#2817 = CIRCLE ( 'NONE', #3601, 0.05000000000000002359 ) ;
#2818 = VERTEX_POINT ( 'NONE', #2131 ) ;
#2819 = ORIENTED_EDGE ( 'NONE', *, *, #884, .F. ) ;
#2820 = AXIS2_PLACEMENT_3D ( 'NONE', #1389, #107, #1904 ) ;
#2821 = DIRECTION ( 'NONE',  ( -1.000000000000000000, -0.000000000000000000, -0.000000000000000000 ) ) ;
#2822 =( NAMED_UNIT ( * ) PLANE_ANGLE_UNIT ( ) SI_UNIT ( $, .RADIAN. ) );
#2823 = EDGE_CURVE ( 'NONE', #1233, #3675, #1907, .T. ) ;
#2824 = CIRCLE ( 'NONE', #1063, 0.05000000000000002359 ) ;
#2825 = ORIENTED_EDGE ( 'NONE', *, *, #638, .T. ) ;
#2826 = FILL_AREA_STYLE_COLOUR ( '', #1660 ) ;
#2827 = UNCERTAINTY_MEASURE_WITH_UNIT (LENGTH_MEASURE( 1.000000000000000082E-05 ), #2154, 'distance_accuracy_value', 'NONE');
#2828 = SURFACE_STYLE_USAGE ( .BOTH. , #2850 ) ;
#2829 = PRESENTATION_LAYER_ASSIGNMENT (  '', '', ( #2452 ) ) ;
#2830 = ADVANCED_FACE ( 'NONE', ( #432 ), #2749, .F. ) ;
#2831 = DIRECTION ( 'NONE',  ( 1.000000000000000000, 0.000000000000000000, 0.000000000000000000 ) ) ;
#2832 = ORIENTED_EDGE ( 'NONE', *, *, #884, .T. ) ;
#2833 =( GEOMETRIC_REPRESENTATION_CONTEXT ( 3 ) GLOBAL_UNCERTAINTY_ASSIGNED_CONTEXT ( ( #2393 ) ) GLOBAL_UNIT_ASSIGNED_CONTEXT ( ( #1506, #1463, #2335 ) ) REPRESENTATION_CONTEXT ( 'NONE', 'WORKASPACE' ) );
#2834 = DIRECTION ( 'NONE',  ( 0.000000000000000000, 0.000000000000000000, -1.000000000000000000 ) ) ;
#2835 = CARTESIAN_POINT ( 'NONE',  ( -1.000000000000000222, -0.4299999999999999378, 0.1999999999999999556 ) ) ;
#2836 = CARTESIAN_POINT ( 'NONE',  ( 0.9499999999999997335, -0.4299999999999999378, 0.5499999999999999334 ) ) ;
#2837 = SURFACE_STYLE_USAGE ( .BOTH. , #1440 ) ;
#2838 = CARTESIAN_POINT ( 'NONE',  ( -0.5999999999999997558, -0.5499999999999999334, 0.2499999999999999445 ) ) ;
#2839 = AXIS2_PLACEMENT_3D ( 'NONE', #2635, #2363, #615 ) ;
#2840 = ORIENTED_EDGE ( 'NONE', *, *, #3233, .F. ) ;
#2841 = ORIENTED_EDGE ( 'NONE', *, *, #2753, .F. ) ;
#2842 = CYLINDRICAL_SURFACE ( 'NONE', #396, 0.05000000000000002359 ) ;
#2843 =( GEOMETRIC_REPRESENTATION_CONTEXT ( 3 ) GLOBAL_UNCERTAINTY_ASSIGNED_CONTEXT ( ( #721 ) ) GLOBAL_UNIT_ASSIGNED_CONTEXT ( ( #1570, #3598, #2730 ) ) REPRESENTATION_CONTEXT ( 'NONE', 'WORKASPACE' ) );
#2844 = PRESENTATION_LAYER_ASSIGNMENT (  '', '', ( #93 ) ) ;
#2845 = FILL_AREA_STYLE ('',( #1371 ) ) ;
#2846 = MECHANICAL_DESIGN_GEOMETRIC_PRESENTATION_REPRESENTATION (  '', ( #2967 ), #2782 ) ;
#2847 = ORIENTED_EDGE ( 'NONE', *, *, #2736, .T. ) ;
#2848 = EDGE_CURVE ( 'NONE', #823, #3180, #2662, .T. ) ;
#2849 = CARTESIAN_POINT ( 'NONE',  ( 0.5999999999999998668, -0.4299999999999999378, -0.2499999999999999445 ) ) ;
#2850 = SURFACE_SIDE_STYLE ('',( #3736 ) ) ;
#2851 =( NAMED_UNIT ( * ) PLANE_ANGLE_UNIT ( ) SI_UNIT ( $, .RADIAN. ) );
#2852 = VERTEX_POINT ( 'NONE', #1021 ) ;
#2853 = DIRECTION ( 'NONE',  ( -0.000000000000000000, 1.000000000000000000, -0.000000000000000000 ) ) ;
#2854 = CARTESIAN_POINT ( 'NONE',  ( -0.5499999999999997113, -0.2999999999999999889, -0.3999999999999999112 ) ) ;
#2855 = CARTESIAN_POINT ( 'NONE',  ( 0.5999999999999999778, -0.5499999999999999334, -0.5499999999999999334 ) ) ;
#2856 = CARTESIAN_POINT ( 'NONE',  ( -0.5499999999999997113, -0.3999999999999999667, -0.5999999999999999778 ) ) ;
#2857 = CARTESIAN_POINT ( 'NONE',  ( 0.9499999999999997335, -0.5499999999999999334, 0.5499999999999999334 ) ) ;
#2858 =( NAMED_UNIT ( * ) SI_UNIT ( $, .STERADIAN. ) SOLID_ANGLE_UNIT ( ) );
#2859 = ORIENTED_EDGE ( 'NONE', *, *, #3513, .T. ) ;
#2860 = MECHANICAL_DESIGN_GEOMETRIC_PRESENTATION_REPRESENTATION (  '', ( #171 ), #2307 ) ;
#2861 = ORIENTED_EDGE ( 'NONE', *, *, #3354, .T. ) ;
#2862 = DIRECTION ( 'NONE',  ( 1.000000000000000000, -0.000000000000000000, 0.000000000000000000 ) ) ;
#2863 = DIRECTION ( 'NONE',  ( 0.000000000000000000, 2.710505431213761578E-16, -1.000000000000000000 ) ) ;
#2864 = ORIENTED_EDGE ( 'NONE', *, *, #1373, .T. ) ;
#2865 = SURFACE_STYLE_USAGE ( .BOTH. , #207 ) ;
#2866 = CARTESIAN_POINT ( 'NONE',  ( 0.5499999999999998224, 0.3999999999999999667, 0.3999999999999999112 ) ) ;
#2867 = ORIENTED_EDGE ( 'NONE', *, *, #2372, .F. ) ;
#2868 = CARTESIAN_POINT ( 'NONE',  ( -0.9500000000000001776, 0.3999999999999999667, 0.5499999999999999334 ) ) ;
#2869 = EDGE_CURVE ( 'NONE', #1663, #192, #2175, .T. ) ;
#2870 = AXIS2_PLACEMENT_3D ( 'NONE', #2596, #2553, #509 ) ;
#2871 = DIRECTION ( 'NONE',  ( 0.000000000000000000, 0.000000000000000000, -1.000000000000000000 ) ) ;
#2872 = CYLINDRICAL_SURFACE ( 'NONE', #592, 0.04999999999999999584 ) ;
#2873 = CARTESIAN_POINT ( 'NONE',  ( 0.9499999999999997335, -0.5500000000000000444, 0.5499999999999999334 ) ) ;
#2874 = CARTESIAN_POINT ( 'NONE',  ( -0.5499999999999998224, 0.3999999999999999667, -0.4999999999999998890 ) ) ;
#2875 = CIRCLE ( 'NONE', #67, 0.05000000000000002359 ) ;
#2876 = EDGE_LOOP ( 'NONE', ( #290, #2989, #3346, #3672 ) ) ;
#2877 = VERTEX_POINT ( 'NONE', #1610 ) ;
#2878 = CARTESIAN_POINT ( 'NONE',  ( -1.000000000000000222, 0.3999999999999999667, 0.5999999999999999778 ) ) ;
#2879 = VECTOR ( 'NONE', #1158, 1000.000000000000000 ) ;
#2880 = CARTESIAN_POINT ( 'NONE',  ( -1.000000000000000222, -0.4299999999999999378, -0.5999999999999999778 ) ) ;
#2881 = CARTESIAN_POINT ( 'NONE',  ( -0.9500000000000001776, -0.4299999999999999378, 0.5499999999999999334 ) ) ;
#2882 =( GEOMETRIC_REPRESENTATION_CONTEXT ( 3 ) GLOBAL_UNCERTAINTY_ASSIGNED_CONTEXT ( ( #696 ) ) GLOBAL_UNIT_ASSIGNED_CONTEXT ( ( #2329, #470, #2752 ) ) REPRESENTATION_CONTEXT ( 'NONE', 'WORKASPACE' ) );
#2883 = ORIENTED_EDGE ( 'NONE', *, *, #2188, .T. ) ;
#2884 = DIRECTION ( 'NONE',  ( -1.000000000000000000, 0.000000000000000000, 0.000000000000000000 ) ) ;
#2885 = LINE ( 'NONE', #3149, #3232 ) ;
#2886 = EDGE_LOOP ( 'NONE', ( #1060, #2739, #2992, #2544 ) ) ;
#2887 = CARTESIAN_POINT ( 'NONE',  ( -0.5499999999999997113, -0.4299999999999999378, -0.6009999999999998677 ) ) ;
#2888 = CARTESIAN_POINT ( 'NONE',  ( 0.9499999999999996225, -0.5500000000000000444, -0.5999999999999999778 ) ) ;
#2889 = SURFACE_SIDE_STYLE ('',( #512 ) ) ;
#2890 = CARTESIAN_POINT ( 'NONE',  ( -0.5499999999999997113, -0.5499999999999999334, 0.5499999999999998224 ) ) ;
#2891 = EDGE_CURVE ( 'NONE', #742, #3350, #2768, .T. ) ;
#2892 = FACE_OUTER_BOUND ( 'NONE', #3184, .T. ) ;
#2893 = PRESENTATION_STYLE_ASSIGNMENT (( #1734 ) ) ;
#2894 = DIRECTION ( 'NONE',  ( 0.000000000000000000, 0.000000000000000000, -1.000000000000000000 ) ) ;
#2895 = ORIENTED_EDGE ( 'NONE', *, *, #2211, .T. ) ;
#2896 = ORIENTED_EDGE ( 'NONE', *, *, #1238, .F. ) ;
#2897 = ADVANCED_FACE ( 'NONE', ( #275 ), #2512, .F. ) ;
#2898 = SURFACE_STYLE_FILL_AREA ( #2033 ) ;
#2899 = CYLINDRICAL_SURFACE ( 'NONE', #3560, 0.05000000000000002359 ) ;
#2900 = ORIENTED_EDGE ( 'NONE', *, *, #452, .F. ) ;
#2901 = LINE ( 'NONE', #287, #3577 ) ;
#2902 = DIRECTION ( 'NONE',  ( 0.000000000000000000, 1.000000000000000000, -0.000000000000000000 ) ) ;
#2903 = AXIS2_PLACEMENT_3D ( 'NONE', #2857, #241, #492 ) ;
#2904 = VECTOR ( 'NONE', #1161, 1000.000000000000000 ) ;
#2905 = ORIENTED_EDGE ( 'NONE', *, *, #3628, .T. ) ;
#2906 =( LENGTH_UNIT ( ) NAMED_UNIT ( * ) SI_UNIT ( .MILLI., .METRE. ) );
#2907 = SURFACE_SIDE_STYLE ('',( #3563 ) ) ;
#2908 = CARTESIAN_POINT ( 'NONE',  ( -0.9500000000000001776, -0.4299999999999999378, -0.1999999999999999278 ) ) ;
#2909 = DIRECTION ( 'NONE',  ( 1.000000000000000000, 0.000000000000000000, 0.000000000000000000 ) ) ;
#2910 = DIRECTION ( 'NONE',  ( -1.084202172485504434E-15, 1.000000000000000000, 0.000000000000000000 ) ) ;
#2911 = AXIS2_PLACEMENT_3D ( 'NONE', #337, #359, #57 ) ;
#2912 = ORIENTED_EDGE ( 'NONE', *, *, #1051, .F. ) ;
#2913 = ORIENTED_EDGE ( 'NONE', *, *, #1120, .F. ) ;
#2914 = PRODUCT_DEFINITION ( 'UNKNOWN', '', #2574, #427 ) ;
#2915 =( NAMED_UNIT ( * ) PLANE_ANGLE_UNIT ( ) SI_UNIT ( $, .RADIAN. ) );
#2916 = LINE ( 'NONE', #437, #1923 ) ;
#2917 = DIRECTION ( 'NONE',  ( 0.000000000000000000, 0.000000000000000000, -1.000000000000000000 ) ) ;
#2918 = EDGE_CURVE ( 'NONE', #1844, #2248, #2875, .T. ) ;
#2919 = ORIENTED_EDGE ( 'NONE', *, *, #1397, .F. ) ;
#2920 = CARTESIAN_POINT ( 'NONE',  ( 0.000000000000000000, -0.4299999999999999378, 0.000000000000000000 ) ) ;
#2921 = DIRECTION ( 'NONE',  ( -1.000000000000000000, 0.000000000000000000, 0.000000000000000000 ) ) ;
#2922 = AXIS2_PLACEMENT_3D ( 'NONE', #3107, #178, #2796 ) ;
#2923 = PLANE ( 'NONE',  #1540 ) ;
#2924 = ORIENTED_EDGE ( 'NONE', *, *, #1567, .T. ) ;
#2925 = SURFACE_STYLE_FILL_AREA ( #1247 ) ;
#2926 = SURFACE_STYLE_USAGE ( .BOTH. , #619 ) ;
#2927 = SURFACE_STYLE_FILL_AREA ( #2983 ) ;
#2928 = CARTESIAN_POINT ( 'NONE',  ( -0.5499999999999997113, -0.4299999999999999378, -0.6009999999999998677 ) ) ;
#2929 = PRODUCT_DEFINITION_SHAPE ( 'NONE', 'NONE',  #2914 ) ;
#2930 = CARTESIAN_POINT ( 'NONE',  ( -0.5999999999999997558, -0.5499999999999999334, -0.2499999999999999445 ) ) ;
#2931 = LINE ( 'NONE', #2874, #1437 ) ;
#2932 = VERTEX_POINT ( 'NONE', #1155 ) ;
#2933 = ORIENTED_EDGE ( 'NONE', *, *, #1915, .F. ) ;
#2934 = AXIS2_PLACEMENT_3D ( 'NONE', #3369, #1628, #1571 ) ;
#2935 = STYLED_ITEM ( 'NONE', ( #1251 ), #814 ) ;
#2936 = ORIENTED_EDGE ( 'NONE', *, *, #2217, .T. ) ;
#2937 = DIRECTION ( 'NONE',  ( -0.000000000000000000, -1.000000000000000000, 0.000000000000000000 ) ) ;
#2938 = MECHANICAL_DESIGN_GEOMETRIC_PRESENTATION_REPRESENTATION (  '', ( #863 ), #744 ) ;
#2939 = DIRECTION ( 'NONE',  ( 0.000000000000000000, 1.000000000000000000, -1.084202172485503842E-15 ) ) ;
#2940 = EDGE_CURVE ( 'NONE', #911, #1286, #859, .T. ) ;
#2941 = EDGE_CURVE ( 'NONE', #3366, #815, #783, .T. ) ;
#2942 = STYLED_ITEM ( 'NONE', ( #1933 ), #3327 ) ;
#2943 = DIRECTION ( 'NONE',  ( -1.000000000000000000, 0.000000000000000000, 0.000000000000000000 ) ) ;
#2944 = ORIENTED_EDGE ( 'NONE', *, *, #913, .T. ) ;
#2945 = CARTESIAN_POINT ( 'NONE',  ( 0.5499999999999998224, -0.2999999999999997113, -0.4999999999999998890 ) ) ;
#2946 = EDGE_CURVE ( 'NONE', #2791, #1226, #229, .T. ) ;
#2947 = CIRCLE ( 'NONE', #389, 0.05000000000000002359 ) ;
#2948 = CIRCLE ( 'NONE', #812, 0.05000000000000002359 ) ;
#2949 = CARTESIAN_POINT ( 'NONE',  ( -0.9500000000000001776, -0.5500000000000000444, 0.5499999999999999334 ) ) ;
#2950 =( GEOMETRIC_REPRESENTATION_CONTEXT ( 3 ) GLOBAL_UNCERTAINTY_ASSIGNED_CONTEXT ( ( #892 ) ) GLOBAL_UNIT_ASSIGNED_CONTEXT ( ( #954, #997, #1035 ) ) REPRESENTATION_CONTEXT ( 'NONE', 'WORKASPACE' ) );
#2951 = DIRECTION ( 'NONE',  ( 0.000000000000000000, 1.000000000000000000, -0.000000000000000000 ) ) ;
#2952 = STYLED_ITEM ( 'NONE', ( #1467 ), #2440 ) ;
#2953 = SURFACE_STYLE_USAGE ( .BOTH. , #625 ) ;
#2954 = ORIENTED_EDGE ( 'NONE', *, *, #3659, .T. ) ;
#2955 = ORIENTED_EDGE ( 'NONE', *, *, #1612, .T. ) ;
#2956 = DIRECTION ( 'NONE',  ( 2.168404344971008079E-15, 1.000000000000000000, 0.000000000000000000 ) ) ;
#2957 = ORIENTED_EDGE ( 'NONE', *, *, #1820, .F. ) ;
#2958 = COLOUR_RGB ( '',0.2509803921568627416, 0.2509803921568627416, 0.2509803921568627416 ) ;
#2959 = FACE_OUTER_BOUND ( 'NONE', #3368, .T. ) ;
#2960 = EDGE_CURVE ( 'NONE', #32, #3615, #2263, .T. ) ;
#2961 = ORIENTED_EDGE ( 'NONE', *, *, #1380, .T. ) ;
#2962 = DIRECTION ( 'NONE',  ( -0.000000000000000000, 1.000000000000000000, 0.000000000000000000 ) ) ;
#2963 = LINE ( 'NONE', #680, #2168 ) ;
#2964 = STYLED_ITEM ( 'NONE', ( #479 ), #2658 ) ;
#2965 = STYLED_ITEM ( 'NONE', ( #1393 ), #989 ) ;
#2966 = CARTESIAN_POINT ( 'NONE',  ( 0.5499999999999999334, -0.5999999999999999778, -0.2500000000000000000 ) ) ;
#2967 = STYLED_ITEM ( 'NONE', ( #1926 ), #2830 ) ;
#2968 = LINE ( 'NONE', #2928, #1160 ) ;
#2969 = CARTESIAN_POINT ( 'NONE',  ( -0.5499999999999998224, 0.3999999999999999667, -0.3999999999999998557 ) ) ;
#2970 = ORIENTED_EDGE ( 'NONE', *, *, #1715, .T. ) ;
#2971 =( NAMED_UNIT ( * ) PLANE_ANGLE_UNIT ( ) SI_UNIT ( $, .RADIAN. ) );
#2972 = FILL_AREA_STYLE ('',( #1329 ) ) ;
#2973 = ORIENTED_EDGE ( 'NONE', *, *, #2584, .F. ) ;
#2974 = CARTESIAN_POINT ( 'NONE',  ( -1.000000000000000222, -0.4299999999999999378, -0.2499999999999998890 ) ) ;
#2975 = LINE ( 'NONE', #369, #258 ) ;
#2976 = FACE_OUTER_BOUND ( 'NONE', #2282, .T. ) ;
#2977 = ORIENTED_EDGE ( 'NONE', *, *, #424, .F. ) ;
#2978 = FACE_OUTER_BOUND ( 'NONE', #1169, .T. ) ;
#2979 = CARTESIAN_POINT ( 'NONE',  ( 0.9999999999999997780, 0.5999999999999999778, 0.5999999999999999778 ) ) ;
#2980 = CIRCLE ( 'NONE', #3279, 0.05000000000000002359 ) ;
#2981 = DIRECTION ( 'NONE',  ( -1.000000000000000000, 0.000000000000000000, -0.000000000000000000 ) ) ;
#2982 = PRODUCT_RELATED_PRODUCT_CATEGORY ( 'part', '', ( #1018 ) ) ;
#2983 = FILL_AREA_STYLE ('',( #3209 ) ) ;
#2984 =( LENGTH_UNIT ( ) NAMED_UNIT ( * ) SI_UNIT ( .MILLI., .METRE. ) );
#2985 = ADVANCED_FACE ( 'NONE', ( #505 ), #1745, .F. ) ;
#2986 = CARTESIAN_POINT ( 'NONE',  ( 0.5999999999999999778, -0.5499999999999999334, 0.5499999999999998224 ) ) ;
#2987 = EDGE_CURVE ( 'NONE', #3074, #3366, #2089, .T. ) ;
#2988 = CLOSED_SHELL ( 'NONE', ( #3750, #1661, #2254, #2281, #2109, #1498, #2772, #658, #644, #3648, #159, #1842, #3058, #1313, #2418, #2042, #3371, #375 ) ) ;
#2989 = ORIENTED_EDGE ( 'NONE', *, *, #791, .F. ) ;
#2990 = DIRECTION ( 'NONE',  ( 0.000000000000000000, 0.000000000000000000, -1.000000000000000000 ) ) ;
#2991 = DIRECTION ( 'NONE',  ( 0.000000000000000000, -1.000000000000000000, 0.000000000000000000 ) ) ;
#2992 = ORIENTED_EDGE ( 'NONE', *, *, #2000, .F. ) ;
#2993 = AXIS2_PLACEMENT_3D ( 'NONE', #2676, #599, #53 ) ;
#2994 = CYLINDRICAL_SURFACE ( 'NONE', #547, 0.05000000000000002359 ) ;
#2995 = CYLINDRICAL_SURFACE ( 'NONE', #1793, 0.05000000000000002359 ) ;
#2996 = DIRECTION ( 'NONE',  ( 0.000000000000000000, 1.000000000000000000, 2.710505431213761578E-16 ) ) ;
#2997 = VECTOR ( 'NONE', #2231, 1000.000000000000000 ) ;
#2998 = ORIENTED_EDGE ( 'NONE', *, *, #181, .F. ) ;
#2999 = DIRECTION ( 'NONE',  ( 0.000000000000000000, 0.000000000000000000, -1.000000000000000000 ) ) ;
#3000 = DIRECTION ( 'NONE',  ( -0.000000000000000000, 1.000000000000000000, -0.000000000000000000 ) ) ;
#3001 = PRESENTATION_LAYER_ASSIGNMENT (  '', '', ( #864 ) ) ;
#3002 = DIRECTION ( 'NONE',  ( -0.000000000000000000, -0.000000000000000000, 1.000000000000000000 ) ) ;
#3003 = AXIS2_PLACEMENT_3D ( 'NONE', #751, #2421, #2733 ) ;
#3004 = FACE_OUTER_BOUND ( 'NONE', #1296, .T. ) ;
#3005 = FILL_AREA_STYLE ('',( #3264 ) ) ;
#3006 = AXIS2_PLACEMENT_3D ( 'NONE', #612, #2921, #3505 ) ;
#3007 = EDGE_CURVE ( 'NONE', #817, #2801, #597, .T. ) ;
#3008 = ORIENTED_EDGE ( 'NONE', *, *, #2253, .T. ) ;
#3009 = PRESENTATION_LAYER_ASSIGNMENT (  '', '', ( #3429 ) ) ;
#3010 = CARTESIAN_POINT ( 'NONE',  ( 0.000000000000000000, -0.5499999999999999334, 0.2499999999999999445 ) ) ;
#3011 = UNCERTAINTY_MEASURE_WITH_UNIT (LENGTH_MEASURE( 1.000000000000000082E-05 ), #2158, 'distance_accuracy_value', 'NONE');
#3012 = PRESENTATION_LAYER_ASSIGNMENT (  '', '', ( #1187 ) ) ;
#3013 = ORIENTED_EDGE ( 'NONE', *, *, #3536, .T. ) ;
#3014 = CARTESIAN_POINT ( 'NONE',  ( -0.5499999999999997113, -0.4299999999999999378, -0.6009999999999998677 ) ) ;
#3015 = CARTESIAN_POINT ( 'NONE',  ( -0.5999999999999997558, -0.3999999999999999667, -0.5499999999999999334 ) ) ;
#3016 = FACE_OUTER_BOUND ( 'NONE', #3076, .T. ) ;
#3017 = VERTEX_POINT ( 'NONE', #2397 ) ;
#3018 = CARTESIAN_POINT ( 'NONE',  ( -1.000000000000000222, 0.6000000000000001998, -0.2499999999999995837 ) ) ;
#3019 = CARTESIAN_POINT ( 'NONE',  ( -0.5499999999999997113, -0.3999999999999999667, -0.6009999999999998677 ) ) ;
#3020 = PRESENTATION_LAYER_ASSIGNMENT (  '', '', ( #881 ) ) ;
#3021 = DIRECTION ( 'NONE',  ( -2.168404344971008079E-15, 1.000000000000000000, -4.701977403289146529E-30 ) ) ;
#3022 = EDGE_LOOP ( 'NONE', ( #2763, #3550, #3324, #3254 ) ) ;
#3023 = LINE ( 'NONE', #982, #45 ) ;
#3024 = FILL_AREA_STYLE_COLOUR ( '', #3056 ) ;
#3025 = MECHANICAL_DESIGN_GEOMETRIC_PRESENTATION_REPRESENTATION (  '', ( #1865 ), #1216 ) ;
#3026 = MECHANICAL_DESIGN_GEOMETRIC_PRESENTATION_REPRESENTATION (  '', ( #283 ), #221 ) ;
#3027 = CIRCLE ( 'NONE', #2594, 0.04999999999999999584 ) ;
#3028 = ORIENTED_EDGE ( 'NONE', *, *, #3701, .F. ) ;
#3029 = DIRECTION ( 'NONE',  ( -1.000000000000000000, 0.000000000000000000, 0.000000000000000000 ) ) ;
#3030 = EDGE_CURVE ( 'NONE', #2656, #1808, #2751, .T. ) ;
#3031 = ORIENTED_EDGE ( 'NONE', *, *, #2774, .T. ) ;
#3032 = ORIENTED_EDGE ( 'NONE', *, *, #1380, .F. ) ;
#3033 = DIRECTION ( 'NONE',  ( 0.000000000000000000, -1.000000000000000000, -2.710505431213761578E-16 ) ) ;
#3034 = FACE_OUTER_BOUND ( 'NONE', #403, .T. ) ;
#3035 = ADVANCED_FACE ( 'NONE', ( #3773 ), #2923, .F. ) ;
#3036 = EDGE_CURVE ( 'NONE', #2146, #46, #3240, .T. ) ;
#3037 = DIRECTION ( 'NONE',  ( 1.000000000000000000, 0.000000000000000000, -0.000000000000000000 ) ) ;
#3038 = PRESENTATION_LAYER_ASSIGNMENT (  '', '', ( #1875 ) ) ;
#3039 = EDGE_LOOP ( 'NONE', ( #723, #3057, #3516 ) ) ;
#3040 = DIRECTION ( 'NONE',  ( 0.000000000000000000, 0.000000000000000000, -1.000000000000000000 ) ) ;
#3041 = DIRECTION ( 'NONE',  ( 0.000000000000000000, 0.000000000000000000, 1.000000000000000000 ) ) ;
#3042 = EDGE_CURVE ( 'NONE', #3400, #1165, #1833, .T. ) ;
#3043 = CYLINDRICAL_SURFACE ( 'NONE', #1236, 0.05000000000000002359 ) ;
#3044 = VECTOR ( 'NONE', #1153, 1000.000000000000000 ) ;
#3045 = EDGE_LOOP ( 'NONE', ( #1644, #3531, #2552, #3621 ) ) ;
#3046 = CARTESIAN_POINT ( 'NONE',  ( -0.5999999999999997558, -0.5999999999999999778, 0.2499999999999999445 ) ) ;
#3047 = FILL_AREA_STYLE ('',( #1874 ) ) ;
#3048 = AXIS2_PLACEMENT_3D ( 'NONE', #790, #1840, #1823 ) ;
#3049 = ORIENTED_EDGE ( 'NONE', *, *, #109, .T. ) ;
#3050 = LINE ( 'NONE', #2183, #2352 ) ;
#3051 = UNCERTAINTY_MEASURE_WITH_UNIT (LENGTH_MEASURE( 1.000000000000000082E-05 ), #832, 'distance_accuracy_value', 'NONE');
#3052 = ORIENTED_EDGE ( 'NONE', *, *, #728, .T. ) ;
#3053 = DIRECTION ( 'NONE',  ( 0.000000000000000000, -1.000000000000000000, 0.000000000000000000 ) ) ;
#3054 = LINE ( 'NONE', #444, #7 ) ;
#3055 = FILL_AREA_STYLE ('',( #2433 ) ) ;
#3056 = COLOUR_RGB ( '',0.2509803921568627416, 0.2509803921568627416, 0.2509803921568627416 ) ;
#3057 = ORIENTED_EDGE ( 'NONE', *, *, #265, .T. ) ;
#3058 = ADVANCED_FACE ( 'NONE', ( #305 ), #2380, .T. ) ;
#3059 = PRESENTATION_STYLE_ASSIGNMENT (( #3616 ) ) ;
#3060 = EDGE_CURVE ( 'NONE', #1407, #2243, #443, .T. ) ;
#3061 = FILL_AREA_STYLE ('',( #1886 ) ) ;
#3062 = DIRECTION ( 'NONE',  ( -0.000000000000000000, -0.000000000000000000, 1.000000000000000000 ) ) ;
#3063 = AXIS2_PLACEMENT_3D ( 'NONE', #1689, #2510, #274 ) ;
#3064 =( GEOMETRIC_REPRESENTATION_CONTEXT ( 3 ) GLOBAL_UNCERTAINTY_ASSIGNED_CONTEXT ( ( #3696 ) ) GLOBAL_UNIT_ASSIGNED_CONTEXT ( ( #1088, #2822, #1069 ) ) REPRESENTATION_CONTEXT ( 'NONE', 'WORKASPACE' ) );
#3065 = LINE ( 'NONE', #1839, #3183 ) ;
#3066 = EDGE_LOOP ( 'NONE', ( #448, #1868, #1367, #747 ) ) ;
#3067 = LINE ( 'NONE', #3104, #740 ) ;
#3068 = VECTOR ( 'NONE', #799, 1000.000000000000000 ) ;
#3069 = DIRECTION ( 'NONE',  ( 1.000000000000000000, 0.000000000000000000, -0.000000000000000000 ) ) ;
#3070 = CARTESIAN_POINT ( 'NONE',  ( 0.9499999999999997335, -0.5499999999999999334, -0.5499999999999999334 ) ) ;
#3071 = AXIS2_PLACEMENT_3D ( 'NONE', #3602, #1909, #2769 ) ;
#3072 = EDGE_LOOP ( 'NONE', ( #30, #2134, #1162, #2781, #3142, #708, #3318, #1314 ) ) ;
#3073 = CARTESIAN_POINT ( 'NONE',  ( -0.5499999999999997113, -0.3999999999999999667, -0.1999999999999999278 ) ) ;
#3074 = VERTEX_POINT ( 'NONE', #1815 ) ;
#3075 = PRESENTATION_LAYER_ASSIGNMENT (  '', '', ( #2507 ) ) ;
#3076 = EDGE_LOOP ( 'NONE', ( #1485, #3731, #2900, #1563 ) ) ;
#3077 = PLANE ( 'NONE',  #3425 ) ;
#3078 =( NAMED_UNIT ( * ) SI_UNIT ( $, .STERADIAN. ) SOLID_ANGLE_UNIT ( ) );
#3079 = CARTESIAN_POINT ( 'NONE',  ( -1.000000000000000222, -0.5999999999999999778, 0.5499999999999999334 ) ) ;
#3080 = ORIENTED_EDGE ( 'NONE', *, *, #2941, .F. ) ;
#3081 = LINE ( 'NONE', #2153, #1476 ) ;
#3082 = DIRECTION ( 'NONE',  ( -1.000000000000000000, -0.000000000000000000, -0.000000000000000000 ) ) ;
#3083 = EDGE_CURVE ( 'NONE', #319, #1792, #2975, .T. ) ;
#3084 = LINE ( 'NONE', #3317, #1421 ) ;
#3085 = ORIENTED_EDGE ( 'NONE', *, *, #2399, .F. ) ;
#3086 = CARTESIAN_POINT ( 'NONE',  ( -0.9500000000000001776, -0.5500000000000000444, -0.5500000000000000444 ) ) ;
#3087 = CARTESIAN_POINT ( 'NONE',  ( -1.000000000000000222, -0.5500000000000000444, -0.5500000000000000444 ) ) ;
#3088 = ADVANCED_FACE ( 'NONE', ( #1582 ), #693, .F. ) ;
#3089 = ORIENTED_EDGE ( 'NONE', *, *, #2073, .F. ) ;
#3090 = FACE_OUTER_BOUND ( 'NONE', #785, .T. ) ;
#3091 = VECTOR ( 'NONE', #1918, 1000.000000000000000 ) ;
#3092 = DIRECTION ( 'NONE',  ( 0.000000000000000000, 0.000000000000000000, -1.000000000000000000 ) ) ;
#3093 = PRESENTATION_LAYER_ASSIGNMENT (  '', '', ( #3206 ) ) ;
#3094 = ORIENTED_EDGE ( 'NONE', *, *, #3398, .T. ) ;
#3095 = AXIS2_PLACEMENT_3D ( 'NONE', #3019, #1871, #1572 ) ;
#3096 = ORIENTED_EDGE ( 'NONE', *, *, #3150, .T. ) ;
#3097 = LINE ( 'NONE', #3501, #874 ) ;
#3098 = DIRECTION ( 'NONE',  ( 0.000000000000000000, 1.000000000000000000, 2.710505431213761578E-16 ) ) ;
#3099 = EDGE_LOOP ( 'NONE', ( #3181, #1739, #1396, #1024 ) ) ;
#3100 = CARTESIAN_POINT ( 'NONE',  ( -1.000000000000000222, 0.5999999999999999778, -0.5500000000000000444 ) ) ;
#3101 = CARTESIAN_POINT ( 'NONE',  ( 0.9999999999999997780, -0.5500000000000000444, 0.2499999999999999445 ) ) ;
#3102 = FACE_OUTER_BOUND ( 'NONE', #2177, .T. ) ;
#3103 = ORIENTED_EDGE ( 'NONE', *, *, #2960, .T. ) ;
#3104 = CARTESIAN_POINT ( 'NONE',  ( 0.5499999999999998224, 0.3999999999999999667, -0.4999999999999998890 ) ) ;
#3105 = CARTESIAN_POINT ( 'NONE',  ( 0.9499999999999997335, -0.5500000000000000444, 0.5999999999999999778 ) ) ;
#3106 = LINE ( 'NONE', #1655, #12 ) ;
#3107 = CARTESIAN_POINT ( 'NONE',  ( 0.000000000000000000, -0.5999999999999999778, 0.000000000000000000 ) ) ;
#3108 = VECTOR ( 'NONE', #2521, 1000.000000000000000 ) ;
#3109 = ADVANCED_FACE ( 'NONE', ( #3034 ), #3313, .T. ) ;
#3110 = FILL_AREA_STYLE ('',( #3436 ) ) ;
#3111 = ORIENTED_EDGE ( 'NONE', *, *, #3042, .F. ) ;
#3112 = PRESENTATION_STYLE_ASSIGNMENT (( #777 ) ) ;
#3113 = CARTESIAN_POINT ( 'NONE',  ( 0.000000000000000000, -0.4299999999999999378, 0.000000000000000000 ) ) ;
#3114 = VECTOR ( 'NONE', #3722, 1000.000000000000000 ) ;
#3115 = ORIENTED_EDGE ( 'NONE', *, *, #2731, .F. ) ;
#3116 = DIRECTION ( 'NONE',  ( 5.421010862427523156E-16, -1.000000000000000000, 0.000000000000000000 ) ) ;
#3117 = CARTESIAN_POINT ( 'NONE',  ( 0.5499999999999998224, -0.3999999999999999667, 0.2499999999999998890 ) ) ;
#3118 = EDGE_LOOP ( 'NONE', ( #172, #1900, #2667, #1070 ) ) ;
#3119 = CIRCLE ( 'NONE', #1413, 0.05000000000000002359 ) ;
#3120 = FILL_AREA_STYLE_COLOUR ( '', #3721 ) ;
#3121 = CIRCLE ( 'NONE', #1480, 0.05000000000000002359 ) ;
#3122 = CARTESIAN_POINT ( 'NONE',  ( -0.5999999999999997558, -0.5499999999999999334, 0.2499999999999999445 ) ) ;
#3123 = FACE_OUTER_BOUND ( 'NONE', #2316, .T. ) ;
#3124 = PRESENTATION_STYLE_ASSIGNMENT (( #2239 ) ) ;
#3125 = COLOUR_RGB ( '',0.2509803921568627416, 0.2509803921568627416, 0.2509803921568627416 ) ;
#3126 = ADVANCED_FACE ( 'NONE', ( #3016 ), #1922, .F. ) ;
#3127 = ORIENTED_EDGE ( 'NONE', *, *, #3036, .F. ) ;
#3128 = SURFACE_STYLE_FILL_AREA ( #204 ) ;
#3129 = FACE_OUTER_BOUND ( 'NONE', #677, .T. ) ;
#3130 = AXIS2_PLACEMENT_3D ( 'NONE', #2235, #787, #1949 ) ;
#3131 = ORIENTED_EDGE ( 'NONE', *, *, #2946, .F. ) ;
#3132 = CARTESIAN_POINT ( 'NONE',  ( 0.9499999999999997335, -0.5500000000000000444, 0.5999999999999999778 ) ) ;
#3133 = UNCERTAINTY_MEASURE_WITH_UNIT (LENGTH_MEASURE( 1.000000000000000082E-05 ), #1082, 'distance_accuracy_value', 'NONE');
#3134 = MECHANICAL_DESIGN_GEOMETRIC_PRESENTATION_REPRESENTATION (  '', ( #2952 ), #2270 ) ;
#3135 = ORIENTED_EDGE ( 'NONE', *, *, #683, .F. ) ;
#3136 = LINE ( 'NONE', #3757, #3714 ) ;
#3137 = CARTESIAN_POINT ( 'NONE',  ( -0.5499999999999997113, -0.3999999999999999667, -0.5499999999999999334 ) ) ;
#3138 = SURFACE_SIDE_STYLE ('',( #585 ) ) ;
#3139 = CARTESIAN_POINT ( 'NONE',  ( -0.9500000000000001776, -0.4299999999999999378, 0.5999999999999999778 ) ) ;
#3140 = DIRECTION ( 'NONE',  ( 0.000000000000000000, 0.000000000000000000, -1.000000000000000000 ) ) ;
#3141 = ORIENTED_EDGE ( 'NONE', *, *, #2213, .F. ) ;
#3142 = ORIENTED_EDGE ( 'NONE', *, *, #2288, .F. ) ;
#3143 = VECTOR ( 'NONE', #1100, 1000.000000000000000 ) ;
#3144 = DIRECTION ( 'NONE',  ( 0.000000000000000000, 0.000000000000000000, 1.000000000000000000 ) ) ;
#3145 = EDGE_CURVE ( 'NONE', #2050, #2145, #3054, .T. ) ;
#3146 = STYLED_ITEM ( 'NONE', ( #560 ), #2897 ) ;
#3147 = ORIENTED_EDGE ( 'NONE', *, *, #1820, .T. ) ;
#3148 = CARTESIAN_POINT ( 'NONE',  ( -0.9500000000000001776, 0.5999999999999999778, -0.5999999999999999778 ) ) ;
#3149 = CARTESIAN_POINT ( 'NONE',  ( -0.5499999999999997113, -0.5999999999999999778, 0.2499999999999999445 ) ) ;
#3150 = EDGE_CURVE ( 'NONE', #2759, #2248, #1566, .T. ) ;
#3151 = CARTESIAN_POINT ( 'NONE',  ( 0.9999999999999997780, 0.3999999999999999667, 0.5999999999999999778 ) ) ;
#3152 = EDGE_LOOP ( 'NONE', ( #1013, #2955, #820 ) ) ;
#3153 = DIRECTION ( 'NONE',  ( -0.000000000000000000, -1.000000000000000000, 0.000000000000000000 ) ) ;
#3154 = EDGE_CURVE ( 'NONE', #2031, #3199, #928, .T. ) ;
#3155 = AXIS2_PLACEMENT_3D ( 'NONE', #415, #1576, #3583 ) ;
#3156 = LINE ( 'NONE', #1953, #3224 ) ;
#3157 = SURFACE_STYLE_USAGE ( .BOTH. , #3138 ) ;
#3158 = DIRECTION ( 'NONE',  ( -5.421010862427523156E-16, 1.000000000000000000, 2.710505431213761578E-16 ) ) ;
#3159 = CARTESIAN_POINT ( 'NONE',  ( -1.000000000000000222, 0.5999999999999999778, -0.5999999999999999778 ) ) ;
#3160 = ORIENTED_EDGE ( 'NONE', *, *, #2139, .T. ) ;
#3161 = AXIS2_PLACEMENT_3D ( 'NONE', #3592, #3377, #1045 ) ;
#3162 = ORIENTED_EDGE ( 'NONE', *, *, #3083, .T. ) ;
#3163 = CYLINDRICAL_SURFACE ( 'NONE', #3670, 0.05000000000000002359 ) ;
#3164 = COLOUR_RGB ( '',0.2509803921568627416, 0.2509803921568627416, 0.2509803921568627416 ) ;
#3165 = ORIENTED_EDGE ( 'NONE', *, *, #763, .F. ) ;
#3166 = CARTESIAN_POINT ( 'NONE',  ( 0.5499999999999998224, 0.3999999999999999667, 0.5999999999999999778 ) ) ;
#3167 = CARTESIAN_POINT ( 'NONE',  ( 0.5499999999999998224, -0.3999999999999999667, -0.6009999999999998677 ) ) ;
#3168 = DIRECTION ( 'NONE',  ( -2.168404344971008079E-15, 0.000000000000000000, 1.000000000000000000 ) ) ;
#3169 = EDGE_CURVE ( 'NONE', #3730, #536, #2138, .T. ) ;
#3170 = ORIENTED_EDGE ( 'NONE', *, *, #3580, .F. ) ;
#3171 = CARTESIAN_POINT ( 'NONE',  ( -0.9500000000000001776, 0.5999999999999999778, 0.2499999999999999445 ) ) ;
#3172 =( NAMED_UNIT ( * ) PLANE_ANGLE_UNIT ( ) SI_UNIT ( $, .RADIAN. ) );
#3173 = EDGE_CURVE ( 'NONE', #1204, #1469, #1050, .T. ) ;
#3174 = AXIS2_PLACEMENT_3D ( 'NONE', #354, #1517, #1818 ) ;
#3175 = DIRECTION ( 'NONE',  ( 1.000000000000000000, 5.421010862427523156E-16, 0.000000000000000000 ) ) ;
#3176 = DIRECTION ( 'NONE',  ( 0.000000000000000000, -1.000000000000000000, 2.168404344971008079E-15 ) ) ;
#3177 = DIRECTION ( 'NONE',  ( 1.000000000000000000, -0.000000000000000000, -0.000000000000000000 ) ) ;
#3178 = SURFACE_STYLE_FILL_AREA ( #849 ) ;
#3179 = STYLED_ITEM ( 'NONE', ( #1670 ), #2985 ) ;
#3180 = VERTEX_POINT ( 'NONE', #388 ) ;
#3181 = ORIENTED_EDGE ( 'NONE', *, *, #2637, .T. ) ;
#3182 = COLOUR_RGB ( '',0.9098039215686274384, 0.4705882352941176405, 0.03137254901960784270 ) ;
#3183 = VECTOR ( 'NONE', #3002, 1000.000000000000000 ) ;
#3184 = EDGE_LOOP ( 'NONE', ( #581, #3769, #1774, #3733 ) ) ;
#3185 = CARTESIAN_POINT ( 'NONE',  ( 0.6000000000000000888, -0.3999999999999990785, -0.1999999999999999278 ) ) ;
#3186 = FILL_AREA_STYLE_COLOUR ( '', #1022 ) ;
#3187 = VERTEX_POINT ( 'NONE', #1549 ) ;
#3188 = LINE ( 'NONE', #1135, #798 ) ;
#3189 = ADVANCED_FACE ( 'NONE', ( #2708 ), #86, .T. ) ;
#3190 = LINE ( 'NONE', #374, #511 ) ;
#3191 = EDGE_CURVE ( 'NONE', #553, #272, #1899, .T. ) ;
#3192 = CIRCLE ( 'NONE', #1020, 0.09999999999999999167 ) ;
#3193 = CARTESIAN_POINT ( 'NONE',  ( 0.9499999999999997335, 0.5999999999999999778, 0.5499999999999999334 ) ) ;
#3194 = EDGE_CURVE ( 'NONE', #1792, #69, #2505, .T. ) ;
#3195 =( NAMED_UNIT ( * ) SI_UNIT ( $, .STERADIAN. ) SOLID_ANGLE_UNIT ( ) );
#3196 = EDGE_CURVE ( 'NONE', #2734, #1349, #247, .T. ) ;
#3197 = DIRECTION ( 'NONE',  ( -1.000000000000000000, 0.000000000000000000, 0.000000000000000000 ) ) ;
#3198 = VERTEX_POINT ( 'NONE', #1665 ) ;
#3199 = VERTEX_POINT ( 'NONE', #3423 ) ;
#3200 = CARTESIAN_POINT ( 'NONE',  ( 0.9999999999999997780, -0.4299999999999999378, 0.1999999999999999556 ) ) ;
#3201 = DIRECTION ( 'NONE',  ( 0.000000000000000000, 0.000000000000000000, -1.000000000000000000 ) ) ;
#3202 = ORIENTED_EDGE ( 'NONE', *, *, #1910, .T. ) ;
#3203 = DIRECTION ( 'NONE',  ( -0.000000000000000000, -1.000000000000000000, 0.000000000000000000 ) ) ;
#3204 = CARTESIAN_POINT ( 'NONE',  ( -1.000000000000000222, 0.5999999999999999778, 0.5499999999999999334 ) ) ;
#3205 = PRESENTATION_LAYER_ASSIGNMENT (  '', '', ( #2349 ) ) ;
#3206 = STYLED_ITEM ( 'NONE', ( #3124 ), #2682 ) ;
#3207 = VERTEX_POINT ( 'NONE', #818 ) ;
#3208 = FILL_AREA_STYLE_COLOUR ( '', #2318 ) ;
#3209 = FILL_AREA_STYLE_COLOUR ( '', #2237 ) ;
#3210 = DIRECTION ( 'NONE',  ( 0.000000000000000000, 0.000000000000000000, -1.000000000000000000 ) ) ;
#3211 = DIRECTION ( 'NONE',  ( 1.000000000000000000, 5.421010862427523156E-16, 0.000000000000000000 ) ) ;
#3212 = EDGE_CURVE ( 'NONE', #2801, #1469, #538, .T. ) ;
#3213 = VERTEX_POINT ( 'NONE', #3384 ) ;
#3214 = ADVANCED_FACE ( 'NONE', ( #1126 ), #2279, .F. ) ;
#3215 = EDGE_LOOP ( 'NONE', ( #772, #994, #114, #1799 ) ) ;
#3216 = UNCERTAINTY_MEASURE_WITH_UNIT (LENGTH_MEASURE( 1.000000000000000082E-05 ), #1684, 'distance_accuracy_value', 'NONE');
#3217 = ORIENTED_EDGE ( 'NONE', *, *, #1260, .T. ) ;
#3218 = CARTESIAN_POINT ( 'NONE',  ( -0.9500000000000001776, 0.5999999999999999778, -0.5500000000000000444 ) ) ;
#3219 = CIRCLE ( 'NONE', #3337, 0.05000000000000002359 ) ;
#3220 = DIRECTION ( 'NONE',  ( 0.000000000000000000, 1.000000000000000000, 2.710505431213761578E-16 ) ) ;
#3221 = ORIENTED_EDGE ( 'NONE', *, *, #1475, .T. ) ;
#3222 = DIRECTION ( 'NONE',  ( -0.000000000000000000, -0.000000000000000000, -1.000000000000000000 ) ) ;
#3223 = FILL_AREA_STYLE_COLOUR ( '', #2570 ) ;
#3224 = VECTOR ( 'NONE', #2520, 1000.000000000000000 ) ;
#3225 = SURFACE_STYLE_USAGE ( .BOTH. , #2663 ) ;
#3226 = PRESENTATION_STYLE_ASSIGNMENT (( #398 ) ) ;
#3227 = DIRECTION ( 'NONE',  ( -1.000000000000000000, 0.000000000000000000, -0.000000000000000000 ) ) ;
#3228 = VECTOR ( 'NONE', #2853, 1000.000000000000000 ) ;
#3229 = FILL_AREA_STYLE ('',( #909 ) ) ;
#3230 = ORIENTED_EDGE ( 'NONE', *, *, #3469, .T. ) ;
#3231 = ORIENTED_EDGE ( 'NONE', *, *, #232, .T. ) ;
#3232 = VECTOR ( 'NONE', #485, 1000.000000000000000 ) ;
#3233 = EDGE_CURVE ( 'NONE', #3730, #1165, #1598, .T. ) ;
#3234 = CARTESIAN_POINT ( 'NONE',  ( -0.9500000000000001776, -0.5499999999999999334, 0.5499999999999999334 ) ) ;
#3235 = VECTOR ( 'NONE', #475, 1000.000000000000000 ) ;
#3236 = ORIENTED_EDGE ( 'NONE', *, *, #3629, .T. ) ;
#3237 = CARTESIAN_POINT ( 'NONE',  ( -1.000000000000000222, 0.3999999999999999667, 0.5499999999999999334 ) ) ;
#3238 = PRESENTATION_LAYER_ASSIGNMENT (  '', '', ( #2942 ) ) ;
#3239 = CARTESIAN_POINT ( 'NONE',  ( -1.000000000000000222, -0.3999999999999999667, 0.1999999999999999556 ) ) ;
#3240 = LINE ( 'NONE', #899, #2322 ) ;
#3241 = AXIS2_PLACEMENT_3D ( 'NONE', #1192, #2367, #1460 ) ;
#3242 = ORIENTED_EDGE ( 'NONE', *, *, #379, .T. ) ;
#3243 = CARTESIAN_POINT ( 'NONE',  ( -1.000000000000000222, -0.5499999999999999334, -0.2500000000000000000 ) ) ;
#3244 = MECHANICAL_DESIGN_GEOMETRIC_PRESENTATION_REPRESENTATION (  '', ( #2935 ), #1295 ) ;
#3245 = DIRECTION ( 'NONE',  ( 0.000000000000000000, 0.000000000000000000, -1.000000000000000000 ) ) ;
#3246 = MECHANICAL_DESIGN_GEOMETRIC_PRESENTATION_REPRESENTATION (  '', ( #2642 ), #1550 ) ;
#3247 = CARTESIAN_POINT ( 'NONE',  ( 0.5999999999999999778, -0.5499999999999999334, -0.5499999999999999334 ) ) ;
#3248 = DIRECTION ( 'NONE',  ( 0.000000000000000000, 0.000000000000000000, -1.000000000000000000 ) ) ;
#3249 = ORIENTED_EDGE ( 'NONE', *, *, #684, .T. ) ;
#3250 =( LENGTH_UNIT ( ) NAMED_UNIT ( * ) SI_UNIT ( .MILLI., .METRE. ) );
#3251 = ORIENTED_EDGE ( 'NONE', *, *, #1979, .T. ) ;
#3252 = DIRECTION ( 'NONE',  ( 0.000000000000000000, -1.000000000000000000, -2.168404344971003346E-15 ) ) ;
#3253 = DIRECTION ( 'NONE',  ( 0.000000000000000000, 0.000000000000000000, 1.000000000000000000 ) ) ;
#3254 = ORIENTED_EDGE ( 'NONE', *, *, #1032, .F. ) ;
#3255 = EDGE_CURVE ( 'NONE', #1273, #3400, #3442, .T. ) ;
#3256 = EDGE_CURVE ( 'NONE', #741, #2166, #2302, .T. ) ;
#3257 = CYLINDRICAL_SURFACE ( 'NONE', #438, 0.05000000000000002359 ) ;
#3258 = SURFACE_STYLE_FILL_AREA ( #2095 ) ;
#3259 = CIRCLE ( 'NONE', #1080, 0.05000000000000002359 ) ;
#3260 = AXIS2_PLACEMENT_3D ( 'NONE', #1054, #1415, #1374 ) ;
#3261 = CARTESIAN_POINT ( 'NONE',  ( -1.000000000000000222, 0.3999999999999999667, -0.5500000000000000444 ) ) ;
#3262 = ADVANCED_FACE ( 'NONE', ( #3129 ), #1943, .T. ) ;
#3263 = CARTESIAN_POINT ( 'NONE',  ( -0.9500000000000001776, -0.4299999999999999378, -0.2499999999999998335 ) ) ;
#3264 = FILL_AREA_STYLE_COLOUR ( '', #3164 ) ;
#3265 = CARTESIAN_POINT ( 'NONE',  ( -0.9500000000000001776, -0.4299999999999999378, -0.5999999999999999778 ) ) ;
#3266 = ORIENTED_EDGE ( 'NONE', *, *, #894, .T. ) ;
#3267 = FILL_AREA_STYLE_COLOUR ( '', #1562 ) ;
#3268 = UNCERTAINTY_MEASURE_WITH_UNIT (LENGTH_MEASURE( 1.000000000000000082E-05 ), #603, 'distance_accuracy_value', 'NONE');
#3269 = CARTESIAN_POINT ( 'NONE',  ( 0.5499999999999998224, 0.3999999999999999667, -0.3999999999999998557 ) ) ;
#3270 = ORIENTED_EDGE ( 'NONE', *, *, #301, .F. ) ;
#3271 = DIRECTION ( 'NONE',  ( 0.000000000000000000, -0.000000000000000000, -1.000000000000000000 ) ) ;
#3272 = CARTESIAN_POINT ( 'NONE',  ( 0.9499999999999997335, -0.5499999999999999334, 0.2499999999999999445 ) ) ;
#3273 =( NAMED_UNIT ( * ) PLANE_ANGLE_UNIT ( ) SI_UNIT ( $, .RADIAN. ) );
#3274 = FILL_AREA_STYLE_COLOUR ( '', #2958 ) ;
#3275 = ORIENTED_EDGE ( 'NONE', *, *, #548, .F. ) ;
#3276 = FACE_OUTER_BOUND ( 'NONE', #1337, .T. ) ;
#3277 = AXIS2_PLACEMENT_3D ( 'NONE', #3218, #3203, #273 ) ;
#3278 = FACE_OUTER_BOUND ( 'NONE', #795, .T. ) ;
#3279 = AXIS2_PLACEMENT_3D ( 'NONE', #27, #3283, #621 ) ;
#3280 = EDGE_CURVE ( 'NONE', #146, #1041, #2817, .T. ) ;
#3281 = DIRECTION ( 'NONE',  ( 0.000000000000000000, -1.000000000000000000, 0.000000000000000000 ) ) ;
#3282 =( NAMED_UNIT ( * ) SI_UNIT ( $, .STERADIAN. ) SOLID_ANGLE_UNIT ( ) );
#3283 = DIRECTION ( 'NONE',  ( -0.000000000000000000, 1.000000000000000000, -0.000000000000000000 ) ) ;
#3284 = DIRECTION ( 'NONE',  ( 0.000000000000000000, 0.000000000000000000, -1.000000000000000000 ) ) ;
#3285 = CLOSED_SHELL ( 'NONE', ( #1452, #327, #1473, #3214, #2643, #2514, #1864, #257, #2090, #3702, #3326, #2350, #435, #333, #2280, #1291, #939, #44 ) ) ;
#3286 = EDGE_LOOP ( 'NONE', ( #3270, #2185, #2666, #90 ) ) ;
#3287 = PRESENTATION_STYLE_ASSIGNMENT (( #2721 ) ) ;
#3288 = STYLED_ITEM ( 'NONE', ( #3510 ), #1937 ) ;
#3289 = ORIENTED_EDGE ( 'NONE', *, *, #3372, .T. ) ;
#3290 = LINE ( 'NONE', #2470, #1306 ) ;
#3291 = DIRECTION ( 'NONE',  ( 1.000000000000000000, -0.000000000000000000, 0.000000000000000000 ) ) ;
#3292 = DIRECTION ( 'NONE',  ( 0.000000000000000000, -1.000000000000000000, 0.000000000000000000 ) ) ;
#3293 = VERTEX_POINT ( 'NONE', #1127 ) ;
#3294 = CARTESIAN_POINT ( 'NONE',  ( 0.000000000000000000, -0.5499999999999999334, 0.2499999999999999445 ) ) ;
#3295 = DIRECTION ( 'NONE',  ( 1.000000000000000000, 0.000000000000000000, 0.000000000000000000 ) ) ;
#3296 = DIRECTION ( 'NONE',  ( 0.000000000000000000, -1.000000000000000000, -0.000000000000000000 ) ) ;
#3297 = ORIENTED_EDGE ( 'NONE', *, *, #3629, .F. ) ;
#3298 = VECTOR ( 'NONE', #681, 1000.000000000000000 ) ;
#3299 = DIRECTION ( 'NONE',  ( 1.000000000000000000, 0.000000000000000000, 0.000000000000000000 ) ) ;
#3300 = CARTESIAN_POINT ( 'NONE',  ( 0.5499999999999998224, -0.2999999999999997113, 0.4999999999999998890 ) ) ;
#3301 = AXIS2_PLACEMENT_3D ( 'NONE', #2354, #3248, #3227 ) ;
#3302 = EDGE_CURVE ( 'NONE', #1419, #2473, #2303, .T. ) ;
#3303 = AXIS2_PLACEMENT_3D ( 'NONE', #3272, #421, #1852 ) ;
#3304 = AXIS2_PLACEMENT_3D ( 'NONE', #759, #2862, #836 ) ;
#3305 = ADVANCED_FACE ( 'NONE', ( #2340 ), #2588, .T. ) ;
#3306 =( LENGTH_UNIT ( ) NAMED_UNIT ( * ) SI_UNIT ( .MILLI., .METRE. ) );
#3307 = UNCERTAINTY_MEASURE_WITH_UNIT (LENGTH_MEASURE( 1.000000000000000082E-05 ), #900, 'distance_accuracy_value', 'NONE');
#3308 = ORIENTED_EDGE ( 'NONE', *, *, #2538, .T. ) ;
#3309 = AXIS2_PLACEMENT_3D ( 'NONE', #587, #930, #1754 ) ;
#3310 = ORIENTED_EDGE ( 'NONE', *, *, #910, .T. ) ;
#3311 = ADVANCED_FACE ( 'NONE', ( #3445 ), #2049, .T. ) ;
#3312 = LINE ( 'NONE', #1258, #201 ) ;
#3313 = CYLINDRICAL_SURFACE ( 'NONE', #1352, 0.05000000000000002359 ) ;
#3314 = ORIENTED_EDGE ( 'NONE', *, *, #1330, .T. ) ;
#3315 = FILL_AREA_STYLE_COLOUR ( '', #154 ) ;
#3316 = LINE ( 'NONE', #3641, #497 ) ;
#3317 = CARTESIAN_POINT ( 'NONE',  ( 0.5499999999999997113, -0.3999999999999999667, -0.3999999999999999112 ) ) ;
#3318 = ORIENTED_EDGE ( 'NONE', *, *, #2869, .T. ) ;
#3319 = CARTESIAN_POINT ( 'NONE',  ( -0.5499999999999998224, -0.2999999999999997113, 0.4999999999999998890 ) ) ;
#3320 =( NAMED_UNIT ( * ) SI_UNIT ( $, .STERADIAN. ) SOLID_ANGLE_UNIT ( ) );
#3321 = MECHANICAL_DESIGN_GEOMETRIC_PRESENTATION_REPRESENTATION (  '', ( #1378 ), #2164 ) ;
#3322 =( GEOMETRIC_REPRESENTATION_CONTEXT ( 3 ) GLOBAL_UNCERTAINTY_ASSIGNED_CONTEXT ( ( #3051 ) ) GLOBAL_UNIT_ASSIGNED_CONTEXT ( ( #832, #1086, #533 ) ) REPRESENTATION_CONTEXT ( 'NONE', 'WORKASPACE' ) );
#3323 = VECTOR ( 'NONE', #2385, 1000.000000000000000 ) ;
#3324 = ORIENTED_EDGE ( 'NONE', *, *, #2987, .F. ) ;
#3325 = DIRECTION ( 'NONE',  ( 0.000000000000000000, 0.000000000000000000, -1.000000000000000000 ) ) ;
#3326 = ADVANCED_FACE ( 'NONE', ( #363 ), #2180, .T. ) ;
#3327 = ADVANCED_FACE ( 'NONE', ( #753 ), #738, .T. ) ;
#3328 = ORIENTED_EDGE ( 'NONE', *, *, #722, .T. ) ;
#3329 = ORIENTED_EDGE ( 'NONE', *, *, #540, .F. ) ;
#3330 = FACE_OUTER_BOUND ( 'NONE', #2525, .T. ) ;
#3331 =( LENGTH_UNIT ( ) NAMED_UNIT ( * ) SI_UNIT ( .MILLI., .METRE. ) );
#3332 = AXIS2_PLACEMENT_3D ( 'NONE', #1007, #3605, #2715 ) ;
#3333 = EDGE_LOOP ( 'NONE', ( #2222, #1102, #203 ) ) ;
#3334 = FACE_OUTER_BOUND ( 'NONE', #2615, .T. ) ;
#3335 = CARTESIAN_POINT ( 'NONE',  ( -0.5499999999999998224, 0.3999999999999999667, 0.4999999999999998890 ) ) ;
#3336 = LINE ( 'NONE', #2113, #3604 ) ;
#3337 = AXIS2_PLACEMENT_3D ( 'NONE', #897, #2051, #2378 ) ;
#3338 = EDGE_LOOP ( 'NONE', ( #1667, #2450, #1200, #3328, #2636, #2013, #1189, #2454 ) ) ;
#3339 = FILL_AREA_STYLE ('',( #2756 ) ) ;
#3340 = SURFACE_SIDE_STYLE ('',( #1577 ) ) ;
#3341 = STYLED_ITEM ( 'NONE', ( #3226 ), #1499 ) ;
#3342 = SPHERICAL_SURFACE ( 'NONE', #2386, 0.05000000000000000278 ) ;
#3343 = EDGE_LOOP ( 'NONE', ( #1683, #462, #3537, #3131 ) ) ;
#3344 = DIRECTION ( 'NONE',  ( 0.000000000000000000, 0.000000000000000000, -1.000000000000000000 ) ) ;
#3345 = ORIENTED_EDGE ( 'NONE', *, *, #1957, .T. ) ;
#3346 = ORIENTED_EDGE ( 'NONE', *, *, #2538, .F. ) ;
#3347 = CARTESIAN_POINT ( 'NONE',  ( -1.000000000000000222, 0.5999999999999999778, 0.5999999999999999778 ) ) ;
#3348 = EDGE_CURVE ( 'NONE', #226, #1869, #383, .T. ) ;
#3349 = AXIS2_PLACEMENT_3D ( 'NONE', #1675, #1969, #2834 ) ;
#3350 = VERTEX_POINT ( 'NONE', #3375 ) ;
#3351 = DIRECTION ( 'NONE',  ( 0.000000000000000000, 0.000000000000000000, -1.000000000000000000 ) ) ;
#3352 = DIRECTION ( 'NONE',  ( 0.000000000000000000, 1.000000000000000000, 2.710505431213761578E-16 ) ) ;
#3353 = CARTESIAN_POINT ( 'NONE',  ( -1.000000000000000222, 0.5999999999999999778, -0.5999999999999999778 ) ) ;
#3354 = EDGE_CURVE ( 'NONE', #1727, #1687, #950, .T. ) ;
#3355 = CARTESIAN_POINT ( 'NONE',  ( 0.5999999999999999778, -0.5499999999999999334, -0.2500000000000000000 ) ) ;
#3356 = ORIENTED_EDGE ( 'NONE', *, *, #1567, .F. ) ;
#3357 = LINE ( 'NONE', #1634, #912 ) ;
#3358 = VECTOR ( 'NONE', #1677, 1000.000000000000000 ) ;
#3359 = SURFACE_STYLE_FILL_AREA ( #2972 ) ;
#3360 = VECTOR ( 'NONE', #95, 1000.000000000000000 ) ;
#3361 = CARTESIAN_POINT ( 'NONE',  ( 0.5999999999999999778, -0.5499999999999999334, 0.2499999999999999445 ) ) ;
#3362 = SURFACE_STYLE_USAGE ( .BOTH. , #219 ) ;
#3363 = CARTESIAN_POINT ( 'NONE',  ( -0.5499999999999998224, 0.3999999999999999667, 0.5999999999999999778 ) ) ;
#3364 = VERTEX_POINT ( 'NONE', #3269 ) ;
#3365 = STYLED_ITEM ( 'NONE', ( #876 ), #2220 ) ;
#3366 = VERTEX_POINT ( 'NONE', #2410 ) ;
#3367 = DIRECTION ( 'NONE',  ( 0.000000000000000000, 0.000000000000000000, -1.000000000000000000 ) ) ;
#3368 = EDGE_LOOP ( 'NONE', ( #3418, #1928, #3230, #414 ) ) ;
#3369 = CARTESIAN_POINT ( 'NONE',  ( 0.5499999999999994893, 0.2999999999999999889, 0.3999999999999999112 ) ) ;
#3370 = CARTESIAN_POINT ( 'NONE',  ( 0.5499999999999998224, -0.3999999999999999667, -0.5999999999999999778 ) ) ;
#3371 = ADVANCED_FACE ( 'NONE', ( #771 ), #3342, .T. ) ;
#3372 = EDGE_CURVE ( 'NONE', #1469, #224, #1785, .T. ) ;
#3373 = VERTEX_POINT ( 'NONE', #2578 ) ;
#3374 = LINE ( 'NONE', #767, #924 ) ;
#3375 = CARTESIAN_POINT ( 'NONE',  ( 0.5499999999999998224, -0.4299999999999999378, 0.5499999999999998224 ) ) ;
#3376 = EDGE_CURVE ( 'NONE', #1880, #365, #788, .T. ) ;
#3377 = DIRECTION ( 'NONE',  ( 1.000000000000000000, 0.000000000000000000, -2.168404344971008079E-15 ) ) ;
#3378 = DIRECTION ( 'NONE',  ( 0.000000000000000000, 0.000000000000000000, -1.000000000000000000 ) ) ;
#3379 = MECHANICAL_DESIGN_GEOMETRIC_PRESENTATION_REPRESENTATION (  '', ( #2965 ), #3444 ) ;
#3380 = VECTOR ( 'NONE', #1140, 1000.000000000000000 ) ;
#3381 = VERTEX_POINT ( 'NONE', #278 ) ;
#3382 = ORIENTED_EDGE ( 'NONE', *, *, #2275, .F. ) ;
#3383 = DIRECTION ( 'NONE',  ( 0.000000000000000000, 0.000000000000000000, -1.000000000000000000 ) ) ;
#3384 = CARTESIAN_POINT ( 'NONE',  ( 0.9499999999999996225, 0.3999999999999999667, 0.5999999999999999778 ) ) ;
#3385 = EDGE_LOOP ( 'NONE', ( #577, #1124, #713, #3202, #3356, #2705, #3566, #2255 ) ) ;
#3386 = LINE ( 'NONE', #558, #1076 ) ;
#3387 = FACE_OUTER_BOUND ( 'NONE', #2711, .T. ) ;
#3388 = UNCERTAINTY_MEASURE_WITH_UNIT (LENGTH_MEASURE( 1.000000000000000082E-05 ), #1332, 'distance_accuracy_value', 'NONE');
#3389 = AXIS2_PLACEMENT_3D ( 'NONE', #3247, #1212, #2097 ) ;
#3390 = DIRECTION ( 'NONE',  ( 0.000000000000000000, 0.000000000000000000, -1.000000000000000000 ) ) ;
#3391 = ORIENTED_EDGE ( 'NONE', *, *, #2211, .F. ) ;
#3392 = EDGE_CURVE ( 'NONE', #365, #3712, #447, .T. ) ;
#3393 = EDGE_CURVE ( 'NONE', #525, #3570, #3106, .T. ) ;
#3394 =( NAMED_UNIT ( * ) PLANE_ANGLE_UNIT ( ) SI_UNIT ( $, .RADIAN. ) );
#3395 = LINE ( 'NONE', #584, #2554 ) ;
#3396 = PLANE ( 'NONE',  #3048 ) ;
#3397 =( NAMED_UNIT ( * ) PLANE_ANGLE_UNIT ( ) SI_UNIT ( $, .RADIAN. ) );
#3398 = EDGE_CURVE ( 'NONE', #2877, #3462, #386, .T. ) ;
#3399 = ORIENTED_EDGE ( 'NONE', *, *, #2608, .T. ) ;
#3400 = VERTEX_POINT ( 'NONE', #2888 ) ;
#3401 = SURFACE_SIDE_STYLE ('',( #1645 ) ) ;
#3402 = EDGE_CURVE ( 'NONE', #1006, #1835, #1971, .T. ) ;
#3403 = VERTEX_POINT ( 'NONE', #1436 ) ;
#3404 = DIRECTION ( 'NONE',  ( -1.084202172485504434E-15, 1.000000000000000000, 0.000000000000000000 ) ) ;
#3405 = FACE_OUTER_BOUND ( 'NONE', #2648, .T. ) ;
#3406 =( NAMED_UNIT ( * ) PLANE_ANGLE_UNIT ( ) SI_UNIT ( $, .RADIAN. ) );
#3407 = COLOUR_RGB ( '',0.2509803921568627416, 0.2509803921568627416, 0.2509803921568627416 ) ;
#3408 = CARTESIAN_POINT ( 'NONE',  ( -1.000000000000000222, 0.5999999999999999778, -0.5500000000000000444 ) ) ;
#3409 = ORIENTED_EDGE ( 'NONE', *, *, #841, .F. ) ;
#3410 =( LENGTH_UNIT ( ) NAMED_UNIT ( * ) SI_UNIT ( .MILLI., .METRE. ) );
#3411 = PRESENTATION_LAYER_ASSIGNMENT (  '', '', ( #1292 ) ) ;
#3412 = PRESENTATION_LAYER_ASSIGNMENT (  '', '', ( #1784 ) ) ;
#3413 = CARTESIAN_POINT ( 'NONE',  ( -0.9500000000000001776, 0.3999999999999999667, -0.5500000000000000444 ) ) ;
#3414 = COLOUR_RGB ( '',0.2509803921568627416, 0.2509803921568627416, 0.2509803921568627416 ) ;
#3415 = VECTOR ( 'NONE', #2209, 1000.000000000000000 ) ;
#3416 = FACE_OUTER_BOUND ( 'NONE', #1068, .T. ) ;
#3417 = VECTOR ( 'NONE', #176, 1000.000000000000000 ) ;
#3418 = ORIENTED_EDGE ( 'NONE', *, *, #2940, .T. ) ;
#3419 = EDGE_CURVE ( 'NONE', #1037, #561, #1400, .T. ) ;
#3420 = ORIENTED_EDGE ( 'NONE', *, *, #2774, .F. ) ;
#3421 = VECTOR ( 'NONE', #2660, 1000.000000000000000 ) ;
#3422 = DIRECTION ( 'NONE',  ( -1.000000000000000000, 0.000000000000000000, 0.000000000000000000 ) ) ;
#3423 = CARTESIAN_POINT ( 'NONE',  ( 0.9999999999999997780, 0.5999999999999999778, 0.5499999999999999334 ) ) ;
#3424 = AXIS2_PLACEMENT_3D ( 'NONE', #1272, #80, #2462 ) ;
#3425 = AXIS2_PLACEMENT_3D ( 'NONE', #2170, #2707, #1832 ) ;
#3426 = VERTEX_POINT ( 'NONE', #2813 ) ;
#3427 =( NAMED_UNIT ( * ) PLANE_ANGLE_UNIT ( ) SI_UNIT ( $, .RADIAN. ) );
#3428 = SURFACE_STYLE_FILL_AREA ( #1376 ) ;
#3429 = STYLED_ITEM ( 'NONE', ( #1794 ), #2485 ) ;
#3430 = PLANE ( 'NONE',  #2264 ) ;
#3431 = ORIENTED_EDGE ( 'NONE', *, *, #519, .T. ) ;
#3432 = MANIFOLD_SOLID_BREP ( 'Fillet2', #3285 ) ;
#3433 = DIRECTION ( 'NONE',  ( -0.000000000000000000, 1.000000000000000000, -0.000000000000000000 ) ) ;
#3434 = SURFACE_STYLE_FILL_AREA ( #3684 ) ;
#3435 = CARTESIAN_POINT ( 'NONE',  ( 0.5499999999999998224, -0.3999999999999999667, -0.6009999999999998677 ) ) ;
#3436 = FILL_AREA_STYLE_COLOUR ( '', #1636 ) ;
#3437 = CARTESIAN_POINT ( 'NONE',  ( 0.9499999999999996225, -0.4299999999999999378, -0.5499999999999999334 ) ) ;
#3438 = ORIENTED_EDGE ( 'NONE', *, *, #2614, .F. ) ;
#3439 = ORIENTED_EDGE ( 'NONE', *, *, #2030, .F. ) ;
#3440 = LINE ( 'NONE', #1921, #2149 ) ;
#3441 = PRESENTATION_LAYER_ASSIGNMENT (  '', '', ( #473 ) ) ;
#3442 = LINE ( 'NONE', #1995, #626 ) ;
#3443 = EDGE_CURVE ( 'NONE', #490, #1180, #2271, .T. ) ;
#3444 =( GEOMETRIC_REPRESENTATION_CONTEXT ( 3 ) GLOBAL_UNCERTAINTY_ASSIGNED_CONTEXT ( ( #1828 ) ) GLOBAL_UNIT_ASSIGNED_CONTEXT ( ( #521, #3427, #781 ) ) REPRESENTATION_CONTEXT ( 'NONE', 'WORKASPACE' ) );
#3445 = FACE_OUTER_BOUND ( 'NONE', #1309, .T. ) ;
#3446 = MANIFOLD_SOLID_BREP ( 'Fillet7', #2429 ) ;
#3447 = AXIS2_PLACEMENT_3D ( 'NONE', #373, #3158, #2403 ) ;
#3448 = VERTEX_POINT ( 'NONE', #39 ) ;
#3449 = LINE ( 'NONE', #839, #2717 ) ;
#3450 =( NAMED_UNIT ( * ) PLANE_ANGLE_UNIT ( ) SI_UNIT ( $, .RADIAN. ) );
#3451 = FILL_AREA_STYLE ('',( #1984 ) ) ;
#3452 = DIRECTION ( 'NONE',  ( 1.000000000000000000, 0.000000000000000000, -0.000000000000000000 ) ) ;
#3453 = VERTEX_POINT ( 'NONE', #2678 ) ;
#3454 = DIRECTION ( 'NONE',  ( -1.000000000000000000, 0.000000000000000000, 0.000000000000000000 ) ) ;
#3455 = DIRECTION ( 'NONE',  ( -1.000000000000000000, -0.000000000000000000, -0.000000000000000000 ) ) ;
#3456 = DIRECTION ( 'NONE',  ( 0.000000000000000000, 0.000000000000000000, -1.000000000000000000 ) ) ;
#3457 = LINE ( 'NONE', #1441, #2719 ) ;
#3458 = FILL_AREA_STYLE_COLOUR ( '', #3414 ) ;
#3459 = CYLINDRICAL_SURFACE ( 'NONE', #1680, 0.09999999999999999167 ) ;
#3460 = ORIENTED_EDGE ( 'NONE', *, *, #3632, .F. ) ;
#3461 = VECTOR ( 'NONE', #973, 1000.000000000000000 ) ;
#3462 = VERTEX_POINT ( 'NONE', #3261 ) ;
#3463 = CARTESIAN_POINT ( 'NONE',  ( -0.9500000000000001776, -0.5499999999999999334, -0.5499999999999999334 ) ) ;
#3464 = CARTESIAN_POINT ( 'NONE',  ( -0.5499999999999998224, 0.2999999999999999889, 0.4999999999999998890 ) ) ;
#3465 = VECTOR ( 'NONE', #58, 1000.000000000000000 ) ;
#3466 = DIRECTION ( 'NONE',  ( 0.000000000000000000, 0.000000000000000000, 1.000000000000000000 ) ) ;
#3467 = EDGE_LOOP ( 'NONE', ( #1757, #3289, #2062, #162, #760 ) ) ;
#3468 = DIRECTION ( 'NONE',  ( -0.000000000000000000, 0.000000000000000000, 1.000000000000000000 ) ) ;
#3469 = EDGE_CURVE ( 'NONE', #1256, #3180, #2519, .T. ) ;
#3470 = CARTESIAN_POINT ( 'NONE',  ( 0.9999999999999997780, -0.5999999999999999778, -0.5499999999999999334 ) ) ;
#3471 =( LENGTH_UNIT ( ) NAMED_UNIT ( * ) SI_UNIT ( .MILLI., .METRE. ) );
#3472 = ORIENTED_EDGE ( 'NONE', *, *, #635, .F. ) ;
#3473 = ADVANCED_FACE ( 'NONE', ( #1520 ), #78, .F. ) ;
#3474 = CARTESIAN_POINT ( 'NONE',  ( -0.9500000000000001776, -0.5500000000000000444, 0.5999999999999999778 ) ) ;
#3475 = MECHANICAL_DESIGN_GEOMETRIC_PRESENTATION_REPRESENTATION (  '', ( #1722 ), #1951 ) ;
#3476 = FILL_AREA_STYLE ('',( #2312 ) ) ;
#3477 = FACE_OUTER_BOUND ( 'NONE', #2806, .T. ) ;
#3478 = ORIENTED_EDGE ( 'NONE', *, *, #1451, .T. ) ;
#3479 = ORIENTED_EDGE ( 'NONE', *, *, #1056, .T. ) ;
#3480 = DIRECTION ( 'NONE',  ( 1.000000000000000000, 0.000000000000000000, -0.000000000000000000 ) ) ;
#3481 = MECHANICAL_DESIGN_GEOMETRIC_PRESENTATION_REPRESENTATION (  '', ( #2942 ), #2078 ) ;
#3482 = SURFACE_STYLE_USAGE ( .BOTH. , #3763 ) ;
#3483 = CIRCLE ( 'NONE', #2820, 0.05000000000000002359 ) ;
#3484 = CIRCLE ( 'NONE', #196, 0.05000000000000002359 ) ;
#3485 = ORIENTED_EDGE ( 'NONE', *, *, #2555, .T. ) ;
#3486 = FACE_OUTER_BOUND ( 'NONE', #1408, .T. ) ;
#3487 = DIRECTION ( 'NONE',  ( 1.000000000000000000, 0.000000000000000000, -2.168404344971007685E-15 ) ) ;
#3488 = DIRECTION ( 'NONE',  ( 0.000000000000000000, 0.000000000000000000, -1.000000000000000000 ) ) ;
#3489 = AXIS2_PLACEMENT_3D ( 'NONE', #15, #2018, #3487 ) ;
#3490 = ORIENTED_EDGE ( 'NONE', *, *, #524, .F. ) ;
#3491 = DIRECTION ( 'NONE',  ( 1.000000000000000000, -0.000000000000000000, 0.000000000000000000 ) ) ;
#3492 = EDGE_CURVE ( 'NONE', #3213, #32, #1601, .T. ) ;
#3493 = EDGE_CURVE ( 'NONE', #757, #3373, #3484, .T. ) ;
#3494 = CARTESIAN_POINT ( 'NONE',  ( -0.5499999999999997113, -0.3999999999999999667, -0.6009999999999998677 ) ) ;
#3495 =( NAMED_UNIT ( * ) PLANE_ANGLE_UNIT ( ) SI_UNIT ( $, .RADIAN. ) );
#3496 = LINE ( 'NONE', #682, #3465 ) ;
#3497 = FILL_AREA_STYLE_COLOUR ( '', #126 ) ;
#3498 = EDGE_CURVE ( 'NONE', #2656, #319, #3190, .T. ) ;
#3499 = ORIENTED_EDGE ( 'NONE', *, *, #3654, .T. ) ;
#3500 = ORIENTED_EDGE ( 'NONE', *, *, #2960, .F. ) ;
#3501 = CARTESIAN_POINT ( 'NONE',  ( -0.5499999999999998224, 0.3999999999999999667, -0.5999999999999999778 ) ) ;
#3502 = AXIS2_PLACEMENT_3D ( 'NONE', #2691, #3524, #3508 ) ;
#3503 = ORIENTED_EDGE ( 'NONE', *, *, #2659, .F. ) ;
#3504 = DIRECTION ( 'NONE',  ( 1.000000000000000000, 0.000000000000000000, 0.000000000000000000 ) ) ;
#3505 = DIRECTION ( 'NONE',  ( 0.000000000000000000, 0.000000000000000000, 1.000000000000000000 ) ) ;
#3506 = VECTOR ( 'NONE', #3576, 1000.000000000000000 ) ;
#3507 = MECHANICAL_DESIGN_GEOMETRIC_PRESENTATION_REPRESENTATION (  '', ( #2964 ), #413 ) ;
#3508 = DIRECTION ( 'NONE',  ( -0.000000000000000000, 0.000000000000000000, 1.000000000000000000 ) ) ;
#3509 = VERTEX_POINT ( 'NONE', #904 ) ;
#3510 = PRESENTATION_STYLE_ASSIGNMENT (( #1190 ) ) ;
#3511 = DIRECTION ( 'NONE',  ( 1.000000000000000000, 2.168404344971008079E-15, -0.000000000000000000 ) ) ;
#3512 = CARTESIAN_POINT ( 'NONE',  ( -0.9500000000000001776, 0.3999999999999999667, 0.5999999999999999778 ) ) ;
#3513 = EDGE_CURVE ( 'NONE', #3198, #1349, #2640, .T. ) ;
#3514 = LINE ( 'NONE', #2082, #2039 ) ;
#3515 = ORIENTED_EDGE ( 'NONE', *, *, #3194, .T. ) ;
#3516 = ORIENTED_EDGE ( 'NONE', *, *, #1424, .F. ) ;
#3517 = UNCERTAINTY_MEASURE_WITH_UNIT (LENGTH_MEASURE( 1.000000000000000082E-05 ), #3471, 'distance_accuracy_value', 'NONE');
#3518 =( NAMED_UNIT ( * ) PLANE_ANGLE_UNIT ( ) SI_UNIT ( $, .RADIAN. ) );
#3519 = ORIENTED_EDGE ( 'NONE', *, *, #1010, .T. ) ;
#3520 = SPHERICAL_SURFACE ( 'NONE', #2527, 0.05000000000000000278 ) ;
#3521 = FILL_AREA_STYLE ('',( #2362 ) ) ;
#3522 = CIRCLE ( 'NONE', #3768, 0.05000000000000002359 ) ;
#3523 = DIRECTION ( 'NONE',  ( 1.000000000000000000, 5.421010862427523156E-16, 0.000000000000000000 ) ) ;
#3524 = DIRECTION ( 'NONE',  ( -1.000000000000000000, 0.000000000000000000, -0.000000000000000000 ) ) ;
#3525 = ORIENTED_EDGE ( 'NONE', *, *, #1333, .F. ) ;
#3526 = CARTESIAN_POINT ( 'NONE',  ( -0.9500000000000001776, -0.4299999999999999378, -0.5500000000000000444 ) ) ;
#3527 = CARTESIAN_POINT ( 'NONE',  ( 0.9499999999999996225, -0.5499999999999999334, -0.2499999999999999445 ) ) ;
#3528 = PRESENTATION_STYLE_ASSIGNMENT (( #3225 ) ) ;
#3529 = DIRECTION ( 'NONE',  ( 0.000000000000000000, -0.000000000000000000, 1.000000000000000000 ) ) ;
#3530 = VECTOR ( 'NONE', #3140, 1000.000000000000000 ) ;
#3531 = ORIENTED_EDGE ( 'NONE', *, *, #3676, .F. ) ;
#3532 = DIRECTION ( 'NONE',  ( 0.000000000000000000, 0.000000000000000000, 1.000000000000000000 ) ) ;
#3533 = VECTOR ( 'NONE', #1131, 1000.000000000000000 ) ;
#3534 = FILL_AREA_STYLE ('',( #1489 ) ) ;
#3535 =( GEOMETRIC_REPRESENTATION_CONTEXT ( 3 ) GLOBAL_UNCERTAINTY_ASSIGNED_CONTEXT ( ( #3517 ) ) GLOBAL_UNIT_ASSIGNED_CONTEXT ( ( #3471, #1132, #2003 ) ) REPRESENTATION_CONTEXT ( 'NONE', 'WORKASPACE' ) );
#3536 = EDGE_CURVE ( 'NONE', #2656, #1286, #2947, .T. ) ;
#3537 = ORIENTED_EDGE ( 'NONE', *, *, #131, .F. ) ;
#3538 = CARTESIAN_POINT ( 'NONE',  ( -1.000000000000000222, 0.5999999999999999778, -0.5500000000000000444 ) ) ;
#3539 = LINE ( 'NONE', #3185, #1908 ) ;
#3540 = CARTESIAN_POINT ( 'NONE',  ( 0.9499999999999996225, -0.3999999999999999667, -0.2499999999999999445 ) ) ;
#3541 =( GEOMETRIC_REPRESENTATION_CONTEXT ( 3 ) GLOBAL_UNCERTAINTY_ASSIGNED_CONTEXT ( ( #3133 ) ) GLOBAL_UNIT_ASSIGNED_CONTEXT ( ( #1082, #3394, #260 ) ) REPRESENTATION_CONTEXT ( 'NONE', 'WORKASPACE' ) );
#3542 = CARTESIAN_POINT ( 'NONE',  ( 0.9499999999999997335, -0.5500000000000000444, 0.5999999999999999778 ) ) ;
#3543 = ORIENTED_EDGE ( 'NONE', *, *, #3255, .F. ) ;
#3544 = PLANE ( 'NONE',  #1348 ) ;
#3545 = CARTESIAN_POINT ( 'NONE',  ( 0.9499999999999996225, 0.5999999999999999778, 0.5999999999999999778 ) ) ;
#3546 = CARTESIAN_POINT ( 'NONE',  ( -0.9500000000000001776, -0.5499999999999999334, -0.2499999999999999445 ) ) ;
#3547 = MECHANICAL_DESIGN_GEOMETRIC_PRESENTATION_REPRESENTATION (  '', ( #2507 ), #1968 ) ;
#3548 = CARTESIAN_POINT ( 'NONE',  ( 0.5999999999999999778, -0.5500000000000000444, 0.5999999999999999778 ) ) ;
#3549 = DIRECTION ( 'NONE',  ( -1.000000000000000000, 0.000000000000000000, 0.000000000000000000 ) ) ;
#3550 = ORIENTED_EDGE ( 'NONE', *, *, #181, .T. ) ;
#3551 = DIRECTION ( 'NONE',  ( -1.000000000000000000, 0.000000000000000000, -0.000000000000000000 ) ) ;
#3552 = DIRECTION ( 'NONE',  ( 0.000000000000000000, 0.000000000000000000, -1.000000000000000000 ) ) ;
#3553 = ORIENTED_EDGE ( 'NONE', *, *, #237, .F. ) ;
#3554 = CARTESIAN_POINT ( 'NONE',  ( 0.5499999999999998224, -0.3999999999999999667, 0.5999999999999999778 ) ) ;
#3555 = DIRECTION ( 'NONE',  ( 1.000000000000000000, 0.000000000000000000, -0.000000000000000000 ) ) ;
#3556 = EDGE_CURVE ( 'NONE', #948, #3453, #2503, .T. ) ;
#3557 = ORIENTED_EDGE ( 'NONE', *, *, #791, .T. ) ;
#3558 = DIRECTION ( 'NONE',  ( 0.000000000000000000, 0.000000000000000000, 1.000000000000000000 ) ) ;
#3559 = CARTESIAN_POINT ( 'NONE',  ( 0.9999999999999997780, -0.5500000000000000444, -0.2500000000000000000 ) ) ;
#3560 = AXIS2_PLACEMENT_3D ( 'NONE', #2606, #609, #1450 ) ;
#3561 = LINE ( 'NONE', #1228, #3323 ) ;
#3562 = PRESENTATION_LAYER_ASSIGNMENT (  '', '', ( #2964 ) ) ;
#3563 = SURFACE_STYLE_FILL_AREA ( #2404 ) ;
#3564 = DIRECTION ( 'NONE',  ( -0.000000000000000000, 1.000000000000000000, 0.000000000000000000 ) ) ;
#3565 =( NAMED_UNIT ( * ) PLANE_ANGLE_UNIT ( ) SI_UNIT ( $, .RADIAN. ) );
#3566 = ORIENTED_EDGE ( 'NONE', *, *, #663, .F. ) ;
#3567 = FACE_OUTER_BOUND ( 'NONE', #2037, .T. ) ;
#3568 = UNCERTAINTY_MEASURE_WITH_UNIT (LENGTH_MEASURE( 1.000000000000000082E-05 ), #2984, 'distance_accuracy_value', 'NONE');
#3569 = AXIS2_PLACEMENT_3D ( 'NONE', #1194, #905, #2331 ) ;
#3570 = VERTEX_POINT ( 'NONE', #880 ) ;
#3571 = LINE ( 'NONE', #3014, #2612 ) ;
#3572 = CARTESIAN_POINT ( 'NONE',  ( -1.000000000000000222, 0.3999999999999999667, -0.5999999999999999778 ) ) ;
#3573 =( NAMED_UNIT ( * ) PLANE_ANGLE_UNIT ( ) SI_UNIT ( $, .RADIAN. ) );
#3574 = DIRECTION ( 'NONE',  ( -1.000000000000000000, 0.000000000000000000, 0.000000000000000000 ) ) ;
#3575 = EDGE_LOOP ( 'NONE', ( #1457, #3745, #371, #1516, #2684 ) ) ;
#3576 = DIRECTION ( 'NONE',  ( 0.000000000000000000, 0.000000000000000000, -1.000000000000000000 ) ) ;
#3577 = VECTOR ( 'NONE', #1454, 1000.000000000000000 ) ;
#3578 = PLANE ( 'NONE',  #2750 ) ;
#3579 = DIRECTION ( 'NONE',  ( -0.000000000000000000, 1.000000000000000000, -0.000000000000000000 ) ) ;
#3580 = EDGE_CURVE ( 'NONE', #3373, #2720, #583, .T. ) ;
#3581 = ADVANCED_FACE ( 'NONE', ( #1538 ), #1749, .T. ) ;
#3582 = ORIENTED_EDGE ( 'NONE', *, *, #357, .F. ) ;
#3583 = DIRECTION ( 'NONE',  ( 1.000000000000000000, 0.000000000000000000, 0.000000000000000000 ) ) ;
#3584 = CARTESIAN_POINT ( 'NONE',  ( -0.5999999999999997558, -0.4299999999999999378, 0.5999999999999999778 ) ) ;
#3585 = SURFACE_STYLE_USAGE ( .BOTH. , #706 ) ;
#3586 = CLOSED_SHELL ( 'NONE', ( #3088, #82, #2556, #2309, #25, #792, #2709, #211, #1057, #518, #2483, #2589, #1585, #2326, #3311, #1354, #1123, #1804 ) ) ;
#3587 = LINE ( 'NONE', #2760, #1016 ) ;
#3588 = VECTOR ( 'NONE', #173, 1000.000000000000000 ) ;
#3589 =( GEOMETRIC_REPRESENTATION_CONTEXT ( 3 ) GLOBAL_UNCERTAINTY_ASSIGNED_CONTEXT ( ( #2427 ) ) GLOBAL_UNIT_ASSIGNED_CONTEXT ( ( #446, #1605, #2858 ) ) REPRESENTATION_CONTEXT ( 'NONE', 'WORKASPACE' ) );
#3590 = ORIENTED_EDGE ( 'NONE', *, *, #215, .F. ) ;
#3591 = AXIS2_PLACEMENT_3D ( 'NONE', #393, #3617, #2437 ) ;
#3592 = CARTESIAN_POINT ( 'NONE',  ( 0.9499999999999997335, -0.5499999999999999334, -0.5499999999999999334 ) ) ;
#3593 = CARTESIAN_POINT ( 'NONE',  ( -0.9500000000000001776, -0.5999999999999999778, 0.2499999999999999445 ) ) ;
#3594 = CARTESIAN_POINT ( 'NONE',  ( -0.9500000000000001776, -0.5999999999999999778, 0.1999999999999999833 ) ) ;
#3595 = LINE ( 'NONE', #3079, #2746 ) ;
#3596 = PRESENTATION_LAYER_ASSIGNMENT (  '', '', ( #2692 ) ) ;
#3597 = VERTEX_POINT ( 'NONE', #1632 ) ;
#3598 =( NAMED_UNIT ( * ) PLANE_ANGLE_UNIT ( ) SI_UNIT ( $, .RADIAN. ) );
#3599 = DIRECTION ( 'NONE',  ( -0.000000000000000000, -0.000000000000000000, -1.000000000000000000 ) ) ;
#3600 = DIRECTION ( 'NONE',  ( 1.000000000000000000, 0.000000000000000000, -0.000000000000000000 ) ) ;
#3601 = AXIS2_PLACEMENT_3D ( 'NONE', #2881, #270, #3201 ) ;
#3602 = CARTESIAN_POINT ( 'NONE',  ( 0.9499999999999996225, 0.5999999999999999778, -0.5499999999999999334 ) ) ;
#3603 = ORIENTED_EDGE ( 'NONE', *, *, #1191, .F. ) ;
#3604 = VECTOR ( 'NONE', #3579, 1000.000000000000000 ) ;
#3605 = DIRECTION ( 'NONE',  ( -0.000000000000000000, -0.000000000000000000, -1.000000000000000000 ) ) ;
#3606 = DIRECTION ( 'NONE',  ( 1.000000000000000000, -0.000000000000000000, 0.000000000000000000 ) ) ;
#3607 = EDGE_CURVE ( 'NONE', #3712, #297, #3084, .T. ) ;
#3608 = CIRCLE ( 'NONE', #1597, 0.05000000000000002359 ) ;
#3609 = VECTOR ( 'NONE', #858, 1000.000000000000000 ) ;
#3610 = CARTESIAN_POINT ( 'NONE',  ( 0.000000000000000000, -0.5999999999999999778, 0.000000000000000000 ) ) ;
#3611 = AXIS2_PLACEMENT_3D ( 'NONE', #2301, #1769, #3532 ) ;
#3612 = UNCERTAINTY_MEASURE_WITH_UNIT (LENGTH_MEASURE( 1.000000000000000082E-05 ), #59, 'distance_accuracy_value', 'NONE');
#3613 = ORIENTED_EDGE ( 'NONE', *, *, #1846, .T. ) ;
#3614 = CYLINDRICAL_SURFACE ( 'NONE', #1729, 0.05000000000000002359 ) ;
#3615 = VERTEX_POINT ( 'NONE', #113 ) ;
#3616 = SURFACE_STYLE_USAGE ( .BOTH. , #3640 ) ;
#3617 = DIRECTION ( 'NONE',  ( -1.000000000000000000, 0.000000000000000000, 0.000000000000000000 ) ) ;
#3618 = DIRECTION ( 'NONE',  ( 0.000000000000000000, 0.000000000000000000, -1.000000000000000000 ) ) ;
#3619 = AXIS2_PLACEMENT_3D ( 'NONE', #958, #2943, #3253 ) ;
#3620 = CARTESIAN_POINT ( 'NONE',  ( -0.5999999999999997558, -0.5499999999999999334, 0.1999999999999999556 ) ) ;
#3621 = ORIENTED_EDGE ( 'NONE', *, *, #3173, .F. ) ;
#3622 = DIRECTION ( 'NONE',  ( -1.000000000000000000, -0.000000000000000000, 0.000000000000000000 ) ) ;
#3623 = DIRECTION ( 'NONE',  ( -0.000000000000000000, 1.000000000000000000, -0.000000000000000000 ) ) ;
#3624 = VECTOR ( 'NONE', #3687, 1000.000000000000000 ) ;
#3625 = DIRECTION ( 'NONE',  ( 0.000000000000000000, 0.000000000000000000, 1.000000000000000000 ) ) ;
#3626 = AXIS2_PLACEMENT_3D ( 'NONE', #1001, #3558, #1885 ) ;
#3627 = VECTOR ( 'NONE', #3000, 1000.000000000000000 ) ;
#3628 = EDGE_CURVE ( 'NONE', #1648, #1064, #2207, .T. ) ;
#3629 = EDGE_CURVE ( 'NONE', #187, #742, #2761, .T. ) ;
#3630 = VERTEX_POINT ( 'NONE', #2441 ) ;
#3631 = PLANE ( 'NONE',  #1320 ) ;
#3632 = EDGE_CURVE ( 'NONE', #1165, #3017, #3642, .T. ) ;
#3633 = ORIENTED_EDGE ( 'NONE', *, *, #3030, .F. ) ;
#3634 = VERTEX_POINT ( 'NONE', #1267 ) ;
#3635 = FACE_OUTER_BOUND ( 'NONE', #1431, .T. ) ;
#3636 = CARTESIAN_POINT ( 'NONE',  ( -0.5999999999999997558, -0.3999999999999999667, 0.5499999999999998224 ) ) ;
#3637 = SURFACE_STYLE_FILL_AREA ( #3055 ) ;
#3638 = CIRCLE ( 'NONE', #1154, 0.04999999999999999584 ) ;
#3639 = ORIENTED_EDGE ( 'NONE', *, *, #1213, .F. ) ;
#3640 = SURFACE_SIDE_STYLE ('',( #129 ) ) ;
#3641 = CARTESIAN_POINT ( 'NONE',  ( -0.5499999999999998224, 0.3999999999999999667, 0.5999999999999999778 ) ) ;
#3642 = LINE ( 'NONE', #716, #3360 ) ;
#3643 = EDGE_LOOP ( 'NONE', ( #2933, #2196, #3032, #2012 ) ) ;
#3644 = DIRECTION ( 'NONE',  ( 1.000000000000000000, 5.421010862427523156E-16, 0.000000000000000000 ) ) ;
#3645 = COLOUR_RGB ( '',0.9098039215686274384, 0.4705882352941176405, 0.03137254901960784270 ) ;
#3646 = ORIENTED_EDGE ( 'NONE', *, *, #1010, .F. ) ;
#3647 = DIRECTION ( 'NONE',  ( -1.000000000000000000, -0.000000000000000000, 0.000000000000000000 ) ) ;
#3648 = ADVANCED_FACE ( 'NONE', ( #1325 ), #1589, .T. ) ;
#3649 = EDGE_LOOP ( 'NONE', ( #81, #341, #1156, #1742 ) ) ;
#3650 = ORIENTED_EDGE ( 'NONE', *, *, #2194, .T. ) ;
#3651 = STYLED_ITEM ( 'NONE', ( #1972 ), #155 ) ;
#3652 = FILL_AREA_STYLE_COLOUR ( '', #456 ) ;
#3653 = DIRECTION ( 'NONE',  ( -1.000000000000000000, 0.000000000000000000, 0.000000000000000000 ) ) ;
#3654 = EDGE_CURVE ( 'NONE', #605, #157, #450, .T. ) ;
#3655 = AXIS2_PLACEMENT_3D ( 'NONE', #291, #962, #76 ) ;
#3656 = ORIENTED_EDGE ( 'NONE', *, *, #796, .T. ) ;
#3657 = FACE_OUTER_BOUND ( 'NONE', #1360, .T. ) ;
#3658 = SPHERICAL_SURFACE ( 'NONE', #1955, 0.05000000000000000278 ) ;
#3659 = EDGE_CURVE ( 'NONE', #1240, #757, #2477, .T. ) ;
#3660 = SHAPE_DEFINITION_REPRESENTATION ( #2929, #1130 ) ;
#3661 = EDGE_LOOP ( 'NONE', ( #2216, #2936, #2954, #943 ) ) ;
#3662 = CARTESIAN_POINT ( 'NONE',  ( -0.5499999999999998224, 0.3999999999999999667, 0.3999999999999999112 ) ) ;
#3663 = AXIS2_PLACEMENT_3D ( 'NONE', #1412, #1148, #1962 ) ;
#3664 = CARTESIAN_POINT ( 'NONE',  ( 0.9499999999999997335, 0.3999999999999999667, 0.5999999999999999778 ) ) ;
#3665 = SURFACE_SIDE_STYLE ('',( #3359 ) ) ;
#3666 = AXIS2_PLACEMENT_3D ( 'NONE', #1173, #335, #2387 ) ;
#3667 = CARTESIAN_POINT ( 'NONE',  ( -0.5999999999999997558, -0.5499999999999999334, -0.2500000000000000000 ) ) ;
#3668 = DIRECTION ( 'NONE',  ( 0.000000000000000000, 0.000000000000000000, -1.000000000000000000 ) ) ;
#3669 = CARTESIAN_POINT ( 'NONE',  ( 0.5999999999999998668, -0.3999999999999999112, -0.5499999999999999334 ) ) ;
#3670 = AXIS2_PLACEMENT_3D ( 'NONE', #2804, #2278, #3383 ) ;
#3671 = CIRCLE ( 'NONE', #940, 0.05000000000000002359 ) ;
#3672 = ORIENTED_EDGE ( 'NONE', *, *, #285, .F. ) ;
#3673 = DIRECTION ( 'NONE',  ( 0.000000000000000000, 0.000000000000000000, 1.000000000000000000 ) ) ;
#3674 = CARTESIAN_POINT ( 'NONE',  ( 0.5999999999999999778, -0.5999999999999999778, 0.1999999999999999833 ) ) ;
#3675 = VERTEX_POINT ( 'NONE', #964 ) ;
#3676 = EDGE_CURVE ( 'NONE', #224, #2852, #3336, .T. ) ;
#3677 = ADVANCED_FACE ( 'NONE', ( #1888 ), #3043, .T. ) ;
#3678 = CARTESIAN_POINT ( 'NONE',  ( 0.5499999999999998224, -0.4299999999999999378, 0.1999999999999999833 ) ) ;
#3679 = CARTESIAN_POINT ( 'NONE',  ( 0.000000000000000000, 0.000000000000000000, 0.000000000000000000 ) ) ;
#3680 = ORIENTED_EDGE ( 'NONE', *, *, #1285, .T. ) ;
#3681 = EDGE_CURVE ( 'NONE', #520, #2092, #734, .T. ) ;
#3682 =( NAMED_UNIT ( * ) SI_UNIT ( $, .STERADIAN. ) SOLID_ANGLE_UNIT ( ) );
#3683 = LINE ( 'NONE', #1062, #17 ) ;
#3684 = FILL_AREA_STYLE ('',( #566 ) ) ;
#3685 =( NAMED_UNIT ( * ) SI_UNIT ( $, .STERADIAN. ) SOLID_ANGLE_UNIT ( ) );
#3686 = LINE ( 'NONE', #1547, #1824 ) ;
#3687 = DIRECTION ( 'NONE',  ( 1.000000000000000000, -0.000000000000000000, -0.000000000000000000 ) ) ;
#3688 = VECTOR ( 'NONE', #502, 1000.000000000000000 ) ;
#3689 = CIRCLE ( 'NONE', #2903, 0.05000000000000002359 ) ;
#3690 = AXIS2_PLACEMENT_3D ( 'NONE', #179, #755, #2202 ) ;
#3691 = ORIENTED_EDGE ( 'NONE', *, *, #665, .F. ) ;
#3692 = EDGE_LOOP ( 'NONE', ( #2647, #2722, #1925, #1967 ) ) ;
#3693 = VERTEX_POINT ( 'NONE', #3620 ) ;
#3694 = CARTESIAN_POINT ( 'NONE',  ( 0.5499999999999998224, -0.4000000000000000777, -0.1999999999999999278 ) ) ;
#3695 = SURFACE_SIDE_STYLE ('',( #3428 ) ) ;
#3696 = UNCERTAINTY_MEASURE_WITH_UNIT (LENGTH_MEASURE( 1.000000000000000082E-05 ), #1088, 'distance_accuracy_value', 'NONE');
#3697 = DIRECTION ( 'NONE',  ( -0.000000000000000000, -0.000000000000000000, 1.000000000000000000 ) ) ;
#3698 = ORIENTED_EDGE ( 'NONE', *, *, #3607, .F. ) ;
#3699 = EDGE_CURVE ( 'NONE', #1830, #1407, #1023, .T. ) ;
#3700 = LINE ( 'NONE', #2517, #1410 ) ;
#3701 = EDGE_CURVE ( 'NONE', #2625, #1988, #3065, .T. ) ;
#3702 = ADVANCED_FACE ( 'NONE', ( #1555 ), #980, .T. ) ;
#3703 =( NAMED_UNIT ( * ) SI_UNIT ( $, .STERADIAN. ) SOLID_ANGLE_UNIT ( ) );
#3704 = FACE_OUTER_BOUND ( 'NONE', #142, .T. ) ;
#3705 = SURFACE_STYLE_FILL_AREA ( #3723 ) ;
#3706 = VECTOR ( 'NONE', #2105, 1000.000000000000000 ) ;
#3707 = CARTESIAN_POINT ( 'NONE',  ( -1.000000000000000222, -0.4299999999999999378, 0.5999999999999999778 ) ) ;
#3708 = SURFACE_STYLE_USAGE ( .BOTH. , #1703 ) ;
#3709 = ORIENTED_EDGE ( 'NONE', *, *, #1800, .F. ) ;
#3710 =( NAMED_UNIT ( * ) SI_UNIT ( $, .STERADIAN. ) SOLID_ANGLE_UNIT ( ) );
#3711 = DIRECTION ( 'NONE',  ( -1.000000000000000000, -0.000000000000000000, -0.000000000000000000 ) ) ;
#3712 = VERTEX_POINT ( 'NONE', #150 ) ;
#3713 = CARTESIAN_POINT ( 'NONE',  ( 0.5499999999999999334, -0.5499999999999999334, -0.2500000000000000000 ) ) ;
#3714 = VECTOR ( 'NONE', #526, 1000.000000000000000 ) ;
#3715 = PRESENTATION_LAYER_ASSIGNMENT (  '', '', ( #2558 ) ) ;
#3716 = EDGE_LOOP ( 'NONE', ( #1992, #3266, #428, #2524, #878, #3499, #2228, #2459 ) ) ;
#3717 = LINE ( 'NONE', #1695, #3228 ) ;
#3718 = VECTOR ( 'NONE', #410, 1000.000000000000000 ) ;
#3719 = MECHANICAL_DESIGN_GEOMETRIC_PRESENTATION_REPRESENTATION (  '', ( #1784 ), #3064 ) ;
#3720 = CIRCLE ( 'NONE', #3130, 0.04999999999999999584 ) ;
#3721 = COLOUR_RGB ( '',0.7921568627450980005, 0.8196078431372548767, 0.9333333333333333481 ) ;
#3722 = DIRECTION ( 'NONE',  ( 0.000000000000000000, -1.000000000000000000, 0.000000000000000000 ) ) ;
#3723 = FILL_AREA_STYLE ('',( #848 ) ) ;
#3724 = EDGE_CURVE ( 'NONE', #3180, #911, #2575, .T. ) ;
#3725 = EDGE_CURVE ( 'NONE', #1180, #659, #1300, .T. ) ;
#3726 = PLANE ( 'NONE',  #222 ) ;
#3727 = CARTESIAN_POINT ( 'NONE',  ( 0.5999999999999999778, -0.5499999999999999334, -0.6009999999999998677 ) ) ;
#3728 = VECTOR ( 'NONE', #784, 1000.000000000000000 ) ;
#3729 = DIRECTION ( 'NONE',  ( 0.000000000000000000, 0.000000000000000000, -1.000000000000000000 ) ) ;
#3730 = VERTEX_POINT ( 'NONE', #1986 ) ;
#3731 = ORIENTED_EDGE ( 'NONE', *, *, #185, .T. ) ;
#3732 = DIRECTION ( 'NONE',  ( -0.000000000000000000, -0.000000000000000000, -1.000000000000000000 ) ) ;
#3733 = ORIENTED_EDGE ( 'NONE', *, *, #2217, .F. ) ;
#3734 = CARTESIAN_POINT ( 'NONE',  ( -0.9500000000000001776, -0.4299999999999999378, 0.5999999999999999778 ) ) ;
#3735 = DIRECTION ( 'NONE',  ( 0.000000000000000000, -1.000000000000000000, 0.000000000000000000 ) ) ;
#3736 = SURFACE_STYLE_FILL_AREA ( #822 ) ;
#3737 = DIRECTION ( 'NONE',  ( -0.000000000000000000, 1.000000000000000000, 0.000000000000000000 ) ) ;
#3738 = EDGE_LOOP ( 'NONE', ( #1964, #616, #3709, #2516 ) ) ;
#3739 = CYLINDRICAL_SURFACE ( 'NONE', #2198, 0.05000000000000002359 ) ;
#3740 = CARTESIAN_POINT ( 'NONE',  ( -1.000000000000000222, -0.4299999999999999378, 0.5499999999999999334 ) ) ;
#3741 = LINE ( 'NONE', #1536, #2904 ) ;
#3742 = FACE_OUTER_BOUND ( 'NONE', #1350, .T. ) ;
#3743 = DIRECTION ( 'NONE',  ( 0.000000000000000000, 0.000000000000000000, 1.000000000000000000 ) ) ;
#3744 = EDGE_CURVE ( 'NONE', #2243, #1652, #2265, .T. ) ;
#3745 = ORIENTED_EDGE ( 'NONE', *, *, #87, .T. ) ;
#3746 = ORIENTED_EDGE ( 'NONE', *, *, #3169, .T. ) ;
#3747 = FACE_OUTER_BOUND ( 'NONE', #703, .T. ) ;
#3748 = PRESENTATION_STYLE_ASSIGNMENT (( #1370 ) ) ;
#3749 = VECTOR ( 'NONE', #484, 1000.000000000000000 ) ;
#3750 = ADVANCED_FACE ( 'NONE', ( #3102 ), #3430, .F. ) ;
#3751 = DIRECTION ( 'NONE',  ( -1.000000000000000000, 0.000000000000000000, 0.000000000000000000 ) ) ;
#3752 = EDGE_CURVE ( 'NONE', #2852, #32, #764, .T. ) ;
#3753 = EDGE_LOOP ( 'NONE', ( #453, #1245, #3590, #2415 ) ) ;
#3754 = LINE ( 'NONE', #2071, #727 ) ;
#3755 = DIRECTION ( 'NONE',  ( -1.000000000000000000, -2.168404344971007685E-15, 0.000000000000000000 ) ) ;
#3756 = VERTEX_POINT ( 'NONE', #2232 ) ;
#3757 = CARTESIAN_POINT ( 'NONE',  ( -0.9500000000000001776, 0.5999999999999999778, 0.5999999999999999778 ) ) ;
#3758 = COLOUR_RGB ( '',0.2509803921568627416, 0.2509803921568627416, 0.2509803921568627416 ) ;
#3759 = DIRECTION ( 'NONE',  ( 0.000000000000000000, 0.000000000000000000, -1.000000000000000000 ) ) ;
#3760 = CARTESIAN_POINT ( 'NONE',  ( -1.000000000000000222, -0.4299999999999999378, 0.5999999999999999778 ) ) ;
#3761 = FACE_OUTER_BOUND ( 'NONE', #3385, .T. ) ;
#3762 = CARTESIAN_POINT ( 'NONE',  ( -0.9500000000000001776, -0.5999999999999999778, -0.5999999999999999778 ) ) ;
#3763 = SURFACE_SIDE_STYLE ('',( #2602 ) ) ;
#3764 = ORIENTED_EDGE ( 'NONE', *, *, #2534, .T. ) ;
#3765 = VECTOR ( 'NONE', #3468, 1000.000000000000000 ) ;
#3766 = EDGE_LOOP ( 'NONE', ( #302, #1262, #2741, #2364 ) ) ;
#3767 = CARTESIAN_POINT ( 'NONE',  ( 0.9499999999999996225, 0.5999999999999999778, 0.5999999999999999778 ) ) ;
#3768 = AXIS2_PLACEMENT_3D ( 'NONE', #667, #98, #79 ) ;
#3769 = ORIENTED_EDGE ( 'NONE', *, *, #3402, .F. ) ;
#3770 = SURFACE_STYLE_USAGE ( .BOTH. , #1759 ) ;
#3771 =( NAMED_UNIT ( * ) PLANE_ANGLE_UNIT ( ) SI_UNIT ( $, .RADIAN. ) );
#3772 = EDGE_CURVE ( 'NONE', #1349, #2625, #1927, .T. ) ;
#3773 = FACE_OUTER_BOUND ( 'NONE', #3775, .T. ) ;
#3774 = EDGE_CURVE ( 'NONE', #226, #1145, #1671, .T. ) ;
#3775 = EDGE_LOOP ( 'NONE', ( #2104, #2809, #1342, #780, #851, #3479, #276, #838 ) ) ;
#3776 =( GEOMETRIC_REPRESENTATION_CONTEXT ( 3 ) GLOBAL_UNCERTAINTY_ASSIGNED_CONTEXT ( ( #102 ) ) GLOBAL_UNIT_ASSIGNED_CONTEXT ( ( #2906, #2328, #977 ) ) REPRESENTATION_CONTEXT ( 'NONE', 'WORKASPACE' ) );
ENDSEC;
END-ISO-10303-21;
