ISO-10303-21;
HEADER;
FILE_DESCRIPTION (( 'STEP AP214' ),
    '1' );
FILE_NAME ('OS103011MA7QP1.STEP',
    '2024-08-12T03:16:53',
    ( '' ),
    ( '' ),
    'SwSTEP 2.0',
    'SolidWorks 2024',
    '' );
FILE_SCHEMA (( 'AUTOMOTIVE_DESIGN' ));
ENDSEC;

DATA;
#1 = VECTOR ( 'NONE', #2516, 1000.000000000000000 ) ;
#2 = SURFACE_SIDE_STYLE ('',( #2513 ) ) ;
#3 = DIRECTION ( 'NONE',  ( 0.000000000000000000, -0.9985978335237490899, 0.05293738642655766019 ) ) ;
#4 = ORIENTED_EDGE ( 'NONE', *, *, #1488, .T. ) ;
#5 = DIRECTION ( 'NONE',  ( 1.000000000000000000, 0.000000000000000000, -0.000000000000000000 ) ) ;
#6 = EDGE_CURVE ( 'NONE', #2231, #1405, #77, .T. ) ;
#7 = DIRECTION ( 'NONE',  ( 0.000000000000000000, -0.000000000000000000, -1.000000000000000000 ) ) ;
#8 = UNCERTAINTY_MEASURE_WITH_UNIT (LENGTH_MEASURE( 1.000000000000000082E-05 ), #266, 'distance_accuracy_value', 'NONE');
#9 = ORIENTED_EDGE ( 'NONE', *, *, #1314, .F. ) ;
#10 = DIRECTION ( 'NONE',  ( 0.000000000000000000, 0.000000000000000000, 1.000000000000000000 ) ) ;
#11 =( GEOMETRIC_REPRESENTATION_CONTEXT ( 3 ) GLOBAL_UNCERTAINTY_ASSIGNED_CONTEXT ( ( #1783 ) ) GLOBAL_UNIT_ASSIGNED_CONTEXT ( ( #2031, #823, #2427 ) ) REPRESENTATION_CONTEXT ( 'NONE', 'WORKASPACE' ) );
#12 = DIRECTION ( 'NONE',  ( -1.000000000000000000, 0.000000000000000000, 0.000000000000000000 ) ) ;
#13 = COLOUR_RGB ( '',0.2509803921568627416, 0.2509803921568627416, 0.2509803921568627416 ) ;
#14 =( NAMED_UNIT ( * ) SI_UNIT ( $, .STERADIAN. ) SOLID_ANGLE_UNIT ( ) );
#15 = CARTESIAN_POINT ( 'NONE',  ( 2.250000000000000444, 3.599999999999998757, 6.149999999999999467 ) ) ;
#16 = AXIS2_PLACEMENT_3D ( 'NONE', #813, #1600, #2368 ) ;
#17 = AXIS2_PLACEMENT_3D ( 'NONE', #212, #1786, #987 ) ;
#18 = ORIENTED_EDGE ( 'NONE', *, *, #1402, .T. ) ;
#19 = FACE_OUTER_BOUND ( 'NONE', #1682, .T. ) ;
#20 = CYLINDRICAL_SURFACE ( 'NONE', #980, 0.2500000000000002220 ) ;
#21 = ADVANCED_FACE ( 'NONE', ( #2428 ), #2089, .T. ) ;
#22 = AXIS2_PLACEMENT_3D ( 'NONE', #1695, #1132, #174 ) ;
#23 = LINE ( 'NONE', #1804, #2112 ) ;
#24 = ORIENTED_EDGE ( 'NONE', *, *, #298, .T. ) ;
#25 = FACE_OUTER_BOUND ( 'NONE', #633, .T. ) ;
#26 = EDGE_LOOP ( 'NONE', ( #1454, #1139, #219, #2057 ) ) ;
#27 = CARTESIAN_POINT ( 'NONE',  ( -3.100000000000000533, 3.649999999999998135, 2.149999999999999467 ) ) ;
#28 = LINE ( 'NONE', #407, #79 ) ;
#29 = LINE ( 'NONE', #1787, #1778 ) ;
#30 = ORIENTED_EDGE ( 'NONE', *, *, #193, .T. ) ;
#31 = DIRECTION ( 'NONE',  ( 1.000000000000000000, 0.000000000000000000, -0.000000000000000000 ) ) ;
#32 = EDGE_CURVE ( 'NONE', #1542, #541, #505, .T. ) ;
#33 = CYLINDRICAL_SURFACE ( 'NONE', #392, 0.2500000000000002220 ) ;
#34 = UNCERTAINTY_MEASURE_WITH_UNIT (LENGTH_MEASURE( 1.000000000000000082E-05 ), #1226, 'distance_accuracy_value', 'NONE');
#35 = VERTEX_POINT ( 'NONE', #109 ) ;
#36 = EDGE_LOOP ( 'NONE', ( #435, #1550, #1108, #1881 ) ) ;
#37 = CARTESIAN_POINT ( 'NONE',  ( 6.299999999999999822, 0.000000000000000000, -0.5000000000000000000 ) ) ;
#38 = FACE_OUTER_BOUND ( 'NONE', #143, .T. ) ;
#39 = DIRECTION ( 'NONE',  ( 0.000000000000000000, 0.000000000000000000, 1.000000000000000000 ) ) ;
#40 = MECHANICAL_DESIGN_GEOMETRIC_PRESENTATION_REPRESENTATION (  '', ( #138 ), #254 ) ;
#41 = UNCERTAINTY_MEASURE_WITH_UNIT (LENGTH_MEASURE( 1.000000000000000082E-05 ), #1449, 'distance_accuracy_value', 'NONE');
#42 = AXIS2_PLACEMENT_3D ( 'NONE', #204, #1762, #3 ) ;
#43 = DIRECTION ( 'NONE',  ( 0.000000000000000000, -1.000000000000000000, 0.000000000000000000 ) ) ;
#44 = ORIENTED_EDGE ( 'NONE', *, *, #588, .F. ) ;
#45 = PRESENTATION_STYLE_ASSIGNMENT (( #1800 ) ) ;
#46 = CARTESIAN_POINT ( 'NONE',  ( 4.250000000000000888, -3.799999999999999822, -0.1500000000000000222 ) ) ;
#47 = VERTEX_POINT ( 'NONE', #1266 ) ;
#48 = DIRECTION ( 'NONE',  ( 0.000000000000000000, 0.000000000000000000, 1.000000000000000000 ) ) ;
#49 = ORIENTED_EDGE ( 'NONE', *, *, #1368, .F. ) ;
#50 =( NAMED_UNIT ( * ) SI_UNIT ( $, .STERADIAN. ) SOLID_ANGLE_UNIT ( ) );
#51 =( LENGTH_UNIT ( ) NAMED_UNIT ( * ) SI_UNIT ( .MILLI., .METRE. ) );
#52 =( NAMED_UNIT ( * ) PLANE_ANGLE_UNIT ( ) SI_UNIT ( $, .RADIAN. ) );
#53 = EDGE_CURVE ( 'NONE', #2402, #1838, #886, .T. ) ;
#54 = SURFACE_STYLE_FILL_AREA ( #1813 ) ;
#55 = COLOUR_RGB ( '',0.2509803921568627416, 0.2509803921568627416, 0.2509803921568627416 ) ;
#56 = ORIENTED_EDGE ( 'NONE', *, *, #954, .T. ) ;
#57 = MECHANICAL_DESIGN_GEOMETRIC_PRESENTATION_REPRESENTATION (  '', ( #2137 ), #1941 ) ;
#58 = FILL_AREA_STYLE ('',( #1994 ) ) ;
#59 = STYLED_ITEM ( 'NONE', ( #343 ), #1831 ) ;
#60 = LINE ( 'NONE', #1999, #1784 ) ;
#61 = ORIENTED_EDGE ( 'NONE', *, *, #916, .T. ) ;
#62 = COLOUR_RGB ( '',0.2509803921568627416, 0.2509803921568627416, 0.2509803921568627416 ) ;
#63 = EDGE_LOOP ( 'NONE', ( #2257, #1399, #1691, #1269 ) ) ;
#64 =( GEOMETRIC_REPRESENTATION_CONTEXT ( 3 ) GLOBAL_UNCERTAINTY_ASSIGNED_CONTEXT ( ( #2354 ) ) GLOBAL_UNIT_ASSIGNED_CONTEXT ( ( #533, #2078, #1689 ) ) REPRESENTATION_CONTEXT ( 'NONE', 'WORKASPACE' ) );
#65 = DIRECTION ( 'NONE',  ( -1.000000000000000000, -0.000000000000000000, -0.000000000000000000 ) ) ;
#66 = CARTESIAN_POINT ( 'NONE',  ( 6.299999999999999822, 0.000000000000000000, 2.149999999999999023 ) ) ;
#67 = LINE ( 'NONE', #2183, #1490 ) ;
#68 = CARTESIAN_POINT ( 'NONE',  ( 2.250000000000000888, -6.123031769111892454E-17, -0.1500000000000000222 ) ) ;
#69 = DIRECTION ( 'NONE',  ( 0.000000000000000000, -1.000000000000000000, 0.000000000000000000 ) ) ;
#70 = EDGE_CURVE ( 'NONE', #215, #1601, #93, .T. ) ;
#71 = ORIENTED_EDGE ( 'NONE', *, *, #1753, .T. ) ;
#72 = CARTESIAN_POINT ( 'NONE',  ( 4.250000000000000888, -3.799999999999999822, 0.2500000000000000000 ) ) ;
#73 = PRESENTATION_LAYER_ASSIGNMENT (  '', '', ( #1107 ) ) ;
#74 = PRESENTATION_STYLE_ASSIGNMENT (( #421 ) ) ;
#75 = UNCERTAINTY_MEASURE_WITH_UNIT (LENGTH_MEASURE( 1.000000000000000082E-05 ), #297, 'distance_accuracy_value', 'NONE');
#76 = CARTESIAN_POINT ( 'NONE',  ( 5.899999999999999467, -1.918182427907084042, 0.000000000000000000 ) ) ;
#77 = LINE ( 'NONE', #715, #2086 ) ;
#78 = DIRECTION ( 'NONE',  ( -0.000000000000000000, 1.000000000000000000, 0.000000000000000000 ) ) ;
#79 = VECTOR ( 'NONE', #1202, 1000.000000000000000 ) ;
#80 = LINE ( 'NONE', #46, #627 ) ;
#81 = VERTEX_POINT ( 'NONE', #1657 ) ;
#82 = FILL_AREA_STYLE ('',( #2383 ) ) ;
#83 = ORIENTED_EDGE ( 'NONE', *, *, #646, .T. ) ;
#84 = FACE_OUTER_BOUND ( 'NONE', #1835, .T. ) ;
#85 =( GEOMETRIC_REPRESENTATION_CONTEXT ( 3 ) GLOBAL_UNCERTAINTY_ASSIGNED_CONTEXT ( ( #220 ) ) GLOBAL_UNIT_ASSIGNED_CONTEXT ( ( #1362, #1926, #1964 ) ) REPRESENTATION_CONTEXT ( 'NONE', 'WORKASPACE' ) );
#86 = FACE_OUTER_BOUND ( 'NONE', #1207, .T. ) ;
#87 = CARTESIAN_POINT ( 'NONE',  ( -5.899999999999999467, -2.500000000000000444, 0.1499999999999999667 ) ) ;
#88 = ORIENTED_EDGE ( 'NONE', *, *, #1712, .T. ) ;
#89 = DIRECTION ( 'NONE',  ( -0.000000000000000000, 1.000000000000000000, 0.000000000000000000 ) ) ;
#90 = VECTOR ( 'NONE', #2062, 1000.000000000000000 ) ;
#91 = FILL_AREA_STYLE ('',( #233 ) ) ;
#92 =( NAMED_UNIT ( * ) SI_UNIT ( $, .STERADIAN. ) SOLID_ANGLE_UNIT ( ) );
#93 = LINE ( 'NONE', #871, #1557 ) ;
#94 =( NAMED_UNIT ( * ) SI_UNIT ( $, .STERADIAN. ) SOLID_ANGLE_UNIT ( ) );
#95 = EDGE_CURVE ( 'NONE', #1669, #1499, #2241, .T. ) ;
#96 = SURFACE_STYLE_FILL_AREA ( #2285 ) ;
#97 = ORIENTED_EDGE ( 'NONE', *, *, #1010, .T. ) ;
#98 = VERTEX_POINT ( 'NONE', #300 ) ;
#99 = CARTESIAN_POINT ( 'NONE',  ( 2.250000000000000444, 0.000000000000000000, 0.1500000000000000222 ) ) ;
#100 = AXIS2_PLACEMENT_3D ( 'NONE', #2059, #1280, #1096 ) ;
#101 = PRODUCT_DEFINITION_SHAPE ( 'NONE', 'NONE',  #535 ) ;
#102 = DIRECTION ( 'NONE',  ( -1.000000000000000000, 0.000000000000000000, -0.000000000000000000 ) ) ;
#103 = SURFACE_STYLE_USAGE ( .BOTH. , #1079 ) ;
#104 = DIRECTION ( 'NONE',  ( -1.000000000000000000, -2.168404344971008621E-16, -0.000000000000000000 ) ) ;
#105 = EDGE_LOOP ( 'NONE', ( #1284, #2481, #1038, #1238 ) ) ;
#106 = PLANE ( 'NONE',  #619 ) ;
#107 = COLOUR_RGB ( '',0.2509803921568627416, 0.2509803921568627416, 0.2509803921568627416 ) ;
#108 = DIRECTION ( 'NONE',  ( 1.000000000000000000, -0.000000000000000000, 0.000000000000000000 ) ) ;
#109 = CARTESIAN_POINT ( 'NONE',  ( 1.749999999999999778, 0.000000000000000000, 0.1500000000000000222 ) ) ;
#110 = DIRECTION ( 'NONE',  ( -0.000000000000000000, 0.000000000000000000, -1.000000000000000000 ) ) ;
#111 =( GEOMETRIC_REPRESENTATION_CONTEXT ( 3 ) GLOBAL_UNCERTAINTY_ASSIGNED_CONTEXT ( ( #2187 ) ) GLOBAL_UNIT_ASSIGNED_CONTEXT ( ( #724, #1711, #2294 ) ) REPRESENTATION_CONTEXT ( 'NONE', 'WORKASPACE' ) );
#112 = CARTESIAN_POINT ( 'NONE',  ( 3.750000000000000000, -3.799999999999999822, 0.1500000000000000222 ) ) ;
#113 = EDGE_CURVE ( 'NONE', #1103, #1925, #1085, .T. ) ;
#114 = ORIENTED_EDGE ( 'NONE', *, *, #486, .F. ) ;
#115 = CARTESIAN_POINT ( 'NONE',  ( 6.299999999999999822, 0.000000000000000000, 0.1500000000000000222 ) ) ;
#116 = LINE ( 'NONE', #1487, #1795 ) ;
#117 =( NAMED_UNIT ( * ) PLANE_ANGLE_UNIT ( ) SI_UNIT ( $, .RADIAN. ) );
#118 = DIRECTION ( 'NONE',  ( 0.000000000000000000, 0.000000000000000000, 1.000000000000000000 ) ) ;
#119 = ORIENTED_EDGE ( 'NONE', *, *, #2079, .F. ) ;
#120 = FILL_AREA_STYLE_COLOUR ( '', #1171 ) ;
#121 = SURFACE_STYLE_USAGE ( .BOTH. , #1320 ) ;
#122 =( LENGTH_UNIT ( ) NAMED_UNIT ( * ) SI_UNIT ( .MILLI., .METRE. ) );
#123 = CARTESIAN_POINT ( 'NONE',  ( 4.250000000000000000, -2.449212707644755009E-16, 0.2500000000000000000 ) ) ;
#124 = EDGE_CURVE ( 'NONE', #1767, #2052, #2250, .T. ) ;
#125 = FILL_AREA_STYLE_COLOUR ( '', #2069 ) ;
#126 = DIRECTION ( 'NONE',  ( 0.000000000000000000, 0.000000000000000000, -1.000000000000000000 ) ) ;
#127 = ORIENTED_EDGE ( 'NONE', *, *, #921, .T. ) ;
#128 = CARTESIAN_POINT ( 'NONE',  ( 2.250000000000000888, -3.800000000000000711, 0.1500000000000000222 ) ) ;
#129 = CIRCLE ( 'NONE', #1985, 0.6008424811846245772 ) ;
#130 = CARTESIAN_POINT ( 'NONE',  ( 3.749999999999999556, 0.000000000000000000, -0.1500000000000000222 ) ) ;
#131 = EDGE_CURVE ( 'NONE', #1669, #1185, #773, .T. ) ;
#132 =( NAMED_UNIT ( * ) PLANE_ANGLE_UNIT ( ) SI_UNIT ( $, .RADIAN. ) );
#133 = COLOUR_RGB ( '',0.2509803921568627416, 0.2509803921568627416, 0.2509803921568627416 ) ;
#134 = PLANE ( 'NONE',  #1437 ) ;
#135 = SURFACE_STYLE_FILL_AREA ( #1467 ) ;
#136 = DIRECTION ( 'NONE',  ( 0.000000000000000000, 0.000000000000000000, 1.000000000000000000 ) ) ;
#137 = SURFACE_SIDE_STYLE ('',( #96 ) ) ;
#138 = STYLED_ITEM ( 'NONE', ( #1098 ), #872 ) ;
#139 = COLOUR_RGB ( '',0.9882352941176471006, 0.7372549019607843590, 0.5137254901960783826 ) ;
#140 = CARTESIAN_POINT ( 'NONE',  ( 5.899999999999999467, -1.918182427907084042, -0.6008424811846246882 ) ) ;
#141 = ORIENTED_EDGE ( 'NONE', *, *, #1960, .T. ) ;
#142 = CARTESIAN_POINT ( 'NONE',  ( -5.899999999999999467, -2.799999999999999822, 0.1499999999999999667 ) ) ;
#143 = EDGE_LOOP ( 'NONE', ( #1646, #1965, #1278, #290 ) ) ;
#144 =( LENGTH_UNIT ( ) NAMED_UNIT ( * ) SI_UNIT ( .MILLI., .METRE. ) );
#145 = EDGE_CURVE ( 'NONE', #1012, #1220, #1126, .T. ) ;
#146 = MECHANICAL_DESIGN_GEOMETRIC_PRESENTATION_REPRESENTATION (  '', ( #784 ), #453 ) ;
#147 = LINE ( 'NONE', #1097, #2456 ) ;
#148 = VERTEX_POINT ( 'NONE', #2088 ) ;
#149 = CARTESIAN_POINT ( 'NONE',  ( 6.299999999999999822, 0.000000000000000000, -2.150000000000000799 ) ) ;
#150 = VECTOR ( 'NONE', #1348, 1000.000000000000000 ) ;
#151 = SURFACE_STYLE_FILL_AREA ( #674 ) ;
#152 =( LENGTH_UNIT ( ) NAMED_UNIT ( * ) SI_UNIT ( .MILLI., .METRE. ) );
#153 = MECHANICAL_DESIGN_GEOMETRIC_PRESENTATION_REPRESENTATION (  '', ( #1303 ), #713 ) ;
#154 =( NAMED_UNIT ( * ) PLANE_ANGLE_UNIT ( ) SI_UNIT ( $, .RADIAN. ) );
#155 = VECTOR ( 'NONE', #1505, 1000.000000000000000 ) ;
#156 = CIRCLE ( 'NONE', #1575, 0.6008424811846245772 ) ;
#157 =( NAMED_UNIT ( * ) PLANE_ANGLE_UNIT ( ) SI_UNIT ( $, .RADIAN. ) );
#158 =( NAMED_UNIT ( * ) PLANE_ANGLE_UNIT ( ) SI_UNIT ( $, .RADIAN. ) );
#159 = FACE_OUTER_BOUND ( 'NONE', #239, .T. ) ;
#160 = ORIENTED_EDGE ( 'NONE', *, *, #170, .F. ) ;
#161 = ADVANCED_FACE ( 'NONE', ( #725 ), #134, .F. ) ;
#162 = PRESENTATION_STYLE_ASSIGNMENT (( #1911 ) ) ;
#163 = VECTOR ( 'NONE', #353, 1000.000000000000000 ) ;
#164 = VECTOR ( 'NONE', #455, 1000.000000000000000 ) ;
#165 = SURFACE_STYLE_USAGE ( .BOTH. , #2334 ) ;
#166 = EDGE_CURVE ( 'NONE', #2297, #1553, #2126, .T. ) ;
#167 = ORIENTED_EDGE ( 'NONE', *, *, #2026, .F. ) ;
#168 = DIRECTION ( 'NONE',  ( -1.000000000000000000, -0.000000000000000000, 0.000000000000000000 ) ) ;
#169 = LINE ( 'NONE', #938, #163 ) ;
#170 = EDGE_CURVE ( 'NONE', #848, #2366, #147, .T. ) ;
#171 =( NAMED_UNIT ( * ) PLANE_ANGLE_UNIT ( ) SI_UNIT ( $, .RADIAN. ) );
#172 = PLANE ( 'NONE',  #1912 ) ;
#173 =( NAMED_UNIT ( * ) SI_UNIT ( $, .STERADIAN. ) SOLID_ANGLE_UNIT ( ) );
#174 = DIRECTION ( 'NONE',  ( 0.000000000000000000, 0.000000000000000000, 1.000000000000000000 ) ) ;
#175 = ORIENTED_EDGE ( 'NONE', *, *, #281, .F. ) ;
#176 =( GEOMETRIC_REPRESENTATION_CONTEXT ( 3 ) GLOBAL_UNCERTAINTY_ASSIGNED_CONTEXT ( ( #1232 ) ) GLOBAL_UNIT_ASSIGNED_CONTEXT ( ( #2199, #1412, #1978 ) ) REPRESENTATION_CONTEXT ( 'NONE', 'WORKASPACE' ) );
#177 =( NAMED_UNIT ( * ) SI_UNIT ( $, .STERADIAN. ) SOLID_ANGLE_UNIT ( ) );
#178 = SURFACE_SIDE_STYLE ('',( #2490 ) ) ;
#179 = FACE_OUTER_BOUND ( 'NONE', #472, .T. ) ;
#180 = ORIENTED_EDGE ( 'NONE', *, *, #1388, .F. ) ;
#181 = CARTESIAN_POINT ( 'NONE',  ( -5.899999999999999467, -2.500000000000000444, -0.1500000000000005496 ) ) ;
#182 = PRESENTATION_LAYER_ASSIGNMENT (  '', '', ( #1287 ) ) ;
#183 = CARTESIAN_POINT ( 'NONE',  ( 5.899999999999999467, -2.500000000000000444, -0.1500000000000005496 ) ) ;
#184 = SURFACE_STYLE_USAGE ( .BOTH. , #1928 ) ;
#185 = SURFACE_STYLE_USAGE ( .BOTH. , #2 ) ;
#186 = FACE_OUTER_BOUND ( 'NONE', #2446, .T. ) ;
#187 = VECTOR ( 'NONE', #31, 1000.000000000000000 ) ;
#188 = ORIENTED_EDGE ( 'NONE', *, *, #1177, .F. ) ;
#189 = CARTESIAN_POINT ( 'NONE',  ( -6.299999999999999822, 4.699999999999999289, 2.149999999999999911 ) ) ;
#190 = DIRECTION ( 'NONE',  ( 0.000000000000000000, -1.000000000000000000, 0.000000000000000000 ) ) ;
#191 = VECTOR ( 'NONE', #749, 1000.000000000000000 ) ;
#192 = DIRECTION ( 'NONE',  ( 0.000000000000000000, 0.000000000000000000, -1.000000000000000000 ) ) ;
#193 = EDGE_CURVE ( 'NONE', #368, #659, #2283, .T. ) ;
#194 = DIRECTION ( 'NONE',  ( 1.000000000000000000, 0.000000000000000000, -0.000000000000000000 ) ) ;
#195 = MECHANICAL_DESIGN_GEOMETRIC_PRESENTATION_REPRESENTATION (  '', ( #1409 ), #386 ) ;
#196 = CARTESIAN_POINT ( 'NONE',  ( -6.299999999999999822, -2.800000000000000266, 2.149999999999999911 ) ) ;
#197 = ORIENTED_EDGE ( 'NONE', *, *, #1729, .T. ) ;
#198 = CARTESIAN_POINT ( 'NONE',  ( -6.299999999999999822, 0.000000000000000000, -0.5000000000000000000 ) ) ;
#199 = EDGE_CURVE ( 'NONE', #1185, #985, #1495, .T. ) ;
#200 = FILL_AREA_STYLE_COLOUR ( '', #318 ) ;
#201 = ORIENTED_EDGE ( 'NONE', *, *, #53, .T. ) ;
#202 = EDGE_CURVE ( 'NONE', #989, #309, #898, .T. ) ;
#203 = CARTESIAN_POINT ( 'NONE',  ( 3.000000000000000000, 3.599999999999999201, 6.149999999999999467 ) ) ;
#204 = CARTESIAN_POINT ( 'NONE',  ( 5.899999999999999467, 1.010300241903460844E-16, 0.5000000000000000000 ) ) ;
#205 = ORIENTED_EDGE ( 'NONE', *, *, #2376, .T. ) ;
#206 = VECTOR ( 'NONE', #692, 1000.000000000000000 ) ;
#207 = EDGE_CURVE ( 'NONE', #1499, #631, #2457, .T. ) ;
#208 = FILL_AREA_STYLE ('',( #1952 ) ) ;
#209 = DIRECTION ( 'NONE',  ( -1.000000000000000000, -0.000000000000000000, -0.000000000000000000 ) ) ;
#210 = ORIENTED_EDGE ( 'NONE', *, *, #1948, .F. ) ;
#211 = CARTESIAN_POINT ( 'NONE',  ( -3.749999999999999112, 7.222237291452134449E-32, 0.2500000000000000000 ) ) ;
#212 = CARTESIAN_POINT ( 'NONE',  ( -0.2500000000000000000, 0.000000000000000000, 0.2500000000000000000 ) ) ;
#213 = PLANE ( 'NONE',  #1015 ) ;
#214 = FILL_AREA_STYLE_COLOUR ( '', #2107 ) ;
#215 = VERTEX_POINT ( 'NONE', #323 ) ;
#216 =( NAMED_UNIT ( * ) SI_UNIT ( $, .STERADIAN. ) SOLID_ANGLE_UNIT ( ) );
#217 = CARTESIAN_POINT ( 'NONE',  ( 4.250000000000000000, -2.449212707644755009E-16, 0.1500000000000000222 ) ) ;
#218 = UNCERTAINTY_MEASURE_WITH_UNIT (LENGTH_MEASURE( 1.000000000000000082E-05 ), #1035, 'distance_accuracy_value', 'NONE');
#219 = ORIENTED_EDGE ( 'NONE', *, *, #1729, .F. ) ;
#220 = UNCERTAINTY_MEASURE_WITH_UNIT (LENGTH_MEASURE( 1.000000000000000082E-05 ), #1362, 'distance_accuracy_value', 'NONE');
#221 = STYLED_ITEM ( 'NONE', ( #492 ), #229 ) ;
#222 = ORIENTED_EDGE ( 'NONE', *, *, #2171, .F. ) ;
#223 = SURFACE_STYLE_FILL_AREA ( #1590 ) ;
#224 = COLOUR_RGB ( '',0.2509803921568627416, 0.2509803921568627416, 0.2509803921568627416 ) ;
#225 = DIRECTION ( 'NONE',  ( 0.000000000000000000, -0.000000000000000000, 1.000000000000000000 ) ) ;
#226 = STYLED_ITEM ( 'NONE', ( #2279 ), #2369 ) ;
#227 = VECTOR ( 'NONE', #1465, 1000.000000000000000 ) ;
#228 =( GEOMETRIC_REPRESENTATION_CONTEXT ( 3 ) GLOBAL_UNCERTAINTY_ASSIGNED_CONTEXT ( ( #1194 ) ) GLOBAL_UNIT_ASSIGNED_CONTEXT ( ( #378, #1004, #2316 ) ) REPRESENTATION_CONTEXT ( 'NONE', 'WORKASPACE' ) );
#229 = ADVANCED_FACE ( 'NONE', ( #1479 ), #2206, .T. ) ;
#230 = PRESENTATION_LAYER_ASSIGNMENT (  '', '', ( #1002 ) ) ;
#231 = ORIENTED_EDGE ( 'NONE', *, *, #1739, .T. ) ;
#232 = ADVANCED_FACE ( 'NONE', ( #2381 ), #2060, .F. ) ;
#233 = FILL_AREA_STYLE_COLOUR ( '', #2525 ) ;
#234 =( GEOMETRIC_REPRESENTATION_CONTEXT ( 3 ) GLOBAL_UNCERTAINTY_ASSIGNED_CONTEXT ( ( #621 ) ) GLOBAL_UNIT_ASSIGNED_CONTEXT ( ( #1249, #845, #647 ) ) REPRESENTATION_CONTEXT ( 'NONE', 'WORKASPACE' ) );
#235 = VECTOR ( 'NONE', #1045, 1000.000000000000000 ) ;
#236 = DIRECTION ( 'NONE',  ( -0.000000000000000000, -0.000000000000000000, -1.000000000000000000 ) ) ;
#237 = VERTEX_POINT ( 'NONE', #1998 ) ;
#238 =( NAMED_UNIT ( * ) PLANE_ANGLE_UNIT ( ) SI_UNIT ( $, .RADIAN. ) );
#239 = EDGE_LOOP ( 'NONE', ( #1081, #1758, #1916, #780 ) ) ;
#240 = DIRECTION ( 'NONE',  ( 0.000000000000000000, -1.000000000000000000, -1.845450506358306065E-16 ) ) ;
#241 = DIRECTION ( 'NONE',  ( -0.000000000000000000, 0.000000000000000000, -1.000000000000000000 ) ) ;
#242 = ORIENTED_EDGE ( 'NONE', *, *, #682, .F. ) ;
#243 = CLOSED_SHELL ( 'NONE', ( #2289, #1831, #404, #1291, #1624, #817, #557, #1256, #1121, #2468, #2498, #1848, #1404, #761, #551, #638, #727, #1914, #2186, #1678, #1576, #1555, #573, #872, #1236, #1675, #991, #1071, #1361, #1191, #432, #1772, #232, #2228, #2330, #1591, #1101, #2236, #229, #2369, #829, #508, #745, #1792, #623, #1865, #21, #2408, #561, #594, #2451, #590, #161, #521, #2434, #1114, #2044 ) ) ;
#244 = VECTOR ( 'NONE', #664, 1000.000000000000000 ) ;
#245 = SURFACE_SIDE_STYLE ('',( #2394 ) ) ;
#246 = CARTESIAN_POINT ( 'NONE',  ( 0.9999999999999997780, 3.599999999999998757, 6.149999999999999467 ) ) ;
#247 = UNCERTAINTY_MEASURE_WITH_UNIT (LENGTH_MEASURE( 1.000000000000000082E-05 ), #1251, 'distance_accuracy_value', 'NONE');
#248 = ORIENTED_EDGE ( 'NONE', *, *, #1332, .T. ) ;
#249 = DIRECTION ( 'NONE',  ( 0.000000000000000000, 0.000000000000000000, -1.000000000000000000 ) ) ;
#250 = ORIENTED_EDGE ( 'NONE', *, *, #2373, .F. ) ;
#251 = VECTOR ( 'NONE', #2046, 1000.000000000000000 ) ;
#252 = PLANE ( 'NONE',  #1596 ) ;
#253 = CARTESIAN_POINT ( 'NONE',  ( 6.299999999999999822, 1.549999999999998046, 2.149999999999999467 ) ) ;
#254 =( GEOMETRIC_REPRESENTATION_CONTEXT ( 3 ) GLOBAL_UNCERTAINTY_ASSIGNED_CONTEXT ( ( #2013 ) ) GLOBAL_UNIT_ASSIGNED_CONTEXT ( ( #122, #899, #94 ) ) REPRESENTATION_CONTEXT ( 'NONE', 'WORKASPACE' ) );
#255 = UNCERTAINTY_MEASURE_WITH_UNIT (LENGTH_MEASURE( 1.000000000000000082E-05 ), #996, 'distance_accuracy_value', 'NONE');
#256 = VECTOR ( 'NONE', #241, 1000.000000000000000 ) ;
#257 = EDGE_LOOP ( 'NONE', ( #1041, #364, #1341, #18 ) ) ;
#258 = UNCERTAINTY_MEASURE_WITH_UNIT (LENGTH_MEASURE( 1.000000000000000082E-05 ), #1090, 'distance_accuracy_value', 'NONE');
#259 = CARTESIAN_POINT ( 'NONE',  ( 6.299999999999999822, -2.800000000000000266, 0.1499999999999999667 ) ) ;
#260 = LINE ( 'NONE', #1037, #2180 ) ;
#261 = ORIENTED_EDGE ( 'NONE', *, *, #2271, .T. ) ;
#262 =( NAMED_UNIT ( * ) SI_UNIT ( $, .STERADIAN. ) SOLID_ANGLE_UNIT ( ) );
#263 = VERTEX_POINT ( 'NONE', #2413 ) ;
#264 =( NAMED_UNIT ( * ) PLANE_ANGLE_UNIT ( ) SI_UNIT ( $, .RADIAN. ) );
#265 = DIRECTION ( 'NONE',  ( -0.000000000000000000, -1.000000000000000000, -0.000000000000000000 ) ) ;
#266 =( LENGTH_UNIT ( ) NAMED_UNIT ( * ) SI_UNIT ( .MILLI., .METRE. ) );
#267 = CARTESIAN_POINT ( 'NONE',  ( -5.899999999999999467, -1.886375397299121737, -0.6000000000000000888 ) ) ;
#268 = AXIS2_PLACEMENT_3D ( 'NONE', #1382, #1963, #5 ) ;
#269 = PRESENTATION_LAYER_ASSIGNMENT (  '', '', ( #1369 ) ) ;
#270 =( NAMED_UNIT ( * ) PLANE_ANGLE_UNIT ( ) SI_UNIT ( $, .RADIAN. ) );
#271 = MECHANICAL_DESIGN_GEOMETRIC_PRESENTATION_REPRESENTATION (  '', ( #2430 ), #355 ) ;
#272 = ORIENTED_EDGE ( 'NONE', *, *, #1779, .F. ) ;
#273 = COLOUR_RGB ( '',0.7529411764705882248, 0.7529411764705882248, 0.7529411764705882248 ) ;
#274 =( NAMED_UNIT ( * ) PLANE_ANGLE_UNIT ( ) SI_UNIT ( $, .RADIAN. ) );
#275 = CARTESIAN_POINT ( 'NONE',  ( 5.899999999999999467, -2.799999999999999822, 0.1499999999999999667 ) ) ;
#276 = DIRECTION ( 'NONE',  ( -0.000000000000000000, -0.000000000000000000, -1.000000000000000000 ) ) ;
#277 = EDGE_LOOP ( 'NONE', ( #2172, #726, #2195, #1253 ) ) ;
#278 = CIRCLE ( 'NONE', #931, 0.6008424811846246882 ) ;
#279 = ORIENTED_EDGE ( 'NONE', *, *, #979, .T. ) ;
#280 = LINE ( 'NONE', #2182, #507 ) ;
#281 = EDGE_CURVE ( 'NONE', #1380, #777, #644, .T. ) ;
#282 = ORIENTED_EDGE ( 'NONE', *, *, #1776, .T. ) ;
#283 = SURFACE_STYLE_FILL_AREA ( #58 ) ;
#284 = PLANE ( 'NONE',  #1042 ) ;
#285 = PRODUCT ( 'OS103011MA7QP1', 'OS103011MA7QP1', '', ( #1297 ) ) ;
#286 = FILL_AREA_STYLE_COLOUR ( '', #431 ) ;
#287 = CARTESIAN_POINT ( 'NONE',  ( 2.000000000000000000, 4.700999999999999623, 6.149999999999999467 ) ) ;
#288 = ORIENTED_EDGE ( 'NONE', *, *, #488, .T. ) ;
#289 =( NAMED_UNIT ( * ) SI_UNIT ( $, .STERADIAN. ) SOLID_ANGLE_UNIT ( ) );
#290 = ORIENTED_EDGE ( 'NONE', *, *, #1212, .T. ) ;
#291 = LINE ( 'NONE', #1443, #755 ) ;
#292 = FILL_AREA_STYLE_COLOUR ( '', #1066 ) ;
#293 = DIRECTION ( 'NONE',  ( -1.000000000000000000, -0.000000000000000000, -0.000000000000000000 ) ) ;
#294 = FILL_AREA_STYLE ('',( #667 ) ) ;
#295 = VERTEX_POINT ( 'NONE', #2240 ) ;
#296 = VECTOR ( 'NONE', #1267, 1000.000000000000000 ) ;
#297 =( LENGTH_UNIT ( ) NAMED_UNIT ( * ) SI_UNIT ( .MILLI., .METRE. ) );
#298 = EDGE_CURVE ( 'NONE', #307, #1366, #885, .T. ) ;
#299 = DIRECTION ( 'NONE',  ( 0.000000000000000000, 0.000000000000000000, -1.000000000000000000 ) ) ;
#300 = CARTESIAN_POINT ( 'NONE',  ( 5.899999999999999467, -1.886375397299121515, -0.6000000000000000888 ) ) ;
#301 = PLANE ( 'NONE',  #1264 ) ;
#302 = ORIENTED_EDGE ( 'NONE', *, *, #491, .T. ) ;
#303 = PRESENTATION_STYLE_ASSIGNMENT (( #2053 ) ) ;
#304 =( GEOMETRIC_REPRESENTATION_CONTEXT ( 3 ) GLOBAL_UNCERTAINTY_ASSIGNED_CONTEXT ( ( #587 ) ) GLOBAL_UNIT_ASSIGNED_CONTEXT ( ( #2221, #1070, #1655 ) ) REPRESENTATION_CONTEXT ( 'NONE', 'WORKASPACE' ) );
#305 = PRESENTATION_STYLE_ASSIGNMENT (( #1286 ) ) ;
#306 = SURFACE_SIDE_STYLE ('',( #1463 ) ) ;
#307 = VERTEX_POINT ( 'NONE', #1281 ) ;
#308 = DIRECTION ( 'NONE',  ( 0.000000000000000000, 1.000000000000000000, -1.987703982890094881E-15 ) ) ;
#309 = VERTEX_POINT ( 'NONE', #259 ) ;
#310 = EDGE_CURVE ( 'NONE', #2322, #830, #348, .T. ) ;
#311 = SURFACE_STYLE_USAGE ( .BOTH. , #1294 ) ;
#312 = COLOUR_RGB ( '',0.2509803921568627416, 0.2509803921568627416, 0.2509803921568627416 ) ;
#313 = FACE_OUTER_BOUND ( 'NONE', #2523, .T. ) ;
#314 = EDGE_CURVE ( 'NONE', #47, #541, #1819, .T. ) ;
#315 = ORIENTED_EDGE ( 'NONE', *, *, #380, .F. ) ;
#316 = CARTESIAN_POINT ( 'NONE',  ( -5.899999999999999467, -1.918182427907084042, 0.000000000000000000 ) ) ;
#317 = LINE ( 'NONE', #1105, #2378 ) ;
#318 = COLOUR_RGB ( '',0.2509803921568627416, 0.2509803921568627416, 0.2509803921568627416 ) ;
#319 = MECHANICAL_DESIGN_GEOMETRIC_PRESENTATION_REPRESENTATION (  '', ( #1007 ), #1580 ) ;
#320 = DIRECTION ( 'NONE',  ( -0.000000000000000000, 1.000000000000000000, 0.000000000000000000 ) ) ;
#321 = ORIENTED_EDGE ( 'NONE', *, *, #1938, .T. ) ;
#322 = DIRECTION ( 'NONE',  ( -0.000000000000000000, -0.000000000000000000, 1.000000000000000000 ) ) ;
#323 = CARTESIAN_POINT ( 'NONE',  ( -6.299999999999999822, -1.886375397299121737, 0.5999999999999998668 ) ) ;
#324 = ORIENTED_EDGE ( 'NONE', *, *, #2308, .T. ) ;
#325 = CARTESIAN_POINT ( 'NONE',  ( 2.000000000000000000, 1.599999999999997646, 5.899999999999998579 ) ) ;
#326 = COLOUR_RGB ( '',0.9882352941176471006, 0.7372549019607843590, 0.5137254901960783826 ) ;
#327 = DIRECTION ( 'NONE',  ( 0.000000000000000000, -0.9985978335237490899, -0.05293738642655784060 ) ) ;
#328 = FILL_AREA_STYLE ('',( #2065 ) ) ;
#329 = ORIENTED_EDGE ( 'NONE', *, *, #409, .F. ) ;
#330 = EDGE_CURVE ( 'NONE', #2019, #659, #688, .T. ) ;
#331 = DIRECTION ( 'NONE',  ( 0.000000000000000000, 0.000000000000000000, -1.000000000000000000 ) ) ;
#332 = LINE ( 'NONE', #499, #2304 ) ;
#333 = VERTEX_POINT ( 'NONE', #2331 ) ;
#334 = PRESENTATION_LAYER_ASSIGNMENT (  '', '', ( #1430 ) ) ;
#335 = CARTESIAN_POINT ( 'NONE',  ( 0.2499999999999995282, -3.799999999999999822, -0.1500000000000000222 ) ) ;
#336 = PRESENTATION_STYLE_ASSIGNMENT (( #737 ) ) ;
#337 = VECTOR ( 'NONE', #689, 1000.000000000000000 ) ;
#338 = VERTEX_POINT ( 'NONE', #783 ) ;
#339 = CARTESIAN_POINT ( 'NONE',  ( -0.2499999999999995282, -3.799999999999999822, -0.1500000000000000222 ) ) ;
#340 = LINE ( 'NONE', #2275, #1100 ) ;
#341 = MECHANICAL_DESIGN_GEOMETRIC_PRESENTATION_REPRESENTATION (  '', ( #1441 ), #1393 ) ;
#342 = FILL_AREA_STYLE_COLOUR ( '', #1512 ) ;
#343 = PRESENTATION_STYLE_ASSIGNMENT (( #484 ) ) ;
#344 = CARTESIAN_POINT ( 'NONE',  ( 2.250000000000000444, 1.599999999999997646, 6.149999999999999467 ) ) ;
#345 = EDGE_CURVE ( 'NONE', #661, #2322, #1371, .T. ) ;
#346 = FILL_AREA_STYLE ('',( #2466 ) ) ;
#347 =( NAMED_UNIT ( * ) PLANE_ANGLE_UNIT ( ) SI_UNIT ( $, .RADIAN. ) );
#348 = CIRCLE ( 'NONE', #1771, 0.2500000000000002220 ) ;
#349 = PRESENTATION_STYLE_ASSIGNMENT (( #121 ) ) ;
#350 = VERTEX_POINT ( 'NONE', #599 ) ;
#351 = CARTESIAN_POINT ( 'NONE',  ( 1.749999999999999556, -6.123031769111892454E-17, 0.2500000000000000000 ) ) ;
#352 = COLOUR_RGB ( '',0.2509803921568627416, 0.2509803921568627416, 0.2509803921568627416 ) ;
#353 = DIRECTION ( 'NONE',  ( -1.000000000000000000, -0.000000000000000000, 0.000000000000000000 ) ) ;
#354 = CARTESIAN_POINT ( 'NONE',  ( 6.299999999999999822, -1.918182427907084042, 0.000000000000000000 ) ) ;
#355 =( GEOMETRIC_REPRESENTATION_CONTEXT ( 3 ) GLOBAL_UNCERTAINTY_ASSIGNED_CONTEXT ( ( #41 ) ) GLOBAL_UNIT_ASSIGNED_CONTEXT ( ( #1449, #911, #710 ) ) REPRESENTATION_CONTEXT ( 'NONE', 'WORKASPACE' ) );
#356 = VECTOR ( 'NONE', #2145, 1000.000000000000000 ) ;
#357 =( NAMED_UNIT ( * ) PLANE_ANGLE_UNIT ( ) SI_UNIT ( $, .RADIAN. ) );
#358 = VECTOR ( 'NONE', #1117, 1000.000000000000000 ) ;
#359 = CARTESIAN_POINT ( 'NONE',  ( -5.899999999999998579, -1.886375397299121515, 0.5999999999999999778 ) ) ;
#360 = SURFACE_STYLE_USAGE ( .BOTH. , #917 ) ;
#361 = DIRECTION ( 'NONE',  ( 1.000000000000000000, 0.000000000000000000, 0.000000000000000000 ) ) ;
#362 = VECTOR ( 'NONE', #236, 1000.000000000000000 ) ;
#363 = COLOUR_RGB ( '',0.9882352941176471006, 0.7372549019607843590, 0.5137254901960783826 ) ;
#364 = ORIENTED_EDGE ( 'NONE', *, *, #756, .T. ) ;
#365 = SURFACE_STYLE_FILL_AREA ( #1518 ) ;
#366 = CARTESIAN_POINT ( 'NONE',  ( 6.299999999999999822, 4.699999999999999289, 2.149999999999999911 ) ) ;
#367 = FILL_AREA_STYLE_COLOUR ( '', #1466 ) ;
#368 = VERTEX_POINT ( 'NONE', #1383 ) ;
#369 = PRESENTATION_LAYER_ASSIGNMENT (  '', '', ( #940 ) ) ;
#370 = DIRECTION ( 'NONE',  ( 1.000000000000000000, -0.000000000000000000, -0.000000000000000000 ) ) ;
#371 = SURFACE_SIDE_STYLE ('',( #1203 ) ) ;
#372 = VERTEX_POINT ( 'NONE', #572 ) ;
#373 = LINE ( 'NONE', #2298, #1 ) ;
#374 =( GEOMETRIC_REPRESENTATION_CONTEXT ( 3 ) GLOBAL_UNCERTAINTY_ASSIGNED_CONTEXT ( ( #1199 ) ) GLOBAL_UNIT_ASSIGNED_CONTEXT ( ( #1329, #2296, #516 ) ) REPRESENTATION_CONTEXT ( 'NONE', 'WORKASPACE' ) );
#375 =( LENGTH_UNIT ( ) NAMED_UNIT ( * ) SI_UNIT ( .MILLI., .METRE. ) );
#376 =( LENGTH_UNIT ( ) NAMED_UNIT ( * ) SI_UNIT ( .MILLI., .METRE. ) );
#377 = DIRECTION ( 'NONE',  ( 0.000000000000000000, 0.000000000000000000, 1.000000000000000000 ) ) ;
#378 =( LENGTH_UNIT ( ) NAMED_UNIT ( * ) SI_UNIT ( .MILLI., .METRE. ) );
#379 = ORIENTED_EDGE ( 'NONE', *, *, #488, .F. ) ;
#380 = EDGE_CURVE ( 'NONE', #1553, #1556, #1562, .T. ) ;
#381 =( NAMED_UNIT ( * ) SI_UNIT ( $, .STERADIAN. ) SOLID_ANGLE_UNIT ( ) );
#382 = DIRECTION ( 'NONE',  ( 0.000000000000000000, 0.000000000000000000, 1.000000000000000000 ) ) ;
#383 = VECTOR ( 'NONE', #89, 1000.000000000000000 ) ;
#384 = LINE ( 'NONE', #658, #362 ) ;
#385 = VERTEX_POINT ( 'NONE', #394 ) ;
#386 =( GEOMETRIC_REPRESENTATION_CONTEXT ( 3 ) GLOBAL_UNCERTAINTY_ASSIGNED_CONTEXT ( ( #75 ) ) GLOBAL_UNIT_ASSIGNED_CONTEXT ( ( #297, #1082, #670 ) ) REPRESENTATION_CONTEXT ( 'NONE', 'WORKASPACE' ) );
#387 = FILL_AREA_STYLE_COLOUR ( '', #2266 ) ;
#388 = VECTOR ( 'NONE', #1986, 1000.000000000000000 ) ;
#389 = PRESENTATION_LAYER_ASSIGNMENT (  '', '', ( #717 ) ) ;
#390 =( LENGTH_UNIT ( ) NAMED_UNIT ( * ) SI_UNIT ( .MILLI., .METRE. ) );
#391 = EDGE_LOOP ( 'NONE', ( #680, #2009, #874, #1884 ) ) ;
#392 = AXIS2_PLACEMENT_3D ( 'NONE', #287, #2018, #1597 ) ;
#393 = PRESENTATION_LAYER_ASSIGNMENT (  '', '', ( #843 ) ) ;
#394 = CARTESIAN_POINT ( 'NONE',  ( 4.250000000000000000, -3.799999999999999822, -0.1500000000000000222 ) ) ;
#395 = CARTESIAN_POINT ( 'NONE',  ( -3.100000000000000533, 3.649999999999998135, 2.049999999999999378 ) ) ;
#396 = ORIENTED_EDGE ( 'NONE', *, *, #70, .F. ) ;
#397 = PRESENTATION_LAYER_ASSIGNMENT (  '', '', ( #766 ) ) ;
#398 = CARTESIAN_POINT ( 'NONE',  ( -5.899999999999999467, -2.799999999999999822, -0.1499999999999999667 ) ) ;
#399 = DIRECTION ( 'NONE',  ( -0.000000000000000000, 0.000000000000000000, 1.000000000000000000 ) ) ;
#400 = VECTOR ( 'NONE', #2278, 1000.000000000000000 ) ;
#401 = ORIENTED_EDGE ( 'NONE', *, *, #2512, .F. ) ;
#402 = SURFACE_SIDE_STYLE ('',( #953 ) ) ;
#403 = ORIENTED_EDGE ( 'NONE', *, *, #907, .F. ) ;
#404 = ADVANCED_FACE ( 'NONE', ( #1183 ), #20, .F. ) ;
#405 = ORIENTED_EDGE ( 'NONE', *, *, #1739, .F. ) ;
#406 = MECHANICAL_DESIGN_GEOMETRIC_PRESENTATION_REPRESENTATION (  '', ( #2207 ), #1195 ) ;
#407 = CARTESIAN_POINT ( 'NONE',  ( -4.249999999999999112, 0.000000000000000000, 0.1500000000000000222 ) ) ;
#408 = LINE ( 'NONE', #1959, #2017 ) ;
#409 = EDGE_CURVE ( 'NONE', #333, #2402, #1573, .T. ) ;
#410 = EDGE_CURVE ( 'NONE', #1589, #372, #951, .T. ) ;
#411 = ORIENTED_EDGE ( 'NONE', *, *, #2233, .F. ) ;
#412 = STYLED_ITEM ( 'NONE', ( #74 ), #521 ) ;
#413 = DIRECTION ( 'NONE',  ( 0.000000000000000000, 1.000000000000000000, 0.000000000000000000 ) ) ;
#414 = UNCERTAINTY_MEASURE_WITH_UNIT (LENGTH_MEASURE( 1.000000000000000082E-05 ), #1159, 'distance_accuracy_value', 'NONE');
#415 = CARTESIAN_POINT ( 'NONE',  ( -3.100000000000000533, 1.549999999999998046, 2.049999999999999378 ) ) ;
#416 = ORIENTED_EDGE ( 'NONE', *, *, #193, .F. ) ;
#417 = ORIENTED_EDGE ( 'NONE', *, *, #711, .T. ) ;
#418 =( GEOMETRIC_REPRESENTATION_CONTEXT ( 3 ) GLOBAL_UNCERTAINTY_ASSIGNED_CONTEXT ( ( #825 ) ) GLOBAL_UNIT_ASSIGNED_CONTEXT ( ( #789, #567, #998 ) ) REPRESENTATION_CONTEXT ( 'NONE', 'WORKASPACE' ) );
#419 = AXIS2_PLACEMENT_3D ( 'NONE', #477, #1494, #308 ) ;
#420 = VERTEX_POINT ( 'NONE', #586 ) ;
#421 = SURFACE_STYLE_USAGE ( .BOTH. , #643 ) ;
#422 = VECTOR ( 'NONE', #1022, 1000.000000000000000 ) ;
#423 = PRESENTATION_LAYER_ASSIGNMENT (  '', '', ( #890 ) ) ;
#424 = CARTESIAN_POINT ( 'NONE',  ( -6.299999999999999822, 4.699999999999999289, 2.149999999999999911 ) ) ;
#425 = VERTEX_POINT ( 'NONE', #217 ) ;
#426 = ORIENTED_EDGE ( 'NONE', *, *, #1515, .T. ) ;
#427 = CARTESIAN_POINT ( 'NONE',  ( -0.2499999999999995282, 0.000000000000000000, 0.1500000000000000222 ) ) ;
#428 = LINE ( 'NONE', #253, #969 ) ;
#429 = CARTESIAN_POINT ( 'NONE',  ( 0.9999999999999997780, 3.599999999999998757, 6.149999999999999467 ) ) ;
#430 = VERTEX_POINT ( 'NONE', #198 ) ;
#431 = COLOUR_RGB ( '',0.9882352941176471006, 0.7372549019607843590, 0.5137254901960783826 ) ;
#432 = ADVANCED_FACE ( 'NONE', ( #753 ), #959, .F. ) ;
#433 = DIRECTION ( 'NONE',  ( 0.000000000000000000, 3.717207995873798540E-14, -1.000000000000000000 ) ) ;
#434 = ORIENTED_EDGE ( 'NONE', *, *, #2503, .T. ) ;
#435 = ORIENTED_EDGE ( 'NONE', *, *, #1435, .F. ) ;
#436 = LINE ( 'NONE', #1988, #832 ) ;
#437 = VECTOR ( 'NONE', #1506, 1000.000000000000000 ) ;
#438 = SURFACE_STYLE_USAGE ( .BOTH. , #636 ) ;
#439 = FILL_AREA_STYLE ('',( #1536 ) ) ;
#440 =( GEOMETRIC_REPRESENTATION_CONTEXT ( 3 ) GLOBAL_UNCERTAINTY_ASSIGNED_CONTEXT ( ( #1611 ) ) GLOBAL_UNIT_ASSIGNED_CONTEXT ( ( #1151, #936, #381 ) ) REPRESENTATION_CONTEXT ( 'NONE', 'WORKASPACE' ) );
#441 = UNCERTAINTY_MEASURE_WITH_UNIT (LENGTH_MEASURE( 1.000000000000000082E-05 ), #1722, 'distance_accuracy_value', 'NONE');
#442 = AXIS2_PLACEMENT_3D ( 'NONE', #2441, #69, #1417 ) ;
#443 = ORIENTED_EDGE ( 'NONE', *, *, #1212, .F. ) ;
#444 =( NAMED_UNIT ( * ) PLANE_ANGLE_UNIT ( ) SI_UNIT ( $, .RADIAN. ) );
#445 = UNCERTAINTY_MEASURE_WITH_UNIT (LENGTH_MEASURE( 1.000000000000000082E-05 ), #51, 'distance_accuracy_value', 'NONE');
#446 = CARTESIAN_POINT ( 'NONE',  ( -5.899999999999999467, -2.799999999999999822, 0.1499999999999999667 ) ) ;
#447 = LINE ( 'NONE', #2016, #296 ) ;
#448 = CARTESIAN_POINT ( 'NONE',  ( -5.899999999999998579, 1.010300241903460844E-16, 0.5000000000000000000 ) ) ;
#449 = VERTEX_POINT ( 'NONE', #798 ) ;
#450 = ORIENTED_EDGE ( 'NONE', *, *, #113, .F. ) ;
#451 = LINE ( 'NONE', #1077, #961 ) ;
#452 = EDGE_CURVE ( 'NONE', #295, #1714, #1583, .T. ) ;
#453 =( GEOMETRIC_REPRESENTATION_CONTEXT ( 3 ) GLOBAL_UNCERTAINTY_ASSIGNED_CONTEXT ( ( #2156 ) ) GLOBAL_UNIT_ASSIGNED_CONTEXT ( ( #2192, #274, #92 ) ) REPRESENTATION_CONTEXT ( 'NONE', 'WORKASPACE' ) );
#454 = DIRECTION ( 'NONE',  ( -0.000000000000000000, 1.987703982890094881E-15, 1.000000000000000000 ) ) ;
#455 = DIRECTION ( 'NONE',  ( -0.000000000000000000, 1.000000000000000000, 0.000000000000000000 ) ) ;
#456 = VECTOR ( 'NONE', #370, 1000.000000000000000 ) ;
#457 = FILL_AREA_STYLE_COLOUR ( '', #605 ) ;
#458 = VECTOR ( 'NONE', #1855, 1000.000000000000000 ) ;
#459 = ORIENTED_EDGE ( 'NONE', *, *, #837, .F. ) ;
#460 = COLOUR_RGB ( '',0.2509803921568627416, 0.2509803921568627416, 0.2509803921568627416 ) ;
#461 = CARTESIAN_POINT ( 'NONE',  ( 0.2499999999999995282, -3.799999999999999822, 0.1500000000000000222 ) ) ;
#462 = FILL_AREA_STYLE_COLOUR ( '', #55 ) ;
#463 =( GEOMETRIC_REPRESENTATION_CONTEXT ( 3 ) GLOBAL_UNCERTAINTY_ASSIGNED_CONTEXT ( ( #2390 ) ) GLOBAL_UNIT_ASSIGNED_CONTEXT ( ( #375, #2131, #1384 ) ) REPRESENTATION_CONTEXT ( 'NONE', 'WORKASPACE' ) );
#464 = PLANE ( 'NONE',  #2367 ) ;
#465 = PRESENTATION_STYLE_ASSIGNMENT (( #1054 ) ) ;
#466 = CARTESIAN_POINT ( 'NONE',  ( 6.299999999999999822, 0.000000000000000000, 2.149999999999999911 ) ) ;
#467 = DIRECTION ( 'NONE',  ( 0.000000000000000000, 1.000000000000000000, 0.000000000000000000 ) ) ;
#468 = ORIENTED_EDGE ( 'NONE', *, *, #711, .F. ) ;
#469 = AXIS2_PLACEMENT_3D ( 'NONE', #1312, #2264, #2472 ) ;
#470 = FILL_AREA_STYLE_COLOUR ( '', #107 ) ;
#471 = MECHANICAL_DESIGN_GEOMETRIC_PRESENTATION_REPRESENTATION (  '', ( #890 ), #1347 ) ;
#472 = EDGE_LOOP ( 'NONE', ( #2080, #706, #321, #250 ) ) ;
#473 = PLANE ( 'NONE',  #1942 ) ;
#474 = DIRECTION ( 'NONE',  ( 0.000000000000000000, 0.000000000000000000, 1.000000000000000000 ) ) ;
#475 = EDGE_CURVE ( 'NONE', #420, #1767, #2517, .T. ) ;
#476 = ORIENTED_EDGE ( 'NONE', *, *, #1492, .T. ) ;
#477 = CARTESIAN_POINT ( 'NONE',  ( 5.899999999999999467, -2.500000000000000444, -0.1500000000000005496 ) ) ;
#478 = DIRECTION ( 'NONE',  ( -0.000000000000000000, 0.000000000000000000, -1.000000000000000000 ) ) ;
#479 = CARTESIAN_POINT ( 'NONE',  ( 5.899999999999999467, -1.886375397299121515, 0.5999999999999999778 ) ) ;
#480 = SURFACE_STYLE_FILL_AREA ( #494 ) ;
#481 = PRESENTATION_LAYER_ASSIGNMENT (  '', '', ( #974 ) ) ;
#482 = ORIENTED_EDGE ( 'NONE', *, *, #1024, .T. ) ;
#483 = ORIENTED_EDGE ( 'NONE', *, *, #452, .T. ) ;
#484 = SURFACE_STYLE_USAGE ( .BOTH. , #2092 ) ;
#485 = DIRECTION ( 'NONE',  ( -0.000000000000000000, 0.000000000000000000, -1.000000000000000000 ) ) ;
#486 = EDGE_CURVE ( 'NONE', #385, #2243, #2320, .T. ) ;
#487 =( NAMED_UNIT ( * ) SI_UNIT ( $, .STERADIAN. ) SOLID_ANGLE_UNIT ( ) );
#488 = EDGE_CURVE ( 'NONE', #47, #1929, #1172, .T. ) ;
#489 = ORIENTED_EDGE ( 'NONE', *, *, #646, .F. ) ;
#490 = VECTOR ( 'NONE', #1726, 1000.000000000000000 ) ;
#491 = EDGE_CURVE ( 'NONE', #2036, #1556, #2492, .T. ) ;
#492 = PRESENTATION_STYLE_ASSIGNMENT (( #1641 ) ) ;
#493 = CARTESIAN_POINT ( 'NONE',  ( 1.749999999999999556, 1.599999999999997646, 6.149999999999999467 ) ) ;
#494 = FILL_AREA_STYLE ('',( #2251 ) ) ;
#495 =( LENGTH_UNIT ( ) NAMED_UNIT ( * ) SI_UNIT ( .MILLI., .METRE. ) );
#496 = EDGE_LOOP ( 'NONE', ( #552, #405, #2391, #1673 ) ) ;
#497 = STYLED_ITEM ( 'NONE', ( #625 ), #551 ) ;
#498 = CARTESIAN_POINT ( 'NONE',  ( -5.899999999999999467, -2.500000000000000444, -0.1500000000000005496 ) ) ;
#499 = CARTESIAN_POINT ( 'NONE',  ( -3.100000000000000533, 3.599999999999998757, 2.049999999999999378 ) ) ;
#500 = FILL_AREA_STYLE_COLOUR ( '', #460 ) ;
#501 = ORIENTED_EDGE ( 'NONE', *, *, #1525, .F. ) ;
#502 = VECTOR ( 'NONE', #539, 1000.000000000000000 ) ;
#503 = VECTOR ( 'NONE', #2116, 1000.000000000000000 ) ;
#504 = DIRECTION ( 'NONE',  ( 0.000000000000000000, 0.000000000000000000, 1.000000000000000000 ) ) ;
#505 = LINE ( 'NONE', #466, #976 ) ;
#506 = LINE ( 'NONE', #1311, #910 ) ;
#507 = VECTOR ( 'NONE', #2232, 1000.000000000000000 ) ;
#508 = ADVANCED_FACE ( 'NONE', ( #2380 ), #464, .T. ) ;
#509 = ORIENTED_EDGE ( 'NONE', *, *, #95, .F. ) ;
#510 = FILL_AREA_STYLE_COLOUR ( '', #1823 ) ;
#511 = LINE ( 'NONE', #2083, #2398 ) ;
#512 = CARTESIAN_POINT ( 'NONE',  ( 3.749999999999999556, -3.061515884555944132E-16, 0.2500000000000000000 ) ) ;
#513 = ORIENTED_EDGE ( 'NONE', *, *, #588, .T. ) ;
#514 = FACE_OUTER_BOUND ( 'NONE', #1306, .T. ) ;
#515 = LINE ( 'NONE', #1654, #227 ) ;
#516 =( NAMED_UNIT ( * ) SI_UNIT ( $, .STERADIAN. ) SOLID_ANGLE_UNIT ( ) );
#517 = PRESENTATION_STYLE_ASSIGNMENT (( #858 ) ) ;
#518 = CARTESIAN_POINT ( 'NONE',  ( 3.000000000000000000, 3.599999999999999201, 2.049999999999999822 ) ) ;
#519 = MECHANICAL_DESIGN_GEOMETRIC_PRESENTATION_REPRESENTATION (  '', ( #766 ), #729 ) ;
#520 = SURFACE_STYLE_USAGE ( .BOTH. , #719 ) ;
#521 = ADVANCED_FACE ( 'NONE', ( #2190 ), #671, .F. ) ;
#522 = LINE ( 'NONE', #707, #358 ) ;
#523 = SURFACE_STYLE_USAGE ( .BOTH. , #546 ) ;
#524 =( NAMED_UNIT ( * ) SI_UNIT ( $, .STERADIAN. ) SOLID_ANGLE_UNIT ( ) );
#525 = COLOUR_RGB ( '',0.2509803921568627416, 0.2509803921568627416, 0.2509803921568627416 ) ;
#526 =( NAMED_UNIT ( * ) SI_UNIT ( $, .STERADIAN. ) SOLID_ANGLE_UNIT ( ) );
#527 = DIRECTION ( 'NONE',  ( 0.000000000000000000, 0.000000000000000000, 1.000000000000000000 ) ) ;
#528 = CARTESIAN_POINT ( 'NONE',  ( 5.899999999999999467, -1.918182427907084042, 0.000000000000000000 ) ) ;
#529 = ORIENTED_EDGE ( 'NONE', *, *, #2259, .F. ) ;
#530 = CARTESIAN_POINT ( 'NONE',  ( 6.299999999999999822, -2.800000000000000266, -0.1500000000000002442 ) ) ;
#531 = STYLED_ITEM ( 'NONE', ( #1446 ), #817 ) ;
#532 =( LENGTH_UNIT ( ) NAMED_UNIT ( * ) SI_UNIT ( .MILLI., .METRE. ) );
#533 =( LENGTH_UNIT ( ) NAMED_UNIT ( * ) SI_UNIT ( .MILLI., .METRE. ) );
#534 = CARTESIAN_POINT ( 'NONE',  ( 3.749999999999999556, 0.000000000000000000, 0.1500000000000000222 ) ) ;
#535 = PRODUCT_DEFINITION ( 'UNKNOWN', '', #2341, #1395 ) ;
#536 = CARTESIAN_POINT ( 'NONE',  ( -6.299999999999999822, -2.500000000000000444, -0.1500000000000004663 ) ) ;
#537 =( LENGTH_UNIT ( ) NAMED_UNIT ( * ) SI_UNIT ( .MILLI., .METRE. ) );
#538 = EDGE_CURVE ( 'NONE', #1405, #923, #1640, .T. ) ;
#539 = DIRECTION ( 'NONE',  ( 0.000000000000000000, 1.000000000000000000, -0.000000000000000000 ) ) ;
#540 =( NAMED_UNIT ( * ) SI_UNIT ( $, .STERADIAN. ) SOLID_ANGLE_UNIT ( ) );
#541 = VERTEX_POINT ( 'NONE', #810 ) ;
#542 = CARTESIAN_POINT ( 'NONE',  ( 6.299999999999999822, 0.000000000000000000, 0.5000000000000000000 ) ) ;
#543 = MECHANICAL_DESIGN_GEOMETRIC_PRESENTATION_REPRESENTATION (  '', ( #1040 ), #956 ) ;
#544 = MECHANICAL_DESIGN_GEOMETRIC_PRESENTATION_REPRESENTATION (  '', ( #1458 ), #1867 ) ;
#545 = MECHANICAL_DESIGN_GEOMETRIC_PRESENTATION_REPRESENTATION (  '', ( #788 ), #1572 ) ;
#546 = SURFACE_SIDE_STYLE ('',( #2290 ) ) ;
#547 = DIRECTION ( 'NONE',  ( 1.000000000000000000, 0.000000000000000000, -0.000000000000000000 ) ) ;
#548 = ORIENTED_EDGE ( 'NONE', *, *, #782, .T. ) ;
#549 = LINE ( 'NONE', #1922, #1968 ) ;
#550 = VECTOR ( 'NONE', #276, 1000.000000000000000 ) ;
#551 = ADVANCED_FACE ( 'NONE', ( #2411 ), #2364, .F. ) ;
#552 = ORIENTED_EDGE ( 'NONE', *, *, #937, .F. ) ;
#553 = DIRECTION ( 'NONE',  ( -1.141265444721583511E-16, 1.000000000000000000, 0.000000000000000000 ) ) ;
#554 = FILL_AREA_STYLE ('',( #2140 ) ) ;
#555 = FILL_AREA_STYLE ('',( #200 ) ) ;
#556 = AXIS2_PLACEMENT_3D ( 'NONE', #1131, #1524, #1731 ) ;
#557 = ADVANCED_FACE ( 'NONE', ( #1478 ), #106, .F. ) ;
#558 = FACE_BOUND ( 'NONE', #2071, .T. ) ;
#559 = CARTESIAN_POINT ( 'NONE',  ( -4.249999999999999112, -1.203706215242022408E-32, -0.1500000000000000777 ) ) ;
#560 = CARTESIAN_POINT ( 'NONE',  ( 6.299999999999999822, 0.000000000000000000, 2.149999999999999911 ) ) ;
#561 = ADVANCED_FACE ( 'NONE', ( #313 ), #1510, .F. ) ;
#562 = CARTESIAN_POINT ( 'NONE',  ( 2.000000000000000000, 4.700999999999999623, 6.149999999999999467 ) ) ;
#563 = STYLED_ITEM ( 'NONE', ( #349 ), #161 ) ;
#564 = STYLED_ITEM ( 'NONE', ( #1140 ), #991 ) ;
#565 = CARTESIAN_POINT ( 'NONE',  ( -0.2500000000000002220, 0.000000000000000000, 2.149999999999999023 ) ) ;
#566 = ORIENTED_EDGE ( 'NONE', *, *, #409, .T. ) ;
#567 =( NAMED_UNIT ( * ) PLANE_ANGLE_UNIT ( ) SI_UNIT ( $, .RADIAN. ) );
#568 = LINE ( 'NONE', #196, #150 ) ;
#569 = CARTESIAN_POINT ( 'NONE',  ( -4.249999999999999112, -6.123031769111885058E-17, 0.1500000000000000222 ) ) ;
#570 = ORIENTED_EDGE ( 'NONE', *, *, #758, .F. ) ;
#571 =( LENGTH_UNIT ( ) NAMED_UNIT ( * ) SI_UNIT ( .MILLI., .METRE. ) );
#572 = CARTESIAN_POINT ( 'NONE',  ( -3.100000000000000533, 1.549999999999998046, 2.049999999999999378 ) ) ;
#573 = ADVANCED_FACE ( 'NONE', ( #743 ), #939, .T. ) ;
#574 = MECHANICAL_DESIGN_GEOMETRIC_PRESENTATION_REPRESENTATION (  '', ( #709 ), #2134 ) ;
#575 = FACE_OUTER_BOUND ( 'NONE', #1160, .T. ) ;
#576 = EDGE_LOOP ( 'NONE', ( #401, #2210, #2327, #771 ) ) ;
#577 = AXIS2_PLACEMENT_3D ( 'NONE', #1769, #12, #527 ) ;
#578 =( NAMED_UNIT ( * ) PLANE_ANGLE_UNIT ( ) SI_UNIT ( $, .RADIAN. ) );
#579 = VECTOR ( 'NONE', #793, 1000.000000000000000 ) ;
#580 = MECHANICAL_DESIGN_GEOMETRIC_PRESENTATION_REPRESENTATION (  '', ( #59 ), #2268 ) ;
#581 = DIRECTION ( 'NONE',  ( 0.000000000000000000, -1.000000000000000000, 0.000000000000000000 ) ) ;
#582 = SURFACE_STYLE_FILL_AREA ( #2337 ) ;
#583 = ORIENTED_EDGE ( 'NONE', *, *, #1164, .T. ) ;
#584 = ORIENTED_EDGE ( 'NONE', *, *, #2118, .T. ) ;
#585 = STYLED_ITEM ( 'NONE', ( #901 ), #2228 ) ;
#586 = CARTESIAN_POINT ( 'NONE',  ( 0.9999999999999995559, 1.599999999999997646, 6.149999999999999467 ) ) ;
#587 = UNCERTAINTY_MEASURE_WITH_UNIT (LENGTH_MEASURE( 1.000000000000000082E-05 ), #2221, 'distance_accuracy_value', 'NONE');
#588 = EDGE_CURVE ( 'NONE', #985, #1499, #1622, .T. ) ;
#589 = ORIENTED_EDGE ( 'NONE', *, *, #2161, .F. ) ;
#590 = ADVANCED_FACE ( 'NONE', ( #1520 ), #736, .F. ) ;
#591 = CARTESIAN_POINT ( 'NONE',  ( 0.9999999999999997780, 1.599999999999997646, 6.149999999999999467 ) ) ;
#592 = UNCERTAINTY_MEASURE_WITH_UNIT (LENGTH_MEASURE( 1.000000000000000082E-05 ), #611, 'distance_accuracy_value', 'NONE');
#593 = CARTESIAN_POINT ( 'NONE',  ( -3.100000000000000533, 1.599999999999997646, 2.049999999999999378 ) ) ;
#594 = ADVANCED_FACE ( 'NONE', ( #2109 ), #1349, .F. ) ;
#595 = FILL_AREA_STYLE_COLOUR ( '', #1169 ) ;
#596 = SURFACE_SIDE_STYLE ('',( #582 ) ) ;
#597 = ORIENTED_EDGE ( 'NONE', *, *, #1996, .T. ) ;
#598 = CARTESIAN_POINT ( 'NONE',  ( 0.9999999999999997780, 1.599999999999997646, 6.149999999999999467 ) ) ;
#599 = CARTESIAN_POINT ( 'NONE',  ( -5.899999999999999467, 0.000000000000000000, -0.5000000000000000000 ) ) ;
#600 = CARTESIAN_POINT ( 'NONE',  ( -6.299999999999999822, -1.886375397299121515, -0.6000000000000003109 ) ) ;
#601 = ORIENTED_EDGE ( 'NONE', *, *, #538, .F. ) ;
#602 = PLANE ( 'NONE',  #1254 ) ;
#603 = PRESENTATION_LAYER_ASSIGNMENT (  '', '', ( #138 ) ) ;
#604 = EDGE_LOOP ( 'NONE', ( #896, #1866, #1878, #1496 ) ) ;
#605 = COLOUR_RGB ( '',0.2509803921568627416, 0.2509803921568627416, 0.2509803921568627416 ) ;
#606 = LINE ( 'NONE', #427, #1723 ) ;
#607 = LINE ( 'NONE', #1167, #579 ) ;
#608 = EDGE_CURVE ( 'NONE', #1696, #81, #2270, .T. ) ;
#609 = VERTEX_POINT ( 'NONE', #909 ) ;
#610 = PRESENTATION_LAYER_ASSIGNMENT (  '', '', ( #2506 ) ) ;
#611 =( LENGTH_UNIT ( ) NAMED_UNIT ( * ) SI_UNIT ( .MILLI., .METRE. ) );
#612 = EDGE_LOOP ( 'NONE', ( #2000, #127, #2153, #1608 ) ) ;
#613 = CARTESIAN_POINT ( 'NONE',  ( 0.9999999999999997780, 3.599999999999998757, 6.149999999999999467 ) ) ;
#614 = ORIENTED_EDGE ( 'NONE', *, *, #2193, .F. ) ;
#615 = FACE_OUTER_BOUND ( 'NONE', #648, .T. ) ;
#616 = CYLINDRICAL_SURFACE ( 'NONE', #950, 0.6008424811846246882 ) ;
#617 = AXIS2_PLACEMENT_3D ( 'NONE', #211, #768, #2125 ) ;
#618 = LINE ( 'NONE', #1260, #235 ) ;
#619 = AXIS2_PLACEMENT_3D ( 'NONE', #2455, #884, #1671 ) ;
#620 = PRESENTATION_LAYER_ASSIGNMENT (  '', '', ( #788 ) ) ;
#621 = UNCERTAINTY_MEASURE_WITH_UNIT (LENGTH_MEASURE( 1.000000000000000082E-05 ), #1249, 'distance_accuracy_value', 'NONE');
#622 =( NAMED_UNIT ( * ) PLANE_ANGLE_UNIT ( ) SI_UNIT ( $, .RADIAN. ) );
#623 = ADVANCED_FACE ( 'NONE', ( #514 ), #1923, .T. ) ;
#624 = ORIENTED_EDGE ( 'NONE', *, *, #2317, .T. ) ;
#625 = PRESENTATION_STYLE_ASSIGNMENT (( #1816 ) ) ;
#626 = UNCERTAINTY_MEASURE_WITH_UNIT (LENGTH_MEASURE( 1.000000000000000082E-05 ), #571, 'distance_accuracy_value', 'NONE');
#627 = VECTOR ( 'NONE', #1408, 1000.000000000000000 ) ;
#628 = FILL_AREA_STYLE ('',( #2222 ) ) ;
#629 = VECTOR ( 'NONE', #2104, 1000.000000000000000 ) ;
#630 = CARTESIAN_POINT ( 'NONE',  ( 6.299999999999999822, -1.918182427907084042, 0.000000000000000000 ) ) ;
#631 = VERTEX_POINT ( 'NONE', #895 ) ;
#632 =( LENGTH_UNIT ( ) NAMED_UNIT ( * ) SI_UNIT ( .MILLI., .METRE. ) );
#633 = EDGE_LOOP ( 'NONE', ( #2066, #1625, #1298, #1001 ) ) ;
#634 = DIRECTION ( 'NONE',  ( 0.000000000000000000, 0.000000000000000000, -1.000000000000000000 ) ) ;
#635 = LINE ( 'NONE', #2005, #2038 ) ;
#636 = SURFACE_SIDE_STYLE ('',( #819 ) ) ;
#637 = PLANE ( 'NONE',  #2313 ) ;
#638 = ADVANCED_FACE ( 'NONE', ( #695, #1491 ), #2255, .F. ) ;
#639 = SURFACE_STYLE_FILL_AREA ( #1065 ) ;
#640 = ORIENTED_EDGE ( 'NONE', *, *, #1561, .T. ) ;
#641 = LINE ( 'NONE', #461, #383 ) ;
#642 = AXIS2_PLACEMENT_3D ( 'NONE', #1055, #656, #1451 ) ;
#643 = SURFACE_SIDE_STYLE ('',( #1231 ) ) ;
#644 = LINE ( 'NONE', #1627, #2425 ) ;
#645 = LINE ( 'NONE', #1436, #2048 ) ;
#646 = EDGE_CURVE ( 'NONE', #2122, #1220, #2160, .T. ) ;
#647 =( NAMED_UNIT ( * ) SI_UNIT ( $, .STERADIAN. ) SOLID_ANGLE_UNIT ( ) );
#648 = EDGE_LOOP ( 'NONE', ( #529, #1176, #653, #804 ) ) ;
#649 = ORIENTED_EDGE ( 'NONE', *, *, #2276, .F. ) ;
#650 = CARTESIAN_POINT ( 'NONE',  ( 5.899999999999999467, -2.799999999999999822, 0.1499999999999999667 ) ) ;
#651 = DIRECTION ( 'NONE',  ( 0.000000000000000000, 1.000000000000000000, 0.000000000000000000 ) ) ;
#652 = AXIS2_PLACEMENT_3D ( 'NONE', #2342, #2164, #2174 ) ;
#653 = ORIENTED_EDGE ( 'NONE', *, *, #1877, .F. ) ;
#654 = SURFACE_SIDE_STYLE ('',( #1009 ) ) ;
#655 = SURFACE_SIDE_STYLE ('',( #1434 ) ) ;
#656 = DIRECTION ( 'NONE',  ( 0.000000000000000000, 0.000000000000000000, -1.000000000000000000 ) ) ;
#657 = CARTESIAN_POINT ( 'NONE',  ( 3.750000000000000444, -2.449212707644755009E-16, 0.1500000000000000222 ) ) ;
#658 = CARTESIAN_POINT ( 'NONE',  ( -4.249999999999998224, -3.800000000000000711, 0.2500000000000000000 ) ) ;
#659 = VERTEX_POINT ( 'NONE', #559 ) ;
#660 = PRESENTATION_STYLE_ASSIGNMENT (( #1025 ) ) ;
#661 = VERTEX_POINT ( 'NONE', #15 ) ;
#662 = DIRECTION ( 'NONE',  ( -0.000000000000000000, -1.000000000000000000, 0.000000000000000000 ) ) ;
#663 = VECTOR ( 'NONE', #1860, 1000.000000000000000 ) ;
#664 = DIRECTION ( 'NONE',  ( -0.000000000000000000, -1.000000000000000000, -0.000000000000000000 ) ) ;
#665 = SURFACE_SIDE_STYLE ('',( #1635 ) ) ;
#666 = VECTOR ( 'NONE', #2028, 1000.000000000000000 ) ;
#667 = FILL_AREA_STYLE_COLOUR ( '', #2328 ) ;
#668 = VERTEX_POINT ( 'NONE', #770 ) ;
#669 = VECTOR ( 'NONE', #966, 1000.000000000000000 ) ;
#670 =( NAMED_UNIT ( * ) SI_UNIT ( $, .STERADIAN. ) SOLID_ANGLE_UNIT ( ) );
#671 = PLANE ( 'NONE',  #2256 ) ;
#672 = DIRECTION ( 'NONE',  ( 0.000000000000000000, 0.9985978335237492010, -0.05293738642655727161 ) ) ;
#673 =( NAMED_UNIT ( * ) PLANE_ANGLE_UNIT ( ) SI_UNIT ( $, .RADIAN. ) );
#674 = FILL_AREA_STYLE ('',( #1716 ) ) ;
#675 = EDGE_CURVE ( 'NONE', #1405, #1507, #607, .T. ) ;
#676 = ORIENTED_EDGE ( 'NONE', *, *, #876, .F. ) ;
#677 = VECTOR ( 'NONE', #1834, 1000.000000000000000 ) ;
#678 =( NAMED_UNIT ( * ) PLANE_ANGLE_UNIT ( ) SI_UNIT ( $, .RADIAN. ) );
#679 = COLOUR_RGB ( '',0.2509803921568627416, 0.2509803921568627416, 0.2509803921568627416 ) ;
#680 = ORIENTED_EDGE ( 'NONE', *, *, #410, .T. ) ;
#681 = SURFACE_STYLE_FILL_AREA ( #1730 ) ;
#682 = EDGE_CURVE ( 'NONE', #333, #903, #29, .T. ) ;
#683 = CARTESIAN_POINT ( 'NONE',  ( 6.299999999999999822, 0.000000000000000000, -2.150000000000000799 ) ) ;
#684 = EDGE_CURVE ( 'NONE', #1617, #2197, #156, .T. ) ;
#685 = ORIENTED_EDGE ( 'NONE', *, *, #314, .F. ) ;
#686 = PRESENTATION_STYLE_ASSIGNMENT (( #1095 ) ) ;
#687 =( NAMED_UNIT ( * ) SI_UNIT ( $, .STERADIAN. ) SOLID_ANGLE_UNIT ( ) );
#688 = LINE ( 'NONE', #2469, #2101 ) ;
#689 = DIRECTION ( 'NONE',  ( -0.000000000000000000, 0.000000000000000000, -1.000000000000000000 ) ) ;
#690 =( GEOMETRIC_REPRESENTATION_CONTEXT ( 3 ) GLOBAL_UNCERTAINTY_ASSIGNED_CONTEXT ( ( #1051 ) ) GLOBAL_UNIT_ASSIGNED_CONTEXT ( ( #2301, #158, #173 ) ) REPRESENTATION_CONTEXT ( 'NONE', 'WORKASPACE' ) );
#691 = ORIENTED_EDGE ( 'NONE', *, *, #869, .T. ) ;
#692 = DIRECTION ( 'NONE',  ( -0.000000000000000000, -1.000000000000000000, 0.000000000000000000 ) ) ;
#693 = LINE ( 'NONE', #1345, #503 ) ;
#694 = AXIS2_PLACEMENT_3D ( 'NONE', #1713, #702, #1516 ) ;
#695 = FACE_OUTER_BOUND ( 'NONE', #63, .T. ) ;
#696 = EDGE_CURVE ( 'NONE', #98, #2453, #408, .T. ) ;
#697 = ORIENTED_EDGE ( 'NONE', *, *, #2493, .T. ) ;
#698 = VECTOR ( 'NONE', #467, 1000.000000000000000 ) ;
#699 = PRESENTATION_STYLE_ASSIGNMENT (( #2073 ) ) ;
#700 = PRESENTATION_LAYER_ASSIGNMENT (  '', '', ( #531 ) ) ;
#701 = FILL_AREA_STYLE ('',( #1684 ) ) ;
#702 = DIRECTION ( 'NONE',  ( -1.000000000000000000, 0.000000000000000000, 0.000000000000000000 ) ) ;
#703 = DIRECTION ( 'NONE',  ( 0.000000000000000000, 0.000000000000000000, 1.000000000000000000 ) ) ;
#704 = DIRECTION ( 'NONE',  ( -0.000000000000000000, 0.000000000000000000, -1.000000000000000000 ) ) ;
#705 = DIRECTION ( 'NONE',  ( 1.000000000000000000, 0.000000000000000000, 0.000000000000000000 ) ) ;
#706 = ORIENTED_EDGE ( 'NONE', *, *, #6, .F. ) ;
#707 = CARTESIAN_POINT ( 'NONE',  ( 3.749999999999999556, -3.061515884555944132E-16, -0.1500000000000000222 ) ) ;
#708 = DIRECTION ( 'NONE',  ( 0.000000000000000000, -1.000000000000000000, 1.987703982890094881E-15 ) ) ;
#709 = STYLED_ITEM ( 'NONE', ( #1930 ), #1236 ) ;
#710 =( NAMED_UNIT ( * ) SI_UNIT ( $, .STERADIAN. ) SOLID_ANGLE_UNIT ( ) );
#711 = EDGE_CURVE ( 'NONE', #2237, #2147, #1401, .T. ) ;
#712 = PRESENTATION_LAYER_ASSIGNMENT (  '', '', ( #2339 ) ) ;
#713 =( GEOMETRIC_REPRESENTATION_CONTEXT ( 3 ) GLOBAL_UNCERTAINTY_ASSIGNED_CONTEXT ( ( #1805 ) ) GLOBAL_UNIT_ASSIGNED_CONTEXT ( ( #2348, #578, #1782 ) ) REPRESENTATION_CONTEXT ( 'NONE', 'WORKASPACE' ) );
#714 = DIRECTION ( 'NONE',  ( -1.000000000000000000, 0.000000000000000000, 0.000000000000000000 ) ) ;
#715 = CARTESIAN_POINT ( 'NONE',  ( -0.2500000000000000000, 0.000000000000000000, 0.1500000000000000222 ) ) ;
#716 = LINE ( 'NONE', #764, #1694 ) ;
#717 = STYLED_ITEM ( 'NONE', ( #1316 ), #1848 ) ;
#718 = FACE_OUTER_BOUND ( 'NONE', #853, .T. ) ;
#719 = SURFACE_SIDE_STYLE ('',( #2113 ) ) ;
#720 = FACE_OUTER_BOUND ( 'NONE', #576, .T. ) ;
#721 = MECHANICAL_DESIGN_GEOMETRIC_PRESENTATION_REPRESENTATION (  '', ( #1749 ), #1945 ) ;
#722 = MECHANICAL_DESIGN_GEOMETRIC_PRESENTATION_REPRESENTATION (  '', ( #2506 ), #1053 ) ;
#723 = PRESENTATION_STYLE_ASSIGNMENT (( #2087 ) ) ;
#724 =( LENGTH_UNIT ( ) NAMED_UNIT ( * ) SI_UNIT ( .MILLI., .METRE. ) );
#725 = FACE_OUTER_BOUND ( 'NONE', #2181, .T. ) ;
#726 = ORIENTED_EDGE ( 'NONE', *, *, #1332, .F. ) ;
#727 = ADVANCED_FACE ( 'NONE', ( #186 ), #1357, .T. ) ;
#728 = DIRECTION ( 'NONE',  ( 1.000000000000000000, 1.141265444721583511E-16, -0.000000000000000000 ) ) ;
#729 =( GEOMETRIC_REPRESENTATION_CONTEXT ( 3 ) GLOBAL_UNCERTAINTY_ASSIGNED_CONTEXT ( ( #799 ) ) GLOBAL_UNIT_ASSIGNED_CONTEXT ( ( #152, #2485, #540 ) ) REPRESENTATION_CONTEXT ( 'NONE', 'WORKASPACE' ) );
#730 = SHAPE_DEFINITION_REPRESENTATION ( #101, #1340 ) ;
#731 = CIRCLE ( 'NONE', #808, 0.6008424811846245772 ) ;
#732 = EDGE_CURVE ( 'NONE', #2027, #2462, #1603, .T. ) ;
#733 = CARTESIAN_POINT ( 'NONE',  ( 5.899999999999999467, -1.918182427907084042, 0.000000000000000000 ) ) ;
#734 = FILL_AREA_STYLE ('',( #2486 ) ) ;
#735 = PRESENTATION_STYLE_ASSIGNMENT (( #1870 ) ) ;
#736 = PLANE ( 'NONE',  #1184 ) ;
#737 = SURFACE_STYLE_USAGE ( .BOTH. , #1924 ) ;
#738 = PRESENTATION_LAYER_ASSIGNMENT (  '', '', ( #1441 ) ) ;
#739 = DIRECTION ( 'NONE',  ( 1.000000000000000000, 0.000000000000000000, 0.000000000000000000 ) ) ;
#740 = ORIENTED_EDGE ( 'NONE', *, *, #1421, .F. ) ;
#741 = PLANE ( 'NONE',  #652 ) ;
#742 = VECTOR ( 'NONE', #110, 1000.000000000000000 ) ;
#743 = FACE_OUTER_BOUND ( 'NONE', #1235, .T. ) ;
#744 = CARTESIAN_POINT ( 'NONE',  ( 5.899999999999999467, -2.799999999999999822, -0.1499999999999999667 ) ) ;
#745 = ADVANCED_FACE ( 'NONE', ( #2006 ), #252, .F. ) ;
#746 = CARTESIAN_POINT ( 'NONE',  ( -4.249999999999998224, -3.800000000000000711, 0.1500000000000000222 ) ) ;
#747 = CARTESIAN_POINT ( 'NONE',  ( -0.2499999999999995282, -3.799999999999999822, -0.1500000000000000222 ) ) ;
#748 = ORIENTED_EDGE ( 'NONE', *, *, #876, .T. ) ;
#749 = DIRECTION ( 'NONE',  ( -0.000000000000000000, -1.000000000000000000, -0.000000000000000000 ) ) ;
#750 = FILL_AREA_STYLE ('',( #1328 ) ) ;
#751 = ORIENTED_EDGE ( 'NONE', *, *, #1152, .F. ) ;
#752 = SURFACE_STYLE_FILL_AREA ( #1531 ) ;
#753 = FACE_OUTER_BOUND ( 'NONE', #2117, .T. ) ;
#754 = VECTOR ( 'NONE', #705, 1000.000000000000000 ) ;
#755 = VECTOR ( 'NONE', #1459, 1000.000000000000000 ) ;
#756 = EDGE_CURVE ( 'NONE', #2318, #2197, #67, .T. ) ;
#757 = LINE ( 'NONE', #366, #2235 ) ;
#758 = EDGE_CURVE ( 'NONE', #35, #862, #1211, .T. ) ;
#759 =( NAMED_UNIT ( * ) SI_UNIT ( $, .STERADIAN. ) SOLID_ANGLE_UNIT ( ) );
#760 = VECTOR ( 'NONE', #2321, 1000.000000000000000 ) ;
#761 = ADVANCED_FACE ( 'NONE', ( #38 ), #616, .T. ) ;
#762 =( GEOMETRIC_REPRESENTATION_CONTEXT ( 3 ) GLOBAL_UNCERTAINTY_ASSIGNED_CONTEXT ( ( #34 ) ) GLOBAL_UNIT_ASSIGNED_CONTEXT ( ( #1226, #1064, #1811 ) ) REPRESENTATION_CONTEXT ( 'NONE', 'WORKASPACE' ) );
#763 = EDGE_LOOP ( 'NONE', ( #2333, #2167, #513, #509 ) ) ;
#764 = CARTESIAN_POINT ( 'NONE',  ( -6.299999999999999822, 0.000000000000000000, 2.149999999999999911 ) ) ;
#765 = CARTESIAN_POINT ( 'NONE',  ( 0.9999999999999997780, 1.599999999999997646, 6.149999999999999467 ) ) ;
#766 = STYLED_ITEM ( 'NONE', ( #2473 ), #590 ) ;
#767 = ORIENTED_EDGE ( 'NONE', *, *, #1982, .F. ) ;
#768 = DIRECTION ( 'NONE',  ( -1.000000000000000000, 0.000000000000000000, 0.000000000000000000 ) ) ;
#769 = MECHANICAL_DESIGN_GEOMETRIC_PRESENTATION_REPRESENTATION (  '', ( #1679 ), #1757 ) ;
#770 = CARTESIAN_POINT ( 'NONE',  ( 2.250000000000000444, 0.000000000000000000, -0.1500000000000000222 ) ) ;
#771 = ORIENTED_EDGE ( 'NONE', *, *, #2121, .T. ) ;
#772 = CARTESIAN_POINT ( 'NONE',  ( 3.100000000000000533, 1.549999999999998046, 2.049999999999999378 ) ) ;
#773 = CIRCLE ( 'NONE', #1690, 0.6008424811846245772 ) ;
#774 = VECTOR ( 'NONE', #913, 1000.000000000000000 ) ;
#775 = DIRECTION ( 'NONE',  ( -0.000000000000000000, 1.000000000000000000, -0.000000000000000000 ) ) ;
#776 = STYLED_ITEM ( 'NONE', ( #2055 ), #761 ) ;
#777 = VERTEX_POINT ( 'NONE', #1798 ) ;
#778 = FILL_AREA_STYLE_COLOUR ( '', #224 ) ;
#779 = PRESENTATION_STYLE_ASSIGNMENT (( #2349 ) ) ;
#780 = ORIENTED_EDGE ( 'NONE', *, *, #2373, .T. ) ;
#781 = EDGE_CURVE ( 'NONE', #2052, #263, #1830, .T. ) ;
#782 = EDGE_CURVE ( 'NONE', #2407, #830, #1288, .T. ) ;
#783 = CARTESIAN_POINT ( 'NONE',  ( 5.899999999999999467, -2.500000000000000444, -0.1500000000000005496 ) ) ;
#784 = STYLED_ITEM ( 'NONE', ( #465 ), #232 ) ;
#785 = COLOUR_RGB ( '',0.9882352941176471006, 0.7372549019607843590, 0.5137254901960783826 ) ;
#786 = DIRECTION ( 'NONE',  ( 1.000000000000000000, 0.000000000000000000, 0.000000000000000000 ) ) ;
#787 = ORIENTED_EDGE ( 'NONE', *, *, #2305, .F. ) ;
#788 = STYLED_ITEM ( 'NONE', ( #1125 ), #1675 ) ;
#789 =( LENGTH_UNIT ( ) NAMED_UNIT ( * ) SI_UNIT ( .MILLI., .METRE. ) );
#790 = AXIS2_PLACEMENT_3D ( 'NONE', #1871, #118, #2452 ) ;
#791 = VECTOR ( 'NONE', #1545, 1000.000000000000000 ) ;
#792 = SURFACE_STYLE_FILL_AREA ( #2169 ) ;
#793 = DIRECTION ( 'NONE',  ( -0.000000000000000000, -0.000000000000000000, -1.000000000000000000 ) ) ;
#794 = VECTOR ( 'NONE', #2509, 1000.000000000000000 ) ;
#795 = ORIENTED_EDGE ( 'NONE', *, *, #1217, .F. ) ;
#796 = AXIS2_PLACEMENT_3D ( 'NONE', #512, #2487, #1325 ) ;
#797 = FILL_AREA_STYLE_COLOUR ( '', #352 ) ;
#798 = CARTESIAN_POINT ( 'NONE',  ( 3.100000000000000533, 3.649999999999998135, 2.149999999999999023 ) ) ;
#799 = UNCERTAINTY_MEASURE_WITH_UNIT (LENGTH_MEASURE( 1.000000000000000082E-05 ), #152, 'distance_accuracy_value', 'NONE');
#800 = ORIENTED_EDGE ( 'NONE', *, *, #946, .F. ) ;
#801 = EDGE_CURVE ( 'NONE', #1763, #307, #881, .T. ) ;
#802 = CARTESIAN_POINT ( 'NONE',  ( 2.000000000000000000, 3.599999999999998757, 5.899999999999998579 ) ) ;
#803 = UNCERTAINTY_MEASURE_WITH_UNIT (LENGTH_MEASURE( 1.000000000000000082E-05 ), #2223, 'distance_accuracy_value', 'NONE');
#804 = ORIENTED_EDGE ( 'NONE', *, *, #452, .F. ) ;
#805 = FILL_AREA_STYLE_COLOUR ( '', #312 ) ;
#806 = LINE ( 'NONE', #1043, #2352 ) ;
#807 = DIRECTION ( 'NONE',  ( -1.000000000000000000, 0.000000000000000000, 0.000000000000000000 ) ) ;
#808 = AXIS2_PLACEMENT_3D ( 'NONE', #864, #1473, #474 ) ;
#809 = ORIENTED_EDGE ( 'NONE', *, *, #281, .T. ) ;
#810 = CARTESIAN_POINT ( 'NONE',  ( 6.299999999999999822, 0.000000000000000000, -0.5000000000000000000 ) ) ;
#811 = CARTESIAN_POINT ( 'NONE',  ( -6.299999999999999822, 0.000000000000000000, 2.149999999999999023 ) ) ;
#812 = ORIENTED_EDGE ( 'NONE', *, *, #2276, .T. ) ;
#813 = CARTESIAN_POINT ( 'NONE',  ( -5.899999999999999467, -2.500000000000000444, 0.1499999999999999667 ) ) ;
#814 = MECHANICAL_DESIGN_GEOMETRIC_PRESENTATION_REPRESENTATION (  '', ( #564 ), #440 ) ;
#815 = EDGE_LOOP ( 'NONE', ( #583, #1250, #1940, #1538, #957, #685, #288, #411, #1921, #2359, #1530, #1826 ) ) ;
#816 = LINE ( 'NONE', #1664, #920 ) ;
#817 = ADVANCED_FACE ( 'NONE', ( #1668 ), #2008, .F. ) ;
#818 =( NAMED_UNIT ( * ) PLANE_ANGLE_UNIT ( ) SI_UNIT ( $, .RADIAN. ) );
#819 = SURFACE_STYLE_FILL_AREA ( #1225 ) ;
#820 = CARTESIAN_POINT ( 'NONE',  ( 6.299999999999999822, 4.699999999999999289, 2.149999999999999467 ) ) ;
#821 = ORIENTED_EDGE ( 'NONE', *, *, #1488, .F. ) ;
#822 = FILL_AREA_STYLE_COLOUR ( '', #1534 ) ;
#823 =( NAMED_UNIT ( * ) PLANE_ANGLE_UNIT ( ) SI_UNIT ( $, .RADIAN. ) );
#824 = SURFACE_STYLE_FILL_AREA ( #1780 ) ;
#825 = UNCERTAINTY_MEASURE_WITH_UNIT (LENGTH_MEASURE( 1.000000000000000082E-05 ), #789, 'distance_accuracy_value', 'NONE');
#826 = VERTEX_POINT ( 'NONE', #851 ) ;
#827 = CARTESIAN_POINT ( 'NONE',  ( 1.749999999999999556, 0.000000000000000000, 0.1500000000000000222 ) ) ;
#828 = STYLED_ITEM ( 'NONE', ( #1034 ), #1121 ) ;
#829 = ADVANCED_FACE ( 'NONE', ( #1991 ), #1674, .F. ) ;
#830 = VERTEX_POINT ( 'NONE', #325 ) ;
#831 = CARTESIAN_POINT ( 'NONE',  ( 1.750000000000000222, -3.800000000000000711, 0.2500000000000000000 ) ) ;
#832 = VECTOR ( 'NONE', #2003, 1000.000000000000000 ) ;
#833 =( NAMED_UNIT ( * ) PLANE_ANGLE_UNIT ( ) SI_UNIT ( $, .RADIAN. ) );
#834 = DIRECTION ( 'NONE',  ( 1.000000000000000000, -0.000000000000000000, 0.000000000000000000 ) ) ;
#835 = UNCERTAINTY_MEASURE_WITH_UNIT (LENGTH_MEASURE( 1.000000000000000082E-05 ), #495, 'distance_accuracy_value', 'NONE');
#836 = SURFACE_SIDE_STYLE ('',( #54 ) ) ;
#837 = EDGE_CURVE ( 'NONE', #2237, #659, #1481, .T. ) ;
#838 = EDGE_LOOP ( 'NONE', ( #1745, #468, #1872, #2528 ) ) ;
#839 = SURFACE_SIDE_STYLE ('',( #283 ) ) ;
#840 = FILL_AREA_STYLE ('',( #822 ) ) ;
#841 = UNCERTAINTY_MEASURE_WITH_UNIT (LENGTH_MEASURE( 1.000000000000000082E-05 ), #390, 'distance_accuracy_value', 'NONE');
#842 = VECTOR ( 'NONE', #2064, 1000.000000000000000 ) ;
#843 = STYLED_ITEM ( 'NONE', ( #2445 ), #561 ) ;
#844 = DIRECTION ( 'NONE',  ( 0.000000000000000000, 0.000000000000000000, -1.000000000000000000 ) ) ;
#845 =( NAMED_UNIT ( * ) PLANE_ANGLE_UNIT ( ) SI_UNIT ( $, .RADIAN. ) );
#846 = ORIENTED_EDGE ( 'NONE', *, *, #1028, .F. ) ;
#847 = DIRECTION ( 'NONE',  ( -1.000000000000000000, 0.000000000000000000, 0.000000000000000000 ) ) ;
#848 = VERTEX_POINT ( 'NONE', #275 ) ;
#849 = DIRECTION ( 'NONE',  ( 0.000000000000000000, 1.000000000000000000, 0.000000000000000000 ) ) ;
#850 = FACE_OUTER_BOUND ( 'NONE', #1517, .T. ) ;
#851 = CARTESIAN_POINT ( 'NONE',  ( 3.000000000000000000, 1.599999999999997646, 2.049999999999999822 ) ) ;
#852 = MECHANICAL_DESIGN_GEOMETRIC_PRESENTATION_REPRESENTATION (  '', ( #974 ), #690 ) ;
#853 = EDGE_LOOP ( 'NONE', ( #1814, #2229, #597, #2076 ) ) ;
#854 = PLANE ( 'NONE',  #1367 ) ;
#855 = FACE_OUTER_BOUND ( 'NONE', #1023, .T. ) ;
#856 =( NAMED_UNIT ( * ) PLANE_ANGLE_UNIT ( ) SI_UNIT ( $, .RADIAN. ) );
#857 = SURFACE_SIDE_STYLE ('',( #1020 ) ) ;
#858 = SURFACE_STYLE_USAGE ( .BOTH. , #1876 ) ;
#859 = LINE ( 'NONE', #1057, #2093 ) ;
#860 = LINE ( 'NONE', #2176, #1670 ) ;
#861 = ORIENTED_EDGE ( 'NONE', *, *, #345, .T. ) ;
#862 = VERTEX_POINT ( 'NONE', #2242 ) ;
#863 = PLANE ( 'NONE',  #925 ) ;
#864 = CARTESIAN_POINT ( 'NONE',  ( -5.899999999999999467, -1.918182427907084042, 0.000000000000000000 ) ) ;
#865 = FACE_OUTER_BOUND ( 'NONE', #257, .T. ) ;
#866 = MECHANICAL_DESIGN_GEOMETRIC_PRESENTATION_REPRESENTATION (  '', ( #1733 ), #2288 ) ;
#867 = DIRECTION ( 'NONE',  ( 0.000000000000000000, 0.000000000000000000, 1.000000000000000000 ) ) ;
#868 = ORIENTED_EDGE ( 'NONE', *, *, #1307, .F. ) ;
#869 = EDGE_CURVE ( 'NONE', #2297, #350, #1643, .T. ) ;
#870 = LINE ( 'NONE', #2220, #155 ) ;
#871 = CARTESIAN_POINT ( 'NONE',  ( -6.299999999999999822, -1.886375397299121515, 0.5999999999999998668 ) ) ;
#872 = ADVANCED_FACE ( 'NONE', ( #2429 ), #1112, .F. ) ;
#873 = CARTESIAN_POINT ( 'NONE',  ( -4.249999999999999112, -3.800000000000000711, 0.1500000000000000222 ) ) ;
#874 = ORIENTED_EDGE ( 'NONE', *, *, #2041, .F. ) ;
#875 = LINE ( 'NONE', #2436, #1570 ) ;
#876 = EDGE_CURVE ( 'NONE', #2163, #1832, #506, .T. ) ;
#877 = ORIENTED_EDGE ( 'NONE', *, *, #2393, .T. ) ;
#878 = CARTESIAN_POINT ( 'NONE',  ( 3.100000000000000533, 1.549999999999998046, 2.049999999999999378 ) ) ;
#879 = LINE ( 'NONE', #1665, #1386 ) ;
#880 =( NAMED_UNIT ( * ) SI_UNIT ( $, .STERADIAN. ) SOLID_ANGLE_UNIT ( ) );
#881 = LINE ( 'NONE', #87, #1560 ) ;
#882 = PRESENTATION_LAYER_ASSIGNMENT (  '', '', ( #2225 ) ) ;
#883 = ORIENTED_EDGE ( 'NONE', *, *, #1028, .T. ) ;
#884 = DIRECTION ( 'NONE',  ( -1.000000000000000000, 0.000000000000000000, 0.000000000000000000 ) ) ;
#885 = LINE ( 'NONE', #446, #1452 ) ;
#886 = LINE ( 'NONE', #2032, #1358 ) ;
#887 = CARTESIAN_POINT ( 'NONE',  ( 1.749999999999999778, -3.800000000000000711, 0.1500000000000000222 ) ) ;
#888 = FILL_AREA_STYLE ('',( #125 ) ) ;
#889 = AXIS2_PLACEMENT_3D ( 'NONE', #1354, #775, #2314 ) ;
#890 = STYLED_ITEM ( 'NONE', ( #2025 ), #2236 ) ;
#891 = VERTEX_POINT ( 'NONE', #2397 ) ;
#892 = EDGE_CURVE ( 'NONE', #2303, #2049, #645, .T. ) ;
#893 = FILL_AREA_STYLE ('',( #292 ) ) ;
#894 =( NAMED_UNIT ( * ) SI_UNIT ( $, .STERADIAN. ) SOLID_ANGLE_UNIT ( ) );
#895 = CARTESIAN_POINT ( 'NONE',  ( 6.299999999999999822, 0.000000000000000000, 0.5000000000000008882 ) ) ;
#896 = ORIENTED_EDGE ( 'NONE', *, *, #1147, .T. ) ;
#897 = SURFACE_STYLE_FILL_AREA ( #1290 ) ;
#898 = LINE ( 'NONE', #1685, #1993 ) ;
#899 =( NAMED_UNIT ( * ) PLANE_ANGLE_UNIT ( ) SI_UNIT ( $, .RADIAN. ) );
#900 = AXIS2_PLACEMENT_3D ( 'NONE', #1634, #581, #1376 ) ;
#901 = PRESENTATION_STYLE_ASSIGNMENT (( #2484 ) ) ;
#902 = CARTESIAN_POINT ( 'NONE',  ( 2.000000000000000000, 3.599999999999998757, 6.149999999999999467 ) ) ;
#903 = VERTEX_POINT ( 'NONE', #2224 ) ;
#904 = CARTESIAN_POINT ( 'NONE',  ( -3.100000000000000533, 3.649999999999998135, 2.049999999999999378 ) ) ;
#905 = LINE ( 'NONE', #1856, #1681 ) ;
#906 = DIRECTION ( 'NONE',  ( -1.000000000000000000, 0.000000000000000000, -0.000000000000000000 ) ) ;
#907 = EDGE_CURVE ( 'NONE', #1832, #1785, #447, .T. ) ;
#908 = VECTOR ( 'NONE', #2075, 999.9999999999998863 ) ;
#909 = CARTESIAN_POINT ( 'NONE',  ( 6.299999999999999822, -2.500000000000000444, -0.1500000000000004663 ) ) ;
#910 = VECTOR ( 'NONE', #1628, 1000.000000000000000 ) ;
#911 =( NAMED_UNIT ( * ) PLANE_ANGLE_UNIT ( ) SI_UNIT ( $, .RADIAN. ) );
#912 = PRESENTATION_LAYER_ASSIGNMENT (  '', '', ( #2207 ) ) ;
#913 = DIRECTION ( 'NONE',  ( -0.000000000000000000, 1.000000000000000000, -1.987703982890094881E-15 ) ) ;
#914 = SURFACE_SIDE_STYLE ('',( #1115 ) ) ;
#915 = DIRECTION ( 'NONE',  ( 0.000000000000000000, 1.000000000000000000, 0.000000000000000000 ) ) ;
#916 = EDGE_CURVE ( 'NONE', #1103, #237, #859, .T. ) ;
#917 = SURFACE_SIDE_STYLE ('',( #1119 ) ) ;
#918 = PRESENTATION_LAYER_ASSIGNMENT (  '', '', ( #1040 ) ) ;
#919 = AXIS2_PLACEMENT_3D ( 'NONE', #1455, #847, #48 ) ;
#920 = VECTOR ( 'NONE', #2403, 1000.000000000000000 ) ;
#921 = EDGE_CURVE ( 'NONE', #2157, #2514, #2416, .T. ) ;
#922 =( GEOMETRIC_REPRESENTATION_CONTEXT ( 3 ) GLOBAL_UNCERTAINTY_ASSIGNED_CONTEXT ( ( #2356 ) ) GLOBAL_UNIT_ASSIGNED_CONTEXT ( ( #1905, #154, #2253 ) ) REPRESENTATION_CONTEXT ( 'NONE', 'WORKASPACE' ) );
#923 = VERTEX_POINT ( 'NONE', #1072 ) ;
#924 = CARTESIAN_POINT ( 'NONE',  ( 6.299999999999999822, -2.500000000000000444, 0.1500000000000000500 ) ) ;
#925 = AXIS2_PLACEMENT_3D ( 'NONE', #831, #849, #2463 ) ;
#926 = CARTESIAN_POINT ( 'NONE',  ( 5.899999999999999467, -2.500000000000000444, 0.1499999999999999667 ) ) ;
#927 =( NAMED_UNIT ( * ) SI_UNIT ( $, .STERADIAN. ) SOLID_ANGLE_UNIT ( ) );
#928 = PRESENTATION_STYLE_ASSIGNMENT (( #523 ) ) ;
#929 = CARTESIAN_POINT ( 'NONE',  ( -5.899999999999999467, -1.918182427907084042, 0.6008424811846245772 ) ) ;
#930 = ORIENTED_EDGE ( 'NONE', *, *, #2118, .F. ) ;
#931 = AXIS2_PLACEMENT_3D ( 'NONE', #630, #1422, #433 ) ;
#932 = CARTESIAN_POINT ( 'NONE',  ( -5.899999999999999467, 0.000000000000000000, 0.000000000000000000 ) ) ;
#933 =( NAMED_UNIT ( * ) SI_UNIT ( $, .STERADIAN. ) SOLID_ANGLE_UNIT ( ) );
#934 = CARTESIAN_POINT ( 'NONE',  ( 3.000000000000000888, 3.599999999999999201, 6.149999999999999467 ) ) ;
#935 = ORIENTED_EDGE ( 'NONE', *, *, #756, .F. ) ;
#936 =( NAMED_UNIT ( * ) PLANE_ANGLE_UNIT ( ) SI_UNIT ( $, .RADIAN. ) );
#937 = EDGE_CURVE ( 'NONE', #1677, #1589, #1351, .T. ) ;
#938 = CARTESIAN_POINT ( 'NONE',  ( 6.299999999999999822, 0.000000000000000000, 0.5000000000000008882 ) ) ;
#939 = PLANE ( 'NONE',  #967 ) ;
#940 = STYLED_ITEM ( 'NONE', ( #1029 ), #1291 ) ;
#941 = FILL_AREA_STYLE_COLOUR ( '', #273 ) ;
#942 = CYLINDRICAL_SURFACE ( 'NONE', #556, 0.6008424811846246882 ) ;
#943 = PLANE ( 'NONE',  #995 ) ;
#944 = ORIENTED_EDGE ( 'NONE', *, *, #1809, .F. ) ;
#945 = DIRECTION ( 'NONE',  ( 1.000000000000000000, 2.282530889443167022E-16, -0.000000000000000000 ) ) ;
#946 = EDGE_CURVE ( 'NONE', #2049, #295, #1170, .T. ) ;
#947 = VECTOR ( 'NONE', #1746, 1000.000000000000000 ) ;
#948 = ORIENTED_EDGE ( 'NONE', *, *, #2259, .T. ) ;
#949 = DIRECTION ( 'NONE',  ( -0.000000000000000000, -1.000000000000000000, -1.845450506358306065E-16 ) ) ;
#950 = AXIS2_PLACEMENT_3D ( 'NONE', #1261, #1275, #867 ) ;
#951 = LINE ( 'NONE', #2343, #1323 ) ;
#952 = EDGE_CURVE ( 'NONE', #903, #449, #373, .T. ) ;
#953 = SURFACE_STYLE_FILL_AREA ( #555 ) ;
#954 = EDGE_CURVE ( 'NONE', #1442, #1601, #1703, .T. ) ;
#955 = ORIENTED_EDGE ( 'NONE', *, *, #1277, .T. ) ;
#956 =( GEOMETRIC_REPRESENTATION_CONTEXT ( 3 ) GLOBAL_UNCERTAINTY_ASSIGNED_CONTEXT ( ( #445 ) ) GLOBAL_UNIT_ASSIGNED_CONTEXT ( ( #51, #818, #14 ) ) REPRESENTATION_CONTEXT ( 'NONE', 'WORKASPACE' ) );
#957 = ORIENTED_EDGE ( 'NONE', *, *, #32, .T. ) ;
#958 = DIRECTION ( 'NONE',  ( -0.000000000000000000, -0.000000000000000000, -1.000000000000000000 ) ) ;
#959 = PLANE ( 'NONE',  #2282 ) ;
#960 = MECHANICAL_DESIGN_GEOMETRIC_PRESENTATION_REPRESENTATION (  '', ( #226 ), #1742 ) ;
#961 = VECTOR ( 'NONE', #1223, 1000.000000000000000 ) ;
#962 = PRESENTATION_STYLE_ASSIGNMENT (( #2500 ) ) ;
#963 =( NAMED_UNIT ( * ) PLANE_ANGLE_UNIT ( ) SI_UNIT ( $, .RADIAN. ) );
#964 = EDGE_CURVE ( 'NONE', #2157, #891, #2470, .T. ) ;
#965 = FILL_AREA_STYLE ('',( #1158 ) ) ;
#966 = DIRECTION ( 'NONE',  ( 2.282530889443167022E-16, -1.000000000000000000, -0.000000000000000000 ) ) ;
#967 = AXIS2_PLACEMENT_3D ( 'NONE', #1728, #2459, #1143 ) ;
#968 = ORIENTED_EDGE ( 'NONE', *, *, #1398, .F. ) ;
#969 = VECTOR ( 'NONE', #834, 1000.000000000000000 ) ;
#970 = SURFACE_STYLE_FILL_AREA ( #1582 ) ;
#971 = DIRECTION ( 'NONE',  ( -0.000000000000000000, -0.000000000000000000, 1.000000000000000000 ) ) ;
#972 = VECTOR ( 'NONE', #320, 1000.000000000000000 ) ;
#973 = ORIENTED_EDGE ( 'NONE', *, *, #95, .T. ) ;
#974 = STYLED_ITEM ( 'NONE', ( #928 ), #1555 ) ;
#975 = SURFACE_STYLE_USAGE ( .BOTH. , #1760 ) ;
#976 = VECTOR ( 'NONE', #703, 1000.000000000000000 ) ;
#977 = FACE_BOUND ( 'NONE', #2132, .T. ) ;
#978 = ORIENTED_EDGE ( 'NONE', *, *, #1277, .F. ) ;
#979 = EDGE_CURVE ( 'NONE', #1714, #430, #716, .T. ) ;
#980 = AXIS2_PLACEMENT_3D ( 'NONE', #562, #190, #2150 ) ;
#981 = SURFACE_STYLE_FILL_AREA ( #208 ) ;
#982 = UNCERTAINTY_MEASURE_WITH_UNIT (LENGTH_MEASURE( 1.000000000000000082E-05 ), #144, 'distance_accuracy_value', 'NONE');
#983 = VECTOR ( 'NONE', #1359, 1000.000000000000000 ) ;
#984 = DIRECTION ( 'NONE',  ( -1.000000000000000000, 0.000000000000000000, -0.000000000000000000 ) ) ;
#985 = VERTEX_POINT ( 'NONE', #924 ) ;
#986 = PLANE ( 'NONE',  #1503 ) ;
#987 = DIRECTION ( 'NONE',  ( -1.283923625311781450E-16, 1.000000000000000000, 0.000000000000000000 ) ) ;
#988 = LINE ( 'NONE', #1770, #2149 ) ;
#989 = VERTEX_POINT ( 'NONE', #530 ) ;
#990 =( LENGTH_UNIT ( ) NAMED_UNIT ( * ) SI_UNIT ( .MILLI., .METRE. ) );
#991 = ADVANCED_FACE ( 'NONE', ( #1321 ), #1162, .F. ) ;
#992 = DIRECTION ( 'NONE',  ( 0.000000000000000000, 1.000000000000000000, 0.000000000000000000 ) ) ;
#993 = VECTOR ( 'NONE', #1163, 1000.000000000000000 ) ;
#994 = AXIS2_PLACEMENT_3D ( 'NONE', #1539, #2521, #377 ) ;
#995 = AXIS2_PLACEMENT_3D ( 'NONE', #747, #2302, #547 ) ;
#996 =( LENGTH_UNIT ( ) NAMED_UNIT ( * ) SI_UNIT ( .MILLI., .METRE. ) );
#997 = ORIENTED_EDGE ( 'NONE', *, *, #2493, .F. ) ;
#998 =( NAMED_UNIT ( * ) SI_UNIT ( $, .STERADIAN. ) SOLID_ANGLE_UNIT ( ) );
#999 = STYLED_ITEM ( 'NONE', ( #1939 ), #727 ) ;
#1000 = AXIS2_PLACEMENT_3D ( 'NONE', #1863, #1890, #1705 ) ;
#1001 = ORIENTED_EDGE ( 'NONE', *, *, #1933, .T. ) ;
#1002 = STYLED_ITEM ( 'NONE', ( #303 ), #1864 ) ;
#1003 = SURFACE_STYLE_USAGE ( .BOTH. , #1683 ) ;
#1004 =( NAMED_UNIT ( * ) PLANE_ANGLE_UNIT ( ) SI_UNIT ( $, .RADIAN. ) );
#1005 = PRESENTATION_LAYER_ASSIGNMENT (  '', '', ( #1144 ) ) ;
#1006 = ORIENTED_EDGE ( 'NONE', *, *, #2347, .F. ) ;
#1007 = STYLED_ITEM ( 'NONE', ( #735 ), #2330 ) ;
#1008 = FACE_OUTER_BOUND ( 'NONE', #2350, .T. ) ;
#1009 = SURFACE_STYLE_FILL_AREA ( #91 ) ;
#1010 = EDGE_CURVE ( 'NONE', #1366, #1553, #1715, .T. ) ;
#1011 = UNCERTAINTY_MEASURE_WITH_UNIT (LENGTH_MEASURE( 1.000000000000000082E-05 ), #632, 'distance_accuracy_value', 'NONE');
#1012 = VERTEX_POINT ( 'NONE', #518 ) ;
#1013 = ORIENTED_EDGE ( 'NONE', *, *, #1958, .F. ) ;
#1014 = DIRECTION ( 'NONE',  ( 0.000000000000000000, 1.000000000000000000, 0.000000000000000000 ) ) ;
#1015 = AXIS2_PLACEMENT_3D ( 'NONE', #1810, #2159, #240 ) ;
#1016 = UNCERTAINTY_MEASURE_WITH_UNIT (LENGTH_MEASURE( 1.000000000000000082E-05 ), #2143, 'distance_accuracy_value', 'NONE');
#1017 = EDGE_LOOP ( 'NONE', ( #61, #1974, #417, #640 ) ) ;
#1018 = CARTESIAN_POINT ( 'NONE',  ( 0.9999999999999997780, 1.599999999999997646, 6.149999999999999467 ) ) ;
#1019 = EDGE_CURVE ( 'NONE', #631, #2462, #2319, .T. ) ;
#1020 = SURFACE_STYLE_FILL_AREA ( #1246 ) ;
#1021 = VECTOR ( 'NONE', #2494, 1000.000000000000000 ) ;
#1022 = DIRECTION ( 'NONE',  ( -1.000000000000000000, -0.000000000000000000, 0.000000000000000000 ) ) ;
#1023 = EDGE_LOOP ( 'NONE', ( #2188, #2370, #1390, #1702, #483, #279, #434, #302, #1181, #1157, #1934, #1897, #1425 ) ) ;
#1024 = EDGE_CURVE ( 'NONE', #1507, #1696, #2090, .T. ) ;
#1025 = SURFACE_STYLE_USAGE ( .BOTH. , #2035 ) ;
#1026 = ORIENTED_EDGE ( 'NONE', *, *, #675, .T. ) ;
#1027 = CARTESIAN_POINT ( 'NONE',  ( -3.100000000000000533, 1.549999999999998046, 2.049999999999999378 ) ) ;
#1028 = EDGE_CURVE ( 'NONE', #1785, #668, #1935, .T. ) ;
#1029 = PRESENTATION_STYLE_ASSIGNMENT (( #2371 ) ) ;
#1030 = DIRECTION ( 'NONE',  ( -1.000000000000000000, 0.000000000000000000, 0.000000000000000000 ) ) ;
#1031 = CARTESIAN_POINT ( 'NONE',  ( -5.899999999999999467, -1.918182427907084042, 0.000000000000000000 ) ) ;
#1032 = FILL_AREA_STYLE_COLOUR ( '', #1360 ) ;
#1033 = EDGE_LOOP ( 'NONE', ( #2002, #2146, #1244, #188 ) ) ;
#1034 = PRESENTATION_STYLE_ASSIGNMENT (( #1068 ) ) ;
#1035 =( LENGTH_UNIT ( ) NAMED_UNIT ( * ) SI_UNIT ( .MILLI., .METRE. ) );
#1036 = DIRECTION ( 'NONE',  ( -0.000000000000000000, 1.000000000000000000, -0.000000000000000000 ) ) ;
#1037 = CARTESIAN_POINT ( 'NONE',  ( 6.299999999999999822, 0.000000000000000000, -0.5000000000000000000 ) ) ;
#1038 = ORIENTED_EDGE ( 'NONE', *, *, #202, .T. ) ;
#1039 = FACE_OUTER_BOUND ( 'NONE', #1599, .T. ) ;
#1040 = STYLED_ITEM ( 'NONE', ( #162 ), #1256 ) ;
#1041 = ORIENTED_EDGE ( 'NONE', *, *, #1388, .T. ) ;
#1042 = AXIS2_PLACEMENT_3D ( 'NONE', #72, #2454, #1477 ) ;
#1043 = CARTESIAN_POINT ( 'NONE',  ( -6.299999999999999822, 0.000000000000000000, 2.149999999999999911 ) ) ;
#1044 = CARTESIAN_POINT ( 'NONE',  ( 1.749999999999999556, -6.123031769111892454E-17, -0.1500000000000000222 ) ) ;
#1045 = DIRECTION ( 'NONE',  ( -1.000000000000000000, -0.000000000000000000, 0.000000000000000000 ) ) ;
#1046 =( GEOMETRIC_REPRESENTATION_CONTEXT ( 3 ) GLOBAL_UNCERTAINTY_ASSIGNED_CONTEXT ( ( #1607 ) ) GLOBAL_UNIT_ASSIGNED_CONTEXT ( ( #2081, #357, #1486 ) ) REPRESENTATION_CONTEXT ( 'NONE', 'WORKASPACE' ) );
#1047 = SURFACE_STYLE_USAGE ( .BOTH. , #1843 ) ;
#1048 = ORIENTED_EDGE ( 'NONE', *, *, #1938, .F. ) ;
#1049 =( NAMED_UNIT ( * ) SI_UNIT ( $, .STERADIAN. ) SOLID_ANGLE_UNIT ( ) );
#1050 = DIRECTION ( 'NONE',  ( 1.000000000000000000, 0.000000000000000000, -0.000000000000000000 ) ) ;
#1051 = UNCERTAINTY_MEASURE_WITH_UNIT (LENGTH_MEASURE( 1.000000000000000082E-05 ), #2301, 'distance_accuracy_value', 'NONE');
#1052 = VECTOR ( 'NONE', #2115, 1000.000000000000000 ) ;
#1053 =( GEOMETRIC_REPRESENTATION_CONTEXT ( 3 ) GLOBAL_UNCERTAINTY_ASSIGNED_CONTEXT ( ( #1777 ) ) GLOBAL_UNIT_ASSIGNED_CONTEXT ( ( #2074, #1292, #1874 ) ) REPRESENTATION_CONTEXT ( 'NONE', 'WORKASPACE' ) );
#1054 = SURFACE_STYLE_USAGE ( .BOTH. , #655 ) ;
#1055 = CARTESIAN_POINT ( 'NONE',  ( 4.250000000000000000, -2.449212707644755009E-16, -0.1500000000000000222 ) ) ;
#1056 = APPLICATION_CONTEXT ( 'automotive_design' ) ;
#1057 = CARTESIAN_POINT ( 'NONE',  ( -3.749999999999999112, -6.123031769111885058E-17, 0.1500000000000000222 ) ) ;
#1058 = CARTESIAN_POINT ( 'NONE',  ( 1.749999999999999778, 3.599999999999998757, 6.149999999999999467 ) ) ;
#1059 = ORIENTED_EDGE ( 'NONE', *, *, #1368, .T. ) ;
#1060 = ORIENTED_EDGE ( 'NONE', *, *, #1218, .T. ) ;
#1061 = CARTESIAN_POINT ( 'NONE',  ( 3.000000000000000000, 1.599999999999998090, 6.149999999999999467 ) ) ;
#1062 = SURFACE_STYLE_FILL_AREA ( #893 ) ;
#1063 = EDGE_CURVE ( 'NONE', #1542, #1962, #1903, .T. ) ;
#1064 =( NAMED_UNIT ( * ) PLANE_ANGLE_UNIT ( ) SI_UNIT ( $, .RADIAN. ) );
#1065 = FILL_AREA_STYLE ('',( #457 ) ) ;
#1066 = COLOUR_RGB ( '',0.2509803921568627416, 0.2509803921568627416, 0.2509803921568627416 ) ;
#1067 = ORIENTED_EDGE ( 'NONE', *, *, #1010, .F. ) ;
#1068 = SURFACE_STYLE_USAGE ( .BOTH. , #839 ) ;
#1069 = PLANE ( 'NONE',  #419 ) ;
#1070 =( NAMED_UNIT ( * ) PLANE_ANGLE_UNIT ( ) SI_UNIT ( $, .RADIAN. ) );
#1071 = ADVANCED_FACE ( 'NONE', ( #1736 ), #741, .F. ) ;
#1072 = CARTESIAN_POINT ( 'NONE',  ( 0.2499999999999995282, -3.799999999999999822, 0.1500000000000000222 ) ) ;
#1073 = AXIS2_PLACEMENT_3D ( 'NONE', #1756, #1791, #1849 ) ;
#1074 = ORIENTED_EDGE ( 'NONE', *, *, #2376, .F. ) ;
#1075 = FACE_OUTER_BOUND ( 'NONE', #2433, .T. ) ;
#1076 = ORIENTED_EDGE ( 'NONE', *, *, #1748, .T. ) ;
#1077 = CARTESIAN_POINT ( 'NONE',  ( 6.299999999999999822, 3.649999999999998135, 2.149999999999999911 ) ) ;
#1078 = CARTESIAN_POINT ( 'NONE',  ( -0.2500000000000001665, 6.960163919342491607E-33, -0.1500000000000000777 ) ) ;
#1079 = SURFACE_SIDE_STYLE ('',( #2389 ) ) ;
#1080 = PRESENTATION_LAYER_ASSIGNMENT (  '', '', ( #776 ) ) ;
#1081 = ORIENTED_EDGE ( 'NONE', *, *, #2211, .F. ) ;
#1082 =( NAMED_UNIT ( * ) PLANE_ANGLE_UNIT ( ) SI_UNIT ( $, .RADIAN. ) );
#1083 = SURFACE_STYLE_FILL_AREA ( #701 ) ;
#1084 = CARTESIAN_POINT ( 'NONE',  ( 6.299999999999999822, 0.000000000000000000, -0.5000000000000000000 ) ) ;
#1085 = LINE ( 'NONE', #2443, #337 ) ;
#1086 = CARTESIAN_POINT ( 'NONE',  ( -4.250000000000000000, 0.000000000000000000, 2.149999999999999023 ) ) ;
#1087 = COLOUR_RGB ( '',0.2509803921568627416, 0.2509803921568627416, 0.2509803921568627416 ) ;
#1088 = ORIENTED_EDGE ( 'NONE', *, *, #2004, .F. ) ;
#1089 = LINE ( 'NONE', #115, #2475 ) ;
#1090 =( LENGTH_UNIT ( ) NAMED_UNIT ( * ) SI_UNIT ( .MILLI., .METRE. ) );
#1091 = AXIS2_PLACEMENT_3D ( 'NONE', #902, #2286, #126 ) ;
#1092 = PRESENTATION_STYLE_ASSIGNMENT (( #1527 ) ) ;
#1093 = CIRCLE ( 'NONE', #1338, 0.6008424811846246882 ) ;
#1094 = ORIENTED_EDGE ( 'NONE', *, *, #207, .T. ) ;
#1095 = SURFACE_STYLE_USAGE ( .BOTH. , #2258 ) ;
#1096 = DIRECTION ( 'NONE',  ( 0.000000000000000000, -0.9985978335237490899, -0.05293738642655764631 ) ) ;
#1097 = CARTESIAN_POINT ( 'NONE',  ( 5.899999999999999467, -2.799999999999999822, 0.1499999999999999667 ) ) ;
#1098 = PRESENTATION_STYLE_ASSIGNMENT (( #311 ) ) ;
#1099 = CARTESIAN_POINT ( 'NONE',  ( -0.2499999999999995282, 0.000000000000000000, -0.1500000000000000222 ) ) ;
#1100 = VECTOR ( 'NONE', #704, 1000.000000000000000 ) ;
#1101 = ADVANCED_FACE ( 'NONE', ( #19 ), #1775, .F. ) ;
#1102 = AXIS2_PLACEMENT_3D ( 'NONE', #1031, #1990, #39 ) ;
#1103 = VERTEX_POINT ( 'NONE', #1609 ) ;
#1104 = DIRECTION ( 'NONE',  ( -1.000000000000000000, 0.000000000000000000, 0.000000000000000000 ) ) ;
#1105 = CARTESIAN_POINT ( 'NONE',  ( 4.250000000000000000, -3.799999999999999822, 0.1500000000000000222 ) ) ;
#1106 = ORIENTED_EDGE ( 'NONE', *, *, #2503, .F. ) ;
#1107 = STYLED_ITEM ( 'NONE', ( #723 ), #594 ) ;
#1108 = ORIENTED_EDGE ( 'NONE', *, *, #758, .T. ) ;
#1109 = CARTESIAN_POINT ( 'NONE',  ( -3.100000000000000533, 1.549999999999998046, 2.149999999999999023 ) ) ;
#1110 = FILL_AREA_STYLE ('',( #2480 ) ) ;
#1111 =( NAMED_UNIT ( * ) SI_UNIT ( $, .STERADIAN. ) SOLID_ANGLE_UNIT ( ) );
#1112 = PLANE ( 'NONE',  #2499 ) ;
#1113 =( NAMED_UNIT ( * ) SI_UNIT ( $, .STERADIAN. ) SOLID_ANGLE_UNIT ( ) );
#1114 = ADVANCED_FACE ( 'NONE', ( #1008 ), #1420, .T. ) ;
#1115 = SURFACE_STYLE_FILL_AREA ( #328 ) ;
#1116 = VERTEX_POINT ( 'NONE', #1815 ) ;
#1117 = DIRECTION ( 'NONE',  ( -1.141265444721583757E-16, 1.000000000000000000, 0.000000000000000000 ) ) ;
#1118 = CARTESIAN_POINT ( 'NONE',  ( 6.299999999999999822, -1.886375397299121737, 0.5999999999999998668 ) ) ;
#1119 = SURFACE_STYLE_FILL_AREA ( #1720 ) ;
#1120 = EDGE_LOOP ( 'NONE', ( #1410, #1564, #56, #396 ) ) ;
#1121 = ADVANCED_FACE ( 'NONE', ( #2204 ), #854, .F. ) ;
#1122 = VECTOR ( 'NONE', #2061, 1000.000000000000000 ) ;
#1123 = FILL_AREA_STYLE ('',( #1900 ) ) ;
#1124 = VECTOR ( 'NONE', #2496, 1000.000000000000000 ) ;
#1125 = PRESENTATION_STYLE_ASSIGNMENT (( #165 ) ) ;
#1126 = LINE ( 'NONE', #934, #437 ) ;
#1127 = VERTEX_POINT ( 'NONE', #2219 ) ;
#1128 = CARTESIAN_POINT ( 'NONE',  ( 2.250000000000000444, 0.000000000000000000, 0.2500000000000000000 ) ) ;
#1129 = FILL_AREA_STYLE_COLOUR ( '', #62 ) ;
#1130 =( LENGTH_UNIT ( ) NAMED_UNIT ( * ) SI_UNIT ( .MILLI., .METRE. ) );
#1131 = CARTESIAN_POINT ( 'NONE',  ( 5.899999999999999467, -1.918182427907084042, 0.000000000000000000 ) ) ;
#1132 = DIRECTION ( 'NONE',  ( -1.000000000000000000, 0.000000000000000000, 0.000000000000000000 ) ) ;
#1133 = MECHANICAL_DESIGN_GEOMETRIC_PRESENTATION_REPRESENTATION (  '', ( #221 ), #11 ) ;
#1134 = SURFACE_SIDE_STYLE ('',( #1326 ) ) ;
#1135 = DIRECTION ( 'NONE',  ( 1.141265444721583511E-16, -1.000000000000000000, 0.000000000000000000 ) ) ;
#1136 =( GEOMETRIC_REPRESENTATION_CONTEXT ( 3 ) GLOBAL_UNCERTAINTY_ASSIGNED_CONTEXT ( ( #247 ) ) GLOBAL_UNIT_ASSIGNED_CONTEXT ( ( #1251, #678, #1208 ) ) REPRESENTATION_CONTEXT ( 'NONE', 'WORKASPACE' ) );
#1137 = PRESENTATION_LAYER_ASSIGNMENT (  '', '', ( #2226 ) ) ;
#1138 = CARTESIAN_POINT ( 'NONE',  ( -4.249999999999999112, 7.222237291452134449E-32, -0.1500000000000000222 ) ) ;
#1139 = ORIENTED_EDGE ( 'NONE', *, *, #2271, .F. ) ;
#1140 = PRESENTATION_STYLE_ASSIGNMENT (( #1342 ) ) ;
#1141 = AXIS2_PLACEMENT_3D ( 'NONE', #142, #915, #1919 ) ;
#1142 = FACE_OUTER_BOUND ( 'NONE', #2346, .T. ) ;
#1143 = DIRECTION ( 'NONE',  ( 0.000000000000000000, 0.9985978335237490899, 0.05293738642655764631 ) ) ;
#1144 = STYLED_ITEM ( 'NONE', ( #2365 ), #2044 ) ;
#1145 = PLANE ( 'NONE',  #1141 ) ;
#1146 = CIRCLE ( 'NONE', #22, 0.6008424811846245772 ) ;
#1147 = EDGE_CURVE ( 'NONE', #923, #148, #641, .T. ) ;
#1148 = SURFACE_STYLE_FILL_AREA ( #750 ) ;
#1149 = EDGE_CURVE ( 'NONE', #923, #1696, #1432, .T. ) ;
#1150 = EDGE_LOOP ( 'NONE', ( #2424, #175, #1969, #944 ) ) ;
#1151 =( LENGTH_UNIT ( ) NAMED_UNIT ( * ) SI_UNIT ( .MILLI., .METRE. ) );
#1152 = EDGE_CURVE ( 'NONE', #1929, #1669, #1653, .T. ) ;
#1153 = CARTESIAN_POINT ( 'NONE',  ( 0.2500000000000000000, 0.000000000000000000, 0.2500000000000000000 ) ) ;
#1154 = MECHANICAL_DESIGN_GEOMETRIC_PRESENTATION_REPRESENTATION (  '', ( #940 ), #176 ) ;
#1155 = DIRECTION ( 'NONE',  ( -0.000000000000000000, 0.000000000000000000, 1.000000000000000000 ) ) ;
#1156 = PRESENTATION_STYLE_ASSIGNMENT (( #1187 ) ) ;
#1157 = ORIENTED_EDGE ( 'NONE', *, *, #1161, .T. ) ;
#1158 = FILL_AREA_STYLE_COLOUR ( '', #785 ) ;
#1159 =( LENGTH_UNIT ( ) NAMED_UNIT ( * ) SI_UNIT ( .MILLI., .METRE. ) );
#1160 = EDGE_LOOP ( 'NONE', ( #2284, #566, #201, #1076 ) ) ;
#1161 = EDGE_CURVE ( 'NONE', #1642, #1799, #568, .T. ) ;
#1162 = PLANE ( 'NONE',  #1895 ) ;
#1163 = DIRECTION ( 'NONE',  ( 0.000000000000000000, -1.000000000000000000, -0.000000000000000000 ) ) ;
#1164 = EDGE_CURVE ( 'NONE', #1442, #350, #2095, .T. ) ;
#1165 = MECHANICAL_DESIGN_GEOMETRIC_PRESENTATION_REPRESENTATION (  '', ( #497 ), #2056 ) ;
#1166 = PLANE ( 'NONE',  #2335 ) ;
#1167 = CARTESIAN_POINT ( 'NONE',  ( -0.2499999999999995282, -3.799999999999999822, 0.2500000000000000000 ) ) ;
#1168 = ORIENTED_EDGE ( 'NONE', *, *, #869, .F. ) ;
#1169 = COLOUR_RGB ( '',0.2509803921568627416, 0.2509803921568627416, 0.2509803921568627416 ) ;
#1170 = LINE ( 'NONE', #189, #983 ) ;
#1171 = COLOUR_RGB ( '',0.2509803921568627416, 0.2509803921568627416, 0.2509803921568627416 ) ;
#1172 = LINE ( 'NONE', #1944, #2154 ) ;
#1173 = VECTOR ( 'NONE', #2358, 1000.000000000000000 ) ;
#1174 =( GEOMETRIC_REPRESENTATION_CONTEXT ( 3 ) GLOBAL_UNCERTAINTY_ASSIGNED_CONTEXT ( ( #1227 ) ) GLOBAL_UNIT_ASSIGNED_CONTEXT ( ( #1808, #264, #50 ) ) REPRESENTATION_CONTEXT ( 'NONE', 'WORKASPACE' ) );
#1175 =( NAMED_UNIT ( * ) PLANE_ANGLE_UNIT ( ) SI_UNIT ( $, .RADIAN. ) );
#1176 = ORIENTED_EDGE ( 'NONE', *, *, #1063, .F. ) ;
#1177 = EDGE_CURVE ( 'NONE', #425, #2243, #2292, .T. ) ;
#1178 = FACE_OUTER_BOUND ( 'NONE', #815, .T. ) ;
#1179 = COLOUR_RGB ( '',0.9882352941176471006, 0.7372549019607843590, 0.5137254901960783826 ) ;
#1180 = MECHANICAL_DESIGN_GEOMETRIC_PRESENTATION_REPRESENTATION (  '', ( #1313 ), #64 ) ;
#1181 = ORIENTED_EDGE ( 'NONE', *, *, #2094, .T. ) ;
#1182 = SURFACE_SIDE_STYLE ('',( #981 ) ) ;
#1183 = FACE_OUTER_BOUND ( 'NONE', #1229, .T. ) ;
#1184 = AXIS2_PLACEMENT_3D ( 'NONE', #1304, #1883, #2281 ) ;
#1185 = VERTEX_POINT ( 'NONE', #1721 ) ;
#1186 = MECHANICAL_DESIGN_GEOMETRIC_PRESENTATION_REPRESENTATION (  '', ( #1319 ), #2280 ) ;
#1187 = SURFACE_STYLE_USAGE ( .BOTH. , #1740 ) ;
#1188 = PLANE ( 'NONE',  #17 ) ;
#1189 = DIRECTION ( 'NONE',  ( 0.000000000000000000, 0.000000000000000000, 1.000000000000000000 ) ) ;
#1190 = VECTOR ( 'NONE', #1551, 1000.000000000000000 ) ;
#1191 = ADVANCED_FACE ( 'NONE', ( #2128 ), #2108, .F. ) ;
#1192 = EDGE_LOOP ( 'NONE', ( #649, #1209, #4, #2357 ) ) ;
#1193 = DIRECTION ( 'NONE',  ( -2.282530889443167022E-16, 1.000000000000000000, 0.000000000000000000 ) ) ;
#1194 = UNCERTAINTY_MEASURE_WITH_UNIT (LENGTH_MEASURE( 1.000000000000000082E-05 ), #378, 'distance_accuracy_value', 'NONE');
#1195 =( GEOMETRIC_REPRESENTATION_CONTEXT ( 3 ) GLOBAL_UNCERTAINTY_ASSIGNED_CONTEXT ( ( #8 ) ) GLOBAL_UNIT_ASSIGNED_CONTEXT ( ( #266, #833, #1413 ) ) REPRESENTATION_CONTEXT ( 'NONE', 'WORKASPACE' ) );
#1196 = LINE ( 'NONE', #2527, #760 ) ;
#1197 = ORIENTED_EDGE ( 'NONE', *, *, #2524, .T. ) ;
#1198 = FACE_OUTER_BOUND ( 'NONE', #2400, .T. ) ;
#1199 = UNCERTAINTY_MEASURE_WITH_UNIT (LENGTH_MEASURE( 1.000000000000000082E-05 ), #1329, 'distance_accuracy_value', 'NONE');
#1200 = EDGE_LOOP ( 'NONE', ( #2418, #877, #1271, #119 ) ) ;
#1201 =( NAMED_UNIT ( * ) SI_UNIT ( $, .STERADIAN. ) SOLID_ANGLE_UNIT ( ) );
#1202 = DIRECTION ( 'NONE',  ( -1.000000000000000000, -0.000000000000000000, 0.000000000000000000 ) ) ;
#1203 = SURFACE_STYLE_FILL_AREA ( #1950 ) ;
#1204 = EDGE_CURVE ( 'NONE', #2462, #2303, #2135, .T. ) ;
#1205 = EDGE_LOOP ( 'NONE', ( #1088, #1385, #114, #978 ) ) ;
#1206 = COLOUR_RGB ( '',0.2509803921568627416, 0.2509803921568627416, 0.2509803921568627416 ) ;
#1207 = EDGE_LOOP ( 'NONE', ( #315, #1067, #812, #1794 ) ) ;
#1208 =( NAMED_UNIT ( * ) SI_UNIT ( $, .STERADIAN. ) SOLID_ANGLE_UNIT ( ) );
#1209 = ORIENTED_EDGE ( 'NONE', *, *, #298, .F. ) ;
#1210 = CARTESIAN_POINT ( 'NONE',  ( -5.899999999999999467, -2.500000000000000444, 0.1499999999999999389 ) ) ;
#1211 = LINE ( 'NONE', #1979, #256 ) ;
#1212 = EDGE_CURVE ( 'NONE', #2036, #2297, #1741, .T. ) ;
#1213 = VECTOR ( 'NONE', #2399, 1000.000000000000000 ) ;
#1214 = ORIENTED_EDGE ( 'NONE', *, *, #475, .F. ) ;
#1215 = MECHANICAL_DESIGN_GEOMETRIC_PRESENTATION_REPRESENTATION (  '', ( #1672 ), #762 ) ;
#1216 =( NAMED_UNIT ( * ) SI_UNIT ( $, .STERADIAN. ) SOLID_ANGLE_UNIT ( ) );
#1217 = EDGE_CURVE ( 'NONE', #338, #609, #549, .T. ) ;
#1218 = EDGE_CURVE ( 'NONE', #668, #862, #2489, .T. ) ;
#1219 = DIRECTION ( 'NONE',  ( -0.000000000000000000, -1.000000000000000000, 0.000000000000000000 ) ) ;
#1220 = VERTEX_POINT ( 'NONE', #203 ) ;
#1221 = LINE ( 'NONE', #2461, #1774 ) ;
#1222 = VERTEX_POINT ( 'NONE', #2119 ) ;
#1223 = DIRECTION ( 'NONE',  ( -1.000000000000000000, 0.000000000000000000, -0.000000000000000000 ) ) ;
#1224 = LINE ( 'NONE', #1592, #2263 ) ;
#1225 = FILL_AREA_STYLE ('',( #1242 ) ) ;
#1226 =( LENGTH_UNIT ( ) NAMED_UNIT ( * ) SI_UNIT ( .MILLI., .METRE. ) );
#1227 = UNCERTAINTY_MEASURE_WITH_UNIT (LENGTH_MEASURE( 1.000000000000000082E-05 ), #1808, 'distance_accuracy_value', 'NONE');
#1228 = DIRECTION ( 'NONE',  ( 0.000000000000000000, -0.9985978335237490899, 0.05293738642655766019 ) ) ;
#1229 = EDGE_LOOP ( 'NONE', ( #1585, #548, #1781, #2437 ) ) ;
#1230 = CARTESIAN_POINT ( 'NONE',  ( 5.899999999999999467, 1.010300241903460844E-16, 0.5000000000000000000 ) ) ;
#1231 = SURFACE_STYLE_FILL_AREA ( #840 ) ;
#1232 = UNCERTAINTY_MEASURE_WITH_UNIT (LENGTH_MEASURE( 1.000000000000000082E-05 ), #2199, 'distance_accuracy_value', 'NONE');
#1233 = COLOUR_RGB ( '',0.9882352941176471006, 0.7372549019607843590, 0.5137254901960783826 ) ;
#1234 = CARTESIAN_POINT ( 'NONE',  ( 3.000000000000000000, 1.599999999999997646, 6.149999999999999467 ) ) ;
#1235 = EDGE_LOOP ( 'NONE', ( #624, #1282, #1806, #1578 ) ) ;
#1236 = ADVANCED_FACE ( 'NONE', ( #1761 ), #1547, .F. ) ;
#1237 = PRESENTATION_LAYER_ASSIGNMENT (  '', '', ( #564 ) ) ;
#1238 = ORIENTED_EDGE ( 'NONE', *, *, #2415, .F. ) ;
#1239 = MECHANICAL_DESIGN_GEOMETRIC_PRESENTATION_REPRESENTATION (  '', ( #776 ), #1932 ) ;
#1240 = CARTESIAN_POINT ( 'NONE',  ( 1.749999999999999778, 1.599999999999997646, 6.149999999999999467 ) ) ;
#1241 = DIRECTION ( 'NONE',  ( 2.282530889443167515E-16, -1.000000000000000000, 0.000000000000000000 ) ) ;
#1242 = FILL_AREA_STYLE_COLOUR ( '', #139 ) ;
#1243 =( LENGTH_UNIT ( ) NAMED_UNIT ( * ) SI_UNIT ( .MILLI., .METRE. ) );
#1244 = ORIENTED_EDGE ( 'NONE', *, *, #2393, .F. ) ;
#1245 = CARTESIAN_POINT ( 'NONE',  ( -0.2499999999999995282, -3.799999999999999822, 0.1500000000000000222 ) ) ;
#1246 = FILL_AREA_STYLE ('',( #1450 ) ) ;
#1247 = CARTESIAN_POINT ( 'NONE',  ( -5.899999999999999467, -1.886375397299121515, -0.5999999999999999778 ) ) ;
#1248 = AXIS2_PLACEMENT_3D ( 'NONE', #2015, #2396, #1612 ) ;
#1249 =( LENGTH_UNIT ( ) NAMED_UNIT ( * ) SI_UNIT ( .MILLI., .METRE. ) );
#1250 = ORIENTED_EDGE ( 'NONE', *, *, #1336, .F. ) ;
#1251 =( LENGTH_UNIT ( ) NAMED_UNIT ( * ) SI_UNIT ( .MILLI., .METRE. ) );
#1252 =( GEOMETRIC_REPRESENTATION_CONTEXT ( 3 ) GLOBAL_UNCERTAINTY_ASSIGNED_CONTEXT ( ( #2395 ) ) GLOBAL_UNIT_ASSIGNED_CONTEXT ( ( #1846, #444, #1049 ) ) REPRESENTATION_CONTEXT ( 'NONE', 'WORKASPACE' ) );
#1253 = ORIENTED_EDGE ( 'NONE', *, *, #1398, .T. ) ;
#1254 = AXIS2_PLACEMENT_3D ( 'NONE', #613, #2196, #249 ) ;
#1255 = CARTESIAN_POINT ( 'NONE',  ( 0.2499999999999995282, -3.799999999999999822, -0.1500000000000000222 ) ) ;
#1256 = ADVANCED_FACE ( 'NONE', ( #2315, #558, #1178, #1949, #977 ), #1166, .F. ) ;
#1257 = MECHANICAL_DESIGN_GEOMETRIC_PRESENTATION_REPRESENTATION (  '', ( #2339 ), #1174 ) ;
#1258 = CARTESIAN_POINT ( 'NONE',  ( -5.899999999999998579, -5.479622963549148107E-18, 0.5000000000000000000 ) ) ;
#1259 = AXIS2_PLACEMENT_3D ( 'NONE', #2361, #1568, #2522 ) ;
#1260 = CARTESIAN_POINT ( 'NONE',  ( -5.899999999999999467, -2.799999999999999822, -0.1499999999999999667 ) ) ;
#1261 = CARTESIAN_POINT ( 'NONE',  ( -5.899999999999999467, -1.918182427907084042, 0.000000000000000000 ) ) ;
#1262 = ORIENTED_EDGE ( 'NONE', *, *, #2079, .T. ) ;
#1263 = CARTESIAN_POINT ( 'NONE',  ( 0.2499999999999995282, -3.799999999999999822, 0.2500000000000000000 ) ) ;
#1264 = AXIS2_PLACEMENT_3D ( 'NONE', #123, #1688, #2458 ) ;
#1265 = FILL_AREA_STYLE ('',( #120 ) ) ;
#1266 = CARTESIAN_POINT ( 'NONE',  ( 5.899999999999999467, 7.228014483236695816E-17, -0.5000000000000000000 ) ) ;
#1267 = DIRECTION ( 'NONE',  ( -0.000000000000000000, 1.000000000000000000, 0.000000000000000000 ) ) ;
#1268 = CARTESIAN_POINT ( 'NONE',  ( 6.299999999999999822, 4.699999999999999289, -2.149999999999999911 ) ) ;
#1269 = ORIENTED_EDGE ( 'NONE', *, *, #1764, .F. ) ;
#1270 = FILL_AREA_STYLE ('',( #470 ) ) ;
#1271 = ORIENTED_EDGE ( 'NONE', *, *, #964, .T. ) ;
#1272 = LINE ( 'NONE', #2037, #458 ) ;
#1273 = CARTESIAN_POINT ( 'NONE',  ( 1.000000000000000000, 3.649999999999998135, 2.049999999999999378 ) ) ;
#1274 = CARTESIAN_POINT ( 'NONE',  ( -4.249999999999998224, -3.800000000000000711, 0.2500000000000000000 ) ) ;
#1275 = DIRECTION ( 'NONE',  ( -1.000000000000000000, 0.000000000000000000, 0.000000000000000000 ) ) ;
#1276 = AXIS2_PLACEMENT_3D ( 'NONE', #498, #454, #708 ) ;
#1277 = EDGE_CURVE ( 'NONE', #777, #385, #1224, .T. ) ;
#1278 = ORIENTED_EDGE ( 'NONE', *, *, #491, .F. ) ;
#1279 = FACE_OUTER_BOUND ( 'NONE', #1200, .T. ) ;
#1280 = DIRECTION ( 'NONE',  ( 0.000000000000000000, -0.05293738642655764631, 0.9985978335237490899 ) ) ;
#1281 = CARTESIAN_POINT ( 'NONE',  ( -5.899999999999999467, -2.799999999999999822, 0.1499999999999999667 ) ) ;
#1282 = ORIENTED_EDGE ( 'NONE', *, *, #314, .T. ) ;
#1283 = ORIENTED_EDGE ( 'NONE', *, *, #1204, .F. ) ;
#1284 = ORIENTED_EDGE ( 'NONE', *, *, #170, .T. ) ;
#1285 = SURFACE_STYLE_FILL_AREA ( #1299 ) ;
#1286 = SURFACE_STYLE_USAGE ( .BOTH. , #1894 ) ;
#1287 = STYLED_ITEM ( 'NONE', ( #2329 ), #1101 ) ;
#1288 = LINE ( 'NONE', #2201, #1528 ) ;
#1289 = ORIENTED_EDGE ( 'NONE', *, *, #2317, .F. ) ;
#1290 = FILL_AREA_STYLE ('',( #462 ) ) ;
#1291 = ADVANCED_FACE ( 'NONE', ( #615 ), #213, .F. ) ;
#1292 =( NAMED_UNIT ( * ) PLANE_ANGLE_UNIT ( ) SI_UNIT ( $, .RADIAN. ) );
#1293 = EDGE_LOOP ( 'NONE', ( #1447, #809, #955, #1262 ) ) ;
#1294 = SURFACE_SIDE_STYLE ('',( #480 ) ) ;
#1295 = DIRECTION ( 'NONE',  ( 0.000000000000000000, 0.000000000000000000, 1.000000000000000000 ) ) ;
#1296 = FILL_AREA_STYLE ('',( #342 ) ) ;
#1297 = PRODUCT_CONTEXT ( 'NONE', #1533, 'mechanical' ) ;
#1298 = ORIENTED_EDGE ( 'NONE', *, *, #113, .T. ) ;
#1299 = FILL_AREA_STYLE ('',( #510 ) ) ;
#1300 = LINE ( 'NONE', #1273, #244 ) ;
#1301 = VECTOR ( 'NONE', #1228, 1000.000000000000000 ) ;
#1302 = DIRECTION ( 'NONE',  ( -1.000000000000000000, 0.000000000000000000, -0.000000000000000000 ) ) ;
#1303 = STYLED_ITEM ( 'NONE', ( #2133 ), #2408 ) ;
#1304 = CARTESIAN_POINT ( 'NONE',  ( 0.9999999999999997780, 3.599999999999998757, 6.149999999999999467 ) ) ;
#1305 = VECTOR ( 'NONE', #662, 1000.000000000000000 ) ;
#1306 = EDGE_LOOP ( 'NONE', ( #2022, #697, #426, #748 ) ) ;
#1307 = EDGE_CURVE ( 'NONE', #148, #2231, #606, .T. ) ;
#1308 = CARTESIAN_POINT ( 'NONE',  ( -6.299999999999999822, -1.676898493250743091E-17, 0.5000000000000002220 ) ) ;
#1309 = PRESENTATION_STYLE_ASSIGNMENT (( #2249 ) ) ;
#1310 = CARTESIAN_POINT ( 'NONE',  ( 6.299999999999999822, -1.886375397299121515, 0.5999999999999998668 ) ) ;
#1311 = CARTESIAN_POINT ( 'NONE',  ( 1.750000000000000222, -3.800000000000000711, 0.1500000000000000222 ) ) ;
#1312 = CARTESIAN_POINT ( 'NONE',  ( 5.899999999999999467, -1.918182427907084042, 0.000000000000000000 ) ) ;
#1313 = STYLED_ITEM ( 'NONE', ( #1889 ), #573 ) ;
#1314 = EDGE_CURVE ( 'NONE', #237, #2237, #28, .T. ) ;
#1315 = EDGE_LOOP ( 'NONE', ( #1987, #1951, #88, #795 ) ) ;
#1316 = PRESENTATION_STYLE_ASSIGNMENT (( #2447 ) ) ;
#1317 = CARTESIAN_POINT ( 'NONE',  ( 5.899999999999999467, -2.799999999999999822, -0.1499999999999999667 ) ) ;
#1318 = ORIENTED_EDGE ( 'NONE', *, *, #781, .T. ) ;
#1319 = STYLED_ITEM ( 'NONE', ( #305 ), #1404 ) ;
#1320 = SURFACE_SIDE_STYLE ('',( #1529 ) ) ;
#1321 = FACE_OUTER_BOUND ( 'NONE', #36, .T. ) ;
#1322 = PRESENTATION_STYLE_ASSIGNMENT (( #2077 ) ) ;
#1323 = VECTOR ( 'NONE', #7, 1000.000000000000000 ) ;
#1324 = CARTESIAN_POINT ( 'NONE',  ( -6.299999999999999822, -2.800000000000000266, 0.1499999999999999667 ) ) ;
#1325 = DIRECTION ( 'NONE',  ( -1.141265444721583757E-16, 1.000000000000000000, 0.000000000000000000 ) ) ;
#1326 = SURFACE_STYLE_FILL_AREA ( #2336 ) ;
#1327 = CARTESIAN_POINT ( 'NONE',  ( 2.250000000000000444, 0.000000000000000000, 0.2500000000000000000 ) ) ;
#1328 = FILL_AREA_STYLE_COLOUR ( '', #2379 ) ;
#1329 =( LENGTH_UNIT ( ) NAMED_UNIT ( * ) SI_UNIT ( .MILLI., .METRE. ) );
#1330 = ORIENTED_EDGE ( 'NONE', *, *, #1147, .F. ) ;
#1331 = DIRECTION ( 'NONE',  ( -1.000000000000000000, 1.283923625311781450E-16, 0.000000000000000000 ) ) ;
#1332 = EDGE_CURVE ( 'NONE', #263, #420, #635, .T. ) ;
#1333 = EDGE_CURVE ( 'NONE', #1601, #2027, #806, .T. ) ;
#1334 = VECTOR ( 'NONE', #209, 1000.000000000000000 ) ;
#1335 = AXIS2_PLACEMENT_3D ( 'NONE', #2325, #945, #1365 ) ;
#1336 = EDGE_CURVE ( 'NONE', #430, #350, #1797, .T. ) ;
#1337 = CARTESIAN_POINT ( 'NONE',  ( 5.899999999999999467, -1.886375397299121515, 0.5999999999999999778 ) ) ;
#1338 = AXIS2_PLACEMENT_3D ( 'NONE', #1649, #65, #634 ) ;
#1339 = PRESENTATION_LAYER_ASSIGNMENT (  '', '', ( #999 ) ) ;
#1340 = ADVANCED_BREP_SHAPE_REPRESENTATION ( 'OS103011MA7QP1', ( #1864, #1000 ), #922 ) ;
#1341 = ORIENTED_EDGE ( 'NONE', *, *, #684, .F. ) ;
#1342 = SURFACE_STYLE_USAGE ( .BOTH. , #2274 ) ;
#1343 = SURFACE_SIDE_STYLE ('',( #1676 ) ) ;
#1344 = MECHANICAL_DESIGN_GEOMETRIC_PRESENTATION_REPRESENTATION (  '', ( #1144 ), #234 ) ;
#1345 = CARTESIAN_POINT ( 'NONE',  ( -0.2500000000000000000, 0.000000000000000000, -0.1500000000000000222 ) ) ;
#1346 = EDGE_LOOP ( 'NONE', ( #2362, #329, #1638, #2136 ) ) ;
#1347 =( GEOMETRIC_REPRESENTATION_CONTEXT ( 3 ) GLOBAL_UNCERTAINTY_ASSIGNED_CONTEXT ( ( #2007 ) ) GLOBAL_UNIT_ASSIGNED_CONTEXT ( ( #1243, #52, #880 ) ) REPRESENTATION_CONTEXT ( 'NONE', 'WORKASPACE' ) );
#1348 = DIRECTION ( 'NONE',  ( 0.000000000000000000, 0.000000000000000000, 1.000000000000000000 ) ) ;
#1349 = PLANE ( 'NONE',  #1631 ) ;
#1350 = ORIENTED_EDGE ( 'NONE', *, *, #1152, .T. ) ;
#1351 = LINE ( 'NONE', #2482, #1558 ) ;
#1352 = DIRECTION ( 'NONE',  ( 0.000000000000000000, -1.000000000000000000, -1.845450506358306065E-16 ) ) ;
#1353 = VECTOR ( 'NONE', #2502, 1000.000000000000000 ) ;
#1354 = CARTESIAN_POINT ( 'NONE',  ( 2.000000000000000000, 1.599999999999997646, 6.149999999999999467 ) ) ;
#1355 = SURFACE_STYLE_FILL_AREA ( #1546 ) ;
#1356 = CARTESIAN_POINT ( 'NONE',  ( 4.250000000000000000, -2.449212707644755009E-16, 0.1500000000000000222 ) ) ;
#1357 = PLANE ( 'NONE',  #42 ) ;
#1358 = VECTOR ( 'NONE', #1850, 1000.000000000000000 ) ;
#1359 = DIRECTION ( 'NONE',  ( -0.000000000000000000, -0.000000000000000000, -1.000000000000000000 ) ) ;
#1360 = COLOUR_RGB ( '',0.9882352941176471006, 0.7372549019607843590, 0.5137254901960783826 ) ;
#1361 = ADVANCED_FACE ( 'NONE', ( #850 ), #2144, .F. ) ;
#1362 =( LENGTH_UNIT ( ) NAMED_UNIT ( * ) SI_UNIT ( .MILLI., .METRE. ) );
#1363 = DIRECTION ( 'NONE',  ( 0.000000000000000000, 1.000000000000000000, -1.987703982890094881E-15 ) ) ;
#1364 = ORIENTED_EDGE ( 'NONE', *, *, #410, .F. ) ;
#1365 = DIRECTION ( 'NONE',  ( -2.282530889443167022E-16, 1.000000000000000000, 0.000000000000000000 ) ) ;
#1366 = VERTEX_POINT ( 'NONE', #398 ) ;
#1367 = AXIS2_PLACEMENT_3D ( 'NONE', #1448, #2392, #2409 ) ;
#1368 = EDGE_CURVE ( 'NONE', #2322, #2122, #988, .T. ) ;
#1369 = STYLED_ITEM ( 'NONE', ( #660 ), #2498 ) ;
#1370 = VECTOR ( 'NONE', #2214, 1000.000000000000000 ) ;
#1371 = LINE ( 'NONE', #2353, #993 ) ;
#1372 = ORIENTED_EDGE ( 'NONE', *, *, #608, .T. ) ;
#1373 = EDGE_CURVE ( 'NONE', #826, #1012, #511, .T. ) ;
#1374 = CARTESIAN_POINT ( 'NONE',  ( 5.899999999999999467, -2.799999999999999822, 0.1499999999999999667 ) ) ;
#1375 = PRESENTATION_STYLE_ASSIGNMENT (( #1003 ) ) ;
#1376 = DIRECTION ( 'NONE',  ( 0.000000000000000000, -0.000000000000000000, -1.000000000000000000 ) ) ;
#1377 = CARTESIAN_POINT ( 'NONE',  ( 3.000000000000000000, 3.599999999999998757, 6.149999999999999467 ) ) ;
#1378 = STYLED_ITEM ( 'NONE', ( #962 ), #1914 ) ;
#1379 =( GEOMETRIC_REPRESENTATION_CONTEXT ( 3 ) GLOBAL_UNCERTAINTY_ASSIGNED_CONTEXT ( ( #2151 ) ) GLOBAL_UNIT_ASSIGNED_CONTEXT ( ( #2091, #171, #2497 ) ) REPRESENTATION_CONTEXT ( 'NONE', 'WORKASPACE' ) );
#1380 = VERTEX_POINT ( 'NONE', #130 ) ;
#1381 = ORIENTED_EDGE ( 'NONE', *, *, #1373, .F. ) ;
#1382 = CARTESIAN_POINT ( 'NONE',  ( -4.249999999999999112, -6.123031769111885058E-17, -0.1500000000000000222 ) ) ;
#1383 = CARTESIAN_POINT ( 'NONE',  ( -3.749999999999999112, 0.000000000000000000, -0.1500000000000000222 ) ) ;
#1384 =( NAMED_UNIT ( * ) SI_UNIT ( $, .STERADIAN. ) SOLID_ANGLE_UNIT ( ) );
#1385 = ORIENTED_EDGE ( 'NONE', *, *, #1177, .T. ) ;
#1386 = VECTOR ( 'NONE', #485, 1000.000000000000000 ) ;
#1387 = ORIENTED_EDGE ( 'NONE', *, *, #475, .T. ) ;
#1388 = EDGE_CURVE ( 'NONE', #1763, #2318, #731, .T. ) ;
#1389 = VECTOR ( 'NONE', #413, 1000.000000000000000 ) ;
#1390 = ORIENTED_EDGE ( 'NONE', *, *, #1764, .T. ) ;
#1391 = SURFACE_STYLE_FILL_AREA ( #554 ) ;
#1392 = UNCERTAINTY_MEASURE_WITH_UNIT (LENGTH_MEASURE( 1.000000000000000082E-05 ), #1680, 'distance_accuracy_value', 'NONE');
#1393 =( GEOMETRIC_REPRESENTATION_CONTEXT ( 3 ) GLOBAL_UNCERTAINTY_ASSIGNED_CONTEXT ( ( #1433 ) ) GLOBAL_UNIT_ASSIGNED_CONTEXT ( ( #2139, #1571, #216 ) ) REPRESENTATION_CONTEXT ( 'NONE', 'WORKASPACE' ) );
#1394 = DIRECTION ( 'NONE',  ( -0.000000000000000000, -0.9985978335237490899, 0.05293738642655766019 ) ) ;
#1395 = PRODUCT_DEFINITION_CONTEXT ( 'detailed design', #1056, 'design' ) ;
#1396 = ORIENTED_EDGE ( 'NONE', *, *, #782, .F. ) ;
#1397 = FILL_AREA_STYLE_COLOUR ( '', #1407 ) ;
#1398 = EDGE_CURVE ( 'NONE', #1581, #2165, #1300, .T. ) ;
#1399 = ORIENTED_EDGE ( 'NONE', *, *, #1204, .T. ) ;
#1400 = FILL_AREA_STYLE ('',( #2386 ) ) ;
#1401 = LINE ( 'NONE', #569, #669 ) ;
#1402 = EDGE_CURVE ( 'NONE', #1617, #1763, #116, .T. ) ;
#1403 = MECHANICAL_DESIGN_GEOMETRIC_PRESENTATION_REPRESENTATION (  '', ( #412 ), #304 ) ;
#1404 = ADVANCED_FACE ( 'NONE', ( #86 ), #1869, .F. ) ;
#1405 = VERTEX_POINT ( 'NONE', #1444 ) ;
#1406 = DIRECTION ( 'NONE',  ( 0.000000000000000000, 0.000000000000000000, 1.000000000000000000 ) ) ;
#1407 = COLOUR_RGB ( '',0.2509803921568627416, 0.2509803921568627416, 0.2509803921568627416 ) ;
#1408 = DIRECTION ( 'NONE',  ( -1.000000000000000000, -0.000000000000000000, 0.000000000000000000 ) ) ;
#1409 = STYLED_ITEM ( 'NONE', ( #699 ), #1576 ) ;
#1410 = ORIENTED_EDGE ( 'NONE', *, *, #1776, .F. ) ;
#1411 = SURFACE_STYLE_USAGE ( .BOTH. , #1977 ) ;
#1412 =( NAMED_UNIT ( * ) PLANE_ANGLE_UNIT ( ) SI_UNIT ( $, .RADIAN. ) );
#1413 =( NAMED_UNIT ( * ) SI_UNIT ( $, .STERADIAN. ) SOLID_ANGLE_UNIT ( ) );
#1414 = DIRECTION ( 'NONE',  ( 1.000000000000000000, 0.000000000000000000, 0.000000000000000000 ) ) ;
#1415 = CIRCLE ( 'NONE', #469, 0.6008424811846246882 ) ;
#1416 = PRODUCT_RELATED_PRODUCT_CATEGORY ( 'part', '', ( #285 ) ) ;
#1417 = DIRECTION ( 'NONE',  ( 0.000000000000000000, -0.000000000000000000, -1.000000000000000000 ) ) ;
#1418 = ORIENTED_EDGE ( 'NONE', *, *, #1899, .F. ) ;
#1419 = CIRCLE ( 'NONE', #2184, 0.6008424811846246882 ) ;
#1420 = PLANE ( 'NONE',  #2012 ) ;
#1421 = EDGE_CURVE ( 'NONE', #609, #989, #2070, .T. ) ;
#1422 = DIRECTION ( 'NONE',  ( -1.000000000000000000, -0.000000000000000000, -0.000000000000000000 ) ) ;
#1423 = ORIENTED_EDGE ( 'NONE', *, *, #1699, .T. ) ;
#1424 = STYLED_ITEM ( 'NONE', ( #1092 ), #623 ) ;
#1425 = ORIENTED_EDGE ( 'NONE', *, *, #2347, .T. ) ;
#1426 = SURFACE_STYLE_FILL_AREA ( #1400 ) ;
#1427 = PRESENTATION_STYLE_ASSIGNMENT (( #438 ) ) ;
#1428 = LINE ( 'NONE', #1537, #629 ) ;
#1429 = UNCERTAINTY_MEASURE_WITH_UNIT (LENGTH_MEASURE( 1.000000000000000082E-05 ), #1130, 'distance_accuracy_value', 'NONE');
#1430 = STYLED_ITEM ( 'NONE', ( #2011 ), #508 ) ;
#1431 = VERTEX_POINT ( 'NONE', #1078 ) ;
#1432 = LINE ( 'NONE', #1263, #666 ) ;
#1433 = UNCERTAINTY_MEASURE_WITH_UNIT (LENGTH_MEASURE( 1.000000000000000082E-05 ), #2139, 'distance_accuracy_value', 'NONE');
#1434 = SURFACE_STYLE_FILL_AREA ( #628 ) ;
#1435 = EDGE_CURVE ( 'NONE', #2163, #1127, #905, .T. ) ;
#1436 = CARTESIAN_POINT ( 'NONE',  ( 6.299999999999999822, 4.699999999999999289, 2.149999999999999911 ) ) ;
#1437 = AXIS2_PLACEMENT_3D ( 'NONE', #2260, #714, #1901 ) ;
#1438 = LINE ( 'NONE', #448, #2384 ) ;
#1439 = EDGE_LOOP ( 'NONE', ( #846, #403, #1956, #261 ) ) ;
#1440 = CYLINDRICAL_SURFACE ( 'NONE', #919, 0.6008424811846245772 ) ;
#1441 = STYLED_ITEM ( 'NONE', ( #45 ), #1071 ) ;
#1442 = VERTEX_POINT ( 'NONE', #1258 ) ;
#1443 = CARTESIAN_POINT ( 'NONE',  ( -3.749999999999999112, 0.000000000000000000, 0.2500000000000000000 ) ) ;
#1444 = CARTESIAN_POINT ( 'NONE',  ( -0.2499999999999998890, -3.799999999999999822, 0.1500000000000000222 ) ) ;
#1445 = CARTESIAN_POINT ( 'NONE',  ( -4.250000000000000000, -4.814824860968089633E-32, 0.1500000000000000222 ) ) ;
#1446 = PRESENTATION_STYLE_ASSIGNMENT (( #1047 ) ) ;
#1447 = ORIENTED_EDGE ( 'NONE', *, *, #1825, .T. ) ;
#1448 = CARTESIAN_POINT ( 'NONE',  ( -5.899999999999999467, 1.010300241903460844E-16, 0.5000000000000000000 ) ) ;
#1449 =( LENGTH_UNIT ( ) NAMED_UNIT ( * ) SI_UNIT ( .MILLI., .METRE. ) );
#1450 = FILL_AREA_STYLE_COLOUR ( '', #1233 ) ;
#1451 = DIRECTION ( 'NONE',  ( -1.000000000000000000, 0.000000000000000000, -0.000000000000000000 ) ) ;
#1452 = VECTOR ( 'NONE', #478, 1000.000000000000000 ) ;
#1453 = CARTESIAN_POINT ( 'NONE',  ( 4.250000000000000000, -2.449212707644755009E-16, 0.2500000000000000000 ) ) ;
#1454 = ORIENTED_EDGE ( 'NONE', *, *, #1218, .F. ) ;
#1455 = CARTESIAN_POINT ( 'NONE',  ( -5.899999999999999467, -1.918182427907084042, 0.000000000000000000 ) ) ;
#1456 = STYLED_ITEM ( 'NONE', ( #1790 ), #1114 ) ;
#1457 = EDGE_LOOP ( 'NONE', ( #476, #1197, #930, #1845, #205, #1615, #2338 ) ) ;
#1458 = STYLED_ITEM ( 'NONE', ( #2510 ), #2451 ) ;
#1459 = DIRECTION ( 'NONE',  ( -0.000000000000000000, -0.000000000000000000, -1.000000000000000000 ) ) ;
#1460 = MECHANICAL_DESIGN_GEOMETRIC_PRESENTATION_REPRESENTATION (  '', ( #2225 ), #111 ) ;
#1461 = EDGE_CURVE ( 'NONE', #2318, #1569, #129, .T. ) ;
#1462 = CARTESIAN_POINT ( 'NONE',  ( 1.749999999999999556, -6.123031769111892454E-17, 0.1500000000000000222 ) ) ;
#1463 = SURFACE_STYLE_FILL_AREA ( #294 ) ;
#1464 = ORIENTED_EDGE ( 'NONE', *, *, #1373, .T. ) ;
#1465 = DIRECTION ( 'NONE',  ( 0.000000000000000000, 0.000000000000000000, -1.000000000000000000 ) ) ;
#1466 = COLOUR_RGB ( '',0.9882352941176471006, 0.7372549019607843590, 0.5137254901960783826 ) ;
#1467 = FILL_AREA_STYLE ('',( #286 ) ) ;
#1468 = CARTESIAN_POINT ( 'NONE',  ( -0.2499999999999995282, -3.799999999999999822, 0.2500000000000000000 ) ) ;
#1469 = LINE ( 'NONE', #2252, #1717 ) ;
#1470 = ORIENTED_EDGE ( 'NONE', *, *, #1933, .F. ) ;
#1471 = ORIENTED_EDGE ( 'NONE', *, *, #1435, .T. ) ;
#1472 = FILL_AREA_STYLE ('',( #1692 ) ) ;
#1473 = DIRECTION ( 'NONE',  ( -1.000000000000000000, 0.000000000000000000, 0.000000000000000000 ) ) ;
#1474 = DIRECTION ( 'NONE',  ( -0.000000000000000000, -1.000000000000000000, -0.000000000000000000 ) ) ;
#1475 = VECTOR ( 'NONE', #2234, 1000.000000000000000 ) ;
#1476 = ORIENTED_EDGE ( 'NONE', *, *, #2483, .F. ) ;
#1477 = DIRECTION ( 'NONE',  ( 0.000000000000000000, -0.000000000000000000, 1.000000000000000000 ) ) ;
#1478 = FACE_OUTER_BOUND ( 'NONE', #1807, .T. ) ;
#1479 = FACE_OUTER_BOUND ( 'NONE', #1017, .T. ) ;
#1480 = ORIENTED_EDGE ( 'NONE', *, *, #1561, .F. ) ;
#1481 = LINE ( 'NONE', #1086, #742 ) ;
#1482 = DIRECTION ( 'NONE',  ( 1.000000000000000000, 0.000000000000000000, -0.000000000000000000 ) ) ;
#1483 = DIRECTION ( 'NONE',  ( -1.000000000000000000, -0.000000000000000000, -0.000000000000000000 ) ) ;
#1484 = PRESENTATION_LAYER_ASSIGNMENT (  '', '', ( #563 ) ) ;
#1485 = ORIENTED_EDGE ( 'NONE', *, *, #1779, .T. ) ;
#1486 =( NAMED_UNIT ( * ) SI_UNIT ( $, .STERADIAN. ) SOLID_ANGLE_UNIT ( ) );
#1487 = CARTESIAN_POINT ( 'NONE',  ( -5.899999999999999467, -2.500000000000000444, 0.1499999999999999112 ) ) ;
#1488 = EDGE_CURVE ( 'NONE', #307, #1799, #2439, .T. ) ;
#1489 = COLOUR_RGB ( '',0.2509803921568627416, 0.2509803921568627416, 0.2509803921568627416 ) ;
#1490 = VECTOR ( 'NONE', #1030, 1000.000000000000000 ) ;
#1491 = FACE_BOUND ( 'NONE', #496, .T. ) ;
#1492 = EDGE_CURVE ( 'NONE', #2052, #2407, #2247, .T. ) ;
#1493 = ORIENTED_EDGE ( 'NONE', *, *, #1753, .F. ) ;
#1494 = DIRECTION ( 'NONE',  ( 0.000000000000000000, -1.987703982890094881E-15, -1.000000000000000000 ) ) ;
#1495 = LINE ( 'NONE', #1724, #1021 ) ;
#1496 = ORIENTED_EDGE ( 'NONE', *, *, #538, .T. ) ;
#1497 = DIRECTION ( 'NONE',  ( 0.000000000000000000, 0.000000000000000000, -1.000000000000000000 ) ) ;
#1498 = CARTESIAN_POINT ( 'NONE',  ( 0.9999999999999995559, 1.599999999999997646, 2.049999999999999822 ) ) ;
#1499 = VERTEX_POINT ( 'NONE', #1118 ) ;
#1500 = CARTESIAN_POINT ( 'NONE',  ( 2.000000000000000000, 3.599999999999998757, 6.149999999999999467 ) ) ;
#1501 = ORIENTED_EDGE ( 'NONE', *, *, #1421, .T. ) ;
#1502 = COLOUR_RGB ( '',0.9882352941176471006, 0.7372549019607843590, 0.5137254901960783826 ) ;
#1503 = AXIS2_PLACEMENT_3D ( 'NONE', #591, #10, #194 ) ;
#1504 = PRESENTATION_LAYER_ASSIGNMENT (  '', '', ( #59 ) ) ;
#1505 = DIRECTION ( 'NONE',  ( -1.141265444721583511E-16, 1.000000000000000000, 0.000000000000000000 ) ) ;
#1506 = DIRECTION ( 'NONE',  ( -0.000000000000000000, 0.000000000000000000, 1.000000000000000000 ) ) ;
#1507 = VERTEX_POINT ( 'NONE', #2405 ) ;
#1508 = FILL_AREA_STYLE_COLOUR ( '', #2412 ) ;
#1509 = CARTESIAN_POINT ( 'NONE',  ( -6.299999999999999822, -1.918182427907084042, 0.6008424811846245772 ) ) ;
#1510 = PLANE ( 'NONE',  #1743 ) ;
#1511 = PRESENTATION_LAYER_ASSIGNMENT (  '', '', ( #585 ) ) ;
#1512 = COLOUR_RGB ( '',0.9882352941176471006, 0.7372549019607843590, 0.5137254901960783826 ) ;
#1513 = SURFACE_SIDE_STYLE ('',( #2267 ) ) ;
#1514 =( GEOMETRIC_REPRESENTATION_CONTEXT ( 3 ) GLOBAL_UNCERTAINTY_ASSIGNED_CONTEXT ( ( #1392 ) ) GLOBAL_UNIT_ASSIGNED_CONTEXT ( ( #1680, #132, #526 ) ) REPRESENTATION_CONTEXT ( 'NONE', 'WORKASPACE' ) );
#1515 = EDGE_CURVE ( 'NONE', #35, #2163, #2422, .T. ) ;
#1516 = DIRECTION ( 'NONE',  ( 0.000000000000000000, 0.000000000000000000, 1.000000000000000000 ) ) ;
#1517 = EDGE_LOOP ( 'NONE', ( #242, #767, #1364, #324 ) ) ;
#1518 = FILL_AREA_STYLE ('',( #1508 ) ) ;
#1519 = SURFACE_SIDE_STYLE ('',( #151 ) ) ;
#1520 = FACE_OUTER_BOUND ( 'NONE', #1457, .T. ) ;
#1521 = MECHANICAL_DESIGN_GEOMETRIC_PRESENTATION_REPRESENTATION (  '', ( #2404 ), #85 ) ;
#1522 = APPLICATION_PROTOCOL_DEFINITION ( 'draft international standard', 'automotive_design', 1998, #1533 ) ;
#1523 = DIRECTION ( 'NONE',  ( 1.000000000000000000, 0.000000000000000000, 0.000000000000000000 ) ) ;
#1524 = DIRECTION ( 'NONE',  ( 1.000000000000000000, 0.000000000000000000, 0.000000000000000000 ) ) ;
#1525 = EDGE_CURVE ( 'NONE', #1832, #1859, #879, .T. ) ;
#1526 = CARTESIAN_POINT ( 'NONE',  ( 6.299999999999999822, 4.699999999999999289, 2.149999999999999023 ) ) ;
#1527 = SURFACE_STYLE_USAGE ( .BOTH. , #178 ) ;
#1528 = VECTOR ( 'NONE', #43, 1000.000000000000000 ) ;
#1529 = SURFACE_STYLE_FILL_AREA ( #1110 ) ;
#1530 = ORIENTED_EDGE ( 'NONE', *, *, #1333, .F. ) ;
#1531 = FILL_AREA_STYLE ('',( #2311 ) ) ;
#1532 = DIRECTION ( 'NONE',  ( 0.000000000000000000, 0.000000000000000000, -1.000000000000000000 ) ) ;
#1533 = APPLICATION_CONTEXT ( 'automotive_design' ) ;
#1534 = COLOUR_RGB ( '',0.2509803921568627416, 0.2509803921568627416, 0.2509803921568627416 ) ;
#1535 = LINE ( 'NONE', #565, #1052 ) ;
#1536 = FILL_AREA_STYLE_COLOUR ( '', #1579 ) ;
#1537 = CARTESIAN_POINT ( 'NONE',  ( 5.899999999999999467, -1.886375397299121515, -0.5999999999999999778 ) ) ;
#1538 = ORIENTED_EDGE ( 'NONE', *, *, #1877, .T. ) ;
#1539 = CARTESIAN_POINT ( 'NONE',  ( -3.100000000000000533, 1.549999999999998046, 2.049999999999999378 ) ) ;
#1540 = MECHANICAL_DESIGN_GEOMETRIC_PRESENTATION_REPRESENTATION (  '', ( #1369 ), #1136 ) ;
#1541 = PRESENTATION_LAYER_ASSIGNMENT (  '', '', ( #1409 ) ) ;
#1542 = VERTEX_POINT ( 'NONE', #683 ) ;
#1543 = CARTESIAN_POINT ( 'NONE',  ( -5.899999999999999467, -2.500000000000000444, -0.1500000000000005496 ) ) ;
#1544 = COLOUR_RGB ( '',0.2509803921568627416, 0.2509803921568627416, 0.2509803921568627416 ) ;
#1545 = DIRECTION ( 'NONE',  ( 1.000000000000000000, 0.000000000000000000, 0.000000000000000000 ) ) ;
#1546 = FILL_AREA_STYLE ('',( #1397 ) ) ;
#1547 = PLANE ( 'NONE',  #1335 ) ;
#1548 =( NAMED_UNIT ( * ) PLANE_ANGLE_UNIT ( ) SI_UNIT ( $, .RADIAN. ) );
#1549 = EDGE_CURVE ( 'NONE', #1380, #2514, #2102, .T. ) ;
#1550 = ORIENTED_EDGE ( 'NONE', *, *, #1515, .F. ) ;
#1551 = DIRECTION ( 'NONE',  ( 1.000000000000000000, 0.000000000000000000, -0.000000000000000000 ) ) ;
#1552 =( NAMED_UNIT ( * ) SI_UNIT ( $, .STERADIAN. ) SOLID_ANGLE_UNIT ( ) );
#1553 = VERTEX_POINT ( 'NONE', #2476 ) ;
#1554 = FILL_AREA_STYLE ('',( #387 ) ) ;
#1555 = ADVANCED_FACE ( 'NONE', ( #720 ), #942, .T. ) ;
#1556 = VERTEX_POINT ( 'NONE', #536 ) ;
#1557 = VECTOR ( 'NONE', #672, 999.9999999999998863 ) ;
#1558 = VECTOR ( 'NONE', #949, 1000.000000000000000 ) ;
#1559 = DIRECTION ( 'NONE',  ( 0.000000000000000000, 0.000000000000000000, 1.000000000000000000 ) ) ;
#1560 = VECTOR ( 'NONE', #1474, 1000.000000000000000 ) ;
#1561 = EDGE_CURVE ( 'NONE', #2147, #1103, #1719, .T. ) ;
#1562 = LINE ( 'NONE', #181, #1334 ) ;
#1563 = LINE ( 'NONE', #2152, #791 ) ;
#1564 = ORIENTED_EDGE ( 'NONE', *, *, #2039, .F. ) ;
#1565 = LINE ( 'NONE', #1374, #1173 ) ;
#1566 = DIRECTION ( 'NONE',  ( 1.000000000000000000, -0.000000000000000000, 0.000000000000000000 ) ) ;
#1567 = DIRECTION ( 'NONE',  ( -1.000000000000000000, -0.000000000000000000, 0.000000000000000000 ) ) ;
#1568 = DIRECTION ( 'NONE',  ( 0.000000000000000000, 1.845450506358306065E-16, -1.000000000000000000 ) ) ;
#1569 = VERTEX_POINT ( 'NONE', #359 ) ;
#1570 = VECTOR ( 'NONE', #2179, 1000.000000000000000 ) ;
#1571 =( NAMED_UNIT ( * ) PLANE_ANGLE_UNIT ( ) SI_UNIT ( $, .RADIAN. ) );
#1572 =( GEOMETRIC_REPRESENTATION_CONTEXT ( 3 ) GLOBAL_UNCERTAINTY_ASSIGNED_CONTEXT ( ( #1016 ) ) GLOBAL_UNIT_ASSIGNED_CONTEXT ( ( #2143, #347, #933 ) ) REPRESENTATION_CONTEXT ( 'NONE', 'WORKASPACE' ) );
#1573 = LINE ( 'NONE', #772, #1389 ) ;
#1574 = UNCERTAINTY_MEASURE_WITH_UNIT (LENGTH_MEASURE( 1.000000000000000082E-05 ), #2375, 'distance_accuracy_value', 'NONE');
#1575 = AXIS2_PLACEMENT_3D ( 'NONE', #2326, #807, #1189 ) ;
#1576 = ADVANCED_FACE ( 'NONE', ( #1920 ), #1069, .T. ) ;
#1577 = CARTESIAN_POINT ( 'NONE',  ( 5.899999999999999467, 5.709069195998848967E-17, 0.5000000000000003331 ) ) ;
#1578 = ORIENTED_EDGE ( 'NONE', *, *, #696, .F. ) ;
#1579 = COLOUR_RGB ( '',0.9882352941176471006, 0.7372549019607843590, 0.5137254901960783826 ) ;
#1580 =( GEOMETRIC_REPRESENTATION_CONTEXT ( 3 ) GLOBAL_UNCERTAINTY_ASSIGNED_CONTEXT ( ( #1973 ) ) GLOBAL_UNIT_ASSIGNED_CONTEXT ( ( #2084, #117, #894 ) ) REPRESENTATION_CONTEXT ( 'NONE', 'WORKASPACE' ) );
#1581 = VERTEX_POINT ( 'NONE', #1847 ) ;
#1582 = FILL_AREA_STYLE ('',( #797 ) ) ;
#1583 = LINE ( 'NONE', #2312, #1637 ) ;
#1584 = EDGE_CURVE ( 'NONE', #420, #2165, #515, .T. ) ;
#1585 = ORIENTED_EDGE ( 'NONE', *, *, #2524, .F. ) ;
#1586 = EDGE_CURVE ( 'NONE', #1581, #263, #2467, .T. ) ;
#1587 = COLOUR_RGB ( '',0.2509803921568627416, 0.2509803921568627416, 0.2509803921568627416 ) ;
#1588 = FACE_OUTER_BOUND ( 'NONE', #277, .T. ) ;
#1589 = VERTEX_POINT ( 'NONE', #1109 ) ;
#1590 = FILL_AREA_STYLE ('',( #805 ) ) ;
#1591 = ADVANCED_FACE ( 'NONE', ( #1279 ), #284, .F. ) ;
#1592 = CARTESIAN_POINT ( 'NONE',  ( 4.250000000000000000, -2.449212707644755009E-16, -0.1500000000000000222 ) ) ;
#1593 = DIRECTION ( 'NONE',  ( 1.000000000000000000, 0.000000000000000000, 0.000000000000000000 ) ) ;
#1594 = ORIENTED_EDGE ( 'NONE', *, *, #32, .F. ) ;
#1595 = MECHANICAL_DESIGN_GEOMETRIC_PRESENTATION_REPRESENTATION (  '', ( #1287 ), #2127 ) ;
#1596 = AXIS2_PLACEMENT_3D ( 'NONE', #1044, #1989, #1828 ) ;
#1597 = DIRECTION ( 'NONE',  ( 0.000000000000000000, 0.000000000000000000, -1.000000000000000000 ) ) ;
#1598 = UNCERTAINTY_MEASURE_WITH_UNIT (LENGTH_MEASURE( 1.000000000000000082E-05 ), #537, 'distance_accuracy_value', 'NONE');
#1599 = EDGE_LOOP ( 'NONE', ( #935, #1976, #282, #1006 ) ) ;
#1600 = DIRECTION ( 'NONE',  ( 0.000000000000000000, 0.000000000000000000, -1.000000000000000000 ) ) ;
#1601 = VERTEX_POINT ( 'NONE', #1308 ) ;
#1602 = CARTESIAN_POINT ( 'NONE',  ( -6.299999999999999822, 0.000000000000000000, -2.150000000000000799 ) ) ;
#1603 = LINE ( 'NONE', #2388, #1898 ) ;
#1604 = CARTESIAN_POINT ( 'NONE',  ( 5.899999999999999467, -1.918182427907084042, 0.000000000000000000 ) ) ;
#1605 =( GEOMETRIC_REPRESENTATION_CONTEXT ( 3 ) GLOBAL_UNCERTAINTY_ASSIGNED_CONTEXT ( ( #592 ) ) GLOBAL_UNIT_ASSIGNED_CONTEXT ( ( #611, #856, #1801 ) ) REPRESENTATION_CONTEXT ( 'NONE', 'WORKASPACE' ) );
#1606 = EDGE_CURVE ( 'NONE', #1127, #862, #870, .T. ) ;
#1607 = UNCERTAINTY_MEASURE_WITH_UNIT (LENGTH_MEASURE( 1.000000000000000082E-05 ), #2081, 'distance_accuracy_value', 'NONE');
#1608 = ORIENTED_EDGE ( 'NONE', *, *, #1825, .F. ) ;
#1609 = CARTESIAN_POINT ( 'NONE',  ( -3.749999999999999112, -3.800000000000000711, 0.1500000000000000222 ) ) ;
#1610 = PRESENTATION_LAYER_ASSIGNMENT (  '', '', ( #828 ) ) ;
#1611 = UNCERTAINTY_MEASURE_WITH_UNIT (LENGTH_MEASURE( 1.000000000000000082E-05 ), #1151, 'distance_accuracy_value', 'NONE');
#1612 = DIRECTION ( 'NONE',  ( 1.000000000000000000, 0.000000000000000000, -0.000000000000000000 ) ) ;
#1613 = STYLED_ITEM ( 'NONE', ( #1156 ), #2434 ) ;
#1614 = LINE ( 'NONE', #1453, #677 ) ;
#1615 = ORIENTED_EDGE ( 'NONE', *, *, #1586, .T. ) ;
#1616 =( GEOMETRIC_REPRESENTATION_CONTEXT ( 3 ) GLOBAL_UNCERTAINTY_ASSIGNED_CONTEXT ( ( #441 ) ) GLOBAL_UNIT_ASSIGNED_CONTEXT ( ( #1722, #1913, #1201 ) ) REPRESENTATION_CONTEXT ( 'NONE', 'WORKASPACE' ) );
#1617 = VERTEX_POINT ( 'NONE', #2238 ) ;
#1618 = LINE ( 'NONE', #1061, #1370 ) ;
#1619 = SURFACE_SIDE_STYLE ('',( #792 ) ) ;
#1620 = SURFACE_STYLE_USAGE ( .BOTH. , #665 ) ;
#1621 = AXIS2_PLACEMENT_3D ( 'NONE', #926, #1295, #1482 ) ;
#1622 = CIRCLE ( 'NONE', #2277, 0.6008424811846245772 ) ;
#1623 = SURFACE_STYLE_USAGE ( .BOTH. , #836 ) ;
#1624 = ADVANCED_FACE ( 'NONE', ( #855 ), #1873, .T. ) ;
#1625 = ORIENTED_EDGE ( 'NONE', *, *, #916, .F. ) ;
#1626 = DIRECTION ( 'NONE',  ( 0.000000000000000000, -0.000000000000000000, 1.000000000000000000 ) ) ;
#1627 = CARTESIAN_POINT ( 'NONE',  ( 4.250000000000000000, 0.000000000000000000, -0.1500000000000000222 ) ) ;
#1628 = DIRECTION ( 'NONE',  ( 1.000000000000000000, 0.000000000000000000, -0.000000000000000000 ) ) ;
#1629 = CARTESIAN_POINT ( 'NONE',  ( -3.100000000000000533, 3.649999999999998135, 2.049999999999999378 ) ) ;
#1630 = EDGE_LOOP ( 'NONE', ( #1796, #2202, #1501, #1822 ) ) ;
#1631 = AXIS2_PLACEMENT_3D ( 'NONE', #1327, #2120, #1135 ) ;
#1632 = ORIENTED_EDGE ( 'NONE', *, *, #801, .F. ) ;
#1633 = DIRECTION ( 'NONE',  ( 0.000000000000000000, -0.000000000000000000, -1.000000000000000000 ) ) ;
#1634 = CARTESIAN_POINT ( 'NONE',  ( -3.100000000000000533, 1.549999999999998046, 2.049999999999999378 ) ) ;
#1635 = SURFACE_STYLE_FILL_AREA ( #439 ) ;
#1636 =( NAMED_UNIT ( * ) SI_UNIT ( $, .STERADIAN. ) SOLID_ANGLE_UNIT ( ) );
#1637 = VECTOR ( 'NONE', #1352, 1000.000000000000000 ) ;
#1638 = ORIENTED_EDGE ( 'NONE', *, *, #682, .T. ) ;
#1639 = FILL_AREA_STYLE ('',( #2410 ) ) ;
#1640 = LINE ( 'NONE', #1971, #187 ) ;
#1641 = SURFACE_STYLE_USAGE ( .BOTH. , #857 ) ;
#1642 = VERTEX_POINT ( 'NONE', #1734 ) ;
#1643 = LINE ( 'NONE', #1247, #90 ) ;
#1644 = EDGE_CURVE ( 'NONE', #2165, #826, #2491, .T. ) ;
#1645 = FILL_AREA_STYLE_COLOUR ( '', #1544 ) ;
#1646 = ORIENTED_EDGE ( 'NONE', *, *, #166, .T. ) ;
#1647 = CARTESIAN_POINT ( 'NONE',  ( 6.299999999999999822, 0.000000000000000000, 2.149999999999999023 ) ) ;
#1648 = ORIENTED_EDGE ( 'NONE', *, *, #124, .F. ) ;
#1649 = CARTESIAN_POINT ( 'NONE',  ( 6.299999999999999822, -1.918182427907084042, 0.000000000000000000 ) ) ;
#1650 = DIRECTION ( 'NONE',  ( -0.000000000000000000, -0.000000000000000000, -1.000000000000000000 ) ) ;
#1651 =( LENGTH_UNIT ( ) NAMED_UNIT ( * ) SI_UNIT ( .MILLI., .METRE. ) );
#1652 = ORIENTED_EDGE ( 'NONE', *, *, #1948, .T. ) ;
#1653 = LINE ( 'NONE', #1230, #1301 ) ;
#1654 = CARTESIAN_POINT ( 'NONE',  ( 0.9999999999999997780, 1.599999999999997646, 6.149999999999999467 ) ) ;
#1655 =( NAMED_UNIT ( * ) SI_UNIT ( $, .STERADIAN. ) SOLID_ANGLE_UNIT ( ) );
#1656 = DIRECTION ( 'NONE',  ( 1.000000000000000000, -0.000000000000000000, 0.000000000000000000 ) ) ;
#1657 = CARTESIAN_POINT ( 'NONE',  ( 0.2500000000000000000, 2.784065567736996643E-32, -0.1500000000000000222 ) ) ;
#1658 = DIRECTION ( 'NONE',  ( 0.000000000000000000, 1.000000000000000000, 0.000000000000000000 ) ) ;
#1659 = PRESENTATION_LAYER_ASSIGNMENT (  '', '', ( #784 ) ) ;
#1660 = ORIENTED_EDGE ( 'NONE', *, *, #2121, .F. ) ;
#1661 = VECTOR ( 'NONE', #1567, 1000.000000000000000 ) ;
#1662 = ORIENTED_EDGE ( 'NONE', *, *, #1996, .F. ) ;
#1663 = PRESENTATION_LAYER_ASSIGNMENT (  '', '', ( #1458 ) ) ;
#1664 = CARTESIAN_POINT ( 'NONE',  ( 1.749999999999999556, -3.800000000000000711, -0.1500000000000000222 ) ) ;
#1665 = CARTESIAN_POINT ( 'NONE',  ( 2.250000000000000888, -3.800000000000000711, 0.2500000000000000000 ) ) ;
#1666 =( GEOMETRIC_REPRESENTATION_CONTEXT ( 3 ) GLOBAL_UNCERTAINTY_ASSIGNED_CONTEXT ( ( #982 ) ) GLOBAL_UNIT_ASSIGNED_CONTEXT ( ( #144, #1709, #2293 ) ) REPRESENTATION_CONTEXT ( 'NONE', 'WORKASPACE' ) );
#1667 = PRESENTATION_STYLE_ASSIGNMENT (( #103 ) ) ;
#1668 = FACE_OUTER_BOUND ( 'NONE', #2507, .T. ) ;
#1669 = VERTEX_POINT ( 'NONE', #1337 ) ;
#1670 = VECTOR ( 'NONE', #1219, 1000.000000000000000 ) ;
#1671 = DIRECTION ( 'NONE',  ( 0.000000000000000000, 0.000000000000000000, 1.000000000000000000 ) ) ;
#1672 = STYLED_ITEM ( 'NONE', ( #1667 ), #2289 ) ;
#1673 = ORIENTED_EDGE ( 'NONE', *, *, #2308, .F. ) ;
#1674 = PLANE ( 'NONE',  #2050 ) ;
#1675 = ADVANCED_FACE ( 'NONE', ( #179 ), #1188, .F. ) ;
#1676 = SURFACE_STYLE_FILL_AREA ( #888 ) ;
#1677 = VERTEX_POINT ( 'NONE', #27 ) ;
#1678 = ADVANCED_FACE ( 'NONE', ( #2158 ), #1967, .T. ) ;
#1679 = STYLED_ITEM ( 'NONE', ( #517 ), #21 ) ;
#1680 =( LENGTH_UNIT ( ) NAMED_UNIT ( * ) SI_UNIT ( .MILLI., .METRE. ) );
#1681 = VECTOR ( 'NONE', #1650, 1000.000000000000000 ) ;
#1682 = EDGE_LOOP ( 'NONE', ( #416, #1470, #167, #2382 ) ) ;
#1683 = SURFACE_SIDE_STYLE ('',( #897 ) ) ;
#1684 = FILL_AREA_STYLE_COLOUR ( '', #1087 ) ;
#1685 = CARTESIAN_POINT ( 'NONE',  ( 6.299999999999999822, -2.800000000000000266, 2.149999999999999911 ) ) ;
#1686 = EDGE_LOOP ( 'NONE', ( #1396, #1980, #1648, #1418 ) ) ;
#1687 = CARTESIAN_POINT ( 'NONE',  ( 4.250000000000000000, -2.449212707644755009E-16, 0.1500000000000000222 ) ) ;
#1688 = DIRECTION ( 'NONE',  ( -1.000000000000000000, -2.282530889443167515E-16, 0.000000000000000000 ) ) ;
#1689 =( NAMED_UNIT ( * ) SI_UNIT ( $, .STERADIAN. ) SOLID_ANGLE_UNIT ( ) );
#1690 = AXIS2_PLACEMENT_3D ( 'NONE', #528, #739, #1701 ) ;
#1691 = ORIENTED_EDGE ( 'NONE', *, *, #892, .T. ) ;
#1692 = FILL_AREA_STYLE_COLOUR ( '', #2110 ) ;
#1693 =( NAMED_UNIT ( * ) PLANE_ANGLE_UNIT ( ) SI_UNIT ( $, .RADIAN. ) );
#1694 = VECTOR ( 'NONE', #136, 1000.000000000000000 ) ;
#1695 = CARTESIAN_POINT ( 'NONE',  ( -6.299999999999999822, -1.918182427907084042, 0.000000000000000000 ) ) ;
#1696 = VERTEX_POINT ( 'NONE', #1255 ) ;
#1697 = PRESENTATION_LAYER_ASSIGNMENT (  '', '', ( #1733 ) ) ;
#1698 = SURFACE_STYLE_FILL_AREA ( #346 ) ;
#1699 = EDGE_CURVE ( 'NONE', #237, #368, #291, .T. ) ;
#1700 = SURFACE_STYLE_FILL_AREA ( #1265 ) ;
#1701 = DIRECTION ( 'NONE',  ( 0.000000000000000000, 0.000000000000000000, -1.000000000000000000 ) ) ;
#1702 = ORIENTED_EDGE ( 'NONE', *, *, #946, .T. ) ;
#1703 = LINE ( 'NONE', #542, #2324 ) ;
#1704 = SURFACE_STYLE_USAGE ( .BOTH. , #914 ) ;
#1705 = DIRECTION ( 'NONE',  ( 1.000000000000000000, 0.000000000000000000, 0.000000000000000000 ) ) ;
#1706 = CARTESIAN_POINT ( 'NONE',  ( 2.250000000000000888, -3.800000000000000711, -0.1500000000000000222 ) ) ;
#1707 = PRESENTATION_LAYER_ASSIGNMENT (  '', '', ( #2137 ) ) ;
#1708 = VECTOR ( 'NONE', #322, 1000.000000000000000 ) ;
#1709 =( NAMED_UNIT ( * ) PLANE_ANGLE_UNIT ( ) SI_UNIT ( $, .RADIAN. ) );
#1710 = AXIS2_PLACEMENT_3D ( 'NONE', #733, #1523, #1893 ) ;
#1711 =( NAMED_UNIT ( * ) PLANE_ANGLE_UNIT ( ) SI_UNIT ( $, .RADIAN. ) );
#1712 = EDGE_CURVE ( 'NONE', #1116, #609, #1093, .T. ) ;
#1713 = CARTESIAN_POINT ( 'NONE',  ( -5.899999999999999467, -1.918182427907084042, 0.000000000000000000 ) ) ;
#1714 = VERTEX_POINT ( 'NONE', #1602 ) ;
#1715 = LINE ( 'NONE', #1543, #774 ) ;
#1716 = FILL_AREA_STYLE_COLOUR ( '', #1179 ) ;
#1717 = VECTOR ( 'NONE', #2098, 1000.000000000000000 ) ;
#1718 = CYLINDRICAL_SURFACE ( 'NONE', #1710, 0.6008424811846246882 ) ;
#1719 = LINE ( 'NONE', #746, #1353 ) ;
#1720 = FILL_AREA_STYLE ('',( #2291 ) ) ;
#1721 = CARTESIAN_POINT ( 'NONE',  ( 5.899999999999999467, -2.500000000000000444, 0.1500000000000000500 ) ) ;
#1722 =( LENGTH_UNIT ( ) NAMED_UNIT ( * ) SI_UNIT ( .MILLI., .METRE. ) );
#1723 = VECTOR ( 'NONE', #2387, 1000.000000000000000 ) ;
#1724 = CARTESIAN_POINT ( 'NONE',  ( 5.899999999999999467, -2.500000000000000444, 0.1500000000000001332 ) ) ;
#1725 = ORIENTED_EDGE ( 'NONE', *, *, #2124, .F. ) ;
#1726 = DIRECTION ( 'NONE',  ( 1.000000000000000000, 0.000000000000000000, -0.000000000000000000 ) ) ;
#1727 = CARTESIAN_POINT ( 'NONE',  ( -0.2500000000000001665, 6.960163919342491607E-33, 0.1500000000000000222 ) ) ;
#1728 = CARTESIAN_POINT ( 'NONE',  ( 5.899999999999999467, -1.886375397299121515, -0.5999999999999999778 ) ) ;
#1729 = EDGE_CURVE ( 'NONE', #1127, #1859, #816, .T. ) ;
#1730 = FILL_AREA_STYLE ('',( #941 ) ) ;
#1731 = DIRECTION ( 'NONE',  ( 0.000000000000000000, 0.000000000000000000, -1.000000000000000000 ) ) ;
#1732 = CARTESIAN_POINT ( 'NONE',  ( 1.749999999999999556, 0.000000000000000000, -0.1500000000000000222 ) ) ;
#1733 = STYLED_ITEM ( 'NONE', ( #2406 ), #829 ) ;
#1734 = CARTESIAN_POINT ( 'NONE',  ( -6.299999999999999822, -2.800000000000000266, -0.1500000000000002442 ) ) ;
#1735 = ORIENTED_EDGE ( 'NONE', *, *, #310, .T. ) ;
#1736 = FACE_OUTER_BOUND ( 'NONE', #1773, .T. ) ;
#1737 = PRESENTATION_STYLE_ASSIGNMENT (( #1954 ) ) ;
#1738 = COLOUR_RGB ( '',0.2509803921568627416, 0.2509803921568627416, 0.2509803921568627416 ) ;
#1739 = EDGE_CURVE ( 'NONE', #449, #1677, #451, .T. ) ;
#1740 = SURFACE_SIDE_STYLE ('',( #2519 ) ) ;
#1741 = LINE ( 'NONE', #2307, #456 ) ;
#1742 =( GEOMETRIC_REPRESENTATION_CONTEXT ( 3 ) GLOBAL_UNCERTAINTY_ASSIGNED_CONTEXT ( ( #1598 ) ) GLOBAL_UNIT_ASSIGNED_CONTEXT ( ( #537, #2477, #524 ) ) REPRESENTATION_CONTEXT ( 'NONE', 'WORKASPACE' ) );
#1743 = AXIS2_PLACEMENT_3D ( 'NONE', #1153, #1331, #2099 ) ;
#1744 = AXIS2_PLACEMENT_3D ( 'NONE', #650, #2198, #1633 ) ;
#1745 = ORIENTED_EDGE ( 'NONE', *, *, #1960, .F. ) ;
#1746 = DIRECTION ( 'NONE',  ( -0.000000000000000000, -0.000000000000000000, -1.000000000000000000 ) ) ;
#1747 = CARTESIAN_POINT ( 'NONE',  ( -3.100000000000000533, 3.649999999999998135, 2.049999999999999378 ) ) ;
#1748 = EDGE_CURVE ( 'NONE', #1838, #372, #2421, .T. ) ;
#1749 = STYLED_ITEM ( 'NONE', ( #1322 ), #2186 ) ;
#1750 = DIRECTION ( 'NONE',  ( 0.000000000000000000, 0.000000000000000000, -1.000000000000000000 ) ) ;
#1751 =( NAMED_UNIT ( * ) PLANE_ANGLE_UNIT ( ) SI_UNIT ( $, .RADIAN. ) );
#1752 = ORIENTED_EDGE ( 'NONE', *, *, #892, .F. ) ;
#1753 = EDGE_CURVE ( 'NONE', #826, #2122, #1618, .T. ) ;
#1754 = PRESENTATION_LAYER_ASSIGNMENT (  '', '', ( #1424 ) ) ;
#1755 = SURFACE_SIDE_STYLE ('',( #752 ) ) ;
#1756 = CARTESIAN_POINT ( 'NONE',  ( -6.299999999999999822, -1.918182427907084042, 0.000000000000000000 ) ) ;
#1757 =( GEOMETRIC_REPRESENTATION_CONTEXT ( 3 ) GLOBAL_UNCERTAINTY_ASSIGNED_CONTEXT ( ( #803 ) ) GLOBAL_UNIT_ASSIGNED_CONTEXT ( ( #2223, #2414, #1111 ) ) REPRESENTATION_CONTEXT ( 'NONE', 'WORKASPACE' ) );
#1758 = ORIENTED_EDGE ( 'NONE', *, *, #608, .F. ) ;
#1759 = MECHANICAL_DESIGN_GEOMETRIC_PRESENTATION_REPRESENTATION (  '', ( #1430 ), #1605 ) ;
#1760 = SURFACE_SIDE_STYLE ('',( #2155 ) ) ;
#1761 = FACE_OUTER_BOUND ( 'NONE', #838, .T. ) ;
#1762 = DIRECTION ( 'NONE',  ( -0.000000000000000000, 0.05293738642655766019, 0.9985978335237490899 ) ) ;
#1763 = VERTEX_POINT ( 'NONE', #1210 ) ;
#1764 = EDGE_CURVE ( 'NONE', #2027, #2049, #280, .T. ) ;
#1765 = SURFACE_STYLE_USAGE ( .BOTH. , #1182 ) ;
#1766 = CYLINDRICAL_SURFACE ( 'NONE', #2440, 0.6008424811846245772 ) ;
#1767 = VERTEX_POINT ( 'NONE', #1240 ) ;
#1768 = FILL_AREA_STYLE_COLOUR ( '', #2014 ) ;
#1769 = CARTESIAN_POINT ( 'NONE',  ( -6.299999999999999822, 4.699999999999999289, 2.149999999999999911 ) ) ;
#1770 = CARTESIAN_POINT ( 'NONE',  ( 0.9999999999999997780, 1.599999999999997646, 6.149999999999999467 ) ) ;
#1771 = AXIS2_PLACEMENT_3D ( 'NONE', #2045, #1036, #299 ) ;
#1772 = ADVANCED_FACE ( 'NONE', ( #1839 ), #473, .F. ) ;
#1773 = EDGE_LOOP ( 'NONE', ( #1902, #1966, #180, #1861, #24, #97, #2085, #691, #1854 ) ) ;
#1774 = VECTOR ( 'NONE', #2244, 1000.000000000000000 ) ;
#1775 = PLANE ( 'NONE',  #268 ) ;
#1776 = EDGE_CURVE ( 'NONE', #1569, #215, #1272, .T. ) ;
#1777 = UNCERTAINTY_MEASURE_WITH_UNIT (LENGTH_MEASURE( 1.000000000000000082E-05 ), #2074, 'distance_accuracy_value', 'NONE');
#1778 = VECTOR ( 'NONE', #399, 1000.000000000000000 ) ;
#1779 = EDGE_CURVE ( 'NONE', #148, #81, #436, .T. ) ;
#1780 = FILL_AREA_STYLE ('',( #1645 ) ) ;
#1781 = ORIENTED_EDGE ( 'NONE', *, *, #310, .F. ) ;
#1782 =( NAMED_UNIT ( * ) SI_UNIT ( $, .STERADIAN. ) SOLID_ANGLE_UNIT ( ) );
#1783 = UNCERTAINTY_MEASURE_WITH_UNIT (LENGTH_MEASURE( 1.000000000000000082E-05 ), #2031, 'distance_accuracy_value', 'NONE');
#1784 = VECTOR ( 'NONE', #2417, 1000.000000000000000 ) ;
#1785 = VERTEX_POINT ( 'NONE', #99 ) ;
#1786 = DIRECTION ( 'NONE',  ( 1.000000000000000000, 1.283923625311781450E-16, -0.000000000000000000 ) ) ;
#1787 = CARTESIAN_POINT ( 'NONE',  ( 3.100000000000000533, 1.549999999999998046, 2.049999999999999378 ) ) ;
#1788 = VECTOR ( 'NONE', #293, 1000.000000000000000 ) ;
#1789 = ORIENTED_EDGE ( 'NONE', *, *, #1149, .F. ) ;
#1790 = PRESENTATION_STYLE_ASSIGNMENT (( #2148 ) ) ;
#1791 = DIRECTION ( 'NONE',  ( -1.000000000000000000, 0.000000000000000000, 0.000000000000000000 ) ) ;
#1792 = ADVANCED_FACE ( 'NONE', ( #84 ), #863, .F. ) ;
#1793 = CARTESIAN_POINT ( 'NONE',  ( -4.249999999999998224, -3.800000000000000711, -0.1500000000000000222 ) ) ;
#1794 = ORIENTED_EDGE ( 'NONE', *, *, #2094, .F. ) ;
#1795 = VECTOR ( 'NONE', #1841, 1000.000000000000000 ) ;
#1796 = ORIENTED_EDGE ( 'NONE', *, *, #1958, .T. ) ;
#1797 = LINE ( 'NONE', #37, #1840 ) ;
#1798 = CARTESIAN_POINT ( 'NONE',  ( 4.250000000000000000, -6.123031769111887524E-17, -0.1500000000000001332 ) ) ;
#1799 = VERTEX_POINT ( 'NONE', #1324 ) ;
#1800 = SURFACE_STYLE_USAGE ( .BOTH. , #1755 ) ;
#1801 =( NAMED_UNIT ( * ) SI_UNIT ( $, .STERADIAN. ) SOLID_ANGLE_UNIT ( ) );
#1802 = COLOUR_RGB ( '',0.9882352941176471006, 0.7372549019607843590, 0.5137254901960783826 ) ;
#1803 = VECTOR ( 'NONE', #104, 1000.000000000000000 ) ;
#1804 = CARTESIAN_POINT ( 'NONE',  ( -4.249999999999999112, -3.800000000000000711, -0.1500000000000000222 ) ) ;
#1805 = UNCERTAINTY_MEASURE_WITH_UNIT (LENGTH_MEASURE( 1.000000000000000082E-05 ), #2348, 'distance_accuracy_value', 'NONE');
#1806 = ORIENTED_EDGE ( 'NONE', *, *, #2124, .T. ) ;
#1807 = EDGE_LOOP ( 'NONE', ( #1984, #2495, #44, #1662, #2217, #740, #2178, #1660, #1725, #1594, #2273, #1652, #1283 ) ) ;
#1808 =( LENGTH_UNIT ( ) NAMED_UNIT ( * ) SI_UNIT ( .MILLI., .METRE. ) );
#1809 = EDGE_CURVE ( 'NONE', #425, #2514, #1089, .T. ) ;
#1810 = CARTESIAN_POINT ( 'NONE',  ( 6.299999999999999822, 0.000000000000000000, -2.150000000000000799 ) ) ;
#1811 =( NAMED_UNIT ( * ) SI_UNIT ( $, .STERADIAN. ) SOLID_ANGLE_UNIT ( ) );
#1812 = UNCERTAINTY_MEASURE_WITH_UNIT (LENGTH_MEASURE( 1.000000000000000082E-05 ), #532, 'distance_accuracy_value', 'NONE');
#1813 = FILL_AREA_STYLE ('',( #1032 ) ) ;
#1814 = ORIENTED_EDGE ( 'NONE', *, *, #2483, .T. ) ;
#1815 = CARTESIAN_POINT ( 'NONE',  ( 6.299999999999999822, -1.918182427907084042, -0.6008424811846246882 ) ) ;
#1816 = SURFACE_STYLE_USAGE ( .BOTH. , #245 ) ;
#1817 = MECHANICAL_DESIGN_GEOMETRIC_PRESENTATION_REPRESENTATION (  '', ( #828 ), #1252 ) ;
#1818 = UNCERTAINTY_MEASURE_WITH_UNIT (LENGTH_MEASURE( 1.000000000000000082E-05 ), #990, 'distance_accuracy_value', 'NONE');
#1819 = LINE ( 'NONE', #1084, #663 ) ;
#1820 = PRESENTATION_LAYER_ASSIGNMENT (  '', '', ( #1303 ) ) ;
#1821 = FACE_OUTER_BOUND ( 'NONE', #1686, .T. ) ;
#1822 = ORIENTED_EDGE ( 'NONE', *, *, #1936, .F. ) ;
#1823 = COLOUR_RGB ( '',0.2509803921568627416, 0.2509803921568627416, 0.2509803921568627416 ) ;
#1824 = SURFACE_STYLE_FILL_AREA ( #1270 ) ;
#1825 = EDGE_CURVE ( 'NONE', #891, #1380, #522, .T. ) ;
#1826 = ORIENTED_EDGE ( 'NONE', *, *, #954, .F. ) ;
#1827 = DIRECTION ( 'NONE',  ( 0.000000000000000000, 0.000000000000000000, 1.000000000000000000 ) ) ;
#1828 = DIRECTION ( 'NONE',  ( 1.000000000000000000, 0.000000000000000000, -0.000000000000000000 ) ) ;
#1829 = FILL_AREA_STYLE_COLOUR ( '', #679 ) ;
#1830 = LINE ( 'NONE', #429, #1803 ) ;
#1831 = ADVANCED_FACE ( 'NONE', ( #2474 ), #1718, .T. ) ;
#1832 = VERTEX_POINT ( 'NONE', #128 ) ;
#1833 = CARTESIAN_POINT ( 'NONE',  ( 0.9999999999999997780, 3.599999999999998757, 6.149999999999999467 ) ) ;
#1834 = DIRECTION ( 'NONE',  ( -0.000000000000000000, -0.000000000000000000, -1.000000000000000000 ) ) ;
#1835 = EDGE_LOOP ( 'NONE', ( #501, #676, #1471, #197 ) ) ;
#1836 = COLOUR_RGB ( '',0.2509803921568627416, 0.2509803921568627416, 0.2509803921568627416 ) ;
#1837 = CARTESIAN_POINT ( 'NONE',  ( 6.299999999999999822, -1.886375397299121515, -0.6000000000000003109 ) ) ;
#1838 = VERTEX_POINT ( 'NONE', #904 ) ;
#1839 = FACE_OUTER_BOUND ( 'NONE', #1346, .T. ) ;
#1840 = VECTOR ( 'NONE', #2360, 1000.000000000000000 ) ;
#1841 = DIRECTION ( 'NONE',  ( 1.000000000000000000, -0.000000000000000000, -0.000000000000000000 ) ) ;
#1842 = CARTESIAN_POINT ( 'NONE',  ( 4.250000000000000000, -3.799999999999999822, 0.1500000000000000222 ) ) ;
#1843 = SURFACE_SIDE_STYLE ('',( #639 ) ) ;
#1844 = VECTOR ( 'NONE', #382, 1000.000000000000000 ) ;
#1845 = ORIENTED_EDGE ( 'NONE', *, *, #145, .F. ) ;
#1846 =( LENGTH_UNIT ( ) NAMED_UNIT ( * ) SI_UNIT ( .MILLI., .METRE. ) );
#1847 = CARTESIAN_POINT ( 'NONE',  ( 1.000000000000000000, 3.599999999999998757, 2.049999999999999822 ) ) ;
#1848 = ADVANCED_FACE ( 'NONE', ( #2287 ), #1145, .F. ) ;
#1849 = DIRECTION ( 'NONE',  ( 0.000000000000000000, 0.000000000000000000, 1.000000000000000000 ) ) ;
#1850 = DIRECTION ( 'NONE',  ( -1.000000000000000000, -0.000000000000000000, 0.000000000000000000 ) ) ;
#1851 =( NAMED_UNIT ( * ) SI_UNIT ( $, .STERADIAN. ) SOLID_ANGLE_UNIT ( ) );
#1852 = LINE ( 'NONE', #1099, #842 ) ;
#1853 = ORIENTED_EDGE ( 'NONE', *, *, #2041, .T. ) ;
#1854 = ORIENTED_EDGE ( 'NONE', *, *, #1164, .F. ) ;
#1855 = DIRECTION ( 'NONE',  ( -1.000000000000000000, -0.000000000000000000, -0.000000000000000000 ) ) ;
#1856 = CARTESIAN_POINT ( 'NONE',  ( 1.750000000000000000, -3.800000000000000711, 0.2500000000000000000 ) ) ;
#1857 = FILL_AREA_STYLE ('',( #1829 ) ) ;
#1858 = SURFACE_STYLE_USAGE ( .BOTH. , #306 ) ;
#1859 = VERTEX_POINT ( 'NONE', #1706 ) ;
#1860 = DIRECTION ( 'NONE',  ( 1.000000000000000000, 0.000000000000000000, -0.000000000000000000 ) ) ;
#1861 = ORIENTED_EDGE ( 'NONE', *, *, #801, .T. ) ;
#1862 =( NAMED_UNIT ( * ) SI_UNIT ( $, .STERADIAN. ) SOLID_ANGLE_UNIT ( ) );
#1863 = CARTESIAN_POINT ( 'NONE',  ( 0.000000000000000000, 0.000000000000000000, 0.000000000000000000 ) ) ;
#1864 = MANIFOLD_SOLID_BREP ( 'Extrude4', #243 ) ;
#1865 = ADVANCED_FACE ( 'NONE', ( #2332, #575 ), #172, .F. ) ;
#1866 = ORIENTED_EDGE ( 'NONE', *, *, #1307, .T. ) ;
#1867 =( GEOMETRIC_REPRESENTATION_CONTEXT ( 3 ) GLOBAL_UNCERTAINTY_ASSIGNED_CONTEXT ( ( #2177 ) ) GLOBAL_UNIT_ASSIGNED_CONTEXT ( ( #376, #963, #289 ) ) REPRESENTATION_CONTEXT ( 'NONE', 'WORKASPACE' ) );
#1868 = PRESENTATION_LAYER_ASSIGNMENT (  '', '', ( #2511 ) ) ;
#1869 = PLANE ( 'NONE',  #1276 ) ;
#1870 = SURFACE_STYLE_USAGE ( .BOTH. , #1909 ) ;
#1871 = CARTESIAN_POINT ( 'NONE',  ( 1.749999999999999556, -6.123031769111892454E-17, 0.1500000000000000222 ) ) ;
#1872 = ORIENTED_EDGE ( 'NONE', *, *, #837, .T. ) ;
#1873 = PLANE ( 'NONE',  #577 ) ;
#1874 =( NAMED_UNIT ( * ) SI_UNIT ( $, .STERADIAN. ) SOLID_ANGLE_UNIT ( ) );
#1875 = DIRECTION ( 'NONE',  ( -1.000000000000000000, -0.000000000000000000, 0.000000000000000000 ) ) ;
#1876 = SURFACE_SIDE_STYLE ('',( #135 ) ) ;
#1877 = EDGE_CURVE ( 'NONE', #1714, #1542, #1563, .T. ) ;
#1878 = ORIENTED_EDGE ( 'NONE', *, *, #6, .T. ) ;
#1879 = DIRECTION ( 'NONE',  ( 0.000000000000000000, 0.000000000000000000, 1.000000000000000000 ) ) ;
#1880 = CARTESIAN_POINT ( 'NONE',  ( 3.100000000000000533, 3.649999999999998135, 2.049999999999999378 ) ) ;
#1881 = ORIENTED_EDGE ( 'NONE', *, *, #1606, .F. ) ;
#1882 = PRESENTATION_LAYER_ASSIGNMENT (  '', '', ( #1679 ) ) ;
#1883 = DIRECTION ( 'NONE',  ( 2.168404344971008621E-16, -1.000000000000000000, 0.000000000000000000 ) ) ;
#1884 = ORIENTED_EDGE ( 'NONE', *, *, #937, .T. ) ;
#1885 = SURFACE_SIDE_STYLE ('',( #1083 ) ) ;
#1886 = DIRECTION ( 'NONE',  ( 1.283923625311781450E-16, -1.000000000000000000, -0.000000000000000000 ) ) ;
#1887 =( LENGTH_UNIT ( ) NAMED_UNIT ( * ) SI_UNIT ( .MILLI., .METRE. ) );
#1888 = PLANE ( 'NONE',  #1621 ) ;
#1889 = PRESENTATION_STYLE_ASSIGNMENT (( #2299 ) ) ;
#1890 = DIRECTION ( 'NONE',  ( 0.000000000000000000, 0.000000000000000000, 1.000000000000000000 ) ) ;
#1891 = VECTOR ( 'NONE', #1875, 1000.000000000000000 ) ;
#1892 = EDGE_LOOP ( 'NONE', ( #1735, #2213, #1214, #2111, #2265, #71, #49 ) ) ;
#1893 = DIRECTION ( 'NONE',  ( 0.000000000000000000, 0.000000000000000000, -1.000000000000000000 ) ) ;
#1894 = SURFACE_SIDE_STYLE ('',( #1062 ) ) ;
#1895 = AXIS2_PLACEMENT_3D ( 'NONE', #351, #728, #553 ) ;
#1896 = FACE_OUTER_BOUND ( 'NONE', #612, .T. ) ;
#1897 = ORIENTED_EDGE ( 'NONE', *, *, #684, .T. ) ;
#1898 = VECTOR ( 'NONE', #2170, 1000.000000000000000 ) ;
#1899 = EDGE_CURVE ( 'NONE', #830, #1767, #2435, .T. ) ;
#1900 = FILL_AREA_STYLE_COLOUR ( '', #326 ) ;
#1901 = DIRECTION ( 'NONE',  ( 0.000000000000000000, 0.000000000000000000, 1.000000000000000000 ) ) ;
#1902 = ORIENTED_EDGE ( 'NONE', *, *, #2039, .T. ) ;
#1903 = LINE ( 'NONE', #149, #1124 ) ;
#1904 = FACE_OUTER_BOUND ( 'NONE', #1205, .T. ) ;
#1905 =( LENGTH_UNIT ( ) NAMED_UNIT ( * ) SI_UNIT ( .MILLI., .METRE. ) );
#1906 = PRESENTATION_LAYER_ASSIGNMENT (  '', '', ( #221 ) ) ;
#1907 = CARTESIAN_POINT ( 'NONE',  ( 3.749999999999999556, 0.000000000000000000, 0.2500000000000000000 ) ) ;
#1908 = MECHANICAL_DESIGN_GEOMETRIC_PRESENTATION_REPRESENTATION (  '', ( #1456 ), #2374 ) ;
#1909 = SURFACE_SIDE_STYLE ('',( #2450 ) ) ;
#1910 = VECTOR ( 'NONE', #1566, 1000.000000000000000 ) ;
#1911 = SURFACE_STYLE_USAGE ( .BOTH. , #1134 ) ;
#1912 = AXIS2_PLACEMENT_3D ( 'NONE', #395, #1750, #984 ) ;
#1913 =( NAMED_UNIT ( * ) PLANE_ANGLE_UNIT ( ) SI_UNIT ( $, .RADIAN. ) );
#1914 = ADVANCED_FACE ( 'NONE', ( #2141 ), #1766, .T. ) ;
#1915 = DIRECTION ( 'NONE',  ( 0.000000000000000000, -0.000000000000000000, -1.000000000000000000 ) ) ;
#1916 = ORIENTED_EDGE ( 'NONE', *, *, #1024, .F. ) ;
#1917 = PRESENTATION_LAYER_ASSIGNMENT (  '', '', ( #1378 ) ) ;
#1918 = DIRECTION ( 'NONE',  ( 0.000000000000000000, 0.000000000000000000, 1.000000000000000000 ) ) ;
#1919 = DIRECTION ( 'NONE',  ( 0.000000000000000000, -0.000000000000000000, 1.000000000000000000 ) ) ;
#1920 = FACE_OUTER_BOUND ( 'NONE', #1630, .T. ) ;
#1921 = ORIENTED_EDGE ( 'NONE', *, *, #1019, .T. ) ;
#1922 = CARTESIAN_POINT ( 'NONE',  ( 5.899999999999999467, -2.500000000000000444, -0.1500000000000005496 ) ) ;
#1923 = PLANE ( 'NONE',  #790 ) ;
#1924 = SURFACE_SIDE_STYLE ('',( #223 ) ) ;
#1925 = VERTEX_POINT ( 'NONE', #1946 ) ;
#1926 =( NAMED_UNIT ( * ) PLANE_ANGLE_UNIT ( ) SI_UNIT ( $, .RADIAN. ) );
#1927 = LINE ( 'NONE', #183, #2515 ) ;
#1928 = SURFACE_SIDE_STYLE ('',( #1355 ) ) ;
#1929 = VERTEX_POINT ( 'NONE', #1577 ) ;
#1930 = PRESENTATION_STYLE_ASSIGNMENT (( #185 ) ) ;
#1931 = SURFACE_STYLE_USAGE ( .BOTH. , #371 ) ;
#1932 =( GEOMETRIC_REPRESENTATION_CONTEXT ( 3 ) GLOBAL_UNCERTAINTY_ASSIGNED_CONTEXT ( ( #1972 ) ) GLOBAL_UNIT_ASSIGNED_CONTEXT ( ( #1651, #270, #487 ) ) REPRESENTATION_CONTEXT ( 'NONE', 'WORKASPACE' ) );
#1933 = EDGE_CURVE ( 'NONE', #1925, #368, #1196, .T. ) ;
#1934 = ORIENTED_EDGE ( 'NONE', *, *, #2193, .T. ) ;
#1935 = LINE ( 'NONE', #1128, #947 ) ;
#1936 = EDGE_CURVE ( 'NONE', #2366, #989, #2345, .T. ) ;
#1937 = PRESENTATION_LAYER_ASSIGNMENT (  '', '', ( #497 ) ) ;
#1938 = EDGE_CURVE ( 'NONE', #2231, #1431, #1535, .T. ) ;
#1939 = PRESENTATION_STYLE_ASSIGNMENT (( #1931 ) ) ;
#1940 = ORIENTED_EDGE ( 'NONE', *, *, #979, .F. ) ;
#1941 =( GEOMETRIC_REPRESENTATION_CONTEXT ( 3 ) GLOBAL_UNCERTAINTY_ASSIGNED_CONTEXT ( ( #1011 ) ) GLOBAL_UNIT_ASSIGNED_CONTEXT ( ( #632, #238, #262 ) ) REPRESENTATION_CONTEXT ( 'NONE', 'WORKASPACE' ) );
#1942 = AXIS2_PLACEMENT_3D ( 'NONE', #878, #2023, #2438 ) ;
#1943 =( NAMED_UNIT ( * ) PLANE_ANGLE_UNIT ( ) SI_UNIT ( $, .RADIAN. ) );
#1944 = CARTESIAN_POINT ( 'NONE',  ( 5.899999999999999467, 2.168404344971008868E-16, 0.000000000000000000 ) ) ;
#1945 =( GEOMETRIC_REPRESENTATION_CONTEXT ( 3 ) GLOBAL_UNCERTAINTY_ASSIGNED_CONTEXT ( ( #1812 ) ) GLOBAL_UNIT_ASSIGNED_CONTEXT ( ( #532, #2432, #1113 ) ) REPRESENTATION_CONTEXT ( 'NONE', 'WORKASPACE' ) );
#1946 = CARTESIAN_POINT ( 'NONE',  ( -3.749999999999999112, -3.800000000000000711, -0.1500000000000000222 ) ) ;
#1947 = EDGE_LOOP ( 'NONE', ( #2254, #1168, #443, #1106 ) ) ;
#1948 = EDGE_CURVE ( 'NONE', #1962, #2303, #757, .T. ) ;
#1949 = FACE_BOUND ( 'NONE', #2309, .T. ) ;
#1950 = FILL_AREA_STYLE ('',( #214 ) ) ;
#1951 = ORIENTED_EDGE ( 'NONE', *, *, #2512, .T. ) ;
#1952 = FILL_AREA_STYLE_COLOUR ( '', #1802 ) ;
#1953 = VECTOR ( 'NONE', #102, 1000.000000000000000 ) ;
#1954 = SURFACE_STYLE_USAGE ( .BOTH. , #2526 ) ;
#1955 = CARTESIAN_POINT ( 'NONE',  ( 5.899999999999999467, -1.918182427907084042, 0.000000000000000000 ) ) ;
#1956 = ORIENTED_EDGE ( 'NONE', *, *, #1525, .T. ) ;
#1957 = PRESENTATION_LAYER_ASSIGNMENT (  '', '', ( #2404 ) ) ;
#1958 = EDGE_CURVE ( 'NONE', #2366, #338, #1927, .T. ) ;
#1959 = CARTESIAN_POINT ( 'NONE',  ( 5.899999999999999467, -1.886375397299121515, -0.6000000000000001998 ) ) ;
#1960 = EDGE_CURVE ( 'NONE', #2147, #2019, #384, .T. ) ;
#1961 = MECHANICAL_DESIGN_GEOMETRIC_PRESENTATION_REPRESENTATION (  '', ( #531 ), #2460 ) ;
#1962 = VERTEX_POINT ( 'NONE', #1268 ) ;
#1963 = DIRECTION ( 'NONE',  ( 0.000000000000000000, 0.000000000000000000, 1.000000000000000000 ) ) ;
#1964 =( NAMED_UNIT ( * ) SI_UNIT ( $, .STERADIAN. ) SOLID_ANGLE_UNIT ( ) );
#1965 = ORIENTED_EDGE ( 'NONE', *, *, #380, .T. ) ;
#1966 = ORIENTED_EDGE ( 'NONE', *, *, #1461, .F. ) ;
#1967 = PLANE ( 'NONE',  #1744 ) ;
#1968 = VECTOR ( 'NONE', #361, 1000.000000000000000 ) ;
#1969 = ORIENTED_EDGE ( 'NONE', *, *, #1549, .T. ) ;
#1970 =( NAMED_UNIT ( * ) SI_UNIT ( $, .STERADIAN. ) SOLID_ANGLE_UNIT ( ) );
#1971 = CARTESIAN_POINT ( 'NONE',  ( -0.2499999999999995282, -3.799999999999999822, 0.1500000000000000222 ) ) ;
#1972 = UNCERTAINTY_MEASURE_WITH_UNIT (LENGTH_MEASURE( 1.000000000000000082E-05 ), #1651, 'distance_accuracy_value', 'NONE');
#1973 = UNCERTAINTY_MEASURE_WITH_UNIT (LENGTH_MEASURE( 1.000000000000000082E-05 ), #2084, 'distance_accuracy_value', 'NONE');
#1974 = ORIENTED_EDGE ( 'NONE', *, *, #1314, .T. ) ;
#1975 = MECHANICAL_DESIGN_GEOMETRIC_PRESENTATION_REPRESENTATION (  '', ( #1378 ), #2310 ) ;
#1976 = ORIENTED_EDGE ( 'NONE', *, *, #1461, .T. ) ;
#1977 = SURFACE_SIDE_STYLE ('',( #1426 ) ) ;
#1978 =( NAMED_UNIT ( * ) SI_UNIT ( $, .STERADIAN. ) SOLID_ANGLE_UNIT ( ) );
#1979 = CARTESIAN_POINT ( 'NONE',  ( 1.749999999999999778, 0.000000000000000000, 2.149999999999999023 ) ) ;
#1980 = ORIENTED_EDGE ( 'NONE', *, *, #1492, .F. ) ;
#1981 = FILL_AREA_STYLE_COLOUR ( '', #1738 ) ;
#1982 = EDGE_CURVE ( 'NONE', #372, #333, #2355, .T. ) ;
#1983 = DIRECTION ( 'NONE',  ( 1.000000000000000000, 0.000000000000000000, -0.000000000000000000 ) ) ;
#1984 = ORIENTED_EDGE ( 'NONE', *, *, #1019, .F. ) ;
#1985 = AXIS2_PLACEMENT_3D ( 'NONE', #316, #1104, #1879 ) ;
#1986 = DIRECTION ( 'NONE',  ( -1.000000000000000000, -0.000000000000000000, 0.000000000000000000 ) ) ;
#1987 = ORIENTED_EDGE ( 'NONE', *, *, #2305, .T. ) ;
#1988 = CARTESIAN_POINT ( 'NONE',  ( 0.2500000000000000000, 2.784065567736996643E-32, 0.2500000000000000000 ) ) ;
#1989 = DIRECTION ( 'NONE',  ( 0.000000000000000000, 0.000000000000000000, 1.000000000000000000 ) ) ;
#1990 = DIRECTION ( 'NONE',  ( -1.000000000000000000, 0.000000000000000000, 0.000000000000000000 ) ) ;
#1991 = FACE_OUTER_BOUND ( 'NONE', #2245, .T. ) ;
#1992 = ORIENTED_EDGE ( 'NONE', *, *, #1644, .F. ) ;
#1993 = VECTOR ( 'NONE', #504, 1000.000000000000000 ) ;
#1994 = FILL_AREA_STYLE_COLOUR ( '', #13 ) ;
#1995 = FILL_AREA_STYLE ('',( #1981 ) ) ;
#1996 = EDGE_CURVE ( 'NONE', #309, #985, #60, .T. ) ;
#1997 = VECTOR ( 'NONE', #958, 1000.000000000000000 ) ;
#1998 = CARTESIAN_POINT ( 'NONE',  ( -3.749999999999999112, 0.000000000000000000, 0.1500000000000000222 ) ) ;
#1999 = CARTESIAN_POINT ( 'NONE',  ( 6.299999999999999822, 4.699999999999999289, 0.1499999999999999667 ) ) ;
#2000 = ORIENTED_EDGE ( 'NONE', *, *, #964, .F. ) ;
#2001 = SURFACE_SIDE_STYLE ('',( #2212 ) ) ;
#2002 = ORIENTED_EDGE ( 'NONE', *, *, #1809, .T. ) ;
#2003 = DIRECTION ( 'NONE',  ( -0.000000000000000000, -0.000000000000000000, -1.000000000000000000 ) ) ;
#2004 = EDGE_CURVE ( 'NONE', #425, #777, #1614, .T. ) ;
#2005 = CARTESIAN_POINT ( 'NONE',  ( 0.9999999999999997780, 3.599999999999998757, 6.149999999999999467 ) ) ;
#2006 = FACE_OUTER_BOUND ( 'NONE', #26, .T. ) ;
#2007 = UNCERTAINTY_MEASURE_WITH_UNIT (LENGTH_MEASURE( 1.000000000000000082E-05 ), #1243, 'distance_accuracy_value', 'NONE');
#2008 = PLANE ( 'NONE',  #442 ) ;
#2009 = ORIENTED_EDGE ( 'NONE', *, *, #1748, .F. ) ;
#2010 = DIRECTION ( 'NONE',  ( 1.000000000000000000, 0.000000000000000000, -0.000000000000000000 ) ) ;
#2011 = PRESENTATION_STYLE_ASSIGNMENT (( #2030 ) ) ;
#2012 = AXIS2_PLACEMENT_3D ( 'NONE', #598, #1559, #2010 ) ;
#2013 = UNCERTAINTY_MEASURE_WITH_UNIT (LENGTH_MEASURE( 1.000000000000000082E-05 ), #122, 'distance_accuracy_value', 'NONE');
#2014 = COLOUR_RGB ( '',0.2509803921568627416, 0.2509803921568627416, 0.2509803921568627416 ) ;
#2015 = CARTESIAN_POINT ( 'NONE',  ( -4.249999999999999112, -6.123031769111885058E-17, 0.1500000000000000222 ) ) ;
#2016 = CARTESIAN_POINT ( 'NONE',  ( 2.250000000000000888, -6.123031769111892454E-17, 0.1500000000000000222 ) ) ;
#2017 = VECTOR ( 'NONE', #1593, 1000.000000000000000 ) ;
#2018 = DIRECTION ( 'NONE',  ( 0.000000000000000000, -1.000000000000000000, 0.000000000000000000 ) ) ;
#2019 = VERTEX_POINT ( 'NONE', #1793 ) ;
#2020 = MECHANICAL_DESIGN_GEOMETRIC_PRESENTATION_REPRESENTATION (  '', ( #1002 ), #463 ) ;
#2021 = PRESENTATION_STYLE_ASSIGNMENT (( #2401 ) ) ;
#2022 = ORIENTED_EDGE ( 'NONE', *, *, #907, .T. ) ;
#2023 = DIRECTION ( 'NONE',  ( 1.000000000000000000, -0.000000000000000000, 0.000000000000000000 ) ) ;
#2024 =( NAMED_UNIT ( * ) SI_UNIT ( $, .STERADIAN. ) SOLID_ANGLE_UNIT ( ) );
#2025 = PRESENTATION_STYLE_ASSIGNMENT (( #1620 ) ) ;
#2026 = EDGE_CURVE ( 'NONE', #2019, #1925, #23, .T. ) ;
#2027 = VERTEX_POINT ( 'NONE', #811 ) ;
#2028 = DIRECTION ( 'NONE',  ( -0.000000000000000000, 0.000000000000000000, -1.000000000000000000 ) ) ;
#2029 = SURFACE_STYLE_FILL_AREA ( #1639 ) ;
#2030 = SURFACE_STYLE_USAGE ( .BOTH. , #654 ) ;
#2031 =( LENGTH_UNIT ( ) NAMED_UNIT ( * ) SI_UNIT ( .MILLI., .METRE. ) );
#2032 = CARTESIAN_POINT ( 'NONE',  ( -3.100000000000000533, 3.649999999999998135, 2.049999999999999378 ) ) ;
#2033 = SURFACE_STYLE_USAGE ( .BOTH. , #2227 ) ;
#2034 = ORIENTED_EDGE ( 'NONE', *, *, #53, .F. ) ;
#2035 = SURFACE_SIDE_STYLE ('',( #1824 ) ) ;
#2036 = VERTEX_POINT ( 'NONE', #600 ) ;
#2037 = CARTESIAN_POINT ( 'NONE',  ( -5.899999999999999467, -1.886375397299121515, 0.5999999999999999778 ) ) ;
#2038 = VECTOR ( 'NONE', #265, 1000.000000000000000 ) ;
#2039 = EDGE_CURVE ( 'NONE', #1442, #1569, #1438, .T. ) ;
#2040 = CARTESIAN_POINT ( 'NONE',  ( 6.299999999999999822, 4.699999999999999289, -2.149999999999999911 ) ) ;
#2041 = EDGE_CURVE ( 'NONE', #1677, #1838, #2209, .T. ) ;
#2042 = ORIENTED_EDGE ( 'NONE', *, *, #2211, .T. ) ;
#2043 =( NAMED_UNIT ( * ) PLANE_ANGLE_UNIT ( ) SI_UNIT ( $, .RADIAN. ) );
#2044 = ADVANCED_FACE ( 'NONE', ( #1821 ), #33, .F. ) ;
#2045 = CARTESIAN_POINT ( 'NONE',  ( 2.000000000000000000, 1.599999999999997646, 6.149999999999999467 ) ) ;
#2046 = DIRECTION ( 'NONE',  ( 1.000000000000000000, 0.000000000000000000, 0.000000000000000000 ) ) ;
#2047 =( NAMED_UNIT ( * ) PLANE_ANGLE_UNIT ( ) SI_UNIT ( $, .RADIAN. ) );
#2048 = VECTOR ( 'NONE', #2208, 1000.000000000000000 ) ;
#2049 = VERTEX_POINT ( 'NONE', #424 ) ;
#2050 = AXIS2_PLACEMENT_3D ( 'NONE', #1468, #1658, #2444 ) ;
#2051 = LINE ( 'NONE', #140, #754 ) ;
#2052 = VERTEX_POINT ( 'NONE', #1058 ) ;
#2053 = SURFACE_STYLE_USAGE ( .BOTH. , #2246 ) ;
#2054 = DIRECTION ( 'NONE',  ( 1.000000000000000000, 0.000000000000000000, -0.000000000000000000 ) ) ;
#2055 = PRESENTATION_STYLE_ASSIGNMENT (( #1858 ) ) ;
#2056 =( GEOMETRIC_REPRESENTATION_CONTEXT ( 3 ) GLOBAL_UNCERTAINTY_ASSIGNED_CONTEXT ( ( #218 ) ) GLOBAL_UNIT_ASSIGNED_CONTEXT ( ( #1035, #2043, #687 ) ) REPRESENTATION_CONTEXT ( 'NONE', 'WORKASPACE' ) );
#2057 = ORIENTED_EDGE ( 'NONE', *, *, #1606, .T. ) ;
#2058 = SURFACE_SIDE_STYLE ('',( #1700 ) ) ;
#2059 = CARTESIAN_POINT ( 'NONE',  ( -5.899999999999999467, -1.886375397299121515, -0.5999999999999999778 ) ) ;
#2060 = PLANE ( 'NONE',  #2218 ) ;
#2061 = DIRECTION ( 'NONE',  ( -0.000000000000000000, 1.000000000000000000, 0.000000000000000000 ) ) ;
#2062 = DIRECTION ( 'NONE',  ( -0.000000000000000000, 0.9985978335237490899, 0.05293738642655764631 ) ) ;
#2063 = PRESENTATION_LAYER_ASSIGNMENT (  '', '', ( #709 ) ) ;
#2064 = DIRECTION ( 'NONE',  ( -1.000000000000000000, -0.000000000000000000, 0.000000000000000000 ) ) ;
#2065 = FILL_AREA_STYLE_COLOUR ( '', #1836 ) ;
#2066 = ORIENTED_EDGE ( 'NONE', *, *, #1699, .F. ) ;
#2067 = PRESENTATION_LAYER_ASSIGNMENT (  '', '', ( #226 ) ) ;
#2068 = DIRECTION ( 'NONE',  ( -1.000000000000000000, -0.000000000000000000, 0.000000000000000000 ) ) ;
#2069 = COLOUR_RGB ( '',0.2509803921568627416, 0.2509803921568627416, 0.2509803921568627416 ) ;
#2070 = LINE ( 'NONE', #2449, #206 ) ;
#2071 = EDGE_LOOP ( 'NONE', ( #9, #1423, #30, #459 ) ) ;
#2072 = PRESENTATION_LAYER_ASSIGNMENT (  '', '', ( #1749 ) ) ;
#2073 = SURFACE_STYLE_USAGE ( .BOTH. , #2058 ) ;
#2074 =( LENGTH_UNIT ( ) NAMED_UNIT ( * ) SI_UNIT ( .MILLI., .METRE. ) );
#2075 = DIRECTION ( 'NONE',  ( 0.000000000000000000, 0.9985978335237492010, -0.05293738642655716059 ) ) ;
#2076 = ORIENTED_EDGE ( 'NONE', *, *, #199, .F. ) ;
#2077 = SURFACE_STYLE_USAGE ( .BOTH. , #137 ) ;
#2078 =( NAMED_UNIT ( * ) PLANE_ANGLE_UNIT ( ) SI_UNIT ( $, .RADIAN. ) );
#2079 = EDGE_CURVE ( 'NONE', #385, #891, #80, .T. ) ;
#2080 = ORIENTED_EDGE ( 'NONE', *, *, #675, .F. ) ;
#2081 =( LENGTH_UNIT ( ) NAMED_UNIT ( * ) SI_UNIT ( .MILLI., .METRE. ) );
#2082 = MECHANICAL_DESIGN_GEOMETRIC_PRESENTATION_REPRESENTATION (  '', ( #1424 ), #1666 ) ;
#2083 = CARTESIAN_POINT ( 'NONE',  ( 3.000000000000000000, 3.649999999999998135, 2.049999999999999378 ) ) ;
#2084 =( LENGTH_UNIT ( ) NAMED_UNIT ( * ) SI_UNIT ( .MILLI., .METRE. ) );
#2085 = ORIENTED_EDGE ( 'NONE', *, *, #166, .F. ) ;
#2086 = VECTOR ( 'NONE', #1886, 1000.000000000000000 ) ;
#2087 = SURFACE_STYLE_USAGE ( .BOTH. , #2096 ) ;
#2088 = CARTESIAN_POINT ( 'NONE',  ( 0.2500000000000000000, 2.784065567736996643E-32, 0.1500000000000000222 ) ) ;
#2089 = PLANE ( 'NONE',  #642 ) ;
#2090 = LINE ( 'NONE', #339, #490 ) ;
#2091 =( LENGTH_UNIT ( ) NAMED_UNIT ( * ) SI_UNIT ( .MILLI., .METRE. ) );
#2092 = SURFACE_SIDE_STYLE ('',( #1285 ) ) ;
#2093 = VECTOR ( 'NONE', #78, 1000.000000000000000 ) ;
#2094 = EDGE_CURVE ( 'NONE', #1556, #1642, #860, .T. ) ;
#2095 = LINE ( 'NONE', #932, #2103 ) ;
#2096 = SURFACE_SIDE_STYLE ('',( #1698 ) ) ;
#2097 = EDGE_LOOP ( 'NONE', ( #1289, #222, #787, #1013, #160, #1476, #2442, #751, #379 ) ) ;
#2098 = DIRECTION ( 'NONE',  ( 0.000000000000000000, 1.000000000000000000, -0.000000000000000000 ) ) ;
#2099 = DIRECTION ( 'NONE',  ( -1.283923625311781450E-16, -1.000000000000000000, 0.000000000000000000 ) ) ;
#2100 = APPLICATION_PROTOCOL_DEFINITION ( 'draft international standard', 'automotive_design', 1998, #1056 ) ;
#2101 = VECTOR ( 'NONE', #1193, 1000.000000000000000 ) ;
#2102 = LINE ( 'NONE', #1907, #400 ) ;
#2103 = VECTOR ( 'NONE', #2505, 1000.000000000000000 ) ;
#2104 = DIRECTION ( 'NONE',  ( 0.000000000000000000, 0.9985978335237490899, 0.05293738642655764631 ) ) ;
#2105 = MECHANICAL_DESIGN_GEOMETRIC_PRESENTATION_REPRESENTATION (  '', ( #1613 ), #418 ) ;
#2106 = PRESENTATION_LAYER_ASSIGNMENT (  '', '', ( #2430 ) ) ;
#2107 = COLOUR_RGB ( '',0.2509803921568627416, 0.2509803921568627416, 0.2509803921568627416 ) ;
#2108 = PLANE ( 'NONE',  #994 ) ;
#2109 = FACE_OUTER_BOUND ( 'NONE', #1439, .T. ) ;
#2110 = COLOUR_RGB ( '',0.2509803921568627416, 0.2509803921568627416, 0.2509803921568627416 ) ;
#2111 = ORIENTED_EDGE ( 'NONE', *, *, #1584, .T. ) ;
#2112 = VECTOR ( 'NONE', #1983, 1000.000000000000000 ) ;
#2113 = SURFACE_STYLE_FILL_AREA ( #1296 ) ;
#2114 = PRESENTATION_LAYER_ASSIGNMENT (  '', '', ( #1672 ) ) ;
#2115 = DIRECTION ( 'NONE',  ( -0.000000000000000000, 0.000000000000000000, -1.000000000000000000 ) ) ;
#2116 = DIRECTION ( 'NONE',  ( -1.283923625311781450E-16, 1.000000000000000000, 0.000000000000000000 ) ) ;
#2117 = EDGE_LOOP ( 'NONE', ( #1853, #2034, #589, #231 ) ) ;
#2118 = EDGE_CURVE ( 'NONE', #1220, #661, #2194, .T. ) ;
#2119 = CARTESIAN_POINT ( 'NONE',  ( 5.899999999999999467, -1.918182427907084042, -0.6008424811846246882 ) ) ;
#2120 = DIRECTION ( 'NONE',  ( -1.000000000000000000, -1.141265444721583511E-16, 0.000000000000000000 ) ) ;
#2121 = EDGE_CURVE ( 'NONE', #2453, #1116, #278, .T. ) ;
#2122 = VERTEX_POINT ( 'NONE', #1234 ) ;
#2123 = CARTESIAN_POINT ( 'NONE',  ( 3.750000000000000000, -3.799999999999999822, 0.2500000000000000000 ) ) ;
#2124 = EDGE_CURVE ( 'NONE', #541, #2453, #260, .T. ) ;
#2125 = DIRECTION ( 'NONE',  ( 0.000000000000000000, 0.000000000000000000, 1.000000000000000000 ) ) ;
#2126 = CIRCLE ( 'NONE', #694, 0.6008424811846246882 ) ;
#2127 =( GEOMETRIC_REPRESENTATION_CONTEXT ( 3 ) GLOBAL_UNCERTAINTY_ASSIGNED_CONTEXT ( ( #1818 ) ) GLOBAL_UNIT_ASSIGNED_CONTEXT ( ( #990, #1943, #1970 ) ) REPRESENTATION_CONTEXT ( 'NONE', 'WORKASPACE' ) );
#2128 = FACE_OUTER_BOUND ( 'NONE', #391, .T. ) ;
#2129 = ORIENTED_EDGE ( 'NONE', *, *, #2233, .T. ) ;
#2130 = CARTESIAN_POINT ( 'NONE',  ( 4.250000000000000888, -3.799999999999999822, 0.2500000000000000000 ) ) ;
#2131 =( NAMED_UNIT ( * ) PLANE_ANGLE_UNIT ( ) SI_UNIT ( $, .RADIAN. ) );
#2132 = EDGE_LOOP ( 'NONE', ( #997, #883, #1060, #570 ) ) ;
#2133 = PRESENTATION_STYLE_ASSIGNMENT (( #975 ) ) ;
#2134 =( GEOMETRIC_REPRESENTATION_CONTEXT ( 3 ) GLOBAL_UNCERTAINTY_ASSIGNED_CONTEXT ( ( #841 ) ) GLOBAL_UNIT_ASSIGNED_CONTEXT ( ( #390, #1751, #177 ) ) REPRESENTATION_CONTEXT ( 'NONE', 'WORKASPACE' ) );
#2135 = LINE ( 'NONE', #1526, #502 ) ;
#2136 = ORIENTED_EDGE ( 'NONE', *, *, #952, .T. ) ;
#2137 = STYLED_ITEM ( 'NONE', ( #2021 ), #2468 ) ;
#2138 = MECHANICAL_DESIGN_GEOMETRIC_PRESENTATION_REPRESENTATION (  '', ( #717 ), #1046 ) ;
#2139 =( LENGTH_UNIT ( ) NAMED_UNIT ( * ) SI_UNIT ( .MILLI., .METRE. ) );
#2140 = FILL_AREA_STYLE_COLOUR ( '', #525 ) ;
#2141 = FACE_OUTER_BOUND ( 'NONE', #763, .T. ) ;
#2142 = ORIENTED_EDGE ( 'NONE', *, *, #1402, .F. ) ;
#2143 =( LENGTH_UNIT ( ) NAMED_UNIT ( * ) SI_UNIT ( .MILLI., .METRE. ) );
#2144 = PLANE ( 'NONE',  #900 ) ;
#2145 = DIRECTION ( 'NONE',  ( 0.000000000000000000, 1.000000000000000000, -0.000000000000000000 ) ) ;
#2146 = ORIENTED_EDGE ( 'NONE', *, *, #921, .F. ) ;
#2147 = VERTEX_POINT ( 'NONE', #873 ) ;
#2148 = SURFACE_STYLE_USAGE ( .BOTH. , #2351 ) ;
#2149 = VECTOR ( 'NONE', #2054, 1000.000000000000000 ) ;
#2150 = DIRECTION ( 'NONE',  ( 0.000000000000000000, 0.000000000000000000, -1.000000000000000000 ) ) ;
#2151 = UNCERTAINTY_MEASURE_WITH_UNIT (LENGTH_MEASURE( 1.000000000000000082E-05 ), #2091, 'distance_accuracy_value', 'NONE');
#2152 = CARTESIAN_POINT ( 'NONE',  ( 6.299999999999999822, 0.000000000000000000, -2.150000000000000799 ) ) ;
#2153 = ORIENTED_EDGE ( 'NONE', *, *, #1549, .F. ) ;
#2154 = VECTOR ( 'NONE', #971, 1000.000000000000000 ) ;
#2155 = SURFACE_STYLE_FILL_AREA ( #1554 ) ;
#2156 = UNCERTAINTY_MEASURE_WITH_UNIT (LENGTH_MEASURE( 1.000000000000000082E-05 ), #2192, 'distance_accuracy_value', 'NONE');
#2157 = VERTEX_POINT ( 'NONE', #112 ) ;
#2158 = FACE_OUTER_BOUND ( 'NONE', #105, .T. ) ;
#2159 = DIRECTION ( 'NONE',  ( 0.000000000000000000, -1.845450506358306065E-16, 1.000000000000000000 ) ) ;
#2160 = LINE ( 'NONE', #1377, #356 ) ;
#2161 = EDGE_CURVE ( 'NONE', #449, #2402, #340, .T. ) ;
#2162 =( GEOMETRIC_REPRESENTATION_CONTEXT ( 3 ) GLOBAL_UNCERTAINTY_ASSIGNED_CONTEXT ( ( #414 ) ) GLOBAL_UNIT_ASSIGNED_CONTEXT ( ( #1159, #1548, #759 ) ) REPRESENTATION_CONTEXT ( 'NONE', 'WORKASPACE' ) );
#2163 = VERTEX_POINT ( 'NONE', #887 ) ;
#2164 = DIRECTION ( 'NONE',  ( -1.000000000000000000, 0.000000000000000000, 0.000000000000000000 ) ) ;
#2165 = VERTEX_POINT ( 'NONE', #1498 ) ;
#2166 = FILL_AREA_STYLE ('',( #1768 ) ) ;
#2167 = ORIENTED_EDGE ( 'NONE', *, *, #199, .T. ) ;
#2168 = PRESENTATION_STYLE_ASSIGNMENT (( #1411 ) ) ;
#2169 = FILL_AREA_STYLE ('',( #595 ) ) ;
#2170 = DIRECTION ( 'NONE',  ( 1.000000000000000000, 0.000000000000000000, -0.000000000000000000 ) ) ;
#2171 = EDGE_CURVE ( 'NONE', #1222, #98, #1415, .T. ) ;
#2172 = ORIENTED_EDGE ( 'NONE', *, *, #1584, .F. ) ;
#2173 = CIRCLE ( 'NONE', #1091, 0.2500000000000002220 ) ;
#2174 = DIRECTION ( 'NONE',  ( 0.000000000000000000, 0.000000000000000000, 1.000000000000000000 ) ) ;
#2175 = COLOUR_RGB ( '',0.9882352941176471006, 0.7372549019607843590, 0.5137254901960783826 ) ;
#2176 = CARTESIAN_POINT ( 'NONE',  ( -6.299999999999999822, 4.699999999999999289, -0.1500000000000003830 ) ) ;
#2177 = UNCERTAINTY_MEASURE_WITH_UNIT (LENGTH_MEASURE( 1.000000000000000082E-05 ), #376, 'distance_accuracy_value', 'NONE');
#2178 = ORIENTED_EDGE ( 'NONE', *, *, #1712, .F. ) ;
#2179 = DIRECTION ( 'NONE',  ( 0.000000000000000000, -1.000000000000000000, -0.000000000000000000 ) ) ;
#2180 = VECTOR ( 'NONE', #327, 1000.000000000000000 ) ;
#2181 = EDGE_LOOP ( 'NONE', ( #2385, #489, #1493, #1464 ) ) ;
#2182 = CARTESIAN_POINT ( 'NONE',  ( -6.299999999999999822, 4.699999999999999289, 2.149999999999999023 ) ) ;
#2183 = CARTESIAN_POINT ( 'NONE',  ( -5.899999999999999467, -1.918182427907084042, 0.6008424811846245772 ) ) ;
#2184 = AXIS2_PLACEMENT_3D ( 'NONE', #1604, #1414, #2185 ) ;
#2185 = DIRECTION ( 'NONE',  ( 0.000000000000000000, 0.000000000000000000, -1.000000000000000000 ) ) ;
#2186 = ADVANCED_FACE ( 'NONE', ( #718 ), #1888, .T. ) ;
#2187 = UNCERTAINTY_MEASURE_WITH_UNIT (LENGTH_MEASURE( 1.000000000000000082E-05 ), #724, 'distance_accuracy_value', 'NONE');
#2188 = ORIENTED_EDGE ( 'NONE', *, *, #70, .T. ) ;
#2189 = COLOUR_RGB ( '',0.9882352941176471006, 0.7372549019607843590, 0.5137254901960783826 ) ;
#2190 = FACE_OUTER_BOUND ( 'NONE', #1892, .T. ) ;
#2191 = UNCERTAINTY_MEASURE_WITH_UNIT (LENGTH_MEASURE( 1.000000000000000082E-05 ), #1887, 'distance_accuracy_value', 'NONE');
#2192 =( LENGTH_UNIT ( ) NAMED_UNIT ( * ) SI_UNIT ( .MILLI., .METRE. ) );
#2193 = EDGE_CURVE ( 'NONE', #1799, #1617, #1469, .T. ) ;
#2194 = LINE ( 'NONE', #246, #422 ) ;
#2195 = ORIENTED_EDGE ( 'NONE', *, *, #1586, .F. ) ;
#2196 = DIRECTION ( 'NONE',  ( 1.000000000000000000, -0.000000000000000000, 0.000000000000000000 ) ) ;
#2197 = VERTEX_POINT ( 'NONE', #1509 ) ;
#2198 = DIRECTION ( 'NONE',  ( 0.000000000000000000, -1.000000000000000000, 0.000000000000000000 ) ) ;
#2199 =( LENGTH_UNIT ( ) NAMED_UNIT ( * ) SI_UNIT ( .MILLI., .METRE. ) );
#2200 = CYLINDRICAL_SURFACE ( 'NONE', #1102, 0.6008424811846245772 ) ;
#2201 = CARTESIAN_POINT ( 'NONE',  ( 2.000000000000000000, 4.700999999999999623, 5.899999999999998579 ) ) ;
#2202 = ORIENTED_EDGE ( 'NONE', *, *, #1217, .T. ) ;
#2203 = MECHANICAL_DESIGN_GEOMETRIC_PRESENTATION_REPRESENTATION (  '', ( #563 ), #374 ) ;
#2204 = FACE_OUTER_BOUND ( 'NONE', #1120, .T. ) ;
#2205 = VECTOR ( 'NONE', #1918, 1000.000000000000000 ) ;
#2206 = PLANE ( 'NONE',  #1248 ) ;
#2207 = STYLED_ITEM ( 'NONE', ( #1427 ), #745 ) ;
#2208 = DIRECTION ( 'NONE',  ( -1.000000000000000000, -0.000000000000000000, -0.000000000000000000 ) ) ;
#2209 = LINE ( 'NONE', #1629, #550 ) ;
#2210 = ORIENTED_EDGE ( 'NONE', *, *, #2171, .T. ) ;
#2211 = EDGE_CURVE ( 'NONE', #81, #1431, #1852, .T. ) ;
#2212 = SURFACE_STYLE_FILL_AREA ( #82 ) ;
#2213 = ORIENTED_EDGE ( 'NONE', *, *, #1899, .T. ) ;
#2214 = DIRECTION ( 'NONE',  ( 0.000000000000000000, 0.000000000000000000, 1.000000000000000000 ) ) ;
#2215 = DIRECTION ( 'NONE',  ( 0.000000000000000000, 1.000000000000000000, 0.000000000000000000 ) ) ;
#2216 = LINE ( 'NONE', #68, #164 ) ;
#2217 = ORIENTED_EDGE ( 'NONE', *, *, #202, .F. ) ;
#2218 = AXIS2_PLACEMENT_3D ( 'NONE', #76, #108, #844 ) ;
#2219 = CARTESIAN_POINT ( 'NONE',  ( 1.750000000000000000, -3.800000000000000711, -0.1500000000000000222 ) ) ;
#2220 = CARTESIAN_POINT ( 'NONE',  ( 1.749999999999999556, -6.123031769111892454E-17, -0.1500000000000000222 ) ) ;
#2221 =( LENGTH_UNIT ( ) NAMED_UNIT ( * ) SI_UNIT ( .MILLI., .METRE. ) );
#2222 = FILL_AREA_STYLE_COLOUR ( '', #2300 ) ;
#2223 =( LENGTH_UNIT ( ) NAMED_UNIT ( * ) SI_UNIT ( .MILLI., .METRE. ) );
#2224 = CARTESIAN_POINT ( 'NONE',  ( 3.100000000000000533, 1.549999999999998046, 2.149999999999999023 ) ) ;
#2225 = STYLED_ITEM ( 'NONE', ( #336 ), #1678 ) ;
#2226 = STYLED_ITEM ( 'NONE', ( #779 ), #638 ) ;
#2227 = SURFACE_SIDE_STYLE ('',( #824 ) ) ;
#2228 = ADVANCED_FACE ( 'NONE', ( #1904 ), #301, .F. ) ;
#2229 = ORIENTED_EDGE ( 'NONE', *, *, #2415, .T. ) ;
#2230 = PLANE ( 'NONE',  #16 ) ;
#2231 = VERTEX_POINT ( 'NONE', #1727 ) ;
#2232 = DIRECTION ( 'NONE',  ( 0.000000000000000000, 1.000000000000000000, -0.000000000000000000 ) ) ;
#2233 = EDGE_CURVE ( 'NONE', #631, #1929, #169, .T. ) ;
#2234 = DIRECTION ( 'NONE',  ( 1.141265444721583511E-16, -1.000000000000000000, -0.000000000000000000 ) ) ;
#2235 = VECTOR ( 'NONE', #1155, 1000.000000000000000 ) ;
#2236 = ADVANCED_FACE ( 'NONE', ( #1142 ), #637, .F. ) ;
#2237 = VERTEX_POINT ( 'NONE', #1445 ) ;
#2238 = CARTESIAN_POINT ( 'NONE',  ( -6.299999999999999822, -2.500000000000000444, 0.1499999999999999389 ) ) ;
#2239 = DIRECTION ( 'NONE',  ( 0.000000000000000000, 1.000000000000000000, 0.000000000000000000 ) ) ;
#2240 = CARTESIAN_POINT ( 'NONE',  ( -6.299999999999999822, 4.699999999999999289, -2.149999999999999911 ) ) ;
#2241 = LINE ( 'NONE', #479, #251 ) ;
#2242 = CARTESIAN_POINT ( 'NONE',  ( 1.749999999999999778, 0.000000000000000000, -0.1500000000000000777 ) ) ;
#2243 = VERTEX_POINT ( 'NONE', #1842 ) ;
#2244 = DIRECTION ( 'NONE',  ( 0.000000000000000000, -0.9985978335237490899, -0.05293738642655784060 ) ) ;
#2245 = EDGE_LOOP ( 'NONE', ( #1789, #601, #1026, #482 ) ) ;
#2246 = SURFACE_SIDE_STYLE ('',( #681 ) ) ;
#2247 = CIRCLE ( 'NONE', #2448, 0.2500000000000002220 ) ;
#2248 = ORIENTED_EDGE ( 'NONE', *, *, #124, .T. ) ;
#2249 = SURFACE_STYLE_USAGE ( .BOTH. , #1885 ) ;
#2250 = LINE ( 'NONE', #493, #1122 ) ;
#2251 = FILL_AREA_STYLE_COLOUR ( '', #2501 ) ;
#2252 = CARTESIAN_POINT ( 'NONE',  ( -6.299999999999999822, 4.699999999999999289, 0.1499999999999999667 ) ) ;
#2253 =( NAMED_UNIT ( * ) SI_UNIT ( $, .STERADIAN. ) SOLID_ANGLE_UNIT ( ) );
#2254 = ORIENTED_EDGE ( 'NONE', *, *, #1336, .T. ) ;
#2255 = PLANE ( 'NONE',  #1259 ) ;
#2256 = AXIS2_PLACEMENT_3D ( 'NONE', #1018, #2239, #1626 ) ;
#2257 = ORIENTED_EDGE ( 'NONE', *, *, #732, .T. ) ;
#2258 = SURFACE_SIDE_STYLE ('',( #2029 ) ) ;
#2259 = EDGE_CURVE ( 'NONE', #1962, #295, #2423, .T. ) ;
#2260 = CARTESIAN_POINT ( 'NONE',  ( 3.000000000000000000, 3.599999999999998757, 6.149999999999999467 ) ) ;
#2261 = ORIENTED_EDGE ( 'NONE', *, *, #2026, .T. ) ;
#2262 = DIRECTION ( 'NONE',  ( -1.000000000000000000, 0.000000000000000000, -0.000000000000000000 ) ) ;
#2263 = VECTOR ( 'NONE', #1241, 1000.000000000000000 ) ;
#2264 = DIRECTION ( 'NONE',  ( 1.000000000000000000, 0.000000000000000000, 0.000000000000000000 ) ) ;
#2265 = ORIENTED_EDGE ( 'NONE', *, *, #1644, .T. ) ;
#2266 = COLOUR_RGB ( '',0.9882352941176471006, 0.7372549019607843590, 0.5137254901960783826 ) ;
#2267 = SURFACE_STYLE_FILL_AREA ( #1472 ) ;
#2268 =( GEOMETRIC_REPRESENTATION_CONTEXT ( 3 ) GLOBAL_UNCERTAINTY_ASSIGNED_CONTEXT ( ( #1429 ) ) GLOBAL_UNIT_ASSIGNED_CONTEXT ( ( #1130, #157, #927 ) ) REPRESENTATION_CONTEXT ( 'NONE', 'WORKASPACE' ) );
#2269 = DIRECTION ( 'NONE',  ( 0.000000000000000000, -1.000000000000000000, 0.000000000000000000 ) ) ;
#2270 = LINE ( 'NONE', #335, #972 ) ;
#2271 = EDGE_CURVE ( 'NONE', #1859, #668, #2216, .T. ) ;
#2272 = PRESENTATION_LAYER_ASSIGNMENT (  '', '', ( #1313 ) ) ;
#2273 = ORIENTED_EDGE ( 'NONE', *, *, #1063, .T. ) ;
#2274 = SURFACE_SIDE_STYLE ('',( #365 ) ) ;
#2275 = CARTESIAN_POINT ( 'NONE',  ( 3.100000000000000533, 3.649999999999998135, 2.049999999999999378 ) ) ;
#2276 = EDGE_CURVE ( 'NONE', #1366, #1642, #618, .T. ) ;
#2277 = AXIS2_PLACEMENT_3D ( 'NONE', #354, #1483, #1532 ) ;
#2278 = DIRECTION ( 'NONE',  ( 0.000000000000000000, 0.000000000000000000, 1.000000000000000000 ) ) ;
#2279 = PRESENTATION_STYLE_ASSIGNMENT (( #360 ) ) ;
#2280 =( GEOMETRIC_REPRESENTATION_CONTEXT ( 3 ) GLOBAL_UNCERTAINTY_ASSIGNED_CONTEXT ( ( #258 ) ) GLOBAL_UNIT_ASSIGNED_CONTEXT ( ( #1090, #1693, #2024 ) ) REPRESENTATION_CONTEXT ( 'NONE', 'WORKASPACE' ) );
#2281 = DIRECTION ( 'NONE',  ( 1.000000000000000000, 2.168404344971008621E-16, 0.000000000000000000 ) ) ;
#2282 = AXIS2_PLACEMENT_3D ( 'NONE', #1747, #992, #2508 ) ;
#2283 = LINE ( 'NONE', #1138, #1891 ) ;
#2284 = ORIENTED_EDGE ( 'NONE', *, *, #1982, .T. ) ;
#2285 = FILL_AREA_STYLE ('',( #1129 ) ) ;
#2286 = DIRECTION ( 'NONE',  ( 0.000000000000000000, -1.000000000000000000, 0.000000000000000000 ) ) ;
#2287 = FACE_OUTER_BOUND ( 'NONE', #1192, .T. ) ;
#2288 =( GEOMETRIC_REPRESENTATION_CONTEXT ( 3 ) GLOBAL_UNCERTAINTY_ASSIGNED_CONTEXT ( ( #2191 ) ) GLOBAL_UNIT_ASSIGNED_CONTEXT ( ( #1887, #673, #1851 ) ) REPRESENTATION_CONTEXT ( 'NONE', 'WORKASPACE' ) );
#2289 = ADVANCED_FACE ( 'NONE', ( #865 ), #2200, .T. ) ;
#2290 = SURFACE_STYLE_FILL_AREA ( #734 ) ;
#2291 = FILL_AREA_STYLE_COLOUR ( '', #363 ) ;
#2292 = LINE ( 'NONE', #1356, #191 ) ;
#2293 =( NAMED_UNIT ( * ) SI_UNIT ( $, .STERADIAN. ) SOLID_ANGLE_UNIT ( ) );
#2294 =( NAMED_UNIT ( * ) SI_UNIT ( $, .STERADIAN. ) SOLID_ANGLE_UNIT ( ) );
#2295 = PRESENTATION_LAYER_ASSIGNMENT (  '', '', ( #412 ) ) ;
#2296 =( NAMED_UNIT ( * ) PLANE_ANGLE_UNIT ( ) SI_UNIT ( $, .RADIAN. ) );
#2297 = VERTEX_POINT ( 'NONE', #267 ) ;
#2298 = CARTESIAN_POINT ( 'NONE',  ( 3.100000000000000533, 0.000000000000000000, 2.149999999999999023 ) ) ;
#2299 = SURFACE_STYLE_USAGE ( .BOTH. , #1343 ) ;
#2300 = COLOUR_RGB ( '',0.2509803921568627416, 0.2509803921568627416, 0.2509803921568627416 ) ;
#2301 =( LENGTH_UNIT ( ) NAMED_UNIT ( * ) SI_UNIT ( .MILLI., .METRE. ) );
#2302 = DIRECTION ( 'NONE',  ( 0.000000000000000000, 0.000000000000000000, 1.000000000000000000 ) ) ;
#2303 = VERTEX_POINT ( 'NONE', #820 ) ;
#2304 = VECTOR ( 'NONE', #1302, 1000.000000000000000 ) ;
#2305 = EDGE_CURVE ( 'NONE', #338, #1222, #1419, .T. ) ;
#2306 = MECHANICAL_DESIGN_GEOMETRIC_PRESENTATION_REPRESENTATION (  '', ( #2511 ), #1616 ) ;
#2307 = CARTESIAN_POINT ( 'NONE',  ( -5.899999999999999467, -1.886375397299121737, -0.6000000000000001998 ) ) ;
#2308 = EDGE_CURVE ( 'NONE', #1589, #903, #428, .T. ) ;
#2309 = EDGE_LOOP ( 'NONE', ( #868, #1485, #2042, #1048 ) ) ;
#2310 =( GEOMETRIC_REPRESENTATION_CONTEXT ( 3 ) GLOBAL_UNCERTAINTY_ASSIGNED_CONTEXT ( ( #255 ) ) GLOBAL_UNIT_ASSIGNED_CONTEXT ( ( #996, #1175, #1552 ) ) REPRESENTATION_CONTEXT ( 'NONE', 'WORKASPACE' ) );
#2311 = FILL_AREA_STYLE_COLOUR ( '', #1489 ) ;
#2312 = CARTESIAN_POINT ( 'NONE',  ( -6.299999999999999822, 0.000000000000000000, -2.150000000000000799 ) ) ;
#2313 = AXIS2_PLACEMENT_3D ( 'NONE', #1274, #651, #2372 ) ;
#2314 = DIRECTION ( 'NONE',  ( 0.000000000000000000, 0.000000000000000000, -1.000000000000000000 ) ) ;
#2315 = FACE_BOUND ( 'NONE', #1150, .T. ) ;
#2316 =( NAMED_UNIT ( * ) SI_UNIT ( $, .STERADIAN. ) SOLID_ANGLE_UNIT ( ) );
#2317 = EDGE_CURVE ( 'NONE', #98, #47, #1428, .T. ) ;
#2318 = VERTEX_POINT ( 'NONE', #929 ) ;
#2319 = LINE ( 'NONE', #560, #2205 ) ;
#2320 = LINE ( 'NONE', #2130, #1844 ) ;
#2321 = DIRECTION ( 'NONE',  ( -0.000000000000000000, 1.000000000000000000, 0.000000000000000000 ) ) ;
#2322 = VERTEX_POINT ( 'NONE', #344 ) ;
#2323 = PLANE ( 'NONE',  #617 ) ;
#2324 = VECTOR ( 'NONE', #168, 1000.000000000000000 ) ;
#2325 = CARTESIAN_POINT ( 'NONE',  ( -4.249999999999999112, -6.123031769111885058E-17, 0.2500000000000000000 ) ) ;
#2326 = CARTESIAN_POINT ( 'NONE',  ( -6.299999999999999822, -1.918182427907084042, 0.000000000000000000 ) ) ;
#2327 = ORIENTED_EDGE ( 'NONE', *, *, #696, .T. ) ;
#2328 = COLOUR_RGB ( '',0.2509803921568627416, 0.2509803921568627416, 0.2509803921568627416 ) ;
#2329 = PRESENTATION_STYLE_ASSIGNMENT (( #1765 ) ) ;
#2330 = ADVANCED_FACE ( 'NONE', ( #1896 ), #2504, .F. ) ;
#2331 = CARTESIAN_POINT ( 'NONE',  ( 3.100000000000000533, 1.549999999999998046, 2.049999999999999378 ) ) ;
#2332 = FACE_BOUND ( 'NONE', #2377, .T. ) ;
#2333 = ORIENTED_EDGE ( 'NONE', *, *, #131, .T. ) ;
#2334 = SURFACE_SIDE_STYLE ('',( #1148 ) ) ;
#2335 = AXIS2_PLACEMENT_3D ( 'NONE', #66, #1014, #225 ) ;
#2336 = FILL_AREA_STYLE ('',( #778 ) ) ;
#2337 = FILL_AREA_STYLE ('',( #500 ) ) ;
#2338 = ORIENTED_EDGE ( 'NONE', *, *, #781, .F. ) ;
#2339 = STYLED_ITEM ( 'NONE', ( #2168 ), #1792 ) ;
#2340 = MECHANICAL_DESIGN_GEOMETRIC_PRESENTATION_REPRESENTATION (  '', ( #2226 ), #228 ) ;
#2341 = PRODUCT_DEFINITION_FORMATION_WITH_SPECIFIED_SOURCE ( 'ANY', '', #285, .NOT_KNOWN. ) ;
#2342 = CARTESIAN_POINT ( 'NONE',  ( -5.899999999999999467, -1.918182427907084042, 0.000000000000000000 ) ) ;
#2343 = CARTESIAN_POINT ( 'NONE',  ( -3.100000000000000533, 1.549999999999998046, 2.049999999999999378 ) ) ;
#2344 =( GEOMETRIC_REPRESENTATION_CONTEXT ( 3 ) GLOBAL_UNCERTAINTY_ASSIGNED_CONTEXT ( ( #835 ) ) GLOBAL_UNIT_ASSIGNED_CONTEXT ( ( #495, #2047, #1862 ) ) REPRESENTATION_CONTEXT ( 'NONE', 'WORKASPACE' ) );
#2345 = LINE ( 'NONE', #744, #794 ) ;
#2346 = EDGE_LOOP ( 'NONE', ( #450, #1480, #141, #2261 ) ) ;
#2347 = EDGE_CURVE ( 'NONE', #2197, #215, #1146, .T. ) ;
#2348 =( LENGTH_UNIT ( ) NAMED_UNIT ( * ) SI_UNIT ( .MILLI., .METRE. ) );
#2349 = SURFACE_STYLE_USAGE ( .BOTH. , #596 ) ;
#2350 = EDGE_LOOP ( 'NONE', ( #1059, #83, #584, #861 ) ) ;
#2351 = SURFACE_SIDE_STYLE ('',( #970 ) ) ;
#2352 = VECTOR ( 'NONE', #1827, 1000.000000000000000 ) ;
#2353 = CARTESIAN_POINT ( 'NONE',  ( 2.250000000000000444, 1.599999999999997646, 6.149999999999999467 ) ) ;
#2354 = UNCERTAINTY_MEASURE_WITH_UNIT (LENGTH_MEASURE( 1.000000000000000082E-05 ), #533, 'distance_accuracy_value', 'NONE');
#2355 = LINE ( 'NONE', #415, #1213 ) ;
#2356 = UNCERTAINTY_MEASURE_WITH_UNIT (LENGTH_MEASURE( 1.000000000000000082E-05 ), #1905, 'distance_accuracy_value', 'NONE');
#2357 = ORIENTED_EDGE ( 'NONE', *, *, #1161, .F. ) ;
#2358 = DIRECTION ( 'NONE',  ( 1.000000000000000000, 0.000000000000000000, -0.000000000000000000 ) ) ;
#2359 = ORIENTED_EDGE ( 'NONE', *, *, #732, .F. ) ;
#2360 = DIRECTION ( 'NONE',  ( 1.000000000000000000, 0.000000000000000000, -0.000000000000000000 ) ) ;
#2361 = CARTESIAN_POINT ( 'NONE',  ( 6.299999999999999822, 0.000000000000000000, 2.149999999999999023 ) ) ;
#2362 = ORIENTED_EDGE ( 'NONE', *, *, #2161, .T. ) ;
#2363 =( NAMED_UNIT ( * ) PLANE_ANGLE_UNIT ( ) SI_UNIT ( $, .RADIAN. ) );
#2364 = PLANE ( 'NONE',  #100 ) ;
#2365 = PRESENTATION_STYLE_ASSIGNMENT (( #2033 ) ) ;
#2366 = VERTEX_POINT ( 'NONE', #1317 ) ;
#2367 = AXIS2_PLACEMENT_3D ( 'NONE', #1245, #1406, #1050 ) ;
#2368 = DIRECTION ( 'NONE',  ( -1.000000000000000000, 0.000000000000000000, -0.000000000000000000 ) ) ;
#2369 = ADVANCED_FACE ( 'NONE', ( #159 ), #943, .F. ) ;
#2370 = ORIENTED_EDGE ( 'NONE', *, *, #1333, .T. ) ;
#2371 = SURFACE_STYLE_USAGE ( .BOTH. , #1619 ) ;
#2372 = DIRECTION ( 'NONE',  ( 0.000000000000000000, -0.000000000000000000, 1.000000000000000000 ) ) ;
#2373 = EDGE_CURVE ( 'NONE', #1507, #1431, #693, .T. ) ;
#2374 =( GEOMETRIC_REPRESENTATION_CONTEXT ( 3 ) GLOBAL_UNCERTAINTY_ASSIGNED_CONTEXT ( ( #626 ) ) GLOBAL_UNIT_ASSIGNED_CONTEXT ( ( #571, #2363, #1216 ) ) REPRESENTATION_CONTEXT ( 'NONE', 'WORKASPACE' ) );
#2375 =( LENGTH_UNIT ( ) NAMED_UNIT ( * ) SI_UNIT ( .MILLI., .METRE. ) );
#2376 = EDGE_CURVE ( 'NONE', #1012, #1581, #332, .T. ) ;
#2377 = EDGE_LOOP ( 'NONE', ( #1074, #1381, #1992, #968 ) ) ;
#2378 = VECTOR ( 'NONE', #906, 1000.000000000000000 ) ;
#2379 = COLOUR_RGB ( '',0.9882352941176471006, 0.7372549019607843590, 0.5137254901960783826 ) ;
#2380 = FACE_OUTER_BOUND ( 'NONE', #604, .T. ) ;
#2381 = FACE_OUTER_BOUND ( 'NONE', #2097, .T. ) ;
#2382 = ORIENTED_EDGE ( 'NONE', *, *, #330, .T. ) ;
#2383 = FILL_AREA_STYLE_COLOUR ( '', #1206 ) ;
#2384 = VECTOR ( 'NONE', #1394, 1000.000000000000000 ) ;
#2385 = ORIENTED_EDGE ( 'NONE', *, *, #145, .T. ) ;
#2386 = FILL_AREA_STYLE_COLOUR ( '', #1502 ) ;
#2387 = DIRECTION ( 'NONE',  ( -1.000000000000000000, -0.000000000000000000, 0.000000000000000000 ) ) ;
#2388 = CARTESIAN_POINT ( 'NONE',  ( 6.299999999999999822, 0.000000000000000000, 2.149999999999999023 ) ) ;
#2389 = SURFACE_STYLE_FILL_AREA ( #1857 ) ;
#2390 = UNCERTAINTY_MEASURE_WITH_UNIT (LENGTH_MEASURE( 1.000000000000000082E-05 ), #375, 'distance_accuracy_value', 'NONE');
#2391 = ORIENTED_EDGE ( 'NONE', *, *, #952, .F. ) ;
#2392 = DIRECTION ( 'NONE',  ( 0.000000000000000000, -0.05293738642655766019, -0.9985978335237490899 ) ) ;
#2393 = EDGE_CURVE ( 'NONE', #2243, #2157, #317, .T. ) ;
#2394 = SURFACE_STYLE_FILL_AREA ( #1995 ) ;
#2395 = UNCERTAINTY_MEASURE_WITH_UNIT (LENGTH_MEASURE( 1.000000000000000082E-05 ), #1846, 'distance_accuracy_value', 'NONE');
#2396 = DIRECTION ( 'NONE',  ( 0.000000000000000000, 0.000000000000000000, 1.000000000000000000 ) ) ;
#2397 = CARTESIAN_POINT ( 'NONE',  ( 3.750000000000000000, -3.799999999999999822, -0.1500000000000000222 ) ) ;
#2398 = VECTOR ( 'NONE', #2215, 1000.000000000000000 ) ;
#2399 = DIRECTION ( 'NONE',  ( 1.000000000000000000, 0.000000000000000000, 0.000000000000000000 ) ) ;
#2400 = EDGE_LOOP ( 'NONE', ( #1318, #248, #1387, #2248 ) ) ;
#2401 = SURFACE_STYLE_USAGE ( .BOTH. , #2001 ) ;
#2402 = VERTEX_POINT ( 'NONE', #1880 ) ;
#2403 = DIRECTION ( 'NONE',  ( 1.000000000000000000, 0.000000000000000000, -0.000000000000000000 ) ) ;
#2404 = STYLED_ITEM ( 'NONE', ( #1737 ), #404 ) ;
#2405 = CARTESIAN_POINT ( 'NONE',  ( -0.2499999999999996669, -3.799999999999999822, -0.1500000000000000222 ) ) ;
#2406 = PRESENTATION_STYLE_ASSIGNMENT (( #1623 ) ) ;
#2407 = VERTEX_POINT ( 'NONE', #802 ) ;
#2408 = ADVANCED_FACE ( 'NONE', ( #25 ), #2323, .F. ) ;
#2409 = DIRECTION ( 'NONE',  ( 0.000000000000000000, 0.9985978335237490899, -0.05293738642655766019 ) ) ;
#2410 = FILL_AREA_STYLE_COLOUR ( '', #2175 ) ;
#2411 = FACE_OUTER_BOUND ( 'NONE', #1947, .T. ) ;
#2412 = COLOUR_RGB ( '',0.9882352941176471006, 0.7372549019607843590, 0.5137254901960783826 ) ;
#2413 = CARTESIAN_POINT ( 'NONE',  ( 0.9999999999999997780, 3.599999999999998757, 6.149999999999999467 ) ) ;
#2414 =( NAMED_UNIT ( * ) PLANE_ANGLE_UNIT ( ) SI_UNIT ( $, .RADIAN. ) );
#2415 = EDGE_CURVE ( 'NONE', #848, #309, #1565, .T. ) ;
#2416 = LINE ( 'NONE', #657, #698 ) ;
#2417 = DIRECTION ( 'NONE',  ( 0.000000000000000000, 1.000000000000000000, -0.000000000000000000 ) ) ;
#2418 = ORIENTED_EDGE ( 'NONE', *, *, #486, .T. ) ;
#2419 = LINE ( 'NONE', #827, #388 ) ;
#2420 = ORIENTED_EDGE ( 'NONE', *, *, #1149, .T. ) ;
#2421 = LINE ( 'NONE', #1027, #1305 ) ;
#2422 = LINE ( 'NONE', #1462, #1475 ) ;
#2423 = LINE ( 'NONE', #2040, #1788 ) ;
#2424 = ORIENTED_EDGE ( 'NONE', *, *, #2004, .T. ) ;
#2425 = VECTOR ( 'NONE', #1656, 1000.000000000000000 ) ;
#2426 = PRESENTATION_LAYER_ASSIGNMENT (  '', '', ( #1613 ) ) ;
#2427 =( NAMED_UNIT ( * ) SI_UNIT ( $, .STERADIAN. ) SOLID_ANGLE_UNIT ( ) );
#2428 = FACE_OUTER_BOUND ( 'NONE', #1293, .T. ) ;
#2429 = FACE_OUTER_BOUND ( 'NONE', #1033, .T. ) ;
#2430 = STYLED_ITEM ( 'NONE', ( #686 ), #1591 ) ;
#2431 = MECHANICAL_DESIGN_GEOMETRIC_PRESENTATION_REPRESENTATION (  '', ( #999 ), #2162 ) ;
#2432 =( NAMED_UNIT ( * ) PLANE_ANGLE_UNIT ( ) SI_UNIT ( $, .RADIAN. ) );
#2433 = EDGE_LOOP ( 'NONE', ( #821, #1632, #2142, #614 ) ) ;
#2434 = ADVANCED_FACE ( 'NONE', ( #1198 ), #986, .T. ) ;
#2435 = CIRCLE ( 'NONE', #889, 0.2500000000000002220 ) ;
#2436 = CARTESIAN_POINT ( 'NONE',  ( 5.899999999999999467, -2.500000000000000444, 0.1499999999999999667 ) ) ;
#2437 = ORIENTED_EDGE ( 'NONE', *, *, #345, .F. ) ;
#2438 = DIRECTION ( 'NONE',  ( 0.000000000000000000, 0.000000000000000000, -1.000000000000000000 ) ) ;
#2439 = LINE ( 'NONE', #2464, #1953 ) ;
#2440 = AXIS2_PLACEMENT_3D ( 'NONE', #1955, #786, #192 ) ;
#2441 = CARTESIAN_POINT ( 'NONE',  ( 6.299999999999999822, 4.699999999999999289, 2.149999999999999911 ) ) ;
#2442 = ORIENTED_EDGE ( 'NONE', *, *, #131, .F. ) ;
#2443 = CARTESIAN_POINT ( 'NONE',  ( -3.749999999999999112, -3.800000000000000711, 0.2500000000000000000 ) ) ;
#2444 = DIRECTION ( 'NONE',  ( 0.000000000000000000, -0.000000000000000000, 1.000000000000000000 ) ) ;
#2445 = PRESENTATION_STYLE_ASSIGNMENT (( #520 ) ) ;
#2446 = EDGE_LOOP ( 'NONE', ( #1350, #973, #1094, #2129 ) ) ;
#2447 = SURFACE_STYLE_USAGE ( .BOTH. , #1513 ) ;
#2448 = AXIS2_PLACEMENT_3D ( 'NONE', #1500, #2269, #331 ) ;
#2449 = CARTESIAN_POINT ( 'NONE',  ( 6.299999999999999822, 4.699999999999999289, -0.1500000000000003830 ) ) ;
#2450 = SURFACE_STYLE_FILL_AREA ( #2465 ) ;
#2451 = ADVANCED_FACE ( 'NONE', ( #1588 ), #602, .F. ) ;
#2452 = DIRECTION ( 'NONE',  ( 1.000000000000000000, 0.000000000000000000, -0.000000000000000000 ) ) ;
#2453 = VERTEX_POINT ( 'NONE', #1837 ) ;
#2454 = DIRECTION ( 'NONE',  ( 0.000000000000000000, 1.000000000000000000, 0.000000000000000000 ) ) ;
#2455 = CARTESIAN_POINT ( 'NONE',  ( 6.299999999999999822, 4.699999999999999289, 2.149999999999999911 ) ) ;
#2456 = VECTOR ( 'NONE', #1915, 1000.000000000000000 ) ;
#2457 = LINE ( 'NONE', #1310, #908 ) ;
#2458 = DIRECTION ( 'NONE',  ( 2.282530889443167515E-16, -1.000000000000000000, 0.000000000000000000 ) ) ;
#2459 = DIRECTION ( 'NONE',  ( 0.000000000000000000, 0.05293738642655764631, -0.9985978335237490899 ) ) ;
#2460 =( GEOMETRIC_REPRESENTATION_CONTEXT ( 3 ) GLOBAL_UNCERTAINTY_ASSIGNED_CONTEXT ( ( #1574 ) ) GLOBAL_UNIT_ASSIGNED_CONTEXT ( ( #2375, #622, #1636 ) ) REPRESENTATION_CONTEXT ( 'NONE', 'WORKASPACE' ) );
#2461 = CARTESIAN_POINT ( 'NONE',  ( -6.299999999999999822, 0.000000000000000000, -0.5000000000000000000 ) ) ;
#2462 = VERTEX_POINT ( 'NONE', #1647 ) ;
#2463 = DIRECTION ( 'NONE',  ( 0.000000000000000000, -0.000000000000000000, 1.000000000000000000 ) ) ;
#2464 = CARTESIAN_POINT ( 'NONE',  ( -5.899999999999999467, -2.799999999999999822, 0.1499999999999999667 ) ) ;
#2465 = FILL_AREA_STYLE ('',( #367 ) ) ;
#2466 = FILL_AREA_STYLE_COLOUR ( '', #2189 ) ;
#2467 = LINE ( 'NONE', #1833, #1708 ) ;
#2468 = ADVANCED_FACE ( 'NONE', ( #1039 ), #1440, .T. ) ;
#2469 = CARTESIAN_POINT ( 'NONE',  ( -4.249999999999999112, -6.123031769111885058E-17, -0.1500000000000000222 ) ) ;
#2470 = LINE ( 'NONE', #2123, #1997 ) ;
#2471 = PRESENTATION_LAYER_ASSIGNMENT (  '', '', ( #1456 ) ) ;
#2472 = DIRECTION ( 'NONE',  ( 0.000000000000000000, 0.000000000000000000, -1.000000000000000000 ) ) ;
#2473 = PRESENTATION_STYLE_ASSIGNMENT (( #1704 ) ) ;
#2474 = FACE_OUTER_BOUND ( 'NONE', #1315, .T. ) ;
#2475 = VECTOR ( 'NONE', #2068, 1000.000000000000000 ) ;
#2476 = CARTESIAN_POINT ( 'NONE',  ( -5.899999999999999467, -2.500000000000000444, -0.1500000000000005496 ) ) ;
#2477 =( NAMED_UNIT ( * ) PLANE_ANGLE_UNIT ( ) SI_UNIT ( $, .RADIAN. ) );
#2478 = MECHANICAL_DESIGN_GEOMETRIC_PRESENTATION_REPRESENTATION (  '', ( #585 ), #2344 ) ;
#2479 = MECHANICAL_DESIGN_GEOMETRIC_PRESENTATION_REPRESENTATION (  '', ( #843 ), #1379 ) ;
#2480 = FILL_AREA_STYLE_COLOUR ( '', #133 ) ;
#2481 = ORIENTED_EDGE ( 'NONE', *, *, #1936, .T. ) ;
#2482 = CARTESIAN_POINT ( 'NONE',  ( -3.100000000000000533, 0.000000000000000000, 2.149999999999999023 ) ) ;
#2483 = EDGE_CURVE ( 'NONE', #1185, #848, #875, .T. ) ;
#2484 = SURFACE_STYLE_USAGE ( .BOTH. , #1519 ) ;
#2485 =( NAMED_UNIT ( * ) PLANE_ANGLE_UNIT ( ) SI_UNIT ( $, .RADIAN. ) );
#2486 = FILL_AREA_STYLE_COLOUR ( '', #1587 ) ;
#2487 = DIRECTION ( 'NONE',  ( 1.000000000000000000, 1.141265444721583757E-16, -0.000000000000000000 ) ) ;
#2488 = PRESENTATION_LAYER_ASSIGNMENT (  '', '', ( #1319 ) ) ;
#2489 = LINE ( 'NONE', #1732, #1661 ) ;
#2490 = SURFACE_STYLE_FILL_AREA ( #1123 ) ;
#2491 = LINE ( 'NONE', #593, #1910 ) ;
#2492 = CIRCLE ( 'NONE', #1073, 0.6008424811846246882 ) ;
#2493 = EDGE_CURVE ( 'NONE', #1785, #35, #2419, .T. ) ;
#2494 = DIRECTION ( 'NONE',  ( 1.000000000000000000, 0.000000000000000000, 0.000000000000000000 ) ) ;
#2495 = ORIENTED_EDGE ( 'NONE', *, *, #207, .F. ) ;
#2496 = DIRECTION ( 'NONE',  ( -0.000000000000000000, 1.000000000000000000, 1.845450506358306065E-16 ) ) ;
#2497 =( NAMED_UNIT ( * ) SI_UNIT ( $, .STERADIAN. ) SOLID_ANGLE_UNIT ( ) );
#2498 = ADVANCED_FACE ( 'NONE', ( #1075 ), #2230, .F. ) ;
#2499 = AXIS2_PLACEMENT_3D ( 'NONE', #1687, #1497, #2262 ) ;
#2500 = SURFACE_STYLE_USAGE ( .BOTH. , #402 ) ;
#2501 = COLOUR_RGB ( '',0.9882352941176471006, 0.7372549019607843590, 0.5137254901960783826 ) ;
#2502 = DIRECTION ( 'NONE',  ( 1.000000000000000000, 0.000000000000000000, -0.000000000000000000 ) ) ;
#2503 = EDGE_CURVE ( 'NONE', #430, #2036, #1221, .T. ) ;
#2504 = PLANE ( 'NONE',  #796 ) ;
#2505 = DIRECTION ( 'NONE',  ( -0.000000000000000000, -0.000000000000000000, -1.000000000000000000 ) ) ;
#2506 = STYLED_ITEM ( 'NONE', ( #1309 ), #557 ) ;
#2507 = EDGE_LOOP ( 'NONE', ( #1752, #210, #948, #800 ) ) ;
#2508 = DIRECTION ( 'NONE',  ( 0.000000000000000000, -0.000000000000000000, 1.000000000000000000 ) ) ;
#2509 = DIRECTION ( 'NONE',  ( 1.000000000000000000, 0.000000000000000000, 0.000000000000000000 ) ) ;
#2510 = PRESENTATION_STYLE_ASSIGNMENT (( #184 ) ) ;
#2511 = STYLED_ITEM ( 'NONE', ( #1375 ), #1624 ) ;
#2512 = EDGE_CURVE ( 'NONE', #1222, #1116, #2051, .T. ) ;
#2513 = SURFACE_STYLE_FILL_AREA ( #965 ) ;
#2514 = VERTEX_POINT ( 'NONE', #534 ) ;
#2515 = VECTOR ( 'NONE', #1363, 1000.000000000000000 ) ;
#2516 = DIRECTION ( 'NONE',  ( 0.000000000000000000, 1.000000000000000000, 1.845450506358306065E-16 ) ) ;
#2517 = LINE ( 'NONE', #765, #1190 ) ;
#2518 = PRESENTATION_LAYER_ASSIGNMENT (  '', '', ( #1007 ) ) ;
#2519 = SURFACE_STYLE_FILL_AREA ( #2166 ) ;
#2520 = MECHANICAL_DESIGN_GEOMETRIC_PRESENTATION_REPRESENTATION (  '', ( #1107 ), #1514 ) ;
#2521 = DIRECTION ( 'NONE',  ( -1.000000000000000000, 0.000000000000000000, 0.000000000000000000 ) ) ;
#2522 = DIRECTION ( 'NONE',  ( 0.000000000000000000, 1.000000000000000000, 1.845450506358306065E-16 ) ) ;
#2523 = EDGE_LOOP ( 'NONE', ( #272, #1330, #2420, #1372 ) ) ;
#2524 = EDGE_CURVE ( 'NONE', #2407, #661, #2173, .T. ) ;
#2525 = COLOUR_RGB ( '',0.9882352941176471006, 0.7372549019607843590, 0.5137254901960783826 ) ;
#2526 = SURFACE_SIDE_STYLE ('',( #1391 ) ) ;
#2527 = CARTESIAN_POINT ( 'NONE',  ( -3.749999999999999112, -6.123031769111885058E-17, -0.1500000000000000222 ) ) ;
#2528 = ORIENTED_EDGE ( 'NONE', *, *, #330, .F. ) ;
ENDSEC;
END-ISO-10303-21;
