ISO-10303-21;
HEADER;
FILE_DESCRIPTION (( 'STEP AP214' ),
    '1' );
FILE_NAME ('User Library-RM-065.STEP',
    '2026-08-13T15:15:30',
    ( '' ),
    ( '' ),
    'SwSTEP 2.0',
    'SolidWorks 2022',
    '' );
FILE_SCHEMA (( 'AUTOMOTIVE_DESIGN' ));
ENDSEC;

DATA;
#1 = DIRECTION ( 'NONE',  ( -1.000000000000000000, 0.0000000000000000000, 0.0000000000000000000 ) ) ;
#2 = CARTESIAN_POINT ( 'NONE',  ( -2.019788281523609896, 3.328999999999989967, -4.142920367320510167 ) ) ;
#3 = LINE ( 'NONE', #1692, #6759 ) ;
#4 =( NAMED_UNIT ( * ) PLANE_ANGLE_UNIT ( ) SI_UNIT ( $, .RADIAN. ) );
#5 = LINE ( 'NONE', #3551, #3476 ) ;
#6 =( GEOMETRIC_REPRESENTATION_CONTEXT ( 3 ) GLOBAL_UNCERTAINTY_ASSIGNED_CONTEXT ( ( #5253 ) ) GLOBAL_UNIT_ASSIGNED_CONTEXT ( ( #4105, #550, #3528 ) ) REPRESENTATION_CONTEXT ( 'NONE', 'WORKASPACE' ) );
#7 = DIRECTION ( 'NONE',  ( 0.0000000000000000000, 0.0000000000000000000, 1.000000000000000000 ) ) ;
#8 = SHAPE_REPRESENTATION_RELATIONSHIP ( 'NONE' , 'NONE' ,  #4619, #5216 ) ;
#9 = ORIENTED_EDGE ( 'NONE', *, *, #4197, .T. ) ;
#10 = FILL_AREA_STYLE ('',( #4536 ) ) ;
#11 = DIRECTION ( 'NONE',  ( 0.0000000000000000000, 0.0000000000000000000, 1.000000000000000000 ) ) ;
#12 = CIRCLE ( 'NONE', #2082, 3.250000000000000444 ) ;
#13 =( LENGTH_UNIT ( ) NAMED_UNIT ( * ) SI_UNIT ( .MILLI., .METRE. ) );
#14 = CARTESIAN_POINT ( 'NONE',  ( 0.5000000000000000000, 0.0000000000000000000, -3.000000000000000000 ) ) ;
#15 = FILL_AREA_STYLE_COLOUR ( '', #6376 ) ;
#16 = AXIS2_PLACEMENT_3D ( 'NONE', #5639, #1677, #4003 ) ;
#17 = VECTOR ( 'NONE', #1696, 1000.000000000000114 ) ;
#18 = VERTEX_POINT ( 'NONE', #5582 ) ;
#19 = VERTEX_POINT ( 'NONE', #4966 ) ;
#20 = LINE ( 'NONE', #7042, #5877 ) ;
#21 = DIRECTION ( 'NONE',  ( 0.0000000000000000000, 1.000000000000000000, -1.715124499442879932E-15 ) ) ;
#22 = CARTESIAN_POINT ( 'NONE',  ( 0.7908746792755905197, -1.923597468397800103, -0.8172085837295711697 ) ) ;
#23 = LINE ( 'NONE', #981, #6634 ) ;
#24 = SURFACE_STYLE_USAGE ( .BOTH. , #2925 ) ;
#25 = COLOUR_RGB ( '',1.000000000000000000, 1.000000000000000000, 1.000000000000000000 ) ;
#26 = PRESENTATION_LAYER_ASSIGNMENT (  '', '', ( #7508 ) ) ;
#27 = EDGE_CURVE ( 'NONE', #6773, #3455, #1288, .T. ) ;
#28 = FILL_AREA_STYLE ('',( #4109 ) ) ;
#29 = VERTEX_POINT ( 'NONE', #7387 ) ;
#30 = CARTESIAN_POINT ( 'NONE',  ( 0.7908746792755909638, 5.000000000000000000, 4.114159265358980910 ) ) ;
#31 = MECHANICAL_DESIGN_GEOMETRIC_PRESENTATION_REPRESENTATION (  '', ( #761 ), #2585 ) ;
#32 = ORIENTED_EDGE ( 'NONE', *, *, #3074, .F. ) ;
#33 =( GEOMETRIC_REPRESENTATION_CONTEXT ( 3 ) GLOBAL_UNCERTAINTY_ASSIGNED_CONTEXT ( ( #3720 ) ) GLOBAL_UNIT_ASSIGNED_CONTEXT ( ( #7399, #6183, #2780 ) ) REPRESENTATION_CONTEXT ( 'NONE', 'WORKASPACE' ) );
#34 =( LENGTH_UNIT ( ) NAMED_UNIT ( * ) SI_UNIT ( .MILLI., .METRE. ) );
#35 = DIRECTION ( 'NONE',  ( -0.0000000000000000000, 5.551115123125780237E-17, 1.000000000000000000 ) ) ;
#36 = DIRECTION ( 'NONE',  ( -1.000000000000000000, 0.0000000000000000000, 0.0000000000000000000 ) ) ;
#37 = AXIS2_PLACEMENT_3D ( 'NONE', #2746, #549, #2784 ) ;
#38 = EDGE_CURVE ( 'NONE', #4633, #1072, #2422, .T. ) ;
#39 = EDGE_CURVE ( 'NONE', #766, #4069, #3884, .T. ) ;
#40 = CYLINDRICAL_SURFACE ( 'NONE', #7292, 3.250000000000000444 ) ;
#41 = VECTOR ( 'NONE', #2372, 1000.000000000000000 ) ;
#42 =( NAMED_UNIT ( * ) SI_UNIT ( $, .STERADIAN. ) SOLID_ANGLE_UNIT ( ) );
#43 = CARTESIAN_POINT ( 'NONE',  ( 0.8264261924309502794, 3.400714034727253310, -3.491349315229631323 ) ) ;
#44 = SURFACE_SIDE_STYLE ('',( #2404 ) ) ;
#45 =( LENGTH_UNIT ( ) NAMED_UNIT ( * ) SI_UNIT ( .MILLI., .METRE. ) );
#46 = AXIS2_PLACEMENT_3D ( 'NONE', #2572, #3225, #5549 ) ;
#47 = EDGE_LOOP ( 'NONE', ( #5634, #2164, #7313, #7022 ) ) ;
#48 = CARTESIAN_POINT ( 'NONE',  ( -2.000000000000000000, 0.0000000000000000000, 2.000000000000000000 ) ) ;
#49 = EDGE_CURVE ( 'NONE', #5059, #4472, #3007, .T. ) ;
#50 = CARTESIAN_POINT ( 'NONE',  ( -0.3868562485163580811, -2.694836366436269781, 1.025711783590940174 ) ) ;
#51 =( GEOMETRIC_REPRESENTATION_CONTEXT ( 3 ) GLOBAL_UNCERTAINTY_ASSIGNED_CONTEXT ( ( #2883 ) ) GLOBAL_UNIT_ASSIGNED_CONTEXT ( ( #6601, #4345, #4960 ) ) REPRESENTATION_CONTEXT ( 'NONE', 'WORKASPACE' ) );
#52 = DIRECTION ( 'NONE',  ( 0.0000000000000000000, 0.0000000000000000000, 1.000000000000000000 ) ) ;
#53 = CARTESIAN_POINT ( 'NONE',  ( -0.009125320724409342540, 1.521921473114909995, -1.353677423306480110 ) ) ;
#54 = ITEM_DEFINED_TRANSFORMATION ( 'NONE', 'NONE', #2273,  #5078 ) ;
#55 = VERTEX_POINT ( 'NONE', #5337 ) ;
#56 = COLOUR_RGB ( '',1.000000000000000000, 1.000000000000000000, 1.000000000000000000 ) ;
#57 = CARTESIAN_POINT ( 'NONE',  ( 2.299999999999999822, 1.199999999999999956, 0.5000000000000000000 ) ) ;
#58 = CARTESIAN_POINT ( 'NONE',  ( -0.8197882815236110510, 3.329000000000000181, 0.0000000000000000000 ) ) ;
#59 = UNCERTAINTY_MEASURE_WITH_UNIT (LENGTH_MEASURE( 1.000000000000000082E-05 ), #7569, 'distance_accuracy_value', 'NONE');
#60 = FACE_OUTER_BOUND ( 'NONE', #124, .T. ) ;
#61 = VECTOR ( 'NONE', #6586, 1000.000000000000000 ) ;
#62 = ORIENTED_EDGE ( 'NONE', *, *, #5393, .T. ) ;
#63 = EDGE_LOOP ( 'NONE', ( #3787, #3045, #4929, #1561 ) ) ;
#64 = FILL_AREA_STYLE_COLOUR ( '', #1616 ) ;
#65 = DIRECTION ( 'NONE',  ( -4.360949244806119672E-31, 1.000000000000000000, -2.299772473882583253E-46 ) ) ;
#66 = FILL_AREA_STYLE_COLOUR ( '', #4261 ) ;
#67 = PRESENTATION_LAYER_ASSIGNMENT (  '', '', ( #5790 ) ) ;
#68 = COLOUR_RGB ( '',0.0000000000000000000, 0.0000000000000000000, 1.000000000000000000 ) ;
#69 = VECTOR ( 'NONE', #5539, 1000.000000000000000 ) ;
#70 = UNCERTAINTY_MEASURE_WITH_UNIT (LENGTH_MEASURE( 1.000000000000000082E-05 ), #4244, 'distance_accuracy_value', 'NONE');
#71 = SURFACE_SIDE_STYLE ('',( #5217 ) ) ;
#72 = CARTESIAN_POINT ( 'NONE',  ( -0.5000000000000000000, 0.0000000000000000000, -5.000000000000000000 ) ) ;
#73 = ORIENTED_EDGE ( 'NONE', *, *, #2279, .T. ) ;
#74 = DIRECTION ( 'NONE',  ( 1.000000000000000000, 0.0000000000000000000, -0.0000000000000000000 ) ) ;
#75 = PLANE ( 'NONE',  #4077 ) ;
#76 = ORIENTED_EDGE ( 'NONE', *, *, #92, .T. ) ;
#77 = PRESENTATION_LAYER_ASSIGNMENT (  '', '', ( #4683 ) ) ;
#78 = VECTOR ( 'NONE', #2096, 1000.000000000000000 ) ;
#79 =( NAMED_UNIT ( * ) PLANE_ANGLE_UNIT ( ) SI_UNIT ( $, .RADIAN. ) );
#80 = AXIS2_PLACEMENT_3D ( 'NONE', #4116, #36, #2974 ) ;
#81 = VECTOR ( 'NONE', #4806, 1000.000000000000000 ) ;
#82 = PRESENTATION_LAYER_ASSIGNMENT (  '', '', ( #6687 ) ) ;
#83 = DIRECTION ( 'NONE',  ( -0.0000000000000000000, 0.0000000000000000000, -1.000000000000000000 ) ) ;
#84 = LINE ( 'NONE', #6549, #3229 ) ;
#85 = FILL_AREA_STYLE ('',( #4754 ) ) ;
#86 = SURFACE_STYLE_USAGE ( .BOTH. , #4047 ) ;
#87 = DIRECTION ( 'NONE',  ( 0.0000000000000000000, -0.0000000000000000000, -1.000000000000000000 ) ) ;
#88 = ORIENTED_EDGE ( 'NONE', *, *, #2279, .F. ) ;
#89 = PRESENTATION_LAYER_ASSIGNMENT (  '', '', ( #2516 ) ) ;
#90 = EDGE_CURVE ( 'NONE', #3868, #3067, #7164, .T. ) ;
#91 = VERTEX_POINT ( 'NONE', #5980 ) ;
#92 = EDGE_CURVE ( 'NONE', #3128, #3498, #2430, .T. ) ;
#93 = CARTESIAN_POINT ( 'NONE',  ( -0.8091253207244083478, -1.131459044838246886, -0.2836276823554236826 ) ) ;
#94 = LINE ( 'NONE', #497, #5684 ) ;
#95 = SURFACE_SIDE_STYLE ('',( #214 ) ) ;
#96 = DIRECTION ( 'NONE',  ( -1.000000000000000000, -0.0000000000000000000, -0.0000000000000000000 ) ) ;
#97 = DIRECTION ( 'NONE',  ( 0.0000000000000000000, 0.0000000000000000000, 1.000000000000000000 ) ) ;
#98 =( NAMED_UNIT ( * ) PLANE_ANGLE_UNIT ( ) SI_UNIT ( $, .RADIAN. ) );
#99 = APPLICATION_PROTOCOL_DEFINITION ( 'draft international standard', 'automotive_design', 1998, #1920 ) ;
#100 = ORIENTED_EDGE ( 'NONE', *, *, #5762, .T. ) ;
#101 = ADVANCED_FACE ( 'NONE', ( #1870 ), #1911, .F. ) ;
#102 = SURFACE_SIDE_STYLE ('',( #6051 ) ) ;
#103 = FILL_AREA_STYLE ('',( #1189 ) ) ;
#104 = PLANE ( 'NONE',  #885 ) ;
#105 = VERTEX_POINT ( 'NONE', #7189 ) ;
#106 = VERTEX_POINT ( 'NONE', #4727 ) ;
#107 = EDGE_CURVE ( 'NONE', #2619, #689, #7104, .T. ) ;
#108 = CYLINDRICAL_SURFACE ( 'NONE', #986, 0.5000000000000000000 ) ;
#109 = DIRECTION ( 'NONE',  ( -1.000000000000000000, 0.0000000000000000000, 0.0000000000000000000 ) ) ;
#110 = CARTESIAN_POINT ( 'NONE',  ( -0.7196857906303469887, 1.069077102295559634, 0.6207895576009407890 ) ) ;
#111 = CARTESIAN_POINT ( 'NONE',  ( 0.9715374277558781468, 2.400000000000000355, -1.126025995435748328 ) ) ;
#112 = CARTESIAN_POINT ( 'NONE',  ( -0.8091253207244090140, 5.000000000000009770, 4.163390312291140205 ) ) ;
#113 = CARTESIAN_POINT ( 'NONE',  ( 0.7802117184763890378, 3.329000000000000181, 3.486079632679489837 ) ) ;
#114 = FILL_AREA_STYLE ('',( #2898 ) ) ;
#115 = PRESENTATION_LAYER_ASSIGNMENT (  '', '', ( #3765 ) ) ;
#116 = ORIENTED_EDGE ( 'NONE', *, *, #2188, .F. ) ;
#117 = CARTESIAN_POINT ( 'NONE',  ( -1.406253083519913627, 2.342467299939957837, -0.4482915149229058649 ) ) ;
#118 = PLANE ( 'NONE',  #1226 ) ;
#119 = CARTESIAN_POINT ( 'NONE',  ( 0.7908746792755909638, 4.799999999999999822, 0.0000000000000000000 ) ) ;
#120 = LINE ( 'NONE', #6427, #5015 ) ;
#121 = CARTESIAN_POINT ( 'NONE',  ( -0.8091253207244090140, 2.699999999999998401, -6.860497997771554834E-16 ) ) ;
#122 = CARTESIAN_POINT ( 'NONE',  ( 0.7302117184763923241, 3.528999999999995918, -1.798920367320509195 ) ) ;
#123 = CARTESIAN_POINT ( 'NONE',  ( 0.1388549011667369881, 2.699999999999999734, -4.961676478456544569E-16 ) ) ;
#124 = EDGE_LOOP ( 'NONE', ( #4591, #5824, #4498, #1937 ) ) ;
#125 = ORIENTED_EDGE ( 'NONE', *, *, #959, .T. ) ;
#126 = CARTESIAN_POINT ( 'NONE',  ( -0.8091253207244090140, 2.699999999999997513, -0.5429203673205119651 ) ) ;
#127 =( NAMED_UNIT ( * ) PLANE_ANGLE_UNIT ( ) SI_UNIT ( $, .RADIAN. ) );
#128 = EDGE_CURVE ( 'NONE', #6396, #1607, #1267, .T. ) ;
#129 = CARTESIAN_POINT ( 'NONE',  ( 0.7908746792755905197, -1.523597468397799970, -0.5100289067571218693 ) ) ;
#130 = CARTESIAN_POINT ( 'NONE',  ( 0.0000000000000000000, 0.0000000000000000000, 0.0000000000000000000 ) ) ;
#131 = VERTEX_POINT ( 'NONE', #3512 ) ;
#132 = CARTESIAN_POINT ( 'NONE',  ( -2.299999999999999822, 2.399999999999999911, -0.5000000000000000000 ) ) ;
#133 = CARTESIAN_POINT ( 'NONE',  ( 0.7908746792755910748, -1.131459044838249994, -0.2836276823554202409 ) ) ;
#134 = UNCERTAINTY_MEASURE_WITH_UNIT (LENGTH_MEASURE( 1.000000000000000082E-05 ), #2315, 'distance_accuracy_value', 'NONE');
#135 = DIRECTION ( 'NONE',  ( 0.0000000000000000000, -0.8660254037844384856, 0.5000000000000003331 ) ) ;
#136 = ADVANCED_FACE ( 'NONE', ( #5845 ), #5533, .T. ) ;
#137 = SURFACE_STYLE_FILL_AREA ( #5332 ) ;
#138 = VERTEX_POINT ( 'NONE', #2867 ) ;
#139 = ORIENTED_EDGE ( 'NONE', *, *, #1300, .T. ) ;
#140 = ADVANCED_BREP_SHAPE_REPRESENTATION ( '', ( #6280, #5078 ), #5694 ) ;
#141 = STYLED_ITEM ( 'NONE', ( #6063 ), #586 ) ;
#142 = PRESENTATION_LAYER_ASSIGNMENT (  '', '', ( #380 ) ) ;
#143 = SURFACE_STYLE_FILL_AREA ( #7277 ) ;
#144 = STYLED_ITEM ( 'NONE', ( #2180 ), #1912 ) ;
#145 = EDGE_CURVE ( 'NONE', #943, #5872, #5108, .T. ) ;
#146 = DIRECTION ( 'NONE',  ( 0.0000000000000000000, -1.000000000000000000, 0.0000000000000000000 ) ) ;
#147 = COLOUR_RGB ( '',0.8666666666666666963, 0.8666666666666666963, 0.8666666666666666963 ) ;
#148 = CARTESIAN_POINT ( 'NONE',  ( 1.697056274847710045, 0.0000000000000000000, 2.100000000000000089 ) ) ;
#149 =( NAMED_UNIT ( * ) PLANE_ANGLE_UNIT ( ) SI_UNIT ( $, .RADIAN. ) );
#150 = ORIENTED_EDGE ( 'NONE', *, *, #274, .F. ) ;
#151 = ORIENTED_EDGE ( 'NONE', *, *, #2761, .F. ) ;
#152 = VECTOR ( 'NONE', #7220, 1000.000000000000000 ) ;
#153 = CARTESIAN_POINT ( 'NONE',  ( 0.7908746792755908528, 2.899999999999999911, 0.2000000000000000111 ) ) ;
#154 = CARTESIAN_POINT ( 'NONE',  ( -2.299999999999999822, 1.199999999999999956, 0.5000000000000000000 ) ) ;
#155 = VECTOR ( 'NONE', #5249, 1000.000000000000000 ) ;
#156 = AXIS2_PLACEMENT_3D ( 'NONE', #50, #5844, #694 ) ;
#157 = SURFACE_STYLE_FILL_AREA ( #7094 ) ;
#158 = CARTESIAN_POINT ( 'NONE',  ( 0.5000000000000000000, 0.0000000000000000000, 5.000000000000000000 ) ) ;
#159 =( GEOMETRIC_REPRESENTATION_CONTEXT ( 3 ) GLOBAL_UNCERTAINTY_ASSIGNED_CONTEXT ( ( #2892 ) ) GLOBAL_UNIT_ASSIGNED_CONTEXT ( ( #3057, #3783, #6001 ) ) REPRESENTATION_CONTEXT ( 'NONE', 'WORKASPACE' ) );
#160 = PRESENTATION_STYLE_ASSIGNMENT (( #5993 ) ) ;
#161 = LINE ( 'NONE', #1882, #6033 ) ;
#162 = LINE ( 'NONE', #4835, #3913 ) ;
#163 = VECTOR ( 'NONE', #1805, 1000.000000000000000 ) ;
#164 = ORIENTED_EDGE ( 'NONE', *, *, #1717, .T. ) ;
#165 = STYLED_ITEM ( 'NONE', ( #6535 ), #5352 ) ;
#166 = ORIENTED_EDGE ( 'NONE', *, *, #452, .F. ) ;
#167 = CARTESIAN_POINT ( 'NONE',  ( 0.0000000000000000000, 0.0000000000000000000, 2.000000000000000000 ) ) ;
#168 =( GEOMETRIC_REPRESENTATION_CONTEXT ( 3 ) GLOBAL_UNCERTAINTY_ASSIGNED_CONTEXT ( ( #3733 ) ) GLOBAL_UNIT_ASSIGNED_CONTEXT ( ( #34, #79, #6032 ) ) REPRESENTATION_CONTEXT ( 'NONE', 'WORKASPACE' ) );
#169 = VECTOR ( 'NONE', #5291, 1000.000000000000000 ) ;
#170 =( LENGTH_UNIT ( ) NAMED_UNIT ( * ) SI_UNIT ( .MILLI., .METRE. ) );
#171 = CARTESIAN_POINT ( 'NONE',  ( 1.130211718476388905, 3.328999999999998405, -1.798920367320509195 ) ) ;
#172 = FILL_AREA_STYLE ('',( #4090 ) ) ;
#173 = DIRECTION ( 'NONE',  ( -1.000000000000000000, 0.0000000000000000000, 0.0000000000000000000 ) ) ;
#174 = CARTESIAN_POINT ( 'NONE',  ( -0.5000000000000000000, 1.699999999999999956, 1.600000000000000089 ) ) ;
#175 = AXIS2_PLACEMENT_3D ( 'NONE', #3160, #1570, #7325 ) ;
#176 =( GEOMETRIC_REPRESENTATION_CONTEXT ( 3 ) GLOBAL_UNCERTAINTY_ASSIGNED_CONTEXT ( ( #6192 ) ) GLOBAL_UNIT_ASSIGNED_CONTEXT ( ( #1030, #7496, #6323 ) ) REPRESENTATION_CONTEXT ( 'NONE', 'WORKASPACE' ) );
#177 = ORIENTED_EDGE ( 'NONE', *, *, #7309, .T. ) ;
#178 =( GEOMETRIC_REPRESENTATION_CONTEXT ( 3 ) GLOBAL_UNCERTAINTY_ASSIGNED_CONTEXT ( ( #6954 ) ) GLOBAL_UNIT_ASSIGNED_CONTEXT ( ( #4500, #5622, #2777 ) ) REPRESENTATION_CONTEXT ( 'NONE', 'WORKASPACE' ) );
#179 = CARTESIAN_POINT ( 'NONE',  ( -0.1528146411127589976, 4.800000000000003375, -0.04292036732051005693 ) ) ;
#180 = FACE_OUTER_BOUND ( 'NONE', #3033, .T. ) ;
#181 =( LENGTH_UNIT ( ) NAMED_UNIT ( * ) SI_UNIT ( .MILLI., .METRE. ) );
#182 = ORIENTED_EDGE ( 'NONE', *, *, #5720, .F. ) ;
#183 = VECTOR ( 'NONE', #2141, 1000.000000000000000 ) ;
#184 = EDGE_LOOP ( 'NONE', ( #7158, #2009, #2355, #2406 ) ) ;
#185 = DIRECTION ( 'NONE',  ( 0.0000000000000000000, 1.715124499442879932E-15, 1.000000000000000000 ) ) ;
#186 = CARTESIAN_POINT ( 'NONE',  ( -2.299999999999999822, 2.399999999999999911, 0.5000000000000000000 ) ) ;
#187 = EDGE_CURVE ( 'NONE', #6764, #5806, #3424, .T. ) ;
#188 = CARTESIAN_POINT ( 'NONE',  ( -0.009125320724409181211, 0.8712388980384683235, -0.8429203673205120095 ) ) ;
#189 = ADVANCED_FACE ( 'NONE', ( #7526 ), #4568, .T. ) ;
#190 = DIRECTION ( 'NONE',  ( -0.0000000000000000000, 5.551115123125780237E-17, 1.000000000000000000 ) ) ;
#191 = PRESENTATION_LAYER_ASSIGNMENT (  '', '', ( #2982 ) ) ;
#192 = DIRECTION ( 'NONE',  ( -1.000000000000000000, -0.0000000000000000000, -0.0000000000000000000 ) ) ;
#193 = FILL_AREA_STYLE_COLOUR ( '', #203 ) ;
#194 = SURFACE_STYLE_USAGE ( .BOTH. , #2858 ) ;
#195 = ORIENTED_EDGE ( 'NONE', *, *, #2472, .F. ) ;
#196 = ORIENTED_EDGE ( 'NONE', *, *, #4694, .T. ) ;
#197 = STYLED_ITEM ( 'NONE', ( #5284 ), #4585 ) ;
#198 = MECHANICAL_DESIGN_GEOMETRIC_PRESENTATION_REPRESENTATION (  '', ( #3589 ), #423 ) ;
#199 = CARTESIAN_POINT ( 'NONE',  ( -0.009125320724409342540, 0.7712388980384690118, -0.3429203673205150071 ) ) ;
#200 = ADVANCED_FACE ( 'NONE', ( #5346 ), #1178, .T. ) ;
#201 =( NAMED_UNIT ( * ) PLANE_ANGLE_UNIT ( ) SI_UNIT ( $, .RADIAN. ) );
#202 = SURFACE_STYLE_FILL_AREA ( #718 ) ;
#203 = COLOUR_RGB ( '',0.8666666666666666963, 0.8666666666666666963, 0.8666666666666666963 ) ;
#204 = CIRCLE ( 'NONE', #424, 0.2000000000000000111 ) ;
#205 = LINE ( 'NONE', #6551, #6287 ) ;
#206 = LINE ( 'NONE', #1491, #3657 ) ;
#207 = ORIENTED_EDGE ( 'NONE', *, *, #3064, .F. ) ;
#208 = ORIENTED_EDGE ( 'NONE', *, *, #7134, .F. ) ;
#209 = EDGE_CURVE ( 'NONE', #703, #7181, #1137, .T. ) ;
#210 = PRESENTATION_LAYER_ASSIGNMENT (  '', '', ( #4688 ) ) ;
#211 = STYLED_ITEM ( 'NONE', ( #949 ), #7370 ) ;
#212 = STYLED_ITEM ( 'NONE', ( #4534 ), #4130 ) ;
#213 = CARTESIAN_POINT ( 'NONE',  ( -0.009125320724410102349, -1.923597468397800103, -0.6172085837295704369 ) ) ;
#214 = SURFACE_STYLE_FILL_AREA ( #770 ) ;
#215 =( NAMED_UNIT ( * ) PLANE_ANGLE_UNIT ( ) SI_UNIT ( $, .RADIAN. ) );
#216 =( GEOMETRIC_REPRESENTATION_CONTEXT ( 3 ) GLOBAL_UNCERTAINTY_ASSIGNED_CONTEXT ( ( #4468 ) ) GLOBAL_UNIT_ASSIGNED_CONTEXT ( ( #1624, #4460, #6839 ) ) REPRESENTATION_CONTEXT ( 'NONE', 'WORKASPACE' ) );
#217 = SURFACE_SIDE_STYLE ('',( #5966 ) ) ;
#218 = STYLED_ITEM ( 'NONE', ( #1143 ), #4397 ) ;
#219 = VERTEX_POINT ( 'NONE', #1809 ) ;
#220 = FACE_OUTER_BOUND ( 'NONE', #4851, .T. ) ;
#221 = LINE ( 'NONE', #4813, #5167 ) ;
#222 = COLOUR_RGB ( '',0.7921568627450980005, 0.8196078431372548767, 0.9333333333333333481 ) ;
#223 = UNCERTAINTY_MEASURE_WITH_UNIT (LENGTH_MEASURE( 1.000000000000000082E-05 ), #3872, 'distance_accuracy_value', 'NONE');
#224 = FACE_OUTER_BOUND ( 'NONE', #4649, .T. ) ;
#225 = VERTEX_POINT ( 'NONE', #564 ) ;
#226 = ORIENTED_EDGE ( 'NONE', *, *, #827, .T. ) ;
#227 = CARTESIAN_POINT ( 'NONE',  ( -0.3868562485163580811, -2.694836366436269781, 0.02571178359094168295 ) ) ;
#228 = DIRECTION ( 'NONE',  ( 0.0000000000000000000, 0.0000000000000000000, 1.000000000000000000 ) ) ;
#229 = PRODUCT_RELATED_PRODUCT_CATEGORY ( 'part', '', ( #811 ) ) ;
#230 = EDGE_CURVE ( 'NONE', #1016, #5347, #688, .T. ) ;
#231 = SURFACE_STYLE_USAGE ( .BOTH. , #7238 ) ;
#232 = ORIENTED_EDGE ( 'NONE', *, *, #5527, .T. ) ;
#233 = ORIENTED_EDGE ( 'NONE', *, *, #5260, .F. ) ;
#234 = FILL_AREA_STYLE_COLOUR ( '', #6988 ) ;
#235 = FACE_OUTER_BOUND ( 'NONE', #4930, .T. ) ;
#236 = DIRECTION ( 'NONE',  ( -0.0000000000000000000, 0.0000000000000000000, -1.000000000000000000 ) ) ;
#237 = ADVANCED_FACE ( 'NONE', ( #4119 ), #6511, .T. ) ;
#238 = DIRECTION ( 'NONE',  ( -0.0000000000000000000, 0.0000000000000000000, -1.000000000000000000 ) ) ;
#239 = ORIENTED_EDGE ( 'NONE', *, *, #1684, .F. ) ;
#240 = CARTESIAN_POINT ( 'NONE',  ( 1.132199098191760068E-16, -0.2999999999999999889, 2.100000000000000089 ) ) ;
#241 = FILL_AREA_STYLE_COLOUR ( '', #7170 ) ;
#242 = FACE_OUTER_BOUND ( 'NONE', #7031, .T. ) ;
#243 = ADVANCED_FACE ( 'NONE', ( #6590, #1998 ), #2480, .T. ) ;
#244 = CARTESIAN_POINT ( 'NONE',  ( -0.8091253207244085699, -0.03145904483824735892, -0.4568327631123104138 ) ) ;
#245 = EDGE_LOOP ( 'NONE', ( #710, #6874, #2983, #7463 ) ) ;
#246 = SURFACE_STYLE_FILL_AREA ( #2645 ) ;
#247 = CARTESIAN_POINT ( 'NONE',  ( 0.1041961453065090026, 3.329000000000000181, 0.2000000000000000111 ) ) ;
#248 = CARTESIAN_POINT ( 'NONE',  ( -2.299999999999999822, 2.700000000000000178, -0.5000000000000000000 ) ) ;
#249 = ORIENTED_EDGE ( 'NONE', *, *, #5960, .F. ) ;
#250 = VERTEX_POINT ( 'NONE', #3661 ) ;
#251 =( LENGTH_UNIT ( ) NAMED_UNIT ( * ) SI_UNIT ( .MILLI., .METRE. ) );
#252 =( NAMED_UNIT ( * ) SI_UNIT ( $, .STERADIAN. ) SOLID_ANGLE_UNIT ( ) );
#253 = SURFACE_STYLE_FILL_AREA ( #1405 ) ;
#254 = COLOUR_RGB ( '',1.000000000000000000, 1.000000000000000000, 1.000000000000000000 ) ;
#255 = DIRECTION ( 'NONE',  ( -0.0000000000000000000, -0.0000000000000000000, -1.000000000000000000 ) ) ;
#256 = CIRCLE ( 'NONE', #2934, 2.700000000000000178 ) ;
#257 =( NAMED_UNIT ( * ) PLANE_ANGLE_UNIT ( ) SI_UNIT ( $, .RADIAN. ) );
#258 = ORIENTED_EDGE ( 'NONE', *, *, #6252, .T. ) ;
#259 = VERTEX_POINT ( 'NONE', #6740 ) ;
#260 = FILL_AREA_STYLE_COLOUR ( '', #282 ) ;
#261 = MECHANICAL_DESIGN_GEOMETRIC_PRESENTATION_REPRESENTATION (  '', ( #7367 ), #979 ) ;
#262 = PRESENTATION_LAYER_ASSIGNMENT (  '', '', ( #748 ) ) ;
#263 = EDGE_CURVE ( 'NONE', #6141, #5872, #598, .T. ) ;
#264 = VECTOR ( 'NONE', #393, 1000.000000000000000 ) ;
#265 = DIRECTION ( 'NONE',  ( -5.382899513334089508E-16, 1.715124499442879932E-15, 1.000000000000000000 ) ) ;
#266 = DIRECTION ( 'NONE',  ( -3.832379218072619739E-32, -1.000000000000000000, 4.890569709194473206E-48 ) ) ;
#267 =( NAMED_UNIT ( * ) PLANE_ANGLE_UNIT ( ) SI_UNIT ( $, .RADIAN. ) );
#268 = PRODUCT_DEFINITION_SHAPE ( 'NONE', 'NONE',  #7595 ) ;
#269 = CIRCLE ( 'NONE', #5262, 0.2999999999999999334 ) ;
#270 = ORIENTED_EDGE ( 'NONE', *, *, #6639, .T. ) ;
#271 = MECHANICAL_DESIGN_GEOMETRIC_PRESENTATION_REPRESENTATION (  '', ( #751 ), #6998 ) ;
#272 = SURFACE_STYLE_USAGE ( .BOTH. , #6709 ) ;
#273 = FILL_AREA_STYLE ('',( #722 ) ) ;
#274 = EDGE_CURVE ( 'NONE', #5941, #4860, #5995, .T. ) ;
#275 = COLOUR_RGB ( '',1.000000000000000000, 1.000000000000000000, 1.000000000000000000 ) ;
#276 = PRESENTATION_LAYER_ASSIGNMENT (  '', '', ( #1374 ) ) ;
#277 = CARTESIAN_POINT ( 'NONE',  ( -0.8091253207244090140, 2.899999999999997247, -0.5429203673205111880 ) ) ;
#278 = STYLED_ITEM ( 'NONE', ( #5756 ), #6205 ) ;
#279 = DIRECTION ( 'NONE',  ( 2.689993498220789817E-16, 1.000000000000000000, 0.0000000000000000000 ) ) ;
#280 =( NAMED_UNIT ( * ) PLANE_ANGLE_UNIT ( ) SI_UNIT ( $, .RADIAN. ) );
#281 = AXIS2_PLACEMENT_3D ( 'NONE', #4855, #190, #4784 ) ;
#282 = COLOUR_RGB ( '',0.8666666666666666963, 0.8666666666666666963, 0.8666666666666666963 ) ;
#283 = ORIENTED_EDGE ( 'NONE', *, *, #381, .T. ) ;
#284 = CARTESIAN_POINT ( 'NONE',  ( -1.169788281523610252, 3.329000000000000181, -1.798920367320509861 ) ) ;
#285 = CARTESIAN_POINT ( 'NONE',  ( -0.8091253207244089030, 5.000000000000000888, -4.540472023510944804E-16 ) ) ;
#286 = PRESENTATION_LAYER_ASSIGNMENT (  '', '', ( #2712 ) ) ;
#287 = EDGE_CURVE ( 'NONE', #4860, #7140, #162, .T. ) ;
#288 = CARTESIAN_POINT ( 'NONE',  ( -0.8197882815236110510, 0.0000000000000000000, 0.0000000000000000000 ) ) ;
#289 = PRESENTATION_LAYER_ASSIGNMENT (  '', '', ( #4414 ) ) ;
#290 = ORIENTED_EDGE ( 'NONE', *, *, #1914, .F. ) ;
#291 = ORIENTED_EDGE ( 'NONE', *, *, #494, .F. ) ;
#292 = CARTESIAN_POINT ( 'NONE',  ( -0.1528146411127589976, 0.06854095516175304215, -0.2836276823554192972 ) ) ;
#293 = STYLED_ITEM ( 'NONE', ( #507 ), #2791 ) ;
#294 = FACE_OUTER_BOUND ( 'NONE', #6327, .T. ) ;
#295 = PRESENTATION_LAYER_ASSIGNMENT (  '', '', ( #3103 ) ) ;
#296 = CYLINDRICAL_SURFACE ( 'NONE', #6420, 1.000000000000000000 ) ;
#297 = CARTESIAN_POINT ( 'NONE',  ( -1.396424004376893624, 2.399999999999999467, 0.5000000000000008882 ) ) ;
#298 = LINE ( 'NONE', #4940, #5557 ) ;
#299 = ORIENTED_EDGE ( 'NONE', *, *, #5018, .T. ) ;
#300 = ORIENTED_EDGE ( 'NONE', *, *, #7221, .T. ) ;
#301 = DIRECTION ( 'NONE',  ( 1.000000000000000000, -0.0000000000000000000, -0.0000000000000000000 ) ) ;
#302 = LINE ( 'NONE', #3094, #610 ) ;
#303 = FILL_AREA_STYLE_COLOUR ( '', #1149 ) ;
#304 = STYLED_ITEM ( 'NONE', ( #2403 ), #3254 ) ;
#305 = FILL_AREA_STYLE ('',( #3812 ) ) ;
#306 = PLANE ( 'NONE',  #1773 ) ;
#307 = PLANE ( 'NONE',  #6061 ) ;
#308 = CARTESIAN_POINT ( 'NONE',  ( -2.142428528562859924, 0.0000000000000000000, -7.709882115452470771E-17 ) ) ;
#309 = LINE ( 'NONE', #6627, #6909 ) ;
#310 =( LENGTH_UNIT ( ) NAMED_UNIT ( * ) SI_UNIT ( .MILLI., .METRE. ) );
#311 = AXIS2_PLACEMENT_3D ( 'NONE', #3090, #7208, #1444 ) ;
#312 = EDGE_LOOP ( 'NONE', ( #524, #3341, #7340, #531, #4121, #476, #6892 ) ) ;
#313 = DIRECTION ( 'NONE',  ( 0.0000000000000000000, 1.715124499442879932E-15, 1.000000000000000000 ) ) ;
#314 = CARTESIAN_POINT ( 'NONE',  ( -0.8091253207244090140, 0.7936893203883490511, 0.2000000000000000111 ) ) ;
#315 = PRESENTATION_LAYER_ASSIGNMENT (  '', '', ( #1778 ) ) ;
#316 = COLOUR_RGB ( '',0.8666666666666666963, 0.8666666666666666963, 0.8666666666666666963 ) ;
#317 = VECTOR ( 'NONE', #1834, 1000.000000000000000 ) ;
#318 = FILL_AREA_STYLE_COLOUR ( '', #4355 ) ;
#319 = EDGE_CURVE ( 'NONE', #6406, #5973, #206, .T. ) ;
#320 = EDGE_CURVE ( 'NONE', #91, #6088, #7217, .T. ) ;
#321 = COLOUR_RGB ( '',0.0000000000000000000, 0.0000000000000000000, 1.000000000000000000 ) ;
#322 = COLOUR_RGB ( '',0.8666666666666666963, 0.8666666666666666963, 0.8666666666666666963 ) ;
#323 = ORIENTED_EDGE ( 'NONE', *, *, #1192, .F. ) ;
#324 = FACE_OUTER_BOUND ( 'NONE', #4084, .T. ) ;
#325 = SURFACE_STYLE_FILL_AREA ( #6127 ) ;
#326 = AXIS2_PLACEMENT_3D ( 'NONE', #5201, #2908, #6469 ) ;
#327 = CARTESIAN_POINT ( 'NONE',  ( 0.7908746792755909638, 2.899999999999999911, 0.0000000000000000000 ) ) ;
#328 = VERTEX_POINT ( 'NONE', #1955 ) ;
#329 = EDGE_CURVE ( 'NONE', #3465, #5451, #6039, .T. ) ;
#330 = EDGE_LOOP ( 'NONE', ( #6449, #1262, #1480, #3165, #6079, #5247 ) ) ;
#331 = VERTEX_POINT ( 'NONE', #3818 ) ;
#332 = VECTOR ( 'NONE', #514, 1000.000000000000000 ) ;
#333 = FILL_AREA_STYLE_COLOUR ( '', #6526 ) ;
#334 =( LENGTH_UNIT ( ) NAMED_UNIT ( * ) SI_UNIT ( .MILLI., .METRE. ) );
#335 =( LENGTH_UNIT ( ) NAMED_UNIT ( * ) SI_UNIT ( .MILLI., .METRE. ) );
#336 = SURFACE_STYLE_FILL_AREA ( #2506 ) ;
#337 = FACE_OUTER_BOUND ( 'NONE', #3760, .T. ) ;
#338 = ORIENTED_EDGE ( 'NONE', *, *, #2989, .T. ) ;
#339 = ORIENTED_EDGE ( 'NONE', *, *, #1404, .T. ) ;
#340 = CARTESIAN_POINT ( 'NONE',  ( -0.5000000000000000000, 2.399999999999999911, 1.396424004376891848 ) ) ;
#341 = CARTESIAN_POINT ( 'NONE',  ( -0.8091253207244090140, -1.031459044838249683, -0.4568327631123120236 ) ) ;
#342 = PRESENTATION_STYLE_ASSIGNMENT (( #4366 ) ) ;
#343 = SURFACE_SIDE_STYLE ('',( #5030 ) ) ;
#344 =( NAMED_UNIT ( * ) SI_UNIT ( $, .STERADIAN. ) SOLID_ANGLE_UNIT ( ) );
#345 =( LENGTH_UNIT ( ) NAMED_UNIT ( * ) SI_UNIT ( .MILLI., .METRE. ) );
#346 = PRESENTATION_STYLE_ASSIGNMENT (( #1541 ) ) ;
#347 = ORIENTED_EDGE ( 'NONE', *, *, #7590, .F. ) ;
#348 = PRESENTATION_STYLE_ASSIGNMENT (( #6310 ) ) ;
#349 = SURFACE_STYLE_FILL_AREA ( #6007 ) ;
#350 = ORIENTED_EDGE ( 'NONE', *, *, #3156, .F. ) ;
#351 = CARTESIAN_POINT ( 'NONE',  ( 0.7908746792755910748, -2.599998692799499356, -0.6172085837295708810 ) ) ;
#352 = EDGE_CURVE ( 'NONE', #3961, #943, #865, .T. ) ;
#353 = LINE ( 'NONE', #3259, #6123 ) ;
#354 = CARTESIAN_POINT ( 'NONE',  ( -0.8091253207244091250, -2.599998692799500244, -0.8172085837295767208 ) ) ;
#355 = PRESENTATION_STYLE_ASSIGNMENT (( #1435 ) ) ;
#356 = ORIENTED_EDGE ( 'NONE', *, *, #6896, .T. ) ;
#357 = ORIENTED_EDGE ( 'NONE', *, *, #1865, .F. ) ;
#358 =( NAMED_UNIT ( * ) SI_UNIT ( $, .STERADIAN. ) SOLID_ANGLE_UNIT ( ) );
#359 = FACE_OUTER_BOUND ( 'NONE', #7581, .T. ) ;
#360 = CARTESIAN_POINT ( 'NONE',  ( 0.7908746792755909638, 2.899999999999996358, 0.0000000000000000000 ) ) ;
#361 = UNCERTAINTY_MEASURE_WITH_UNIT (LENGTH_MEASURE( 1.000000000000000082E-05 ), #5774, 'distance_accuracy_value', 'NONE');
#362 = ADVANCED_FACE ( 'NONE', ( #6151 ), #4137, .T. ) ;
#363 = CARTESIAN_POINT ( 'NONE',  ( -0.3868562485163580256, -3.371237590837970366, 0.02571178359094329971 ) ) ;
#364 = CARTESIAN_POINT ( 'NONE',  ( 0.6903442030978960142, -5.551115123125779744E-16, 0.5000000000000000000 ) ) ;
#365 = VERTEX_POINT ( 'NONE', #666 ) ;
#366 = VERTEX_POINT ( 'NONE', #3447 ) ;
#367 = PRESENTATION_LAYER_ASSIGNMENT (  '', '', ( #7112 ) ) ;
#368 = FILL_AREA_STYLE_COLOUR ( '', #7124 ) ;
#369 = UNCERTAINTY_MEASURE_WITH_UNIT (LENGTH_MEASURE( 1.000000000000000082E-05 ), #4840, 'distance_accuracy_value', 'NONE');
#370 = EDGE_CURVE ( 'NONE', #4757, #4050, #3491, .T. ) ;
#371 = AXIS2_PLACEMENT_3D ( 'NONE', #2346, #2890, #2965 ) ;
#372 =( NAMED_UNIT ( * ) PLANE_ANGLE_UNIT ( ) SI_UNIT ( $, .RADIAN. ) );
#373 = CARTESIAN_POINT ( 'NONE',  ( 3.250000000000000444, 0.0000000000000000000, -2.332340545918031083 ) ) ;
#374 =( NAMED_UNIT ( * ) PLANE_ANGLE_UNIT ( ) SI_UNIT ( $, .RADIAN. ) );
#375 = ORIENTED_EDGE ( 'NONE', *, *, #3721, .F. ) ;
#376 = STYLED_ITEM ( 'NONE', ( #5656 ), #1441 ) ;
#377 = CARTESIAN_POINT ( 'NONE',  ( -0.3868562485163580811, 2.522498976444949914, -0.1000000000000000056 ) ) ;
#378 = STYLED_ITEM ( 'NONE', ( #5741 ), #916 ) ;
#379 = DIRECTION ( 'NONE',  ( -1.000000000000000000, -0.0000000000000000000, -0.0000000000000000000 ) ) ;
#380 = STYLED_ITEM ( 'NONE', ( #2566 ), #5687 ) ;
#381 = EDGE_CURVE ( 'NONE', #4811, #6579, #256, .T. ) ;
#382 = AXIS2_PLACEMENT_3D ( 'NONE', #4721, #2941, #7023 ) ;
#383 = PRESENTATION_STYLE_ASSIGNMENT (( #910 ) ) ;
#384 = VECTOR ( 'NONE', #6440, 1000.000000000000000 ) ;
#385 = DIRECTION ( 'NONE',  ( 0.0000000000000000000, 0.0000000000000000000, -1.000000000000000000 ) ) ;
#386 = MECHANICAL_DESIGN_GEOMETRIC_PRESENTATION_REPRESENTATION (  '', ( #617 ), #4640 ) ;
#387 = VERTEX_POINT ( 'NONE', #6368 ) ;
#388 = SURFACE_STYLE_FILL_AREA ( #6236 ) ;
#389 = AXIS2_PLACEMENT_3D ( 'NONE', #4372, #1576, #313 ) ;
#390 = MECHANICAL_DESIGN_GEOMETRIC_PRESENTATION_REPRESENTATION (  '', ( #5509 ), #490 ) ;
#391 = SURFACE_STYLE_USAGE ( .BOTH. , #5612 ) ;
#392 =( GEOMETRIC_REPRESENTATION_CONTEXT ( 3 ) GLOBAL_UNCERTAINTY_ASSIGNED_CONTEXT ( ( #223 ) ) GLOBAL_UNIT_ASSIGNED_CONTEXT ( ( #3872, #2004, #3168 ) ) REPRESENTATION_CONTEXT ( 'NONE', 'WORKASPACE' ) );
#393 = DIRECTION ( 'NONE',  ( 0.0000000000000000000, -0.0000000000000000000, -1.000000000000000000 ) ) ;
#394 = FILL_AREA_STYLE ('',( #6760 ) ) ;
#395 = FILL_AREA_STYLE_COLOUR ( '', #2034 ) ;
#396 = MECHANICAL_DESIGN_GEOMETRIC_PRESENTATION_REPRESENTATION (  '', ( #3939 ), #168 ) ;
#397 = SURFACE_STYLE_FILL_AREA ( #2652 ) ;
#398 = ORIENTED_EDGE ( 'NONE', *, *, #2901, .T. ) ;
#399 = ORIENTED_EDGE ( 'NONE', *, *, #7486, .F. ) ;
#400 = CIRCLE ( 'NONE', #1503, 0.2999999999999999889 ) ;
#401 = DIRECTION ( 'NONE',  ( 0.0000000000000000000, 0.0000000000000000000, 1.000000000000000000 ) ) ;
#402 = FACE_OUTER_BOUND ( 'NONE', #5333, .T. ) ;
#403 =( GEOMETRIC_REPRESENTATION_CONTEXT ( 3 ) GLOBAL_UNCERTAINTY_ASSIGNED_CONTEXT ( ( #4935 ) ) GLOBAL_UNIT_ASSIGNED_CONTEXT ( ( #2580, #5560, #2703 ) ) REPRESENTATION_CONTEXT ( 'NONE', 'WORKASPACE' ) );
#404 = DIRECTION ( 'NONE',  ( 0.0000000000000000000, 0.0000000000000000000, 1.000000000000000000 ) ) ;
#405 = STYLED_ITEM ( 'NONE', ( #4607 ), #6653 ) ;
#406 = FILL_AREA_STYLE ('',( #3338 ) ) ;
#407 = VERTEX_POINT ( 'NONE', #1866 ) ;
#408 = VECTOR ( 'NONE', #7076, 1000.000000000000000 ) ;
#409 = EDGE_CURVE ( 'NONE', #545, #2222, #584, .T. ) ;
#410 = VERTEX_POINT ( 'NONE', #22 ) ;
#411 = EDGE_CURVE ( 'NONE', #936, #131, #7001, .T. ) ;
#412 = DIRECTION ( 'NONE',  ( -0.0000000000000000000, 1.000000000000000000, 0.0000000000000000000 ) ) ;
#413 = SURFACE_STYLE_FILL_AREA ( #2198 ) ;
#414 = AXIS2_PLACEMENT_3D ( 'NONE', #1352, #3107, #3718 ) ;
#415 = ORIENTED_EDGE ( 'NONE', *, *, #3734, .F. ) ;
#416 = ADVANCED_FACE ( 'NONE', ( #4664 ), #4071, .F. ) ;
#417 = FACE_OUTER_BOUND ( 'NONE', #6978, .T. ) ;
#418 = STYLED_ITEM ( 'NONE', ( #2314 ), #3684 ) ;
#419 = SURFACE_STYLE_FILL_AREA ( #6862 ) ;
#420 =( NAMED_UNIT ( * ) PLANE_ANGLE_UNIT ( ) SI_UNIT ( $, .RADIAN. ) );
#421 = EDGE_CURVE ( 'NONE', #5004, #4417, #2269, .T. ) ;
#422 = EDGE_LOOP ( 'NONE', ( #2197, #3026, #4371, #4768 ) ) ;
#423 =( GEOMETRIC_REPRESENTATION_CONTEXT ( 3 ) GLOBAL_UNCERTAINTY_ASSIGNED_CONTEXT ( ( #3492 ) ) GLOBAL_UNIT_ASSIGNED_CONTEXT ( ( #7373, #4415, #3873 ) ) REPRESENTATION_CONTEXT ( 'NONE', 'WORKASPACE' ) );
#424 = AXIS2_PLACEMENT_3D ( 'NONE', #6614, #3087, #883 ) ;
#425 = CARTESIAN_POINT ( 'NONE',  ( -3.250000000000000444, 2.000000000000000000, -0.2410714285714279925 ) ) ;
#426 = DIRECTION ( 'NONE',  ( 1.000000000000000000, 0.0000000000000000000, 0.0000000000000000000 ) ) ;
#427 = FILL_AREA_STYLE_COLOUR ( '', #6561 ) ;
#428 = DIRECTION ( 'NONE',  ( 1.000000000000000000, 0.0000000000000000000, -0.0000000000000000000 ) ) ;
#429 = LINE ( 'NONE', #2771, #5158 ) ;
#430 = MECHANICAL_DESIGN_GEOMETRIC_PRESENTATION_REPRESENTATION (  '', ( #1156 ), #7182 ) ;
#431 =( GEOMETRIC_REPRESENTATION_CONTEXT ( 3 ) GLOBAL_UNCERTAINTY_ASSIGNED_CONTEXT ( ( #6181 ) ) GLOBAL_UNIT_ASSIGNED_CONTEXT ( ( #470, #7532, #5661 ) ) REPRESENTATION_CONTEXT ( 'NONE', 'WORKASPACE' ) );
#432 = ORIENTED_EDGE ( 'NONE', *, *, #287, .F. ) ;
#433 = ORIENTED_EDGE ( 'NONE', *, *, #3674, .T. ) ;
#434 = CARTESIAN_POINT ( 'NONE',  ( -0.8091253207244090140, -2.599998692799500244, -0.8601289510500760294 ) ) ;
#435 = CARTESIAN_POINT ( 'NONE',  ( 0.7072194413430480386, 2.400000000000000355, 1.322227542308945125 ) ) ;
#436 = FILL_AREA_STYLE ('',( #3268 ) ) ;
#437 = COLOUR_RGB ( '',0.8666666666666666963, 0.8666666666666666963, 0.8666666666666666963 ) ;
#438 =( GEOMETRIC_REPRESENTATION_CONTEXT ( 3 ) GLOBAL_UNCERTAINTY_ASSIGNED_CONTEXT ( ( #4540 ) ) GLOBAL_UNIT_ASSIGNED_CONTEXT ( ( #4785, #6169, #1910 ) ) REPRESENTATION_CONTEXT ( 'NONE', 'WORKASPACE' ) );
#439 = UNCERTAINTY_MEASURE_WITH_UNIT (LENGTH_MEASURE( 1.000000000000000082E-05 ), #5416, 'distance_accuracy_value', 'NONE');
#440 =( NAMED_UNIT ( * ) SI_UNIT ( $, .STERADIAN. ) SOLID_ANGLE_UNIT ( ) );
#441 = SURFACE_STYLE_FILL_AREA ( #5670 ) ;
#442 =( NAMED_UNIT ( * ) SI_UNIT ( $, .STERADIAN. ) SOLID_ANGLE_UNIT ( ) );
#443 = CARTESIAN_POINT ( 'NONE',  ( 1.500000000000000000, 2.399999999999999911, 1.800000000000000266 ) ) ;
#444 = ORIENTED_EDGE ( 'NONE', *, *, #3734, .T. ) ;
#445 = AXIS2_PLACEMENT_3D ( 'NONE', #7543, #4582, #6291 ) ;
#446 = ORIENTED_EDGE ( 'NONE', *, *, #49, .T. ) ;
#447 = CARTESIAN_POINT ( 'NONE',  ( -0.9715374277558777028, 2.399999999999999911, 1.126025995435747884 ) ) ;
#448 = CARTESIAN_POINT ( 'NONE',  ( 1.132199098191760068E-16, -0.2999999999999999889, 4.283267841918040276E-17 ) ) ;
#449 =( LENGTH_UNIT ( ) NAMED_UNIT ( * ) SI_UNIT ( .MILLI., .METRE. ) );
#450 = PLANE ( 'NONE',  #1327 ) ;
#451 = EDGE_CURVE ( 'NONE', #6664, #4818, #4707, .T. ) ;
#452 = EDGE_CURVE ( 'NONE', #5778, #331, #7120, .T. ) ;
#453 = CARTESIAN_POINT ( 'NONE',  ( 2.299999999999999822, 2.700000000000000178, -0.5000000000000000000 ) ) ;
#454 =( NAMED_UNIT ( * ) PLANE_ANGLE_UNIT ( ) SI_UNIT ( $, .RADIAN. ) );
#455 = ORIENTED_EDGE ( 'NONE', *, *, #5162, .F. ) ;
#456 = SURFACE_STYLE_FILL_AREA ( #592 ) ;
#457 = CARTESIAN_POINT ( 'NONE',  ( 0.7908746792755910748, 2.899999999999999911, 0.1999999999999998168 ) ) ;
#458 = EDGE_CURVE ( 'NONE', #5340, #6346, #6410, .T. ) ;
#459 = CARTESIAN_POINT ( 'NONE',  ( -0.5000000000000000000, 0.2999999999999999889, -3.000000000000000000 ) ) ;
#460 =( NAMED_UNIT ( * ) PLANE_ANGLE_UNIT ( ) SI_UNIT ( $, .RADIAN. ) );
#461 = DIRECTION ( 'NONE',  ( -0.0000000000000000000, 1.715124499442879932E-15, 1.000000000000000000 ) ) ;
#462 =( NAMED_UNIT ( * ) SI_UNIT ( $, .STERADIAN. ) SOLID_ANGLE_UNIT ( ) );
#463 = ORIENTED_EDGE ( 'NONE', *, *, #4871, .T. ) ;
#464 =( LENGTH_UNIT ( ) NAMED_UNIT ( * ) SI_UNIT ( .MILLI., .METRE. ) );
#465 = DIRECTION ( 'NONE',  ( -1.000000000000000000, -0.0000000000000000000, -0.0000000000000000000 ) ) ;
#466 = CARTESIAN_POINT ( 'NONE',  ( 0.7908746792755909638, 5.000000000000000888, -0.04292036732051078551 ) ) ;
#467 = EDGE_CURVE ( 'NONE', #3405, #2399, #3184, .T. ) ;
#468 = FILL_AREA_STYLE_COLOUR ( '', #868 ) ;
#469 = SURFACE_SIDE_STYLE ('',( #5727 ) ) ;
#470 =( LENGTH_UNIT ( ) NAMED_UNIT ( * ) SI_UNIT ( .MILLI., .METRE. ) );
#471 = VERTEX_POINT ( 'NONE', #6534 ) ;
#472 = ORIENTED_EDGE ( 'NONE', *, *, #506, .F. ) ;
#473 = CARTESIAN_POINT ( 'NONE',  ( -0.5000000000000000000, 0.0000000000000000000, -3.000000000000000000 ) ) ;
#474 = DIRECTION ( 'NONE',  ( 0.0000000000000000000, 0.0000000000000000000, 1.000000000000000000 ) ) ;
#475 = DIRECTION ( 'NONE',  ( -1.000000000000000000, -0.0000000000000000000, -0.0000000000000000000 ) ) ;
#476 = ORIENTED_EDGE ( 'NONE', *, *, #5173, .T. ) ;
#477 = VERTEX_POINT ( 'NONE', #707 ) ;
#478 = SURFACE_STYLE_USAGE ( .BOTH. , #3276 ) ;
#479 =( NAMED_UNIT ( * ) SI_UNIT ( $, .STERADIAN. ) SOLID_ANGLE_UNIT ( ) );
#480 = CARTESIAN_POINT ( 'NONE',  ( 0.0000000000000000000, 0.0000000000000000000, -0.4909999999999999920 ) ) ;
#481 = CARTESIAN_POINT ( 'NONE',  ( 0.7908746792755910748, -1.423597468397800103, -0.6832339875140082119 ) ) ;
#482 = CARTESIAN_POINT ( 'NONE',  ( -0.3868562485163580256, 2.073642115736349822, 0.4000000000000000222 ) ) ;
#483 =( NAMED_UNIT ( * ) SI_UNIT ( $, .STERADIAN. ) SOLID_ANGLE_UNIT ( ) );
#484 = ORIENTED_EDGE ( 'NONE', *, *, #6730, .T. ) ;
#485 = DIRECTION ( 'NONE',  ( 1.276118419109379938E-16, 0.0000000000000000000, 1.000000000000000000 ) ) ;
#486 = CARTESIAN_POINT ( 'NONE',  ( 2.142428528562859924, 0.0000000000000000000, 1.800000000000000266 ) ) ;
#487 = MECHANICAL_DESIGN_GEOMETRIC_PRESENTATION_REPRESENTATION (  '', ( #6479 ), #4026 ) ;
#488 = CARTESIAN_POINT ( 'NONE',  ( 1.278835006861859469, 2.126326502032317656, -0.5000000000000000000 ) ) ;
#489 =( NAMED_UNIT ( * ) PLANE_ANGLE_UNIT ( ) SI_UNIT ( $, .RADIAN. ) );
#490 =( GEOMETRIC_REPRESENTATION_CONTEXT ( 3 ) GLOBAL_UNCERTAINTY_ASSIGNED_CONTEXT ( ( #3799 ) ) GLOBAL_UNIT_ASSIGNED_CONTEXT ( ( #2531, #6643, #6565 ) ) REPRESENTATION_CONTEXT ( 'NONE', 'WORKASPACE' ) );
#491 = STYLED_ITEM ( 'NONE', ( #963 ), #651 ) ;
#492 = EDGE_CURVE ( 'NONE', #3626, #55, #975, .T. ) ;
#493 = ORIENTED_EDGE ( 'NONE', *, *, #2805, .F. ) ;
#494 = EDGE_CURVE ( 'NONE', #3128, #1215, #6657, .T. ) ;
#495 = DIRECTION ( 'NONE',  ( 0.0000000000000000000, -0.0000000000000000000, 1.000000000000000000 ) ) ;
#496 = STYLED_ITEM ( 'NONE', ( #938 ), #1707 ) ;
#497 = CARTESIAN_POINT ( 'NONE',  ( 0.0000000000000000000, -0.2999999999999999889, 1.800000000000000266 ) ) ;
#498 = COLOUR_RGB ( '',0.0000000000000000000, 0.0000000000000000000, 1.000000000000000000 ) ;
#499 = VECTOR ( 'NONE', #5394, 1000.000000000000000 ) ;
#500 = DIRECTION ( 'NONE',  ( 1.000000000000000000, 0.0000000000000000000, 0.0000000000000000000 ) ) ;
#501 = DIRECTION ( 'NONE',  ( -1.000000000000000000, 1.224646799147350002E-16, 3.386593223249868087E-16 ) ) ;
#502 = VERTEX_POINT ( 'NONE', #2538 ) ;
#503 = CIRCLE ( 'NONE', #7249, 0.2999999999999999889 ) ;
#504 = ORIENTED_EDGE ( 'NONE', *, *, #4189, .T. ) ;
#505 =( GEOMETRIC_REPRESENTATION_CONTEXT ( 3 ) GLOBAL_UNCERTAINTY_ASSIGNED_CONTEXT ( ( #5553 ) ) GLOBAL_UNIT_ASSIGNED_CONTEXT ( ( #4705, #4548, #1704 ) ) REPRESENTATION_CONTEXT ( 'NONE', 'WORKASPACE' ) );
#506 = EDGE_CURVE ( 'NONE', #19, #2116, #2499, .T. ) ;
#507 = PRESENTATION_STYLE_ASSIGNMENT (( #6358 ) ) ;
#508 = COLOUR_RGB ( '',0.8666666666666666963, 0.8666666666666666963, 0.8666666666666666963 ) ;
#509 = UNCERTAINTY_MEASURE_WITH_UNIT (LENGTH_MEASURE( 1.000000000000000082E-05 ), #3245, 'distance_accuracy_value', 'NONE');
#510 = DIRECTION ( 'NONE',  ( 1.000000000000000000, -0.0000000000000000000, -0.0000000000000000000 ) ) ;
#511 = VECTOR ( 'NONE', #1929, 1000.000000000000000 ) ;
#512 = CARTESIAN_POINT ( 'NONE',  ( 0.7908746792755909638, 5.900001307200509970, 0.1999999999999996503 ) ) ;
#513 = PRESENTATION_LAYER_ASSIGNMENT (  '', '', ( #278 ) ) ;
#514 = DIRECTION ( 'NONE',  ( 0.0000000000000000000, -1.000000000000000000, -0.0000000000000000000 ) ) ;
#515 = ORIENTED_EDGE ( 'NONE', *, *, #6005, .T. ) ;
#516 = ORIENTED_EDGE ( 'NONE', *, *, #6112, .T. ) ;
#517 = DIRECTION ( 'NONE',  ( 1.000000000000000000, 0.0000000000000000000, 0.0000000000000000000 ) ) ;
#518 = DIRECTION ( 'NONE',  ( 0.0000000000000000000, 0.0000000000000000000, 1.000000000000000000 ) ) ;
#519 = UNCERTAINTY_MEASURE_WITH_UNIT (LENGTH_MEASURE( 1.000000000000000082E-05 ), #7430, 'distance_accuracy_value', 'NONE');
#520 = SURFACE_STYLE_USAGE ( .BOTH. , #71 ) ;
#521 = CARTESIAN_POINT ( 'NONE',  ( -2.019788281523609896, 3.329000000000000181, -0.1429203673205090008 ) ) ;
#522 = EDGE_LOOP ( 'NONE', ( #7056, #6274, #3042, #4827 ) ) ;
#523 =( GEOMETRIC_REPRESENTATION_CONTEXT ( 3 ) GLOBAL_UNCERTAINTY_ASSIGNED_CONTEXT ( ( #519 ) ) GLOBAL_UNIT_ASSIGNED_CONTEXT ( ( #7430, #2683, #957 ) ) REPRESENTATION_CONTEXT ( 'NONE', 'WORKASPACE' ) );
#524 = ORIENTED_EDGE ( 'NONE', *, *, #7509, .T. ) ;
#525 = FILL_AREA_STYLE_COLOUR ( '', #2468 ) ;
#526 = CARTESIAN_POINT ( 'NONE',  ( 0.1345639996639400038, 4.799999999999999822, 0.2000000000000000111 ) ) ;
#527 = CARTESIAN_POINT ( 'NONE',  ( -1.337629505619376546, 2.263163251016158117, -0.4999999999999997780 ) ) ;
#528 = CARTESIAN_POINT ( 'NONE',  ( -2.000000000000000000, 0.0000000000000000000, -3.000000000000000000 ) ) ;
#529 = FILL_AREA_STYLE ('',( #5040 ) ) ;
#530 = COLOUR_RGB ( '',1.000000000000000000, 1.000000000000000000, 1.000000000000000000 ) ;
#531 = ORIENTED_EDGE ( 'NONE', *, *, #2412, .T. ) ;
#532 = CARTESIAN_POINT ( 'NONE',  ( -3.250000000000000444, 0.0000000000000000000, -2.332340545918030639 ) ) ;
#533 = SURFACE_STYLE_USAGE ( .BOTH. , #2797 ) ;
#534 = EDGE_CURVE ( 'NONE', #5305, #2868, #3082, .T. ) ;
#535 =( GEOMETRIC_REPRESENTATION_CONTEXT ( 3 ) GLOBAL_UNCERTAINTY_ASSIGNED_CONTEXT ( ( #576 ) ) GLOBAL_UNIT_ASSIGNED_CONTEXT ( ( #919, #3257, #6838 ) ) REPRESENTATION_CONTEXT ( 'NONE', 'WORKASPACE' ) );
#536 = CIRCLE ( 'NONE', #1540, 1.212070382921480061 ) ;
#537 = EDGE_LOOP ( 'NONE', ( #5411, #6343, #1181, #6783 ) ) ;
#538 = DIRECTION ( 'NONE',  ( -0.0000000000000000000, -1.000000000000000000, -0.0000000000000000000 ) ) ;
#539 = CARTESIAN_POINT ( 'NONE',  ( 0.1345639996639400038, 5.000000000000009770, 4.163390312291140205 ) ) ;
#540 = CARTESIAN_POINT ( 'NONE',  ( -2.142428528562859924, 0.0000000000000000000, 1.800000000000000266 ) ) ;
#541 = PRESENTATION_LAYER_ASSIGNMENT (  '', '', ( #197 ) ) ;
#542 = VECTOR ( 'NONE', #266, 1000.000000000000000 ) ;
#543 = VECTOR ( 'NONE', #5406, 1000.000000000000000 ) ;
#544 = EDGE_CURVE ( 'NONE', #3853, #4389, #1298, .T. ) ;
#545 = VERTEX_POINT ( 'NONE', #3037 ) ;
#546 = PRESENTATION_LAYER_ASSIGNMENT (  '', '', ( #4815 ) ) ;
#547 = AXIS2_PLACEMENT_3D ( 'NONE', #1580, #3737, #6070 ) ;
#548 = AXIS2_PLACEMENT_3D ( 'NONE', #911, #1963, #1386 ) ;
#549 = DIRECTION ( 'NONE',  ( 1.000000000000000000, -0.0000000000000000000, -0.0000000000000000000 ) ) ;
#550 =( NAMED_UNIT ( * ) PLANE_ANGLE_UNIT ( ) SI_UNIT ( $, .RADIAN. ) );
#551 = CARTESIAN_POINT ( 'NONE',  ( 0.7196857906303475438, 1.252524729407416437, 1.191390688664961894 ) ) ;
#552 = EDGE_CURVE ( 'NONE', #2724, #3128, #4245, .T. ) ;
#553 = CARTESIAN_POINT ( 'NONE',  ( 0.5000000000000000000, 1.699999999999999956, 0.7874007874011811348 ) ) ;
#554 = AXIS2_PLACEMENT_3D ( 'NONE', #1511, #2680, #4420 ) ;
#555 = AXIS2_PLACEMENT_3D ( 'NONE', #1567, #2742, #4326 ) ;
#556 = EDGE_LOOP ( 'NONE', ( #999, #4134, #7129, #7476 ) ) ;
#557 = LINE ( 'NONE', #2897, #4925 ) ;
#558 = FACE_OUTER_BOUND ( 'NONE', #4720, .T. ) ;
#559 = ORIENTED_EDGE ( 'NONE', *, *, #5033, .F. ) ;
#560 = VERTEX_POINT ( 'NONE', #785 ) ;
#561 = SURFACE_STYLE_FILL_AREA ( #2903 ) ;
#562 = CARTESIAN_POINT ( 'NONE',  ( 1.396424004376893624, 2.399999999999999467, -0.5000000000000005551 ) ) ;
#563 = FILL_AREA_STYLE_COLOUR ( '', #530 ) ;
#564 = CARTESIAN_POINT ( 'NONE',  ( 0.7802117184763890378, 3.528999999999999027, -2.710505431213761085E-16 ) ) ;
#565 =( LENGTH_UNIT ( ) NAMED_UNIT ( * ) SI_UNIT ( .MILLI., .METRE. ) );
#566 = VERTEX_POINT ( 'NONE', #6097 ) ;
#567 = CARTESIAN_POINT ( 'NONE',  ( -0.3868562485163580811, -1.302697942876720028, -0.4799377995762330040 ) ) ;
#568 = DIRECTION ( 'NONE',  ( -0.0000000000000000000, -1.000000000000000000, 0.0000000000000000000 ) ) ;
#569 =( NAMED_UNIT ( * ) SI_UNIT ( $, .STERADIAN. ) SOLID_ANGLE_UNIT ( ) );
#570 =( NAMED_UNIT ( * ) SI_UNIT ( $, .STERADIAN. ) SOLID_ANGLE_UNIT ( ) );
#571 = ORIENTED_EDGE ( 'NONE', *, *, #6064, .T. ) ;
#572 = DIRECTION ( 'NONE',  ( -0.0000000000000000000, -1.715124499442879932E-15, 1.000000000000000000 ) ) ;
#573 = LINE ( 'NONE', #6442, #4786 ) ;
#574 = PRODUCT_DEFINITION ( 'UNKNOWN', '', #4459, #7045 ) ;
#575 = EDGE_CURVE ( 'NONE', #6224, #7140, #1401, .T. ) ;
#576 = UNCERTAINTY_MEASURE_WITH_UNIT (LENGTH_MEASURE( 1.000000000000000082E-05 ), #919, 'distance_accuracy_value', 'NONE');
#577 = CARTESIAN_POINT ( 'NONE',  ( 0.7802117184763890378, 3.329000000000000181, -0.1429203673205090008 ) ) ;
#578 = MECHANICAL_DESIGN_GEOMETRIC_PRESENTATION_REPRESENTATION (  '', ( #3387 ), #4347 ) ;
#579 =( NAMED_UNIT ( * ) PLANE_ANGLE_UNIT ( ) SI_UNIT ( $, .RADIAN. ) );
#580 = ORIENTED_EDGE ( 'NONE', *, *, #6916, .T. ) ;
#581 = ORIENTED_EDGE ( 'NONE', *, *, #4042, .F. ) ;
#582 = FILL_AREA_STYLE ('',( #2851 ) ) ;
#583 = EDGE_CURVE ( 'NONE', #713, #2764, #4853, .T. ) ;
#584 = LINE ( 'NONE', #6489, #1097 ) ;
#585 = UNCERTAINTY_MEASURE_WITH_UNIT (LENGTH_MEASURE( 1.000000000000000082E-05 ), #5544, 'distance_accuracy_value', 'NONE');
#586 = ADVANCED_FACE ( 'NONE', ( #294 ), #4217, .T. ) ;
#587 = DIRECTION ( 'NONE',  ( 1.000000000000000000, 0.0000000000000000000, -0.0000000000000000000 ) ) ;
#588 = UNCERTAINTY_MEASURE_WITH_UNIT (LENGTH_MEASURE( 1.000000000000000082E-05 ), #1482, 'distance_accuracy_value', 'NONE');
#589 = LINE ( 'NONE', #6342, #317 ) ;
#590 = ORIENTED_EDGE ( 'NONE', *, *, #5772, .F. ) ;
#591 =( NAMED_UNIT ( * ) SI_UNIT ( $, .STERADIAN. ) SOLID_ANGLE_UNIT ( ) );
#592 = FILL_AREA_STYLE ('',( #1715 ) ) ;
#593 = FILL_AREA_STYLE_COLOUR ( '', #3666 ) ;
#594 = ADVANCED_FACE ( 'NONE', ( #5977 ), #746, .T. ) ;
#595 = PRESENTATION_STYLE_ASSIGNMENT (( #3327 ) ) ;
#596 = SURFACE_STYLE_USAGE ( .BOTH. , #3583 ) ;
#597 =( NAMED_UNIT ( * ) PLANE_ANGLE_UNIT ( ) SI_UNIT ( $, .RADIAN. ) );
#598 = CIRCLE ( 'NONE', #4990, 0.5000000000000000000 ) ;
#599 = LINE ( 'NONE', #48, #1102 ) ;
#600 = DIRECTION ( 'NONE',  ( 0.0000000000000000000, -1.000000000000000000, -1.715124499442879932E-15 ) ) ;
#601 = STYLED_ITEM ( 'NONE', ( #1188 ), #1301 ) ;
#602 =( LENGTH_UNIT ( ) NAMED_UNIT ( * ) SI_UNIT ( .MILLI., .METRE. ) );
#603 = CARTESIAN_POINT ( 'NONE',  ( -0.5000000000000000000, 2.399999999999999911, -1.600000000000000089 ) ) ;
#604 = VECTOR ( 'NONE', #5214, 1000.000000000000000 ) ;
#605 = PRESENTATION_STYLE_ASSIGNMENT (( #7028 ) ) ;
#606 = PRODUCT_CONTEXT ( 'NONE', #3561, 'mechanical' ) ;
#607 = ORIENTED_EDGE ( 'NONE', *, *, #6640, .F. ) ;
#608 = SURFACE_STYLE_FILL_AREA ( #10 ) ;
#609 = SURFACE_STYLE_USAGE ( .BOTH. , #5355 ) ;
#610 = VECTOR ( 'NONE', #2061, 1000.000000000000000 ) ;
#611 = FACE_OUTER_BOUND ( 'NONE', #6913, .T. ) ;
#612 = DIRECTION ( 'NONE',  ( 0.0000000000000000000, 1.000000000000000000, 0.0000000000000000000 ) ) ;
#613 = CIRCLE ( 'NONE', #866, 1.000000000000000000 ) ;
#614 = COLOUR_RGB ( '',0.8666666666666666963, 0.8666666666666666963, 0.8666666666666666963 ) ;
#615 = SHAPE_REPRESENTATION_RELATIONSHIP ( 'NONE' , 'NONE' ,  #2483, #5127 ) ;
#616 = ORIENTED_EDGE ( 'NONE', *, *, #6016, .F. ) ;
#617 = STYLED_ITEM ( 'NONE', ( #4263 ), #5917 ) ;
#618 = ORIENTED_EDGE ( 'NONE', *, *, #1914, .T. ) ;
#619 = CARTESIAN_POINT ( 'NONE',  ( -0.8091253207244090140, 0.5212388980384702331, -0.7759330692127338613 ) ) ;
#620 = SURFACE_STYLE_FILL_AREA ( #706 ) ;
#621 =( NAMED_UNIT ( * ) PLANE_ANGLE_UNIT ( ) SI_UNIT ( $, .RADIAN. ) );
#622 = COLOUR_RGB ( '',0.8666666666666666963, 0.8666666666666666963, 0.8666666666666666963 ) ;
#623 = CARTESIAN_POINT ( 'NONE',  ( 1.406253083519913849, 2.273440392604346716, 0.2335881032754214826 ) ) ;
#624 = PRESENTATION_LAYER_ASSIGNMENT (  '', '', ( #1992 ) ) ;
#625 = FACE_OUTER_BOUND ( 'NONE', #7302, .T. ) ;
#626 = ORIENTED_EDGE ( 'NONE', *, *, #421, .F. ) ;
#627 = EDGE_CURVE ( 'NONE', #943, #2387, #5122, .T. ) ;
#628 = CARTESIAN_POINT ( 'NONE',  ( 0.0000000000000000000, 0.2999999999999999889, 2.000000000000000000 ) ) ;
#629 = FILL_AREA_STYLE_COLOUR ( '', #3339 ) ;
#630 = EDGE_CURVE ( 'NONE', #5451, #6721, #2778, .T. ) ;
#631 = ORIENTED_EDGE ( 'NONE', *, *, #4259, .F. ) ;
#632 = MECHANICAL_DESIGN_GEOMETRIC_PRESENTATION_REPRESENTATION (  '', ( #1744 ), #6138 ) ;
#633 = ORIENTED_EDGE ( 'NONE', *, *, #1673, .F. ) ;
#634 = STYLED_ITEM ( 'NONE', ( #4660 ), #6388 ) ;
#635 = CARTESIAN_POINT ( 'NONE',  ( 0.0000000000000000000, 1.699999999999999956, 0.0000000000000000000 ) ) ;
#636 = SURFACE_STYLE_USAGE ( .BOTH. , #6505 ) ;
#637 = STYLED_ITEM ( 'NONE', ( #896 ), #2497 ) ;
#638 = PRESENTATION_LAYER_ASSIGNMENT (  '', '', ( #405 ) ) ;
#639 = CARTESIAN_POINT ( 'NONE',  ( -0.1528146411127589976, -2.599998692799499800, -0.6172085837295777644 ) ) ;
#640 = CARTESIAN_POINT ( 'NONE',  ( -0.8091253207244110124, 2.600000000000000533, -0.6429203673205101666 ) ) ;
#641 = EDGE_CURVE ( 'NONE', #4069, #1180, #6881, .T. ) ;
#642 = DIRECTION ( 'NONE',  ( -0.0000000000000000000, 0.4999999999999979461, 0.8660254037844398178 ) ) ;
#643 = ORIENTED_EDGE ( 'NONE', *, *, #7464, .T. ) ;
#644 = CIRCLE ( 'NONE', #4904, 1.199999999999999956 ) ;
#645 = ORIENTED_EDGE ( 'NONE', *, *, #107, .T. ) ;
#646 = LINE ( 'NONE', #7066, #1492 ) ;
#647 = DIRECTION ( 'NONE',  ( 0.0000000000000000000, 1.000000000000000000, -0.0000000000000000000 ) ) ;
#648 = CIRCLE ( 'NONE', #414, 3.000000000000000000 ) ;
#649 = CARTESIAN_POINT ( 'NONE',  ( 0.3472796854691360124, -1.902697942876719894, 0.5592926849650939891 ) ) ;
#650 = DIRECTION ( 'NONE',  ( 1.000000000000000000, 0.0000000000000000000, 0.0000000000000000000 ) ) ;
#651 = ADVANCED_FACE ( 'NONE', ( #402 ), #3378, .T. ) ;
#652 = CARTESIAN_POINT ( 'NONE',  ( 0.5000000000000000000, 2.700000000000000178, -1.600000000000000089 ) ) ;
#653 = ORIENTED_EDGE ( 'NONE', *, *, #6386, .F. ) ;
#654 = CARTESIAN_POINT ( 'NONE',  ( -0.8091253207244092360, 4.799999999999999822, 0.1999999999999999833 ) ) ;
#655 = PLANE ( 'NONE',  #5866 ) ;
#656 = UNCERTAINTY_MEASURE_WITH_UNIT (LENGTH_MEASURE( 1.000000000000000082E-05 ), #6028, 'distance_accuracy_value', 'NONE');
#657 = FILL_AREA_STYLE_COLOUR ( '', #6623 ) ;
#658 = DIRECTION ( 'NONE',  ( 0.0000000000000000000, -1.000000000000000000, -3.885780586188049864E-16 ) ) ;
#659 = CIRCLE ( 'NONE', #4805, 1.200000000000000178 ) ;
#660 = AXIS2_PLACEMENT_3D ( 'NONE', #4796, #1953, #2476 ) ;
#661 = CARTESIAN_POINT ( 'NONE',  ( 0.0000000000000000000, 0.0000000000000000000, 0.0000000000000000000 ) ) ;
#662 = ORIENTED_EDGE ( 'NONE', *, *, #1114, .F. ) ;
#663 = VERTEX_POINT ( 'NONE', #360 ) ;
#664 = SURFACE_SIDE_STYLE ('',( #5906 ) ) ;
#665 = SURFACE_STYLE_USAGE ( .BOTH. , #4136 ) ;
#666 = CARTESIAN_POINT ( 'NONE',  ( -0.009125320724409347745, 0.8712388980384699888, -0.8429203673205146741 ) ) ;
#667 = UNCERTAINTY_MEASURE_WITH_UNIT (LENGTH_MEASURE( 1.000000000000000082E-05 ), #602, 'distance_accuracy_value', 'NONE');
#668 =( GEOMETRIC_REPRESENTATION_CONTEXT ( 3 ) GLOBAL_UNCERTAINTY_ASSIGNED_CONTEXT ( ( #2736 ) ) GLOBAL_UNIT_ASSIGNED_CONTEXT ( ( #1573, #4592, #7557 ) ) REPRESENTATION_CONTEXT ( 'NONE', 'WORKASPACE' ) );
#669 = CIRCLE ( 'NONE', #6171, 0.2000000000000000111 ) ;
#670 = MECHANICAL_DESIGN_GEOMETRIC_PRESENTATION_REPRESENTATION (  '', ( #3726 ), #5543 ) ;
#671 = UNCERTAINTY_MEASURE_WITH_UNIT (LENGTH_MEASURE( 1.000000000000000082E-05 ), #6161, 'distance_accuracy_value', 'NONE');
#672 = DIRECTION ( 'NONE',  ( -0.0000000000000000000, -0.0000000000000000000, -1.000000000000000000 ) ) ;
#673 = FACE_OUTER_BOUND ( 'NONE', #6654, .T. ) ;
#674 = CYLINDRICAL_SURFACE ( 'NONE', #2865, 4.000289042323469602 ) ;
#675 = SHAPE_REPRESENTATION ( 'd2', ( #5078 ), #5694 ) ;
#676 =( GEOMETRIC_REPRESENTATION_CONTEXT ( 3 ) GLOBAL_UNCERTAINTY_ASSIGNED_CONTEXT ( ( #6895 ) ) GLOBAL_UNIT_ASSIGNED_CONTEXT ( ( #3105, #6009, #4958 ) ) REPRESENTATION_CONTEXT ( 'NONE', 'WORKASPACE' ) );
#677 = CIRCLE ( 'NONE', #2874, 2.700000000000000178 ) ;
#678 = EDGE_LOOP ( 'NONE', ( #5238, #3181, #5788, #6775 ) ) ;
#679 = FILL_AREA_STYLE ('',( #715 ) ) ;
#680 = EDGE_CURVE ( 'NONE', #703, #6060, #6808, .T. ) ;
#681 = CIRCLE ( 'NONE', #5802, 2.700000000000000178 ) ;
#682 = COLOUR_RGB ( '',0.8666666666666666963, 0.8666666666666666963, 0.8666666666666666963 ) ;
#683 =( GEOMETRIC_REPRESENTATION_CONTEXT ( 3 ) GLOBAL_UNCERTAINTY_ASSIGNED_CONTEXT ( ( #1669 ) ) GLOBAL_UNIT_ASSIGNED_CONTEXT ( ( #3785, #6790, #6351 ) ) REPRESENTATION_CONTEXT ( 'NONE', 'WORKASPACE' ) );
#684 = LINE ( 'NONE', #4225, #2215 ) ;
#685 = CARTESIAN_POINT ( 'NONE',  ( 0.0000000000000000000, 2.000000000000000000, -0.4909999999999999920 ) ) ;
#686 = DIRECTION ( 'NONE',  ( 1.000000000000000000, -0.0000000000000000000, -0.0000000000000000000 ) ) ;
#687 = CARTESIAN_POINT ( 'NONE',  ( -0.8660027554781708492, 3.400714034727256418, -1.798920367320509417 ) ) ;
#688 = LINE ( 'NONE', #123, #1092 ) ;
#689 = VERTEX_POINT ( 'NONE', #6249 ) ;
#690 =( GEOMETRIC_REPRESENTATION_CONTEXT ( 3 ) GLOBAL_UNCERTAINTY_ASSIGNED_CONTEXT ( ( #3898 ) ) GLOBAL_UNIT_ASSIGNED_CONTEXT ( ( #6256, #5589, #853 ) ) REPRESENTATION_CONTEXT ( 'NONE', 'WORKASPACE' ) );
#691 = ORIENTED_EDGE ( 'NONE', *, *, #5020, .T. ) ;
#692 = DIRECTION ( 'NONE',  ( 1.000000000000000000, 0.0000000000000000000, -6.123233995736769734E-17 ) ) ;
#693 = EDGE_CURVE ( 'NONE', #3830, #4757, #4030, .T. ) ;
#694 = DIRECTION ( 'NONE',  ( 0.0000000000000000000, 2.710505431213760691E-15, 1.000000000000000000 ) ) ;
#695 =( LENGTH_UNIT ( ) NAMED_UNIT ( * ) SI_UNIT ( .MILLI., .METRE. ) );
#696 = CARTESIAN_POINT ( 'NONE',  ( 0.7908746792755905197, 0.7712388980384689008, -0.8429203673205116765 ) ) ;
#697 = ORIENTED_EDGE ( 'NONE', *, *, #1069, .F. ) ;
#698 =( NAMED_UNIT ( * ) PLANE_ANGLE_UNIT ( ) SI_UNIT ( $, .RADIAN. ) );
#699 = DIRECTION ( 'NONE',  ( -3.399077683617220112E-33, -1.000000000000000000, -1.886867153420689749E-49 ) ) ;
#700 = CARTESIAN_POINT ( 'NONE',  ( -2.000000000000000000, 0.0000000000000000000, -3.000000000000000000 ) ) ;
#701 = EDGE_CURVE ( 'NONE', #6806, #502, #889, .T. ) ;
#702 = DIRECTION ( 'NONE',  ( -1.000000000000000000, 0.0000000000000000000, 0.0000000000000000000 ) ) ;
#703 = VERTEX_POINT ( 'NONE', #3997 ) ;
#704 = ORIENTED_EDGE ( 'NONE', *, *, #2693, .T. ) ;
#705 = CARTESIAN_POINT ( 'NONE',  ( -0.3868562485163579701, 0.0000000000000000000, 0.0000000000000000000 ) ) ;
#706 = FILL_AREA_STYLE ('',( #6451 ) ) ;
#707 = CARTESIAN_POINT ( 'NONE',  ( 2.000000000000000000, 0.2999999999999999889, 2.000000000000000000 ) ) ;
#708 = DIRECTION ( 'NONE',  ( 1.000000000000000000, -0.0000000000000000000, -0.0000000000000000000 ) ) ;
#709 = LINE ( 'NONE', #2077, #4810 ) ;
#710 = ORIENTED_EDGE ( 'NONE', *, *, #5454, .T. ) ;
#711 = CARTESIAN_POINT ( 'NONE',  ( 3.250000000000000888, 0.0000000000000000000, 3.258928571428570287 ) ) ;
#712 = ORIENTED_EDGE ( 'NONE', *, *, #6252, .F. ) ;
#713 = VERTEX_POINT ( 'NONE', #5169 ) ;
#714 = CARTESIAN_POINT ( 'NONE',  ( 0.7908746792755908528, 4.800000000000009592, 4.163390312291140205 ) ) ;
#715 = FILL_AREA_STYLE_COLOUR ( '', #2570 ) ;
#716 = PLANE ( 'NONE',  #832 ) ;
#717 =( NAMED_UNIT ( * ) PLANE_ANGLE_UNIT ( ) SI_UNIT ( $, .RADIAN. ) );
#718 = FILL_AREA_STYLE ('',( #3202 ) ) ;
#719 = DIRECTION ( 'NONE',  ( 0.0000000000000000000, -1.000000000000000000, -1.776356839400250070E-15 ) ) ;
#720 = EDGE_LOOP ( 'NONE', ( #631, #3580, #5673, #4978, #9, #2295, #1171 ) ) ;
#721 = EDGE_LOOP ( 'NONE', ( #4251, #2434, #2788, #903 ) ) ;
#722 = FILL_AREA_STYLE_COLOUR ( '', #2709 ) ;
#723 = PLANE ( 'NONE',  #4515 ) ;
#724 = DIRECTION ( 'NONE',  ( 0.0000000000000000000, -1.000000000000000000, -1.776356839400250070E-15 ) ) ;
#725 = APPLICATION_CONTEXT ( 'automotive_design' ) ;
#726 = ADVANCED_FACE ( 'NONE', ( #611 ), #2879, .T. ) ;
#727 = COLOUR_RGB ( '',0.8666666666666666963, 0.8666666666666666963, 0.8666666666666666963 ) ;
#728 = APPLICATION_PROTOCOL_DEFINITION ( 'draft international standard', 'automotive_design', 1998, #6211 ) ;
#729 = EDGE_CURVE ( 'NONE', #106, #19, #3794, .T. ) ;
#730 = EDGE_LOOP ( 'NONE', ( #5859, #5212, #6279, #2332, #817, #484, #5959, #571, #7470, #1436, #704, #7200, #5462, #4603 ) ) ;
#731 =( NAMED_UNIT ( * ) SI_UNIT ( $, .STERADIAN. ) SOLID_ANGLE_UNIT ( ) );
#732 =( NAMED_UNIT ( * ) PLANE_ANGLE_UNIT ( ) SI_UNIT ( $, .RADIAN. ) );
#733 = CARTESIAN_POINT ( 'NONE',  ( 2.299999999999999822, 2.700000000000000178, -0.5000000000000000000 ) ) ;
#734 = UNCERTAINTY_MEASURE_WITH_UNIT (LENGTH_MEASURE( 1.000000000000000082E-05 ), #5357, 'distance_accuracy_value', 'NONE');
#735 = PRESENTATION_LAYER_ASSIGNMENT (  '', '', ( #3056 ) ) ;
#736 =( NAMED_UNIT ( * ) SI_UNIT ( $, .STERADIAN. ) SOLID_ANGLE_UNIT ( ) );
#737 = CARTESIAN_POINT ( 'NONE',  ( 0.7908746792755909638, 2.600000000000000533, -0.5429203673205099667 ) ) ;
#738 = CARTESIAN_POINT ( 'NONE',  ( 0.0000000000000000000, 0.0000000000000000000, 0.0000000000000000000 ) ) ;
#739 = ADVANCED_FACE ( 'NONE', ( #5898 ), #3519, .T. ) ;
#740 = EDGE_LOOP ( 'NONE', ( #5493, #2857, #5479, #4713 ) ) ;
#741 = VECTOR ( 'NONE', #6207, 1000.000000000000000 ) ;
#742 = ORIENTED_EDGE ( 'NONE', *, *, #1865, .T. ) ;
#743 = AXIS2_PLACEMENT_3D ( 'NONE', #1003, #5706, #474 ) ;
#744 = LINE ( 'NONE', #6532, #7251 ) ;
#745 = DIRECTION ( 'NONE',  ( 1.000000000000000000, 0.0000000000000000000, -0.0000000000000000000 ) ) ;
#746 = PLANE ( 'NONE',  #2564 ) ;
#747 = SURFACE_STYLE_FILL_AREA ( #822 ) ;
#748 = STYLED_ITEM ( 'NONE', ( #4019 ), #726 ) ;
#749 = FILL_AREA_STYLE_COLOUR ( '', #1549 ) ;
#750 = CARTESIAN_POINT ( 'NONE',  ( -0.5000000000000000000, 2.399999999999999911, -7.709882115452470771E-17 ) ) ;
#751 = STYLED_ITEM ( 'NONE', ( #5236 ), #5873 ) ;
#752 = CARTESIAN_POINT ( 'NONE',  ( 0.2680751308898460250, 0.7712388980384690118, -0.3429203673205150071 ) ) ;
#753 =( NAMED_UNIT ( * ) PLANE_ANGLE_UNIT ( ) SI_UNIT ( $, .RADIAN. ) );
#754 = EDGE_LOOP ( 'NONE', ( #1099, #6834, #2633, #6243, #493, #7210 ) ) ;
#755 = ORIENTED_EDGE ( 'NONE', *, *, #2659, .F. ) ;
#756 = AXIS2_PLACEMENT_3D ( 'NONE', #3287, #2173, #4374 ) ;
#757 = ADVANCED_BREP_SHAPE_REPRESENTATION ( '', ( #6312, #5078 ), #1927 ) ;
#758 = MECHANICAL_DESIGN_GEOMETRIC_PRESENTATION_REPRESENTATION (  '', ( #6502 ), #4160 ) ;
#759 = PRESENTATION_STYLE_ASSIGNMENT (( #1253 ) ) ;
#760 = LINE ( 'NONE', #7246, #4205 ) ;
#761 = STYLED_ITEM ( 'NONE', ( #5147 ), #2307 ) ;
#762 = PRESENTATION_STYLE_ASSIGNMENT (( #2979 ) ) ;
#763 = DIRECTION ( 'NONE',  ( -1.000000000000000000, 0.0000000000000000000, 0.0000000000000000000 ) ) ;
#764 = CARTESIAN_POINT ( 'NONE',  ( 3.250000000000000444, 0.0000000000000000000, 3.258928571428569843 ) ) ;
#765 = CIRCLE ( 'NONE', #5641, 3.250000000000000444 ) ;
#766 = VERTEX_POINT ( 'NONE', #5288 ) ;
#767 = VECTOR ( 'NONE', #2737, 1000.000000000000000 ) ;
#768 = EDGE_LOOP ( 'NONE', ( #2505, #5442 ) ) ;
#769 = CARTESIAN_POINT ( 'NONE',  ( -0.5000000000000000000, 2.700000000000000178, 1.600000000000000089 ) ) ;
#770 = FILL_AREA_STYLE ('',( #5927 ) ) ;
#771 = DIRECTION ( 'NONE',  ( 0.0000000000000000000, 0.0000000000000000000, -1.000000000000000000 ) ) ;
#772 = AXIS2_PLACEMENT_3D ( 'NONE', #5667, #3377, #5705 ) ;
#773 = ORIENTED_EDGE ( 'NONE', *, *, #4102, .T. ) ;
#774 = PLANE ( 'NONE',  #6484 ) ;
#775 = MECHANICAL_DESIGN_GEOMETRIC_PRESENTATION_REPRESENTATION (  '', ( #5414 ), #2855 ) ;
#776 = ADVANCED_FACE ( 'NONE', ( #2224 ), #655, .F. ) ;
#777 = LINE ( 'NONE', #3109, #4266 ) ;
#778 = FILL_AREA_STYLE ('',( #4848 ) ) ;
#779 =( NAMED_UNIT ( * ) PLANE_ANGLE_UNIT ( ) SI_UNIT ( $, .RADIAN. ) );
#780 = ORIENTED_EDGE ( 'NONE', *, *, #4138, .T. ) ;
#781 = VECTOR ( 'NONE', #7128, 1000.000000000000000 ) ;
#782 = ORIENTED_EDGE ( 'NONE', *, *, #4148, .T. ) ;
#783 = CARTESIAN_POINT ( 'NONE',  ( -0.1528146411127589976, 2.899999999999999911, -1.949231046932160094 ) ) ;
#784 = LINE ( 'NONE', #4318, #1389 ) ;
#785 = CARTESIAN_POINT ( 'NONE',  ( 1.416579326567965591, 0.0000000000000000000, -3.741071428571429713 ) ) ;
#786 = EDGE_CURVE ( 'NONE', #3781, #6720, #7109, .T. ) ;
#787 =( GEOMETRIC_REPRESENTATION_CONTEXT ( 3 ) GLOBAL_UNCERTAINTY_ASSIGNED_CONTEXT ( ( #5627 ) ) GLOBAL_UNIT_ASSIGNED_CONTEXT ( ( #3420, #454, #2132 ) ) REPRESENTATION_CONTEXT ( 'NONE', 'WORKASPACE' ) );
#788 = SURFACE_STYLE_USAGE ( .BOTH. , #1406 ) ;
#789 = ORIENTED_EDGE ( 'NONE', *, *, #4863, .T. ) ;
#790 = EDGE_LOOP ( 'NONE', ( #782, #5848, #4693, #1204 ) ) ;
#791 = MECHANICAL_DESIGN_GEOMETRIC_PRESENTATION_REPRESENTATION (  '', ( #1778 ), #2752 ) ;
#792 = AXIS2_PLACEMENT_3D ( 'NONE', #2542, #6101, #7236 ) ;
#793 = DIRECTION ( 'NONE',  ( -0.0000000000000000000, -1.000000000000000000, -0.0000000000000000000 ) ) ;
#794 = ADVANCED_FACE ( 'NONE', ( #5096 ), #7358, .F. ) ;
#795 = CARTESIAN_POINT ( 'NONE',  ( 0.1345639996639400038, 0.7712388980384690118, -0.8429203673205117875 ) ) ;
#796 = CIRCLE ( 'NONE', #6178, 0.5000000000000000000 ) ;
#797 =( GEOMETRIC_REPRESENTATION_CONTEXT ( 3 ) GLOBAL_UNCERTAINTY_ASSIGNED_CONTEXT ( ( #4477 ) ) GLOBAL_UNIT_ASSIGNED_CONTEXT ( ( #6626, #5344, #42 ) ) REPRESENTATION_CONTEXT ( 'NONE', 'WORKASPACE' ) );
#798 = PRESENTATION_LAYER_ASSIGNMENT (  '', '', ( #1908 ) ) ;
#799 = CARTESIAN_POINT ( 'NONE',  ( -0.01978828152361080187, 0.0000000000000000000, 0.2000000000000000111 ) ) ;
#800 = VERTEX_POINT ( 'NONE', #6143 ) ;
#801 = AXIS2_PLACEMENT_3D ( 'NONE', #6704, #2473, #4794 ) ;
#802 = MECHANICAL_DESIGN_GEOMETRIC_PRESENTATION_REPRESENTATION (  '', ( #4329 ), #5551 ) ;
#803 = MECHANICAL_DESIGN_GEOMETRIC_PRESENTATION_REPRESENTATION (  '', ( #5796 ), #5805 ) ;
#804 = SURFACE_SIDE_STYLE ('',( #3167 ) ) ;
#805 =( LENGTH_UNIT ( ) NAMED_UNIT ( * ) SI_UNIT ( .MILLI., .METRE. ) );
#806 = PLANE ( 'NONE',  #3249 ) ;
#807 = FILL_AREA_STYLE ('',( #318 ) ) ;
#808 = DIRECTION ( 'NONE',  ( 0.0000000000000000000, 0.0000000000000000000, 1.000000000000000000 ) ) ;
#809 = ORIENTED_EDGE ( 'NONE', *, *, #5309, .T. ) ;
#810 = PRESENTATION_STYLE_ASSIGNMENT (( #7194 ) ) ;
#811 = PRODUCT ( 'd3c', 'd3c', '', ( #606 ) ) ;
#812 =( LENGTH_UNIT ( ) NAMED_UNIT ( * ) SI_UNIT ( .MILLI., .METRE. ) );
#813 = UNCERTAINTY_MEASURE_WITH_UNIT (LENGTH_MEASURE( 1.000000000000000082E-05 ), #1213, 'distance_accuracy_value', 'NONE');
#814 = FILL_AREA_STYLE ('',( #4699 ) ) ;
#815 =( LENGTH_UNIT ( ) NAMED_UNIT ( * ) SI_UNIT ( .MILLI., .METRE. ) );
#816 = SURFACE_STYLE_FILL_AREA ( #7389 ) ;
#817 = ORIENTED_EDGE ( 'NONE', *, *, #4682, .T. ) ;
#818 = ORIENTED_EDGE ( 'NONE', *, *, #6121, .T. ) ;
#819 = ADVANCED_FACE ( 'NONE', ( #4980 ), #4362, .T. ) ;
#820 = LINE ( 'NONE', #5480, #6757 ) ;
#821 = UNCERTAINTY_MEASURE_WITH_UNIT (LENGTH_MEASURE( 1.000000000000000082E-05 ), #1839, 'distance_accuracy_value', 'NONE');
#822 = FILL_AREA_STYLE ('',( #5978 ) ) ;
#823 = FILL_AREA_STYLE ('',( #6771 ) ) ;
#824 = PRESENTATION_STYLE_ASSIGNMENT (( #194 ) ) ;
#825 =( NAMED_UNIT ( * ) SI_UNIT ( $, .STERADIAN. ) SOLID_ANGLE_UNIT ( ) );
#826 = ORIENTED_EDGE ( 'NONE', *, *, #7180, .F. ) ;
#827 = EDGE_CURVE ( 'NONE', #2952, #4818, #3344, .T. ) ;
#828 = EDGE_LOOP ( 'NONE', ( #6018, #4583, #7041, #1259 ) ) ;
#829 = SURFACE_STYLE_USAGE ( .BOTH. , #5593 ) ;
#830 = CARTESIAN_POINT ( 'NONE',  ( 0.7908746792755899646, -1.423597468397800547, -0.6832339875140094332 ) ) ;
#831 = PRESENTATION_STYLE_ASSIGNMENT (( #4830 ) ) ;
#832 = AXIS2_PLACEMENT_3D ( 'NONE', #1879, #2033, #1951 ) ;
#833 = DIRECTION ( 'NONE',  ( 0.0000000000000000000, 1.715124499442879932E-15, -1.000000000000000000 ) ) ;
#834 = PRESENTATION_STYLE_ASSIGNMENT (( #4297 ) ) ;
#835 = ORIENTED_EDGE ( 'NONE', *, *, #4467, .T. ) ;
#836 = CARTESIAN_POINT ( 'NONE',  ( -0.01978828152361089901, 2.210171558007790082, 2.702918890766719873 ) ) ;
#837 = FILL_AREA_STYLE_COLOUR ( '', #5275 ) ;
#838 = CARTESIAN_POINT ( 'NONE',  ( 0.2962236059849328029, 1.502059127418609030, 0.4999999999999998890 ) ) ;
#839 = CYLINDRICAL_SURFACE ( 'NONE', #3979, 3.250000000000000444 ) ;
#840 = ORIENTED_EDGE ( 'NONE', *, *, #2601, .T. ) ;
#841 = CARTESIAN_POINT ( 'NONE',  ( -1.169788281523611584, 3.329000000000004178, 0.5010796326794888511 ) ) ;
#842 = DIRECTION ( 'NONE',  ( 0.0000000000000000000, -0.4999999999999998335, 0.8660254037844387076 ) ) ;
#843 = FILL_AREA_STYLE ('',( #2727 ) ) ;
#844 = DIRECTION ( 'NONE',  ( -0.0000000000000000000, 1.000000000000000000, 0.0000000000000000000 ) ) ;
#845 =( NAMED_UNIT ( * ) SI_UNIT ( $, .STERADIAN. ) SOLID_ANGLE_UNIT ( ) );
#846 = EDGE_LOOP ( 'NONE', ( #5729, #6680, #1582, #1964 ) ) ;
#847 = ORIENTED_EDGE ( 'NONE', *, *, #7580, .F. ) ;
#848 = DIRECTION ( 'NONE',  ( -1.000000000000000000, 0.0000000000000000000, 0.0000000000000000000 ) ) ;
#849 = CARTESIAN_POINT ( 'NONE',  ( 0.0000000000000000000, 2.299999999999999822, -0.4909999999999999920 ) ) ;
#850 = PRESENTATION_STYLE_ASSIGNMENT (( #5554 ) ) ;
#851 = CARTESIAN_POINT ( 'NONE',  ( 0.5000000000000000000, 2.399999999999999911, -7.709882115452470771E-17 ) ) ;
#852 = PRESENTATION_LAYER_ASSIGNMENT (  '', '', ( #6616 ) ) ;
#853 =( NAMED_UNIT ( * ) SI_UNIT ( $, .STERADIAN. ) SOLID_ANGLE_UNIT ( ) );
#854 = ORIENTED_EDGE ( 'NONE', *, *, #1637, .T. ) ;
#855 = ORIENTED_EDGE ( 'NONE', *, *, #3887, .T. ) ;
#856 = CARTESIAN_POINT ( 'NONE',  ( -0.01978828152361070125, 2.298070546090650090, 0.4000000000000000222 ) ) ;
#857 = FACE_OUTER_BOUND ( 'NONE', #6814, .T. ) ;
#858 = AXIS2_PLACEMENT_3D ( 'NONE', #5521, #4829, #6702 ) ;
#859 = DIRECTION ( 'NONE',  ( 0.0000000000000000000, -2.168404344971008868E-15, 1.000000000000000000 ) ) ;
#860 = VECTOR ( 'NONE', #6718, 1000.000000000000000 ) ;
#861 = EDGE_CURVE ( 'NONE', #4472, #3532, #3213, .T. ) ;
#862 = EDGE_CURVE ( 'NONE', #1928, #6072, #5007, .T. ) ;
#863 = CARTESIAN_POINT ( 'NONE',  ( 0.7908746792755899646, -1.131459044838250882, -0.2836276823554179649 ) ) ;
#864 = DIRECTION ( 'NONE',  ( 0.0000000000000000000, -0.8660254037844391517, 0.4999999999999990563 ) ) ;
#865 = LINE ( 'NONE', #799, #1599 ) ;
#866 = AXIS2_PLACEMENT_3D ( 'NONE', #567, #2368, #2907 ) ;
#867 = VERTEX_POINT ( 'NONE', #2745 ) ;
#868 = COLOUR_RGB ( '',0.8666666666666666963, 0.8666666666666666963, 0.8666666666666666963 ) ;
#869 = PRESENTATION_STYLE_ASSIGNMENT (( #7294 ) ) ;
#870 = CARTESIAN_POINT ( 'NONE',  ( 0.7908746792755899646, 0.5212388980384704551, -0.7759330692127314189 ) ) ;
#871 = VECTOR ( 'NONE', #7592, 1000.000000000000227 ) ;
#872 = CARTESIAN_POINT ( 'NONE',  ( 1.260586298421956242, 2.138139624387601856, 0.5000000000000002220 ) ) ;
#873 = COLOUR_RGB ( '',1.000000000000000000, 1.000000000000000000, 1.000000000000000000 ) ;
#874 = MECHANICAL_DESIGN_GEOMETRIC_PRESENTATION_REPRESENTATION (  '', ( #1246 ), #6774 ) ;
#875 = VERTEX_POINT ( 'NONE', #7450 ) ;
#876 =( NAMED_UNIT ( * ) PLANE_ANGLE_UNIT ( ) SI_UNIT ( $, .RADIAN. ) );
#877 = CARTESIAN_POINT ( 'NONE',  ( 2.142428528562859924, 0.0000000000000000000, 2.100000000000000089 ) ) ;
#878 = STYLED_ITEM ( 'NONE', ( #7038 ), #6381 ) ;
#879 = CYLINDRICAL_SURFACE ( 'NONE', #1162, 1.199999999999999956 ) ;
#880 = EDGE_CURVE ( 'NONE', #2764, #1928, #2165, .T. ) ;
#881 = CARTESIAN_POINT ( 'NONE',  ( -2.000000000000000000, 0.0000000000000000000, -3.000000000000000000 ) ) ;
#882 = FACE_OUTER_BOUND ( 'NONE', #2496, .T. ) ;
#883 = DIRECTION ( 'NONE',  ( 0.0000000000000000000, 0.0000000000000000000, 1.000000000000000000 ) ) ;
#884 = VERTEX_POINT ( 'NONE', #7083 ) ;
#885 = AXIS2_PLACEMENT_3D ( 'NONE', #1971, #2423, #658 ) ;
#886 =( NAMED_UNIT ( * ) SI_UNIT ( $, .STERADIAN. ) SOLID_ANGLE_UNIT ( ) );
#887 = ORIENTED_EDGE ( 'NONE', *, *, #4457, .T. ) ;
#888 = ORIENTED_EDGE ( 'NONE', *, *, #5624, .F. ) ;
#889 = LINE ( 'NONE', #2804, #4998 ) ;
#890 = PRESENTATION_STYLE_ASSIGNMENT (( #7316 ) ) ;
#891 = VECTOR ( 'NONE', #1467, 1000.000000000000000 ) ;
#892 = DIRECTION ( 'NONE',  ( -1.000000000000000000, 0.0000000000000000000, -0.0000000000000000000 ) ) ;
#893 = ORIENTED_EDGE ( 'NONE', *, *, #701, .T. ) ;
#894 = ORIENTED_EDGE ( 'NONE', *, *, #3578, .T. ) ;
#895 = DIRECTION ( 'NONE',  ( 0.0000000000000000000, 0.0000000000000000000, -1.000000000000000000 ) ) ;
#896 = PRESENTATION_STYLE_ASSIGNMENT (( #829 ) ) ;
#897 = CARTESIAN_POINT ( 'NONE',  ( -0.01978828152361089901, -3.371237590837970366, 0.02571178359094395197 ) ) ;
#898 = AXIS2_PLACEMENT_3D ( 'NONE', #2588, #4950, #1954 ) ;
#899 = CARTESIAN_POINT ( 'NONE',  ( 0.2680751308898460250, 0.6212388980384699888, -0.6027279884558470746 ) ) ;
#900 = AXIS2_PLACEMENT_3D ( 'NONE', #6006, #1931, #4125 ) ;
#901 = CIRCLE ( 'NONE', #792, 0.8000000000000001554 ) ;
#902 =( NAMED_UNIT ( * ) SI_UNIT ( $, .STERADIAN. ) SOLID_ANGLE_UNIT ( ) );
#903 = ORIENTED_EDGE ( 'NONE', *, *, #5858, .F. ) ;
#904 =( NAMED_UNIT ( * ) PLANE_ANGLE_UNIT ( ) SI_UNIT ( $, .RADIAN. ) );
#905 = EDGE_CURVE ( 'NONE', #2600, #2921, #6960, .T. ) ;
#906 = EDGE_CURVE ( 'NONE', #2017, #5778, #5177, .T. ) ;
#907 = FACE_OUTER_BOUND ( 'NONE', #2543, .T. ) ;
#908 = STYLED_ITEM ( 'NONE', ( #5026 ), #4553 ) ;
#909 = DIRECTION ( 'NONE',  ( 1.000000000000000000, -0.0000000000000000000, -0.0000000000000000000 ) ) ;
#910 = SURFACE_STYLE_USAGE ( .BOTH. , #5572 ) ;
#911 = CARTESIAN_POINT ( 'NONE',  ( -2.142428528562859924, 0.0000000000000000000, 1.800000000000000266 ) ) ;
#912 =( NAMED_UNIT ( * ) SI_UNIT ( $, .STERADIAN. ) SOLID_ANGLE_UNIT ( ) );
#913 =( NAMED_UNIT ( * ) PLANE_ANGLE_UNIT ( ) SI_UNIT ( $, .RADIAN. ) );
#914 = PRESENTATION_LAYER_ASSIGNMENT (  '', '', ( #6556 ) ) ;
#915 = EDGE_LOOP ( 'NONE', ( #5484, #3587, #2590, #2221 ) ) ;
#916 = ADVANCED_FACE ( 'NONE', ( #5295 ), #4002, .T. ) ;
#917 = CARTESIAN_POINT ( 'NONE',  ( 0.02163548006626829848, 2.600000000000000533, -0.5429203673205099667 ) ) ;
#918 = CARTESIAN_POINT ( 'NONE',  ( -0.009125320724409342540, 0.7712388980384700110, -0.8429203673205148961 ) ) ;
#919 =( LENGTH_UNIT ( ) NAMED_UNIT ( * ) SI_UNIT ( .MILLI., .METRE. ) );
#920 = LINE ( 'NONE', #6799, #7307 ) ;
#921 = CYLINDRICAL_SURFACE ( 'NONE', #5131, 1.200000000000000178 ) ;
#922 = MECHANICAL_DESIGN_GEOMETRIC_PRESENTATION_REPRESENTATION (  '', ( #4688 ), #4943 ) ;
#923 = COLOUR_RGB ( '',0.8666666666666666963, 0.8666666666666666963, 0.8666666666666666963 ) ;
#924 = MECHANICAL_DESIGN_GEOMETRIC_PRESENTATION_REPRESENTATION (  '', ( #3871 ), #535 ) ;
#925 = LINE ( 'NONE', #3838, #4314 ) ;
#926 = ORIENTED_EDGE ( 'NONE', *, *, #3227, .T. ) ;
#927 = ORIENTED_EDGE ( 'NONE', *, *, #1236, .T. ) ;
#928 = VERTEX_POINT ( 'NONE', #619 ) ;
#929 = EDGE_CURVE ( 'NONE', #2995, #3853, #2923, .T. ) ;
#930 = CARTESIAN_POINT ( 'NONE',  ( -0.4999999999999998890, 1.699999999999999734, 0.7874007874011800245 ) ) ;
#931 =( GEOMETRIC_REPRESENTATION_CONTEXT ( 3 ) GLOBAL_UNCERTAINTY_ASSIGNED_CONTEXT ( ( #585 ) ) GLOBAL_UNIT_ASSIGNED_CONTEXT ( ( #5544, #6133, #2568 ) ) REPRESENTATION_CONTEXT ( 'NONE', 'WORKASPACE' ) );
#932 = LINE ( 'NONE', #5514, #5522 ) ;
#933 = PRODUCT_DEFINITION_FORMATION_WITH_SPECIFIED_SOURCE ( 'ANY', '', #1980, .NOT_KNOWN. ) ;
#934 = CARTESIAN_POINT ( 'NONE',  ( 0.0000000000000000000, 2.000000000000000000, -3.741071428571430602 ) ) ;
#935 = ORIENTED_EDGE ( 'NONE', *, *, #49, .F. ) ;
#936 = VERTEX_POINT ( 'NONE', #1081 ) ;
#937 = DIRECTION ( 'NONE',  ( 0.0000000000000000000, 0.0000000000000000000, 1.000000000000000000 ) ) ;
#938 = PRESENTATION_STYLE_ASSIGNMENT (( #3238 ) ) ;
#939 = SURFACE_STYLE_FILL_AREA ( #6265 ) ;
#940 = SURFACE_STYLE_USAGE ( .BOTH. , #6738 ) ;
#941 = CARTESIAN_POINT ( 'NONE',  ( 0.3472796854691360124, -3.371237590837970366, 0.02571178359094360155 ) ) ;
#942 = PLANE ( 'NONE',  #7540 ) ;
#943 = VERTEX_POINT ( 'NONE', #6999 ) ;
#944 = PRESENTATION_STYLE_ASSIGNMENT (( #272 ) ) ;
#945 =( NAMED_UNIT ( * ) SI_UNIT ( $, .STERADIAN. ) SOLID_ANGLE_UNIT ( ) );
#946 = VECTOR ( 'NONE', #2200, 1000.000000000000000 ) ;
#947 = DIRECTION ( 'NONE',  ( 1.000000000000000000, -2.689993498220789817E-16, -3.545793184098880218E-31 ) ) ;
#948 = LINE ( 'NONE', #985, #4537 ) ;
#949 = PRESENTATION_STYLE_ASSIGNMENT (( #5153 ) ) ;
#950 = AXIS2_PLACEMENT_3D ( 'NONE', #2113, #146, #4425 ) ;
#951 = ORIENTED_EDGE ( 'NONE', *, *, #1404, .F. ) ;
#952 = FACE_OUTER_BOUND ( 'NONE', #5423, .T. ) ;
#953 = LINE ( 'NONE', #5610, #4390 ) ;
#954 = DIRECTION ( 'NONE',  ( 0.0000000000000000000, 0.0000000000000000000, -1.000000000000000000 ) ) ;
#955 = LINE ( 'NONE', #4999, #1098 ) ;
#956 = EDGE_CURVE ( 'NONE', #6554, #6700, #3413, .T. ) ;
#957 =( NAMED_UNIT ( * ) SI_UNIT ( $, .STERADIAN. ) SOLID_ANGLE_UNIT ( ) );
#958 = PRESENTATION_STYLE_ASSIGNMENT (( #5364 ) ) ;
#959 = EDGE_CURVE ( 'NONE', #29, #3146, #5156, .T. ) ;
#960 = VERTEX_POINT ( 'NONE', #1237 ) ;
#961 = ORIENTED_EDGE ( 'NONE', *, *, #583, .T. ) ;
#962 = SURFACE_STYLE_USAGE ( .BOTH. , #5053 ) ;
#963 = PRESENTATION_STYLE_ASSIGNMENT (( #7352 ) ) ;
#964 = UNCERTAINTY_MEASURE_WITH_UNIT (LENGTH_MEASURE( 1.000000000000000082E-05 ), #3029, 'distance_accuracy_value', 'NONE');
#965 = DIRECTION ( 'NONE',  ( 0.0000000000000000000, -1.000000000000000000, 0.0000000000000000000 ) ) ;
#966 = EDGE_CURVE ( 'NONE', #3331, #2222, #6366, .T. ) ;
#967 = ORIENTED_EDGE ( 'NONE', *, *, #7159, .F. ) ;
#968 = ORIENTED_EDGE ( 'NONE', *, *, #1211, .F. ) ;
#969 = VECTOR ( 'NONE', #6791, 1000.000000000000000 ) ;
#970 = CARTESIAN_POINT ( 'NONE',  ( 1.980211718476390326, 3.328999999999999293, -0.1429203673205092506 ) ) ;
#971 = PLANE ( 'NONE',  #16 ) ;
#972 = PRODUCT_DEFINITION_CONTEXT ( 'detailed design', #3960, 'design' ) ;
#973 = CARTESIAN_POINT ( 'NONE',  ( 0.6280788196410069801, 2.699999999999999734, -1.029074699665729774E-15 ) ) ;
#974 = MECHANICAL_DESIGN_GEOMETRIC_PRESENTATION_REPRESENTATION (  '', ( #5503 ), #1850 ) ;
#975 = CIRCLE ( 'NONE', #3176, 3.250000000000000444 ) ;
#976 = EDGE_CURVE ( 'NONE', #7181, #2481, #7583, .T. ) ;
#977 = DIRECTION ( 'NONE',  ( 1.000000000000000000, 0.0000000000000000000, -0.0000000000000000000 ) ) ;
#978 = VERTEX_POINT ( 'NONE', #3489 ) ;
#979 =( GEOMETRIC_REPRESENTATION_CONTEXT ( 3 ) GLOBAL_UNCERTAINTY_ASSIGNED_CONTEXT ( ( #6023 ) ) GLOBAL_UNIT_ASSIGNED_CONTEXT ( ( #4862, #6619, #2624 ) ) REPRESENTATION_CONTEXT ( 'NONE', 'WORKASPACE' ) );
#980 = VECTOR ( 'NONE', #4732, 1000.000000000000000 ) ;
#981 = CARTESIAN_POINT ( 'NONE',  ( 0.3472796854691360124, 1.673642115736349911, 0.4000000000000000222 ) ) ;
#982 = DIRECTION ( 'NONE',  ( -0.0000000000000000000, -1.715124499442879932E-15, -1.000000000000000000 ) ) ;
#983 = STYLED_ITEM ( 'NONE', ( #7409 ), #1769 ) ;
#984 = DIRECTION ( 'NONE',  ( 0.0000000000000000000, 1.734723475976807094E-15, -1.000000000000000000 ) ) ;
#985 = CARTESIAN_POINT ( 'NONE',  ( -0.1528146411127589976, 5.000000000000002665, -0.04292036732051092429 ) ) ;
#986 = AXIS2_PLACEMENT_3D ( 'NONE', #2735, #848, #1473 ) ;
#987 =( LENGTH_UNIT ( ) NAMED_UNIT ( * ) SI_UNIT ( .MILLI., .METRE. ) );
#988 =( LENGTH_UNIT ( ) NAMED_UNIT ( * ) SI_UNIT ( .MILLI., .METRE. ) );
#989 = ORIENTED_EDGE ( 'NONE', *, *, #2149, .F. ) ;
#990 = DIRECTION ( 'NONE',  ( 0.0000000000000000000, 0.0000000000000000000, 1.000000000000000000 ) ) ;
#991 = CARTESIAN_POINT ( 'NONE',  ( 0.0000000000000000000, 0.0000000000000000000, -3.000000000000000000 ) ) ;
#992 = MECHANICAL_DESIGN_GEOMETRIC_PRESENTATION_REPRESENTATION (  '', ( #5246 ), #4750 ) ;
#993 = CARTESIAN_POINT ( 'NONE',  ( 1.697056274847712043, -0.2999999999999999889, 2.100000000000000089 ) ) ;
#994 = PLANE ( 'NONE',  #801 ) ;
#995 = CARTESIAN_POINT ( 'NONE',  ( -0.4999999999999998890, 1.699999999999999734, 0.7874007874011800245 ) ) ;
#996 =( LENGTH_UNIT ( ) NAMED_UNIT ( * ) SI_UNIT ( .MILLI., .METRE. ) );
#997 = VERTEX_POINT ( 'NONE', #1750 ) ;
#998 = CIRCLE ( 'NONE', #1249, 4.000289042323469602 ) ;
#999 = ORIENTED_EDGE ( 'NONE', *, *, #6929, .T. ) ;
#1000 = SURFACE_SIDE_STYLE ('',( #7437 ) ) ;
#1001 = CARTESIAN_POINT ( 'NONE',  ( -3.250000000000000444, 2.000000000000000000, -0.4910000000000003251 ) ) ;
#1002 = EDGE_CURVE ( 'NONE', #7449, #105, #20, .T. ) ;
#1003 = CARTESIAN_POINT ( 'NONE',  ( -0.3868562485163580256, 2.073642115736349822, -0.1000000000000000056 ) ) ;
#1004 = ADVANCED_FACE ( 'NONE', ( #6450 ), #2963, .F. ) ;
#1005 = VECTOR ( 'NONE', #3926, 1000.000000000000000 ) ;
#1006 = FACE_OUTER_BOUND ( 'NONE', #790, .T. ) ;
#1007 =( NAMED_UNIT ( * ) SI_UNIT ( $, .STERADIAN. ) SOLID_ANGLE_UNIT ( ) );
#1008 = DIRECTION ( 'NONE',  ( -1.000000000000000000, 0.0000000000000000000, 0.0000000000000000000 ) ) ;
#1009 = ORIENTED_EDGE ( 'NONE', *, *, #1062, .T. ) ;
#1010 = ORIENTED_EDGE ( 'NONE', *, *, #4991, .T. ) ;
#1011 = SURFACE_STYLE_FILL_AREA ( #2298 ) ;
#1012 = EDGE_CURVE ( 'NONE', #3868, #5094, #744, .T. ) ;
#1013 = PRESENTATION_LAYER_ASSIGNMENT (  '', '', ( #2122 ) ) ;
#1014 = DIRECTION ( 'NONE',  ( -0.0000000000000000000, 1.000000000000000000, 1.276756478318930021E-15 ) ) ;
#1015 = SURFACE_STYLE_FILL_AREA ( #2818 ) ;
#1016 = VERTEX_POINT ( 'NONE', #1359 ) ;
#1017 = FACE_OUTER_BOUND ( 'NONE', #4096, .T. ) ;
#1018 = EDGE_CURVE ( 'NONE', #1847, #5211, #2498, .T. ) ;
#1019 = CARTESIAN_POINT ( 'NONE',  ( 0.7908746792755908528, 2.899999999999997247, -0.5429203673205111880 ) ) ;
#1020 = VECTOR ( 'NONE', #2626, 1000.000000000000000 ) ;
#1021 =( LENGTH_UNIT ( ) NAMED_UNIT ( * ) SI_UNIT ( .MILLI., .METRE. ) );
#1022 = DIRECTION ( 'NONE',  ( -1.000000000000000000, 0.0000000000000000000, -0.0000000000000000000 ) ) ;
#1023 =( NAMED_UNIT ( * ) SI_UNIT ( $, .STERADIAN. ) SOLID_ANGLE_UNIT ( ) );
#1024 = ORIENTED_EDGE ( 'NONE', *, *, #3774, .F. ) ;
#1025 = AXIS2_PLACEMENT_3D ( 'NONE', #2638, #7258, #3826 ) ;
#1026 = PRESENTATION_LAYER_ASSIGNMENT (  '', '', ( #4313 ) ) ;
#1027 = CIRCLE ( 'NONE', #5311, 0.2000000000000000111 ) ;
#1028 = FACE_OUTER_BOUND ( 'NONE', #4145, .T. ) ;
#1029 = LINE ( 'NONE', #4016, #4883 ) ;
#1030 =( LENGTH_UNIT ( ) NAMED_UNIT ( * ) SI_UNIT ( .MILLI., .METRE. ) );
#1031 = AXIS2_PLACEMENT_3D ( 'NONE', #5312, #686, #5419 ) ;
#1032 =( GEOMETRIC_REPRESENTATION_CONTEXT ( 3 ) GLOBAL_UNCERTAINTY_ASSIGNED_CONTEXT ( ( #2420 ) ) GLOBAL_UNIT_ASSIGNED_CONTEXT ( ( #1890, #5387, #2992 ) ) REPRESENTATION_CONTEXT ( 'NONE', 'WORKASPACE' ) );
#1033 = DIRECTION ( 'NONE',  ( -0.9999297706328700297, 1.018274909543500035E-18, -0.01185132068995249990 ) ) ;
#1034 = ORIENTED_EDGE ( 'NONE', *, *, #5209, .T. ) ;
#1035 = ORIENTED_EDGE ( 'NONE', *, *, #4224, .F. ) ;
#1036 = CARTESIAN_POINT ( 'NONE',  ( -0.3868562485163582476, 2.403271875890680143, -1.233939825995119977 ) ) ;
#1037 = DIRECTION ( 'NONE',  ( 0.0000000000000000000, 1.000000000000000000, -1.715124499442879932E-15 ) ) ;
#1038 = COLOUR_RGB ( '',1.000000000000000000, 1.000000000000000000, 1.000000000000000000 ) ;
#1039 = STYLED_ITEM ( 'NONE', ( #6087 ), #7272 ) ;
#1040 = MECHANICAL_DESIGN_GEOMETRIC_PRESENTATION_REPRESENTATION (  '', ( #4945 ), #683 ) ;
#1041 = UNCERTAINTY_MEASURE_WITH_UNIT (LENGTH_MEASURE( 1.000000000000000082E-05 ), #1475, 'distance_accuracy_value', 'NONE');
#1042 = FILL_AREA_STYLE_COLOUR ( '', #147 ) ;
#1043 = PRESENTATION_STYLE_ASSIGNMENT (( #5632 ) ) ;
#1044 = SURFACE_STYLE_USAGE ( .BOTH. , #5093 ) ;
#1045 = ORIENTED_EDGE ( 'NONE', *, *, #2647, .F. ) ;
#1046 =( GEOMETRIC_REPRESENTATION_CONTEXT ( 3 ) GLOBAL_UNCERTAINTY_ASSIGNED_CONTEXT ( ( #1832 ) ) GLOBAL_UNIT_ASSIGNED_CONTEXT ( ( #565, #6977, #1722 ) ) REPRESENTATION_CONTEXT ( 'NONE', 'WORKASPACE' ) );
#1047 = ORIENTED_EDGE ( 'NONE', *, *, #3965, .F. ) ;
#1048 = FILL_AREA_STYLE_COLOUR ( '', #3071 ) ;
#1049 = DIRECTION ( 'NONE',  ( 1.000000000000000000, 0.0000000000000000000, 0.0000000000000000000 ) ) ;
#1050 = CARTESIAN_POINT ( 'NONE',  ( 0.3472796854691360124, -1.302697942876720028, -0.4799377995762330040 ) ) ;
#1051 = UNCERTAINTY_MEASURE_WITH_UNIT (LENGTH_MEASURE( 1.000000000000000082E-05 ), #345, 'distance_accuracy_value', 'NONE');
#1052 = DIRECTION ( 'NONE',  ( 1.000000000000000000, 0.0000000000000000000, 0.0000000000000000000 ) ) ;
#1053 = CARTESIAN_POINT ( 'NONE',  ( 1.697056274847712043, 0.0000000000000000000, 2.100000000000000089 ) ) ;
#1054 = EDGE_CURVE ( 'NONE', #7223, #3986, #3645, .T. ) ;
#1055 = CARTESIAN_POINT ( 'NONE',  ( -0.009125320724410319190, 1.893690627588850095, -0.8172085837295719468 ) ) ;
#1056 = ADVANCED_FACE ( 'NONE', ( #5976 ), #1904, .F. ) ;
#1057 = VERTEX_POINT ( 'NONE', #705 ) ;
#1058 = PRODUCT_DEFINITION_FORMATION_WITH_SPECIFIED_SOURCE ( 'ANY', '', #6824, .NOT_KNOWN. ) ;
#1059 = LINE ( 'NONE', #7013, #5637 ) ;
#1060 = DIRECTION ( 'NONE',  ( 0.0000000000000000000, 1.000000000000000000, 0.0000000000000000000 ) ) ;
#1061 = CARTESIAN_POINT ( 'NONE',  ( 2.142428528562859924, 0.0000000000000000000, 1.800000000000000266 ) ) ;
#1062 = EDGE_CURVE ( 'NONE', #2744, #5540, #5444, .T. ) ;
#1063 = DIRECTION ( 'NONE',  ( 0.0000000000000000000, -0.0000000000000000000, -1.000000000000000000 ) ) ;
#1064 = CARTESIAN_POINT ( 'NONE',  ( -0.8091253207244090140, 4.799999999999999822, 0.2000000000000000111 ) ) ;
#1065 = ORIENTED_EDGE ( 'NONE', *, *, #4834, .T. ) ;
#1066 = VECTOR ( 'NONE', #3049, 1000.000000000000000 ) ;
#1067 = DIRECTION ( 'NONE',  ( -1.000000000000000000, -0.0000000000000000000, 0.0000000000000000000 ) ) ;
#1068 =( NAMED_UNIT ( * ) SI_UNIT ( $, .STERADIAN. ) SOLID_ANGLE_UNIT ( ) );
#1069 = EDGE_CURVE ( 'NONE', #6970, #1938, #820, .T. ) ;
#1070 = VECTOR ( 'NONE', #6170, 1000.000000000000000 ) ;
#1071 = CARTESIAN_POINT ( 'NONE',  ( 0.0000000000000000000, 0.0000000000000000000, 0.0000000000000000000 ) ) ;
#1072 = VERTEX_POINT ( 'NONE', #2018 ) ;
#1073 = SURFACE_STYLE_USAGE ( .BOTH. , #3436 ) ;
#1074 = CARTESIAN_POINT ( 'NONE',  ( 0.0000000000000000000, 2.399999999999999911, 0.0000000000000000000 ) ) ;
#1075 = CARTESIAN_POINT ( 'NONE',  ( 0.1345639996639400038, 1.664928218426819928, -0.6429203673205110547 ) ) ;
#1076 =( NAMED_UNIT ( * ) SI_UNIT ( $, .STERADIAN. ) SOLID_ANGLE_UNIT ( ) );
#1077 = LINE ( 'NONE', #6883, #2320 ) ;
#1078 =( NAMED_UNIT ( * ) PLANE_ANGLE_UNIT ( ) SI_UNIT ( $, .RADIAN. ) );
#1079 = VERTEX_POINT ( 'NONE', #4317 ) ;
#1080 = ORIENTED_EDGE ( 'NONE', *, *, #905, .F. ) ;
#1081 = CARTESIAN_POINT ( 'NONE',  ( -0.8091253207244090140, 4.800000000000001599, -0.04292036732051018183 ) ) ;
#1082 =( NAMED_UNIT ( * ) PLANE_ANGLE_UNIT ( ) SI_UNIT ( $, .RADIAN. ) );
#1083 = CARTESIAN_POINT ( 'NONE',  ( 0.0000000000000000000, 1.800000000000000266, -0.4909999999999999920 ) ) ;
#1084 =( NAMED_UNIT ( * ) PLANE_ANGLE_UNIT ( ) SI_UNIT ( $, .RADIAN. ) );
#1085 = SURFACE_STYLE_FILL_AREA ( #1680 ) ;
#1086 = EDGE_LOOP ( 'NONE', ( #2440, #258, #5909, #3145 ) ) ;
#1087 = DIRECTION ( 'NONE',  ( 0.0000000000000000000, -0.0000000000000000000, 1.000000000000000000 ) ) ;
#1088 = FILL_AREA_STYLE ('',( #6936 ) ) ;
#1089 = VERTEX_POINT ( 'NONE', #6690 ) ;
#1090 = ORIENTED_EDGE ( 'NONE', *, *, #1018, .T. ) ;
#1091 = SURFACE_SIDE_STYLE ('',( #456 ) ) ;
#1092 = VECTOR ( 'NONE', #1721, 1000.000000000000000 ) ;
#1093 = SURFACE_SIDE_STYLE ('',( #1133 ) ) ;
#1094 =( NAMED_UNIT ( * ) SI_UNIT ( $, .STERADIAN. ) SOLID_ANGLE_UNIT ( ) );
#1095 = SURFACE_SIDE_STYLE ('',( #2210 ) ) ;
#1096 = VECTOR ( 'NONE', #1412, 1000.000000000000000 ) ;
#1097 = VECTOR ( 'NONE', #5781, 1000.000000000000000 ) ;
#1098 = VECTOR ( 'NONE', #6801, 1000.000000000000000 ) ;
#1099 = ORIENTED_EDGE ( 'NONE', *, *, #861, .F. ) ;
#1100 = PRESENTATION_STYLE_ASSIGNMENT (( #7567 ) ) ;
#1101 = ADVANCED_FACE ( 'NONE', ( #1437 ), #108, .T. ) ;
#1102 = VECTOR ( 'NONE', #3469, 1000.000000000000000 ) ;
#1103 = DIRECTION ( 'NONE',  ( 1.000000000000000000, 0.0000000000000000000, -0.0000000000000000000 ) ) ;
#1104 = PLANE ( 'NONE',  #1495 ) ;
#1105 =( GEOMETRIC_REPRESENTATION_CONTEXT ( 3 ) GLOBAL_UNCERTAINTY_ASSIGNED_CONTEXT ( ( #6647 ) ) GLOBAL_UNIT_ASSIGNED_CONTEXT ( ( #5384, #2945, #7186 ) ) REPRESENTATION_CONTEXT ( 'NONE', 'WORKASPACE' ) );
#1106 = DIRECTION ( 'NONE',  ( 1.000000000000000000, 0.0000000000000000000, 0.0000000000000000000 ) ) ;
#1107 =( NAMED_UNIT ( * ) SI_UNIT ( $, .STERADIAN. ) SOLID_ANGLE_UNIT ( ) );
#1108 = AXIS2_PLACEMENT_3D ( 'NONE', #4838, #1461, #3102 ) ;
#1109 = VERTEX_POINT ( 'NONE', #5008 ) ;
#1110 = VECTOR ( 'NONE', #2426, 1000.000000000000000 ) ;
#1111 = CARTESIAN_POINT ( 'NONE',  ( 0.7908746792755909638, 2.700000000000000178, -1.949231046932160094 ) ) ;
#1112 = CARTESIAN_POINT ( 'NONE',  ( 1.311532496930308378, 2.399999999999999467, 0.7012016495210184885 ) ) ;
#1113 = DIRECTION ( 'NONE',  ( 0.0000000000000000000, -1.000000000000000000, -8.881784197001250351E-16 ) ) ;
#1114 = EDGE_CURVE ( 'NONE', #7589, #3400, #5548, .T. ) ;
#1115 = UNCERTAINTY_MEASURE_WITH_UNIT (LENGTH_MEASURE( 1.000000000000000082E-05 ), #6193, 'distance_accuracy_value', 'NONE');
#1116 = STYLED_ITEM ( 'NONE', ( #6459 ), #2407 ) ;
#1117 = SURFACE_SIDE_STYLE ('',( #2228 ) ) ;
#1118 =( GEOMETRIC_REPRESENTATION_CONTEXT ( 3 ) GLOBAL_UNCERTAINTY_ASSIGNED_CONTEXT ( ( #6568 ) ) GLOBAL_UNIT_ASSIGNED_CONTEXT ( ( #5956, #717, #2475 ) ) REPRESENTATION_CONTEXT ( 'NONE', 'WORKASPACE' ) );
#1119 = VECTOR ( 'NONE', #3955, 1000.000000000000000 ) ;
#1120 = FACE_OUTER_BOUND ( 'NONE', #3077, .T. ) ;
#1121 = ORIENTED_EDGE ( 'NONE', *, *, #6732, .T. ) ;
#1122 = CARTESIAN_POINT ( 'NONE',  ( 1.848138122877330052E-16, 2.399999999999999911, -0.5000000000000000000 ) ) ;
#1123 = UNCERTAINTY_MEASURE_WITH_UNIT (LENGTH_MEASURE( 1.000000000000000082E-05 ), #2800, 'distance_accuracy_value', 'NONE');
#1124 = AXIS2_PLACEMENT_3D ( 'NONE', #2695, #5587, #2121 ) ;
#1125 =( NAMED_UNIT ( * ) SI_UNIT ( $, .STERADIAN. ) SOLID_ANGLE_UNIT ( ) );
#1126 = FILL_AREA_STYLE ('',( #3452 ) ) ;
#1127 =( NAMED_UNIT ( * ) PLANE_ANGLE_UNIT ( ) SI_UNIT ( $, .RADIAN. ) );
#1128 = ORIENTED_EDGE ( 'NONE', *, *, #1675, .F. ) ;
#1129 = AXIS2_PLACEMENT_3D ( 'NONE', #5811, #52, #2798 ) ;
#1130 = EDGE_LOOP ( 'NONE', ( #1161, #2876, #4817, #2388 ) ) ;
#1131 = SURFACE_STYLE_FILL_AREA ( #2171 ) ;
#1132 = MECHANICAL_DESIGN_GEOMETRIC_PRESENTATION_REPRESENTATION (  '', ( #2599 ), #2968 ) ;
#1133 = SURFACE_STYLE_FILL_AREA ( #7523 ) ;
#1134 = DIRECTION ( 'NONE',  ( 0.0000000000000000000, 0.0000000000000000000, 1.000000000000000000 ) ) ;
#1135 = DIRECTION ( 'NONE',  ( 1.000000000000000000, -0.0000000000000000000, -0.0000000000000000000 ) ) ;
#1136 =( LENGTH_UNIT ( ) NAMED_UNIT ( * ) SI_UNIT ( .MILLI., .METRE. ) );
#1137 = LINE ( 'NONE', #4680, #6108 ) ;
#1138 = AXIS2_PLACEMENT_3D ( 'NONE', #6681, #842, #4922 ) ;
#1139 = ADVANCED_FACE ( 'NONE', ( #3182 ), #3333, .F. ) ;
#1140 = EDGE_CURVE ( 'NONE', #6580, #4611, #7349, .T. ) ;
#1141 = ORIENTED_EDGE ( 'NONE', *, *, #5725, .T. ) ;
#1142 = DIRECTION ( 'NONE',  ( 1.000000000000000000, -0.0000000000000000000, -0.0000000000000000000 ) ) ;
#1143 = PRESENTATION_STYLE_ASSIGNMENT (( #5726 ) ) ;
#1144 =( LENGTH_UNIT ( ) NAMED_UNIT ( * ) SI_UNIT ( .MILLI., .METRE. ) );
#1145 = FILL_AREA_STYLE ('',( #3403 ) ) ;
#1146 = LINE ( 'NONE', #6277, #1293 ) ;
#1147 = CARTESIAN_POINT ( 'NONE',  ( -1.169788281523610696, 3.829000000000000181, -1.798920367320510749 ) ) ;
#1148 = DIRECTION ( 'NONE',  ( -1.000000000000000000, 1.224646799147350002E-16, -7.195312318333710991E-17 ) ) ;
#1149 = COLOUR_RGB ( '',1.000000000000000000, 1.000000000000000000, 1.000000000000000000 ) ;
#1150 =( GEOMETRIC_REPRESENTATION_CONTEXT ( 3 ) GLOBAL_UNCERTAINTY_ASSIGNED_CONTEXT ( ( #3483 ) ) GLOBAL_UNIT_ASSIGNED_CONTEXT ( ( #4949, #2584, #4226 ) ) REPRESENTATION_CONTEXT ( 'NONE', 'WORKASPACE' ) );
#1151 = ORIENTED_EDGE ( 'NONE', *, *, #544, .F. ) ;
#1152 = CARTESIAN_POINT ( 'NONE',  ( -0.5000000000000000000, 0.2999999999999999889, -3.741071428571430602 ) ) ;
#1153 = CARTESIAN_POINT ( 'NONE',  ( -0.5000000000000000000, 0.0000000000000000000, -0.2410714285714279925 ) ) ;
#1154 = DIRECTION ( 'NONE',  ( 0.0000000000000000000, 0.0000000000000000000, 1.000000000000000000 ) ) ;
#1155 =( LENGTH_UNIT ( ) NAMED_UNIT ( * ) SI_UNIT ( .MILLI., .METRE. ) );
#1156 = STYLED_ITEM ( 'NONE', ( #850 ), #4917 ) ;
#1157 = MECHANICAL_DESIGN_GEOMETRIC_PRESENTATION_REPRESENTATION (  '', ( #5792 ), #438 ) ;
#1158 = DIRECTION ( 'NONE',  ( 0.0000000000000000000, 1.000000000000000000, 0.0000000000000000000 ) ) ;
#1159 =( NAMED_UNIT ( * ) SI_UNIT ( $, .STERADIAN. ) SOLID_ANGLE_UNIT ( ) );
#1160 = ORIENTED_EDGE ( 'NONE', *, *, #3119, .T. ) ;
#1161 = ORIENTED_EDGE ( 'NONE', *, *, #7474, .F. ) ;
#1162 = AXIS2_PLACEMENT_3D ( 'NONE', #5045, #6758, #954 ) ;
#1163 = COLOUR_RGB ( '',1.000000000000000000, 1.000000000000000000, 1.000000000000000000 ) ;
#1164 = PLANE ( 'NONE',  #6015 ) ;
#1165 = CARTESIAN_POINT ( 'NONE',  ( -0.009125320724409587136, 1.521921473114909995, -1.353677423306480110 ) ) ;
#1166 = VECTOR ( 'NONE', #6334, 1000.000000000000000 ) ;
#1167 = ORIENTED_EDGE ( 'NONE', *, *, #4632, .F. ) ;
#1168 =( GEOMETRIC_REPRESENTATION_CONTEXT ( 3 ) GLOBAL_UNCERTAINTY_ASSIGNED_CONTEXT ( ( #3408 ) ) GLOBAL_UNIT_ASSIGNED_CONTEXT ( ( #5808, #6434, #1657 ) ) REPRESENTATION_CONTEXT ( 'NONE', 'WORKASPACE' ) );
#1169 = CARTESIAN_POINT ( 'NONE',  ( 0.8974856379405811158, -2.694836366436269781, 0.02571178359094005578 ) ) ;
#1170 = PRESENTATION_STYLE_ASSIGNMENT (( #2276 ) ) ;
#1171 = ORIENTED_EDGE ( 'NONE', *, *, #5763, .F. ) ;
#1172 = FILL_AREA_STYLE ('',( #525 ) ) ;
#1173 = PRESENTATION_STYLE_ASSIGNMENT (( #636 ) ) ;
#1174 = FILL_AREA_STYLE_COLOUR ( '', #2833 ) ;
#1175 = CARTESIAN_POINT ( 'NONE',  ( 0.0000000000000000000, 2.000000000000000000, 0.0000000000000000000 ) ) ;
#1176 = CARTESIAN_POINT ( 'NONE',  ( 1.082643580092797819, 1.893147267061252137, -0.5000000000000003331 ) ) ;
#1177 = CARTESIAN_POINT ( 'NONE',  ( 0.7302117184763933233, 3.528999999999993253, -3.298920367320516522 ) ) ;
#1178 = PLANE ( 'NONE',  #2930 ) ;
#1179 = FILL_AREA_STYLE ('',( #3157 ) ) ;
#1180 = VERTEX_POINT ( 'NONE', #443 ) ;
#1181 = ORIENTED_EDGE ( 'NONE', *, *, #3977, .F. ) ;
#1182 = CARTESIAN_POINT ( 'NONE',  ( 0.3472796854691360124, 1.673642115736349911, 0.2000000000000000389 ) ) ;
#1183 = CARTESIAN_POINT ( 'NONE',  ( 0.1345639996639400038, 2.700000000000000178, -1.949231046932160094 ) ) ;
#1184 = CARTESIAN_POINT ( 'NONE',  ( -0.1528146411127589976, 2.899999999999997247, -0.5429203673205109659 ) ) ;
#1185 = LINE ( 'NONE', #1851, #6298 ) ;
#1186 = CARTESIAN_POINT ( 'NONE',  ( 0.7908746792755909638, 2.600000000000000533, -0.5429203673205119651 ) ) ;
#1187 = CONTEXT_DEPENDENT_SHAPE_REPRESENTATION ( #7555, #6066 ) ;
#1188 = PRESENTATION_STYLE_ASSIGNMENT (( #5204 ) ) ;
#1189 = FILL_AREA_STYLE_COLOUR ( '', #5770 ) ;
#1190 =( NAMED_UNIT ( * ) PLANE_ANGLE_UNIT ( ) SI_UNIT ( $, .RADIAN. ) );
#1191 = UNCERTAINTY_MEASURE_WITH_UNIT (LENGTH_MEASURE( 1.000000000000000082E-05 ), #4903, 'distance_accuracy_value', 'NONE');
#1192 = EDGE_CURVE ( 'NONE', #1269, #6174, #1518, .T. ) ;
#1193 = EDGE_CURVE ( 'NONE', #3942, #5752, #2852, .T. ) ;
#1194 =( NAMED_UNIT ( * ) SI_UNIT ( $, .STERADIAN. ) SOLID_ANGLE_UNIT ( ) );
#1195 = CIRCLE ( 'NONE', #2787, 0.7999999999999999334 ) ;
#1196 = VERTEX_POINT ( 'NONE', #6175 ) ;
#1197 = VERTEX_POINT ( 'NONE', #7472 ) ;
#1198 = CARTESIAN_POINT ( 'NONE',  ( 0.0000000000000000000, 0.0000000000000000000, 3.258928571428569843 ) ) ;
#1199 = DIRECTION ( 'NONE',  ( 0.0000000000000000000, 0.0000000000000000000, -1.000000000000000000 ) ) ;
#1200 = UNCERTAINTY_MEASURE_WITH_UNIT (LENGTH_MEASURE( 1.000000000000000082E-05 ), #2059, 'distance_accuracy_value', 'NONE');
#1201 = EDGE_CURVE ( 'NONE', #4316, #928, #4513, .T. ) ;
#1202 = SURFACE_STYLE_FILL_AREA ( #5829 ) ;
#1203 =( LENGTH_UNIT ( ) NAMED_UNIT ( * ) SI_UNIT ( .MILLI., .METRE. ) );
#1204 = ORIENTED_EDGE ( 'NONE', *, *, #1018, .F. ) ;
#1205 = SURFACE_SIDE_STYLE ('',( #3043 ) ) ;
#1206 = LINE ( 'NONE', #4670, #6157 ) ;
#1207 = ORIENTED_EDGE ( 'NONE', *, *, #5834, .T. ) ;
#1208 = ORIENTED_EDGE ( 'NONE', *, *, #3138, .F. ) ;
#1209 = CARTESIAN_POINT ( 'NONE',  ( 0.7802117184763890378, 0.0000000000000000000, 0.2000000000000000111 ) ) ;
#1210 = CARTESIAN_POINT ( 'NONE',  ( -0.3502141598067136097, 1.699999999999999956, -0.8825148910380685718 ) ) ;
#1211 = EDGE_CURVE ( 'NONE', #4633, #4811, #5239, .T. ) ;
#1212 = CARTESIAN_POINT ( 'NONE',  ( -0.8091253207244090140, 2.600000000000000533, -0.5429203673205119651 ) ) ;
#1213 =( LENGTH_UNIT ( ) NAMED_UNIT ( * ) SI_UNIT ( .MILLI., .METRE. ) );
#1214 = PRESENTATION_STYLE_ASSIGNMENT (( #3016 ) ) ;
#1215 = VERTEX_POINT ( 'NONE', #4061 ) ;
#1216 =( REPRESENTATION_RELATIONSHIP ('NONE','NONE', #5597, #4375 ) REPRESENTATION_RELATIONSHIP_WITH_TRANSFORMATION ( #7029 )SHAPE_REPRESENTATION_RELATIONSHIP( ) );
#1217 = ORIENTED_EDGE ( 'NONE', *, *, #7311, .T. ) ;
#1218 =( GEOMETRIC_REPRESENTATION_CONTEXT ( 3 ) GLOBAL_UNCERTAINTY_ASSIGNED_CONTEXT ( ( #4783 ) ) GLOBAL_UNIT_ASSIGNED_CONTEXT ( ( #310, #6113, #4299 ) ) REPRESENTATION_CONTEXT ( 'NONE', 'WORKASPACE' ) );
#1219 = CARTESIAN_POINT ( 'NONE',  ( -0.8091253207244090140, 0.7712388980384690118, -0.3429203673205150071 ) ) ;
#1220 = FILL_AREA_STYLE ('',( #3508 ) ) ;
#1221 = SURFACE_STYLE_FILL_AREA ( #2525 ) ;
#1222 = MECHANICAL_DESIGN_GEOMETRIC_PRESENTATION_REPRESENTATION (  '', ( #1374 ), #1990 ) ;
#1223 = DIRECTION ( 'NONE',  ( -1.000000000000000000, 0.0000000000000000000, 0.0000000000000000000 ) ) ;
#1224 = ORIENTED_EDGE ( 'NONE', *, *, #3427, .T. ) ;
#1225 = LINE ( 'NONE', #4062, #3834 ) ;
#1226 = AXIS2_PLACEMENT_3D ( 'NONE', #856, #6666, #5486 ) ;
#1227 =( NAMED_UNIT ( * ) SI_UNIT ( $, .STERADIAN. ) SOLID_ANGLE_UNIT ( ) );
#1228 = VECTOR ( 'NONE', #4065, 1000.000000000000000 ) ;
#1229 = CARTESIAN_POINT ( 'NONE',  ( -0.01978828152361080187, -0.7026979428767214930, 0.5592926849650916576 ) ) ;
#1230 = CARTESIAN_POINT ( 'NONE',  ( 0.3472796854691360124, 2.522498976444949914, -0.1000000000000000056 ) ) ;
#1231 = COLOUR_RGB ( '',0.8666666666666666963, 0.8666666666666666963, 0.8666666666666666963 ) ;
#1232 = SURFACE_STYLE_USAGE ( .BOTH. , #3522 ) ;
#1233 = ORIENTED_EDGE ( 'NONE', *, *, #6407, .T. ) ;
#1234 = PRODUCT_RELATED_PRODUCT_CATEGORY ( 'part', '', ( #4517 ) ) ;
#1235 = ORIENTED_EDGE ( 'NONE', *, *, #7497, .T. ) ;
#1236 = EDGE_CURVE ( 'NONE', #7356, #5453, #5704, .T. ) ;
#1237 = CARTESIAN_POINT ( 'NONE',  ( -0.3868562485163579701, -0.1500000000000014377, 0.2401923788646669611 ) ) ;
#1238 =( GEOMETRIC_REPRESENTATION_CONTEXT ( 3 ) GLOBAL_UNCERTAINTY_ASSIGNED_CONTEXT ( ( #1978 ) ) GLOBAL_UNIT_ASSIGNED_CONTEXT ( ( #6452, #3530, #3635 ) ) REPRESENTATION_CONTEXT ( 'NONE', 'WORKASPACE' ) );
#1239 = CARTESIAN_POINT ( 'NONE',  ( -0.7196857906303470997, 1.252524729407416437, 1.191390688664961894 ) ) ;
#1240 = MECHANICAL_DESIGN_GEOMETRIC_PRESENTATION_REPRESENTATION (  '', ( #278 ), #4165 ) ;
#1241 = STYLED_ITEM ( 'NONE', ( #890 ), #5452 ) ;
#1242 = CARTESIAN_POINT ( 'NONE',  ( 0.6036097206715248520, 2.399999999999999911, -1.359325773342919375 ) ) ;
#1243 = EDGE_LOOP ( 'NONE', ( #6742, #5086, #6467, #4712 ) ) ;
#1244 = CARTESIAN_POINT ( 'NONE',  ( 3.250000000000000444, 0.2999999999999999889, -3.741071428571430602 ) ) ;
#1245 = ORIENTED_EDGE ( 'NONE', *, *, #7073, .T. ) ;
#1246 = STYLED_ITEM ( 'NONE', ( #4861 ), #2451 ) ;
#1247 = ORIENTED_EDGE ( 'NONE', *, *, #4704, .T. ) ;
#1248 = EDGE_CURVE ( 'NONE', #960, #1986, #4578, .T. ) ;
#1249 = AXIS2_PLACEMENT_3D ( 'NONE', #4581, #1158, #2338 ) ;
#1250 = CARTESIAN_POINT ( 'NONE',  ( 0.7196857906303474328, 2.208802476894978994, -1.867578483260655453 ) ) ;
#1251 = DIRECTION ( 'NONE',  ( 1.000000000000000000, -0.0000000000000000000, -0.0000000000000000000 ) ) ;
#1252 = VECTOR ( 'NONE', #6533, 1000.000000000000000 ) ;
#1253 = SURFACE_STYLE_USAGE ( .BOTH. , #1922 ) ;
#1254 = DIRECTION ( 'NONE',  ( 0.0000000000000000000, 0.0000000000000000000, 1.000000000000000000 ) ) ;
#1255 =( GEOMETRIC_REPRESENTATION_CONTEXT ( 3 ) GLOBAL_UNCERTAINTY_ASSIGNED_CONTEXT ( ( #4106 ) ) GLOBAL_UNIT_ASSIGNED_CONTEXT ( ( #2184, #3178, #1434 ) ) REPRESENTATION_CONTEXT ( 'NONE', 'WORKASPACE' ) );
#1256 = CARTESIAN_POINT ( 'NONE',  ( 0.3472796854691360124, 1.673642115736349911, 0.0000000000000000000 ) ) ;
#1257 =( NAMED_UNIT ( * ) SI_UNIT ( $, .STERADIAN. ) SOLID_ANGLE_UNIT ( ) );
#1258 = FILL_AREA_STYLE_COLOUR ( '', #2558 ) ;
#1259 = ORIENTED_EDGE ( 'NONE', *, *, #6845, .F. ) ;
#1260 = EDGE_CURVE ( 'NONE', #5922, #4942, #5264, .T. ) ;
#1261 = PRESENTATION_LAYER_ASSIGNMENT (  '', '', ( #4533 ) ) ;
#1262 = ORIENTED_EDGE ( 'NONE', *, *, #2938, .F. ) ;
#1263 = DIRECTION ( 'NONE',  ( -1.000000000000000000, 0.0000000000000000000, 0.0000000000000000000 ) ) ;
#1264 = MANIFOLD_SOLID_BREP ( 'Imported1', #2063 ) ;
#1265 = CARTESIAN_POINT ( 'NONE',  ( -1.169788281523609363, 3.328999999999997517, -4.098920367320507907 ) ) ;
#1266 = DIRECTION ( 'NONE',  ( 0.0000000000000000000, -1.000000000000000000, -0.0000000000000000000 ) ) ;
#1267 = LINE ( 'NONE', #3631, #7339 ) ;
#1268 = DIRECTION ( 'NONE',  ( -1.000000000000000000, 0.0000000000000000000, -4.336808689942017736E-16 ) ) ;
#1269 = VERTEX_POINT ( 'NONE', #1152 ) ;
#1270 = DIRECTION ( 'NONE',  ( 0.0000000000000000000, -1.000000000000000000, 0.0000000000000000000 ) ) ;
#1271 = AXIS2_PLACEMENT_3D ( 'NONE', #1924, #763, #6150 ) ;
#1272 = LINE ( 'NONE', #2418, #1763 ) ;
#1273 =( NAMED_UNIT ( * ) PLANE_ANGLE_UNIT ( ) SI_UNIT ( $, .RADIAN. ) );
#1274 = UNCERTAINTY_MEASURE_WITH_UNIT (LENGTH_MEASURE( 1.000000000000000082E-05 ), #2929, 'distance_accuracy_value', 'NONE');
#1275 = CARTESIAN_POINT ( 'NONE',  ( -2.000000000000000000, 0.0000000000000000000, 2.000000000000000000 ) ) ;
#1276 = COLOUR_RGB ( '',0.0000000000000000000, 0.0000000000000000000, 1.000000000000000000 ) ;
#1277 = DIRECTION ( 'NONE',  ( 1.000000000000000000, 0.0000000000000000000, 0.0000000000000000000 ) ) ;
#1278 = ORIENTED_EDGE ( 'NONE', *, *, #929, .F. ) ;
#1279 = ORIENTED_EDGE ( 'NONE', *, *, #3576, .F. ) ;
#1280 = CARTESIAN_POINT ( 'NONE',  ( -0.8091253207244095691, 5.671238898038470033, 0.1999999999999999833 ) ) ;
#1281 = CARTESIAN_POINT ( 'NONE',  ( -0.8091253207244120116, 0.8712388980384689896, -0.8429203673205120095 ) ) ;
#1282 = UNCERTAINTY_MEASURE_WITH_UNIT (LENGTH_MEASURE( 1.000000000000000082E-05 ), #6922, 'distance_accuracy_value', 'NONE');
#1283 = VECTOR ( 'NONE', #3391, 1000.000000000000000 ) ;
#1284 = AXIS2_PLACEMENT_3D ( 'NONE', #1418, #2064, #4407 ) ;
#1285 = COLOUR_RGB ( '',0.8666666666666666963, 0.8666666666666666963, 0.8666666666666666963 ) ;
#1286 = UNCERTAINTY_MEASURE_WITH_UNIT (LENGTH_MEASURE( 1.000000000000000082E-05 ), #4609, 'distance_accuracy_value', 'NONE');
#1287 = LINE ( 'NONE', #3221, #543 ) ;
#1288 = LINE ( 'NONE', #4249, #1070 ) ;
#1289 =( NAMED_UNIT ( * ) PLANE_ANGLE_UNIT ( ) SI_UNIT ( $, .RADIAN. ) );
#1290 = VERTEX_POINT ( 'NONE', #5120 ) ;
#1291 = STYLED_ITEM ( 'NONE', ( #6888 ), #4973 ) ;
#1292 = MECHANICAL_DESIGN_GEOMETRIC_PRESENTATION_REPRESENTATION (  '', ( #4092 ), #5683 ) ;
#1293 = VECTOR ( 'NONE', #2799, 1000.000000000000114 ) ;
#1294 = ORIENTED_EDGE ( 'NONE', *, *, #2650, .F. ) ;
#1295 = DIRECTION ( 'NONE',  ( -0.0000000000000000000, 1.000000000000000000, 0.0000000000000000000 ) ) ;
#1296 = VECTOR ( 'NONE', #3833, 1000.000000000000000 ) ;
#1297 = VECTOR ( 'NONE', #1008, 1000.000000000000000 ) ;
#1298 = B_SPLINE_CURVE_WITH_KNOTS ( 'NONE', 3,
 ( #3610, #5402, #3764, #7203, #1940, #5447, #2613, #4283 ),
 .UNSPECIFIED., .F., .F.,
 ( 4, 2, 2, 4 ),
 ( 3.066586833366748373E-19, 0.0003254673714821881836, 0.0006509347429643760419, 0.001301869485928752301 ),
 .UNSPECIFIED. ) ;
#1299 = MECHANICAL_DESIGN_GEOMETRIC_PRESENTATION_REPRESENTATION (  '', ( #4448 ), #1799 ) ;
#1300 = EDGE_CURVE ( 'NONE', #1714, #5347, #2842, .T. ) ;
#1301 = ADVANCED_FACE ( 'NONE', ( #4612 ), #2223, .F. ) ;
#1302 = LINE ( 'NONE', #5375, #6513 ) ;
#1303 = LINE ( 'NONE', #2281, #6414 ) ;
#1304 = SURFACE_STYLE_USAGE ( .BOTH. , #5958 ) ;
#1305 = VERTEX_POINT ( 'NONE', #4658 ) ;
#1306 = VERTEX_POINT ( 'NONE', #4695 ) ;
#1307 = DIRECTION ( 'NONE',  ( -1.000000000000000000, 0.0000000000000000000, -0.0000000000000000000 ) ) ;
#1308 = EDGE_CURVE ( 'NONE', #7571, #4702, #6986, .T. ) ;
#1309 = AXIS2_PLACEMENT_3D ( 'NONE', #5813, #3373, #501 ) ;
#1310 = CARTESIAN_POINT ( 'NONE',  ( 0.3472796854691360124, -2.694836366436269781, 0.2257117835909436820 ) ) ;
#1311 = CARTESIAN_POINT ( 'NONE',  ( -0.8197882815236110510, 2.686465021920419805, 0.2000000000000000111 ) ) ;
#1312 = DIRECTION ( 'NONE',  ( -1.000000000000000000, 0.0000000000000000000, -0.0000000000000000000 ) ) ;
#1313 = FILL_AREA_STYLE ('',( #5351 ) ) ;
#1314 = ITEM_DEFINED_TRANSFORMATION ( 'NONE', 'NONE', #1309,  #5078 ) ;
#1315 = ORIENTED_EDGE ( 'NONE', *, *, #451, .F. ) ;
#1316 = DIRECTION ( 'NONE',  ( 0.0000000000000000000, 0.0000000000000000000, -1.000000000000000000 ) ) ;
#1317 = DIRECTION ( 'NONE',  ( 0.0000000000000000000, 0.0000000000000000000, -1.000000000000000000 ) ) ;
#1318 =( NAMED_UNIT ( * ) PLANE_ANGLE_UNIT ( ) SI_UNIT ( $, .RADIAN. ) );
#1319 = CARTESIAN_POINT ( 'NONE',  ( -0.8091253207244090140, 2.899999999999999911, 0.2000000000000000111 ) ) ;
#1320 = MANIFOLD_SOLID_BREP ( 'Imported1', #4972 ) ;
#1321 = SHAPE_REPRESENTATION_RELATIONSHIP ( 'NONE' , 'NONE' ,  #675, #140 ) ;
#1322 = ORIENTED_EDGE ( 'NONE', *, *, #4305, .F. ) ;
#1323 = ORIENTED_EDGE ( 'NONE', *, *, #2693, .F. ) ;
#1324 = DIRECTION ( 'NONE',  ( 0.0000000000000000000, 1.000000000000000000, -1.715124499442879932E-15 ) ) ;
#1325 = CARTESIAN_POINT ( 'NONE',  ( 0.02163548006626829848, 2.600000000000000533, -0.8429203673205100111 ) ) ;
#1326 = SURFACE_SIDE_STYLE ('',( #3118 ) ) ;
#1327 = AXIS2_PLACEMENT_3D ( 'NONE', #5029, #3312, #4514 ) ;
#1328 = CARTESIAN_POINT ( 'NONE',  ( -1.406253083519913627, 2.342467299939956948, 0.4482915149229065310 ) ) ;
#1329 = PLANE ( 'NONE',  #6180 ) ;
#1330 = DIRECTION ( 'NONE',  ( -0.0000000000000000000, 0.0000000000000000000, -1.000000000000000000 ) ) ;
#1331 = LINE ( 'NONE', #628, #5795 ) ;
#1332 = FILL_AREA_STYLE ('',( #6578 ) ) ;
#1333 = ORIENTED_EDGE ( 'NONE', *, *, #3074, .T. ) ;
#1334 = ORIENTED_EDGE ( 'NONE', *, *, #7134, .T. ) ;
#1335 = LINE ( 'NONE', #3047, #5278 ) ;
#1336 = CARTESIAN_POINT ( 'NONE',  ( 0.0000000000000000000, 2.000000000000000000, -0.4909999999999999920 ) ) ;
#1337 =( NAMED_UNIT ( * ) SI_UNIT ( $, .STERADIAN. ) SOLID_ANGLE_UNIT ( ) );
#1338 = CARTESIAN_POINT ( 'NONE',  ( -0.009125320724409288764, 0.5212388980384697890, -0.7759330692127315299 ) ) ;
#1339 = CARTESIAN_POINT ( 'NONE',  ( 3.250000000000000444, 2.000000000000000000, -0.2410714285714279925 ) ) ;
#1340 = DIRECTION ( 'NONE',  ( 0.0000000000000000000, -1.734723475976799206E-15, -1.000000000000000000 ) ) ;
#1341 = ORIENTED_EDGE ( 'NONE', *, *, #319, .T. ) ;
#1342 = ADVANCED_FACE ( 'NONE', ( #220 ), #774, .F. ) ;
#1343 = ORIENTED_EDGE ( 'NONE', *, *, #3227, .F. ) ;
#1344 = EDGE_CURVE ( 'NONE', #1072, #6579, #4812, .T. ) ;
#1345 = CARTESIAN_POINT ( 'NONE',  ( 2.299999999999999822, 2.399999999999999911, 0.5000000000000000000 ) ) ;
#1346 = SURFACE_SIDE_STYLE ('',( #3022 ) ) ;
#1347 = FACE_OUTER_BOUND ( 'NONE', #3506, .T. ) ;
#1348 = DIRECTION ( 'NONE',  ( -1.000000000000000000, -0.0000000000000000000, -0.0000000000000000000 ) ) ;
#1349 = APPLICATION_PROTOCOL_DEFINITION ( 'draft international standard', 'automotive_design', 1998, #6455 ) ;
#1350 = ORIENTED_EDGE ( 'NONE', *, *, #2750, .F. ) ;
#1351 = EDGE_CURVE ( 'NONE', #6346, #928, #6600, .T. ) ;
#1352 = CARTESIAN_POINT ( 'NONE',  ( 0.0000000000000000000, 0.0000000000000000000, 0.0000000000000000000 ) ) ;
#1353 = UNCERTAINTY_MEASURE_WITH_UNIT (LENGTH_MEASURE( 1.000000000000000082E-05 ), #2325, 'distance_accuracy_value', 'NONE');
#1354 = CARTESIAN_POINT ( 'NONE',  ( 0.5000000000000000000, 2.700000000000000178, -1.600000000000000089 ) ) ;
#1355 = ORIENTED_EDGE ( 'NONE', *, *, #319, .F. ) ;
#1356 = ORIENTED_EDGE ( 'NONE', *, *, #5404, .F. ) ;
#1357 = MECHANICAL_DESIGN_GEOMETRIC_PRESENTATION_REPRESENTATION (  '', ( #2319 ), #4877 ) ;
#1358 = ADVANCED_FACE ( 'NONE', ( #5934 ), #5471, .T. ) ;
#1359 = CARTESIAN_POINT ( 'NONE',  ( -0.8091253207244099022, 2.699999999999998401, -4.195962738671178249E-16 ) ) ;
#1360 = FACE_OUTER_BOUND ( 'NONE', #2906, .T. ) ;
#1361 = CIRCLE ( 'NONE', #2939, 0.5000000000000000000 ) ;
#1362 = DIRECTION ( 'NONE',  ( 0.0000000000000000000, -0.0000000000000000000, -1.000000000000000000 ) ) ;
#1363 = UNCERTAINTY_MEASURE_WITH_UNIT (LENGTH_MEASURE( 1.000000000000000082E-05 ), #6501, 'distance_accuracy_value', 'NONE');
#1364 = CIRCLE ( 'NONE', #3309, 1.000000000000000000 ) ;
#1365 = PRESENTATION_LAYER_ASSIGNMENT (  '', '', ( #4048 ) ) ;
#1366 = CARTESIAN_POINT ( 'NONE',  ( -0.3868562485163580811, 2.522498976444949914, 0.4000000000000000222 ) ) ;
#1367 = PRESENTATION_LAYER_ASSIGNMENT (  '', '', ( #4396 ) ) ;
#1368 = CARTESIAN_POINT ( 'NONE',  ( 2.142428528562859924, 2.399999999999999911, 1.800000000000000266 ) ) ;
#1369 = ORIENTED_EDGE ( 'NONE', *, *, #7024, .F. ) ;
#1370 = EDGE_LOOP ( 'NONE', ( #5223, #2487, #4463, #2152 ) ) ;
#1371 = MECHANICAL_DESIGN_GEOMETRIC_PRESENTATION_REPRESENTATION (  '', ( #5269 ), #6132 ) ;
#1372 = CARTESIAN_POINT ( 'NONE',  ( -0.7196857906303478769, 2.208802476894979439, -1.867578483260654787 ) ) ;
#1373 = DIRECTION ( 'NONE',  ( -1.000000000000000000, 0.0000000000000000000, 0.0000000000000000000 ) ) ;
#1374 = STYLED_ITEM ( 'NONE', ( #2560 ), #1358 ) ;
#1375 = STYLED_ITEM ( 'NONE', ( #4873 ), #6075 ) ;
#1376 = FILL_AREA_STYLE_COLOUR ( '', #6302 ) ;
#1377 = FACE_OUTER_BOUND ( 'NONE', #4252, .T. ) ;
#1378 = LINE ( 'NONE', #3660, #2489 ) ;
#1379 = MECHANICAL_DESIGN_GEOMETRIC_PRESENTATION_REPRESENTATION (  '', ( #3692 ), #7398 ) ;
#1380 = ORIENTED_EDGE ( 'NONE', *, *, #1260, .T. ) ;
#1381 = ORIENTED_EDGE ( 'NONE', *, *, #630, .T. ) ;
#1382 = AXIS2_PLACEMENT_3D ( 'NONE', #5780, #4587, #518 ) ;
#1383 = CIRCLE ( 'NONE', #5646, 0.2999999999999999889 ) ;
#1384 = CARTESIAN_POINT ( 'NONE',  ( -0.8091253207244089030, 0.06854095516175151559, -0.2836276823554220172 ) ) ;
#1385 =( NAMED_UNIT ( * ) SI_UNIT ( $, .STERADIAN. ) SOLID_ANGLE_UNIT ( ) );
#1386 = DIRECTION ( 'NONE',  ( -1.000000000000000000, 0.0000000000000000000, -0.0000000000000000000 ) ) ;
#1387 = EDGE_CURVE ( 'NONE', #5591, #5941, #3256, .T. ) ;
#1388 =( NAMED_UNIT ( * ) PLANE_ANGLE_UNIT ( ) SI_UNIT ( $, .RADIAN. ) );
#1389 = VECTOR ( 'NONE', #1474, 1000.000000000000000 ) ;
#1390 = EDGE_LOOP ( 'NONE', ( #1398, #6891, #3314, #5019 ) ) ;
#1391 = CARTESIAN_POINT ( 'NONE',  ( -2.142428528562859924, 2.399999999999999911, 2.100000000000000089 ) ) ;
#1392 =( GEOMETRIC_REPRESENTATION_CONTEXT ( 3 ) GLOBAL_UNCERTAINTY_ASSIGNED_CONTEXT ( ( #2335 ) ) GLOBAL_UNIT_ASSIGNED_CONTEXT ( ( #7525, #489, #2760 ) ) REPRESENTATION_CONTEXT ( 'NONE', 'WORKASPACE' ) );
#1393 = CARTESIAN_POINT ( 'NONE',  ( 0.7802117184763890378, 3.329000000000000181, 0.0000000000000000000 ) ) ;
#1394 = ADVANCED_FACE ( 'NONE', ( #324 ), #1703, .T. ) ;
#1395 =( NAMED_UNIT ( * ) SI_UNIT ( $, .STERADIAN. ) SOLID_ANGLE_UNIT ( ) );
#1396 = EDGE_CURVE ( 'NONE', #3067, #2896, #3416, .T. ) ;
#1397 = VERTEX_POINT ( 'NONE', #4382 ) ;
#1398 = ORIENTED_EDGE ( 'NONE', *, *, #1460, .F. ) ;
#1399 = CARTESIAN_POINT ( 'NONE',  ( 0.7908746792755899646, -2.599998692799499356, 7.839871048949920151 ) ) ;
#1400 = FILL_AREA_STYLE ('',( #2081 ) ) ;
#1401 = LINE ( 'NONE', #6610, #6486 ) ;
#1402 = DIRECTION ( 'NONE',  ( 1.000000000000000000, 0.0000000000000000000, -0.0000000000000000000 ) ) ;
#1403 = MECHANICAL_DESIGN_GEOMETRIC_PRESENTATION_REPRESENTATION (  '', ( #2135 ), #2616 ) ;
#1404 = EDGE_CURVE ( 'NONE', #2754, #3709, #4993, .T. ) ;
#1405 = FILL_AREA_STYLE ('',( #6659 ) ) ;
#1406 = SURFACE_SIDE_STYLE ('',( #1985 ) ) ;
#1407 = EDGE_LOOP ( 'NONE', ( #6019, #4350, #2511, #6423 ) ) ;
#1408 = ORIENTED_EDGE ( 'NONE', *, *, #6703, .F. ) ;
#1409 = PRESENTATION_LAYER_ASSIGNMENT (  '', '', ( #5187 ) ) ;
#1410 = AXIS2_PLACEMENT_3D ( 'NONE', #4905, #1994, #3777 ) ;
#1411 = PLANE ( 'NONE',  #175 ) ;
#1412 = DIRECTION ( 'NONE',  ( 0.0000000000000000000, 0.0000000000000000000, 1.000000000000000000 ) ) ;
#1413 = SURFACE_SIDE_STYLE ('',( #4751 ) ) ;
#1414 =( GEOMETRIC_REPRESENTATION_CONTEXT ( 3 ) GLOBAL_UNCERTAINTY_ASSIGNED_CONTEXT ( ( #6330 ) ) GLOBAL_UNIT_ASSIGNED_CONTEXT ( ( #5831, #1289, #2928 ) ) REPRESENTATION_CONTEXT ( 'NONE', 'WORKASPACE' ) );
#1415 =( GEOMETRIC_REPRESENTATION_CONTEXT ( 3 ) GLOBAL_UNCERTAINTY_ASSIGNED_CONTEXT ( ( #4027 ) ) GLOBAL_UNIT_ASSIGNED_CONTEXT ( ( #2949, #5283, #2993 ) ) REPRESENTATION_CONTEXT ( 'NONE', 'WORKASPACE' ) );
#1416 = VECTOR ( 'NONE', #1942, 1000.000000000000000 ) ;
#1417 = CARTESIAN_POINT ( 'NONE',  ( 1.130211718476389127, 3.829000000000000181, -1.798920367320509417 ) ) ;
#1418 = CARTESIAN_POINT ( 'NONE',  ( 0.4417258743745440253, 4.799999999999999822, 0.0000000000000000000 ) ) ;
#1419 = FACE_OUTER_BOUND ( 'NONE', #3255, .T. ) ;
#1420 = EDGE_LOOP ( 'NONE', ( #1141, #3885, #4075, #4337 ) ) ;
#1421 =( GEOMETRIC_REPRESENTATION_CONTEXT ( 3 ) GLOBAL_UNCERTAINTY_ASSIGNED_CONTEXT ( ( #5180 ) ) GLOBAL_UNIT_ASSIGNED_CONTEXT ( ( #1505, #913, #6638 ) ) REPRESENTATION_CONTEXT ( 'NONE', 'WORKASPACE' ) );
#1422 = AXIS2_PLACEMENT_3D ( 'NONE', #4605, #5235, #1103 ) ;
#1423 = CARTESIAN_POINT ( 'NONE',  ( 0.5000000000000000000, 2.399999999999999911, -1.600000000000000089 ) ) ;
#1424 = FILL_AREA_STYLE ('',( #6676 ) ) ;
#1425 = FILL_AREA_STYLE_COLOUR ( '', #2517 ) ;
#1426 = DIRECTION ( 'NONE',  ( -1.000000000000000000, 0.0000000000000000000, 0.0000000000000000000 ) ) ;
#1427 = AXIS2_PLACEMENT_3D ( 'NONE', #4023, #5129, #6363 ) ;
#1428 = ORIENTED_EDGE ( 'NONE', *, *, #4641, .F. ) ;
#1429 = SURFACE_STYLE_USAGE ( .BOTH. , #5576 ) ;
#1430 = PRODUCT_DEFINITION_SHAPE ( 'NONE', 'NONE',  #2592 ) ;
#1431 = LINE ( 'NONE', #877, #7279 ) ;
#1432 = COLOUR_RGB ( '',0.7921568627450980005, 0.8196078431372548767, 0.9333333333333333481 ) ;
#1433 =( NAMED_UNIT ( * ) PLANE_ANGLE_UNIT ( ) SI_UNIT ( $, .RADIAN. ) );
#1434 =( NAMED_UNIT ( * ) SI_UNIT ( $, .STERADIAN. ) SOLID_ANGLE_UNIT ( ) );
#1435 = SURFACE_STYLE_USAGE ( .BOTH. , #4348 ) ;
#1436 = ORIENTED_EDGE ( 'NONE', *, *, #3117, .F. ) ;
#1437 = FACE_OUTER_BOUND ( 'NONE', #5510, .T. ) ;
#1438 =( LENGTH_UNIT ( ) NAMED_UNIT ( * ) SI_UNIT ( .MILLI., .METRE. ) );
#1439 = EDGE_CURVE ( 'NONE', #3465, #2600, #7425, .T. ) ;
#1440 = CARTESIAN_POINT ( 'NONE',  ( -0.8197882815236110510, 3.528999999999999915, -0.1429203673205090008 ) ) ;
#1441 = ADVANCED_FACE ( 'NONE', ( #952 ), #4418, .F. ) ;
#1442 = UNCERTAINTY_MEASURE_WITH_UNIT (LENGTH_MEASURE( 1.000000000000000082E-05 ), #3278, 'distance_accuracy_value', 'NONE');
#1443 = DIRECTION ( 'NONE',  ( 0.0000000000000000000, -5.551115123125780237E-17, -1.000000000000000000 ) ) ;
#1444 = DIRECTION ( 'NONE',  ( 1.000000000000000000, 0.0000000000000000000, -0.0000000000000000000 ) ) ;
#1445 = DIRECTION ( 'NONE',  ( 0.0000000000000000000, 1.000000000000000000, -0.0000000000000000000 ) ) ;
#1446 = ORIENTED_EDGE ( 'NONE', *, *, #6447, .T. ) ;
#1447 = ORIENTED_EDGE ( 'NONE', *, *, #2884, .F. ) ;
#1448 = SURFACE_SIDE_STYLE ('',( #2091 ) ) ;
#1449 = PRESENTATION_STYLE_ASSIGNMENT (( #3702 ) ) ;
#1450 = ADVANCED_FACE ( 'NONE', ( #3048 ), #5263, .F. ) ;
#1451 = SURFACE_STYLE_FILL_AREA ( #6034 ) ;
#1452 = LINE ( 'NONE', #1339, #2748 ) ;
#1453 = VECTOR ( 'NONE', #1330, 1000.000000000000000 ) ;
#1454 = DIRECTION ( 'NONE',  ( -7.133526570659016373E-17, 0.0000000000000000000, -1.000000000000000000 ) ) ;
#1455 = LINE ( 'NONE', #1996, #4560 ) ;
#1456 = SURFACE_SIDE_STYLE ('',( #6707 ) ) ;
#1457 = FILL_AREA_STYLE_COLOUR ( '', #3297 ) ;
#1458 = ORIENTED_EDGE ( 'NONE', *, *, #7561, .T. ) ;
#1459 = LINE ( 'NONE', #4911, #5149 ) ;
#1460 = EDGE_CURVE ( 'NONE', #4331, #5354, #5735, .T. ) ;
#1461 = DIRECTION ( 'NONE',  ( 1.000000000000000000, 0.0000000000000000000, -0.0000000000000000000 ) ) ;
#1462 = CARTESIAN_POINT ( 'NONE',  ( -1.278835006861859469, 2.126326502032318100, 0.5000000000000002220 ) ) ;
#1463 = FACE_BOUND ( 'NONE', #1420, .T. ) ;
#1464 = FILL_AREA_STYLE_COLOUR ( '', #321 ) ;
#1465 = ORIENTED_EDGE ( 'NONE', *, *, #230, .T. ) ;
#1466 = CARTESIAN_POINT ( 'NONE',  ( -0.7697882815236138931, 3.528999999999995918, -1.798920367320510083 ) ) ;
#1467 = DIRECTION ( 'NONE',  ( -0.0000000000000000000, 0.0000000000000000000, -1.000000000000000000 ) ) ;
#1468 = CARTESIAN_POINT ( 'NONE',  ( 0.3472796854691360124, -3.371237590837970366, 0.02571178359094360155 ) ) ;
#1469 = DIRECTION ( 'NONE',  ( 0.0000000000000000000, 0.0000000000000000000, 1.000000000000000000 ) ) ;
#1470 = PRESENTATION_STYLE_ASSIGNMENT (( #2606 ) ) ;
#1471 = SURFACE_SIDE_STYLE ('',( #397 ) ) ;
#1472 = ORIENTED_EDGE ( 'NONE', *, *, #2054, .F. ) ;
#1473 = DIRECTION ( 'NONE',  ( 0.0000000000000000000, 0.0000000000000000000, 1.000000000000000000 ) ) ;
#1474 = DIRECTION ( 'NONE',  ( -1.516658762642049965E-31, 1.000000000000000000, -1.935436182511161167E-47 ) ) ;
#1475 =( LENGTH_UNIT ( ) NAMED_UNIT ( * ) SI_UNIT ( .MILLI., .METRE. ) );
#1476 = PRESENTATION_LAYER_ASSIGNMENT (  '', '', ( #496 ) ) ;
#1477 = PRESENTATION_LAYER_ASSIGNMENT (  '', '', ( #491 ) ) ;
#1478 = EDGE_CURVE ( 'NONE', #2341, #3499, #2119, .T. ) ;
#1479 = LINE ( 'NONE', #934, #1667 ) ;
#1480 = ORIENTED_EDGE ( 'NONE', *, *, #3772, .T. ) ;
#1481 = EDGE_LOOP ( 'NONE', ( #433, #6031, #1886, #7566, #5186, #5823, #6537 ) ) ;
#1482 =( LENGTH_UNIT ( ) NAMED_UNIT ( * ) SI_UNIT ( .MILLI., .METRE. ) );
#1483 = LINE ( 'NONE', #5371, #1974 ) ;
#1484 = FILL_AREA_STYLE ('',( #303 ) ) ;
#1485 = AXIS2_PLACEMENT_3D ( 'NONE', #2212, #7057, #1803 ) ;
#1486 = PRESENTATION_LAYER_ASSIGNMENT (  '', '', ( #4758 ) ) ;
#1487 = DIRECTION ( 'NONE',  ( 1.000000000000000000, 0.0000000000000000000, 0.0000000000000000000 ) ) ;
#1488 = VECTOR ( 'NONE', #3639, 1000.000000000000000 ) ;
#1489 = FILL_AREA_STYLE ('',( #3817 ) ) ;
#1490 = ADVANCED_FACE ( 'NONE', ( #5954 ), #118, .T. ) ;
#1491 = CARTESIAN_POINT ( 'NONE',  ( 0.1345639996639400038, -1.923597468397800103, -0.6172085837295704369 ) ) ;
#1492 = VECTOR ( 'NONE', #5348, 1000.000000000000000 ) ;
#1493 = ORIENTED_EDGE ( 'NONE', *, *, #3294, .F. ) ;
#1494 =( GEOMETRIC_REPRESENTATION_CONTEXT ( 3 ) GLOBAL_UNCERTAINTY_ASSIGNED_CONTEXT ( ( #6492 ) ) GLOBAL_UNIT_ASSIGNED_CONTEXT ( ( #7273, #3605, #4738 ) ) REPRESENTATION_CONTEXT ( 'NONE', 'WORKASPACE' ) );
#1495 = AXIS2_PLACEMENT_3D ( 'NONE', #5769, #5082, #5202 ) ;
#1496 = SURFACE_STYLE_USAGE ( .BOTH. , #6115 ) ;
#1497 = FACE_BOUND ( 'NONE', #3555, .T. ) ;
#1498 = PRESENTATION_LAYER_ASSIGNMENT (  '', '', ( #5881 ) ) ;
#1499 = DIRECTION ( 'NONE',  ( 0.0000000000000000000, 0.0000000000000000000, 1.000000000000000000 ) ) ;
#1500 = MECHANICAL_DESIGN_GEOMETRIC_PRESENTATION_REPRESENTATION (  '', ( #7138 ), #1118 ) ;
#1501 =( LENGTH_UNIT ( ) NAMED_UNIT ( * ) SI_UNIT ( .MILLI., .METRE. ) );
#1502 = SURFACE_STYLE_FILL_AREA ( #4876 ) ;
#1503 = AXIS2_PLACEMENT_3D ( 'NONE', #1979, #4356, #404 ) ;
#1504 = EDGE_CURVE ( 'NONE', #997, #5540, #7242, .T. ) ;
#1505 =( LENGTH_UNIT ( ) NAMED_UNIT ( * ) SI_UNIT ( .MILLI., .METRE. ) );
#1506 = AXIS2_PLACEMENT_3D ( 'NONE', #377, #6826, #1316 ) ;
#1507 = ORIENTED_EDGE ( 'NONE', *, *, #4365, .F. ) ;
#1508 = CARTESIAN_POINT ( 'NONE',  ( -0.8660027554781717374, 3.400714034727259527, -0.1064914194113901619 ) ) ;
#1509 = AXIS2_PLACEMENT_3D ( 'NONE', #1230, #475, #5902 ) ;
#1510 = CYLINDRICAL_SURFACE ( 'NONE', #7192, 1.200000000000000178 ) ;
#1511 = CARTESIAN_POINT ( 'NONE',  ( 1.755038026852610232E-16, 2.299999999999999822, -0.4909999999999999920 ) ) ;
#1512 = FACE_OUTER_BOUND ( 'NONE', #1761, .T. ) ;
#1513 = COLOUR_RGB ( '',1.000000000000000000, 1.000000000000000000, 1.000000000000000000 ) ;
#1514 = SURFACE_SIDE_STYLE ('',( #5507 ) ) ;
#1515 = COLOUR_RGB ( '',1.000000000000000000, 1.000000000000000000, 1.000000000000000000 ) ;
#1516 = VERTEX_POINT ( 'NONE', #6145 ) ;
#1517 = EDGE_LOOP ( 'NONE', ( #4279, #1207, #4719, #4434 ) ) ;
#1518 = LINE ( 'NONE', #2052, #3679 ) ;
#1519 = CIRCLE ( 'NONE', #1885, 3.000000000000000000 ) ;
#1520 = SURFACE_STYLE_FILL_AREA ( #1400 ) ;
#1521 = DIRECTION ( 'NONE',  ( 1.000000000000000000, 0.0000000000000000000, 0.0000000000000000000 ) ) ;
#1522 = UNCERTAINTY_MEASURE_WITH_UNIT (LENGTH_MEASURE( 1.000000000000000082E-05 ), #2978, 'distance_accuracy_value', 'NONE');
#1523 = PRESENTATION_STYLE_ASSIGNMENT (( #2738 ) ) ;
#1524 = AXIS2_PLACEMENT_3D ( 'NONE', #6052, #1935, #7421 ) ;
#1525 = SURFACE_SIDE_STYLE ('',( #4398 ) ) ;
#1526 = LINE ( 'NONE', #4898, #4215 ) ;
#1527 = ORIENTED_EDGE ( 'NONE', *, *, #583, .F. ) ;
#1528 = APPLICATION_CONTEXT ( 'automotive_design' ) ;
#1529 = ORIENTED_EDGE ( 'NONE', *, *, #2089, .F. ) ;
#1530 = FILL_AREA_STYLE_COLOUR ( '', #6990 ) ;
#1531 = DIRECTION ( 'NONE',  ( -7.709882115452479399E-17, 1.000000000000000000, -0.0000000000000000000 ) ) ;
#1532 = UNCERTAINTY_MEASURE_WITH_UNIT (LENGTH_MEASURE( 1.000000000000000082E-05 ), #5477, 'distance_accuracy_value', 'NONE');
#1533 = STYLED_ITEM ( 'NONE', ( #5420 ), #3343 ) ;
#1534 = CARTESIAN_POINT ( 'NONE',  ( -0.1528146411127589976, 2.899999999999999911, 0.2000000000000000111 ) ) ;
#1535 = DIRECTION ( 'NONE',  ( -3.059208292094230242E-16, -1.000000000000000000, 0.0000000000000000000 ) ) ;
#1536 = DIRECTION ( 'NONE',  ( -1.000000000000000000, -0.0000000000000000000, 6.123233995736769734E-17 ) ) ;
#1537 = CARTESIAN_POINT ( 'NONE',  ( 0.3472796854691360124, 2.522498976444949914, 0.4000000000000000222 ) ) ;
#1538 = CYLINDRICAL_SURFACE ( 'NONE', #3956, 4.000289042323469602 ) ;
#1539 = VECTOR ( 'NONE', #6636, 1000.000000000000227 ) ;
#1540 = AXIS2_PLACEMENT_3D ( 'NONE', #7562, #6507, #5268 ) ;
#1541 = SURFACE_STYLE_USAGE ( .BOTH. , #3284 ) ;
#1542 = ORIENTED_EDGE ( 'NONE', *, *, #128, .T. ) ;
#1543 = LINE ( 'NONE', #3286, #4894 ) ;
#1544 = SURFACE_STYLE_FILL_AREA ( #4989 ) ;
#1545 = EDGE_CURVE ( 'NONE', #3054, #6346, #7492, .T. ) ;
#1546 = EDGE_CURVE ( 'NONE', #5655, #2458, #12, .T. ) ;
#1547 =( GEOMETRIC_REPRESENTATION_CONTEXT ( 3 ) GLOBAL_UNCERTAINTY_ASSIGNED_CONTEXT ( ( #2120 ) ) GLOBAL_UNIT_ASSIGNED_CONTEXT ( ( #6741, #6628, #2240 ) ) REPRESENTATION_CONTEXT ( 'NONE', 'WORKASPACE' ) );
#1548 = VECTOR ( 'NONE', #1923, 1000.000000000000000 ) ;
#1549 = COLOUR_RGB ( '',0.8666666666666666963, 0.8666666666666666963, 0.8666666666666666963 ) ;
#1550 = DIRECTION ( 'NONE',  ( 0.0000000000000000000, 0.0000000000000000000, 1.000000000000000000 ) ) ;
#1551 = DIRECTION ( 'NONE',  ( 0.0000000000000000000, -0.8660254037844380415, -0.5000000000000009992 ) ) ;
#1552 = MECHANICAL_DESIGN_GEOMETRIC_PRESENTATION_REPRESENTATION (  '', ( #7548 ), #676 ) ;
#1553 = COLOUR_RGB ( '',0.8666666666666666963, 0.8666666666666666963, 0.8666666666666666963 ) ;
#1554 = ORIENTED_EDGE ( 'NONE', *, *, #2601, .F. ) ;
#1555 = CARTESIAN_POINT ( 'NONE',  ( -0.8660027554781708492, 3.400714034727256418, -1.798920367320509639 ) ) ;
#1556 = EDGE_CURVE ( 'NONE', #1838, #131, #4792, .T. ) ;
#1557 = CARTESIAN_POINT ( 'NONE',  ( 0.0000000000000000000, 0.0000000000000000000, 0.0000000000000000000 ) ) ;
#1558 = LINE ( 'NONE', #6210, #5374 ) ;
#1559 = CARTESIAN_POINT ( 'NONE',  ( 0.5000000000000000000, 0.2999999999999999889, -0.5000000000000000000 ) ) ;
#1560 = ORIENTED_EDGE ( 'NONE', *, *, #5624, .T. ) ;
#1561 = ORIENTED_EDGE ( 'NONE', *, *, #2848, .F. ) ;
#1562 = ORIENTED_EDGE ( 'NONE', *, *, #7221, .F. ) ;
#1563 = PRESENTATION_STYLE_ASSIGNMENT (( #962 ) ) ;
#1564 = CARTESIAN_POINT ( 'NONE',  ( 1.126025995435748994, 2.400000000000000355, 0.9715374277558769256 ) ) ;
#1565 = DIRECTION ( 'NONE',  ( 3.832379218072619739E-32, 1.000000000000000000, -4.890569709194473206E-48 ) ) ;
#1566 = DIRECTION ( 'NONE',  ( -5.273559366969489623E-16, 0.0000000000000000000, 1.000000000000000000 ) ) ;
#1567 = CARTESIAN_POINT ( 'NONE',  ( 0.4417258743745440253, 4.799999999999999822, 0.0000000000000000000 ) ) ;
#1568 = EDGE_LOOP ( 'NONE', ( #4661, #6375, #2028, #6114 ) ) ;
#1569 = ORIENTED_EDGE ( 'NONE', *, *, #1637, .F. ) ;
#1570 = DIRECTION ( 'NONE',  ( -0.0000000000000000000, 0.4999999999999979461, 0.8660254037844398178 ) ) ;
#1571 = CYLINDRICAL_SURFACE ( 'NONE', #3896, 1.212070382921480061 ) ;
#1572 =( NAMED_UNIT ( * ) SI_UNIT ( $, .STERADIAN. ) SOLID_ANGLE_UNIT ( ) );
#1573 =( LENGTH_UNIT ( ) NAMED_UNIT ( * ) SI_UNIT ( .MILLI., .METRE. ) );
#1574 = CARTESIAN_POINT ( 'NONE',  ( -2.000000000000000000, 0.2999999999999999889, 2.000000000000000000 ) ) ;
#1575 = ORIENTED_EDGE ( 'NONE', *, *, #1140, .F. ) ;
#1576 = DIRECTION ( 'NONE',  ( 0.0000000000000000000, 1.000000000000000000, -1.715124499442879932E-15 ) ) ;
#1577 =( LENGTH_UNIT ( ) NAMED_UNIT ( * ) SI_UNIT ( .MILLI., .METRE. ) );
#1578 = PRESENTATION_LAYER_ASSIGNMENT (  '', '', ( #3392 ) ) ;
#1579 = DIRECTION ( 'NONE',  ( 0.0000000000000000000, 0.0000000000000000000, -1.000000000000000000 ) ) ;
#1580 = CARTESIAN_POINT ( 'NONE',  ( -0.3868562485163580256, 0.2287624091620329980, 0.02571178359094350094 ) ) ;
#1581 = EDGE_CURVE ( 'NONE', #3125, #7270, #3198, .T. ) ;
#1582 = ORIENTED_EDGE ( 'NONE', *, *, #2549, .F. ) ;
#1583 = FILL_AREA_STYLE_COLOUR ( '', #622 ) ;
#1584 = DIRECTION ( 'NONE',  ( 0.0000000000000000000, -1.000000000000000000, -0.0000000000000000000 ) ) ;
#1585 = CARTESIAN_POINT ( 'NONE',  ( 0.7908746792755910748, 5.000000000000000888, -0.04292036732051054265 ) ) ;
#1586 = FILL_AREA_STYLE_COLOUR ( '', #1038 ) ;
#1587 = LINE ( 'NONE', #1559, #4656 ) ;
#1588 = DIRECTION ( 'NONE',  ( 0.0000000000000000000, 1.715124499442879932E-15, 1.000000000000000000 ) ) ;
#1589 = DIRECTION ( 'NONE',  ( 2.301490540124240083E-33, 3.832751682904369800E-49, -1.000000000000000000 ) ) ;
#1590 = ORIENTED_EDGE ( 'NONE', *, *, #5020, .F. ) ;
#1591 = ORIENTED_EDGE ( 'NONE', *, *, #452, .T. ) ;
#1592 =( NAMED_UNIT ( * ) PLANE_ANGLE_UNIT ( ) SI_UNIT ( $, .RADIAN. ) );
#1593 = CARTESIAN_POINT ( 'NONE',  ( 1.500000000000000000, 0.0000000000000000000, 2.100000000000000089 ) ) ;
#1594 = UNCERTAINTY_MEASURE_WITH_UNIT (LENGTH_MEASURE( 1.000000000000000082E-05 ), #2427, 'distance_accuracy_value', 'NONE');
#1595 = SURFACE_SIDE_STYLE ('',( #5126 ) ) ;
#1596 = FACE_OUTER_BOUND ( 'NONE', #2743, .T. ) ;
#1597 = ORIENTED_EDGE ( 'NONE', *, *, #5033, .T. ) ;
#1598 = EDGE_LOOP ( 'NONE', ( #1527, #5050, #1713, #6592, #4572, #3523 ) ) ;
#1599 = VECTOR ( 'NONE', #3136, 1000.000000000000000 ) ;
#1600 =( NAMED_UNIT ( * ) PLANE_ANGLE_UNIT ( ) SI_UNIT ( $, .RADIAN. ) );
#1601 =( LENGTH_UNIT ( ) NAMED_UNIT ( * ) SI_UNIT ( .MILLI., .METRE. ) );
#1602 = UNCERTAINTY_MEASURE_WITH_UNIT (LENGTH_MEASURE( 1.000000000000000082E-05 ), #3298, 'distance_accuracy_value', 'NONE');
#1603 = LINE ( 'NONE', #973, #4594 ) ;
#1604 = VECTOR ( 'NONE', #5515, 1000.000000000000000 ) ;
#1605 = FILL_AREA_STYLE ('',( #3241 ) ) ;
#1606 = CARTESIAN_POINT ( 'NONE',  ( -0.7697882815236143372, 3.528999999999995474, -1.798920367320509861 ) ) ;
#1607 = VERTEX_POINT ( 'NONE', #7326 ) ;
#1608 = COLOUR_RGB ( '',0.8666666666666666963, 0.8666666666666666963, 0.8666666666666666963 ) ;
#1609 = PRESENTATION_STYLE_ASSIGNMENT (( #6861 ) ) ;
#1610 = MECHANICAL_DESIGN_GEOMETRIC_PRESENTATION_REPRESENTATION (  '', ( #748 ), #6362 ) ;
#1611 =( GEOMETRIC_REPRESENTATION_CONTEXT ( 3 ) GLOBAL_UNCERTAINTY_ASSIGNED_CONTEXT ( ( #4772 ) ) GLOBAL_UNIT_ASSIGNED_CONTEXT ( ( #3836, #1433, #7269 ) ) REPRESENTATION_CONTEXT ( 'NONE', 'WORKASPACE' ) );
#1612 = SURFACE_STYLE_FILL_AREA ( #5691 ) ;
#1613 = MECHANICAL_DESIGN_GEOMETRIC_PRESENTATION_REPRESENTATION (  '', ( #144 ), #1860 ) ;
#1614 = DIRECTION ( 'NONE',  ( 1.000000000000000000, 0.0000000000000000000, 0.0000000000000000000 ) ) ;
#1615 = FILL_AREA_STYLE_COLOUR ( '', #2012 ) ;
#1616 = COLOUR_RGB ( '',0.8666666666666666963, 0.8666666666666666963, 0.8666666666666666963 ) ;
#1617 = DIRECTION ( 'NONE',  ( 0.0000000000000000000, -1.715124499442879932E-15, -1.000000000000000000 ) ) ;
#1618 = PRESENTATION_LAYER_ASSIGNMENT (  '', '', ( #1732 ) ) ;
#1619 = ORIENTED_EDGE ( 'NONE', *, *, #5581, .F. ) ;
#1620 =( NAMED_UNIT ( * ) SI_UNIT ( $, .STERADIAN. ) SOLID_ANGLE_UNIT ( ) );
#1621 =( NAMED_UNIT ( * ) SI_UNIT ( $, .STERADIAN. ) SOLID_ANGLE_UNIT ( ) );
#1622 = AXIS2_PLACEMENT_3D ( 'NONE', #917, #2765, #6793 ) ;
#1623 = LINE ( 'NONE', #3816, #7448 ) ;
#1624 =( LENGTH_UNIT ( ) NAMED_UNIT ( * ) SI_UNIT ( .MILLI., .METRE. ) );
#1625 =( GEOMETRIC_REPRESENTATION_CONTEXT ( 3 ) GLOBAL_UNCERTAINTY_ASSIGNED_CONTEXT ( ( #1822 ) ) GLOBAL_UNIT_ASSIGNED_CONTEXT ( ( #6219, #6694, #440 ) ) REPRESENTATION_CONTEXT ( 'NONE', 'WORKASPACE' ) );
#1626 = EDGE_CURVE ( 'NONE', #6485, #6141, #1989, .T. ) ;
#1627 = FACE_OUTER_BOUND ( 'NONE', #846, .T. ) ;
#1628 = DIRECTION ( 'NONE',  ( 0.0000000000000000000, 1.000000000000000000, -1.715124499442879932E-15 ) ) ;
#1629 = SURFACE_STYLE_USAGE ( .BOTH. , #2330 ) ;
#1630 = VERTEX_POINT ( 'NONE', #830 ) ;
#1631 = ORIENTED_EDGE ( 'NONE', *, *, #7253, .T. ) ;
#1632 = DIRECTION ( 'NONE',  ( -1.000000000000000000, 0.0000000000000000000, 0.0000000000000000000 ) ) ;
#1633 = CARTESIAN_POINT ( 'NONE',  ( 1.359325773342919152, 2.400000000000000355, 0.6036097206715247410 ) ) ;
#1634 = DIRECTION ( 'NONE',  ( -1.000000000000000000, 0.0000000000000000000, 0.0000000000000000000 ) ) ;
#1635 = PRESENTATION_LAYER_ASSIGNMENT (  '', '', ( #6649 ) ) ;
#1636 = ADVANCED_FACE ( 'NONE', ( #2032 ), #4222, .F. ) ;
#1637 = EDGE_CURVE ( 'NONE', #2607, #1956, #302, .T. ) ;
#1638 = COLOUR_RGB ( '',1.000000000000000000, 1.000000000000000000, 1.000000000000000000 ) ;
#1639 = PRESENTATION_STYLE_ASSIGNMENT (( #1952 ) ) ;
#1640 = ORIENTED_EDGE ( 'NONE', *, *, #6976, .F. ) ;
#1641 = AXIS2_PLACEMENT_3D ( 'NONE', #6566, #3598, #11 ) ;
#1642 = ORIENTED_EDGE ( 'NONE', *, *, #2089, .T. ) ;
#1643 = SURFACE_SIDE_STYLE ('',( #6261 ) ) ;
#1644 = LINE ( 'NONE', #3860, #7335 ) ;
#1645 =( GEOMETRIC_REPRESENTATION_CONTEXT ( 3 ) GLOBAL_UNCERTAINTY_ASSIGNED_CONTEXT ( ( #964 ) ) GLOBAL_UNIT_ASSIGNED_CONTEXT ( ( #3029, #1318, #5850 ) ) REPRESENTATION_CONTEXT ( 'NONE', 'WORKASPACE' ) );
#1646 = FACE_OUTER_BOUND ( 'NONE', #1947, .T. ) ;
#1647 = LINE ( 'NONE', #6266, #1906 ) ;
#1648 = VERTEX_POINT ( 'NONE', #4364 ) ;
#1649 = VECTOR ( 'NONE', #2937, 1000.000000000000000 ) ;
#1650 = STYLED_ITEM ( 'NONE', ( #2527 ), #6779 ) ;
#1651 = STYLED_ITEM ( 'NONE', ( #2550 ), #3742 ) ;
#1652 = DIRECTION ( 'NONE',  ( -0.0000000000000000000, 1.000000000000000000, 0.0000000000000000000 ) ) ;
#1653 = ORIENTED_EDGE ( 'NONE', *, *, #4281, .F. ) ;
#1654 = VECTOR ( 'NONE', #1014, 1000.000000000000000 ) ;
#1655 = AXIS2_PLACEMENT_3D ( 'NONE', #5460, #2708, #3746 ) ;
#1656 = VECTOR ( 'NONE', #3531, 1000.000000000000000 ) ;
#1657 =( NAMED_UNIT ( * ) SI_UNIT ( $, .STERADIAN. ) SOLID_ANGLE_UNIT ( ) );
#1658 =( NAMED_UNIT ( * ) PLANE_ANGLE_UNIT ( ) SI_UNIT ( $, .RADIAN. ) );
#1659 = AXIS2_PLACEMENT_3D ( 'NONE', #752, #3577, #4711 ) ;
#1660 = PRESENTATION_LAYER_ASSIGNMENT (  '', '', ( #211 ) ) ;
#1661 = AXIS2_PLACEMENT_3D ( 'NONE', #2327, #2373, #2948 ) ;
#1662 = DIRECTION ( 'NONE',  ( 0.0000000000000000000, 0.0000000000000000000, 1.000000000000000000 ) ) ;
#1663 = ORIENTED_EDGE ( 'NONE', *, *, #7361, .F. ) ;
#1664 = ORIENTED_EDGE ( 'NONE', *, *, #6703, .T. ) ;
#1665 = CARTESIAN_POINT ( 'NONE',  ( 0.0000000000000000000, 2.299999999999999822, -0.4909999999999999920 ) ) ;
#1666 = FACE_OUTER_BOUND ( 'NONE', #422, .T. ) ;
#1667 = VECTOR ( 'NONE', #3803, 1000.000000000000000 ) ;
#1668 = COLOUR_RGB ( '',0.8666666666666666963, 0.8666666666666666963, 0.8666666666666666963 ) ;
#1669 = UNCERTAINTY_MEASURE_WITH_UNIT (LENGTH_MEASURE( 1.000000000000000082E-05 ), #3785, 'distance_accuracy_value', 'NONE');
#1670 = DIRECTION ( 'NONE',  ( 1.516658762642049965E-31, -1.000000000000000000, 1.935436182511161167E-47 ) ) ;
#1671 = SURFACE_STYLE_USAGE ( .BOTH. , #3340 ) ;
#1672 = CARTESIAN_POINT ( 'NONE',  ( 0.1041961453065090026, 3.329000000000000181, 0.0000000000000000000 ) ) ;
#1673 = EDGE_CURVE ( 'NONE', #3709, #7054, #1949, .T. ) ;
#1674 = VERTEX_POINT ( 'NONE', #6074 ) ;
#1675 = EDGE_CURVE ( 'NONE', #410, #4918, #1483, .T. ) ;
#1676 = SURFACE_SIDE_STYLE ('',( #1011 ) ) ;
#1677 = DIRECTION ( 'NONE',  ( 0.0000000000000000000, 1.000000000000000000, 0.0000000000000000000 ) ) ;
#1678 = FILL_AREA_STYLE_COLOUR ( '', #873 ) ;
#1679 = COLOUR_RGB ( '',0.7921568627450980005, 0.8196078431372548767, 0.9333333333333333481 ) ;
#1680 = FILL_AREA_STYLE ('',( #5218 ) ) ;
#1681 = EDGE_LOOP ( 'NONE', ( #4103, #116, #3159, #2378, #515, #5832, #5111, #2196, #7193, #6860, #6952, #1090, #2057, #62, #5590, #4888, #780, #4747, #1458, #1819, #338, #4969, #4737, #6206, #4361, #1369 ) ) ;
#1682 = LINE ( 'NONE', #1055, #1654 ) ;
#1683 = ORIENTED_EDGE ( 'NONE', *, *, #4095, .F. ) ;
#1684 = EDGE_CURVE ( 'NONE', #4942, #5922, #5125, .T. ) ;
#1685 =( NAMED_UNIT ( * ) SI_UNIT ( $, .STERADIAN. ) SOLID_ANGLE_UNIT ( ) );
#1686 = CARTESIAN_POINT ( 'NONE',  ( 0.7908746792755899646, 0.06854095516175076619, -0.2836276823554205739 ) ) ;
#1687 = PRESENTATION_STYLE_ASSIGNMENT (( #6945 ) ) ;
#1688 = CARTESIAN_POINT ( 'NONE',  ( -0.3868562485163580811, -2.294836366436270314, 0.3328914605633907509 ) ) ;
#1689 = ORIENTED_EDGE ( 'NONE', *, *, #5975, .T. ) ;
#1690 = SURFACE_SIDE_STYLE ('',( #7490 ) ) ;
#1691 = FILL_AREA_STYLE_COLOUR ( '', #1668 ) ;
#1692 = CARTESIAN_POINT ( 'NONE',  ( 2.000000000000000000, 0.0000000000000000000, 2.000000000000000000 ) ) ;
#1693 =( NAMED_UNIT ( * ) PLANE_ANGLE_UNIT ( ) SI_UNIT ( $, .RADIAN. ) );
#1694 = ORIENTED_EDGE ( 'NONE', *, *, #1193, .T. ) ;
#1695 = ORIENTED_EDGE ( 'NONE', *, *, #3578, .F. ) ;
#1696 = DIRECTION ( 'NONE',  ( 0.0000000000000000000, -0.8660254037844387076, 0.4999999999999998335 ) ) ;
#1697 = SURFACE_SIDE_STYLE ('',( #6692 ) ) ;
#1698 = SURFACE_STYLE_FILL_AREA ( #7077 ) ;
#1699 = DIRECTION ( 'NONE',  ( 0.0000000000000000000, 3.885780586188049864E-16, -1.000000000000000000 ) ) ;
#1700 = CARTESIAN_POINT ( 'NONE',  ( 0.3472796854691359569, -3.371237590837970366, 0.2257117835909439596 ) ) ;
#1701 = ORIENTED_EDGE ( 'NONE', *, *, #2328, .T. ) ;
#1702 = EDGE_LOOP ( 'NONE', ( #3232, #840, #5190, #6655 ) ) ;
#1703 =( BOUNDED_SURFACE ( )  B_SPLINE_SURFACE ( 3, 3, ( 
 ( #4344, #7378, #2074, #1466 ),
 ( #4307, #2602, #1508, #1555 ),
 ( #3788, #2677, #3908, #6125 ),
 ( #3215, #6089, #841, #284 ) ),
 .UNSPECIFIED., .F., .F., .F. ) 
 B_SPLINE_SURFACE_WITH_KNOTS ( ( 4, 4 ),
 ( 4, 4 ),
 ( 0.0000000000000000000, 1.000000000000000000 ),
 ( 0.0000000000000000000, 1.000000000000000000 ),
 .UNSPECIFIED. ) 
 GEOMETRIC_REPRESENTATION_ITEM ( )  RATIONAL_B_SPLINE_SURFACE ( (
 ( 1.000000000000000000, 0.3333333333333334259, 0.3333333333333334259, 1.000000000000000000),
 ( 0.9296181273332788653, 0.3098727091110930476, 0.3098727091110930476, 0.9296181273332788653),
 ( 0.9296181273332788653, 0.3098727091110930476, 0.3098727091110930476, 0.9296181273332788653),
 ( 1.000000000000000000, 0.3333333333333334259, 0.3333333333333334259, 1.000000000000000000) ) ) 
 REPRESENTATION_ITEM ( '' )  SURFACE ( )  );
#1704 =( NAMED_UNIT ( * ) SI_UNIT ( $, .STERADIAN. ) SOLID_ANGLE_UNIT ( ) );
#1705 = PLANE ( 'NONE',  #2107 ) ;
#1706 = CARTESIAN_POINT ( 'NONE',  ( 0.7196857906303475438, 2.208802476894978994, 1.867578483260654121 ) ) ;
#1707 = ADVANCED_FACE ( 'NONE', ( #3279 ), #6928, .F. ) ;
#1708 = EDGE_CURVE ( 'NONE', #1928, #4316, #7479, .T. ) ;
#1709 = PRESENTATION_STYLE_ASSIGNMENT (( #7552 ) ) ;
#1710 = ORIENTED_EDGE ( 'NONE', *, *, #4259, .T. ) ;
#1711 = SURFACE_SIDE_STYLE ('',( #2970 ) ) ;
#1712 = STYLED_ITEM ( 'NONE', ( #1214 ), #237 ) ;
#1713 = ORIENTED_EDGE ( 'NONE', *, *, #3824, .F. ) ;
#1714 = VERTEX_POINT ( 'NONE', #6299 ) ;
#1715 = FILL_AREA_STYLE_COLOUR ( '', #7142 ) ;
#1716 = VECTOR ( 'NONE', #1977, 1000.000000000000000 ) ;
#1717 = EDGE_CURVE ( 'NONE', #1196, #4952, #5996, .T. ) ;
#1718 = CARTESIAN_POINT ( 'NONE',  ( -2.000000000000000000, 0.0000000000000000000, 2.000000000000000000 ) ) ;
#1719 = CARTESIAN_POINT ( 'NONE',  ( 0.0000000000000000000, 0.0000000000000000000, 0.0000000000000000000 ) ) ;
#1720 = SURFACE_STYLE_FILL_AREA ( #2905 ) ;
#1721 = DIRECTION ( 'NONE',  ( 1.000000000000000000, 0.0000000000000000000, 0.0000000000000000000 ) ) ;
#1722 =( NAMED_UNIT ( * ) SI_UNIT ( $, .STERADIAN. ) SOLID_ANGLE_UNIT ( ) );
#1723 = VECTOR ( 'NONE', #5455, 1000.000000000000114 ) ;
#1724 = COLOUR_RGB ( '',0.8666666666666666963, 0.8666666666666666963, 0.8666666666666666963 ) ;
#1725 = COLOUR_RGB ( '',0.8666666666666666963, 0.8666666666666666963, 0.8666666666666666963 ) ;
#1726 = VERTEX_POINT ( 'NONE', #5594 ) ;
#1727 = CYLINDRICAL_SURFACE ( 'NONE', #6630, 0.5000000000000000000 ) ;
#1728 = DIRECTION ( 'NONE',  ( -0.0000000000000000000, 0.8660254037844380415, 0.5000000000000009992 ) ) ;
#1729 = AXIS2_PLACEMENT_3D ( 'NONE', #5592, #7407, #4435 ) ;
#1730 = EDGE_CURVE ( 'NONE', #4702, #3455, #4550, .T. ) ;
#1731 = SURFACE_SIDE_STYLE ('',( #6353 ) ) ;
#1732 = STYLED_ITEM ( 'NONE', ( #5700 ), #5860 ) ;
#1733 = LINE ( 'NONE', #6393, #41 ) ;
#1734 = DIRECTION ( 'NONE',  ( 0.0000000000000000000, 0.0000000000000000000, 1.000000000000000000 ) ) ;
#1735 = DIRECTION ( 'NONE',  ( 0.01185132068995249990, -7.460832821017349558E-17, -0.9999297706328700297 ) ) ;
#1736 = PRESENTATION_LAYER_ASSIGNMENT (  '', '', ( #3682 ) ) ;
#1737 = ORIENTED_EDGE ( 'NONE', *, *, #3529, .F. ) ;
#1738 =( GEOMETRIC_REPRESENTATION_CONTEXT ( 3 ) GLOBAL_UNCERTAINTY_ASSIGNED_CONTEXT ( ( #4246 ) ) GLOBAL_UNIT_ASSIGNED_CONTEXT ( ( #5512, #1592, #2775 ) ) REPRESENTATION_CONTEXT ( 'NONE', 'WORKASPACE' ) );
#1739 = CARTESIAN_POINT ( 'NONE',  ( -0.3868562485163580256, -3.371237590837970366, 0.2257117835909439874 ) ) ;
#1740 = DIRECTION ( 'NONE',  ( -0.0000000000000000000, -1.715124499442879932E-15, 1.000000000000000000 ) ) ;
#1741 = AXIS2_PLACEMENT_3D ( 'NONE', #2401, #4752, #3050 ) ;
#1742 = UNCERTAINTY_MEASURE_WITH_UNIT (LENGTH_MEASURE( 1.000000000000000082E-05 ), #5747, 'distance_accuracy_value', 'NONE');
#1743 = LINE ( 'NONE', #577, #1228 ) ;
#1744 = STYLED_ITEM ( 'NONE', ( #5568 ), #2271 ) ;
#1745 =( NAMED_UNIT ( * ) PLANE_ANGLE_UNIT ( ) SI_UNIT ( $, .RADIAN. ) );
#1746 = PRESENTATION_LAYER_ASSIGNMENT (  '', '', ( #5027 ) ) ;
#1747 = MECHANICAL_DESIGN_GEOMETRIC_PRESENTATION_REPRESENTATION (  '', ( #7508 ), #3811 ) ;
#1748 = ORIENTED_EDGE ( 'NONE', *, *, #5260, .T. ) ;
#1749 = ORIENTED_EDGE ( 'NONE', *, *, #4007, .F. ) ;
#1750 = CARTESIAN_POINT ( 'NONE',  ( -2.299999999999999822, 1.199999999999999956, -0.5000000000000000000 ) ) ;
#1751 = FACE_OUTER_BOUND ( 'NONE', #3907, .T. ) ;
#1752 = FILL_AREA_STYLE_COLOUR ( '', #5541 ) ;
#1753 = MECHANICAL_DESIGN_GEOMETRIC_PRESENTATION_REPRESENTATION (  '', ( #4414 ), #1255 ) ;
#1754 = UNCERTAINTY_MEASURE_WITH_UNIT (LENGTH_MEASURE( 1.000000000000000082E-05 ), #1601, 'distance_accuracy_value', 'NONE');
#1755 =( NAMED_UNIT ( * ) PLANE_ANGLE_UNIT ( ) SI_UNIT ( $, .RADIAN. ) );
#1756 = CARTESIAN_POINT ( 'NONE',  ( -0.3868562485163579701, 0.0000000000000000000, 0.2000000000000000389 ) ) ;
#1757 = ORIENTED_EDGE ( 'NONE', *, *, #4232, .F. ) ;
#1758 = CIRCLE ( 'NONE', #3096, 1.200000000000000178 ) ;
#1759 = LINE ( 'NONE', #30, #3356 ) ;
#1760 =( NAMED_UNIT ( * ) PLANE_ANGLE_UNIT ( ) SI_UNIT ( $, .RADIAN. ) );
#1761 = EDGE_LOOP ( 'NONE', ( #662, #7100, #4462, #7209 ) ) ;
#1762 = VERTEX_POINT ( 'NONE', #3386 ) ;
#1763 = VECTOR ( 'NONE', #1740, 1000.000000000000000 ) ;
#1764 = FACE_OUTER_BOUND ( 'NONE', #556, .T. ) ;
#1765 = DIRECTION ( 'NONE',  ( 0.0000000000000000000, -0.0000000000000000000, 1.000000000000000000 ) ) ;
#1766 = CYLINDRICAL_SURFACE ( 'NONE', #3842, 2.700000000000000178 ) ;
#1767 =( LENGTH_UNIT ( ) NAMED_UNIT ( * ) SI_UNIT ( .MILLI., .METRE. ) );
#1768 = STYLED_ITEM ( 'NONE', ( #824 ), #3435 ) ;
#1769 = ADVANCED_FACE ( 'NONE', ( #5714 ), #971, .F. ) ;
#1770 = ORIENTED_EDGE ( 'NONE', *, *, #6602, .T. ) ;
#1771 = EDGE_CURVE ( 'NONE', #5567, #3662, #6338, .T. ) ;
#1772 = CARTESIAN_POINT ( 'NONE',  ( 1.980211718476390326, 3.328999999999993520, -4.142920367320510167 ) ) ;
#1773 = AXIS2_PLACEMENT_3D ( 'NONE', #4295, #2518, #6705 ) ;
#1774 = LINE ( 'NONE', #6435, #3680 ) ;
#1775 = LINE ( 'NONE', #4162, #4934 ) ;
#1776 = SURFACE_SIDE_STYLE ('',( #7190 ) ) ;
#1777 = SURFACE_STYLE_FILL_AREA ( #1484 ) ;
#1778 = STYLED_ITEM ( 'NONE', ( #346 ), #4541 ) ;
#1779 = VECTOR ( 'NONE', #6517, 1000.000000000000000 ) ;
#1780 = VERTEX_POINT ( 'NONE', #4982 ) ;
#1781 = EDGE_CURVE ( 'NONE', #6174, #6764, #3859, .T. ) ;
#1782 = CARTESIAN_POINT ( 'NONE',  ( 2.000000000000000000, 0.2999999999999999889, -0.5000000000000000000 ) ) ;
#1783 =( LENGTH_UNIT ( ) NAMED_UNIT ( * ) SI_UNIT ( .MILLI., .METRE. ) );
#1784 = LINE ( 'NONE', #6445, #1119 ) ;
#1785 = COLOUR_RGB ( '',0.8666666666666666963, 0.8666666666666666963, 0.8666666666666666963 ) ;
#1786 = CIRCLE ( 'NONE', #3856, 0.7500000000000034417 ) ;
#1787 =( GEOMETRIC_REPRESENTATION_CONTEXT ( 3 ) GLOBAL_UNCERTAINTY_ASSIGNED_CONTEXT ( ( #5330 ) ) GLOBAL_UNIT_ASSIGNED_CONTEXT ( ( #2095, #5066, #5598 ) ) REPRESENTATION_CONTEXT ( 'NONE', 'WORKASPACE' ) );
#1788 = DIRECTION ( 'NONE',  ( 3.399077683617220112E-33, 1.000000000000000000, 1.886867153420689749E-49 ) ) ;
#1789 = ORIENTED_EDGE ( 'NONE', *, *, #458, .T. ) ;
#1790 = ORIENTED_EDGE ( 'NONE', *, *, #1833, .F. ) ;
#1791 = DIRECTION ( 'NONE',  ( 1.000000000000000000, 0.0000000000000000000, -0.0000000000000000000 ) ) ;
#1792 = PRESENTATION_LAYER_ASSIGNMENT (  '', '', ( #5437 ) ) ;
#1793 = LINE ( 'NONE', #1280, #2723 ) ;
#1794 = SURFACE_SIDE_STYLE ('',( #7046 ) ) ;
#1795 = CARTESIAN_POINT ( 'NONE',  ( 0.5000000000000000000, 0.2999999999999999889, 2.000000000000000000 ) ) ;
#1796 = CARTESIAN_POINT ( 'NONE',  ( 1.202243478597877280, 2.400000000000001243, -0.8954823738517558862 ) ) ;
#1797 = AXIS2_PLACEMENT_3D ( 'NONE', #5801, #642, #2160 ) ;
#1798 = ORIENTED_EDGE ( 'NONE', *, *, #7311, .F. ) ;
#1799 =( GEOMETRIC_REPRESENTATION_CONTEXT ( 3 ) GLOBAL_UNCERTAINTY_ASSIGNED_CONTEXT ( ( #509 ) ) GLOBAL_UNIT_ASSIGNED_CONTEXT ( ( #3245, #372, #344 ) ) REPRESENTATION_CONTEXT ( 'NONE', 'WORKASPACE' ) );
#1800 = VERTEX_POINT ( 'NONE', #2213 ) ;
#1801 = ORIENTED_EDGE ( 'NONE', *, *, #6503, .F. ) ;
#1802 = DIRECTION ( 'NONE',  ( 0.0000000000000000000, -1.000000000000000000, 0.0000000000000000000 ) ) ;
#1803 = DIRECTION ( 'NONE',  ( 0.0000000000000000000, 0.0000000000000000000, 1.000000000000000000 ) ) ;
#1804 = DIRECTION ( 'NONE',  ( 0.0000000000000000000, 0.0000000000000000000, 1.000000000000000000 ) ) ;
#1805 = DIRECTION ( 'NONE',  ( 1.000000000000000000, 0.0000000000000000000, 0.0000000000000000000 ) ) ;
#1806 = CARTESIAN_POINT ( 'NONE',  ( 3.980102097228898231E-16, 2.299999999999999822, -3.741000000000000547 ) ) ;
#1807 = DIRECTION ( 'NONE',  ( 1.000000000000000000, 0.0000000000000000000, 0.0000000000000000000 ) ) ;
#1808 = LINE ( 'NONE', #2479, #2739 ) ;
#1809 = CARTESIAN_POINT ( 'NONE',  ( -2.142428528562859924, 2.399999999999999911, 2.100000000000000089 ) ) ;
#1810 = FILL_AREA_STYLE_COLOUR ( '', #682 ) ;
#1811 = ORIENTED_EDGE ( 'NONE', *, *, #1933, .T. ) ;
#1812 = FACE_OUTER_BOUND ( 'NONE', #6185, .T. ) ;
#1813 = SURFACE_SIDE_STYLE ('',( #5843 ) ) ;
#1814 = CARTESIAN_POINT ( 'NONE',  ( 0.1345639996639400038, 2.899999999999999911, 0.2000000000000000111 ) ) ;
#1815 = EDGE_CURVE ( 'NONE', #960, #3961, #269, .T. ) ;
#1816 = EDGE_CURVE ( 'NONE', #2830, #5591, #3909, .T. ) ;
#1817 = SURFACE_STYLE_USAGE ( .BOTH. , #1776 ) ;
#1818 = MECHANICAL_DESIGN_GEOMETRIC_PRESENTATION_REPRESENTATION (  '', ( #3392 ), #7576 ) ;
#1819 = ORIENTED_EDGE ( 'NONE', *, *, #6594, .T. ) ;
#1820 = DIRECTION ( 'NONE',  ( 0.0000000000000000000, -1.000000000000000000, 0.0000000000000000000 ) ) ;
#1821 = PRESENTATION_STYLE_ASSIGNMENT (( #4697 ) ) ;
#1822 = UNCERTAINTY_MEASURE_WITH_UNIT (LENGTH_MEASURE( 1.000000000000000082E-05 ), #6219, 'distance_accuracy_value', 'NONE');
#1823 = DIRECTION ( 'NONE',  ( 1.000000000000000000, 0.0000000000000000000, -0.0000000000000000000 ) ) ;
#1824 = CARTESIAN_POINT ( 'NONE',  ( 0.0000000000000000000, 2.000000000000000000, -0.4909999999999999920 ) ) ;
#1825 = EDGE_CURVE ( 'NONE', #5903, #3893, #2678, .T. ) ;
#1826 = DIRECTION ( 'NONE',  ( 0.0000000000000000000, 0.0000000000000000000, 1.000000000000000000 ) ) ;
#1827 = ORIENTED_EDGE ( 'NONE', *, *, #2359, .F. ) ;
#1828 = CARTESIAN_POINT ( 'NONE',  ( 2.000000000000000000, 0.0000000000000000000, -3.000000000000000000 ) ) ;
#1829 = CLOSED_SHELL ( 'NONE', ( #5441, #7254, #6560, #4312, #4585, #5183, #5207, #101, #3254, #1707, #6541, #4602, #2048, #6008, #2259, #2179, #7266, #3209, #2229, #2407, #3742, #5112, #2369, #2565, #2829, #6871, #4917, #1342, #2307, #5320 ) ) ;
#1830 = DIRECTION ( 'NONE',  ( 0.0000000000000000000, 1.715124499442879932E-15, 1.000000000000000000 ) ) ;
#1831 = SURFACE_SIDE_STYLE ('',( #3414 ) ) ;
#1832 = UNCERTAINTY_MEASURE_WITH_UNIT (LENGTH_MEASURE( 1.000000000000000082E-05 ), #565, 'distance_accuracy_value', 'NONE');
#1833 = EDGE_CURVE ( 'NONE', #2399, #2222, #5724, .T. ) ;
#1834 = DIRECTION ( 'NONE',  ( 5.551115123125780237E-17, 0.0000000000000000000, -1.000000000000000000 ) ) ;
#1835 = ORIENTED_EDGE ( 'NONE', *, *, #7487, .F. ) ;
#1836 = DIRECTION ( 'NONE',  ( 0.0000000000000000000, 1.000000000000000000, 0.0000000000000000000 ) ) ;
#1837 = DIRECTION ( 'NONE',  ( 0.0000000000000000000, 1.000000000000000000, 0.0000000000000000000 ) ) ;
#1838 = VERTEX_POINT ( 'NONE', #4490 ) ;
#1839 =( LENGTH_UNIT ( ) NAMED_UNIT ( * ) SI_UNIT ( .MILLI., .METRE. ) );
#1840 = SURFACE_SIDE_STYLE ('',( #5835 ) ) ;
#1841 = FACE_OUTER_BOUND ( 'NONE', #1517, .T. ) ;
#1842 = DIRECTION ( 'NONE',  ( 1.000000000000000000, 0.0000000000000000000, 0.0000000000000000000 ) ) ;
#1843 = CARTESIAN_POINT ( 'NONE',  ( -1.009430824932684212, 3.329000000000000625, -1.798920367320509195 ) ) ;
#1844 = DIRECTION ( 'NONE',  ( 1.000000000000000000, 0.0000000000000000000, 0.0000000000000000000 ) ) ;
#1845 = SURFACE_STYLE_FILL_AREA ( #2405 ) ;
#1846 = ORIENTED_EDGE ( 'NONE', *, *, #7537, .F. ) ;
#1847 = VERTEX_POINT ( 'NONE', #351 ) ;
#1848 =( GEOMETRIC_REPRESENTATION_CONTEXT ( 3 ) GLOBAL_UNCERTAINTY_ASSIGNED_CONTEXT ( ( #2502 ) ) GLOBAL_UNIT_ASSIGNED_CONTEXT ( ( #1767, #4081, #7062 ) ) REPRESENTATION_CONTEXT ( 'NONE', 'WORKASPACE' ) );
#1849 = DIRECTION ( 'NONE',  ( 1.516658762642049965E-31, -1.000000000000000000, 1.935436182511161167E-47 ) ) ;
#1850 =( GEOMETRIC_REPRESENTATION_CONTEXT ( 3 ) GLOBAL_UNCERTAINTY_ASSIGNED_CONTEXT ( ( #3572 ) ) GLOBAL_UNIT_ASSIGNED_CONTEXT ( ( #7536, #7502, #2379 ) ) REPRESENTATION_CONTEXT ( 'NONE', 'WORKASPACE' ) );
#1851 = CARTESIAN_POINT ( 'NONE',  ( -0.8197882815236110510, 3.329000000000000181, -0.1429203673205090008 ) ) ;
#1852 = VECTOR ( 'NONE', #6285, 1000.000000000000000 ) ;
#1853 = FACE_OUTER_BOUND ( 'NONE', #3137, .T. ) ;
#1854 = SHAPE_DEFINITION_REPRESENTATION ( #7379, #4619 ) ;
#1855 = ORIENTED_EDGE ( 'NONE', *, *, #4399, .T. ) ;
#1856 = CARTESIAN_POINT ( 'NONE',  ( 0.7908746792755909638, 4.799999999999999822, -0.04292036732051029979 ) ) ;
#1857 = COLOUR_RGB ( '',0.0000000000000000000, 0.0000000000000000000, 1.000000000000000000 ) ;
#1858 = PLANE ( 'NONE',  #3419 ) ;
#1859 = CARTESIAN_POINT ( 'NONE',  ( 0.5000000000000000000, 1.699999999999999956, 1.600000000000000089 ) ) ;
#1860 =( GEOMETRIC_REPRESENTATION_CONTEXT ( 3 ) GLOBAL_UNCERTAINTY_ASSIGNED_CONTEXT ( ( #4854 ) ) GLOBAL_UNIT_ASSIGNED_CONTEXT ( ( #7530, #6867, #1621 ) ) REPRESENTATION_CONTEXT ( 'NONE', 'WORKASPACE' ) );
#1861 = AXIS2_PLACEMENT_3D ( 'NONE', #2343, #2268, #5861 ) ;
#1862 = ORIENTED_EDGE ( 'NONE', *, *, #5527, .F. ) ;
#1863 =( GEOMETRIC_REPRESENTATION_CONTEXT ( 3 ) GLOBAL_UNCERTAINTY_ASSIGNED_CONTEXT ( ( #1353 ) ) GLOBAL_UNIT_ASSIGNED_CONTEXT ( ( #2325, #6981, #569 ) ) REPRESENTATION_CONTEXT ( 'NONE', 'WORKASPACE' ) );
#1864 = FILL_AREA_STYLE_COLOUR ( '', #3548 ) ;
#1865 = EDGE_CURVE ( 'NONE', #1057, #3961, #5044, .T. ) ;
#1866 = CARTESIAN_POINT ( 'NONE',  ( -0.8091253207244096801, 2.899999999999998135, 0.0000000000000000000 ) ) ;
#1867 = VECTOR ( 'NONE', #3501, 1000.000000000000000 ) ;
#1868 = STYLED_ITEM ( 'NONE', ( #6453 ), #5320 ) ;
#1869 = DIRECTION ( 'NONE',  ( 0.0000000000000000000, -1.715124499442879932E-15, -1.000000000000000000 ) ) ;
#1870 = FACE_OUTER_BOUND ( 'NONE', #3759, .T. ) ;
#1871 = LINE ( 'NONE', #148, #4085 ) ;
#1872 = ORIENTED_EDGE ( 'NONE', *, *, #3086, .F. ) ;
#1873 = VECTOR ( 'NONE', #7456, 1000.000000000000000 ) ;
#1874 = ORIENTED_EDGE ( 'NONE', *, *, #38, .T. ) ;
#1875 = STYLED_ITEM ( 'NONE', ( #4257 ), #6316 ) ;
#1876 = CARTESIAN_POINT ( 'NONE',  ( 0.7802117184763890378, 3.329000000000009951, -0.1429203673205090286 ) ) ;
#1877 =( NAMED_UNIT ( * ) PLANE_ANGLE_UNIT ( ) SI_UNIT ( $, .RADIAN. ) );
#1878 = EDGE_CURVE ( 'NONE', #5483, #6924, #7380, .T. ) ;
#1879 = CARTESIAN_POINT ( 'NONE',  ( -3.250000000000000444, 0.0000000000000000000, -3.741071428571430602 ) ) ;
#1880 = LINE ( 'NONE', #526, #3849 ) ;
#1881 = MECHANICAL_DESIGN_GEOMETRIC_PRESENTATION_REPRESENTATION (  '', ( #405 ), #176 ) ;
#1882 = CARTESIAN_POINT ( 'NONE',  ( 0.3472796854691360124, -0.1500000000000008271, 0.2401923788646679880 ) ) ;
#1883 = SURFACE_STYLE_FILL_AREA ( #4153 ) ;
#1884 = ORIENTED_EDGE ( 'NONE', *, *, #263, .F. ) ;
#1885 = AXIS2_PLACEMENT_3D ( 'NONE', #1074, #2878, #401 ) ;
#1886 = ORIENTED_EDGE ( 'NONE', *, *, #6407, .F. ) ;
#1887 = DIRECTION ( 'NONE',  ( 0.0000000000000000000, 2.529805069132843942E-15, 1.000000000000000000 ) ) ;
#1888 = SURFACE_SIDE_STYLE ('',( #1221 ) ) ;
#1889 = LINE ( 'NONE', #2411, #1779 ) ;
#1890 =( LENGTH_UNIT ( ) NAMED_UNIT ( * ) SI_UNIT ( .MILLI., .METRE. ) );
#1891 = CARTESIAN_POINT ( 'NONE',  ( -2.299999999999999822, 2.700000000000000178, 0.5000000000000000000 ) ) ;
#1892 = SHAPE_DEFINITION_REPRESENTATION ( #7453, #675 ) ;
#1893 = ORIENTED_EDGE ( 'NONE', *, *, #2714, .F. ) ;
#1894 = DIRECTION ( 'NONE',  ( -0.0000000000000000000, -1.000000000000000000, 0.0000000000000000000 ) ) ;
#1895 = CARTESIAN_POINT ( 'NONE',  ( 2.142428528562859924, 0.0000000000000000000, 2.100000000000000089 ) ) ;
#1896 = LINE ( 'NONE', #7034, #6903 ) ;
#1897 = UNCERTAINTY_MEASURE_WITH_UNIT (LENGTH_MEASURE( 1.000000000000000082E-05 ), #805, 'distance_accuracy_value', 'NONE');
#1898 = SURFACE_STYLE_USAGE ( .BOTH. , #4814 ) ;
#1899 =( NAMED_UNIT ( * ) SI_UNIT ( $, .STERADIAN. ) SOLID_ANGLE_UNIT ( ) );
#1900 = VECTOR ( 'NONE', #1652, 1000.000000000000000 ) ;
#1901 = MECHANICAL_DESIGN_GEOMETRIC_PRESENTATION_REPRESENTATION (  '', ( #1768 ), #3717 ) ;
#1902 = ORIENTED_EDGE ( 'NONE', *, *, #411, .T. ) ;
#1903 = ORIENTED_EDGE ( 'NONE', *, *, #7253, .F. ) ;
#1904 = PLANE ( 'NONE',  #5744 ) ;
#1905 = CARTESIAN_POINT ( 'NONE',  ( -0.8091253207244109014, 0.8712388980384689896, -0.8429203673205118985 ) ) ;
#1906 = VECTOR ( 'NONE', #977, 1000.000000000000000 ) ;
#1907 = VECTOR ( 'NONE', #2402, 1000.000000000000000 ) ;
#1908 = STYLED_ITEM ( 'NONE', ( #1709 ), #3932 ) ;
#1909 = UNCERTAINTY_MEASURE_WITH_UNIT (LENGTH_MEASURE( 1.000000000000000082E-05 ), #1783, 'distance_accuracy_value', 'NONE');
#1910 =( NAMED_UNIT ( * ) SI_UNIT ( $, .STERADIAN. ) SOLID_ANGLE_UNIT ( ) );
#1911 = PLANE ( 'NONE',  #2544 ) ;
#1912 = ADVANCED_FACE ( 'NONE', ( #2766 ), #4994, .T. ) ;
#1913 = FACE_OUTER_BOUND ( 'NONE', #7116, .T. ) ;
#1914 = EDGE_CURVE ( 'NONE', #3195, #5655, #4761, .T. ) ;
#1915 = VERTEX_POINT ( 'NONE', #5577 ) ;
#1916 = COLOUR_RGB ( '',1.000000000000000000, 1.000000000000000000, 1.000000000000000000 ) ;
#1917 = EDGE_LOOP ( 'NONE', ( #7265, #2178, #2687, #1529 ) ) ;
#1918 = SURFACE_SIDE_STYLE ('',( #1451 ) ) ;
#1919 = MECHANICAL_DESIGN_GEOMETRIC_PRESENTATION_REPRESENTATION (  '', ( #2635 ), #1046 ) ;
#1920 = APPLICATION_CONTEXT ( 'automotive_design' ) ;
#1921 = VECTOR ( 'NONE', #5578, 1000.000000000000000 ) ;
#1922 = SURFACE_SIDE_STYLE ('',( #5991 ) ) ;
#1923 = DIRECTION ( 'NONE',  ( -0.0000000000000000000, -0.0000000000000000000, 1.000000000000000000 ) ) ;
#1924 = CARTESIAN_POINT ( 'NONE',  ( -0.5000000000000000000, 2.700000000000000178, 1.600000000000000089 ) ) ;
#1925 = EDGE_CURVE ( 'NONE', #800, #1973, #953, .T. ) ;
#1926 = ORIENTED_EDGE ( 'NONE', *, *, #1478, .T. ) ;
#1927 =( GEOMETRIC_REPRESENTATION_CONTEXT ( 3 ) GLOBAL_UNCERTAINTY_ASSIGNED_CONTEXT ( ( #5863 ) ) GLOBAL_UNIT_ASSIGNED_CONTEXT ( ( #5116, #6395, #1107 ) ) REPRESENTATION_CONTEXT ( 'NONE', 'WORKASPACE' ) );
#1928 = VERTEX_POINT ( 'NONE', #6237 ) ;
#1929 = DIRECTION ( 'NONE',  ( -1.000000000000000000, -0.0000000000000000000, 0.0000000000000000000 ) ) ;
#1930 = PLANE ( 'NONE',  #7376 ) ;
#1931 = DIRECTION ( 'NONE',  ( 0.0000000000000000000, -1.776356839400250070E-15, 1.000000000000000000 ) ) ;
#1932 = LINE ( 'NONE', #6518, #6557 ) ;
#1933 = EDGE_CURVE ( 'NONE', #1762, #545, #599, .T. ) ;
#1934 = VERTEX_POINT ( 'NONE', #5807 ) ;
#1935 = DIRECTION ( 'NONE',  ( 0.0000000000000000000, 1.000000000000000000, -1.715124499442879932E-15 ) ) ;
#1936 = LINE ( 'NONE', #248, #6013 ) ;
#1937 = ORIENTED_EDGE ( 'NONE', *, *, #956, .T. ) ;
#1938 = VERTEX_POINT ( 'NONE', #93 ) ;
#1939 =( NAMED_UNIT ( * ) PLANE_ANGLE_UNIT ( ) SI_UNIT ( $, .RADIAN. ) );
#1940 = CARTESIAN_POINT ( 'NONE',  ( -1.126025995435748550, 2.399999999999999911, -0.9715374277558769256 ) ) ;
#1941 = PLANE ( 'NONE',  #3693 ) ;
#1942 = DIRECTION ( 'NONE',  ( 0.0000000000000000000, 0.0000000000000000000, 1.000000000000000000 ) ) ;
#1943 = ORIENTED_EDGE ( 'NONE', *, *, #7317, .F. ) ;
#1944 = CARTESIAN_POINT ( 'NONE',  ( -0.009125320724409993062, -1.923597468397800103, 0.1827914162704240009 ) ) ;
#1945 = ORIENTED_EDGE ( 'NONE', *, *, #2848, .T. ) ;
#1946 = VECTOR ( 'NONE', #7126, 1000.000000000000000 ) ;
#1947 = EDGE_LOOP ( 'NONE', ( #76, #6355, #5974, #6317, #1217, #7404, #6494, #4072, #3841, #4327, #4402, #4867, #4277, #4008, #1695, #291 ) ) ;
#1948 = CARTESIAN_POINT ( 'NONE',  ( 0.7196857906303475438, 1.069077102295557857, -0.6207895576009392347 ) ) ;
#1949 = LINE ( 'NONE', #897, #5254 ) ;
#1950 = EDGE_CURVE ( 'NONE', #6720, #6406, #6244, .T. ) ;
#1951 = DIRECTION ( 'NONE',  ( 0.0000000000000000000, 0.0000000000000000000, 1.000000000000000000 ) ) ;
#1952 = SURFACE_STYLE_USAGE ( .BOTH. , #6849 ) ;
#1953 = DIRECTION ( 'NONE',  ( -0.0000000000000000000, 1.000000000000000000, -0.0000000000000000000 ) ) ;
#1954 = DIRECTION ( 'NONE',  ( 0.0000000000000000000, 1.807003620809173794E-15, -1.000000000000000000 ) ) ;
#1955 = CARTESIAN_POINT ( 'NONE',  ( 0.7908746792755908528, 4.799999999999999822, 0.2000000000000000111 ) ) ;
#1956 = VERTEX_POINT ( 'NONE', #1772 ) ;
#1957 = ORIENTED_EDGE ( 'NONE', *, *, #4826, .F. ) ;
#1958 = LINE ( 'NONE', #3710, #7003 ) ;
#1959 = ADVANCED_FACE ( 'NONE', ( #4685 ), #1727, .T. ) ;
#1960 = EDGE_CURVE ( 'NONE', #3662, #6924, #1364, .T. ) ;
#1961 = FACE_OUTER_BOUND ( 'NONE', #3852, .T. ) ;
#1962 = SURFACE_STYLE_USAGE ( .BOTH. , #95 ) ;
#1963 = DIRECTION ( 'NONE',  ( 0.0000000000000000000, 0.0000000000000000000, -1.000000000000000000 ) ) ;
#1964 = ORIENTED_EDGE ( 'NONE', *, *, #6639, .F. ) ;
#1965 = FILL_AREA_STYLE_COLOUR ( '', #6784 ) ;
#1966 = EDGE_CURVE ( 'NONE', #3404, #703, #503, .T. ) ;
#1967 = DIRECTION ( 'NONE',  ( -0.0000000000000000000, -1.000000000000000000, -0.0000000000000000000 ) ) ;
#1968 = UNCERTAINTY_MEASURE_WITH_UNIT (LENGTH_MEASURE( 1.000000000000000082E-05 ), #5631, 'distance_accuracy_value', 'NONE');
#1969 =( GEOMETRIC_REPRESENTATION_CONTEXT ( 3 ) GLOBAL_UNCERTAINTY_ASSIGNED_CONTEXT ( ( #2349 ) ) GLOBAL_UNIT_ASSIGNED_CONTEXT ( ( #4933, #7315, #7161 ) ) REPRESENTATION_CONTEXT ( 'NONE', 'WORKASPACE' ) );
#1970 = LINE ( 'NONE', #7226, #1488 ) ;
#1971 = CARTESIAN_POINT ( 'NONE',  ( 0.1345639996639400038, 1.893690627588850095, -0.6172085837295689936 ) ) ;
#1972 = DIRECTION ( 'NONE',  ( 0.0000000000000000000, 0.0000000000000000000, 1.000000000000000000 ) ) ;
#1973 = VERTEX_POINT ( 'NONE', #1182 ) ;
#1974 = VECTOR ( 'NONE', #1373, 1000.000000000000000 ) ;
#1975 = VERTEX_POINT ( 'NONE', #532 ) ;
#1976 = PRESENTATION_LAYER_ASSIGNMENT (  '', '', ( #4392 ) ) ;
#1977 = DIRECTION ( 'NONE',  ( 0.0000000000000000000, 0.0000000000000000000, 1.000000000000000000 ) ) ;
#1978 = UNCERTAINTY_MEASURE_WITH_UNIT (LENGTH_MEASURE( 1.000000000000000082E-05 ), #6452, 'distance_accuracy_value', 'NONE');
#1979 = CARTESIAN_POINT ( 'NONE',  ( -0.8091253207244110124, 2.600000000000000533, -0.5429203673205099667 ) ) ;
#1980 = PRODUCT ( 'd3r', 'd3r', '', ( #5894 ) ) ;
#1981 = VECTOR ( 'NONE', #6319, 1000.000000000000000 ) ;
#1982 = VECTOR ( 'NONE', #2537, 1000.000000000000000 ) ;
#1983 =( NAMED_UNIT ( * ) PLANE_ANGLE_UNIT ( ) SI_UNIT ( $, .RADIAN. ) );
#1984 = DIRECTION ( 'NONE',  ( -1.000000000000000000, 0.0000000000000000000, 0.0000000000000000000 ) ) ;
#1985 = SURFACE_STYLE_FILL_AREA ( #6029 ) ;
#1986 = VERTEX_POINT ( 'NONE', #3588 ) ;
#1987 = VERTEX_POINT ( 'NONE', #2985 ) ;
#1988 = LINE ( 'NONE', #3808, #5395 ) ;
#1989 = LINE ( 'NONE', #6735, #1723 ) ;
#1990 =( GEOMETRIC_REPRESENTATION_CONTEXT ( 3 ) GLOBAL_UNCERTAINTY_ASSIGNED_CONTEXT ( ( #3647 ) ) GLOBAL_UNIT_ASSIGNED_CONTEXT ( ( #4128, #698, #4208 ) ) REPRESENTATION_CONTEXT ( 'NONE', 'WORKASPACE' ) );
#1991 =( GEOMETRIC_REPRESENTATION_CONTEXT ( 3 ) GLOBAL_UNCERTAINTY_ASSIGNED_CONTEXT ( ( #813 ) ) GLOBAL_UNIT_ASSIGNED_CONTEXT ( ( #1213, #5880, #4078 ) ) REPRESENTATION_CONTEXT ( 'NONE', 'WORKASPACE' ) );
#1992 = STYLED_ITEM ( 'NONE', ( #7397 ), #5441 ) ;
#1993 = CARTESIAN_POINT ( 'NONE',  ( 0.7802117184763890378, 3.329000000000000181, 0.0000000000000000000 ) ) ;
#1994 = DIRECTION ( 'NONE',  ( 0.0000000000000000000, 1.000000000000000000, 0.0000000000000000000 ) ) ;
#1995 = AXIS2_PLACEMENT_3D ( 'NONE', #6225, #301, #6777 ) ;
#1996 = CARTESIAN_POINT ( 'NONE',  ( -0.8091253207244089030, 4.799999999999999822, -0.04292036732051029979 ) ) ;
#1997 = CARTESIAN_POINT ( 'NONE',  ( -0.1528146411127589976, -1.523597468397799526, -0.5100289067571266433 ) ) ;
#1998 = FACE_OUTER_BOUND ( 'NONE', #3754, .T. ) ;
#1999 = COLOUR_RGB ( '',0.8666666666666666963, 0.8666666666666666963, 0.8666666666666666963 ) ;
#2000 = ORIENTED_EDGE ( 'NONE', *, *, #3119, .F. ) ;
#2001 = CARTESIAN_POINT ( 'NONE',  ( -0.8197882815236110510, 3.528999999999999471, -0.1429203673205100000 ) ) ;
#2002 = PRESENTATION_LAYER_ASSIGNMENT (  '', '', ( #6378 ) ) ;
#2003 = MECHANICAL_DESIGN_GEOMETRIC_PRESENTATION_REPRESENTATION (  '', ( #4291 ), #3966 ) ;
#2004 =( NAMED_UNIT ( * ) PLANE_ANGLE_UNIT ( ) SI_UNIT ( $, .RADIAN. ) );
#2005 = FACE_OUTER_BOUND ( 'NONE', #5688, .T. ) ;
#2006 = MECHANICAL_DESIGN_GEOMETRIC_PRESENTATION_REPRESENTATION (  '', ( #293 ), #178 ) ;
#2007 = EDGE_CURVE ( 'NONE', #2249, #7332, #613, .T. ) ;
#2008 = EDGE_CURVE ( 'NONE', #1780, #3942, #3929, .T. ) ;
#2009 = ORIENTED_EDGE ( 'NONE', *, *, #5626, .F. ) ;
#2010 = DIRECTION ( 'NONE',  ( 1.000000000000000000, -0.0000000000000000000, 0.0000000000000000000 ) ) ;
#2011 = CARTESIAN_POINT ( 'NONE',  ( -1.416579326567968034, 0.0000000000000000000, -3.741071428571428381 ) ) ;
#2012 = COLOUR_RGB ( '',0.8666666666666666963, 0.8666666666666666963, 0.8666666666666666963 ) ;
#2013 = LINE ( 'NONE', #5358, #5403 ) ;
#2014 = EDGE_CURVE ( 'NONE', #365, #713, #646, .T. ) ;
#2015 = ORIENTED_EDGE ( 'NONE', *, *, #1708, .T. ) ;
#2016 = MECHANICAL_DESIGN_GEOMETRIC_PRESENTATION_REPRESENTATION (  '', ( #1533 ), #7419 ) ;
#2017 = VERTEX_POINT ( 'NONE', #126 ) ;
#2018 = CARTESIAN_POINT ( 'NONE',  ( 0.0000000000000000000, 2.299999999999999822, -3.191000000000000281 ) ) ;
#2019 =( REPRESENTATION_RELATIONSHIP ('NONE','NONE', #5597, #2483 ) REPRESENTATION_RELATIONSHIP_WITH_TRANSFORMATION ( #54 )SHAPE_REPRESENTATION_RELATIONSHIP( ) );
#2020 = PLANE ( 'NONE',  #5161 ) ;
#2021 = FILL_AREA_STYLE ('',( #5481 ) ) ;
#2022 = VECTOR ( 'NONE', #1135, 1000.000000000000000 ) ;
#2023 = VECTOR ( 'NONE', #3192, 1000.000000000000000 ) ;
#2024 = SURFACE_STYLE_USAGE ( .BOTH. , #7278 ) ;
#2025 = PRESENTATION_STYLE_ASSIGNMENT (( #7166 ) ) ;
#2026 = CYLINDRICAL_SURFACE ( 'NONE', #555, 0.2000000000000000111 ) ;
#2027 = EDGE_CURVE ( 'NONE', #7181, #4593, #6875, .T. ) ;
#2028 = ORIENTED_EDGE ( 'NONE', *, *, #7111, .T. ) ;
#2029 = ORIENTED_EDGE ( 'NONE', *, *, #3529, .T. ) ;
#2030 = MECHANICAL_DESIGN_GEOMETRIC_PRESENTATION_REPRESENTATION (  '', ( #5790 ), #668 ) ;
#2031 = MECHANICAL_DESIGN_GEOMETRIC_PRESENTATION_REPRESENTATION (  '', ( #4561 ), #3857 ) ;
#2032 = FACE_OUTER_BOUND ( 'NONE', #6792, .T. ) ;
#2033 = DIRECTION ( 'NONE',  ( -1.000000000000000000, 0.0000000000000000000, 0.0000000000000000000 ) ) ;
#2034 = COLOUR_RGB ( '',0.8666666666666666963, 0.8666666666666666963, 0.8666666666666666963 ) ;
#2035 = CARTESIAN_POINT ( 'NONE',  ( 0.5000000000000003331, 3.000000000000000000, -3.061616997868387332E-17 ) ) ;
#2036 = LINE ( 'NONE', #4906, #542 ) ;
#2037 = DIRECTION ( 'NONE',  ( 0.0000000000000000000, -1.000000000000000000, -0.0000000000000000000 ) ) ;
#2038 = ORIENTED_EDGE ( 'NONE', *, *, #7474, .T. ) ;
#2039 = DIRECTION ( 'NONE',  ( -1.000000000000000000, 0.0000000000000000000, 0.0000000000000000000 ) ) ;
#2040 = AXIS2_PLACEMENT_3D ( 'NONE', #119, #6548, #2583 ) ;
#2041 = CARTESIAN_POINT ( 'NONE',  ( 0.1345639996639400038, 0.7936893203883490511, 0.0000000000000000000 ) ) ;
#2042 = CARTESIAN_POINT ( 'NONE',  ( -0.009125320724409885509, -0.5314590448382460197, -1.322858166896750065 ) ) ;
#2043 = CARTESIAN_POINT ( 'NONE',  ( 0.7908746792755909638, 2.600000000000000533, -0.6429203673205110547 ) ) ;
#2044 = EDGE_LOOP ( 'NONE', ( #6335, #2170, #5710, #3332 ) ) ;
#2045 = CARTESIAN_POINT ( 'NONE',  ( -0.3868562485163580256, 0.2287624091620329980, 0.02571178359094340032 ) ) ;
#2046 =( NAMED_UNIT ( * ) PLANE_ANGLE_UNIT ( ) SI_UNIT ( $, .RADIAN. ) );
#2047 = PRESENTATION_STYLE_ASSIGNMENT (( #7383 ) ) ;
#2048 = ADVANCED_FACE ( 'NONE', ( #1812 ), #2322, .F. ) ;
#2049 = PRESENTATION_STYLE_ASSIGNMENT (( #5000 ) ) ;
#2050 = ORIENTED_EDGE ( 'NONE', *, *, #5104, .F. ) ;
#2051 = ORIENTED_EDGE ( 'NONE', *, *, #5488, .T. ) ;
#2052 = CARTESIAN_POINT ( 'NONE',  ( -0.5000000000000000000, 0.2999999999999999889, -0.5000000000000000000 ) ) ;
#2053 = PRESENTATION_STYLE_ASSIGNMENT (( #2656 ) ) ;
#2054 = EDGE_CURVE ( 'NONE', #6700, #3634, #2484, .T. ) ;
#2055 = SURFACE_STYLE_FILL_AREA ( #2157 ) ;
#2056 = DIRECTION ( 'NONE',  ( -0.0000000000000000000, 0.4999999999999998335, 0.8660254037844387076 ) ) ;
#2057 = ORIENTED_EDGE ( 'NONE', *, *, #3474, .T. ) ;
#2058 = ORIENTED_EDGE ( 'NONE', *, *, #729, .F. ) ;
#2059 =( LENGTH_UNIT ( ) NAMED_UNIT ( * ) SI_UNIT ( .MILLI., .METRE. ) );
#2060 = CIRCLE ( 'NONE', #6955, 0.2000000000000000111 ) ;
#2061 = DIRECTION ( 'NONE',  ( 0.0000000000000000000, 0.0000000000000000000, -1.000000000000000000 ) ) ;
#2062 = EDGE_CURVE ( 'NONE', #5004, #6387, #6043, .T. ) ;
#2063 = CLOSED_SHELL ( 'NONE', ( #6075, #5073, #4962, #1004, #2271, #1358, #6653, #1912, #4083, #5685, #1959, #4488, #416, #5497, #4941, #6316, #5452, #6491, #2522, #4424, #4416, #6388, #1139, #726, #7458, #4916, #3835, #2791, #5215, #5917 ) ) ;
#2064 = DIRECTION ( 'NONE',  ( -1.000000000000000000, 0.0000000000000000000, 0.0000000000000000000 ) ) ;
#2065 = PRESENTATION_STYLE_ASSIGNMENT (( #4951 ) ) ;
#2066 = ORIENTED_EDGE ( 'NONE', *, *, #6016, .T. ) ;
#2067 = FILL_AREA_STYLE_COLOUR ( '', #275 ) ;
#2068 = LINE ( 'NONE', #6558, #4045 ) ;
#2069 = PLANE ( 'NONE',  #3078 ) ;
#2070 = LINE ( 'NONE', #5605, #2615 ) ;
#2071 = CARTESIAN_POINT ( 'NONE',  ( -0.009125320724409410195, -0.03145904483824792791, -0.4568327631123061949 ) ) ;
#2072 = DIRECTION ( 'NONE',  ( 0.0000000000000000000, 0.0000000000000000000, 1.000000000000000000 ) ) ;
#2073 = ORIENTED_EDGE ( 'NONE', *, *, #1201, .T. ) ;
#2074 = CARTESIAN_POINT ( 'NONE',  ( -0.7697882815236146703, 3.528999999999998582, -0.2989203673205043099 ) ) ;
#2075 = FILL_AREA_STYLE ('',( #7306 ) ) ;
#2076 = FILL_AREA_STYLE ('',( #3912 ) ) ;
#2077 = CARTESIAN_POINT ( 'NONE',  ( 0.0000000000000000000, 1.199999999999999956, 0.5000000000000000000 ) ) ;
#2078 = ORIENTED_EDGE ( 'NONE', *, *, #2381, .T. ) ;
#2079 = ORIENTED_EDGE ( 'NONE', *, *, #1556, .F. ) ;
#2080 = DIRECTION ( 'NONE',  ( -1.000000000000000000, 0.0000000000000000000, 0.0000000000000000000 ) ) ;
#2081 = FILL_AREA_STYLE_COLOUR ( '', #3575 ) ;
#2082 = AXIS2_PLACEMENT_3D ( 'NONE', #1336, #3809, #4332 ) ;
#2083 = LINE ( 'NONE', #7095, #6545 ) ;
#2084 = AXIS2_PLACEMENT_3D ( 'NONE', #2118, #1634, #6846 ) ;
#2085 = CARTESIAN_POINT ( 'NONE',  ( -1.500000000000000000, 0.0000000000000000000, 2.100000000000000089 ) ) ;
#2086 = EDGE_LOOP ( 'NONE', ( #6142, #4032, #4547, #4508, #1151, #3663 ) ) ;
#2087 = EDGE_CURVE ( 'NONE', #3662, #5478, #4912, .T. ) ;
#2088 = ORIENTED_EDGE ( 'NONE', *, *, #2087, .T. ) ;
#2089 = EDGE_CURVE ( 'NONE', #1079, #5567, #5464, .T. ) ;
#2090 = CARTESIAN_POINT ( 'NONE',  ( -0.7012016495210185996, 2.399999999999999911, 1.311532496930307712 ) ) ;
#2091 = SURFACE_STYLE_FILL_AREA ( #4292 ) ;
#2092 = VECTOR ( 'NONE', #2725, 1000.000000000000000 ) ;
#2093 = SURFACE_SIDE_STYLE ('',( #3968 ) ) ;
#2094 = STYLED_ITEM ( 'NONE', ( #4376 ), #6008 ) ;
#2095 =( LENGTH_UNIT ( ) NAMED_UNIT ( * ) SI_UNIT ( .MILLI., .METRE. ) );
#2096 = DIRECTION ( 'NONE',  ( 0.0000000000000000000, 1.000000000000000000, 0.0000000000000000000 ) ) ;
#2097 = DIRECTION ( 'NONE',  ( 0.0000000000000000000, 0.0000000000000000000, -1.000000000000000000 ) ) ;
#2098 = AXIS2_PLACEMENT_3D ( 'NONE', #836, #4954, #4870 ) ;
#2099 =( LENGTH_UNIT ( ) NAMED_UNIT ( * ) SI_UNIT ( .MILLI., .METRE. ) );
#2100 = ORIENTED_EDGE ( 'NONE', *, *, #5273, .F. ) ;
#2101 = STYLED_ITEM ( 'NONE', ( #7230 ), #1056 ) ;
#2102 = EDGE_CURVE ( 'NONE', #4818, #138, #7185, .T. ) ;
#2103 =( LENGTH_UNIT ( ) NAMED_UNIT ( * ) SI_UNIT ( .MILLI., .METRE. ) );
#2104 = FILL_AREA_STYLE ('',( #837 ) ) ;
#2105 = STYLED_ITEM ( 'NONE', ( #4676 ), #6280 ) ;
#2106 = SURFACE_STYLE_USAGE ( .BOTH. , #4379 ) ;
#2107 = AXIS2_PLACEMENT_3D ( 'NONE', #448, #3446, #5135 ) ;
#2108 = ORIENTED_EDGE ( 'NONE', *, *, #3782, .F. ) ;
#2109 = DIRECTION ( 'NONE',  ( -0.0000000000000000000, 1.000000000000000000, -0.0000000000000000000 ) ) ;
#2110 = FILL_AREA_STYLE_COLOUR ( '', #6747 ) ;
#2111 = DIRECTION ( 'NONE',  ( -1.000000000000000000, 0.0000000000000000000, -0.0000000000000000000 ) ) ;
#2112 = CIRCLE ( 'NONE', #7148, 1.000000000000000000 ) ;
#2113 = CARTESIAN_POINT ( 'NONE',  ( 0.0000000000000000000, 2.299999999999999822, -0.4909999999999999920 ) ) ;
#2114 =( NAMED_UNIT ( * ) SI_UNIT ( $, .STERADIAN. ) SOLID_ANGLE_UNIT ( ) );
#2115 = ORIENTED_EDGE ( 'NONE', *, *, #4450, .F. ) ;
#2116 = VERTEX_POINT ( 'NONE', #2001 ) ;
#2117 = MECHANICAL_DESIGN_GEOMETRIC_PRESENTATION_REPRESENTATION (  '', ( #4533 ), #1645 ) ;
#2118 = CARTESIAN_POINT ( 'NONE',  ( -0.3868562485163580256, 2.922498976444949825, 0.0000000000000000000 ) ) ;
#2119 = B_SPLINE_CURVE_WITH_KNOTS ( 'NONE', 3,
 ( #4190, #1210, #4115, #2435, #6460, #5876 ),
 .UNSPECIFIED., .F., .F.,
 ( 4, 2, 4 ),
 ( 0.0000000000000000000, 0.0005247439744265058881, 0.001049487948853011776 ),
 .UNSPECIFIED. ) ;
#2120 = UNCERTAINTY_MEASURE_WITH_UNIT (LENGTH_MEASURE( 1.000000000000000082E-05 ), #6741, 'distance_accuracy_value', 'NONE');
#2121 = DIRECTION ( 'NONE',  ( 0.0000000000000000000, -1.000000000000000000, -3.885780586188049864E-16 ) ) ;
#2122 = STYLED_ITEM ( 'NONE', ( #6863 ), #3131 ) ;
#2123 = FILL_AREA_STYLE_COLOUR ( '', #4564 ) ;
#2124 = ORIENTED_EDGE ( 'NONE', *, *, #7113, .F. ) ;
#2125 = EDGE_LOOP ( 'NONE', ( #1278, #6866, #3700, #5440, #455, #6134 ) ) ;
#2126 = PRESENTATION_STYLE_ASSIGNMENT (( #478 ) ) ;
#2127 = DIRECTION ( 'NONE',  ( 0.0000000000000000000, 0.0000000000000000000, 1.000000000000000000 ) ) ;
#2128 = PRODUCT_DEFINITION_CONTEXT ( 'detailed design', #5804, 'design' ) ;
#2129 = DIRECTION ( 'NONE',  ( -1.000000000000000000, 0.0000000000000000000, 0.0000000000000000000 ) ) ;
#2130 = EDGE_CURVE ( 'NONE', #1089, #997, #1958, .T. ) ;
#2131 = ADVANCED_FACE ( 'NONE', ( #5425 ), #2554, .F. ) ;
#2132 =( NAMED_UNIT ( * ) SI_UNIT ( $, .STERADIAN. ) SOLID_ANGLE_UNIT ( ) );
#2133 = COLOUR_RGB ( '',0.8666666666666666963, 0.8666666666666666963, 0.8666666666666666963 ) ;
#2134 = AXIS2_PLACEMENT_3D ( 'NONE', #3023, #4763, #4914 ) ;
#2135 = STYLED_ITEM ( 'NONE', ( #2025 ), #3495 ) ;
#2136 = EDGE_LOOP ( 'NONE', ( #6971, #6483, #226, #1315 ) ) ;
#2137 = PLANE ( 'NONE',  #4523 ) ;
#2138 = PLANE ( 'NONE',  #756 ) ;
#2139 = LINE ( 'NONE', #1384, #871 ) ;
#2140 = CARTESIAN_POINT ( 'NONE',  ( -1.396424004376893624, 2.399999999999999467, 0.5000000000000008882 ) ) ;
#2141 = DIRECTION ( 'NONE',  ( -0.0000000000000000000, -1.000000000000000000, 1.715124499442879932E-15 ) ) ;
#2142 = SURFACE_STYLE_FILL_AREA ( #529 ) ;
#2143 = STYLED_ITEM ( 'NONE', ( #1173 ), #5081 ) ;
#2144 = VECTOR ( 'NONE', #3170, 1000.000000000000000 ) ;
#2145 = MECHANICAL_DESIGN_GEOMETRIC_PRESENTATION_REPRESENTATION (  '', ( #5191 ), #6426 ) ;
#2146 = ORIENTED_EDGE ( 'NONE', *, *, #2828, .T. ) ;
#2147 = FILL_AREA_STYLE ('',( #3291 ) ) ;
#2148 = FILL_AREA_STYLE ('',( #1586 ) ) ;
#2149 = EDGE_CURVE ( 'NONE', #7377, #5647, #6710, .T. ) ;
#2150 = MECHANICAL_DESIGN_GEOMETRIC_PRESENTATION_REPRESENTATION (  '', ( #5558 ), #2263 ) ;
#2151 = DIRECTION ( 'NONE',  ( 0.0000000000000000000, -1.715124499442879932E-15, -1.000000000000000000 ) ) ;
#2152 = ORIENTED_EDGE ( 'NONE', *, *, #4063, .F. ) ;
#2153 = ORIENTED_EDGE ( 'NONE', *, *, #3585, .T. ) ;
#2154 = SURFACE_STYLE_USAGE ( .BOTH. , #1000 ) ;
#2155 = FILL_AREA_STYLE_COLOUR ( '', #5289 ) ;
#2156 =( NAMED_UNIT ( * ) PLANE_ANGLE_UNIT ( ) SI_UNIT ( $, .RADIAN. ) );
#2157 = FILL_AREA_STYLE ('',( #2694 ) ) ;
#2158 = PRODUCT ( 'd2', 'd2', '', ( #7072 ) ) ;
#2159 = FILL_AREA_STYLE_COLOUR ( '', #3433 ) ;
#2160 = DIRECTION ( 'NONE',  ( 0.0000000000000000000, -0.8660254037844398178, 0.4999999999999979461 ) ) ;
#2161 = CARTESIAN_POINT ( 'NONE',  ( 0.3472796854691360124, -1.902697942876718562, 0.5592926849650926568 ) ) ;
#2162 = CARTESIAN_POINT ( 'NONE',  ( 0.3472796854691360124, -5.551115123125779744E-16, 0.5000000000000000000 ) ) ;
#2163 = VERTEX_POINT ( 'NONE', #7334 ) ;
#2164 = ORIENTED_EDGE ( 'NONE', *, *, #90, .T. ) ;
#2165 = LINE ( 'NONE', #4586, #5998 ) ;
#2166 = FILL_AREA_STYLE_COLOUR ( '', #1513 ) ;
#2167 = CARTESIAN_POINT ( 'NONE',  ( 2.399999999999999911, 0.0000000000000000000, 1.800000000000000266 ) ) ;
#2168 = LINE ( 'NONE', #5716, #2871 ) ;
#2169 = CARTESIAN_POINT ( 'NONE',  ( 2.000000000000000000, 0.0000000000000000000, -3.000000000000000000 ) ) ;
#2170 = ORIENTED_EDGE ( 'NONE', *, *, #2149, .T. ) ;
#2171 = FILL_AREA_STYLE ('',( #4038 ) ) ;
#2172 = EDGE_CURVE ( 'NONE', #5453, #2774, #2068, .T. ) ;
#2173 = DIRECTION ( 'NONE',  ( 0.0000000000000000000, 0.0000000000000000000, -1.000000000000000000 ) ) ;
#2174 = CARTESIAN_POINT ( 'NONE',  ( 0.7802117184763890378, 3.528999999999999915, 3.486079632679489837 ) ) ;
#2175 = FILL_AREA_STYLE ('',( #5152 ) ) ;
#2176 = SURFACE_STYLE_FILL_AREA ( #3906 ) ;
#2177 = EDGE_CURVE ( 'NONE', #2952, #1089, #3627, .T. ) ;
#2178 = ORIENTED_EDGE ( 'NONE', *, *, #2087, .F. ) ;
#2179 = ADVANCED_FACE ( 'NONE', ( #6786 ), #2138, .F. ) ;
#2180 = PRESENTATION_STYLE_ASSIGNMENT (( #6797 ) ) ;
#2181 = DIRECTION ( 'NONE',  ( 0.0000000000000000000, 0.0000000000000000000, -1.000000000000000000 ) ) ;
#2182 = FILL_AREA_STYLE ('',( #427 ) ) ;
#2183 = CARTESIAN_POINT ( 'NONE',  ( 2.142428528562859924, 0.0000000000000000000, 2.100000000000000089 ) ) ;
#2184 =( LENGTH_UNIT ( ) NAMED_UNIT ( * ) SI_UNIT ( .MILLI., .METRE. ) );
#2185 = DIRECTION ( 'NONE',  ( -1.000000000000000000, 0.0000000000000000000, 0.0000000000000000000 ) ) ;
#2186 = EDGE_LOOP ( 'NONE', ( #2670, #4662, #2296, #2984 ) ) ;
#2187 = VERTEX_POINT ( 'NONE', #457 ) ;
#2188 = EDGE_CURVE ( 'NONE', #5347, #2187, #4886, .T. ) ;
#2189 = CARTESIAN_POINT ( 'NONE',  ( 0.5000000000000000000, 1.699999999999999956, 0.7874007874011811348 ) ) ;
#2190 = DIRECTION ( 'NONE',  ( 0.0000000000000000000, 0.0000000000000000000, -1.000000000000000000 ) ) ;
#2191 = DIRECTION ( 'NONE',  ( -0.0000000000000000000, 0.0000000000000000000, -1.000000000000000000 ) ) ;
#2192 = UNCERTAINTY_MEASURE_WITH_UNIT (LENGTH_MEASURE( 1.000000000000000082E-05 ), #7515, 'distance_accuracy_value', 'NONE');
#2193 = DIRECTION ( 'NONE',  ( -0.0000000000000000000, -0.0000000000000000000, 1.000000000000000000 ) ) ;
#2194 = DIRECTION ( 'NONE',  ( 0.0000000000000000000, 0.0000000000000000000, 1.000000000000000000 ) ) ;
#2195 = PLANE ( 'NONE',  #2634 ) ;
#2196 = ORIENTED_EDGE ( 'NONE', *, *, #2922, .T. ) ;
#2197 = ORIENTED_EDGE ( 'NONE', *, *, #5649, .F. ) ;
#2198 = FILL_AREA_STYLE ('',( #5713 ) ) ;
#2199 = CARTESIAN_POINT ( 'NONE',  ( -0.8091253207244090140, 5.900001307200500200, -0.8429203673205120095 ) ) ;
#2200 = DIRECTION ( 'NONE',  ( 1.000000000000000000, 0.0000000000000000000, -0.0000000000000000000 ) ) ;
#2201 = VECTOR ( 'NONE', #2574, 1000.000000000000000 ) ;
#2202 = CARTESIAN_POINT ( 'NONE',  ( 1.500000000000000222, 2.399999999999999911, 2.100000000000000089 ) ) ;
#2203 = CARTESIAN_POINT ( 'NONE',  ( 1.500000000000000000, -0.2999999999999999889, 4.283267841918040276E-17 ) ) ;
#2204 = PRESENTATION_STYLE_ASSIGNMENT (( #3350 ) ) ;
#2205 = ORIENTED_EDGE ( 'NONE', *, *, #4872, .F. ) ;
#2206 = STYLED_ITEM ( 'NONE', ( #6908 ), #1450 ) ;
#2207 =( LENGTH_UNIT ( ) NAMED_UNIT ( * ) SI_UNIT ( .MILLI., .METRE. ) );
#2208 = VECTOR ( 'NONE', #2492, 1000.000000000000000 ) ;
#2209 =( GEOMETRIC_REPRESENTATION_CONTEXT ( 3 ) GLOBAL_UNCERTAINTY_ASSIGNED_CONTEXT ( ( #4180 ) ) GLOBAL_UNIT_ASSIGNED_CONTEXT ( ( #2235, #6894, #479 ) ) REPRESENTATION_CONTEXT ( 'NONE', 'WORKASPACE' ) );
#2210 = SURFACE_STYLE_FILL_AREA ( #5038 ) ;
#2211 = EDGE_LOOP ( 'NONE', ( #3106, #3265 ) ) ;
#2212 = CARTESIAN_POINT ( 'NONE',  ( 0.4752165657325300163, -1.923597468397800103, 0.1827914162704240009 ) ) ;
#2213 = CARTESIAN_POINT ( 'NONE',  ( 0.7908746792755909638, 2.600000000000000533, -0.8429203673205106773 ) ) ;
#2214 = AXIS2_PLACEMENT_3D ( 'NONE', #486, #5252, #2671 ) ;
#2215 = VECTOR ( 'NONE', #6585, 1000.000000000000000 ) ;
#2216 = EDGE_CURVE ( 'NONE', #250, #3400, #6762, .T. ) ;
#2217 = CARTESIAN_POINT ( 'NONE',  ( 0.7908746792755899646, 0.7712388980384690118, -0.3429203673205120095 ) ) ;
#2218 = SURFACE_SIDE_STYLE ('',( #4183 ) ) ;
#2219 = EDGE_CURVE ( 'NONE', #7091, #7471, #23, .T. ) ;
#2220 = VECTOR ( 'NONE', #1295, 1000.000000000000000 ) ;
#2221 = ORIENTED_EDGE ( 'NONE', *, *, #5018, .F. ) ;
#2222 = VERTEX_POINT ( 'NONE', #5650 ) ;
#2223 = CYLINDRICAL_SURFACE ( 'NONE', #7256, 2.700000000000000178 ) ;
#2224 = FACE_OUTER_BOUND ( 'NONE', #1702, .T. ) ;
#2225 = COLOUR_RGB ( '',0.8666666666666666963, 0.8666666666666666963, 0.8666666666666666963 ) ;
#2226 = CARTESIAN_POINT ( 'NONE',  ( 0.4752165657325300163, -1.523597468397799526, -0.5100289067571216473 ) ) ;
#2227 = AXIS2_PLACEMENT_3D ( 'NONE', #2730, #2151, #4493 ) ;
#2228 = SURFACE_STYLE_FILL_AREA ( #4100 ) ;
#2229 = ADVANCED_FACE ( 'NONE', ( #3394 ), #5719, .F. ) ;
#2230 = DIRECTION ( 'NONE',  ( -1.000000000000000000, 0.0000000000000000000, 0.0000000000000000000 ) ) ;
#2231 = EDGE_LOOP ( 'NONE', ( #968, #1322, #7435, #5255 ) ) ;
#2232 = MECHANICAL_DESIGN_GEOMETRIC_PRESENTATION_REPRESENTATION (  '', ( #7522 ), #5035 ) ;
#2233 = ORIENTED_EDGE ( 'NONE', *, *, #2932, .F. ) ;
#2234 = CARTESIAN_POINT ( 'NONE',  ( 1.130211718476388905, 3.328999999999998405, -1.798920367320509195 ) ) ;
#2235 =( LENGTH_UNIT ( ) NAMED_UNIT ( * ) SI_UNIT ( .MILLI., .METRE. ) );
#2236 = DIRECTION ( 'NONE',  ( 0.0000000000000000000, 0.0000000000000000000, 1.000000000000000000 ) ) ;
#2237 = ADVANCED_FACE ( 'NONE', ( #1497, #907 ), #3250, .F. ) ;
#2238 = DIRECTION ( 'NONE',  ( 1.000000000000000000, -0.0000000000000000000, 0.0000000000000000000 ) ) ;
#2239 = ORIENTED_EDGE ( 'NONE', *, *, #5119, .F. ) ;
#2240 =( NAMED_UNIT ( * ) SI_UNIT ( $, .STERADIAN. ) SOLID_ANGLE_UNIT ( ) );
#2241 = ORIENTED_EDGE ( 'NONE', *, *, #2761, .T. ) ;
#2242 = VECTOR ( 'NONE', #3747, 1000.000000000000000 ) ;
#2243 = DIRECTION ( 'NONE',  ( 1.000000000000000000, 0.0000000000000000000, 0.0000000000000000000 ) ) ;
#2244 = PRESENTATION_LAYER_ASSIGNMENT (  '', '', ( #2753 ) ) ;
#2245 = PLANE ( 'NONE',  #7534 ) ;
#2246 = CARTESIAN_POINT ( 'NONE',  ( -0.01978828152361080187, 3.528999999999991477, -4.142920367320510167 ) ) ;
#2247 = SURFACE_STYLE_FILL_AREA ( #7461 ) ;
#2248 = FILL_AREA_STYLE_COLOUR ( '', #4565 ) ;
#2249 = VERTEX_POINT ( 'NONE', #6229 ) ;
#2250 = VECTOR ( 'NONE', #6726, 1000.000000000000000 ) ;
#2251 = MECHANICAL_DESIGN_GEOMETRIC_PRESENTATION_REPRESENTATION (  '', ( #5542 ), #1415 ) ;
#2252 = CARTESIAN_POINT ( 'NONE',  ( -0.8197882815236110510, 3.329000000000000181, -0.1429203673205090008 ) ) ;
#2253 = VECTOR ( 'NONE', #1836, 1000.000000000000000 ) ;
#2254 = AXIS2_PLACEMENT_3D ( 'NONE', #130, #2329, #7105 ) ;
#2255 = STYLED_ITEM ( 'NONE', ( #3511 ), #4239 ) ;
#2256 = DIRECTION ( 'NONE',  ( 0.0000000000000000000, 0.0000000000000000000, 1.000000000000000000 ) ) ;
#2257 = ORIENTED_EDGE ( 'NONE', *, *, #1012, .T. ) ;
#2258 = ORIENTED_EDGE ( 'NONE', *, *, #3619, .T. ) ;
#2259 = ADVANCED_FACE ( 'NONE', ( #7333 ), #2137, .F. ) ;
#2260 = EDGE_CURVE ( 'NONE', #3925, #2397, #1459, .T. ) ;
#2261 = MECHANICAL_DESIGN_GEOMETRIC_PRESENTATION_REPRESENTATION (  '', ( #6815 ), #3481 ) ;
#2262 = PRESENTATION_LAYER_ASSIGNMENT (  '', '', ( #5931 ) ) ;
#2263 =( GEOMETRIC_REPRESENTATION_CONTEXT ( 3 ) GLOBAL_UNCERTAINTY_ASSIGNED_CONTEXT ( ( #3269 ) ) GLOBAL_UNIT_ASSIGNED_CONTEXT ( ( #3989, #5159, #7493 ) ) REPRESENTATION_CONTEXT ( 'NONE', 'WORKASPACE' ) );
#2264 = UNCERTAINTY_MEASURE_WITH_UNIT (LENGTH_MEASURE( 1.000000000000000082E-05 ), #4378, 'distance_accuracy_value', 'NONE');
#2265 =( NAMED_UNIT ( * ) SI_UNIT ( $, .STERADIAN. ) SOLID_ANGLE_UNIT ( ) );
#2266 =( NAMED_UNIT ( * ) PLANE_ANGLE_UNIT ( ) SI_UNIT ( $, .RADIAN. ) );
#2267 = EDGE_LOOP ( 'NONE', ( #6907, #3740, #7074, #2676 ) ) ;
#2268 = DIRECTION ( 'NONE',  ( 0.0000000000000000000, 1.000000000000000000, 0.0000000000000000000 ) ) ;
#2269 = LINE ( 'NONE', #5296, #5248 ) ;
#2270 = UNCERTAINTY_MEASURE_WITH_UNIT (LENGTH_MEASURE( 1.000000000000000082E-05 ), #45, 'distance_accuracy_value', 'NONE');
#2271 = ADVANCED_FACE ( 'NONE', ( #3315 ), #4207, .T. ) ;
#2272 = DIRECTION ( 'NONE',  ( 0.0000000000000000000, 1.000000000000000000, 0.0000000000000000000 ) ) ;
#2273 = AXIS2_PLACEMENT_3D ( 'NONE', #7570, #1589, #5662 ) ;
#2274 = ORIENTED_EDGE ( 'NONE', *, *, #6477, .T. ) ;
#2275 = LINE ( 'NONE', #5102, #4559 ) ;
#2276 = SURFACE_STYLE_USAGE ( .BOTH. , #3283 ) ;
#2277 = EDGE_LOOP ( 'NONE', ( #1597, #2579, #6959, #3451 ) ) ;
#2278 = PLANE ( 'NONE',  #6641 ) ;
#2279 = EDGE_CURVE ( 'NONE', #7449, #6072, #1543, .T. ) ;
#2280 = CARTESIAN_POINT ( 'NONE',  ( 0.3472796854691360124, -0.2500000000000008882, 0.06698729810778071558 ) ) ;
#2281 = CARTESIAN_POINT ( 'NONE',  ( -0.009125320724409207232, 1.664928218426819928, -0.6429203673205110547 ) ) ;
#2282 = CARTESIAN_POINT ( 'NONE',  ( 0.7802117184763890378, 2.686465021920419805, 0.2000000000000000111 ) ) ;
#2283 = CARTESIAN_POINT ( 'NONE',  ( 0.7802117184763890378, 3.329000000000000181, -0.1429203673205090008 ) ) ;
#2284 = ORIENTED_EDGE ( 'NONE', *, *, #5505, .F. ) ;
#2285 = PRESENTATION_LAYER_ASSIGNMENT (  '', '', ( #4474 ) ) ;
#2286 =( NAMED_UNIT ( * ) PLANE_ANGLE_UNIT ( ) SI_UNIT ( $, .RADIAN. ) );
#2287 = CARTESIAN_POINT ( 'NONE',  ( 0.8618046937198200474, -1.802697942876719583, 0.3860876042082057591 ) ) ;
#2288 = FILL_AREA_STYLE_COLOUR ( '', #322 ) ;
#2289 = PRESENTATION_STYLE_ASSIGNMENT (( #7432 ) ) ;
#2290 = CARTESIAN_POINT ( 'NONE',  ( -9.876191273846291637E-17, 5.299999999999999822, 1.749928571428569946 ) ) ;
#2291 = EDGE_LOOP ( 'NONE', ( #5361, #3949, #5943, #3101 ) ) ;
#2292 =( NAMED_UNIT ( * ) SI_UNIT ( $, .STERADIAN. ) SOLID_ANGLE_UNIT ( ) );
#2293 = PRESENTATION_STYLE_ASSIGNMENT (( #7573 ) ) ;
#2294 = CARTESIAN_POINT ( 'NONE',  ( 0.7802117184763890378, 3.329000000000009951, 3.486079632679489837 ) ) ;
#2295 = ORIENTED_EDGE ( 'NONE', *, *, #2260, .T. ) ;
#2296 = ORIENTED_EDGE ( 'NONE', *, *, #880, .T. ) ;
#2297 = CARTESIAN_POINT ( 'NONE',  ( -0.009125320724409342540, 1.664928218426819928, -0.6429203673205130531 ) ) ;
#2298 = FILL_AREA_STYLE ('',( #2166 ) ) ;
#2299 = CARTESIAN_POINT ( 'NONE',  ( -0.8091253207244090140, 4.800000000000009592, 4.163390312291140205 ) ) ;
#2300 = DIRECTION ( 'NONE',  ( 0.0000000000000000000, 0.0000000000000000000, 1.000000000000000000 ) ) ;
#2301 = SURFACE_STYLE_USAGE ( .BOTH. , #3417 ) ;
#2302 = ORIENTED_EDGE ( 'NONE', *, *, #5463, .T. ) ;
#2303 = EDGE_CURVE ( 'NONE', #4060, #4050, #4052, .T. ) ;
#2304 = CARTESIAN_POINT ( 'NONE',  ( -0.2033222650199839887, 2.073642115736349822, 0.4000000000000000222 ) ) ;
#2305 = CARTESIAN_POINT ( 'NONE',  ( -0.009125320724409736323, 0.06854095516175315317, -0.2836276823554192417 ) ) ;
#2306 = MECHANICAL_DESIGN_GEOMETRIC_PRESENTATION_REPRESENTATION (  '', ( #5604 ), #1848 ) ;
#2307 = ADVANCED_FACE ( 'NONE', ( #4638 ), #5833, .F. ) ;
#2308 = EDGE_LOOP ( 'NONE', ( #5132, #1874 ) ) ;
#2309 = ORIENTED_EDGE ( 'NONE', *, *, #4991, .F. ) ;
#2310 = DIRECTION ( 'NONE',  ( 1.000000000000000000, 0.0000000000000000000, -0.0000000000000000000 ) ) ;
#2311 = COLOUR_RGB ( '',0.8666666666666666963, 0.8666666666666666963, 0.8666666666666666963 ) ;
#2312 = FACE_OUTER_BOUND ( 'NONE', #5525, .T. ) ;
#2313 = FILL_AREA_STYLE ('',( #1174 ) ) ;
#2314 = PRESENTATION_STYLE_ASSIGNMENT (( #596 ) ) ;
#2315 =( LENGTH_UNIT ( ) NAMED_UNIT ( * ) SI_UNIT ( .MILLI., .METRE. ) );
#2316 = EDGE_CURVE ( 'NONE', #1306, #5094, #4521, .T. ) ;
#2317 =( NAMED_UNIT ( * ) SI_UNIT ( $, .STERADIAN. ) SOLID_ANGLE_UNIT ( ) );
#2318 = PRESENTATION_LAYER_ASSIGNMENT (  '', '', ( #376 ) ) ;
#2319 = STYLED_ITEM ( 'NONE', ( #2126 ), #819 ) ;
#2320 = VECTOR ( 'NONE', #6401, 1000.000000000000000 ) ;
#2321 = ORIENTED_EDGE ( 'NONE', *, *, #5328, .T. ) ;
#2322 = PLANE ( 'NONE',  #1108 ) ;
#2323 = CARTESIAN_POINT ( 'NONE',  ( 1.848138122877330052E-16, 2.399999999999999911, 1.800000000000000266 ) ) ;
#2324 = VECTOR ( 'NONE', #3729, 1000.000000000000000 ) ;
#2325 =( LENGTH_UNIT ( ) NAMED_UNIT ( * ) SI_UNIT ( .MILLI., .METRE. ) );
#2326 = DIRECTION ( 'NONE',  ( -7.133526570659016373E-17, 0.0000000000000000000, -1.000000000000000000 ) ) ;
#2327 = CARTESIAN_POINT ( 'NONE',  ( -0.01978828152361080187, 3.528999999999995474, -1.798920367320509639 ) ) ;
#2328 = EDGE_CURVE ( 'NONE', #4577, #960, #1059, .T. ) ;
#2329 = DIRECTION ( 'NONE',  ( 0.0000000000000000000, 1.000000000000000000, 0.0000000000000000000 ) ) ;
#2330 = SURFACE_SIDE_STYLE ('',( #6242 ) ) ;
#2331 = COLOUR_RGB ( '',1.000000000000000000, 1.000000000000000000, 1.000000000000000000 ) ;
#2332 = ORIENTED_EDGE ( 'NONE', *, *, #5404, .T. ) ;
#2333 = PRESENTATION_LAYER_ASSIGNMENT (  '', '', ( #5509 ) ) ;
#2334 = DIRECTION ( 'NONE',  ( 0.0000000000000000000, 0.0000000000000000000, -1.000000000000000000 ) ) ;
#2335 = UNCERTAINTY_MEASURE_WITH_UNIT (LENGTH_MEASURE( 1.000000000000000082E-05 ), #7525, 'distance_accuracy_value', 'NONE');
#2336 = DIRECTION ( 'NONE',  ( 0.0000000000000000000, -1.000000000000000000, -0.0000000000000000000 ) ) ;
#2337 = PRESENTATION_LAYER_ASSIGNMENT (  '', '', ( #7264 ) ) ;
#2338 = DIRECTION ( 'NONE',  ( 0.0000000000000000000, 0.0000000000000000000, 1.000000000000000000 ) ) ;
#2339 = PRESENTATION_LAYER_ASSIGNMENT (  '', '', ( #3316 ) ) ;
#2340 =( NAMED_UNIT ( * ) SI_UNIT ( $, .STERADIAN. ) SOLID_ANGLE_UNIT ( ) );
#2341 = VERTEX_POINT ( 'NONE', #6268 ) ;
#2342 = EDGE_LOOP ( 'NONE', ( #3916, #100, #854, #2000 ) ) ;
#2343 = CARTESIAN_POINT ( 'NONE',  ( 0.0000000000000000000, 2.000000000000000000, -0.2410714285714279925 ) ) ;
#2344 = AXIS2_PLACEMENT_3D ( 'NONE', #6190, #3237, #2127 ) ;
#2345 = LINE ( 'NONE', #3490, #1252 ) ;
#2346 = CARTESIAN_POINT ( 'NONE',  ( 0.4395356215117700027, -0.5314590448382480181, -1.322858166896750065 ) ) ;
#2347 = PRESENTATION_STYLE_ASSIGNMENT (( #5298 ) ) ;
#2348 = VECTOR ( 'NONE', #500, 1000.000000000000000 ) ;
#2349 = UNCERTAINTY_MEASURE_WITH_UNIT (LENGTH_MEASURE( 1.000000000000000082E-05 ), #4933, 'distance_accuracy_value', 'NONE');
#2350 = LINE ( 'NONE', #4589, #3758 ) ;
#2351 = ORIENTED_EDGE ( 'NONE', *, *, #5162, .T. ) ;
#2352 =( GEOMETRIC_REPRESENTATION_CONTEXT ( 3 ) GLOBAL_UNCERTAINTY_ASSIGNED_CONTEXT ( ( #5937 ) ) GLOBAL_UNIT_ASSIGNED_CONTEXT ( ( #251, #3796, #6096 ) ) REPRESENTATION_CONTEXT ( 'NONE', 'WORKASPACE' ) );
#2353 = DIRECTION ( 'NONE',  ( 1.000000000000000000, -0.0000000000000000000, -0.0000000000000000000 ) ) ;
#2354 = FILL_AREA_STYLE ('',( #629 ) ) ;
#2355 = ORIENTED_EDGE ( 'NONE', *, *, #2414, .F. ) ;
#2356 = EDGE_LOOP ( 'NONE', ( #6215, #7106, #239, #4622 ) ) ;
#2357 = DIRECTION ( 'NONE',  ( 0.0000000000000000000, -1.000000000000000000, 5.551115123125780237E-17 ) ) ;
#2358 = ADVANCED_FACE ( 'NONE', ( #1017 ), #2278, .T. ) ;
#2359 = EDGE_CURVE ( 'NONE', #471, #2654, #6259, .T. ) ;
#2360 = CARTESIAN_POINT ( 'NONE',  ( 0.0000000000000000000, 2.299999999999999822, -0.4909999999999999920 ) ) ;
#2361 = DIRECTION ( 'NONE',  ( 0.0000000000000000000, -1.000000000000000000, -8.881784197001250351E-16 ) ) ;
#2362 = CARTESIAN_POINT ( 'NONE',  ( 0.7908746792755909638, 5.671238898038470033, 4.114159265358980910 ) ) ;
#2363 = CARTESIAN_POINT ( 'NONE',  ( 0.9698542618854625319, 3.329000000000000625, -1.798920367320508307 ) ) ;
#2364 = CARTESIAN_POINT ( 'NONE',  ( 0.0000000000000000000, 2.000000000000000000, -0.2410714285714279925 ) ) ;
#2365 = PRESENTATION_STYLE_ASSIGNMENT (( #231 ) ) ;
#2366 = COLOUR_RGB ( '',0.0000000000000000000, 0.0000000000000000000, 1.000000000000000000 ) ;
#2367 = ORIENTED_EDGE ( 'NONE', *, *, #4704, .F. ) ;
#2368 = DIRECTION ( 'NONE',  ( 1.000000000000000000, 0.0000000000000000000, 0.0000000000000000000 ) ) ;
#2369 = ADVANCED_FACE ( 'NONE', ( #2933 ), #6972, .F. ) ;
#2370 = AXIS2_PLACEMENT_3D ( 'NONE', #1175, #6380, #1134 ) ;
#2371 = FILL_AREA_STYLE_COLOUR ( '', #508 ) ;
#2372 = DIRECTION ( 'NONE',  ( -0.0000000000000000000, -1.715124499442879932E-15, 1.000000000000000000 ) ) ;
#2373 = DIRECTION ( 'NONE',  ( 0.0000000000000000000, -1.000000000000000000, 1.715124499442879932E-15 ) ) ;
#2374 = CARTESIAN_POINT ( 'NONE',  ( 0.7908746792755909638, 2.899999999999997247, -0.5429203673205097447 ) ) ;
#2375 = VECTOR ( 'NONE', #6344, 1000.000000000000000 ) ;
#2376 = COLOUR_RGB ( '',1.000000000000000000, 1.000000000000000000, 1.000000000000000000 ) ;
#2377 = VECTOR ( 'NONE', #4367, 1000.000000000000000 ) ;
#2378 = ORIENTED_EDGE ( 'NONE', *, *, #6488, .T. ) ;
#2379 =( NAMED_UNIT ( * ) SI_UNIT ( $, .STERADIAN. ) SOLID_ANGLE_UNIT ( ) );
#2380 = SURFACE_STYLE_FILL_AREA ( #3480 ) ;
#2381 = EDGE_CURVE ( 'NONE', #4836, #4942, #1335, .T. ) ;
#2382 = LINE ( 'NONE', #179, #2208 ) ;
#2383 = PRESENTATION_LAYER_ASSIGNMENT (  '', '', ( #1156 ) ) ;
#2384 = CIRCLE ( 'NONE', #5188, 0.5000000000000000000 ) ;
#2385 = MECHANICAL_DESIGN_GEOMETRIC_PRESENTATION_REPRESENTATION (  '', ( #2255 ), #1032 ) ;
#2386 = DIRECTION ( 'NONE',  ( -0.0000000000000000000, 0.4999999999999990563, 0.8660254037844391517 ) ) ;
#2387 = VERTEX_POINT ( 'NONE', #1209 ) ;
#2388 = ORIENTED_EDGE ( 'NONE', *, *, #2328, .F. ) ;
#2389 = VECTOR ( 'NONE', #6054, 1000.000000000000000 ) ;
#2390 = VECTOR ( 'NONE', #4486, 1000.000000000000000 ) ;
#2391 = CIRCLE ( 'NONE', #4804, 1.519868415357066072 ) ;
#2392 = CARTESIAN_POINT ( 'NONE',  ( -0.8091253207244089030, 5.900001307200500200, 0.0000000000000000000 ) ) ;
#2393 = DIRECTION ( 'NONE',  ( -0.0000000000000000000, -1.715124499442879932E-15, -1.000000000000000000 ) ) ;
#2394 = CARTESIAN_POINT ( 'NONE',  ( -0.009125320724409993062, -1.923597468397800103, 0.1827914162704240009 ) ) ;
#2395 = SURFACE_SIDE_STYLE ('',( #6416 ) ) ;
#2396 = COLOUR_RGB ( '',0.8666666666666666963, 0.8666666666666666963, 0.8666666666666666963 ) ;
#2397 = VERTEX_POINT ( 'NONE', #2471 ) ;
#2398 = CARTESIAN_POINT ( 'NONE',  ( 0.0000000000000000000, 2.000000000000000000, 2.759000000000000341 ) ) ;
#2399 = VERTEX_POINT ( 'NONE', #4674 ) ;
#2400 = DIRECTION ( 'NONE',  ( 0.0000000000000000000, 0.0000000000000000000, 1.000000000000000000 ) ) ;
#2401 = CARTESIAN_POINT ( 'NONE',  ( 0.0000000000000000000, 0.0000000000000000000, 0.0000000000000000000 ) ) ;
#2402 = DIRECTION ( 'NONE',  ( 1.000000000000000000, 0.0000000000000000000, 0.0000000000000000000 ) ) ;
#2403 = PRESENTATION_STYLE_ASSIGNMENT (( #86 ) ) ;
#2404 = SURFACE_STYLE_FILL_AREA ( #2981 ) ;
#2405 = FILL_AREA_STYLE ('',( #5450 ) ) ;
#2406 = ORIENTED_EDGE ( 'NONE', *, *, #1556, .T. ) ;
#2407 = ADVANCED_FACE ( 'NONE', ( #5875 ), #5900, .F. ) ;
#2408 = ORIENTED_EDGE ( 'NONE', *, *, #5454, .F. ) ;
#2409 = FILL_AREA_STYLE_COLOUR ( '', #3070 ) ;
#2410 = CARTESIAN_POINT ( 'NONE',  ( 0.7908746792755910748, 5.900001307200509970, -0.6172085837295708810 ) ) ;
#2411 = CARTESIAN_POINT ( 'NONE',  ( -0.8091253207244090140, 0.8712388980384689896, -0.8858407346410179795 ) ) ;
#2412 = EDGE_CURVE ( 'NONE', #7087, #1915, #7132, .T. ) ;
#2413 = APPLICATION_PROTOCOL_DEFINITION ( 'draft international standard', 'automotive_design', 1998, #3561 ) ;
#2414 = EDGE_CURVE ( 'NONE', #1838, #2927, #3617, .T. ) ;
#2415 = PRESENTATION_LAYER_ASSIGNMENT (  '', '', ( #3387 ) ) ;
#2416 = VERTEX_POINT ( 'NONE', #153 ) ;
#2417 = SURFACE_STYLE_FILL_AREA ( #3716 ) ;
#2418 = CARTESIAN_POINT ( 'NONE',  ( 0.7908746792755909638, 2.899999999999999911, -1.949231046932160094 ) ) ;
#2419 =( NAMED_UNIT ( * ) SI_UNIT ( $, .STERADIAN. ) SOLID_ANGLE_UNIT ( ) );
#2420 = UNCERTAINTY_MEASURE_WITH_UNIT (LENGTH_MEASURE( 1.000000000000000082E-05 ), #1890, 'distance_accuracy_value', 'NONE');
#2421 = SURFACE_STYLE_FILL_AREA ( #814 ) ;
#2422 = CIRCLE ( 'NONE', #950, 2.700000000000000178 ) ;
#2423 = DIRECTION ( 'NONE',  ( 0.0000000000000000000, -3.885780586188049864E-16, 1.000000000000000000 ) ) ;
#2424 = EDGE_CURVE ( 'NONE', #6050, #4288, #4284, .T. ) ;
#2425 = ORIENTED_EDGE ( 'NONE', *, *, #4399, .F. ) ;
#2426 = DIRECTION ( 'NONE',  ( 1.000000000000000000, -0.0000000000000000000, -0.0000000000000000000 ) ) ;
#2427 =( LENGTH_UNIT ( ) NAMED_UNIT ( * ) SI_UNIT ( .MILLI., .METRE. ) );
#2428 = UNCERTAINTY_MEASURE_WITH_UNIT (LENGTH_MEASURE( 1.000000000000000082E-05 ), #7527, 'distance_accuracy_value', 'NONE');
#2429 =( NAMED_UNIT ( * ) PLANE_ANGLE_UNIT ( ) SI_UNIT ( $, .RADIAN. ) );
#2430 = LINE ( 'NONE', #4743, #1946 ) ;
#2431 = DIRECTION ( 'NONE',  ( 0.0000000000000000000, -1.000000000000000000, -0.0000000000000000000 ) ) ;
#2432 = CARTESIAN_POINT ( 'NONE',  ( 0.0000000000000000000, 0.0000000000000000000, -0.2410714285714279925 ) ) ;
#2433 = ORIENTED_EDGE ( 'NONE', *, *, #3911, .F. ) ;
#2434 = ORIENTED_EDGE ( 'NONE', *, *, #2062, .F. ) ;
#2435 = CARTESIAN_POINT ( 'NONE',  ( 0.1745258553735685725, 1.699999999999999512, -0.9328678758844586305 ) ) ;
#2436 = FACE_OUTER_BOUND ( 'NONE', #2267, .T. ) ;
#2437 = CARTESIAN_POINT ( 'NONE',  ( 0.2680751308898460250, 0.5212388980384697890, -0.7759330692127318629 ) ) ;
#2438 = CARTESIAN_POINT ( 'NONE',  ( -0.8091253207244085699, -1.523597468397800858, -0.5100289067571265322 ) ) ;
#2439 = CARTESIAN_POINT ( 'NONE',  ( -1.169788281523610030, 3.328999999999996184, -4.098920367320510572 ) ) ;
#2440 = ORIENTED_EDGE ( 'NONE', *, *, #3878, .F. ) ;
#2441 = ORIENTED_EDGE ( 'NONE', *, *, #4826, .T. ) ;
#2442 = SURFACE_STYLE_FILL_AREA ( #2872 ) ;
#2443 = DIRECTION ( 'NONE',  ( 0.0000000000000000000, -1.000000000000000000, -0.0000000000000000000 ) ) ;
#2444 = MECHANICAL_DESIGN_GEOMETRIC_PRESENTATION_REPRESENTATION (  '', ( #141 ), #1969 ) ;
#2445 = PRESENTATION_STYLE_ASSIGNMENT (( #1817 ) ) ;
#2446 = PRODUCT_CONTEXT ( 'NONE', #6211, 'mechanical' ) ;
#2447 = ORIENTED_EDGE ( 'NONE', *, *, #3019, .T. ) ;
#2448 = LINE ( 'NONE', #2561, #891 ) ;
#2449 = COLOUR_RGB ( '',0.0000000000000000000, 0.0000000000000000000, 1.000000000000000000 ) ;
#2450 = VECTOR ( 'NONE', #6286, 1000.000000000000000 ) ;
#2451 = ADVANCED_FACE ( 'NONE', ( #6819 ), #1411, .T. ) ;
#2452 = LINE ( 'NONE', #1229, #4033 ) ;
#2453 = SURFACE_STYLE_FILL_AREA ( #3565 ) ;
#2454 = VECTOR ( 'NONE', #3963, 1000.000000000000000 ) ;
#2455 = SURFACE_SIDE_STYLE ('',( #137 ) ) ;
#2456 = ORIENTED_EDGE ( 'NONE', *, *, #3527, .F. ) ;
#2457 = VECTOR ( 'NONE', #7144, 1000.000000000000000 ) ;
#2458 = VERTEX_POINT ( 'NONE', #3775 ) ;
#2459 = LINE ( 'NONE', #4176, #4529 ) ;
#2460 = PRESENTATION_LAYER_ASSIGNMENT (  '', '', ( #3196 ) ) ;
#2461 = EDGE_CURVE ( 'NONE', #6456, #875, #4363, .T. ) ;
#2462 = CARTESIAN_POINT ( 'NONE',  ( 0.7908746792755910748, 2.699999999999998401, -4.195962738671178249E-16 ) ) ;
#2463 = COLOUR_RGB ( '',0.8666666666666666963, 0.8666666666666666963, 0.8666666666666666963 ) ;
#2464 = MECHANICAL_DESIGN_GEOMETRIC_PRESENTATION_REPRESENTATION (  '', ( #1868 ), #4280 ) ;
#2465 = CARTESIAN_POINT ( 'NONE',  ( -0.8091253207244100132, 2.899999999999999911, -1.949231046932160094 ) ) ;
#2466 = CARTESIAN_POINT ( 'NONE',  ( 2.299999999999999822, 2.399999999999999911, 0.5000000000000000000 ) ) ;
#2467 = ORIENTED_EDGE ( 'NONE', *, *, #2461, .T. ) ;
#2468 = COLOUR_RGB ( '',1.000000000000000000, 1.000000000000000000, 1.000000000000000000 ) ;
#2469 = VERTEX_POINT ( 'NONE', #3741 ) ;
#2470 =( GEOMETRIC_REPRESENTATION_CONTEXT ( 3 ) GLOBAL_UNCERTAINTY_ASSIGNED_CONTEXT ( ( #1968 ) ) GLOBAL_UNIT_ASSIGNED_CONTEXT ( ( #5631, #201, #1007 ) ) REPRESENTATION_CONTEXT ( 'NONE', 'WORKASPACE' ) );
#2471 = CARTESIAN_POINT ( 'NONE',  ( -0.8197882815236110510, 0.0000000000000000000, 0.0000000000000000000 ) ) ;
#2472 = EDGE_CURVE ( 'NONE', #7332, #6228, #1988, .T. ) ;
#2473 = DIRECTION ( 'NONE',  ( 0.0000000000000000000, -1.000000000000000000, 0.0000000000000000000 ) ) ;
#2474 = CIRCLE ( 'NONE', #37, 1.000000000000000000 ) ;
#2475 =( NAMED_UNIT ( * ) SI_UNIT ( $, .STERADIAN. ) SOLID_ANGLE_UNIT ( ) );
#2476 = DIRECTION ( 'NONE',  ( 0.0000000000000000000, 0.0000000000000000000, -1.000000000000000000 ) ) ;
#2477 = MECHANICAL_DESIGN_GEOMETRIC_PRESENTATION_REPRESENTATION (  '', ( #3823 ), #523 ) ;
#2478 =( NAMED_UNIT ( * ) PLANE_ANGLE_UNIT ( ) SI_UNIT ( $, .RADIAN. ) );
#2479 = CARTESIAN_POINT ( 'NONE',  ( -0.8091253207244090140, 0.5212388980384702331, -0.7759330692127349716 ) ) ;
#2480 = PLANE ( 'NONE',  #6611 ) ;
#2481 = VERTEX_POINT ( 'NONE', #6106 ) ;
#2482 = ORIENTED_EDGE ( 'NONE', *, *, #5693, .T. ) ;
#2483 = SHAPE_REPRESENTATION ( 'd1', ( #5078 ), #3876 ) ;
#2484 = LINE ( 'NONE', #167, #3075 ) ;
#2485 = LINE ( 'NONE', #769, #5878 ) ;
#2486 = CARTESIAN_POINT ( 'NONE',  ( 3.250000000000000444, 0.0000000000000000000, -3.741071428571430602 ) ) ;
#2487 = ORIENTED_EDGE ( 'NONE', *, *, #2130, .T. ) ;
#2488 = FILL_AREA_STYLE ('',( #6523 ) ) ;
#2489 = VECTOR ( 'NONE', #4298, 1000.000000000000000 ) ;
#2490 = SURFACE_STYLE_USAGE ( .BOTH. , #3677 ) ;
#2491 = UNCERTAINTY_MEASURE_WITH_UNIT (LENGTH_MEASURE( 1.000000000000000082E-05 ), #335, 'distance_accuracy_value', 'NONE');
#2492 = DIRECTION ( 'NONE',  ( -1.000000000000000000, 0.0000000000000000000, -0.0000000000000000000 ) ) ;
#2493 = PLANE ( 'NONE',  #3098 ) ;
#2494 = VECTOR ( 'NONE', #6496, 1000.000000000000000 ) ;
#2495 = VECTOR ( 'NONE', #3134, 1000.000000000000000 ) ;
#2496 = EDGE_LOOP ( 'NONE', ( #7118, #5166, #5619, #7529, #3567, #6817, #1333, #6350, #7218, #2302 ) ) ;
#2497 = ADVANCED_FACE ( 'NONE', ( #4981 ), #3858, .F. ) ;
#2498 = LINE ( 'NONE', #1399, #1982 ) ;
#2499 = LINE ( 'NONE', #1440, #7237 ) ;
#2500 = CIRCLE ( 'NONE', #5782, 0.09999999999999999167 ) ;
#2501 = PRESENTATION_LAYER_ASSIGNMENT (  '', '', ( #5792 ) ) ;
#2502 = UNCERTAINTY_MEASURE_WITH_UNIT (LENGTH_MEASURE( 1.000000000000000082E-05 ), #1767, 'distance_accuracy_value', 'NONE');
#2503 = CARTESIAN_POINT ( 'NONE',  ( 1.848138122877330052E-16, 2.399999999999999911, 1.600000000000000089 ) ) ;
#2504 = FILL_AREA_STYLE ('',( #749 ) ) ;
#2505 = ORIENTED_EDGE ( 'NONE', *, *, #3637, .T. ) ;
#2506 = FILL_AREA_STYLE ('',( #193 ) ) ;
#2507 = CARTESIAN_POINT ( 'NONE',  ( -0.3868562485163579701, -2.694836366436270225, 0.2257117835909438486 ) ) ;
#2508 = ORIENTED_EDGE ( 'NONE', *, *, #4408, .F. ) ;
#2509 =( GEOMETRIC_REPRESENTATION_CONTEXT ( 3 ) GLOBAL_UNCERTAINTY_ASSIGNED_CONTEXT ( ( #5775 ) ) GLOBAL_UNIT_ASSIGNED_CONTEXT ( ( #5517, #1983, #4856 ) ) REPRESENTATION_CONTEXT ( 'NONE', 'WORKASPACE' ) );
#2510 = VECTOR ( 'NONE', #6597, 1000.000000000000114 ) ;
#2511 = ORIENTED_EDGE ( 'NONE', *, *, #2014, .T. ) ;
#2512 = EDGE_CURVE ( 'NONE', #5276, #1762, #5023, .T. ) ;
#2513 = DIRECTION ( 'NONE',  ( 0.0000000000000000000, -0.0000000000000000000, -1.000000000000000000 ) ) ;
#2514 = DIRECTION ( 'NONE',  ( 1.000000000000000000, -0.0000000000000000000, -0.0000000000000000000 ) ) ;
#2515 =( NAMED_UNIT ( * ) PLANE_ANGLE_UNIT ( ) SI_UNIT ( $, .RADIAN. ) );
#2516 = STYLED_ITEM ( 'NONE', ( #7475 ), #7551 ) ;
#2517 = COLOUR_RGB ( '',0.8666666666666666963, 0.8666666666666666963, 0.8666666666666666963 ) ;
#2518 = DIRECTION ( 'NONE',  ( 0.0000000000000000000, -1.000000000000000000, 0.0000000000000000000 ) ) ;
#2519 = CARTESIAN_POINT ( 'NONE',  ( -0.01978828152361080187, 3.528999999999995474, -1.798920367320509639 ) ) ;
#2520 = CARTESIAN_POINT ( 'NONE',  ( 0.3472796854691360124, -5.551115123125779744E-16, 0.5000000000000000000 ) ) ;
#2521 = EDGE_LOOP ( 'NONE', ( #3698, #1801, #2733, #6665 ) ) ;
#2522 = ADVANCED_FACE ( 'NONE', ( #7359 ), #7408, .F. ) ;
#2523 = STYLED_ITEM ( 'NONE', ( #6354 ), #757 ) ;
#2524 = ORIENTED_EDGE ( 'NONE', *, *, #5588, .T. ) ;
#2525 = FILL_AREA_STYLE ('',( #2371 ) ) ;
#2526 = PRODUCT_DEFINITION_FORMATION_WITH_SPECIFIED_SOURCE ( 'ANY', '', #2158, .NOT_KNOWN. ) ;
#2527 = PRESENTATION_STYLE_ASSIGNMENT (( #1962 ) ) ;
#2528 = SURFACE_STYLE_FILL_AREA ( #7337 ) ;
#2529 = EDGE_CURVE ( 'NONE', #2868, #4992, #4475, .T. ) ;
#2530 = ORIENTED_EDGE ( 'NONE', *, *, #4012, .F. ) ;
#2531 =( LENGTH_UNIT ( ) NAMED_UNIT ( * ) SI_UNIT ( .MILLI., .METRE. ) );
#2532 = DIRECTION ( 'NONE',  ( 0.0000000000000000000, 0.8660254037844390407, 0.4999999999999992784 ) ) ;
#2533 = SURFACE_SIDE_STYLE ('',( #3073 ) ) ;
#2534 = SURFACE_STYLE_USAGE ( .BOTH. , #2455 ) ;
#2535 = ORIENTED_EDGE ( 'NONE', *, *, #5975, .F. ) ;
#2536 = ORIENTED_EDGE ( 'NONE', *, *, #4694, .F. ) ;
#2537 = DIRECTION ( 'NONE',  ( 1.276118419109379938E-16, 0.0000000000000000000, -1.000000000000000000 ) ) ;
#2538 = CARTESIAN_POINT ( 'NONE',  ( -0.009125320724410300108, -2.599998692799499800, -0.6172085837295775423 ) ) ;
#2539 = COLOUR_RGB ( '',0.0000000000000000000, 0.0000000000000000000, 1.000000000000000000 ) ;
#2540 = SURFACE_SIDE_STYLE ('',( #747 ) ) ;
#2541 = DIRECTION ( 'NONE',  ( 1.000000000000000000, 0.0000000000000000000, 0.0000000000000000000 ) ) ;
#2542 = CARTESIAN_POINT ( 'NONE',  ( 0.3472796854691360124, -2.694836366436269781, 1.025711783590940174 ) ) ;
#2543 = EDGE_LOOP ( 'NONE', ( #4113, #3264, #4789, #3247, #1569, #1862, #5043, #1224 ) ) ;
#2544 = AXIS2_PLACEMENT_3D ( 'NONE', #1891, #173, #97 ) ;
#2545 = ORIENTED_EDGE ( 'NONE', *, *, #352, .T. ) ;
#2546 = DIRECTION ( 'NONE',  ( -0.0000000000000000000, -1.000000000000000000, -0.0000000000000000000 ) ) ;
#2547 = DIRECTION ( 'NONE',  ( -1.000000000000000000, -0.0000000000000000000, 0.0000000000000000000 ) ) ;
#2548 =( NAMED_UNIT ( * ) PLANE_ANGLE_UNIT ( ) SI_UNIT ( $, .RADIAN. ) );
#2549 = EDGE_CURVE ( 'NONE', #4801, #6485, #2112, .T. ) ;
#2550 = PRESENTATION_STYLE_ASSIGNMENT (( #4832 ) ) ;
#2551 = DIRECTION ( 'NONE',  ( 0.0000000000000000000, 0.0000000000000000000, 1.000000000000000000 ) ) ;
#2552 = CARTESIAN_POINT ( 'NONE',  ( 1.132199098191760068E-16, -0.2999999999999999889, 2.100000000000000089 ) ) ;
#2553 = ORIENTED_EDGE ( 'NONE', *, *, #5819, .F. ) ;
#2554 = PLANE ( 'NONE',  #2098 ) ;
#2555 = DIRECTION ( 'NONE',  ( -1.000000000000000000, 0.0000000000000000000, -0.0000000000000000000 ) ) ;
#2556 = PLANE ( 'NONE',  #5535 ) ;
#2557 = LINE ( 'NONE', #2640, #2144 ) ;
#2558 = COLOUR_RGB ( '',0.0000000000000000000, 0.0000000000000000000, 1.000000000000000000 ) ;
#2559 = EDGE_LOOP ( 'NONE', ( #1619, #3959, #6617, #4005 ) ) ;
#2560 = PRESENTATION_STYLE_ASSIGNMENT (( #6012 ) ) ;
#2561 = CARTESIAN_POINT ( 'NONE',  ( 0.5000000000000000000, 0.2999999999999999889, -0.5000000000000000000 ) ) ;
#2562 = PRESENTATION_STYLE_ASSIGNMENT (( #391 ) ) ;
#2563 = UNCERTAINTY_MEASURE_WITH_UNIT (LENGTH_MEASURE( 1.000000000000000082E-05 ), #3458, 'distance_accuracy_value', 'NONE');
#2564 = AXIS2_PLACEMENT_3D ( 'NONE', #2657, #1521, #5668 ) ;
#2565 = ADVANCED_FACE ( 'NONE', ( #1751 ), #1705, .F. ) ;
#2566 = PRESENTATION_STYLE_ASSIGNMENT (( #5047 ) ) ;
#2567 = DIRECTION ( 'NONE',  ( 0.0000000000000000000, 1.000000000000000000, 0.0000000000000000000 ) ) ;
#2568 =( NAMED_UNIT ( * ) SI_UNIT ( $, .STERADIAN. ) SOLID_ANGLE_UNIT ( ) );
#2569 = ORIENTED_EDGE ( 'NONE', *, *, #5110, .F. ) ;
#2570 = COLOUR_RGB ( '',0.8666666666666666963, 0.8666666666666666963, 0.8666666666666666963 ) ;
#2571 = ORIENTED_EDGE ( 'NONE', *, *, #906, .T. ) ;
#2572 = CARTESIAN_POINT ( 'NONE',  ( 0.5000000000000000000, 0.0000000000000000000, 5.000000000000000000 ) ) ;
#2573 = VECTOR ( 'NONE', #612, 1000.000000000000000 ) ;
#2574 = DIRECTION ( 'NONE',  ( -0.0000000000000000000, -8.881784197001250351E-16, 1.000000000000000000 ) ) ;
#2575 = AXIS2_PLACEMENT_3D ( 'NONE', #6837, #5697, #7428 ) ;
#2576 =( GEOMETRIC_REPRESENTATION_CONTEXT ( 3 ) GLOBAL_UNCERTAINTY_ASSIGNED_CONTEXT ( ( #70 ) ) GLOBAL_UNIT_ASSIGNED_CONTEXT ( ( #4244, #5362, #5944 ) ) REPRESENTATION_CONTEXT ( 'NONE', 'WORKASPACE' ) );
#2577 = MECHANICAL_DESIGN_GEOMETRIC_PRESENTATION_REPRESENTATION (  '', ( #4396 ), #1105 ) ;
#2578 =( NAMED_UNIT ( * ) PLANE_ANGLE_UNIT ( ) SI_UNIT ( $, .RADIAN. ) );
#2579 = ORIENTED_EDGE ( 'NONE', *, *, #4450, .T. ) ;
#2580 =( LENGTH_UNIT ( ) NAMED_UNIT ( * ) SI_UNIT ( .MILLI., .METRE. ) );
#2581 = STYLED_ITEM ( 'NONE', ( #2643 ), #1394 ) ;
#2582 = COLOUR_RGB ( '',1.000000000000000000, 1.000000000000000000, 1.000000000000000000 ) ;
#2583 = DIRECTION ( 'NONE',  ( 0.0000000000000000000, 0.0000000000000000000, 1.000000000000000000 ) ) ;
#2584 =( NAMED_UNIT ( * ) PLANE_ANGLE_UNIT ( ) SI_UNIT ( $, .RADIAN. ) );
#2585 =( GEOMETRIC_REPRESENTATION_CONTEXT ( 3 ) GLOBAL_UNCERTAINTY_ASSIGNED_CONTEXT ( ( #7586 ) ) GLOBAL_UNIT_ASSIGNED_CONTEXT ( ( #6901, #7591, #1685 ) ) REPRESENTATION_CONTEXT ( 'NONE', 'WORKASPACE' ) );
#2586 = CARTESIAN_POINT ( 'NONE',  ( -0.5000000000000000000, 2.399999999999999911, 1.396424004376891848 ) ) ;
#2587 = CARTESIAN_POINT ( 'NONE',  ( 0.5000000000000000000, 1.699999999999999956, -1.600000000000000089 ) ) ;
#2588 = CARTESIAN_POINT ( 'NONE',  ( -0.8091253207244079038, -0.5314590448382460197, -1.322858166896750065 ) ) ;
#2589 = MECHANICAL_DESIGN_GEOMETRIC_PRESENTATION_REPRESENTATION (  '', ( #5027 ), #33 ) ;
#2590 = ORIENTED_EDGE ( 'NONE', *, *, #1673, .T. ) ;
#2591 = CARTESIAN_POINT ( 'NONE',  ( -0.5000000000000000000, 2.700000000000000178, 1.600000000000000089 ) ) ;
#2592 = PRODUCT_DEFINITION ( 'UNKNOWN', '', #5815, #972 ) ;
#2593 = EDGE_CURVE ( 'NONE', #4918, #3728, #2474, .T. ) ;
#2594 = CARTESIAN_POINT ( 'NONE',  ( 0.1345639996639400038, 4.799999999999999822, 0.0000000000000000000 ) ) ;
#2595 = COLOUR_RGB ( '',0.0000000000000000000, 0.0000000000000000000, 1.000000000000000000 ) ;
#2596 = FACE_OUTER_BOUND ( 'NONE', #5184, .T. ) ;
#2597 = SURFACE_STYLE_USAGE ( .BOTH. , #5573 ) ;
#2598 = SURFACE_STYLE_USAGE ( .BOTH. , #217 ) ;
#2599 = STYLED_ITEM ( 'NONE', ( #3437 ), #2829 ) ;
#2600 = VERTEX_POINT ( 'NONE', #7584 ) ;
#2601 = EDGE_CURVE ( 'NONE', #6764, #3374, #5098, .T. ) ;
#2602 = CARTESIAN_POINT ( 'NONE',  ( 0.8264261924309478369, 3.400714034727259527, -0.1064914194113890655 ) ) ;
#2603 = FACE_OUTER_BOUND ( 'NONE', #1243, .T. ) ;
#2604 = COLOUR_RGB ( '',0.8666666666666666963, 0.8666666666666666963, 0.8666666666666666963 ) ;
#2605 = DIRECTION ( 'NONE',  ( -1.000000000000000000, 0.0000000000000000000, 0.0000000000000000000 ) ) ;
#2606 = SURFACE_STYLE_USAGE ( .BOTH. , #1514 ) ;
#2607 = VERTEX_POINT ( 'NONE', #970 ) ;
#2608 =( GEOMETRIC_REPRESENTATION_CONTEXT ( 3 ) GLOBAL_UNCERTAINTY_ASSIGNED_CONTEXT ( ( #1274 ) ) GLOBAL_UNIT_ASSIGNED_CONTEXT ( ( #2929, #1127, #3453 ) ) REPRESENTATION_CONTEXT ( 'NONE', 'WORKASPACE' ) );
#2609 = ORIENTED_EDGE ( 'NONE', *, *, #1002, .T. ) ;
#2610 = ADVANCED_FACE ( 'NONE', ( #7478, #6260 ), #3308, .T. ) ;
#2611 = CARTESIAN_POINT ( 'NONE',  ( 0.2680751308898460250, 0.7712388980384690118, -0.3429203673205120095 ) ) ;
#2612 = SURFACE_STYLE_FILL_AREA ( #5009 ) ;
#2613 = CARTESIAN_POINT ( 'NONE',  ( -0.7072194413430481497, 2.400000000000000799, -1.322227542308945347 ) ) ;
#2614 =( NAMED_UNIT ( * ) PLANE_ANGLE_UNIT ( ) SI_UNIT ( $, .RADIAN. ) );
#2615 = VECTOR ( 'NONE', #3751, 1000.000000000000000 ) ;
#2616 =( GEOMETRIC_REPRESENTATION_CONTEXT ( 3 ) GLOBAL_UNCERTAINTY_ASSIGNED_CONTEXT ( ( #4020 ) ) GLOBAL_UNIT_ASSIGNED_CONTEXT ( ( #4857, #149, #3696 ) ) REPRESENTATION_CONTEXT ( 'NONE', 'WORKASPACE' ) );
#2617 = SURFACE_STYLE_USAGE ( .BOTH. , #3154 ) ;
#2618 = SURFACE_SIDE_STYLE ('',( #4400 ) ) ;
#2619 = VERTEX_POINT ( 'NONE', #4822 ) ;
#2620 = EDGE_LOOP ( 'NONE', ( #5620, #6923, #4188, #5933, #6235 ) ) ;
#2621 = VECTOR ( 'NONE', #6374, 1000.000000000000000 ) ;
#2622 = VECTOR ( 'NONE', #236, 1000.000000000000000 ) ;
#2623 = COLOUR_RGB ( '',0.8666666666666666963, 0.8666666666666666963, 0.8666666666666666963 ) ;
#2624 =( NAMED_UNIT ( * ) SI_UNIT ( $, .STERADIAN. ) SOLID_ANGLE_UNIT ( ) );
#2625 = FACE_OUTER_BOUND ( 'NONE', #2125, .T. ) ;
#2626 = DIRECTION ( 'NONE',  ( -1.000000000000000000, -0.0000000000000000000, -0.0000000000000000000 ) ) ;
#2627 =( GEOMETRIC_REPRESENTATION_CONTEXT ( 3 ) GLOBAL_UNCERTAINTY_ASSIGNED_CONTEXT ( ( #7037 ) ) GLOBAL_UNIT_ASSIGNED_CONTEXT ( ( #4432, #5736, #4471 ) ) REPRESENTATION_CONTEXT ( 'NONE', 'WORKASPACE' ) );
#2628 = VECTOR ( 'NONE', #6803, 1000.000000000000000 ) ;
#2629 = FACE_OUTER_BOUND ( 'NONE', #6591, .T. ) ;
#2630 = SURFACE_STYLE_FILL_AREA ( #1489 ) ;
#2631 = DIRECTION ( 'NONE',  ( 1.000000000000000000, 0.0000000000000000000, -0.0000000000000000000 ) ) ;
#2632 = PRESENTATION_STYLE_ASSIGNMENT (( #940 ) ) ;
#2633 = ORIENTED_EDGE ( 'NONE', *, *, #1193, .F. ) ;
#2634 = AXIS2_PLACEMENT_3D ( 'NONE', #3957, #3381, #2847 ) ;
#2635 = STYLED_ITEM ( 'NONE', ( #5315 ), #7422 ) ;
#2636 = AXIS2_PLACEMENT_3D ( 'NONE', #5611, #3367, #7491 ) ;
#2637 = DIRECTION ( 'NONE',  ( 0.0000000000000000000, -1.000000000000000000, -0.0000000000000000000 ) ) ;
#2638 = CARTESIAN_POINT ( 'NONE',  ( 1.848138122877330052E-16, 0.0000000000000000000, -7.709882115452470771E-17 ) ) ;
#2639 = CARTESIAN_POINT ( 'NONE',  ( -0.1528146411127589976, 1.328821155232009943, 1.136815753437049992 ) ) ;
#2640 = CARTESIAN_POINT ( 'NONE',  ( -0.009125320724409803977, 1.428821155232010032, 0.9636106726801670908 ) ) ;
#2641 = STYLED_ITEM ( 'NONE', ( #3112 ), #5127 ) ;
#2642 = ORIENTED_EDGE ( 'NONE', *, *, #1002, .F. ) ;
#2643 = PRESENTATION_STYLE_ASSIGNMENT (( #1429 ) ) ;
#2644 = PRODUCT_DEFINITION_SHAPE ( 'NONE', 'NONE',  #3388 ) ;
#2645 = FILL_AREA_STYLE ('',( #1965 ) ) ;
#2646 = CARTESIAN_POINT ( 'NONE',  ( -0.8197882815236109399, 3.329000000000000181, -0.1429203673205096670 ) ) ;
#2647 = EDGE_CURVE ( 'NONE', #6365, #4860, #7202, .T. ) ;
#2648 = PLANE ( 'NONE',  #2227 ) ;
#2649 = DIRECTION ( 'NONE',  ( 1.000000000000000000, 0.0000000000000000000, 0.0000000000000000000 ) ) ;
#2650 = EDGE_CURVE ( 'NONE', #4426, #2927, #2459, .T. ) ;
#2651 = ORIENTED_EDGE ( 'NONE', *, *, #3878, .T. ) ;
#2652 = FILL_AREA_STYLE ('',( #4968 ) ) ;
#2653 = ORIENTED_EDGE ( 'NONE', *, *, #5469, .T. ) ;
#2654 = VERTEX_POINT ( 'NONE', #5907 ) ;
#2655 = FILL_AREA_STYLE_COLOUR ( '', #614 ) ;
#2656 = SURFACE_STYLE_USAGE ( .BOTH. , #6656 ) ;
#2657 = CARTESIAN_POINT ( 'NONE',  ( 0.3472796854691360124, -3.371237590837970366, 0.02571178359094360155 ) ) ;
#2658 = UNCERTAINTY_MEASURE_WITH_UNIT (LENGTH_MEASURE( 1.000000000000000082E-05 ), #7248, 'distance_accuracy_value', 'NONE');
#2659 = EDGE_CURVE ( 'NONE', #6912, #1648, #2345, .T. ) ;
#2660 = SURFACE_STYLE_USAGE ( .BOTH. , #2618 ) ;
#2661 = ORIENTED_EDGE ( 'NONE', *, *, #2884, .T. ) ;
#2662 = ORIENTED_EDGE ( 'NONE', *, *, #6612, .F. ) ;
#2663 = CARTESIAN_POINT ( 'NONE',  ( -1.202243478597877502, 2.400000000000000799, 0.8954823738517554421 ) ) ;
#2664 = FILL_AREA_STYLE ('',( #6073 ) ) ;
#2665 = DIRECTION ( 'NONE',  ( 0.0000000000000000000, -0.8660254037844385966, -0.5000000000000001110 ) ) ;
#2666 = FACE_OUTER_BOUND ( 'NONE', #2841, .T. ) ;
#2667 =( LENGTH_UNIT ( ) NAMED_UNIT ( * ) SI_UNIT ( .MILLI., .METRE. ) );
#2668 = CARTESIAN_POINT ( 'NONE',  ( -2.400000000000000799, 0.0000000000000000000, 1.799999999999999378 ) ) ;
#2669 = CARTESIAN_POINT ( 'NONE',  ( -2.019788281523609896, 3.328999999999989967, -4.142920367320510167 ) ) ;
#2670 = ORIENTED_EDGE ( 'NONE', *, *, #6612, .T. ) ;
#2671 = DIRECTION ( 'NONE',  ( 0.0000000000000000000, 0.0000000000000000000, 1.000000000000000000 ) ) ;
#2672 = LINE ( 'NONE', #7296, #6248 ) ;
#2673 = SURFACE_STYLE_FILL_AREA ( #6789 ) ;
#2674 = PRESENTATION_STYLE_ASSIGNMENT (( #2597 ) ) ;
#2675 = CARTESIAN_POINT ( 'NONE',  ( -0.3868562485163580811, -2.694836366436269781, 1.025711783590940174 ) ) ;
#2676 = ORIENTED_EDGE ( 'NONE', *, *, #27, .F. ) ;
#2677 = CARTESIAN_POINT ( 'NONE',  ( 0.9698542618854611996, 3.329000000000003734, 0.1803647194976377710 ) ) ;
#2678 = LINE ( 'NONE', #4532, #1981 ) ;
#2679 = DIRECTION ( 'NONE',  ( 1.000000000000000000, 0.0000000000000000000, 0.0000000000000000000 ) ) ;
#2680 = DIRECTION ( 'NONE',  ( 0.0000000000000000000, 1.000000000000000000, 0.0000000000000000000 ) ) ;
#2681 = CARTESIAN_POINT ( 'NONE',  ( -0.8091253207244105683, 2.899999999999997247, -0.5429203673205097447 ) ) ;
#2682 = APPLICATION_CONTEXT ( 'automotive_design' ) ;
#2683 =( NAMED_UNIT ( * ) PLANE_ANGLE_UNIT ( ) SI_UNIT ( $, .RADIAN. ) );
#2684 = LINE ( 'NONE', #2465, #3236 ) ;
#2685 = COLOUR_RGB ( '',0.0000000000000000000, 0.0000000000000000000, 1.000000000000000000 ) ;
#2686 = ORIENTED_EDGE ( 'NONE', *, *, #39, .F. ) ;
#2687 = ORIENTED_EDGE ( 'NONE', *, *, #1771, .F. ) ;
#2688 = ORIENTED_EDGE ( 'NONE', *, *, #329, .T. ) ;
#2689 = CYLINDRICAL_SURFACE ( 'NONE', #6020, 0.9999999999999997780 ) ;
#2690 = ADVANCED_FACE ( 'NONE', ( #3526 ), #1164, .T. ) ;
#2691 = PRESENTATION_STYLE_ASSIGNMENT (( #6724 ) ) ;
#2692 = VECTOR ( 'NONE', #4823, 1000.000000000000000 ) ;
#2693 = EDGE_CURVE ( 'NONE', #1987, #2896, #1793, .T. ) ;
#2694 = FILL_AREA_STYLE_COLOUR ( '', #5754 ) ;
#2695 = CARTESIAN_POINT ( 'NONE',  ( 0.1345639996639400038, 1.893690627588850095, -0.8172085837295689492 ) ) ;
#2696 = MECHANICAL_DESIGN_GEOMETRIC_PRESENTATION_REPRESENTATION (  '', ( #3542 ), #4029 ) ;
#2697 = LINE ( 'NONE', #1391, #2389 ) ;
#2698 = MECHANICAL_DESIGN_GEOMETRIC_PRESENTATION_REPRESENTATION (  '', ( #5614 ), #7374 ) ;
#2699 = ORIENTED_EDGE ( 'NONE', *, *, #3474, .F. ) ;
#2700 = STYLED_ITEM ( 'NONE', ( #4167 ), #5685 ) ;
#2701 = ORIENTED_EDGE ( 'NONE', *, *, #4012, .T. ) ;
#2702 =( NAMED_UNIT ( * ) SI_UNIT ( $, .STERADIAN. ) SOLID_ANGLE_UNIT ( ) );
#2703 =( NAMED_UNIT ( * ) SI_UNIT ( $, .STERADIAN. ) SOLID_ANGLE_UNIT ( ) );
#2704 = CARTESIAN_POINT ( 'NONE',  ( -0.3868562485163580256, 0.2287624091620329980, 0.2257117835909439874 ) ) ;
#2705 = VECTOR ( 'NONE', #495, 1000.000000000000000 ) ;
#2706 = VECTOR ( 'NONE', #3445, 1000.000000000000000 ) ;
#2707 = FILL_AREA_STYLE_COLOUR ( '', #3150 ) ;
#2708 = DIRECTION ( 'NONE',  ( -1.000000000000000000, -0.0000000000000000000, -0.0000000000000000000 ) ) ;
#2709 = COLOUR_RGB ( '',0.8666666666666666963, 0.8666666666666666963, 0.8666666666666666963 ) ;
#2710 = EDGE_LOOP ( 'NONE', ( #1024, #4401, #2241, #3771 ) ) ;
#2711 = VECTOR ( 'NONE', #4931, 1000.000000000000000 ) ;
#2712 = STYLED_ITEM ( 'NONE', ( #1523 ), #6308 ) ;
#2713 =( NAMED_UNIT ( * ) PLANE_ANGLE_UNIT ( ) SI_UNIT ( $, .RADIAN. ) );
#2714 = EDGE_CURVE ( 'NONE', #131, #7449, #4104, .T. ) ;
#2715 = CARTESIAN_POINT ( 'NONE',  ( 0.7908746792755910748, 2.899999999999999911, 0.0000000000000000000 ) ) ;
#2716 = AXIS2_PLACEMENT_3D ( 'NONE', #635, #1802, #2513 ) ;
#2717 = AXIS2_PLACEMENT_3D ( 'NONE', #3890, #2194, #7444 ) ;
#2718 = DIRECTION ( 'NONE',  ( 0.0000000000000000000, 1.000000000000000000, 0.0000000000000000000 ) ) ;
#2719 = CARTESIAN_POINT ( 'NONE',  ( -0.5000000000000000000, 0.0000000000000000000, -3.741071428571430602 ) ) ;
#2720 = MECHANICAL_DESIGN_GEOMETRIC_PRESENTATION_REPRESENTATION (  '', ( #1241 ), #7392 ) ;
#2721 = SURFACE_SIDE_STYLE ('',( #2247 ) ) ;
#2722 = DIRECTION ( 'NONE',  ( 0.0000000000000000000, 0.0000000000000000000, -1.000000000000000000 ) ) ;
#2723 = VECTOR ( 'NONE', #65, 1000.000000000000000 ) ;
#2724 = VERTEX_POINT ( 'NONE', #1905 ) ;
#2725 = DIRECTION ( 'NONE',  ( 1.000000000000000000, 0.0000000000000000000, -0.0000000000000000000 ) ) ;
#2726 = SURFACE_SIDE_STYLE ('',( #4419 ) ) ;
#2727 = FILL_AREA_STYLE_COLOUR ( '', #437 ) ;
#2728 = LINE ( 'NONE', #288, #264 ) ;
#2729 = PRESENTATION_LAYER_ASSIGNMENT (  '', '', ( #4184 ) ) ;
#2730 = CARTESIAN_POINT ( 'NONE',  ( 0.7908746792755909638, 4.799999999999999822, -0.04292036732051029979 ) ) ;
#2731 = LINE ( 'NONE', #5049, #4322 ) ;
#2732 = SHAPE_REPRESENTATION_RELATIONSHIP ( 'NONE' , 'NONE' ,  #6444, #5680 ) ;
#2733 = ORIENTED_EDGE ( 'NONE', *, *, #5960, .T. ) ;
#2734 = VERTEX_POINT ( 'NONE', #4216 ) ;
#2735 = CARTESIAN_POINT ( 'NONE',  ( -0.2033222650199839887, 2.073642115736349822, -0.1000000000000000056 ) ) ;
#2736 = UNCERTAINTY_MEASURE_WITH_UNIT (LENGTH_MEASURE( 1.000000000000000082E-05 ), #1573, 'distance_accuracy_value', 'NONE');
#2737 = DIRECTION ( 'NONE',  ( 1.000000000000000000, 0.0000000000000000000, -0.0000000000000000000 ) ) ;
#2738 = SURFACE_STYLE_USAGE ( .BOTH. , #7215 ) ;
#2739 = VECTOR ( 'NONE', #5920, 1000.000000000000227 ) ;
#2740 =( LENGTH_UNIT ( ) NAMED_UNIT ( * ) SI_UNIT ( .MILLI., .METRE. ) );
#2741 = EDGE_CURVE ( 'NONE', #1800, #6876, #6574, .T. ) ;
#2742 = DIRECTION ( 'NONE',  ( -1.000000000000000000, 0.0000000000000000000, 0.0000000000000000000 ) ) ;
#2743 = EDGE_LOOP ( 'NONE', ( #4036, #2913, #5103, #4828 ) ) ;
#2744 = VERTEX_POINT ( 'NONE', #186 ) ;
#2745 = CARTESIAN_POINT ( 'NONE',  ( -0.009125320724409288764, 0.6212388980384708770, -0.6027279884558411904 ) ) ;
#2746 = CARTESIAN_POINT ( 'NONE',  ( -0.009125320724410102349, -1.923597468397800103, 0.1827914162704289969 ) ) ;
#2747 = PLANE ( 'NONE',  #6044 ) ;
#2748 = VECTOR ( 'NONE', #5523, 1000.000000000000000 ) ;
#2749 = SURFACE_STYLE_USAGE ( .BOTH. , #343 ) ;
#2750 = EDGE_CURVE ( 'NONE', #4417, #5094, #784, .T. ) ;
#2751 = EDGE_CURVE ( 'NONE', #3374, #3634, #5586, .T. ) ;
#2752 =( GEOMETRIC_REPRESENTATION_CONTEXT ( 3 ) GLOBAL_UNCERTAINTY_ASSIGNED_CONTEXT ( ( #5242 ) ) GLOBAL_UNIT_ASSIGNED_CONTEXT ( ( #5516, #3767, #4937 ) ) REPRESENTATION_CONTEXT ( 'NONE', 'WORKASPACE' ) );
#2753 = STYLED_ITEM ( 'NONE', ( #5532 ), #6871 ) ;
#2754 = VERTEX_POINT ( 'NONE', #227 ) ;
#2755 = SURFACE_SIDE_STYLE ('',( #1544 ) ) ;
#2756 = COLOUR_RGB ( '',0.8666666666666666963, 0.8666666666666666963, 0.8666666666666666963 ) ;
#2757 = STYLED_ITEM ( 'NONE', ( #762 ), #7036 ) ;
#2758 = DIRECTION ( 'NONE',  ( 0.0000000000000000000, 0.0000000000000000000, -1.000000000000000000 ) ) ;
#2759 = CARTESIAN_POINT ( 'NONE',  ( -0.009125320724409505604, -0.5314590448382480181, -1.322858166896750065 ) ) ;
#2760 =( NAMED_UNIT ( * ) SI_UNIT ( $, .STERADIAN. ) SOLID_ANGLE_UNIT ( ) );
#2761 = EDGE_CURVE ( 'NONE', #91, #867, #932, .T. ) ;
#2762 =( NAMED_UNIT ( * ) PLANE_ANGLE_UNIT ( ) SI_UNIT ( $, .RADIAN. ) );
#2763 = SURFACE_SIDE_STYLE ('',( #2142 ) ) ;
#2764 = VERTEX_POINT ( 'NONE', #7394 ) ;
#2765 = DIRECTION ( 'NONE',  ( -1.000000000000000000, 0.0000000000000000000, 0.0000000000000000000 ) ) ;
#2766 = FACE_OUTER_BOUND ( 'NONE', #3644, .T. ) ;
#2767 = CARTESIAN_POINT ( 'NONE',  ( 0.1345639996639400038, 2.899999999999999911, -1.949231046932160094 ) ) ;
#2768 = LINE ( 'NONE', #6322, #4161 ) ;
#2769 = PRESENTATION_LAYER_ASSIGNMENT (  '', '', ( #3370 ) ) ;
#2770 = COLOUR_RGB ( '',0.8666666666666666963, 0.8666666666666666963, 0.8666666666666666963 ) ;
#2771 = CARTESIAN_POINT ( 'NONE',  ( -0.8197882815236110510, 0.0000000000000000000, 0.0000000000000000000 ) ) ;
#2772 = ADVANCED_FACE ( 'NONE', ( #359 ), #2689, .T. ) ;
#2773 = ORIENTED_EDGE ( 'NONE', *, *, #451, .T. ) ;
#2774 = VERTEX_POINT ( 'NONE', #6021 ) ;
#2775 =( NAMED_UNIT ( * ) SI_UNIT ( $, .STERADIAN. ) SOLID_ANGLE_UNIT ( ) );
#2776 =( GEOMETRIC_REPRESENTATION_CONTEXT ( 3 ) GLOBAL_UNCERTAINTY_ASSIGNED_CONTEXT ( ( #3964 ) ) GLOBAL_UNIT_ASSIGNED_CONTEXT ( ( #181, #4241, #6570 ) ) REPRESENTATION_CONTEXT ( 'NONE', 'WORKASPACE' ) );
#2777 =( NAMED_UNIT ( * ) SI_UNIT ( $, .STERADIAN. ) SOLID_ANGLE_UNIT ( ) );
#2778 = LINE ( 'NONE', #3845, #2815 ) ;
#2779 = SURFACE_SIDE_STYLE ('',( #6848 ) ) ;
#2780 =( NAMED_UNIT ( * ) SI_UNIT ( $, .STERADIAN. ) SOLID_ANGLE_UNIT ( ) );
#2781 = EDGE_LOOP ( 'NONE', ( #7454, #1380 ) ) ;
#2782 = VERTEX_POINT ( 'NONE', #7350 ) ;
#2783 = SURFACE_SIDE_STYLE ('',( #6818 ) ) ;
#2784 = DIRECTION ( 'NONE',  ( 0.0000000000000000000, 0.0000000000000000000, 1.000000000000000000 ) ) ;
#2785 = PRESENTATION_STYLE_ASSIGNMENT (( #5643 ) ) ;
#2786 = DIRECTION ( 'NONE',  ( -1.000000000000000000, 8.673617379884009834E-16, 7.703719777548918890E-31 ) ) ;
#2787 = AXIS2_PLACEMENT_3D ( 'NONE', #2394, #4708, #2236 ) ;
#2788 = ORIENTED_EDGE ( 'NONE', *, *, #3060, .F. ) ;
#2789 = CARTESIAN_POINT ( 'NONE',  ( 0.7908746792755909638, 5.000000000000009770, 4.163390312291140205 ) ) ;
#2790 = ADVANCED_FACE ( 'NONE', ( #1360 ), #3148, .F. ) ;
#2791 = ADVANCED_FACE ( 'NONE', ( #7275 ), #2020, .T. ) ;
#2792 = COLOUR_RGB ( '',1.000000000000000000, 1.000000000000000000, 1.000000000000000000 ) ;
#2793 = CARTESIAN_POINT ( 'NONE',  ( 1.980211718476390326, 3.528999999999990589, -4.142920367320510167 ) ) ;
#2794 = ORIENTED_EDGE ( 'NONE', *, *, #4487, .F. ) ;
#2795 = SURFACE_STYLE_USAGE ( .BOTH. , #2973 ) ;
#2796 = FILL_AREA_STYLE ('',( #2110 ) ) ;
#2797 = SURFACE_SIDE_STYLE ('',( #3944 ) ) ;
#2798 = DIRECTION ( 'NONE',  ( 1.000000000000000000, 0.0000000000000000000, -0.0000000000000000000 ) ) ;
#2799 = DIRECTION ( 'NONE',  ( 0.0000000000000000000, 0.8660254037844401509, -0.4999999999999972244 ) ) ;
#2800 =( LENGTH_UNIT ( ) NAMED_UNIT ( * ) SI_UNIT ( .MILLI., .METRE. ) );
#2801 = EDGE_LOOP ( 'NONE', ( #1590, #653, #432, #1045, #5814, #1811, #6985, #1790, #4850 ) ) ;
#2802 = VERTEX_POINT ( 'NONE', #7438 ) ;
#2803 = DIRECTION ( 'NONE',  ( -0.0000000000000000000, -1.000000000000000000, -0.0000000000000000000 ) ) ;
#2804 = CARTESIAN_POINT ( 'NONE',  ( -0.009125320724410263679, -2.599998692799499800, -0.8172085837295780530 ) ) ;
#2805 = EDGE_CURVE ( 'NONE', #138, #1780, #4648, .T. ) ;
#2806 = UNCERTAINTY_MEASURE_WITH_UNIT (LENGTH_MEASURE( 1.000000000000000082E-05 ), #5107, 'distance_accuracy_value', 'NONE');
#2807 =( NAMED_UNIT ( * ) SI_UNIT ( $, .STERADIAN. ) SOLID_ANGLE_UNIT ( ) );
#2808 = CARTESIAN_POINT ( 'NONE',  ( 0.0000000000000000000, 1.800000000000000266, 0.7210703829214800686 ) ) ;
#2809 = DIRECTION ( 'NONE',  ( 0.0000000000000000000, 0.0000000000000000000, 1.000000000000000000 ) ) ;
#2810 = EDGE_LOOP ( 'NONE', ( #5608, #2038, #926, #164, #1121, #4067, #6522, #299, #4198, #5118, #3708, #5585, #5381, #7500 ) ) ;
#2811 = EDGE_LOOP ( 'NONE', ( #5912, #2530, #195, #270 ) ) ;
#2812 = DIRECTION ( 'NONE',  ( -1.000000000000000000, 0.0000000000000000000, -0.0000000000000000000 ) ) ;
#2813 = SURFACE_STYLE_FILL_AREA ( #7360 ) ;
#2814 = VECTOR ( 'NONE', #7032, 1000.000000000000000 ) ;
#2815 = VECTOR ( 'NONE', #2191, 1000.000000000000000 ) ;
#2816 = ORIENTED_EDGE ( 'NONE', *, *, #2007, .T. ) ;
#2817 = LINE ( 'NONE', #7518, #3855 ) ;
#2818 = FILL_AREA_STYLE ('',( #6306 ) ) ;
#2819 = EDGE_LOOP ( 'NONE', ( #2661, #6965, #3543, #5398, #6160, #3300, #6189, #2351, #2773, #5203, #3804, #2029, #2321, #446, #3002, #809 ) ) ;
#2820 =( GEOMETRIC_REPRESENTATION_CONTEXT ( 3 ) GLOBAL_UNCERTAINTY_ASSIGNED_CONTEXT ( ( #671 ) ) GLOBAL_UNIT_ASSIGNED_CONTEXT ( ( #6161, #876, #7341 ) ) REPRESENTATION_CONTEXT ( 'NONE', 'WORKASPACE' ) );
#2821 = MECHANICAL_DESIGN_GEOMETRIC_PRESENTATION_REPRESENTATION (  '', ( #4392 ), #4506 ) ;
#2822 = VECTOR ( 'NONE', #2336, 1000.000000000000000 ) ;
#2823 =( NAMED_UNIT ( * ) PLANE_ANGLE_UNIT ( ) SI_UNIT ( $, .RADIAN. ) );
#2824 = VECTOR ( 'NONE', #2665, 1000.000000000000114 ) ;
#2825 = CARTESIAN_POINT ( 'NONE',  ( -0.8091253207244099022, 2.899999999999999911, 0.0000000000000000000 ) ) ;
#2826 = AXIS2_PLACEMENT_3D ( 'NONE', #2611, #2080, #5666 ) ;
#2827 = FACE_OUTER_BOUND ( 'NONE', #6807, .T. ) ;
#2828 = EDGE_CURVE ( 'NONE', #4736, #6456, #1519, .T. ) ;
#2829 = ADVANCED_FACE ( 'NONE', ( #1666 ), #5054, .F. ) ;
#2830 = VERTEX_POINT ( 'NONE', #1001 ) ;
#2831 = DIRECTION ( 'NONE',  ( -0.0000000000000000000, 0.0000000000000000000, 1.000000000000000000 ) ) ;
#2832 = VECTOR ( 'NONE', #2637, 1000.000000000000000 ) ;
#2833 = COLOUR_RGB ( '',0.8666666666666666963, 0.8666666666666666963, 0.8666666666666666963 ) ;
#2834 = COLOUR_RGB ( '',0.8666666666666666963, 0.8666666666666666963, 0.8666666666666666963 ) ;
#2835 = FILL_AREA_STYLE_COLOUR ( '', #3549 ) ;
#2836 = PRESENTATION_STYLE_ASSIGNMENT (( #3472 ) ) ;
#2837 =( NAMED_UNIT ( * ) SI_UNIT ( $, .STERADIAN. ) SOLID_ANGLE_UNIT ( ) );
#2838 = EDGE_CURVE ( 'NONE', #5752, #4472, #7153, .T. ) ;
#2839 = ORIENTED_EDGE ( 'NONE', *, *, #3824, .T. ) ;
#2840 = COLOUR_RGB ( '',0.8666666666666666963, 0.8666666666666666963, 0.8666666666666666963 ) ;
#2841 = EDGE_LOOP ( 'NONE', ( #5060, #5175, #7324, #6223 ) ) ;
#2842 = LINE ( 'NONE', #1111, #3175 ) ;
#2843 = CARTESIAN_POINT ( 'NONE',  ( 1.195371941304531394, 2.399999999999999467, 0.8848091125983504890 ) ) ;
#2844 = LINE ( 'NONE', #2226, #6515 ) ;
#2845 = STYLED_ITEM ( 'NONE', ( #4311 ), #6541 ) ;
#2846 = SURFACE_SIDE_STYLE ('',( #5709 ) ) ;
#2847 = DIRECTION ( 'NONE',  ( 1.000000000000000000, 0.0000000000000000000, -0.0000000000000000000 ) ) ;
#2848 = EDGE_CURVE ( 'NONE', #6174, #2469, #3996, .T. ) ;
#2849 = ORIENTED_EDGE ( 'NONE', *, *, #3722, .F. ) ;
#2850 = ORIENTED_EDGE ( 'NONE', *, *, #4365, .T. ) ;
#2851 = FILL_AREA_STYLE_COLOUR ( '', #3669 ) ;
#2852 = B_SPLINE_CURVE_WITH_KNOTS ( 'NONE', 3,
 ( #2189, #4499, #6722, #3795, #5087, #930 ),
 .UNSPECIFIED., .F., .F.,
 ( 4, 2, 4 ),
 ( 1.084202172485504434E-19, 0.0005247439744265055628, 0.001049487948853010909 ),
 .UNSPECIFIED. ) ;
#2853 = FILL_AREA_STYLE ('',( #4439 ) ) ;
#2854 = CARTESIAN_POINT ( 'NONE',  ( 1.406253083519913849, 2.702291498825248439, 0.7027246355572127623 ) ) ;
#2855 =( GEOMETRIC_REPRESENTATION_CONTEXT ( 3 ) GLOBAL_UNCERTAINTY_ASSIGNED_CONTEXT ( ( #6811 ) ) GLOBAL_UNIT_ASSIGNED_CONTEXT ( ( #812, #2046, #6717 ) ) REPRESENTATION_CONTEXT ( 'NONE', 'WORKASPACE' ) );
#2856 = CARTESIAN_POINT ( 'NONE',  ( 0.8848091125983510441, 2.399999999999999467, -1.195371941304530727 ) ) ;
#2857 = ORIENTED_EDGE ( 'NONE', *, *, #2219, .T. ) ;
#2858 = SURFACE_SIDE_STYLE ('',( #6540 ) ) ;
#2859 = ORIENTED_EDGE ( 'NONE', *, *, #6663, .F. ) ;
#2860 = PRESENTATION_LAYER_ASSIGNMENT (  '', '', ( #3456 ) ) ;
#2861 =( NAMED_UNIT ( * ) PLANE_ANGLE_UNIT ( ) SI_UNIT ( $, .RADIAN. ) );
#2862 =( NAMED_UNIT ( * ) SI_UNIT ( $, .STERADIAN. ) SOLID_ANGLE_UNIT ( ) );
#2863 = DIRECTION ( 'NONE',  ( 1.000000000000000000, -0.0000000000000000000, 0.0000000000000000000 ) ) ;
#2864 = AXIS2_PLACEMENT_3D ( 'NONE', #4644, #6313, #3462 ) ;
#2865 = AXIS2_PLACEMENT_3D ( 'NONE', #4219, #6661, #5982 ) ;
#2866 = DIRECTION ( 'NONE',  ( 0.0000000000000000000, 1.000000000000000000, 0.0000000000000000000 ) ) ;
#2867 = CARTESIAN_POINT ( 'NONE',  ( 1.396424004376891848, 2.400000000000000355, 0.5000000000000006661 ) ) ;
#2868 = VERTEX_POINT ( 'NONE', #5121 ) ;
#2869 = MECHANICAL_DESIGN_GEOMETRIC_PRESENTATION_REPRESENTATION (  '', ( #197 ), #7426 ) ;
#2870 = CIRCLE ( 'NONE', #1655, 0.2000000000000000111 ) ;
#2871 = VECTOR ( 'NONE', #4478, 1000.000000000000000 ) ;
#2872 = FILL_AREA_STYLE ('',( #2409 ) ) ;
#2873 = DIRECTION ( 'NONE',  ( 0.0000000000000000000, 0.0000000000000000000, -1.000000000000000000 ) ) ;
#2874 = AXIS2_PLACEMENT_3D ( 'NONE', #3668, #3024, #2910 ) ;
#2875 =( NAMED_UNIT ( * ) PLANE_ANGLE_UNIT ( ) SI_UNIT ( $, .RADIAN. ) );
#2876 = ORIENTED_EDGE ( 'NONE', *, *, #352, .F. ) ;
#2877 = SURFACE_SIDE_STYLE ('',( #608 ) ) ;
#2878 = DIRECTION ( 'NONE',  ( -0.0000000000000000000, -1.000000000000000000, -0.0000000000000000000 ) ) ;
#2879 = PLANE ( 'NONE',  #5988 ) ;
#2880 = MECHANICAL_DESIGN_GEOMETRIC_PRESENTATION_REPRESENTATION (  '', ( #5196 ), #7440 ) ;
#2881 = CIRCLE ( 'NONE', #6933, 0.7999999999999999334 ) ;
#2882 = AXIS2_PLACEMENT_3D ( 'NONE', #1417, #265, #4985 ) ;
#2883 = UNCERTAINTY_MEASURE_WITH_UNIT (LENGTH_MEASURE( 1.000000000000000082E-05 ), #6601, 'distance_accuracy_value', 'NONE');
#2884 = EDGE_CURVE ( 'NONE', #2744, #2995, #7503, .T. ) ;
#2885 = EDGE_CURVE ( 'NONE', #3843, #3207, #1896, .T. ) ;
#2886 = PRESENTATION_STYLE_ASSIGNMENT (( #5708 ) ) ;
#2887 = ORIENTED_EDGE ( 'NONE', *, *, #4641, .T. ) ;
#2888 =( GEOMETRIC_REPRESENTATION_CONTEXT ( 3 ) GLOBAL_UNCERTAINTY_ASSIGNED_CONTEXT ( ( #7585 ) ) GLOBAL_UNIT_ASSIGNED_CONTEXT ( ( #4701, #5940, #3602 ) ) REPRESENTATION_CONTEXT ( 'NONE', 'WORKASPACE' ) );
#2889 = DIRECTION ( 'NONE',  ( -0.0000000000000000000, -1.000000000000000000, 0.0000000000000000000 ) ) ;
#2890 = DIRECTION ( 'NONE',  ( 1.000000000000000000, 0.0000000000000000000, 0.0000000000000000000 ) ) ;
#2891 = UNCERTAINTY_MEASURE_WITH_UNIT (LENGTH_MEASURE( 1.000000000000000082E-05 ), #1501, 'distance_accuracy_value', 'NONE');
#2892 = UNCERTAINTY_MEASURE_WITH_UNIT (LENGTH_MEASURE( 1.000000000000000082E-05 ), #3057, 'distance_accuracy_value', 'NONE');
#2893 = EDGE_CURVE ( 'NONE', #6664, #1089, #3069, .T. ) ;
#2894 = CARTESIAN_POINT ( 'NONE',  ( 0.7196857906303475438, 1.069077102295559634, 0.6207895576009407890 ) ) ;
#2895 = CARTESIAN_POINT ( 'NONE',  ( 1.396424004376893624, 2.399999999999999467, -0.5000000000000005551 ) ) ;
#2896 = VERTEX_POINT ( 'NONE', #654 ) ;
#2897 = CARTESIAN_POINT ( 'NONE',  ( -0.8091253207244110124, 1.664928218426819928, -0.8429203673205111214 ) ) ;
#2898 = FILL_AREA_STYLE_COLOUR ( '', #5051 ) ;
#2899 = ORIENTED_EDGE ( 'NONE', *, *, #3163, .T. ) ;
#2900 = SURFACE_STYLE_USAGE ( .BOTH. , #6938 ) ;
#2901 = EDGE_CURVE ( 'NONE', #259, #1986, #644, .T. ) ;
#2902 = SURFACE_STYLE_FILL_AREA ( #2148 ) ;
#2903 = FILL_AREA_STYLE ('',( #5798 ) ) ;
#2904 = CARTESIAN_POINT ( 'NONE',  ( 0.2680751308898460250, 0.7712388980384700110, -0.8429203673205150071 ) ) ;
#2905 = FILL_AREA_STYLE ('',( #563 ) ) ;
#2906 = EDGE_LOOP ( 'NONE', ( #6059, #5070, #375, #347 ) ) ;
#2907 = DIRECTION ( 'NONE',  ( 0.0000000000000000000, 0.0000000000000000000, -1.000000000000000000 ) ) ;
#2908 = DIRECTION ( 'NONE',  ( 0.0000000000000000000, -1.276756478318930021E-15, 1.000000000000000000 ) ) ;
#2909 = CARTESIAN_POINT ( 'NONE',  ( 0.3472796854691360124, 0.0000000000000000000, 0.0000000000000000000 ) ) ;
#2910 = DIRECTION ( 'NONE',  ( 0.0000000000000000000, 0.0000000000000000000, -1.000000000000000000 ) ) ;
#2911 = PLANE ( 'NONE',  #7541 ) ;
#2912 = DIRECTION ( 'NONE',  ( 1.000000000000000000, 0.0000000000000000000, 0.0000000000000000000 ) ) ;
#2913 = ORIENTED_EDGE ( 'NONE', *, *, #7024, .T. ) ;
#2914 = DIRECTION ( 'NONE',  ( 0.0000000000000000000, -1.000000000000000000, 0.0000000000000000000 ) ) ;
#2915 = LINE ( 'NONE', #5240, #3449 ) ;
#2916 = DIRECTION ( 'NONE',  ( -1.000000000000000000, 0.0000000000000000000, 0.0000000000000000000 ) ) ;
#2917 = DIRECTION ( 'NONE',  ( 0.0000000000000000000, -1.000000000000000000, -3.885780586188049864E-16 ) ) ;
#2918 = FILL_AREA_STYLE_COLOUR ( '', #2840 ) ;
#2919 = FILL_AREA_STYLE_COLOUR ( '', #3248 ) ;
#2920 = EDGE_CURVE ( 'NONE', #477, #3331, #4770, .T. ) ;
#2921 = VERTEX_POINT ( 'NONE', #5816 ) ;
#2922 = EDGE_CURVE ( 'NONE', #6088, #3781, #1758, .T. ) ;
#2923 = LINE ( 'NONE', #1122, #3801 ) ;
#2924 = FILL_AREA_STYLE ('',( #1752 ) ) ;
#2925 = SURFACE_SIDE_STYLE ('',( #1202 ) ) ;
#2926 = CARTESIAN_POINT ( 'NONE',  ( 0.5000000000000007772, 2.399999999999999911, -1.396424004376893624 ) ) ;
#2927 = VERTEX_POINT ( 'NONE', #1856 ) ;
#2928 =( NAMED_UNIT ( * ) SI_UNIT ( $, .STERADIAN. ) SOLID_ANGLE_UNIT ( ) );
#2929 =( LENGTH_UNIT ( ) NAMED_UNIT ( * ) SI_UNIT ( .MILLI., .METRE. ) );
#2930 = AXIS2_PLACEMENT_3D ( 'NONE', #2364, #4049, #6384 ) ;
#2931 = ORIENTED_EDGE ( 'NONE', *, *, #4063, .T. ) ;
#2932 = EDGE_CURVE ( 'NONE', #2830, #3195, #3829, .T. ) ;
#2933 = FACE_OUTER_BOUND ( 'NONE', #5176, .T. ) ;
#2934 = AXIS2_PLACEMENT_3D ( 'NONE', #1083, #4625, #1199 ) ;
#2935 =( LENGTH_UNIT ( ) NAMED_UNIT ( * ) SI_UNIT ( .MILLI., .METRE. ) );
#2936 = CARTESIAN_POINT ( 'NONE',  ( -0.8091253207244085699, -1.423597468397799659, -0.6832339875140143182 ) ) ;
#2937 = DIRECTION ( 'NONE',  ( -1.000000000000000000, -0.0000000000000000000, 0.0000000000000000000 ) ) ;
#2938 = EDGE_CURVE ( 'NONE', #7323, #5292, #573, .T. ) ;
#2939 = AXIS2_PLACEMENT_3D ( 'NONE', #6527, #3072, #4240 ) ;
#2940 = ORIENTED_EDGE ( 'NONE', *, *, #7361, .T. ) ;
#2941 = DIRECTION ( 'NONE',  ( -1.000000000000000000, 0.0000000000000000000, 0.0000000000000000000 ) ) ;
#2942 =( GEOMETRIC_REPRESENTATION_CONTEXT ( 3 ) GLOBAL_UNCERTAINTY_ASSIGNED_CONTEXT ( ( #3122 ) ) GLOBAL_UNIT_ASSIGNED_CONTEXT ( ( #449, #6820, #4476 ) ) REPRESENTATION_CONTEXT ( 'NONE', 'WORKASPACE' ) );
#2943 = FILL_AREA_STYLE ('',( #1691 ) ) ;
#2944 = VECTOR ( 'NONE', #2889, 1000.000000000000000 ) ;
#2945 =( NAMED_UNIT ( * ) PLANE_ANGLE_UNIT ( ) SI_UNIT ( $, .RADIAN. ) );
#2946 = VECTOR ( 'NONE', #4955, 1000.000000000000000 ) ;
#2947 = CYLINDRICAL_SURFACE ( 'NONE', #6162, 1.000000000000000000 ) ;
#2948 = DIRECTION ( 'NONE',  ( 0.0000000000000000000, -1.734723475976799206E-15, -1.000000000000000000 ) ) ;
#2949 =( LENGTH_UNIT ( ) NAMED_UNIT ( * ) SI_UNIT ( .MILLI., .METRE. ) );
#2950 = SURFACE_SIDE_STYLE ('',( #1777 ) ) ;
#2951 = SHAPE_DEFINITION_REPRESENTATION ( #2644, #2483 ) ;
#2952 = VERTEX_POINT ( 'NONE', #57 ) ;
#2953 = DIRECTION ( 'NONE',  ( 0.0000000000000000000, 1.807003620809174188E-15, -1.000000000000000000 ) ) ;
#2954 = MECHANICAL_DESIGN_GEOMETRIC_PRESENTATION_REPRESENTATION (  '', ( #6135 ), #6887 ) ;
#2955 = DIRECTION ( 'NONE',  ( 0.0000000000000000000, 0.0000000000000000000, -1.000000000000000000 ) ) ;
#2956 = AXIS2_PLACEMENT_3D ( 'NONE', #3766, #965, #6253 ) ;
#2957 = UNCERTAINTY_MEASURE_WITH_UNIT (LENGTH_MEASURE( 1.000000000000000082E-05 ), #5182, 'distance_accuracy_value', 'NONE');
#2958 = CARTESIAN_POINT ( 'NONE',  ( -2.299999999999999822, 1.199999999999999956, 0.5000000000000000000 ) ) ;
#2959 =( GEOMETRIC_REPRESENTATION_CONTEXT ( 3 ) GLOBAL_UNCERTAINTY_ASSIGNED_CONTEXT ( ( #4628 ) ) GLOBAL_UNIT_ASSIGNED_CONTEXT ( ( #2207, #2861, #7482 ) ) REPRESENTATION_CONTEXT ( 'NONE', 'WORKASPACE' ) );
#2960 =( NAMED_UNIT ( * ) PLANE_ANGLE_UNIT ( ) SI_UNIT ( $, .RADIAN. ) );
#2961 = AXIS2_PLACEMENT_3D ( 'NONE', #737, #702, #5939 ) ;
#2962 = VERTEX_POINT ( 'NONE', #6987 ) ;
#2963 = PLANE ( 'NONE',  #6877 ) ;
#2964 = PRESENTATION_STYLE_ASSIGNMENT (( #665 ) ) ;
#2965 = DIRECTION ( 'NONE',  ( 0.0000000000000000000, 0.0000000000000000000, -1.000000000000000000 ) ) ;
#2966 = ADVANCED_FACE ( 'NONE', ( #4731 ), #4613, .F. ) ;
#2967 = ORIENTED_EDGE ( 'NONE', *, *, #6683, .T. ) ;
#2968 =( GEOMETRIC_REPRESENTATION_CONTEXT ( 3 ) GLOBAL_UNCERTAINTY_ASSIGNED_CONTEXT ( ( #361 ) ) GLOBAL_UNIT_ASSIGNED_CONTEXT ( ( #5774, #5088, #4579 ) ) REPRESENTATION_CONTEXT ( 'NONE', 'WORKASPACE' ) );
#2969 = LINE ( 'NONE', #5952, #5923 ) ;
#2970 = SURFACE_STYLE_FILL_AREA ( #2354 ) ;
#2971 = VERTEX_POINT ( 'NONE', #5970 ) ;
#2972 = EDGE_LOOP ( 'NONE', ( #4158, #633, #951, #4759 ) ) ;
#2973 = SURFACE_SIDE_STYLE ('',( #5696 ) ) ;
#2974 = DIRECTION ( 'NONE',  ( 0.0000000000000000000, 0.0000000000000000000, 1.000000000000000000 ) ) ;
#2975 = EDGE_CURVE ( 'NONE', #5752, #7239, #1225, .T. ) ;
#2976 = EDGE_CURVE ( 'NONE', #2802, #6700, #6524, .T. ) ;
#2977 = FILL_AREA_STYLE_COLOUR ( '', #25 ) ;
#2978 =( LENGTH_UNIT ( ) NAMED_UNIT ( * ) SI_UNIT ( .MILLI., .METRE. ) );
#2979 = SURFACE_STYLE_USAGE ( .BOTH. , #5838 ) ;
#2980 = PRESENTATION_STYLE_ASSIGNMENT (( #1304 ) ) ;
#2981 = FILL_AREA_STYLE ('',( #1258 ) ) ;
#2982 = STYLED_ITEM ( 'NONE', ( #1170 ), #3389 ) ;
#2983 = ORIENTED_EDGE ( 'NONE', *, *, #4224, .T. ) ;
#2984 = ORIENTED_EDGE ( 'NONE', *, *, #862, .T. ) ;
#2985 = CARTESIAN_POINT ( 'NONE',  ( -0.8091253207244096801, 2.899999999999999911, 0.1999999999999999833 ) ) ;
#2986 = COLOUR_RGB ( '',0.0000000000000000000, 0.0000000000000000000, 1.000000000000000000 ) ;
#2987 = COLOUR_RGB ( '',0.0000000000000000000, 0.0000000000000000000, 1.000000000000000000 ) ;
#2988 = SURFACE_STYLE_USAGE ( .BOTH. , #1813 ) ;
#2989 = EDGE_CURVE ( 'NONE', #7219, #663, #1272, .T. ) ;
#2990 = DIRECTION ( 'NONE',  ( 0.0000000000000000000, 0.0000000000000000000, -1.000000000000000000 ) ) ;
#2991 = SURFACE_SIDE_STYLE ('',( #5429 ) ) ;
#2992 =( NAMED_UNIT ( * ) SI_UNIT ( $, .STERADIAN. ) SOLID_ANGLE_UNIT ( ) );
#2993 =( NAMED_UNIT ( * ) SI_UNIT ( $, .STERADIAN. ) SOLID_ANGLE_UNIT ( ) );
#2994 = CONTEXT_DEPENDENT_SHAPE_REPRESENTATION ( #1216, #5565 ) ;
#2995 = VERTEX_POINT ( 'NONE', #132 ) ;
#2996 = PRESENTATION_STYLE_ASSIGNMENT (( #5434 ) ) ;
#2997 = DIRECTION ( 'NONE',  ( 1.000000000000000000, 0.0000000000000000000, 0.0000000000000000000 ) ) ;
#2998 = STYLED_ITEM ( 'NONE', ( #3533 ), #4825 ) ;
#2999 = PRESENTATION_LAYER_ASSIGNMENT (  '', '', ( #6048 ) ) ;
#3000 = AXIS2_PLACEMENT_3D ( 'NONE', #2252, #2185, #1734 ) ;
#3001 = LINE ( 'NONE', #5972, #5758 ) ;
#3002 = ORIENTED_EDGE ( 'NONE', *, *, #861, .T. ) ;
#3003 = SURFACE_SIDE_STYLE ('',( #4852 ) ) ;
#3004 = DIRECTION ( 'NONE',  ( 0.0000000000000000000, 1.000000000000000000, -0.0000000000000000000 ) ) ;
#3005 = FACE_OUTER_BOUND ( 'NONE', #2044, .T. ) ;
#3006 = DIRECTION ( 'NONE',  ( -0.0000000000000000000, 1.715124499442879932E-15, 1.000000000000000000 ) ) ;
#3007 = LINE ( 'NONE', #750, #1453 ) ;
#3008 = LINE ( 'NONE', #113, #2494 ) ;
#3009 = ORIENTED_EDGE ( 'NONE', *, *, #3977, .T. ) ;
#3010 = CARTESIAN_POINT ( 'NONE',  ( -0.7196857906303477659, 1.069077102295558301, -0.6207895576009392347 ) ) ;
#3011 = PRESENTATION_LAYER_ASSIGNMENT (  '', '', ( #3488 ) ) ;
#3012 = CARTESIAN_POINT ( 'NONE',  ( 0.8974856379405811158, -2.694836366436269781, 1.025711783590940174 ) ) ;
#3013 = DIRECTION ( 'NONE',  ( 0.0000000000000000000, 1.000000000000000000, 0.0000000000000000000 ) ) ;
#3014 = SURFACE_STYLE_FILL_AREA ( #85 ) ;
#3015 = PLANE ( 'NONE',  #1271 ) ;
#3016 = SURFACE_STYLE_USAGE ( .BOTH. , #4194 ) ;
#3017 =( GEOMETRIC_REPRESENTATION_CONTEXT ( 3 ) GLOBAL_UNCERTAINTY_ASSIGNED_CONTEXT ( ( #1123 ) ) GLOBAL_UNIT_ASSIGNED_CONTEXT ( ( #2800, #1693, #3992 ) ) REPRESENTATION_CONTEXT ( 'NONE', 'WORKASPACE' ) );
#3018 = ORIENTED_EDGE ( 'NONE', *, *, #2472, .T. ) ;
#3019 = EDGE_CURVE ( 'NONE', #6580, #6806, #2915, .T. ) ;
#3020 = EDGE_CURVE ( 'NONE', #3354, #4112, #2448, .T. ) ;
#3021 = DIRECTION ( 'NONE',  ( -7.133526570659013907E-17, 0.0000000000000000000, -1.000000000000000000 ) ) ;
#3022 = SURFACE_STYLE_FILL_AREA ( #5349 ) ;
#3023 = CARTESIAN_POINT ( 'NONE',  ( 0.0000000000000000000, 0.2999999999999999889, -0.5000000000000000000 ) ) ;
#3024 = DIRECTION ( 'NONE',  ( 0.0000000000000000000, -1.000000000000000000, 0.0000000000000000000 ) ) ;
#3025 = LINE ( 'NONE', #652, #81 ) ;
#3026 = ORIENTED_EDGE ( 'NONE', *, *, #5463, .F. ) ;
#3027 = ADVANCED_FACE ( 'NONE', ( #2603 ), #6090, .T. ) ;
#3028 = SURFACE_SIDE_STYLE ('',( #7267 ) ) ;
#3029 =( LENGTH_UNIT ( ) NAMED_UNIT ( * ) SI_UNIT ( .MILLI., .METRE. ) );
#3030 = UNCERTAINTY_MEASURE_WITH_UNIT (LENGTH_MEASURE( 1.000000000000000082E-05 ), #4956, 'distance_accuracy_value', 'NONE');
#3031 = CLOSED_SHELL ( 'NONE', ( #5359, #2358, #7123, #7036, #7551, #4973, #4239, #4825, #2451, #5687, #4352, #1441, #4397, #6102, #1636, #3814, #4553, #6205, #7402, #5081, #6743, #3097, #237, #5860, #1056, #4130, #6835, #794, #189, #6584 ) ) ;
#3032 = ORIENTED_EDGE ( 'NONE', *, *, #6222, .F. ) ;
#3033 = EDGE_LOOP ( 'NONE', ( #967, #1542, #1737, #6699 ) ) ;
#3034 = EDGE_CURVE ( 'NONE', #2654, #4801, #6755, .T. ) ;
#3035 = SURFACE_STYLE_USAGE ( .BOTH. , #3003 ) ;
#3036 =( NAMED_UNIT ( * ) SI_UNIT ( $, .STERADIAN. ) SOLID_ANGLE_UNIT ( ) );
#3037 = CARTESIAN_POINT ( 'NONE',  ( 2.000000000000000000, 0.0000000000000000000, 2.000000000000000000 ) ) ;
#3038 = UNCERTAINTY_MEASURE_WITH_UNIT (LENGTH_MEASURE( 1.000000000000000082E-05 ), #1021, 'distance_accuracy_value', 'NONE');
#3039 = UNCERTAINTY_MEASURE_WITH_UNIT (LENGTH_MEASURE( 1.000000000000000082E-05 ), #2103, 'distance_accuracy_value', 'NONE');
#3040 = DIRECTION ( 'NONE',  ( -1.000000000000000000, -0.0000000000000000000, 0.0000000000000000000 ) ) ;
#3041 = CARTESIAN_POINT ( 'NONE',  ( -1.500000000000000000, 2.399999999999999911, 1.800000000000000266 ) ) ;
#3042 = ORIENTED_EDGE ( 'NONE', *, *, #6121, .F. ) ;
#3043 = SURFACE_STYLE_FILL_AREA ( #6539 ) ;
#3044 = PLANE ( 'NONE',  #311 ) ;
#3045 = ORIENTED_EDGE ( 'NONE', *, *, #187, .T. ) ;
#3046 = ORIENTED_EDGE ( 'NONE', *, *, #1966, .T. ) ;
#3047 = CARTESIAN_POINT ( 'NONE',  ( 0.0000000000000000000, 0.0000000000000000000, 0.7210703829214800686 ) ) ;
#3048 = FACE_OUTER_BOUND ( 'NONE', #2972, .T. ) ;
#3049 = DIRECTION ( 'NONE',  ( 1.000000000000000000, 0.0000000000000000000, -0.0000000000000000000 ) ) ;
#3050 = DIRECTION ( 'NONE',  ( 0.0000000000000000000, 0.0000000000000000000, -1.000000000000000000 ) ) ;
#3051 = SURFACE_SIDE_STYLE ('',( #3014 ) ) ;
#3052 = CARTESIAN_POINT ( 'NONE',  ( -0.7697882815236138931, 3.528999999999995918, -1.798920367320509861 ) ) ;
#3053 = DIRECTION ( 'NONE',  ( 0.0000000000000000000, 1.000000000000000000, 0.0000000000000000000 ) ) ;
#3054 = VERTEX_POINT ( 'NONE', #918 ) ;
#3055 = ORIENTED_EDGE ( 'NONE', *, *, #862, .F. ) ;
#3056 = STYLED_ITEM ( 'NONE', ( #3748 ), #243 ) ;
#3057 =( LENGTH_UNIT ( ) NAMED_UNIT ( * ) SI_UNIT ( .MILLI., .METRE. ) );
#3058 = DIRECTION ( 'NONE',  ( 0.0000000000000000000, 1.715124499442879932E-15, -1.000000000000000000 ) ) ;
#3059 = VECTOR ( 'NONE', #2514, 1000.000000000000000 ) ;
#3060 = EDGE_CURVE ( 'NONE', #663, #5004, #221, .T. ) ;
#3061 =( NAMED_UNIT ( * ) PLANE_ANGLE_UNIT ( ) SI_UNIT ( $, .RADIAN. ) );
#3062 = CARTESIAN_POINT ( 'NONE',  ( 0.7908746792755909638, 4.799999999999999822, 0.1999999999999998168 ) ) ;
#3063 = VECTOR ( 'NONE', #1565, 1000.000000000000000 ) ;
#3064 = EDGE_CURVE ( 'NONE', #875, #2774, #648, .T. ) ;
#3065 = AXIS2_PLACEMENT_3D ( 'NONE', #5733, #5820, #5210 ) ;
#3066 = APPLICATION_PROTOCOL_DEFINITION ( 'draft international standard', 'automotive_design', 1998, #7006 ) ;
#3067 = VERTEX_POINT ( 'NONE', #285 ) ;
#3068 =( NAMED_UNIT ( * ) SI_UNIT ( $, .STERADIAN. ) SOLID_ANGLE_UNIT ( ) );
#3069 = LINE ( 'NONE', #733, #408 ) ;
#3070 = COLOUR_RGB ( '',0.8666666666666666963, 0.8666666666666666963, 0.8666666666666666963 ) ;
#3071 = COLOUR_RGB ( '',0.8666666666666666963, 0.8666666666666666963, 0.8666666666666666963 ) ;
#3072 = DIRECTION ( 'NONE',  ( -1.000000000000000000, 0.0000000000000000000, 0.0000000000000000000 ) ) ;
#3073 = SURFACE_STYLE_FILL_AREA ( #778 ) ;
#3074 = EDGE_CURVE ( 'NONE', #219, #766, #7224, .T. ) ;
#3075 = VECTOR ( 'NONE', #5496, 1000.000000000000000 ) ;
#3076 = PRESENTATION_LAYER_ASSIGNMENT (  '', '', ( #6502 ) ) ;
#3077 = EDGE_LOOP ( 'NONE', ( #4433, #5534, #1279, #2058 ) ) ;
#3078 = AXIS2_PLACEMENT_3D ( 'NONE', #2041, #1499, #5036 ) ;
#3079 = EDGE_LOOP ( 'NONE', ( #5397, #5546, #166, #6688, #3625, #5559, #961, #4959, #6131, #4230, #5868, #1294, #789, #2239 ) ) ;
#3080 = PRESENTATION_STYLE_ASSIGNMENT (( #3147 ) ) ;
#3081 = DIRECTION ( 'NONE',  ( 1.000000000000000000, 0.0000000000000000000, 0.0000000000000000000 ) ) ;
#3082 = LINE ( 'NONE', #6022, #1716 ) ;
#3083 = AXIS2_PLACEMENT_3D ( 'NONE', #6377, #6347, #2310 ) ;
#3084 = PRESENTATION_LAYER_ASSIGNMENT (  '', '', ( #634 ) ) ;
#3085 = PRESENTATION_LAYER_ASSIGNMENT (  '', '', ( #1241 ) ) ;
#3086 = EDGE_CURVE ( 'NONE', #5903, #2782, #1431, .T. ) ;
#3087 = DIRECTION ( 'NONE',  ( -1.000000000000000000, 0.0000000000000000000, 0.0000000000000000000 ) ) ;
#3088 = SURFACE_STYLE_FILL_AREA ( #3650 ) ;
#3089 = CYLINDRICAL_SURFACE ( 'NONE', #5061, 0.2000000000000000111 ) ;
#3090 = CARTESIAN_POINT ( 'NONE',  ( -3.250000000000000444, 0.0000000000000000000, 3.258928571428569843 ) ) ;
#3091 = ORIENTED_EDGE ( 'NONE', *, *, #3019, .F. ) ;
#3092 = ORIENTED_EDGE ( 'NONE', *, *, #2027, .T. ) ;
#3093 =( NAMED_UNIT ( * ) PLANE_ANGLE_UNIT ( ) SI_UNIT ( $, .RADIAN. ) );
#3094 = CARTESIAN_POINT ( 'NONE',  ( 1.980211718476390326, 3.329000000000000181, -0.1429203673205090008 ) ) ;
#3095 = CARTESIAN_POINT ( 'NONE',  ( 1.848138122877330052E-16, 2.399999999999999911, -0.5000000000000000000 ) ) ;
#3096 = AXIS2_PLACEMENT_3D ( 'NONE', #4209, #4129, #3557 ) ;
#3097 = ADVANCED_FACE ( 'NONE', ( #5435 ), #7195, .T. ) ;
#3098 = AXIS2_PLACEMENT_3D ( 'NONE', #1354, #3641, #6058 ) ;
#3099 = DIRECTION ( 'NONE',  ( -1.000000000000000000, 0.0000000000000000000, 0.0000000000000000000 ) ) ;
#3100 = SURFACE_STYLE_USAGE ( .BOTH. , #1456 ) ;
#3101 = ORIENTED_EDGE ( 'NONE', *, *, #5443, .F. ) ;
#3102 = DIRECTION ( 'NONE',  ( -0.0000000000000000000, 0.0000000000000000000, -1.000000000000000000 ) ) ;
#3103 = STYLED_ITEM ( 'NONE', ( #6942 ), #3169 ) ;
#3104 = DIRECTION ( 'NONE',  ( 0.0000000000000000000, 0.0000000000000000000, -1.000000000000000000 ) ) ;
#3105 =( LENGTH_UNIT ( ) NAMED_UNIT ( * ) SI_UNIT ( .MILLI., .METRE. ) );
#3106 = ORIENTED_EDGE ( 'NONE', *, *, #5104, .T. ) ;
#3107 = DIRECTION ( 'NONE',  ( 0.0000000000000000000, 1.000000000000000000, 0.0000000000000000000 ) ) ;
#3108 = UNCERTAINTY_MEASURE_WITH_UNIT (LENGTH_MEASURE( 1.000000000000000082E-05 ), #170, 'distance_accuracy_value', 'NONE');
#3109 = CARTESIAN_POINT ( 'NONE',  ( 0.0000000000000000000, 0.2999999999999999889, 2.000000000000000000 ) ) ;
#3110 =( GEOMETRIC_REPRESENTATION_CONTEXT ( 3 ) GLOBAL_UNCERTAINTY_ASSIGNED_CONTEXT ( ( #6411 ) ) GLOBAL_UNIT_ASSIGNED_CONTEXT ( ( #695, #3061, #7187 ) ) REPRESENTATION_CONTEXT ( 'NONE', 'WORKASPACE' ) );
#3111 = CIRCLE ( 'NONE', #2370, 4.000289042323469602 ) ;
#3112 = PRESENTATION_STYLE_ASSIGNMENT (( #2534 ) ) ;
#3113 = EDGE_LOOP ( 'NONE', ( #3172, #4213 ) ) ;
#3114 = ORIENTED_EDGE ( 'NONE', *, *, #3273, .T. ) ;
#3115 = DIRECTION ( 'NONE',  ( 0.0000000000000000000, -1.000000000000000000, -1.715124499442879932E-15 ) ) ;
#3116 = CARTESIAN_POINT ( 'NONE',  ( -2.000000000000000000, 0.0000000000000000000, 2.000000000000000000 ) ) ;
#3117 = EDGE_CURVE ( 'NONE', #1987, #1016, #6026, .T. ) ;
#3118 = SURFACE_STYLE_FILL_AREA ( #2021 ) ;
#3119 = EDGE_CURVE ( 'NONE', #7390, #1956, #5195, .T. ) ;
#3120 = PRESENTATION_LAYER_ASSIGNMENT (  '', '', ( #3862 ) ) ;
#3121 = PRESENTATION_LAYER_ASSIGNMENT (  '', '', ( #5542 ) ) ;
#3122 = UNCERTAINTY_MEASURE_WITH_UNIT (LENGTH_MEASURE( 1.000000000000000082E-05 ), #449, 'distance_accuracy_value', 'NONE');
#3123 = CARTESIAN_POINT ( 'NONE',  ( -0.1528146411127589976, 0.7936893203883490511, 0.2000000000000000111 ) ) ;
#3124 = DIRECTION ( 'NONE',  ( -1.516658762642049965E-31, 1.000000000000000000, -1.935436182511161167E-47 ) ) ;
#3125 = VERTEX_POINT ( 'NONE', #1688 ) ;
#3126 = AXIS2_PLACEMENT_3D ( 'NONE', #2360, #6869, #1804 ) ;
#3127 = PRESENTATION_LAYER_ASSIGNMENT (  '', '', ( #5796 ) ) ;
#3128 = VERTEX_POINT ( 'NONE', #7563 ) ;
#3129 = SURFACE_STYLE_USAGE ( .BOTH. , #1448 ) ;
#3130 = CARTESIAN_POINT ( 'NONE',  ( 0.8974856379405811158, -2.294836366436268094, 0.3328914605633899182 ) ) ;
#3131 = ADVANCED_FACE ( 'NONE', ( #4527 ), #3905, .T. ) ;
#3132 = MECHANICAL_DESIGN_GEOMETRIC_PRESENTATION_REPRESENTATION (  '', ( #5931 ), #7554 ) ;
#3133 = SURFACE_STYLE_FILL_AREA ( #6035 ) ;
#3134 = DIRECTION ( 'NONE',  ( 0.0000000000000000000, 0.0000000000000000000, -1.000000000000000000 ) ) ;
#3135 = DIRECTION ( 'NONE',  ( 1.000000000000000000, -0.0000000000000000000, -0.0000000000000000000 ) ) ;
#3136 = DIRECTION ( 'NONE',  ( 1.000000000000000000, 0.0000000000000000000, -0.0000000000000000000 ) ) ;
#3137 = EDGE_LOOP ( 'NONE', ( #927, #7283, #1957, #6543 ) ) ;
#3138 = EDGE_CURVE ( 'NONE', #4426, #1290, #948, .T. ) ;
#3139 = FILL_AREA_STYLE_COLOUR ( '', #5999 ) ;
#3140 = PLANE ( 'NONE',  #2134 ) ;
#3141 = CARTESIAN_POINT ( 'NONE',  ( -0.3868562485163580811, -1.802697942876719583, 0.3860876042082061477 ) ) ;
#3142 = EDGE_LOOP ( 'NONE', ( #3566, #2066, #1560, #2456 ) ) ;
#3143 = SURFACE_SIDE_STYLE ('',( #6648 ) ) ;
#3144 = SURFACE_STYLE_USAGE ( .BOTH. , #2533 ) ;
#3145 = ORIENTED_EDGE ( 'NONE', *, *, #4726, .F. ) ;
#3146 = VERTEX_POINT ( 'NONE', #3399 ) ;
#3147 = SURFACE_STYLE_USAGE ( .BOTH. , #664 ) ;
#3148 = PLANE ( 'NONE',  #46 ) ;
#3149 = DIRECTION ( 'NONE',  ( 1.000000000000000000, -8.673617379884009834E-16, -7.703719777548918890E-31 ) ) ;
#3150 = COLOUR_RGB ( '',1.000000000000000000, 1.000000000000000000, 1.000000000000000000 ) ;
#3151 = LINE ( 'NONE', #2503, #4652 ) ;
#3152 = LINE ( 'NONE', #3189, #2250 ) ;
#3153 = EDGE_CURVE ( 'NONE', #4918, #7424, #5692, .T. ) ;
#3154 = SURFACE_SIDE_STYLE ('',( #3850 ) ) ;
#3155 = CARTESIAN_POINT ( 'NONE',  ( -0.8091253207244090140, 5.900001307200500200, -0.6172085837295769872 ) ) ;
#3156 = EDGE_CURVE ( 'NONE', #7390, #1305, #6349, .T. ) ;
#3157 = FILL_AREA_STYLE_COLOUR ( '', #923 ) ;
#3158 = ORIENTED_EDGE ( 'NONE', *, *, #5224, .F. ) ;
#3159 = ORIENTED_EDGE ( 'NONE', *, *, #1300, .F. ) ;
#3160 = CARTESIAN_POINT ( 'NONE',  ( -0.1528146411127589976, 1.621921473114910306, -1.180472342549589992 ) ) ;
#3161 = DIRECTION ( 'NONE',  ( 0.0000000000000000000, 0.0000000000000000000, 1.000000000000000000 ) ) ;
#3162 = LINE ( 'NONE', #899, #6550 ) ;
#3163 = EDGE_CURVE ( 'NONE', #1269, #2619, #6975, .T. ) ;
#3164 = FILL_AREA_STYLE ('',( #3206 ) ) ;
#3165 = ORIENTED_EDGE ( 'NONE', *, *, #680, .F. ) ;
#3166 = SURFACE_STYLE_FILL_AREA ( #5494 ) ;
#3167 = SURFACE_STYLE_FILL_AREA ( #273 ) ;
#3168 =( NAMED_UNIT ( * ) SI_UNIT ( $, .STERADIAN. ) SOLID_ANGLE_UNIT ( ) );
#3169 = ADVANCED_FACE ( 'NONE', ( #3320 ), #5105, .T. ) ;
#3170 = DIRECTION ( 'NONE',  ( 0.0000000000000000000, -0.8660254037844380415, -0.5000000000000009992 ) ) ;
#3171 = PRESENTATION_LAYER_ASSIGNMENT (  '', '', ( #5604 ) ) ;
#3172 = ORIENTED_EDGE ( 'NONE', *, *, #6984, .T. ) ;
#3173 = PRESENTATION_STYLE_ASSIGNMENT (( #3755 ) ) ;
#3174 = DIRECTION ( 'NONE',  ( 0.0000000000000000000, 0.0000000000000000000, -1.000000000000000000 ) ) ;
#3175 = VECTOR ( 'NONE', #572, 1000.000000000000000 ) ;
#3176 = AXIS2_PLACEMENT_3D ( 'NONE', #849, #7231, #228 ) ;
#3177 = CARTESIAN_POINT ( 'NONE',  ( 0.5000000000000000000, 1.699999999999999956, -1.600000000000000089 ) ) ;
#3178 =( NAMED_UNIT ( * ) PLANE_ANGLE_UNIT ( ) SI_UNIT ( $, .RADIAN. ) );
#3179 = ORIENTED_EDGE ( 'NONE', *, *, #3618, .F. ) ;
#3180 = AXIS2_PLACEMENT_3D ( 'NONE', #3366, #3943, #4147 ) ;
#3181 = ORIENTED_EDGE ( 'NONE', *, *, #956, .F. ) ;
#3182 = FACE_OUTER_BOUND ( 'NONE', #3604, .T. ) ;
#3183 =( NAMED_UNIT ( * ) PLANE_ANGLE_UNIT ( ) SI_UNIT ( $, .RADIAN. ) );
#3184 = LINE ( 'NONE', #4893, #2692 ) ;
#3185 = UNCERTAINTY_MEASURE_WITH_UNIT (LENGTH_MEASURE( 1.000000000000000082E-05 ), #4604, 'distance_accuracy_value', 'NONE');
#3186 = FACE_OUTER_BOUND ( 'NONE', #915, .T. ) ;
#3187 = PRODUCT_DEFINITION_SHAPE ( 'NONE', 'NONE',  #7597 ) ;
#3188 = VECTOR ( 'NONE', #6487, 1000.000000000000000 ) ;
#3189 = CARTESIAN_POINT ( 'NONE',  ( 0.6903442030978960142, -0.2500000000000008327, 0.06698729810778082661 ) ) ;
#3190 =( GEOMETRIC_REPRESENTATION_CONTEXT ( 3 ) GLOBAL_UNCERTAINTY_ASSIGNED_CONTEXT ( ( #1897 ) ) GLOBAL_UNIT_ASSIGNED_CONTEXT ( ( #805, #7257, #6083 ) ) REPRESENTATION_CONTEXT ( 'NONE', 'WORKASPACE' ) );
#3191 = PRESENTATION_STYLE_ASSIGNMENT (( #7235 ) ) ;
#3192 = DIRECTION ( 'NONE',  ( 0.0000000000000000000, -0.0000000000000000000, 1.000000000000000000 ) ) ;
#3193 = CARTESIAN_POINT ( 'NONE',  ( 0.4417258743745440253, 4.999999999999999112, -5.650695048136078665E-16 ) ) ;
#3194 = ORIENTED_EDGE ( 'NONE', *, *, #6939, .F. ) ;
#3195 = VERTEX_POINT ( 'NONE', #6465 ) ;
#3196 = STYLED_ITEM ( 'NONE', ( #2347 ), #2237 ) ;
#3197 = DIRECTION ( 'NONE',  ( 0.0000000000000000000, -1.000000000000000000, -0.0000000000000000000 ) ) ;
#3198 = LINE ( 'NONE', #3130, #3059 ) ;
#3199 = COLOUR_RGB ( '',0.0000000000000000000, 0.0000000000000000000, 1.000000000000000000 ) ;
#3200 = VECTOR ( 'NONE', #2193, 1000.000000000000000 ) ;
#3201 =( LENGTH_UNIT ( ) NAMED_UNIT ( * ) SI_UNIT ( .MILLI., .METRE. ) );
#3202 = FILL_AREA_STYLE_COLOUR ( '', #3461 ) ;
#3203 = MECHANICAL_DESIGN_GEOMETRIC_PRESENTATION_REPRESENTATION (  '', ( #7264 ), #2959 ) ;
#3204 = FILL_AREA_STYLE_COLOUR ( '', #4691 ) ;
#3205 = DIRECTION ( 'NONE',  ( 1.000000000000000000, -3.399077683617220112E-33, 5.551115123125780237E-17 ) ) ;
#3206 = FILL_AREA_STYLE_COLOUR ( '', #2685 ) ;
#3207 = VERTEX_POINT ( 'NONE', #640 ) ;
#3208 = FILL_AREA_STYLE_COLOUR ( '', #5755 ) ;
#3209 = ADVANCED_FACE ( 'NONE', ( #3504 ), #1766, .T. ) ;
#3210 = AXIS2_PLACEMENT_3D ( 'NONE', #4964, #3329, #3837 ) ;
#3211 = SURFACE_STYLE_USAGE ( .BOTH. , #3784 ) ;
#3212 = CARTESIAN_POINT ( 'NONE',  ( -0.009125320724410256740, -2.599998692799499800, -0.6172085837295708810 ) ) ;
#3213 = B_SPLINE_CURVE_WITH_KNOTS ( 'NONE', 3,
 ( #340, #6733, #2090, #5675, #447, #2663, #4403, #3307 ),
 .UNSPECIFIED., .F., .F.,
 ( 4, 2, 2, 4 ),
 ( 1.084202172485504434E-19, 0.0003254673714821888883, 0.0006509347429643776682, 0.001301869485928755770 ),
 .UNSPECIFIED. ) ;
#3214 = EDGE_LOOP ( 'NONE', ( #1446, #6356, #3915, #4710 ) ) ;
#3215 = CARTESIAN_POINT ( 'NONE',  ( 1.130211718476388683, 3.329000000000000181, -1.798920367320508529 ) ) ;
#3216 = EDGE_CURVE ( 'NONE', #3331, #3354, #7137, .T. ) ;
#3217 = FACE_OUTER_BOUND ( 'NONE', #2211, .T. ) ;
#3218 = STYLED_ITEM ( 'NONE', ( #2980 ), #3209 ) ;
#3219 = CARTESIAN_POINT ( 'NONE',  ( 0.4395356215117700027, -0.5314590448382460197, -1.322858166896750065 ) ) ;
#3220 = FACE_OUTER_BOUND ( 'NONE', #6671, .T. ) ;
#3221 = CARTESIAN_POINT ( 'NONE',  ( -0.01978828152361089901, -2.194836366436272890, 0.1596863798065065732 ) ) ;
#3222 = PRESENTATION_STYLE_ASSIGNMENT (( #3840 ) ) ;
#3223 = ORIENTED_EDGE ( 'NONE', *, *, #3020, .F. ) ;
#3224 = EDGE_LOOP ( 'NONE', ( #2651, #472, #3410, #3194, #7477, #7179, #7250, #3290 ) ) ;
#3225 = DIRECTION ( 'NONE',  ( 1.000000000000000000, 0.0000000000000000000, 0.0000000000000000000 ) ) ;
#3226 = DIRECTION ( 'NONE',  ( -0.0000000000000000000, -1.276756478318930021E-15, 1.000000000000000000 ) ) ;
#3227 = EDGE_CURVE ( 'NONE', #4577, #1196, #161, .T. ) ;
#3228 = FILL_AREA_STYLE ('',( #5091 ) ) ;
#3229 = VECTOR ( 'NONE', #2863, 1000.000000000000000 ) ;
#3230 = DIRECTION ( 'NONE',  ( 0.0000000000000000000, 0.0000000000000000000, -1.000000000000000000 ) ) ;
#3231 = CARTESIAN_POINT ( 'NONE',  ( -0.01978828152361080187, 2.922498976444949825, 0.2000000000000000111 ) ) ;
#3232 = ORIENTED_EDGE ( 'NONE', *, *, #187, .F. ) ;
#3233 = EDGE_LOOP ( 'NONE', ( #7447, #356, #590, #1710, #7228, #2545 ) ) ;
#3234 = PRESENTATION_STYLE_ASSIGNMENT (( #5021 ) ) ;
#3235 =( GEOMETRIC_REPRESENTATION_CONTEXT ( 3 ) GLOBAL_UNCERTAINTY_ASSIGNED_CONTEXT ( ( #1115 ) ) GLOBAL_UNIT_ASSIGNED_CONTEXT ( ( #6193, #6146, #3928 ) ) REPRESENTATION_CONTEXT ( 'NONE', 'WORKASPACE' ) );
#3236 = VECTOR ( 'NONE', #6130, 1000.000000000000000 ) ;
#3237 = DIRECTION ( 'NONE',  ( -1.000000000000000000, 0.0000000000000000000, 0.0000000000000000000 ) ) ;
#3238 = SURFACE_STYLE_USAGE ( .BOTH. , #1643 ) ;
#3239 = DIRECTION ( 'NONE',  ( 0.0000000000000000000, -0.5000000000000009992, 0.8660254037844380415 ) ) ;
#3240 = DIRECTION ( 'NONE',  ( -1.000000000000000000, 0.0000000000000000000, -0.0000000000000000000 ) ) ;
#3241 = FILL_AREA_STYLE_COLOUR ( '', #2623 ) ;
#3242 = AXIS2_PLACEMENT_3D ( 'NONE', #7401, #5016, #1566 ) ;
#3243 = COLOUR_RGB ( '',1.000000000000000000, 1.000000000000000000, 1.000000000000000000 ) ;
#3244 = VECTOR ( 'NONE', #7125, 1000.000000000000000 ) ;
#3245 =( LENGTH_UNIT ( ) NAMED_UNIT ( * ) SI_UNIT ( .MILLI., .METRE. ) );
#3246 = LINE ( 'NONE', #1997, #2242 ) ;
#3247 = ORIENTED_EDGE ( 'NONE', *, *, #3887, .F. ) ;
#3248 = COLOUR_RGB ( '',0.8666666666666666963, 0.8666666666666666963, 0.8666666666666666963 ) ;
#3249 = AXIS2_PLACEMENT_3D ( 'NONE', #2639, #6749, #1551 ) ;
#3250 = PLANE ( 'NONE',  #389 ) ;
#3251 = SURFACE_SIDE_STYLE ('',( #6746 ) ) ;
#3252 = DIRECTION ( 'NONE',  ( 0.0000000000000000000, 1.000000000000000000, 0.0000000000000000000 ) ) ;
#3253 = EDGE_CURVE ( 'NONE', #928, #7346, #1808, .T. ) ;
#3254 = ADVANCED_FACE ( 'NONE', ( #4193 ), #3015, .F. ) ;
#3255 = EDGE_LOOP ( 'NONE', ( #5556, #7481, #6093, #3805 ) ) ;
#3256 = LINE ( 'NONE', #5609, #4519 ) ;
#3257 =( NAMED_UNIT ( * ) PLANE_ANGLE_UNIT ( ) SI_UNIT ( $, .RADIAN. ) );
#3258 = FACE_OUTER_BOUND ( 'NONE', #2559, .T. ) ;
#3259 = CARTESIAN_POINT ( 'NONE',  ( -0.5000000000000000000, 0.0000000000000000000, 3.258928571428569843 ) ) ;
#3260 = CARTESIAN_POINT ( 'NONE',  ( -0.5000000000000000000, 0.2999999999999999889, 2.000000000000000000 ) ) ;
#3261 = FACE_OUTER_BOUND ( 'NONE', #6497, .T. ) ;
#3262 = FILL_AREA_STYLE_COLOUR ( '', #1679 ) ;
#3263 = EDGE_CURVE ( 'NONE', #6970, #2971, #3246, .T. ) ;
#3264 = ORIENTED_EDGE ( 'NONE', *, *, #2529, .F. ) ;
#3265 = ORIENTED_EDGE ( 'NONE', *, *, #492, .T. ) ;
#3266 = FILL_AREA_STYLE ('',( #2655 ) ) ;
#3267 = DIRECTION ( 'NONE',  ( -1.000000000000000000, -0.0000000000000000000, -0.0000000000000000000 ) ) ;
#3268 = FILL_AREA_STYLE_COLOUR ( '', #2311 ) ;
#3269 = UNCERTAINTY_MEASURE_WITH_UNIT (LENGTH_MEASURE( 1.000000000000000082E-05 ), #3989, 'distance_accuracy_value', 'NONE');
#3270 = PRESENTATION_STYLE_ASSIGNMENT (( #3846 ) ) ;
#3271 = PLANE ( 'NONE',  #1124 ) ;
#3272 =( NAMED_UNIT ( * ) SI_UNIT ( $, .STERADIAN. ) SOLID_ANGLE_UNIT ( ) );
#3273 = EDGE_CURVE ( 'NONE', #1938, #7589, #7163, .T. ) ;
#3274 = ORIENTED_EDGE ( 'NONE', *, *, #1833, .T. ) ;
#3275 = ORIENTED_EDGE ( 'NONE', *, *, #6969, .F. ) ;
#3276 = SURFACE_SIDE_STYLE ('',( #5712 ) ) ;
#3277 =( GEOMETRIC_REPRESENTATION_CONTEXT ( 3 ) GLOBAL_UNCERTAINTY_ASSIGNED_CONTEXT ( ( #5852 ) ) GLOBAL_UNIT_ASSIGNED_CONTEXT ( ( #3201, #6147, #6821 ) ) REPRESENTATION_CONTEXT ( 'NONE', 'WORKASPACE' ) );
#3278 =( LENGTH_UNIT ( ) NAMED_UNIT ( * ) SI_UNIT ( .MILLI., .METRE. ) );
#3279 = FACE_OUTER_BOUND ( 'NONE', #2521, .T. ) ;
#3280 = UNCERTAINTY_MEASURE_WITH_UNIT (LENGTH_MEASURE( 1.000000000000000082E-05 ), #815, 'distance_accuracy_value', 'NONE');
#3281 = DIRECTION ( 'NONE',  ( 0.0000000000000000000, 0.0000000000000000000, -1.000000000000000000 ) ) ;
#3282 = FACE_OUTER_BOUND ( 'NONE', #4242, .T. ) ;
#3283 = SURFACE_SIDE_STYLE ('',( #5750 ) ) ;
#3284 = SURFACE_SIDE_STYLE ('',( #5566 ) ) ;
#3285 = ORIENTED_EDGE ( 'NONE', *, *, #6154, .T. ) ;
#3286 = CARTESIAN_POINT ( 'NONE',  ( -0.8091253207244090140, 2.899999999999999911, -1.949231046932160094 ) ) ;
#3287 = CARTESIAN_POINT ( 'NONE',  ( 0.0000000000000000000, 0.0000000000000000000, 1.800000000000000266 ) ) ;
#3288 = LINE ( 'NONE', #4875, #7291 ) ;
#3289 = DIRECTION ( 'NONE',  ( 0.0000000000000000000, 0.0000000000000000000, -1.000000000000000000 ) ) ;
#3290 = ORIENTED_EDGE ( 'NONE', *, *, #5282, .T. ) ;
#3291 = FILL_AREA_STYLE_COLOUR ( '', #1608 ) ;
#3292 = DIRECTION ( 'NONE',  ( 0.0000000000000000000, 2.664535259100376486E-15, 1.000000000000000000 ) ) ;
#3293 =( NAMED_UNIT ( * ) SI_UNIT ( $, .STERADIAN. ) SOLID_ANGLE_UNIT ( ) );
#3294 = EDGE_CURVE ( 'NONE', #7533, #1975, #309, .T. ) ;
#3295 = CARTESIAN_POINT ( 'NONE',  ( 1.980211718476390326, 3.329000000000000181, -0.1429203673205100000 ) ) ;
#3296 = FACE_OUTER_BOUND ( 'NONE', #184, .T. ) ;
#3297 = COLOUR_RGB ( '',0.8666666666666666963, 0.8666666666666666963, 0.8666666666666666963 ) ;
#3298 =( LENGTH_UNIT ( ) NAMED_UNIT ( * ) SI_UNIT ( .MILLI., .METRE. ) );
#3299 = EDGE_LOOP ( 'NONE', ( #6997, #4879, #1035, #7545 ) ) ;
#3300 = ORIENTED_EDGE ( 'NONE', *, *, #6251, .T. ) ;
#3301 = EDGE_CURVE ( 'NONE', #7424, #5211, #4228, .T. ) ;
#3302 =( GEOMETRIC_REPRESENTATION_CONTEXT ( 3 ) GLOBAL_UNCERTAINTY_ASSIGNED_CONTEXT ( ( #5336 ) ) GLOBAL_UNIT_ASSIGNED_CONTEXT ( ( #3581, #1877, #3987 ) ) REPRESENTATION_CONTEXT ( 'NONE', 'WORKASPACE' ) );
#3303 = FILL_AREA_STYLE ('',( #2123 ) ) ;
#3304 = MECHANICAL_DESIGN_GEOMETRIC_PRESENTATION_REPRESENTATION (  '', ( #4758 ), #4631 ) ;
#3305 = FILL_AREA_STYLE ('',( #7446 ) ) ;
#3306 = ORIENTED_EDGE ( 'NONE', *, *, #2062, .T. ) ;
#3307 = CARTESIAN_POINT ( 'NONE',  ( -1.396424004376893624, 2.399999999999999467, 0.5000000000000008882 ) ) ;
#3308 = PLANE ( 'NONE',  #5154 ) ;
#3309 = AXIS2_PLACEMENT_3D ( 'NONE', #4051, #1263, #6389 ) ;
#3310 = AXIS2_PLACEMENT_3D ( 'NONE', #6878, #1632, #3950 ) ;
#3311 = EDGE_CURVE ( 'NONE', #6094, #4290, #1378, .T. ) ;
#3312 = DIRECTION ( 'NONE',  ( 0.0000000000000000000, 0.0000000000000000000, -1.000000000000000000 ) ) ;
#3313 = VECTOR ( 'NONE', #1849, 1000.000000000000000 ) ;
#3314 = ORIENTED_EDGE ( 'NONE', *, *, #4173, .F. ) ;
#3315 = FACE_OUTER_BOUND ( 'NONE', #1681, .T. ) ;
#3316 = STYLED_ITEM ( 'NONE', ( #3270 ), #5415 ) ;
#3317 = CARTESIAN_POINT ( 'NONE',  ( -0.009125320724409885509, -0.5314590448382460197, -1.322858166896750065 ) ) ;
#3318 = VECTOR ( 'NONE', #5370, 1000.000000000000000 ) ;
#3319 = LINE ( 'NONE', #6830, #5753 ) ;
#3320 = FACE_OUTER_BOUND ( 'NONE', #3411, .T. ) ;
#3321 = FILL_AREA_STYLE_COLOUR ( '', #4144 ) ;
#3322 = MECHANICAL_DESIGN_GEOMETRIC_PRESENTATION_REPRESENTATION (  '', ( #6898 ), #4175 ) ;
#3323 = ORIENTED_EDGE ( 'NONE', *, *, #7413, .T. ) ;
#3324 = SURFACE_STYLE_USAGE ( .BOTH. , #4455 ) ;
#3325 = CARTESIAN_POINT ( 'NONE',  ( -0.3868562485163580256, 0.0000000000000000000, 0.0000000000000000000 ) ) ;
#3326 = COLOUR_RGB ( '',0.8666666666666666963, 0.8666666666666666963, 0.8666666666666666963 ) ;
#3327 = SURFACE_STYLE_USAGE ( .BOTH. , #1840 ) ;
#3328 = SURFACE_STYLE_USAGE ( .BOTH. , #1731 ) ;
#3329 = DIRECTION ( 'NONE',  ( 1.000000000000000000, -0.0000000000000000000, -0.0000000000000000000 ) ) ;
#3330 = SURFACE_STYLE_FILL_AREA ( #5114 ) ;
#3331 = VERTEX_POINT ( 'NONE', #6669 ) ;
#3332 = ORIENTED_EDGE ( 'NONE', *, *, #5721, .T. ) ;
#3333 = CYLINDRICAL_SURFACE ( 'NONE', #2826, 0.2999999999999999889 ) ;
#3334 = CARTESIAN_POINT ( 'NONE',  ( 0.8954823738517568854, 2.400000000000001243, 1.202243478597876170 ) ) ;
#3335 =( NAMED_UNIT ( * ) SI_UNIT ( $, .STERADIAN. ) SOLID_ANGLE_UNIT ( ) );
#3336 = UNCERTAINTY_MEASURE_WITH_UNIT (LENGTH_MEASURE( 1.000000000000000082E-05 ), #7549, 'distance_accuracy_value', 'NONE');
#3337 = DIRECTION ( 'NONE',  ( 0.0000000000000000000, -1.000000000000000000, 5.551115123125780237E-17 ) ) ;
#3338 = FILL_AREA_STYLE_COLOUR ( '', #6004 ) ;
#3339 = COLOUR_RGB ( '',0.0000000000000000000, 0.0000000000000000000, 1.000000000000000000 ) ;
#3340 = SURFACE_SIDE_STYLE ('',( #6221 ) ) ;
#3341 = ORIENTED_EDGE ( 'NONE', *, *, #5720, .T. ) ;
#3342 = ORIENTED_EDGE ( 'NONE', *, *, #107, .F. ) ;
#3343 = ADVANCED_FACE ( 'NONE', ( #1419 ), #4907, .F. ) ;
#3344 = LINE ( 'NONE', #5636, #4265 ) ;
#3345 = UNCERTAINTY_MEASURE_WITH_UNIT (LENGTH_MEASURE( 1.000000000000000082E-05 ), #4101, 'distance_accuracy_value', 'NONE');
#3346 = CIRCLE ( 'NONE', #660, 2.700000000000000178 ) ;
#3347 =( LENGTH_UNIT ( ) NAMED_UNIT ( * ) SI_UNIT ( .MILLI., .METRE. ) );
#3348 = CARTESIAN_POINT ( 'NONE',  ( -0.8091253207244090140, 5.000000000000002665, -0.04292036732051092429 ) ) ;
#3349 = CARTESIAN_POINT ( 'NONE',  ( 3.306546357697853733E-16, 2.299999999999999822, 2.209000000000000075 ) ) ;
#3350 = SURFACE_STYLE_USAGE ( .BOTH. , #7412 ) ;
#3351 = COLOUR_RGB ( '',0.0000000000000000000, 0.0000000000000000000, 1.000000000000000000 ) ;
#3352 =( GEOMETRIC_REPRESENTATION_CONTEXT ( 3 ) GLOBAL_UNCERTAINTY_ASSIGNED_CONTEXT ( ( #2891 ) ) GLOBAL_UNIT_ASSIGNED_CONTEXT ( ( #1501, #7524, #1094 ) ) REPRESENTATION_CONTEXT ( 'NONE', 'WORKASPACE' ) );
#3353 = COLOUR_RGB ( '',0.8666666666666666963, 0.8666666666666666963, 0.8666666666666666963 ) ;
#3354 = VERTEX_POINT ( 'NONE', #3971 ) ;
#3355 =( NAMED_UNIT ( * ) SI_UNIT ( $, .STERADIAN. ) SOLID_ANGLE_UNIT ( ) );
#3356 = VECTOR ( 'NONE', #3651, 1000.000000000000000 ) ;
#3357 = VECTOR ( 'NONE', #1807, 1000.000000000000000 ) ;
#3358 = LINE ( 'NONE', #4597, #4889 ) ;
#3359 = CARTESIAN_POINT ( 'NONE',  ( 0.1637457019727630025, 2.522498976444949914, -0.1000000000000000056 ) ) ;
#3360 = CARTESIAN_POINT ( 'NONE',  ( 1.980211718476390326, 3.328999999999989967, -4.142920367320510167 ) ) ;
#3361 = ADVANCED_FACE ( 'NONE', ( #6345 ), #1538, .T. ) ;
#3362 = PRESENTATION_LAYER_ASSIGNMENT (  '', '', ( #2143 ) ) ;
#3363 = PRESENTATION_LAYER_ASSIGNMENT (  '', '', ( #4092 ) ) ;
#3364 = COLOUR_RGB ( '',0.8666666666666666963, 0.8666666666666666963, 0.8666666666666666963 ) ;
#3365 = ORIENTED_EDGE ( 'NONE', *, *, #534, .T. ) ;
#3366 = CARTESIAN_POINT ( 'NONE',  ( -0.009125320724409505604, -0.5314590448382480181, -1.322858166896750065 ) ) ;
#3367 = DIRECTION ( 'NONE',  ( 0.0000000000000000000, -0.5000000000000009992, 0.8660254037844380415 ) ) ;
#3368 = SURFACE_STYLE_USAGE ( .BOTH. , #3582 ) ;
#3369 = FACE_OUTER_BOUND ( 'NONE', #3643, .T. ) ;
#3370 = STYLED_ITEM ( 'NONE', ( #7403 ), #7458 ) ;
#3371 = FILL_AREA_STYLE_COLOUR ( '', #3326 ) ;
#3372 = FACE_OUTER_BOUND ( 'NONE', #720, .T. ) ;
#3373 = DIRECTION ( 'NONE',  ( -3.386593223249870059E-16, -1.715124499442879932E-15, -1.000000000000000000 ) ) ;
#3374 = VERTEX_POINT ( 'NONE', #1574 ) ;
#3375 = ORIENTED_EDGE ( 'NONE', *, *, #6984, .F. ) ;
#3376 = COLOUR_RGB ( '',0.7921568627450980005, 0.8196078431372548767, 0.9333333333333333481 ) ;
#3377 = DIRECTION ( 'NONE',  ( -1.000000000000000000, -0.0000000000000000000, 6.123233995736769734E-17 ) ) ;
#3378 = PLANE ( 'NONE',  #2084 ) ;
#3379 = SURFACE_STYLE_FILL_AREA ( #6360 ) ;
#3380 = MECHANICAL_DESIGN_GEOMETRIC_PRESENTATION_REPRESENTATION (  '', ( #2523 ), #5698 ) ;
#3381 = DIRECTION ( 'NONE',  ( 0.0000000000000000000, 0.0000000000000000000, 1.000000000000000000 ) ) ;
#3382 = ORIENTED_EDGE ( 'NONE', *, *, #6684, .F. ) ;
#3383 = ORIENTED_EDGE ( 'NONE', *, *, #552, .T. ) ;
#3384 = CARTESIAN_POINT ( 'NONE',  ( 0.02163548006626800010, 2.600000000000000533, -0.5429203673205119651 ) ) ;
#3385 = CARTESIAN_POINT ( 'NONE',  ( -2.000000000000000000, 0.2999999999999999889, -0.5000000000000000000 ) ) ;
#3386 = CARTESIAN_POINT ( 'NONE',  ( 0.5000000000000000000, 0.0000000000000000000, 2.000000000000000000 ) ) ;
#3387 = STYLED_ITEM ( 'NONE', ( #831 ), #5133 ) ;
#3388 = PRODUCT_DEFINITION ( 'UNKNOWN', '', #4108, #2128 ) ;
#3389 = ADVANCED_FACE ( 'NONE', ( #3935 ), #4558, .F. ) ;
#3390 = LINE ( 'NONE', #481, #3468 ) ;
#3391 = DIRECTION ( 'NONE',  ( -1.000000000000000000, -0.0000000000000000000, -0.0000000000000000000 ) ) ;
#3392 = STYLED_ITEM ( 'NONE', ( #342 ), #5207 ) ;
#3393 = ORIENTED_EDGE ( 'NONE', *, *, #4632, .T. ) ;
#3394 = FACE_OUTER_BOUND ( 'NONE', #6900, .T. ) ;
#3395 = VECTOR ( 'NONE', #6719, 1000.000000000000000 ) ;
#3396 = EDGE_CURVE ( 'NONE', #1057, #5872, #1206, .T. ) ;
#3397 = DIRECTION ( 'NONE',  ( -0.0000000000000000000, 1.000000000000000000, -0.0000000000000000000 ) ) ;
#3398 = CARTESIAN_POINT ( 'NONE',  ( -0.2962236059849333025, 1.502059127418608808, -0.5000000000000002220 ) ) ;
#3399 = CARTESIAN_POINT ( 'NONE',  ( -1.169788281523610252, 3.328999999999998405, -1.798920367320509861 ) ) ;
#3400 = VERTEX_POINT ( 'NONE', #2305 ) ;
#3401 = EDGE_CURVE ( 'NONE', #4112, #1269, #4074, .T. ) ;
#3402 = DIRECTION ( 'NONE',  ( -0.0000000000000000000, -1.000000000000000000, -0.0000000000000000000 ) ) ;
#3403 = FILL_AREA_STYLE_COLOUR ( '', #6651 ) ;
#3404 = VERTEX_POINT ( 'NONE', #5339 ) ;
#3405 = VERTEX_POINT ( 'NONE', #5259 ) ;
#3406 = CARTESIAN_POINT ( 'NONE',  ( 1.396424004376891848, 2.400000000000000355, 0.5000000000000006661 ) ) ;
#3407 = FILL_AREA_STYLE_COLOUR ( '', #6120 ) ;
#3408 = UNCERTAINTY_MEASURE_WITH_UNIT (LENGTH_MEASURE( 1.000000000000000082E-05 ), #5808, 'distance_accuracy_value', 'NONE');
#3409 = PLANE ( 'NONE',  #3065 ) ;
#3410 = ORIENTED_EDGE ( 'NONE', *, *, #3576, .T. ) ;
#3411 = EDGE_LOOP ( 'NONE', ( #3496, #300, #1664, #5511 ) ) ;
#3412 = VECTOR ( 'NONE', #3004, 1000.000000000000000 ) ;
#3413 = LINE ( 'NONE', #6408, #2944 ) ;
#3414 = SURFACE_STYLE_FILL_AREA ( #4177 ) ;
#3415 = UNCERTAINTY_MEASURE_WITH_UNIT (LENGTH_MEASURE( 1.000000000000000082E-05 ), #6562, 'distance_accuracy_value', 'NONE');
#3416 = CIRCLE ( 'NONE', #3793, 0.2000000000000000111 ) ;
#3417 = SURFACE_SIDE_STYLE ('',( #1085 ) ) ;
#3418 = EDGE_LOOP ( 'NONE', ( #5155, #6326, #4164, #4037 ) ) ;
#3419 = AXIS2_PLACEMENT_3D ( 'NONE', #1275, #3599, #1823 ) ;
#3420 =( LENGTH_UNIT ( ) NAMED_UNIT ( * ) SI_UNIT ( .MILLI., .METRE. ) );
#3421 = EDGE_LOOP ( 'NONE', ( #4730, #7139, #1653, #3179 ) ) ;
#3422 = VECTOR ( 'NONE', #4412, 1000.000000000000000 ) ;
#3423 = CARTESIAN_POINT ( 'NONE',  ( -1.070740340649897870, 1.911240960669048805, -0.5000000000000001110 ) ) ;
#3424 = LINE ( 'NONE', #528, #969 ) ;
#3425 = DIRECTION ( 'NONE',  ( 1.000000000000000000, 0.0000000000000000000, 0.0000000000000000000 ) ) ;
#3426 = PRESENTATION_LAYER_ASSIGNMENT (  '', '', ( #617 ) ) ;
#3427 = EDGE_CURVE ( 'NONE', #5575, #3925, #4186, .T. ) ;
#3428 = ORIENTED_EDGE ( 'NONE', *, *, #2461, .F. ) ;
#3429 = ADVANCED_FACE ( 'NONE', ( #7008 ), #75, .F. ) ;
#3430 = AXIS2_PLACEMENT_3D ( 'NONE', #5227, #2243, #2758 ) ;
#3431 = LINE ( 'NONE', #1184, #4782 ) ;
#3432 = DIRECTION ( 'NONE',  ( -1.000000000000000000, -0.0000000000000000000, -0.0000000000000000000 ) ) ;
#3433 = COLOUR_RGB ( '',0.8666666666666666963, 0.8666666666666666963, 0.8666666666666666963 ) ;
#3434 = ORIENTED_EDGE ( 'NONE', *, *, #2885, .T. ) ;
#3435 = ADVANCED_FACE ( 'NONE', ( #558 ), #674, .T. ) ;
#3436 = SURFACE_SIDE_STYLE ('',( #7572 ) ) ;
#3437 = PRESENTATION_STYLE_ASSIGNMENT (( #5168 ) ) ;
#3438 =( NAMED_UNIT ( * ) SI_UNIT ( $, .STERADIAN. ) SOLID_ANGLE_UNIT ( ) );
#3439 = MECHANICAL_DESIGN_GEOMETRIC_PRESENTATION_REPRESENTATION (  '', ( #6378 ), #3941 ) ;
#3440 = DIRECTION ( 'NONE',  ( -1.000000000000000000, 0.0000000000000000000, 0.0000000000000000000 ) ) ;
#3441 = ORIENTED_EDGE ( 'NONE', *, *, #630, .F. ) ;
#3442 = VECTOR ( 'NONE', #5401, 1000.000000000000000 ) ;
#3443 = ORIENTED_EDGE ( 'NONE', *, *, #6845, .T. ) ;
#3444 = EDGE_CURVE ( 'NONE', #5478, #5483, #7039, .T. ) ;
#3445 = DIRECTION ( 'NONE',  ( -1.000000000000000000, 0.0000000000000000000, -0.0000000000000000000 ) ) ;
#3446 = DIRECTION ( 'NONE',  ( 0.0000000000000000000, 1.000000000000000000, 0.0000000000000000000 ) ) ;
#3447 = CARTESIAN_POINT ( 'NONE',  ( 0.7802117184763890378, 0.0000000000000000000, 0.0000000000000000000 ) ) ;
#3448 = FILL_AREA_STYLE_COLOUR ( '', #2539 ) ;
#3449 = VECTOR ( 'NONE', #7108, 1000.000000000000000 ) ;
#3450 = APPLICATION_CONTEXT ( 'automotive_design' ) ;
#3451 = ORIENTED_EDGE ( 'NONE', *, *, #1439, .T. ) ;
#3452 = FILL_AREA_STYLE_COLOUR ( '', #3351 ) ;
#3453 =( NAMED_UNIT ( * ) SI_UNIT ( $, .STERADIAN. ) SOLID_ANGLE_UNIT ( ) );
#3454 = ORIENTED_EDGE ( 'NONE', *, *, #7113, .T. ) ;
#3455 = VERTEX_POINT ( 'NONE', #2507 ) ;
#3456 = STYLED_ITEM ( 'NONE', ( #2204 ), #3361 ) ;
#3457 = DIRECTION ( 'NONE',  ( -1.000000000000000000, 3.832379218072619739E-32, 1.276118419109379938E-16 ) ) ;
#3458 =( LENGTH_UNIT ( ) NAMED_UNIT ( * ) SI_UNIT ( .MILLI., .METRE. ) );
#3459 = FACE_OUTER_BOUND ( 'NONE', #4489, .T. ) ;
#3460 = CIRCLE ( 'NONE', #5669, 1.000000000000000000 ) ;
#3461 = COLOUR_RGB ( '',1.000000000000000000, 1.000000000000000000, 1.000000000000000000 ) ;
#3462 = DIRECTION ( 'NONE',  ( 0.0000000000000000000, 0.0000000000000000000, 1.000000000000000000 ) ) ;
#3463 = SURFACE_STYLE_USAGE ( .BOTH. , #44 ) ;
#3464 = CARTESIAN_POINT ( 'NONE',  ( -0.8197882815236110510, 0.0000000000000000000, 0.0000000000000000000 ) ) ;
#3465 = VERTEX_POINT ( 'NONE', #7280 ) ;
#3466 = VECTOR ( 'NONE', #4111, 1000.000000000000000 ) ;
#3467 = MECHANICAL_DESIGN_GEOMETRIC_PRESENTATION_REPRESENTATION (  '', ( #4437 ), #5919 ) ;
#3468 = VECTOR ( 'NONE', #5867, 1000.000000000000000 ) ;
#3469 = DIRECTION ( 'NONE',  ( 1.000000000000000000, 0.0000000000000000000, -0.0000000000000000000 ) ) ;
#3470 = PLANE ( 'NONE',  #1422 ) ;
#3471 = PLANE ( 'NONE',  #5265 ) ;
#3472 = SURFACE_STYLE_USAGE ( .BOTH. , #469 ) ;
#3473 = CARTESIAN_POINT ( 'NONE',  ( -0.009125320724410331333, -2.599998692799499800, -0.6172085837295709920 ) ) ;
#3474 = EDGE_CURVE ( 'NONE', #5211, #410, #5449, .T. ) ;
#3475 = AXIS2_PLACEMENT_3D ( 'NONE', #2675, #1426, #2072 ) ;
#3476 = VECTOR ( 'NONE', #650, 1000.000000000000000 ) ;
#3477 = ORIENTED_EDGE ( 'NONE', *, *, #2659, .T. ) ;
#3478 = PRESENTATION_STYLE_ASSIGNMENT (( #1073 ) ) ;
#3479 = DIRECTION ( 'NONE',  ( -1.000000000000000000, -0.0000000000000000000, -0.0000000000000000000 ) ) ;
#3480 = FILL_AREA_STYLE ('',( #4614 ) ) ;
#3481 =( GEOMETRIC_REPRESENTATION_CONTEXT ( 3 ) GLOBAL_UNCERTAINTY_ASSIGNED_CONTEXT ( ( #3562 ) ) GLOBAL_UNIT_ASSIGNED_CONTEXT ( ( #2935, #4149, #5699 ) ) REPRESENTATION_CONTEXT ( 'NONE', 'WORKASPACE' ) );
#3482 = CIRCLE ( 'NONE', #2882, 0.5000000000000000000 ) ;
#3483 = UNCERTAINTY_MEASURE_WITH_UNIT (LENGTH_MEASURE( 1.000000000000000082E-05 ), #4949, 'distance_accuracy_value', 'NONE');
#3484 = FILL_AREA_STYLE ('',( #2918 ) ) ;
#3485 = EDGE_CURVE ( 'NONE', #2782, #1648, #3769, .T. ) ;
#3486 = FILL_AREA_STYLE ('',( #2919 ) ) ;
#3487 = ORIENTED_EDGE ( 'NONE', *, *, #1950, .F. ) ;
#3488 = STYLED_ITEM ( 'NONE', ( #355 ), #5680 ) ;
#3489 = CARTESIAN_POINT ( 'NONE',  ( 1.484358114786097376E-16, 0.2999999999999999889, -1.703070382921480164 ) ) ;
#3490 = CARTESIAN_POINT ( 'NONE',  ( 2.142428528562859924, 0.0000000000000000000, 1.800000000000000266 ) ) ;
#3491 = LINE ( 'NONE', #4588, #3412 ) ;
#3492 = UNCERTAINTY_MEASURE_WITH_UNIT (LENGTH_MEASURE( 1.000000000000000082E-05 ), #7373, 'distance_accuracy_value', 'NONE');
#3493 = UNCERTAINTY_MEASURE_WITH_UNIT (LENGTH_MEASURE( 1.000000000000000082E-05 ), #5800, 'distance_accuracy_value', 'NONE');
#3494 = LINE ( 'NONE', #5299, #7085 ) ;
#3495 = ADVANCED_FACE ( 'NONE', ( #4939 ), #3044, .T. ) ;
#3496 = ORIENTED_EDGE ( 'NONE', *, *, #4310, .F. ) ;
#3497 = DIRECTION ( 'NONE',  ( -1.000000000000000000, 0.0000000000000000000, 0.0000000000000000000 ) ) ;
#3498 = VERTEX_POINT ( 'NONE', #5518 ) ;
#3499 = VERTEX_POINT ( 'NONE', #3736 ) ;
#3500 = CARTESIAN_POINT ( 'NONE',  ( 0.3472796854691360124, -2.694836366436269781, 1.025711783590940174 ) ) ;
#3501 = DIRECTION ( 'NONE',  ( 0.0000000000000000000, -1.000000000000000000, 1.715124499442879932E-15 ) ) ;
#3502 = LINE ( 'NONE', #4677, #5057 ) ;
#3503 = CARTESIAN_POINT ( 'NONE',  ( -0.9595471323335339475, 1.812165734002312290, -0.4999999999999997780 ) ) ;
#3504 = FACE_OUTER_BOUND ( 'NONE', #6292, .T. ) ;
#3505 = SURFACE_STYLE_USAGE ( .BOTH. , #6431 ) ;
#3506 = EDGE_LOOP ( 'NONE', ( #3223, #7511, #4899, #5921, #6245, #6041, #6419, #6708, #1554, #6618, #323, #6042 ) ) ;
#3507 = SURFACE_STYLE_FILL_AREA ( #4650 ) ;
#3508 = FILL_AREA_STYLE_COLOUR ( '', #5446 ) ;
#3509 = CARTESIAN_POINT ( 'NONE',  ( 1.484358114786097376E-16, 1.800000000000000266, -1.703070382921480164 ) ) ;
#3510 = CARTESIAN_POINT ( 'NONE',  ( -0.5000000000000000000, 3.000000000000000000, 3.061616997868384867E-17 ) ) ;
#3511 = PRESENTATION_STYLE_ASSIGNMENT (( #7146 ) ) ;
#3512 = CARTESIAN_POINT ( 'NONE',  ( -0.8091253207244090140, 4.800000000000001599, 6.724541341336366892E-49 ) ) ;
#3513 = MECHANICAL_DESIGN_GEOMETRIC_PRESENTATION_REPRESENTATION (  '', ( #7090 ), #3640 ) ;
#3514 = FACE_OUTER_BOUND ( 'NONE', #7312, .T. ) ;
#3515 = APPLICATION_PROTOCOL_DEFINITION ( 'draft international standard', 'automotive_design', 1998, #1528 ) ;
#3516 = ORIENTED_EDGE ( 'NONE', *, *, #3536, .T. ) ;
#3517 = CARTESIAN_POINT ( 'NONE',  ( 3.306546357697853733E-16, 2.299999999999999822, 2.209000000000000075 ) ) ;
#3518 = PRESENTATION_STYLE_ASSIGNMENT (( #609 ) ) ;
#3519 = PLANE ( 'NONE',  #5499 ) ;
#3520 = EDGE_CURVE ( 'NONE', #7270, #6773, #901, .T. ) ;
#3521 = LINE ( 'NONE', #4543, #2450 ) ;
#3522 = SURFACE_SIDE_STYLE ('',( #6528 ) ) ;
#3523 = ORIENTED_EDGE ( 'NONE', *, *, #880, .F. ) ;
#3524 = VERTEX_POINT ( 'NONE', #6069 ) ;
#3525 = SURFACE_STYLE_FILL_AREA ( #582 ) ;
#3526 = FACE_OUTER_BOUND ( 'NONE', #2342, .T. ) ;
#3527 = EDGE_CURVE ( 'NONE', #4611, #1726, #5366, .T. ) ;
#3528 =( NAMED_UNIT ( * ) SI_UNIT ( $, .STERADIAN. ) SOLID_ANGLE_UNIT ( ) );
#3529 = EDGE_CURVE ( 'NONE', #1780, #1607, #4897, .T. ) ;
#3530 =( NAMED_UNIT ( * ) PLANE_ANGLE_UNIT ( ) SI_UNIT ( $, .RADIAN. ) );
#3531 = DIRECTION ( 'NONE',  ( 0.0000000000000000000, 0.0000000000000000000, 1.000000000000000000 ) ) ;
#3532 = VERTEX_POINT ( 'NONE', #297 ) ;
#3533 = PRESENTATION_STYLE_ASSIGNMENT (( #4787 ) ) ;
#3534 = VERTEX_POINT ( 'NONE', #4976 ) ;
#3535 = DIRECTION ( 'NONE',  ( 0.0000000000000000000, 1.000000000000000000, 0.0000000000000000000 ) ) ;
#3536 = EDGE_CURVE ( 'NONE', #2469, #5806, #2083, .T. ) ;
#3537 = VECTOR ( 'NONE', #4319, 1000.000000000000000 ) ;
#3538 =( NAMED_UNIT ( * ) SI_UNIT ( $, .STERADIAN. ) SOLID_ANGLE_UNIT ( ) );
#3539 = CARTESIAN_POINT ( 'NONE',  ( 0.7908746792755909638, 4.799999999999999822, 0.0000000000000000000 ) ) ;
#3540 = DIRECTION ( 'NONE',  ( 0.0000000000000000000, -1.000000000000000000, 0.0000000000000000000 ) ) ;
#3541 = CARTESIAN_POINT ( 'NONE',  ( -0.8091253207244080148, -1.923597468397800103, 0.1827914162704240009 ) ) ;
#3542 = STYLED_ITEM ( 'NONE', ( #4715 ), #1490 ) ;
#3543 = ORIENTED_EDGE ( 'NONE', *, *, #544, .T. ) ;
#3544 = VECTOR ( 'NONE', #5615, 1000.000000000000000 ) ;
#3545 = ORIENTED_EDGE ( 'NONE', *, *, #1248, .F. ) ;
#3546 = PRESENTATION_LAYER_ASSIGNMENT (  '', '', ( #983 ) ) ;
#3547 = SURFACE_SIDE_STYLE ('',( #4054 ) ) ;
#3548 = COLOUR_RGB ( '',0.8666666666666666963, 0.8666666666666666963, 0.8666666666666666963 ) ;
#3549 = COLOUR_RGB ( '',0.8666666666666666963, 0.8666666666666666963, 0.8666666666666666963 ) ;
#3550 = PRESENTATION_STYLE_ASSIGNMENT (( #4202 ) ) ;
#3551 = CARTESIAN_POINT ( 'NONE',  ( 0.1345639996639400038, -1.423597468397799437, -0.6832339875140097663 ) ) ;
#3552 =( NAMED_UNIT ( * ) SI_UNIT ( $, .STERADIAN. ) SOLID_ANGLE_UNIT ( ) );
#3553 = CONTEXT_DEPENDENT_SHAPE_REPRESENTATION ( #7416, #3187 ) ;
#3554 = MECHANICAL_DESIGN_GEOMETRIC_PRESENTATION_REPRESENTATION (  '', ( #3196 ), #1238 ) ;
#3555 = EDGE_LOOP ( 'NONE', ( #4657, #1408 ) ) ;
#3556 = FILL_AREA_STYLE ('',( #7107 ) ) ;
#3557 = DIRECTION ( 'NONE',  ( 0.0000000000000000000, 0.0000000000000000000, -1.000000000000000000 ) ) ;
#3558 = CIRCLE ( 'NONE', #3810, 2.700000000000000178 ) ;
#3559 = SURFACE_STYLE_USAGE ( .BOTH. , #7035 ) ;
#3560 = AXIS2_PLACEMENT_3D ( 'NONE', #363, #3337, #1443 ) ;
#3561 = APPLICATION_CONTEXT ( 'automotive_design' ) ;
#3562 = UNCERTAINTY_MEASURE_WITH_UNIT (LENGTH_MEASURE( 1.000000000000000082E-05 ), #2935, 'distance_accuracy_value', 'NONE');
#3563 = PLANE ( 'NONE',  #6991 ) ;
#3564 = AXIS2_PLACEMENT_3D ( 'NONE', #4988, #4411, #7368 ) ;
#3565 = FILL_AREA_STYLE ('',( #4274 ) ) ;
#3566 = ORIENTED_EDGE ( 'NONE', *, *, #6976, .T. ) ;
#3567 = ORIENTED_EDGE ( 'NONE', *, *, #5443, .T. ) ;
#3568 = FILL_AREA_STYLE ('',( #64 ) ) ;
#3569 = VECTOR ( 'NONE', #745, 1000.000000000000000 ) ;
#3570 = UNCERTAINTY_MEASURE_WITH_UNIT (LENGTH_MEASURE( 1.000000000000000082E-05 ), #6604, 'distance_accuracy_value', 'NONE');
#3571 = VECTOR ( 'NONE', #6841, 1000.000000000000000 ) ;
#3572 = UNCERTAINTY_MEASURE_WITH_UNIT (LENGTH_MEASURE( 1.000000000000000082E-05 ), #7536, 'distance_accuracy_value', 'NONE');
#3573 = FILL_AREA_STYLE_COLOUR ( '', #7014 ) ;
#3574 = ORIENTED_EDGE ( 'NONE', *, *, #458, .F. ) ;
#3575 = COLOUR_RGB ( '',0.8666666666666666963, 0.8666666666666666963, 0.8666666666666666963 ) ;
#3576 = EDGE_CURVE ( 'NONE', #19, #225, #84, .T. ) ;
#3577 = DIRECTION ( 'NONE',  ( -1.000000000000000000, 0.0000000000000000000, 0.0000000000000000000 ) ) ;
#3578 = EDGE_CURVE ( 'NONE', #1215, #7223, #1303, .T. ) ;
#3579 = ORIENTED_EDGE ( 'NONE', *, *, #4232, .T. ) ;
#3580 = ORIENTED_EDGE ( 'NONE', *, *, #729, .T. ) ;
#3581 =( LENGTH_UNIT ( ) NAMED_UNIT ( * ) SI_UNIT ( .MILLI., .METRE. ) );
#3582 = SURFACE_SIDE_STYLE ('',( #2902 ) ) ;
#3583 = SURFACE_SIDE_STYLE ('',( #561 ) ) ;
#3584 = FACE_OUTER_BOUND ( 'NONE', #3079, .T. ) ;
#3585 = EDGE_CURVE ( 'NONE', #5973, #7282, #4753, .T. ) ;
#3586 = VERTEX_POINT ( 'NONE', #121 ) ;
#3587 = ORIENTED_EDGE ( 'NONE', *, *, #4094, .F. ) ;
#3588 = CARTESIAN_POINT ( 'NONE',  ( -0.3868562485163581366, -0.7026979428767214930, 0.5592926849650916576 ) ) ;
#3589 = STYLED_ITEM ( 'NONE', ( #383 ), #6835 ) ;
#3590 = VECTOR ( 'NONE', #255, 1000.000000000000000 ) ;
#3591 = CARTESIAN_POINT ( 'NONE',  ( 1.130211718476390015, 3.328999999999997517, -4.098920367320507019 ) ) ;
#3592 = DIRECTION ( 'NONE',  ( 0.0000000000000000000, -0.8660254037844391517, 0.4999999999999990563 ) ) ;
#3593 = EDGE_CURVE ( 'NONE', #6387, #407, #3502, .T. ) ;
#3594 = PLANE ( 'NONE',  #4211 ) ;
#3595 = COLOUR_RGB ( '',0.8666666666666666963, 0.8666666666666666963, 0.8666666666666666963 ) ;
#3596 = COLOUR_RGB ( '',0.0000000000000000000, 0.0000000000000000000, 1.000000000000000000 ) ;
#3597 = DIRECTION ( 'NONE',  ( -1.000000000000000000, -0.0000000000000000000, -0.0000000000000000000 ) ) ;
#3598 = DIRECTION ( 'NONE',  ( 0.0000000000000000000, 1.000000000000000000, 0.0000000000000000000 ) ) ;
#3599 = DIRECTION ( 'NONE',  ( 0.0000000000000000000, 0.0000000000000000000, 1.000000000000000000 ) ) ;
#3600 = PRESENTATION_LAYER_ASSIGNMENT (  '', '', ( #212 ) ) ;
#3601 = CARTESIAN_POINT ( 'NONE',  ( 2.399999999999999911, 2.399999999999999911, 1.800000000000000488 ) ) ;
#3602 =( NAMED_UNIT ( * ) SI_UNIT ( $, .STERADIAN. ) SOLID_ANGLE_UNIT ( ) );
#3603 = VERTEX_POINT ( 'NONE', #5228 ) ;
#3604 = EDGE_LOOP ( 'NONE', ( #2859, #3727, #5730, #151 ) ) ;
#3605 =( NAMED_UNIT ( * ) PLANE_ANGLE_UNIT ( ) SI_UNIT ( $, .RADIAN. ) );
#3606 = VECTOR ( 'NONE', #1967, 1000.000000000000000 ) ;
#3607 = STYLED_ITEM ( 'NONE', ( #5840 ), #7457 ) ;
#3608 = VECTOR ( 'NONE', #1728, 1000.000000000000000 ) ;
#3609 = PRESENTATION_STYLE_ASSIGNMENT (( #5862 ) ) ;
#3610 = CARTESIAN_POINT ( 'NONE',  ( -1.396424004376893402, 2.399999999999999023, -0.5000000000000006661 ) ) ;
#3611 =( LENGTH_UNIT ( ) NAMED_UNIT ( * ) SI_UNIT ( .MILLI., .METRE. ) );
#3612 = CARTESIAN_POINT ( 'NONE',  ( -1.500000000000000000, 0.0000000000000000000, 1.800000000000000266 ) ) ;
#3613 = ORIENTED_EDGE ( 'NONE', *, *, #1351, .F. ) ;
#3614 = CARTESIAN_POINT ( 'NONE',  ( 1.500000000000000222, -0.2999999999999999889, 2.100000000000000089 ) ) ;
#3615 = EDGE_LOOP ( 'NONE', ( #357, #3791, #6731, #2816, #3018, #3653, #339, #5369, #4025, #5905, #5002, #398, #3545, #4546 ) ) ;
#3616 = ORIENTED_EDGE ( 'NONE', *, *, #1825, .F. ) ;
#3617 = LINE ( 'NONE', #714, #3318 ) ;
#3618 = EDGE_CURVE ( 'NONE', #6050, #6258, #4118, .T. ) ;
#3619 = EDGE_CURVE ( 'NONE', #7346, #5567, #7171, .T. ) ;
#3620 =( NAMED_UNIT ( * ) SI_UNIT ( $, .STERADIAN. ) SOLID_ANGLE_UNIT ( ) );
#3621 = CYLINDRICAL_SURFACE ( 'NONE', #5392, 0.8000000000000001554 ) ;
#3622 = SURFACE_SIDE_STYLE ('',( #202 ) ) ;
#3623 = FILL_AREA_STYLE ('',( #7216 ) ) ;
#3624 = CARTESIAN_POINT ( 'NONE',  ( -0.8660027554781704051, 3.400714034727253310, -3.491349315229631323 ) ) ;
#3625 = ORIENTED_EDGE ( 'NONE', *, *, #2938, .T. ) ;
#3626 = VERTEX_POINT ( 'NONE', #1806 ) ;
#3627 = LINE ( 'NONE', #5072, #3422 ) ;
#3628 = EDGE_CURVE ( 'NONE', #4214, #2896, #1880, .T. ) ;
#3629 = SURFACE_STYLE_USAGE ( .BOTH. , #1346 ) ;
#3630 = CARTESIAN_POINT ( 'NONE',  ( -1.169788281523610252, 3.328999999999998405, -1.798920367320509861 ) ) ;
#3631 = CARTESIAN_POINT ( 'NONE',  ( 0.5000000000000000000, 2.700000000000000178, 1.600000000000000089 ) ) ;
#3632 = DIRECTION ( 'NONE',  ( -0.0000000000000000000, 0.4999999999999998335, 0.8660254037844387076 ) ) ;
#3633 = COLOUR_RGB ( '',1.000000000000000000, 1.000000000000000000, 1.000000000000000000 ) ;
#3634 = VERTEX_POINT ( 'NONE', #1718 ) ;
#3635 =( NAMED_UNIT ( * ) SI_UNIT ( $, .STERADIAN. ) SOLID_ANGLE_UNIT ( ) );
#3636 =( LENGTH_UNIT ( ) NAMED_UNIT ( * ) SI_UNIT ( .MILLI., .METRE. ) );
#3637 = EDGE_CURVE ( 'NONE', #4836, #978, #536, .T. ) ;
#3638 = UNCERTAINTY_MEASURE_WITH_UNIT (LENGTH_MEASURE( 1.000000000000000082E-05 ), #4831, 'distance_accuracy_value', 'NONE');
#3639 = DIRECTION ( 'NONE',  ( 0.0000000000000000000, 1.000000000000000000, 0.0000000000000000000 ) ) ;
#3640 =( GEOMETRIC_REPRESENTATION_CONTEXT ( 3 ) GLOBAL_UNCERTAINTY_ASSIGNED_CONTEXT ( ( #5864 ) ) GLOBAL_UNIT_ASSIGNED_CONTEXT ( ( #6598, #1388, #912 ) ) REPRESENTATION_CONTEXT ( 'NONE', 'WORKASPACE' ) );
#3641 = DIRECTION ( 'NONE',  ( 1.000000000000000000, 0.0000000000000000000, -0.0000000000000000000 ) ) ;
#3642 =( NAMED_UNIT ( * ) SI_UNIT ( $, .STERADIAN. ) SOLID_ANGLE_UNIT ( ) );
#3643 = EDGE_LOOP ( 'NONE', ( #2571, #1591, #7099, #3285 ) ) ;
#3644 = EDGE_LOOP ( 'NONE', ( #5391, #5856, #3383, #4777 ) ) ;
#3645 = LINE ( 'NONE', #4819, #1110 ) ;
#3646 = DIRECTION ( 'NONE',  ( 0.0000000000000000000, -1.000000000000000000, 0.0000000000000000000 ) ) ;
#3647 = UNCERTAINTY_MEASURE_WITH_UNIT (LENGTH_MEASURE( 1.000000000000000082E-05 ), #4128, 'distance_accuracy_value', 'NONE');
#3648 = PLANE ( 'NONE',  #281 ) ;
#3649 = DIRECTION ( 'NONE',  ( 0.0000000000000000000, 1.000000000000000000, -1.715124499442879932E-15 ) ) ;
#3650 = FILL_AREA_STYLE ('',( #7206 ) ) ;
#3651 = DIRECTION ( 'NONE',  ( -5.551115123125780237E-17, -0.0000000000000000000, 1.000000000000000000 ) ) ;
#3652 = SURFACE_STYLE_FILL_AREA ( #1332 ) ;
#3653 = ORIENTED_EDGE ( 'NONE', *, *, #7317, .T. ) ;
#3654 = ORIENTED_EDGE ( 'NONE', *, *, #3628, .T. ) ;
#3655 = SURFACE_STYLE_FILL_AREA ( #7172 ) ;
#3656 = SURFACE_SIDE_STYLE ('',( #4947 ) ) ;
#3657 = VECTOR ( 'NONE', #5378, 1000.000000000000000 ) ;
#3658 = LINE ( 'NONE', #4117, #1867 ) ;
#3659 = CARTESIAN_POINT ( 'NONE',  ( -0.1528146411127589976, 2.600000000000000533, -0.6429203673205113878 ) ) ;
#3660 = CARTESIAN_POINT ( 'NONE',  ( -0.5000000000000000000, 2.700000000000000178, -1.600000000000000089 ) ) ;
#3661 = CARTESIAN_POINT ( 'NONE',  ( -0.009125320724409885509, -1.131459044838248662, -0.2836276823554246262 ) ) ;
#3662 = VERTEX_POINT ( 'NONE', #2936 ) ;
#3663 = ORIENTED_EDGE ( 'NONE', *, *, #6915, .T. ) ;
#3664 = STYLED_ITEM ( 'NONE', ( #7044 ), #416 ) ;
#3665 = DIRECTION ( 'NONE',  ( 1.516658762642049965E-31, -1.000000000000000000, 1.935436182511161167E-47 ) ) ;
#3666 = COLOUR_RGB ( '',0.8666666666666666963, 0.8666666666666666963, 0.8666666666666666963 ) ;
#3667 = CARTESIAN_POINT ( 'NONE',  ( -1.500000000000000000, -0.2999999999999999889, 1.800000000000000266 ) ) ;
#3668 = CARTESIAN_POINT ( 'NONE',  ( 0.0000000000000000000, 2.299999999999999822, -0.4909999999999999920 ) ) ;
#3669 = COLOUR_RGB ( '',0.0000000000000000000, 0.0000000000000000000, 1.000000000000000000 ) ;
#3670 = FILL_AREA_STYLE ('',( #5500 ) ) ;
#3671 = PRESENTATION_LAYER_ASSIGNMENT (  '', '', ( #3797 ) ) ;
#3672 = EDGE_CURVE ( 'NONE', #5806, #3634, #5837, .T. ) ;
#3673 = CONTEXT_DEPENDENT_SHAPE_REPRESENTATION ( #2019, #4270 ) ;
#3674 = EDGE_CURVE ( 'NONE', #6766, #7533, #3111, .T. ) ;
#3675 = ORIENTED_EDGE ( 'NONE', *, *, #5725, .F. ) ;
#3676 = CARTESIAN_POINT ( 'NONE',  ( -0.1528146411127589976, 0.5212388980384708992, -0.7759330692127333062 ) ) ;
#3677 = SURFACE_SIDE_STYLE ('',( #7268 ) ) ;
#3678 = PRESENTATION_LAYER_ASSIGNMENT (  '', '', ( #144 ) ) ;
#3679 = VECTOR ( 'NONE', #3844, 1000.000000000000000 ) ;
#3680 = VECTOR ( 'NONE', #7465, 1000.000000000000000 ) ;
#3681 = CARTESIAN_POINT ( 'NONE',  ( 0.3472796854691360124, -0.8026979428767200275, 0.3860876042082040938 ) ) ;
#3682 = STYLED_ITEM ( 'NONE', ( #6745 ), #2229 ) ;
#3683 = STYLED_ITEM ( 'NONE', ( #4464 ), #1139 ) ;
#3684 = ADVANCED_FACE ( 'NONE', ( #3459 ), #40, .T. ) ;
#3685 = ORIENTED_EDGE ( 'NONE', *, *, #3401, .T. ) ;
#3686 = MECHANICAL_DESIGN_GEOMETRIC_PRESENTATION_REPRESENTATION (  '', ( #1375 ), #392 ) ;
#3687 = ORIENTED_EDGE ( 'NONE', *, *, #5763, .T. ) ;
#3688 = FILL_AREA_STYLE ('',( #1864 ) ) ;
#3689 = PRESENTATION_STYLE_ASSIGNMENT (( #6723 ) ) ;
#3690 = DIRECTION ( 'NONE',  ( -0.0000000000000000000, -0.0000000000000000000, -1.000000000000000000 ) ) ;
#3691 = CARTESIAN_POINT ( 'NONE',  ( -1.406253083519913627, 2.702291498825248439, 0.7027246355572130954 ) ) ;
#3692 = STYLED_ITEM ( 'NONE', ( #4885 ), #6491 ) ;
#3693 = AXIS2_PLACEMENT_3D ( 'NONE', #3123, #7233, #1402 ) ;
#3694 = LINE ( 'NONE', #3612, #69 ) ;
#3695 = CARTESIAN_POINT ( 'NONE',  ( -1.500000000000000000, 0.0000000000000000000, 2.100000000000000089 ) ) ;
#3696 =( NAMED_UNIT ( * ) SI_UNIT ( $, .STERADIAN. ) SOLID_ANGLE_UNIT ( ) );
#3697 = FACE_OUTER_BOUND ( 'NONE', #5261, .T. ) ;
#3698 = ORIENTED_EDGE ( 'NONE', *, *, #128, .F. ) ;
#3699 = MECHANICAL_DESIGN_GEOMETRIC_PRESENTATION_REPRESENTATION (  '', ( #7017 ), #3822 ) ;
#3700 = ORIENTED_EDGE ( 'NONE', *, *, #2130, .F. ) ;
#3701 = CARTESIAN_POINT ( 'NONE',  ( -1.406253083519914071, 2.494631486945854792, -0.6147497051756631858 ) ) ;
#3702 = SURFACE_STYLE_USAGE ( .BOTH. , #3656 ) ;
#3703 = CARTESIAN_POINT ( 'NONE',  ( -0.8091253207244090140, 4.799999999999999822, -0.8858407346410179795 ) ) ;
#3704 = COLOUR_RGB ( '',0.0000000000000000000, 0.0000000000000000000, 1.000000000000000000 ) ;
#3705 = CYLINDRICAL_SURFACE ( 'NONE', #4438, 1.000000000000000000 ) ;
#3706 = CYLINDRICAL_SURFACE ( 'NONE', #1284, 0.2000000000000000111 ) ;
#3707 = DIRECTION ( 'NONE',  ( 0.0000000000000000000, 2.664535259100375697E-15, 1.000000000000000000 ) ) ;
#3708 = ORIENTED_EDGE ( 'NONE', *, *, #3034, .T. ) ;
#3709 = VERTEX_POINT ( 'NONE', #6737 ) ;
#3710 = CARTESIAN_POINT ( 'NONE',  ( -2.299999999999999822, 1.199999999999999956, -0.5000000000000000000 ) ) ;
#3711 = CARTESIAN_POINT ( 'NONE',  ( -0.8091253207244090140, 2.600000000000000533, -0.6429203673205127201 ) ) ;
#3712 = COLOUR_RGB ( '',0.0000000000000000000, 0.0000000000000000000, 1.000000000000000000 ) ;
#3713 = FACE_OUTER_BOUND ( 'NONE', #3233, .T. ) ;
#3714 = SURFACE_SIDE_STYLE ('',( #7375 ) ) ;
#3715 = ORIENTED_EDGE ( 'NONE', *, *, #5858, .T. ) ;
#3716 = FILL_AREA_STYLE ('',( #5325 ) ) ;
#3717 =( GEOMETRIC_REPRESENTATION_CONTEXT ( 3 ) GLOBAL_UNCERTAINTY_ASSIGNED_CONTEXT ( ( #656 ) ) GLOBAL_UNIT_ASSIGNED_CONTEXT ( ( #6028, #753, #4788 ) ) REPRESENTATION_CONTEXT ( 'NONE', 'WORKASPACE' ) );
#3718 = DIRECTION ( 'NONE',  ( 0.0000000000000000000, 0.0000000000000000000, 1.000000000000000000 ) ) ;
#3719 = LINE ( 'NONE', #2011, #3606 ) ;
#3720 = UNCERTAINTY_MEASURE_WITH_UNIT (LENGTH_MEASURE( 1.000000000000000082E-05 ), #7399, 'distance_accuracy_value', 'NONE');
#3721 = EDGE_CURVE ( 'NONE', #6365, #1762, #5992, .T. ) ;
#3722 = EDGE_CURVE ( 'NONE', #4445, #387, #3346, .T. ) ;
#3723 = SURFACE_STYLE_USAGE ( .BOTH. , #6650 ) ;
#3724 = MECHANICAL_DESIGN_GEOMETRIC_PRESENTATION_REPRESENTATION (  '', ( #5187 ), #1547 ) ;
#3725 = MECHANICAL_DESIGN_GEOMETRIC_PRESENTATION_REPRESENTATION (  '', ( #2753 ), #3352 ) ;
#3726 = STYLED_ITEM ( 'NONE', ( #4334 ), #3814 ) ;
#3727 = ORIENTED_EDGE ( 'NONE', *, *, #1054, .F. ) ;
#3728 = VERTEX_POINT ( 'NONE', #7174 ) ;
#3729 = DIRECTION ( 'NONE',  ( 0.0000000000000000000, -1.000000000000000000, -0.0000000000000000000 ) ) ;
#3730 = SURFACE_STYLE_USAGE ( .BOTH. , #1326 ) ;
#3731 = MECHANICAL_DESIGN_GEOMETRIC_PRESENTATION_REPRESENTATION (  '', ( #2998 ), #1414 ) ;
#3732 = AXIS2_PLACEMENT_3D ( 'NONE', #3947, #1628, #1588 ) ;
#3733 = UNCERTAINTY_MEASURE_WITH_UNIT (LENGTH_MEASURE( 1.000000000000000082E-05 ), #34, 'distance_accuracy_value', 'NONE');
#3734 = EDGE_CURVE ( 'NONE', #3498, #4288, #6109, .T. ) ;
#3735 = SURFACE_STYLE_USAGE ( .BOTH. , #6024 ) ;
#3736 = CARTESIAN_POINT ( 'NONE',  ( 0.5000000000000000000, 1.700000000000000178, -0.7874007874011802466 ) ) ;
#3737 = DIRECTION ( 'NONE',  ( -1.000000000000000000, -7.709882115452479399E-17, 0.0000000000000000000 ) ) ;
#3738 = ORIENTED_EDGE ( 'NONE', *, *, #5777, .F. ) ;
#3739 = MECHANICAL_DESIGN_GEOMETRIC_PRESENTATION_REPRESENTATION (  '', ( #3980 ), #431 ) ;
#3740 = ORIENTED_EDGE ( 'NONE', *, *, #1581, .F. ) ;
#3741 = CARTESIAN_POINT ( 'NONE',  ( -0.5000000000000000000, 0.0000000000000000000, -3.000000000000000000 ) ) ;
#3742 = ADVANCED_FACE ( 'NONE', ( #5458 ), #306, .F. ) ;
#3743 = SURFACE_STYLE_USAGE ( .BOTH. , #1413 ) ;
#3744 = MECHANICAL_DESIGN_GEOMETRIC_PRESENTATION_REPRESENTATION (  '', ( #2516 ), #6309 ) ;
#3745 = FILL_AREA_STYLE ('',( #6036 ) ) ;
#3746 = DIRECTION ( 'NONE',  ( 0.0000000000000000000, 0.0000000000000000000, -1.000000000000000000 ) ) ;
#3747 = DIRECTION ( 'NONE',  ( 1.000000000000000000, 0.0000000000000000000, 0.0000000000000000000 ) ) ;
#3748 = PRESENTATION_STYLE_ASSIGNMENT (( #5421 ) ) ;
#3749 = ORIENTED_EDGE ( 'NONE', *, *, #1192, .T. ) ;
#3750 = DIRECTION ( 'NONE',  ( -0.0000000000000000000, 1.000000000000000000, 1.276756478318930021E-15 ) ) ;
#3751 = DIRECTION ( 'NONE',  ( 0.0000000000000000000, -0.0000000000000000000, 1.000000000000000000 ) ) ;
#3752 = SURFACE_STYLE_USAGE ( .BOTH. , #7261 ) ;
#3753 = SURFACE_STYLE_FILL_AREA ( #7338 ) ;
#3754 = EDGE_LOOP ( 'NONE', ( #818, #283 ) ) ;
#3755 = SURFACE_STYLE_USAGE ( .BOTH. , #4271 ) ;
#3756 = DIRECTION ( 'NONE',  ( 0.0000000000000000000, -1.000000000000000000, 0.0000000000000000000 ) ) ;
#3757 = DIRECTION ( 'NONE',  ( 1.000000000000000000, 0.0000000000000000000, 0.0000000000000000000 ) ) ;
#3758 = VECTOR ( 'NONE', #4666, 1000.000000000000000 ) ;
#3759 = EDGE_LOOP ( 'NONE', ( #1009, #4300, #2274, #1447 ) ) ;
#3760 = EDGE_LOOP ( 'NONE', ( #3158, #7293, #1034, #581 ) ) ;
#3761 = EDGE_CURVE ( 'NONE', #5655, #6224, #1452, .T. ) ;
#3762 = FILL_AREA_STYLE_COLOUR ( '', #7501 ) ;
#3763 =( NAMED_UNIT ( * ) SI_UNIT ( $, .STERADIAN. ) SOLID_ANGLE_UNIT ( ) );
#3764 = CARTESIAN_POINT ( 'NONE',  ( -1.311532496930307934, 2.400000000000000355, -0.7012016495210181555 ) ) ;
#3765 = STYLED_ITEM ( 'NONE', ( #2289 ), #101 ) ;
#3766 = CARTESIAN_POINT ( 'NONE',  ( 0.0000000000000000000, 0.0000000000000000000, 0.0000000000000000000 ) ) ;
#3767 =( NAMED_UNIT ( * ) PLANE_ANGLE_UNIT ( ) SI_UNIT ( $, .RADIAN. ) );
#3768 = DIRECTION ( 'NONE',  ( -1.000000000000000000, 0.0000000000000000000, -0.0000000000000000000 ) ) ;
#3769 = LINE ( 'NONE', #1368, #3590 ) ;
#3770 = CARTESIAN_POINT ( 'NONE',  ( 0.3472796854691360124, 2.073642115736349822, 0.4000000000000000222 ) ) ;
#3771 = ORIENTED_EDGE ( 'NONE', *, *, #4268, .T. ) ;
#3772 = EDGE_CURVE ( 'NONE', #7323, #6060, #6625, .T. ) ;
#3773 = ORIENTED_EDGE ( 'NONE', *, *, #4882, .F. ) ;
#3774 = EDGE_CURVE ( 'NONE', #6088, #3524, #5418, .T. ) ;
#3775 = CARTESIAN_POINT ( 'NONE',  ( 3.980102097228898231E-16, 2.000000000000000000, -3.741000000000000547 ) ) ;
#3776 = CARTESIAN_POINT ( 'NONE',  ( -0.5000000000000000000, 0.2999999999999999889, 3.258928571428569843 ) ) ;
#3777 = DIRECTION ( 'NONE',  ( 0.0000000000000000000, 0.0000000000000000000, 1.000000000000000000 ) ) ;
#3778 = SURFACE_STYLE_USAGE ( .BOTH. , #6148 ) ;
#3779 = LINE ( 'NONE', #7002, #5432 ) ;
#3780 = SURFACE_SIDE_STYLE ('',( #6670 ) ) ;
#3781 = VERTEX_POINT ( 'NONE', #863 ) ;
#3782 = EDGE_CURVE ( 'NONE', #1915, #3534, #760, .T. ) ;
#3783 =( NAMED_UNIT ( * ) PLANE_ANGLE_UNIT ( ) SI_UNIT ( $, .RADIAN. ) );
#3784 = SURFACE_SIDE_STYLE ('',( #7297 ) ) ;
#3785 =( LENGTH_UNIT ( ) NAMED_UNIT ( * ) SI_UNIT ( .MILLI., .METRE. ) );
#3786 = CARTESIAN_POINT ( 'NONE',  ( 0.3472796854691360124, -2.294836366436270314, 0.3328914605633906398 ) ) ;
#3787 = ORIENTED_EDGE ( 'NONE', *, *, #1781, .T. ) ;
#3788 = CARTESIAN_POINT ( 'NONE',  ( 0.9698542618854627539, 3.329000000000000625, -1.798920367320508307 ) ) ;
#3789 = SURFACE_STYLE_FILL_AREA ( #2924 ) ;
#3790 = VECTOR ( 'NONE', #5625, 1000.000000000000000 ) ;
#3791 = ORIENTED_EDGE ( 'NONE', *, *, #5777, .T. ) ;
#3792 = ORIENTED_EDGE ( 'NONE', *, *, #6240, .F. ) ;
#3793 = AXIS2_PLACEMENT_3D ( 'NONE', #4919, #7303, #990 ) ;
#3794 = CIRCLE ( 'NONE', #4156, 0.2000000000000000111 ) ;
#3795 = CARTESIAN_POINT ( 'NONE',  ( -0.1745258553735686835, 1.699999999999999512, 0.9328678758844579644 ) ) ;
#3796 =( NAMED_UNIT ( * ) PLANE_ANGLE_UNIT ( ) SI_UNIT ( $, .RADIAN. ) );
#3797 = STYLED_ITEM ( 'NONE', ( #2886 ), #5497 ) ;
#3798 = SURFACE_STYLE_FILL_AREA ( #436 ) ;
#3799 = UNCERTAINTY_MEASURE_WITH_UNIT (LENGTH_MEASURE( 1.000000000000000082E-05 ), #2531, 'distance_accuracy_value', 'NONE');
#3800 = PRESENTATION_LAYER_ASSIGNMENT (  '', '', ( #7131 ) ) ;
#3801 = VECTOR ( 'NONE', #5825, 1000.000000000000000 ) ;
#3802 = FILL_AREA_STYLE ('',( #4325 ) ) ;
#3803 = DIRECTION ( 'NONE',  ( -1.000000000000000000, -0.0000000000000000000, 0.0000000000000000000 ) ) ;
#3804 = ORIENTED_EDGE ( 'NONE', *, *, #2805, .T. ) ;
#3805 = ORIENTED_EDGE ( 'NONE', *, *, #409, .F. ) ;
#3806 =( NAMED_UNIT ( * ) SI_UNIT ( $, .STERADIAN. ) SOLID_ANGLE_UNIT ( ) );
#3807 = COLOUR_RGB ( '',1.000000000000000000, 1.000000000000000000, 1.000000000000000000 ) ;
#3808 = CARTESIAN_POINT ( 'NONE',  ( -0.3868562485163578590, -1.802697942876719805, 0.3860876042082060366 ) ) ;
#3809 = DIRECTION ( 'NONE',  ( 0.0000000000000000000, 1.000000000000000000, 0.0000000000000000000 ) ) ;
#3810 = AXIS2_PLACEMENT_3D ( 'NONE', #4483, #3397, #1579 ) ;
#3811 =( GEOMETRIC_REPRESENTATION_CONTEXT ( 3 ) GLOBAL_UNCERTAINTY_ASSIGNED_CONTEXT ( ( #4698 ) ) GLOBAL_UNIT_ASSIGNED_CONTEXT ( ( #3611, #4182, #7205 ) ) REPRESENTATION_CONTEXT ( 'NONE', 'WORKASPACE' ) );
#3812 = FILL_AREA_STYLE_COLOUR ( '', #5583 ) ;
#3813 = EDGE_CURVE ( 'NONE', #978, #4836, #6049, .T. ) ;
#3814 = ADVANCED_FACE ( 'NONE', ( #1377 ), #3705, .T. ) ;
#3815 = PRESENTATION_LAYER_ASSIGNMENT (  '', '', ( #3939 ) ) ;
#3816 = CARTESIAN_POINT ( 'NONE',  ( -0.8091253207244100132, 2.700000000000000178, -1.949231046932160094 ) ) ;
#3817 = FILL_AREA_STYLE_COLOUR ( '', #4204 ) ;
#3818 = CARTESIAN_POINT ( 'NONE',  ( 0.7908746792755909638, 2.699999999999998401, -6.860497997771554834E-16 ) ) ;
#3819 =( GEOMETRIC_REPRESENTATION_CONTEXT ( 3 ) GLOBAL_UNCERTAINTY_ASSIGNED_CONTEXT ( ( #6490 ) ) GLOBAL_UNIT_ASSIGNED_CONTEXT ( ( #4022, #1745, #2807 ) ) REPRESENTATION_CONTEXT ( 'NONE', 'WORKASPACE' ) );
#3820 = VERTEX_POINT ( 'NONE', #2202 ) ;
#3821 = FILL_AREA_STYLE ('',( #4449 ) ) ;
#3822 =( GEOMETRIC_REPRESENTATION_CONTEXT ( 3 ) GLOBAL_UNCERTAINTY_ASSIGNED_CONTEXT ( ( #1594 ) ) GLOBAL_UNIT_ASSIGNED_CONTEXT ( ( #2427, #1939, #3036 ) ) REPRESENTATION_CONTEXT ( 'NONE', 'WORKASPACE' ) );
#3823 = STYLED_ITEM ( 'NONE', ( #1470 ), #6584 ) ;
#3824 = EDGE_CURVE ( 'NONE', #3054, #365, #2168, .T. ) ;
#3825 = SURFACE_STYLE_USAGE ( .BOTH. , #6675 ) ;
#3826 = DIRECTION ( 'NONE',  ( 0.0000000000000000000, -0.0000000000000000000, 1.000000000000000000 ) ) ;
#3827 = CARTESIAN_POINT ( 'NONE',  ( 1.337629505619376546, 2.263163251016158117, 0.5000000000000004441 ) ) ;
#3828 = PRESENTATION_STYLE_ASSIGNMENT (( #2598 ) ) ;
#3829 = CIRCLE ( 'NONE', #1641, 3.250000000000000444 ) ;
#3830 = VERTEX_POINT ( 'NONE', #5644 ) ;
#3831 = CARTESIAN_POINT ( 'NONE',  ( -1.697056274847711599, 0.0000000000000000000, 2.100000000000001865 ) ) ;
#3832 = CARTESIAN_POINT ( 'NONE',  ( 0.0000000000000000000, 0.0000000000000000000, -2.700000000000000178 ) ) ;
#3833 = DIRECTION ( 'NONE',  ( 0.0000000000000000000, 0.0000000000000000000, -1.000000000000000000 ) ) ;
#3834 = VECTOR ( 'NONE', #5897, 1000.000000000000000 ) ;
#3835 = ADVANCED_FACE ( 'NONE', ( #1646 ), #7452, .T. ) ;
#3836 =( LENGTH_UNIT ( ) NAMED_UNIT ( * ) SI_UNIT ( .MILLI., .METRE. ) );
#3837 = DIRECTION ( 'NONE',  ( 0.0000000000000000000, 0.0000000000000000000, 1.000000000000000000 ) ) ;
#3838 = CARTESIAN_POINT ( 'NONE',  ( 2.142428528562859924, 2.399999999999999911, 2.100000000000000089 ) ) ;
#3839 = ORIENTED_EDGE ( 'NONE', *, *, #3772, .F. ) ;
#3840 = SURFACE_STYLE_USAGE ( .BOTH. , #1471 ) ;
#3841 = ORIENTED_EDGE ( 'NONE', *, *, #3585, .F. ) ;
#3842 = AXIS2_PLACEMENT_3D ( 'NONE', #5377, #3540, #4152 ) ;
#3843 = VERTEX_POINT ( 'NONE', #5140 ) ;
#3844 = DIRECTION ( 'NONE',  ( 0.0000000000000000000, -0.0000000000000000000, 1.000000000000000000 ) ) ;
#3845 = CARTESIAN_POINT ( 'NONE',  ( -1.500000000000000000, -0.2999999999999999889, 4.283267841918040276E-17 ) ) ;
#3846 = SURFACE_STYLE_USAGE ( .BOTH. , #5012 ) ;
#3847 = VECTOR ( 'NONE', #568, 1000.000000000000000 ) ;
#3848 = CIRCLE ( 'NONE', #5306, 4.000289042323469602 ) ;
#3849 = VECTOR ( 'NONE', #5193, 1000.000000000000000 ) ;
#3850 = SURFACE_STYLE_FILL_AREA ( #823 ) ;
#3851 = DIRECTION ( 'NONE',  ( 0.0000000000000000000, 0.0000000000000000000, 1.000000000000000000 ) ) ;
#3852 = EDGE_LOOP ( 'NONE', ( #6852, #139, #5773, #887 ) ) ;
#3853 = VERTEX_POINT ( 'NONE', #6897 ) ;
#3854 = FILL_AREA_STYLE ('',( #1048 ) ) ;
#3855 = VECTOR ( 'NONE', #4006, 1000.000000000000000 ) ;
#3856 = AXIS2_PLACEMENT_3D ( 'NONE', #2519, #4151, #1340 ) ;
#3857 =( GEOMETRIC_REPRESENTATION_CONTEXT ( 3 ) GLOBAL_UNCERTAINTY_ASSIGNED_CONTEXT ( ( #1742 ) ) GLOBAL_UNIT_ASSIGNED_CONTEXT ( ( #5747, #4031, #1125 ) ) REPRESENTATION_CONTEXT ( 'NONE', 'WORKASPACE' ) );
#3858 = PLANE ( 'NONE',  #2344 ) ;
#3859 = LINE ( 'NONE', #4456, #6126 ) ;
#3860 = CARTESIAN_POINT ( 'NONE',  ( 0.02163548006626829848, 2.700000000000000178, -0.5429203673205099667 ) ) ;
#3861 = LINE ( 'NONE', #5681, #3974 ) ;
#3862 = STYLED_ITEM ( 'NONE', ( #3191 ), #4916 ) ;
#3863 = AXIS2_PLACEMENT_3D ( 'NONE', #1186, #1223, #7 ) ;
#3864 = PRESENTATION_LAYER_ASSIGNMENT (  '', '', ( #3980 ) ) ;
#3865 = FILL_AREA_STYLE_COLOUR ( '', #2770 ) ;
#3866 = LINE ( 'NONE', #941, #6297 ) ;
#3867 =( NAMED_UNIT ( * ) PLANE_ANGLE_UNIT ( ) SI_UNIT ( $, .RADIAN. ) );
#3868 = VERTEX_POINT ( 'NONE', #3348 ) ;
#3869 = EDGE_CURVE ( 'NONE', #1215, #5884, #3861, .T. ) ;
#3870 = PRESENTATION_LAYER_ASSIGNMENT (  '', '', ( #2635 ) ) ;
#3871 = STYLED_ITEM ( 'NONE', ( #4961 ), #4424 ) ;
#3872 =( LENGTH_UNIT ( ) NAMED_UNIT ( * ) SI_UNIT ( .MILLI., .METRE. ) );
#3873 =( NAMED_UNIT ( * ) SI_UNIT ( $, .STERADIAN. ) SOLID_ANGLE_UNIT ( ) );
#3874 = SURFACE_STYLE_FILL_AREA ( #2175 ) ;
#3875 = LINE ( 'NONE', #7462, #2390 ) ;
#3876 =( GEOMETRIC_REPRESENTATION_CONTEXT ( 3 ) GLOBAL_UNCERTAINTY_ASSIGNED_CONTEXT ( ( #3345 ) ) GLOBAL_UNIT_ASSIGNED_CONTEXT ( ( #4101, #1078, #4849 ) ) REPRESENTATION_CONTEXT ( 'NONE', 'WORKASPACE' ) );
#3877 = ORIENTED_EDGE ( 'NONE', *, *, #2989, .F. ) ;
#3878 = EDGE_CURVE ( 'NONE', #6607, #2116, #6196, .T. ) ;
#3879 = DIRECTION ( 'NONE',  ( 0.0000000000000000000, 1.000000000000000000, 0.0000000000000000000 ) ) ;
#3880 = AXIS2_PLACEMENT_3D ( 'NONE', #1071, #1662, #5084 ) ;
#3881 = CARTESIAN_POINT ( 'NONE',  ( 0.7908746792755909638, 4.800000000000000711, 5.322455826913607283E-48 ) ) ;
#3882 = DIRECTION ( 'NONE',  ( -0.0000000000000000000, 0.0000000000000000000, -1.000000000000000000 ) ) ;
#3883 = CARTESIAN_POINT ( 'NONE',  ( 0.5000000000000000000, 0.2999999999999999889, -3.741071428571430602 ) ) ;
#3884 = LINE ( 'NONE', #5951, #5226 ) ;
#3885 = ORIENTED_EDGE ( 'NONE', *, *, #7538, .T. ) ;
#3886 = EDGE_LOOP ( 'NONE', ( #2100, #4155, #2536, #5738 ) ) ;
#3887 = EDGE_CURVE ( 'NONE', #1956, #5305, #4555, .T. ) ;
#3888 =( LENGTH_UNIT ( ) NAMED_UNIT ( * ) SI_UNIT ( .MILLI., .METRE. ) );
#3889 = UNCERTAINTY_MEASURE_WITH_UNIT (LENGTH_MEASURE( 1.000000000000000082E-05 ), #7053, 'distance_accuracy_value', 'NONE');
#3890 = CARTESIAN_POINT ( 'NONE',  ( -2.000000000000000000, 0.0000000000000000000, 2.000000000000000000 ) ) ;
#3891 = DIRECTION ( 'NONE',  ( 0.0000000000000000000, 0.0000000000000000000, 1.000000000000000000 ) ) ;
#3892 =( NAMED_UNIT ( * ) SI_UNIT ( $, .STERADIAN. ) SOLID_ANGLE_UNIT ( ) );
#3893 = VERTEX_POINT ( 'NONE', #1053 ) ;
#3894 = ORIENTED_EDGE ( 'NONE', *, *, #3674, .F. ) ;
#3895 = DIRECTION ( 'NONE',  ( -1.000000000000000000, 0.0000000000000000000, 0.0000000000000000000 ) ) ;
#3896 = AXIS2_PLACEMENT_3D ( 'NONE', #480, #2272, #2300 ) ;
#3897 = SURFACE_STYLE_USAGE ( .BOTH. , #5136 ) ;
#3898 = UNCERTAINTY_MEASURE_WITH_UNIT (LENGTH_MEASURE( 1.000000000000000082E-05 ), #6256, 'distance_accuracy_value', 'NONE');
#3899 =( NAMED_UNIT ( * ) PLANE_ANGLE_UNIT ( ) SI_UNIT ( $, .RADIAN. ) );
#3900 = LINE ( 'NONE', #2203, #7175 ) ;
#3901 = ORIENTED_EDGE ( 'NONE', *, *, #2741, .T. ) ;
#3902 =( NAMED_UNIT ( * ) PLANE_ANGLE_UNIT ( ) SI_UNIT ( $, .RADIAN. ) );
#3903 = DIRECTION ( 'NONE',  ( 0.0000000000000000000, 1.276756478318930021E-15, -1.000000000000000000 ) ) ;
#3904 = CARTESIAN_POINT ( 'NONE',  ( 0.0000000000000000000, 2.000000000000000000, 0.0000000000000000000 ) ) ;
#3905 = PLANE ( 'NONE',  #6530 ) ;
#3906 = FILL_AREA_STYLE ('',( #2248 ) ) ;
#3907 = EDGE_LOOP ( 'NONE', ( #7348, #6804, #3441, #6599, #847, #2849, #7009 ) ) ;
#3908 = CARTESIAN_POINT ( 'NONE',  ( -1.009430824932685544, 3.329000000000003734, 0.1803647194976365220 ) ) ;
#3909 = LINE ( 'NONE', #425, #2705 ) ;
#3910 = CARTESIAN_POINT ( 'NONE',  ( 0.7908746792755908528, 0.7936893203883490511, 0.2000000000000000111 ) ) ;
#3911 = EDGE_CURVE ( 'NONE', #1630, #5765, #3390, .T. ) ;
#3912 = FILL_AREA_STYLE_COLOUR ( '', #1515 ) ;
#3913 = VECTOR ( 'NONE', #238, 1000.000000000000000 ) ;
#3914 = EDGE_CURVE ( 'NONE', #6912, #5903, #5787, .T. ) ;
#3915 = ORIENTED_EDGE ( 'NONE', *, *, #2303, .T. ) ;
#3916 = ORIENTED_EDGE ( 'NONE', *, *, #6155, .F. ) ;
#3917 = DIRECTION ( 'NONE',  ( 1.000000000000000000, 0.0000000000000000000, 0.0000000000000000000 ) ) ;
#3918 = SURFACE_SIDE_STYLE ('',( #6812 ) ) ;
#3919 = EDGE_CURVE ( 'NONE', #1934, #1674, #7030, .T. ) ;
#3920 = PLANE ( 'NONE',  #3242 ) ;
#3921 = MECHANICAL_DESIGN_GEOMETRIC_PRESENTATION_REPRESENTATION (  '', ( #378 ), #505 ) ;
#3922 = LINE ( 'NONE', #3193, #1297 ) ;
#3923 = ORIENTED_EDGE ( 'NONE', *, *, #1730, .F. ) ;
#3924 =( GEOMETRIC_REPRESENTATION_CONTEXT ( 3 ) GLOBAL_UNCERTAINTY_ASSIGNED_CONTEXT ( ( #5473 ) ) GLOBAL_UNIT_ASSIGNED_CONTEXT ( ( #4773, #4210, #736 ) ) REPRESENTATION_CONTEXT ( 'NONE', 'WORKASPACE' ) );
#3925 = VERTEX_POINT ( 'NONE', #6372 ) ;
#3926 = DIRECTION ( 'NONE',  ( 0.0000000000000000000, -0.0000000000000000000, 1.000000000000000000 ) ) ;
#3927 = CARTESIAN_POINT ( 'NONE',  ( 0.5000000000000000000, 2.700000000000000178, 1.600000000000000089 ) ) ;
#3928 =( NAMED_UNIT ( * ) SI_UNIT ( $, .STERADIAN. ) SOLID_ANGLE_UNIT ( ) );
#3929 = CIRCLE ( 'NONE', #5874, 1.519868415357066516 ) ;
#3930 = CARTESIAN_POINT ( 'NONE',  ( 0.7908746792755910748, -2.599998692799499356, -0.8172085837295711697 ) ) ;
#3931 = VECTOR ( 'NONE', #6201, 1000.000000000000000 ) ;
#3932 = ADVANCED_FACE ( 'NONE', ( #625 ), #5301, .F. ) ;
#3933 = DIRECTION ( 'NONE',  ( -1.000000000000000000, 3.059208292094230242E-16, 7.449705233532469590E-32 ) ) ;
#3934 = CARTESIAN_POINT ( 'NONE',  ( -0.8091253207244091250, -2.599998692799500244, -0.6172085837295773203 ) ) ;
#3935 = FACE_OUTER_BOUND ( 'NONE', #2356, .T. ) ;
#3936 = ORIENTED_EDGE ( 'NONE', *, *, #3311, .F. ) ;
#3937 = CARTESIAN_POINT ( 'NONE',  ( -0.8091253207244090140, 5.900001307200500200, -0.8601289510500760294 ) ) ;
#3938 = MECHANICAL_DESIGN_GEOMETRIC_PRESENTATION_REPRESENTATION (  '', ( #165 ), #4522 ) ;
#3939 = STYLED_ITEM ( 'NONE', ( #1609 ), #2369 ) ;
#3940 = SURFACE_STYLE_USAGE ( .BOTH. , #4524 ) ;
#3941 =( GEOMETRIC_REPRESENTATION_CONTEXT ( 3 ) GLOBAL_UNCERTAINTY_ASSIGNED_CONTEXT ( ( #5707 ) ) GLOBAL_UNIT_ASSIGNED_CONTEXT ( ( #5826, #5945, #5250 ) ) REPRESENTATION_CONTEXT ( 'NONE', 'WORKASPACE' ) );
#3942 = VERTEX_POINT ( 'NONE', #553 ) ;
#3943 = DIRECTION ( 'NONE',  ( 1.000000000000000000, 0.0000000000000000000, 0.0000000000000000000 ) ) ;
#3944 = SURFACE_STYLE_FILL_AREA ( #6392 ) ;
#3945 = VECTOR ( 'NONE', #2803, 1000.000000000000000 ) ;
#3946 = CARTESIAN_POINT ( 'NONE',  ( 0.3472796854691360124, 0.0000000000000000000, 0.0000000000000000000 ) ) ;
#3947 = CARTESIAN_POINT ( 'NONE',  ( -0.1528146411127589976, 4.800000000000009592, 4.163390312291140205 ) ) ;
#3948 = ORIENTED_EDGE ( 'NONE', *, *, #4682, .F. ) ;
#3949 = ORIENTED_EDGE ( 'NONE', *, *, #2172, .F. ) ;
#3950 = DIRECTION ( 'NONE',  ( 0.0000000000000000000, 0.0000000000000000000, 1.000000000000000000 ) ) ;
#3951 = AXIS2_PLACEMENT_3D ( 'NONE', #2825, #3983, #3289 ) ;
#3952 = EDGE_CURVE ( 'NONE', #5292, #713, #589, .T. ) ;
#3953 = ADVANCED_FACE ( 'NONE', ( #7086 ), #4668, .T. ) ;
#3954 = UNCERTAINTY_MEASURE_WITH_UNIT (LENGTH_MEASURE( 1.000000000000000082E-05 ), #996, 'distance_accuracy_value', 'NONE');
#3955 = DIRECTION ( 'NONE',  ( 1.000000000000000000, 0.0000000000000000000, 0.0000000000000000000 ) ) ;
#3956 = AXIS2_PLACEMENT_3D ( 'NONE', #7519, #7480, #6199 ) ;
#3957 = CARTESIAN_POINT ( 'NONE',  ( -0.1528146411127589976, 0.7936893203883490511, 0.0000000000000000000 ) ) ;
#3958 = LINE ( 'NONE', #3999, #332 ) ;
#3959 = ORIENTED_EDGE ( 'NONE', *, *, #2901, .F. ) ;
#3960 = APPLICATION_CONTEXT ( 'automotive_design' ) ;
#3961 = VERTEX_POINT ( 'NONE', #1756 ) ;
#3962 =( NAMED_UNIT ( * ) PLANE_ANGLE_UNIT ( ) SI_UNIT ( $, .RADIAN. ) );
#3963 = DIRECTION ( 'NONE',  ( -3.832379218072619739E-32, -1.000000000000000000, 4.890569709194473206E-48 ) ) ;
#3964 = UNCERTAINTY_MEASURE_WITH_UNIT (LENGTH_MEASURE( 1.000000000000000082E-05 ), #181, 'distance_accuracy_value', 'NONE');
#3965 = EDGE_CURVE ( 'NONE', #7377, #1197, #204, .T. ) ;
#3966 =( GEOMETRIC_REPRESENTATION_CONTEXT ( 3 ) GLOBAL_UNCERTAINTY_ASSIGNED_CONTEXT ( ( #667 ) ) GLOBAL_UNIT_ASSIGNED_CONTEXT ( ( #602, #4, #1068 ) ) REPRESENTATION_CONTEXT ( 'NONE', 'WORKASPACE' ) );
#3967 = AXIS2_PLACEMENT_3D ( 'NONE', #6973, #1842, #6428 ) ;
#3968 = SURFACE_STYLE_FILL_AREA ( #305 ) ;
#3969 = CARTESIAN_POINT ( 'NONE',  ( 1.980211718476390326, 3.328999999999989967, -4.142920367320510167 ) ) ;
#3970 = CARTESIAN_POINT ( 'NONE',  ( -0.5000000000000000000, 1.699999999999999956, 1.600000000000000089 ) ) ;
#3971 = CARTESIAN_POINT ( 'NONE',  ( 0.5000000000000000000, 0.2999999999999999889, -3.000000000000000000 ) ) ;
#3972 = AXIS2_PLACEMENT_3D ( 'NONE', #2169, #4479, #6858 ) ;
#3973 = AXIS2_PLACEMENT_3D ( 'NONE', #1256, #4797, #4833 ) ;
#3974 = VECTOR ( 'NONE', #2786, 1000.000000000000000 ) ;
#3975 = ORIENTED_EDGE ( 'NONE', *, *, #5489, .F. ) ;
#3976 = SURFACE_STYLE_FILL_AREA ( #1172 ) ;
#3977 = EDGE_CURVE ( 'NONE', #6721, #4069, #3694, .T. ) ;
#3978 =( NAMED_UNIT ( * ) PLANE_ANGLE_UNIT ( ) SI_UNIT ( $, .RADIAN. ) );
#3979 = AXIS2_PLACEMENT_3D ( 'NONE', #6677, #4915, #808 ) ;
#3980 = STYLED_ITEM ( 'NONE', ( #6983 ), #4131 ) ;
#3981 = CARTESIAN_POINT ( 'NONE',  ( -0.5000000000000000000, 1.699999999999999956, -1.600000000000000089 ) ) ;
#3982 = CARTESIAN_POINT ( 'NONE',  ( -0.5775944245748008132, 1.586507883576027345, -0.5000000000000003331 ) ) ;
#3983 = DIRECTION ( 'NONE',  ( 1.000000000000000000, 0.0000000000000000000, 0.0000000000000000000 ) ) ;
#3984 = CARTESIAN_POINT ( 'NONE',  ( 0.3472796854691360124, 0.0000000000000000000, 0.0000000000000000000 ) ) ;
#3985 = AXIS2_PLACEMENT_3D ( 'NONE', #1212, #1251, #2400 ) ;
#3986 = VERTEX_POINT ( 'NONE', #6536 ) ;
#3987 =( NAMED_UNIT ( * ) SI_UNIT ( $, .STERADIAN. ) SOLID_ANGLE_UNIT ( ) );
#3988 = DIRECTION ( 'NONE',  ( 1.000000000000000000, -0.0000000000000000000, -0.0000000000000000000 ) ) ;
#3989 =( LENGTH_UNIT ( ) NAMED_UNIT ( * ) SI_UNIT ( .MILLI., .METRE. ) );
#3990 = AXIS2_PLACEMENT_3D ( 'NONE', #3464, #5231, #87 ) ;
#3991 = SURFACE_STYLE_USAGE ( .BOTH. , #6324 ) ;
#3992 =( NAMED_UNIT ( * ) SI_UNIT ( $, .STERADIAN. ) SOLID_ANGLE_UNIT ( ) );
#3993 = ORIENTED_EDGE ( 'NONE', *, *, #5393, .F. ) ;
#3994 = EDGE_LOOP ( 'NONE', ( #3654, #1323, #1689, #5663 ) ) ;
#3995 = FILL_AREA_STYLE_COLOUR ( '', #1231 ) ;
#3996 = LINE ( 'NONE', #473, #3945 ) ;
#3997 = CARTESIAN_POINT ( 'NONE',  ( -0.8091253207244090140, 0.7712388980384695669, -0.6429203673205143854 ) ) ;
#3998 = CARTESIAN_POINT ( 'NONE',  ( -0.009125320724409359888, 0.8712388980384699888, -0.8429203673205150071 ) ) ;
#3999 = CARTESIAN_POINT ( 'NONE',  ( 0.5000000000000000000, 0.0000000000000000000, 3.258928571428569843 ) ) ;
#4000 = ORIENTED_EDGE ( 'NONE', *, *, #4148, .F. ) ;
#4001 = ORIENTED_EDGE ( 'NONE', *, *, #3396, .F. ) ;
#4002 = PLANE ( 'NONE',  #1861 ) ;
#4003 = DIRECTION ( 'NONE',  ( 0.0000000000000000000, -0.0000000000000000000, 1.000000000000000000 ) ) ;
#4004 = DIRECTION ( 'NONE',  ( -1.000000000000000000, -0.0000000000000000000, 0.0000000000000000000 ) ) ;
#4005 = ORIENTED_EDGE ( 'NONE', *, *, #1717, .F. ) ;
#4006 = DIRECTION ( 'NONE',  ( 0.0000000000000000000, 3.885780586188049864E-16, -1.000000000000000000 ) ) ;
#4007 = EDGE_CURVE ( 'NONE', #407, #5711, #2684, .T. ) ;
#4008 = ORIENTED_EDGE ( 'NONE', *, *, #6966, .T. ) ;
#4009 = PRESENTATION_LAYER_ASSIGNMENT (  '', '', ( #7090 ) ) ;
#4010 = FILL_AREA_STYLE_COLOUR ( '', #2463 ) ;
#4011 = CARTESIAN_POINT ( 'NONE',  ( -1.396424004376893402, 2.399999999999999023, -0.5000000000000006661 ) ) ;
#4012 = EDGE_CURVE ( 'NONE', #6228, #2654, #1287, .T. ) ;
#4013 = ORIENTED_EDGE ( 'NONE', *, *, #3914, .F. ) ;
#4014 = CARTESIAN_POINT ( 'NONE',  ( 0.0000000000000000000, 2.000000000000000000, -0.4909999999999999920 ) ) ;
#4015 = LINE ( 'NONE', #2323, #5198 ) ;
#4016 = CARTESIAN_POINT ( 'NONE',  ( 0.1345639996639400038, 2.899999999999999911, 0.0000000000000000000 ) ) ;
#4017 = ORIENTED_EDGE ( 'NONE', *, *, #6553, .T. ) ;
#4018 = ORIENTED_EDGE ( 'NONE', *, *, #6112, .F. ) ;
#4019 = PRESENTATION_STYLE_ASSIGNMENT (( #3559 ) ) ;
#4020 = UNCERTAINTY_MEASURE_WITH_UNIT (LENGTH_MEASURE( 1.000000000000000082E-05 ), #4857, 'distance_accuracy_value', 'NONE');
#4021 =( NAMED_UNIT ( * ) SI_UNIT ( $, .STERADIAN. ) SOLID_ANGLE_UNIT ( ) );
#4022 =( LENGTH_UNIT ( ) NAMED_UNIT ( * ) SI_UNIT ( .MILLI., .METRE. ) );
#4023 = CARTESIAN_POINT ( 'NONE',  ( 0.0000000000000000000, -0.2999999999999999889, 0.0000000000000000000 ) ) ;
#4024 = ORIENTED_EDGE ( 'NONE', *, *, #3444, .T. ) ;
#4025 = ORIENTED_EDGE ( 'NONE', *, *, #1730, .T. ) ;
#4026 =( GEOMETRIC_REPRESENTATION_CONTEXT ( 3 ) GLOBAL_UNCERTAINTY_ASSIGNED_CONTEXT ( ( #5785 ) ) GLOBAL_UNIT_ASSIGNED_CONTEXT ( ( #987, #2762, #2317 ) ) REPRESENTATION_CONTEXT ( 'NONE', 'WORKASPACE' ) );
#4027 = UNCERTAINTY_MEASURE_WITH_UNIT (LENGTH_MEASURE( 1.000000000000000082E-05 ), #2949, 'distance_accuracy_value', 'NONE');
#4028 = CARTESIAN_POINT ( 'NONE',  ( -2.019788281523609896, 3.328999999999990855, -4.142920367320510167 ) ) ;
#4029 =( GEOMETRIC_REPRESENTATION_CONTEXT ( 3 ) GLOBAL_UNCERTAINTY_ASSIGNED_CONTEXT ( ( #1363 ) ) GLOBAL_UNIT_ASSIGNED_CONTEXT ( ( #6501, #6547, #7489 ) ) REPRESENTATION_CONTEXT ( 'NONE', 'WORKASPACE' ) );
#4030 = CIRCLE ( 'NONE', #743, 0.5000000000000000000 ) ;
#4031 =( NAMED_UNIT ( * ) PLANE_ANGLE_UNIT ( ) SI_UNIT ( $, .RADIAN. ) );
#4032 = ORIENTED_EDGE ( 'NONE', *, *, #4487, .T. ) ;
#4033 = VECTOR ( 'NONE', #5938, 1000.000000000000000 ) ;
#4034 = PLANE ( 'NONE',  #3972 ) ;
#4035 = DIRECTION ( 'NONE',  ( 1.000000000000000000, 0.0000000000000000000, -0.0000000000000000000 ) ) ;
#4036 = ORIENTED_EDGE ( 'NONE', *, *, #3628, .F. ) ;
#4037 = ORIENTED_EDGE ( 'NONE', *, *, #4863, .F. ) ;
#4038 = FILL_AREA_STYLE_COLOUR ( '', #7388 ) ;
#4039 = PRESENTATION_LAYER_ASSIGNMENT (  '', '', ( #2319 ) ) ;
#4040 = VECTOR ( 'NONE', #6947, 1000.000000000000000 ) ;
#4041 = EDGE_CURVE ( 'NONE', #3820, #2782, #925, .T. ) ;
#4042 = EDGE_CURVE ( 'NONE', #2416, #331, #1027, .T. ) ;
#4043 = CARTESIAN_POINT ( 'NONE',  ( -0.8091253207244080148, -2.599998692799499800, -0.8172085837295780530 ) ) ;
#4044 = CARTESIAN_POINT ( 'NONE',  ( -2.000000000000000000, 0.0000000000000000000, -3.000000000000000000 ) ) ;
#4045 = VECTOR ( 'NONE', #1307, 1000.000000000000000 ) ;
#4046 = LINE ( 'NONE', #2904, #2022 ) ;
#4047 = SURFACE_SIDE_STYLE ('',( #5271 ) ) ;
#4048 = STYLED_ITEM ( 'NONE', ( #3080 ), #1004 ) ;
#4049 = DIRECTION ( 'NONE',  ( 0.0000000000000000000, 1.000000000000000000, 0.0000000000000000000 ) ) ;
#4050 = VERTEX_POINT ( 'NONE', #1366 ) ;
#4051 = CARTESIAN_POINT ( 'NONE',  ( -0.8091253207244080148, -1.923597468397800103, 0.1827914162704240009 ) ) ;
#4052 = CIRCLE ( 'NONE', #1506, 0.5000000000000000000 ) ;
#4053 = AXIS2_PLACEMENT_3D ( 'NONE', #6361, #2386, #4066 ) ;
#4054 = SURFACE_STYLE_FILL_AREA ( #2943 ) ;
#4055 = CIRCLE ( 'NONE', #6889, 1.000000000000000000 ) ;
#4056 = SURFACE_STYLE_USAGE ( .BOTH. , #6911 ) ;
#4057 = VECTOR ( 'NONE', #1049, 1000.000000000000000 ) ;
#4058 = CARTESIAN_POINT ( 'NONE',  ( 2.090874679275590342, -0.4999999999999870104, -2.042920367320499864 ) ) ;
#4059 = MECHANICAL_DESIGN_GEOMETRIC_PRESENTATION_REPRESENTATION (  '', ( #2845 ), #5032 ) ;
#4060 = VERTEX_POINT ( 'NONE', #7345 ) ;
#4061 = CARTESIAN_POINT ( 'NONE',  ( -0.009125320724409193354, 0.8712388980384684345, -0.6429203673205119429 ) ) ;
#4062 = CARTESIAN_POINT ( 'NONE',  ( -0.5000000000000000000, 1.699999999999999956, 1.600000000000000089 ) ) ;
#4063 = EDGE_CURVE ( 'NONE', #2952, #5540, #709, .T. ) ;
#4064 = PRESENTATION_LAYER_ASSIGNMENT (  '', '', ( #293 ) ) ;
#4065 = DIRECTION ( 'NONE',  ( 1.000000000000000000, 0.0000000000000000000, 0.0000000000000000000 ) ) ;
#4066 = DIRECTION ( 'NONE',  ( 0.0000000000000000000, -0.8660254037844391517, 0.4999999999999990563 ) ) ;
#4067 = ORIENTED_EDGE ( 'NONE', *, *, #3520, .T. ) ;
#4068 = VECTOR ( 'NONE', #4600, 1000.000000000000000 ) ;
#4069 = VERTEX_POINT ( 'NONE', #3041 ) ;
#4070 = PRESENTATION_STYLE_ASSIGNMENT (( #4624 ) ) ;
#4071 = CYLINDRICAL_SURFACE ( 'NONE', #371, 1.000000000000000000 ) ;
#4072 = ORIENTED_EDGE ( 'NONE', *, *, #4780, .F. ) ;
#4073 = CARTESIAN_POINT ( 'NONE',  ( 0.3472796854691360124, -1.802697942876719583, 0.3860876042082060922 ) ) ;
#4074 = LINE ( 'NONE', #1244, #7531 ) ;
#4075 = ORIENTED_EDGE ( 'NONE', *, *, #1925, .T. ) ;
#4076 = ORIENTED_EDGE ( 'NONE', *, *, #2260, .F. ) ;
#4077 = AXIS2_PLACEMENT_3D ( 'NONE', #2432, #1837, #4143 ) ;
#4078 =( NAMED_UNIT ( * ) SI_UNIT ( $, .STERADIAN. ) SOLID_ANGLE_UNIT ( ) );
#4079 = PRESENTATION_LAYER_ASSIGNMENT (  '', '', ( #908 ) ) ;
#4080 = CARTESIAN_POINT ( 'NONE',  ( -1.260586298421956686, 2.138139624387601856, -0.5000000000000004441 ) ) ;
#4081 =( NAMED_UNIT ( * ) PLANE_ANGLE_UNIT ( ) SI_UNIT ( $, .RADIAN. ) );
#4082 = CYLINDRICAL_SURFACE ( 'NONE', #6187, 0.2999999999999999334 ) ;
#4083 = ADVANCED_FACE ( 'NONE', ( #3261 ), #1329, .T. ) ;
#4084 = EDGE_LOOP ( 'NONE', ( #1562, #3375, #835, #125 ) ) ;
#4085 = VECTOR ( 'NONE', #5981, 1000.000000000000000 ) ;
#4086 =( GEOMETRIC_REPRESENTATION_CONTEXT ( 3 ) GLOBAL_UNCERTAINTY_ASSIGNED_CONTEXT ( ( #5335 ) ) GLOBAL_UNIT_ASSIGNED_CONTEXT ( ( #7136, #2478, #4192 ) ) REPRESENTATION_CONTEXT ( 'NONE', 'WORKASPACE' ) );
#4087 = AXIS2_PLACEMENT_3D ( 'NONE', #6857, #3933, #1535 ) ;
#4088 =( NAMED_UNIT ( * ) SI_UNIT ( $, .STERADIAN. ) SOLID_ANGLE_UNIT ( ) );
#4089 = FACE_OUTER_BOUND ( 'NONE', #3299, .T. ) ;
#4090 = FILL_AREA_STYLE_COLOUR ( '', #4816 ) ;
#4091 = DIRECTION ( 'NONE',  ( -0.0000000000000000000, 1.000000000000000000, 0.0000000000000000000 ) ) ;
#4092 = STYLED_ITEM ( 'NONE', ( #6751 ), #7351 ) ;
#4093 = SURFACE_STYLE_USAGE ( .BOTH. , #2950 ) ;
#4094 = EDGE_CURVE ( 'NONE', #3709, #4702, #5979, .T. ) ;
#4095 = EDGE_CURVE ( 'NONE', #6572, #3961, #4388, .T. ) ;
#4096 = EDGE_LOOP ( 'NONE', ( #1902, #4535, #73, #3055, #2015, #2073, #5968, #2258, #7011, #6606, #1334, #4844, #5165, #3323, #5433, #3114, #6498, #3046, #6542, #7366, #7167, #1245, #989, #4206, #5601, #4237 ) ) ;
#4097 = DIRECTION ( 'NONE',  ( -0.0000000000000000000, 0.0000000000000000000, -1.000000000000000000 ) ) ;
#4098 = PRESENTATION_LAYER_ASSIGNMENT (  '', '', ( #4448 ) ) ;
#4099 = UNCERTAINTY_MEASURE_WITH_UNIT (LENGTH_MEASURE( 1.000000000000000082E-05 ), #5225, 'distance_accuracy_value', 'NONE');
#4100 = FILL_AREA_STYLE ('',( #15 ) ) ;
#4101 =( LENGTH_UNIT ( ) NAMED_UNIT ( * ) SI_UNIT ( .MILLI., .METRE. ) );
#4102 = EDGE_CURVE ( 'NONE', #5591, #18, #4423, .T. ) ;
#4103 = ORIENTED_EDGE ( 'NONE', *, *, #6341, .T. ) ;
#4104 = LINE ( 'NONE', #2392, #4294 ) ;
#4105 =( LENGTH_UNIT ( ) NAMED_UNIT ( * ) SI_UNIT ( .MILLI., .METRE. ) );
#4106 = UNCERTAINTY_MEASURE_WITH_UNIT (LENGTH_MEASURE( 1.000000000000000082E-05 ), #2184, 'distance_accuracy_value', 'NONE');
#4107 = FILL_AREA_STYLE ('',( #1678 ) ) ;
#4108 = PRODUCT_DEFINITION_FORMATION_WITH_SPECIFIED_SOURCE ( 'ANY', '', #5629, .NOT_KNOWN. ) ;
#4109 = FILL_AREA_STYLE_COLOUR ( '', #3596 ) ;
#4110 = ORIENTED_EDGE ( 'NONE', *, *, #3153, .F. ) ;
#4111 = DIRECTION ( 'NONE',  ( -0.0000000000000000000, 0.0000000000000000000, -1.000000000000000000 ) ) ;
#4112 = VERTEX_POINT ( 'NONE', #3883 ) ;
#4113 = ORIENTED_EDGE ( 'NONE', *, *, #4197, .F. ) ;
#4114 = CARTESIAN_POINT ( 'NONE',  ( 0.7196857906303475438, 1.656920060374754922, -1.633774118458989788 ) ) ;
#4115 = CARTESIAN_POINT ( 'NONE',  ( -0.1759123337078988270, 1.699999999999999956, -0.9326074194968093645 ) ) ;
#4116 = CARTESIAN_POINT ( 'NONE',  ( 0.2680751308898460250, 0.7712388980384690118, -0.3429203673205150071 ) ) ;
#4117 = CARTESIAN_POINT ( 'NONE',  ( -2.019788281523609896, 3.329000000000000181, -0.1429203673205090008 ) ) ;
#4118 = LINE ( 'NONE', #2437, #5181 ) ;
#4119 = FACE_OUTER_BOUND ( 'NONE', #1407, .T. ) ;
#4120 = FACE_OUTER_BOUND ( 'NONE', #4837, .T. ) ;
#4121 = ORIENTED_EDGE ( 'NONE', *, *, #6939, .T. ) ;
#4122 = MECHANICAL_DESIGN_GEOMETRIC_PRESENTATION_REPRESENTATION (  '', ( #5222 ), #4236 ) ;
#4123 = SURFACE_STYLE_USAGE ( .BOTH. , #5842 ) ;
#4124 = PLANE ( 'NONE',  #326 ) ;
#4125 = DIRECTION ( 'NONE',  ( 0.0000000000000000000, -1.000000000000000000, -1.776356839400250070E-15 ) ) ;
#4126 = ITEM_DEFINED_TRANSFORMATION ( 'NONE', 'NONE', #5205,  #5078 ) ;
#4127 = ORIENTED_EDGE ( 'NONE', *, *, #7081, .F. ) ;
#4128 =( LENGTH_UNIT ( ) NAMED_UNIT ( * ) SI_UNIT ( .MILLI., .METRE. ) );
#4129 = DIRECTION ( 'NONE',  ( 1.000000000000000000, 0.0000000000000000000, 0.0000000000000000000 ) ) ;
#4130 = ADVANCED_FACE ( 'NONE', ( #3296 ), #5618, .F. ) ;
#4131 = ADVANCED_FACE ( 'NONE', ( #3372 ), #7467, .T. ) ;
#4132 = DIRECTION ( 'NONE',  ( -1.197213238743152186E-16, 0.8660254037844392627, 0.4999999999999987232 ) ) ;
#4133 = DIRECTION ( 'NONE',  ( 0.0000000000000000000, 1.000000000000000000, 0.0000000000000000000 ) ) ;
#4134 = ORIENTED_EDGE ( 'NONE', *, *, #1545, .T. ) ;
#4135 = ORIENTED_EDGE ( 'NONE', *, *, #2303, .F. ) ;
#4136 = SURFACE_SIDE_STYLE ('',( #620 ) ) ;
#4137 = CYLINDRICAL_SURFACE ( 'NONE', #4616, 0.5000000000000000000 ) ;
#4138 = EDGE_CURVE ( 'NONE', #1516, #6050, #1146, .T. ) ;
#4139 = PRESENTATION_STYLE_ASSIGNMENT (( #24 ) ) ;
#4140 = PRESENTATION_STYLE_ASSIGNMENT (( #2301 ) ) ;
#4141 = ORIENTED_EDGE ( 'NONE', *, *, #6062, .T. ) ;
#4142 = CARTESIAN_POINT ( 'NONE',  ( 0.0000000000000000000, 0.2999999999999999889, 0.7210703829214800686 ) ) ;
#4143 = DIRECTION ( 'NONE',  ( 0.0000000000000000000, -0.0000000000000000000, 1.000000000000000000 ) ) ;
#4144 = COLOUR_RGB ( '',0.8666666666666666963, 0.8666666666666666963, 0.8666666666666666963 ) ;
#4145 = EDGE_LOOP ( 'NONE', ( #6729, #4778, #4509, #1694 ) ) ;
#4146 = ORIENTED_EDGE ( 'NONE', *, *, #209, .F. ) ;
#4147 = DIRECTION ( 'NONE',  ( 0.0000000000000000000, 0.0000000000000000000, -1.000000000000000000 ) ) ;
#4148 = EDGE_CURVE ( 'NONE', #1847, #7282, #4575, .T. ) ;
#4149 =( NAMED_UNIT ( * ) PLANE_ANGLE_UNIT ( ) SI_UNIT ( $, .RADIAN. ) );
#4150 = PLANE ( 'NONE',  #2717 ) ;
#4151 = DIRECTION ( 'NONE',  ( 0.0000000000000000000, -1.000000000000000000, 1.715124499442879932E-15 ) ) ;
#4152 = DIRECTION ( 'NONE',  ( 0.0000000000000000000, 0.0000000000000000000, -1.000000000000000000 ) ) ;
#4153 = FILL_AREA_STYLE ('',( #6466 ) ) ;
#4154 =( LENGTH_UNIT ( ) NAMED_UNIT ( * ) SI_UNIT ( .MILLI., .METRE. ) );
#4155 = ORIENTED_EDGE ( 'NONE', *, *, #370, .F. ) ;
#4156 = AXIS2_PLACEMENT_3D ( 'NONE', #58, #2916, #1154 ) ;
#4157 = MECHANICAL_DESIGN_GEOMETRIC_PRESENTATION_REPRESENTATION (  '', ( #380 ), #1611 ) ;
#4158 = ORIENTED_EDGE ( 'NONE', *, *, #7157, .F. ) ;
#4159 = STYLED_ITEM ( 'NONE', ( #6468 ), #2048 ) ;
#4160 =( GEOMETRIC_REPRESENTATION_CONTEXT ( 3 ) GLOBAL_UNCERTAINTY_ASSIGNED_CONTEXT ( ( #7122 ) ) GLOBAL_UNIT_ASSIGNED_CONTEXT ( ( #3888, #6216, #358 ) ) REPRESENTATION_CONTEXT ( 'NONE', 'WORKASPACE' ) );
#4161 = VECTOR ( 'NONE', #3402, 1000.000000000000000 ) ;
#4162 = CARTESIAN_POINT ( 'NONE',  ( 0.1345639996639400038, -1.131459044838251993, -0.2836276823554159110 ) ) ;
#4163 = PRESENTATION_LAYER_ASSIGNMENT (  '', '', ( #4767 ) ) ;
#4164 = ORIENTED_EDGE ( 'NONE', *, *, #7497, .F. ) ;
#4165 =( GEOMETRIC_REPRESENTATION_CONTEXT ( 3 ) GLOBAL_UNCERTAINTY_ASSIGNED_CONTEXT ( ( #2563 ) ) GLOBAL_UNIT_ASSIGNED_CONTEXT ( ( #3458, #2823, #6904 ) ) REPRESENTATION_CONTEXT ( 'NONE', 'WORKASPACE' ) );
#4166 = UNCERTAINTY_MEASURE_WITH_UNIT (LENGTH_MEASURE( 1.000000000000000082E-05 ), #2099, 'distance_accuracy_value', 'NONE');
#4167 = PRESENTATION_STYLE_ASSIGNMENT (( #5901 ) ) ;
#4168 = PRESENTATION_LAYER_ASSIGNMENT (  '', '', ( #1246 ) ) ;
#4169 =( GEOMETRIC_REPRESENTATION_CONTEXT ( 3 ) GLOBAL_UNCERTAINTY_ASSIGNED_CONTEXT ( ( #3638 ) ) GLOBAL_UNIT_ASSIGNED_CONTEXT ( ( #4831, #4503, #6624 ) ) REPRESENTATION_CONTEXT ( 'NONE', 'WORKASPACE' ) );
#4170 =( LENGTH_UNIT ( ) NAMED_UNIT ( * ) SI_UNIT ( .MILLI., .METRE. ) );
#4171 = ORIENTED_EDGE ( 'NONE', *, *, #1260, .F. ) ;
#4172 = PRODUCT_RELATED_PRODUCT_CATEGORY ( 'part', '', ( #6824 ) ) ;
#4173 = EDGE_CURVE ( 'NONE', #5765, #1516, #4684, .T. ) ;
#4174 = DIRECTION ( 'NONE',  ( 1.000000000000000000, -0.0000000000000000000, 0.0000000000000000000 ) ) ;
#4175 =( GEOMETRIC_REPRESENTATION_CONTEXT ( 3 ) GLOBAL_UNCERTAINTY_ASSIGNED_CONTEXT ( ( #3336 ) ) GLOBAL_UNIT_ASSIGNED_CONTEXT ( ( #7549, #4549, #5679 ) ) REPRESENTATION_CONTEXT ( 'NONE', 'WORKASPACE' ) );
#4176 = CARTESIAN_POINT ( 'NONE',  ( 0.7908746792755909638, 4.799999999999999822, -0.04292036732051029979 ) ) ;
#4177 = FILL_AREA_STYLE ('',( #66 ) ) ;
#4178 = UNCERTAINTY_MEASURE_WITH_UNIT (LENGTH_MEASURE( 1.000000000000000082E-05 ), #988, 'distance_accuracy_value', 'NONE');
#4179 = AXIS2_PLACEMENT_3D ( 'NONE', #3510, #5163, #2326 ) ;
#4180 = UNCERTAINTY_MEASURE_WITH_UNIT (LENGTH_MEASURE( 1.000000000000000082E-05 ), #2235, 'distance_accuracy_value', 'NONE');
#4181 = SURFACE_SIDE_STYLE ('',( #3789 ) ) ;
#4182 =( NAMED_UNIT ( * ) PLANE_ANGLE_UNIT ( ) SI_UNIT ( $, .RADIAN. ) );
#4183 = SURFACE_STYLE_FILL_AREA ( #4742 ) ;
#4184 = STYLED_ITEM ( 'NONE', ( #3689 ), #2790 ) ;
#4185 = DIRECTION ( 'NONE',  ( -1.000000000000000000, 0.0000000000000000000, 0.0000000000000000000 ) ) ;
#4186 = LINE ( 'NONE', #6968, #781 ) ;
#4187 = ORIENTED_EDGE ( 'NONE', *, *, #5969, .F. ) ;
#4188 = ORIENTED_EDGE ( 'NONE', *, *, #3294, .T. ) ;
#4189 = EDGE_CURVE ( 'NONE', #5478, #1079, #2731, .T. ) ;
#4190 = CARTESIAN_POINT ( 'NONE',  ( -0.5000000000000000000, 1.699999999999999956, -0.7874007874011805796 ) ) ;
#4191 = PRESENTATION_LAYER_ASSIGNMENT (  '', '', ( #3218 ) ) ;
#4192 =( NAMED_UNIT ( * ) SI_UNIT ( $, .STERADIAN. ) SOLID_ANGLE_UNIT ( ) );
#4193 = FACE_OUTER_BOUND ( 'NONE', #5841, .T. ) ;
#4194 = SURFACE_SIDE_STYLE ('',( #1883 ) ) ;
#4195 = PRESENTATION_LAYER_ASSIGNMENT (  '', '', ( #4427 ) ) ;
#4196 = ORIENTED_EDGE ( 'NONE', *, *, #2647, .T. ) ;
#4197 = EDGE_CURVE ( 'NONE', #4992, #3925, #1185, .T. ) ;
#4198 = ORIENTED_EDGE ( 'NONE', *, *, #7157, .T. ) ;
#4199 = FILL_AREA_STYLE_COLOUR ( '', #5743 ) ;
#4200 =( GEOMETRIC_REPRESENTATION_CONTEXT ( 3 ) GLOBAL_UNCERTAINTY_ASSIGNED_CONTEXT ( ( #3038 ) ) GLOBAL_UNIT_ASSIGNED_CONTEXT ( ( #1021, #460, #5194 ) ) REPRESENTATION_CONTEXT ( 'NONE', 'WORKASPACE' ) );
#4201 = CARTESIAN_POINT ( 'NONE',  ( 3.250000000000000888, 2.000000000000000000, 3.258928571428570287 ) ) ;
#4202 = SURFACE_STYLE_USAGE ( .BOTH. , #2991 ) ;
#4203 = CONTEXT_DEPENDENT_SHAPE_REPRESENTATION ( #5513, #268 ) ;
#4204 = COLOUR_RGB ( '',0.8666666666666666963, 0.8666666666666666963, 0.8666666666666666963 ) ;
#4205 = VECTOR ( 'NONE', #6668, 1000.000000000000000 ) ;
#4206 = ORIENTED_EDGE ( 'NONE', *, *, #3965, .T. ) ;
#4207 = PLANE ( 'NONE',  #3564 ) ;
#4208 =( NAMED_UNIT ( * ) SI_UNIT ( $, .STERADIAN. ) SOLID_ANGLE_UNIT ( ) );
#4209 = CARTESIAN_POINT ( 'NONE',  ( 0.7908746792755899646, -0.5314590448382480181, -1.322858166896750065 ) ) ;
#4210 =( NAMED_UNIT ( * ) PLANE_ANGLE_UNIT ( ) SI_UNIT ( $, .RADIAN. ) );
#4211 = AXIS2_PLACEMENT_3D ( 'NONE', #4843, #7263, #771 ) ;
#4212 =( GEOMETRIC_REPRESENTATION_CONTEXT ( 3 ) GLOBAL_UNCERTAINTY_ASSIGNED_CONTEXT ( ( #3954 ) ) GLOBAL_UNIT_ASSIGNED_CONTEXT ( ( #996, #1658, #6394 ) ) REPRESENTATION_CONTEXT ( 'NONE', 'WORKASPACE' ) );
#4213 = ORIENTED_EDGE ( 'NONE', *, *, #4310, .T. ) ;
#4214 = VERTEX_POINT ( 'NONE', #3062 ) ;
#4215 = VECTOR ( 'NONE', #5058, 1000.000000000000000 ) ;
#4216 = CARTESIAN_POINT ( 'NONE',  ( -0.009125320724409654791, -1.131459044838252881, -0.2836276823554163551 ) ) ;
#4217 = PLANE ( 'NONE',  #5607 ) ;
#4218 = STYLED_ITEM ( 'NONE', ( #3222 ), #5216 ) ;
#4219 = CARTESIAN_POINT ( 'NONE',  ( 0.0000000000000000000, 0.0000000000000000000, 0.0000000000000000000 ) ) ;
#4220 = EDGE_LOOP ( 'NONE', ( #4497, #4595, #290, #2233, #4901 ) ) ;
#4221 = EDGE_LOOP ( 'NONE', ( #5674, #1835, #626, #3306 ) ) ;
#4222 = PLANE ( 'NONE',  #858 ) ;
#4223 = EDGE_CURVE ( 'NONE', #6773, #7571, #7103, .T. ) ;
#4224 = EDGE_CURVE ( 'NONE', #3781, #2734, #1775, .T. ) ;
#4225 = CARTESIAN_POINT ( 'NONE',  ( -0.5000000000000000000, 2.399999999999999911, -7.709882115452470771E-17 ) ) ;
#4226 =( NAMED_UNIT ( * ) SI_UNIT ( $, .STERADIAN. ) SOLID_ANGLE_UNIT ( ) );
#4227 = PLANE ( 'NONE',  #3973 ) ;
#4228 = LINE ( 'NONE', #6589, #7033 ) ;
#4229 = SURFACE_STYLE_FILL_AREA ( #3164 ) ;
#4230 = ORIENTED_EDGE ( 'NONE', *, *, #6352, .T. ) ;
#4231 = ORIENTED_EDGE ( 'NONE', *, *, #3619, .F. ) ;
#4232 = EDGE_CURVE ( 'NONE', #3728, #1630, #5, .T. ) ;
#4233 = CARTESIAN_POINT ( 'NONE',  ( -1.416579326567965147, 2.000000000000000000, -3.741071428571429713 ) ) ;
#4234 = LINE ( 'NONE', #53, #2510 ) ;
#4235 = FILL_AREA_STYLE ('',( #4654 ) ) ;
#4236 =( GEOMETRIC_REPRESENTATION_CONTEXT ( 3 ) GLOBAL_UNCERTAINTY_ASSIGNED_CONTEXT ( ( #439 ) ) GLOBAL_UNIT_ASSIGNED_CONTEXT ( ( #5416, #2515, #5989 ) ) REPRESENTATION_CONTEXT ( 'NONE', 'WORKASPACE' ) );
#4237 = ORIENTED_EDGE ( 'NONE', *, *, #7064, .F. ) ;
#4238 = CARTESIAN_POINT ( 'NONE',  ( 0.0000000000000000000, 2.299999999999999822, -3.191000000000000281 ) ) ;
#4239 = ADVANCED_FACE ( 'NONE', ( #6559 ), #4764, .T. ) ;
#4240 = DIRECTION ( 'NONE',  ( 0.0000000000000000000, 0.0000000000000000000, 1.000000000000000000 ) ) ;
#4241 =( NAMED_UNIT ( * ) PLANE_ANGLE_UNIT ( ) SI_UNIT ( $, .RADIAN. ) );
#4242 = EDGE_LOOP ( 'NONE', ( #5287, #4360, #1235, #1047 ) ) ;
#4243 = ORIENTED_EDGE ( 'NONE', *, *, #6295, .T. ) ;
#4244 =( LENGTH_UNIT ( ) NAMED_UNIT ( * ) SI_UNIT ( .MILLI., .METRE. ) );
#4245 = LINE ( 'NONE', #1281, #4869 ) ;
#4246 = UNCERTAINTY_MEASURE_WITH_UNIT (LENGTH_MEASURE( 1.000000000000000082E-05 ), #5512, 'distance_accuracy_value', 'NONE');
#4247 = CARTESIAN_POINT ( 'NONE',  ( 0.7908746792755899646, -1.923597468397800103, 0.1827914162704289969 ) ) ;
#4248 = CARTESIAN_POINT ( 'NONE',  ( 0.7908746792755909638, 4.799999999999999822, -0.04292036732051029979 ) ) ;
#4249 = CARTESIAN_POINT ( 'NONE',  ( -0.01978828152361080187, -2.694836366436269781, 0.2257117835909432935 ) ) ;
#4250 =( NAMED_UNIT ( * ) PLANE_ANGLE_UNIT ( ) SI_UNIT ( $, .RADIAN. ) );
#4251 = ORIENTED_EDGE ( 'NONE', *, *, #3593, .F. ) ;
#4252 = EDGE_LOOP ( 'NONE', ( #2088, #4024, #4267, #6200 ) ) ;
#4253 = CARTESIAN_POINT ( 'NONE',  ( -0.7196857906303479879, 1.656920060374755366, -1.633774118458989344 ) ) ;
#4254 = DIRECTION ( 'NONE',  ( 1.000000000000000000, 0.0000000000000000000, 0.0000000000000000000 ) ) ;
#4255 =( NAMED_UNIT ( * ) PLANE_ANGLE_UNIT ( ) SI_UNIT ( $, .RADIAN. ) );
#4256 = VECTOR ( 'NONE', #2631, 1000.000000000000000 ) ;
#4257 = PRESENTATION_STYLE_ASSIGNMENT (( #6289 ) ) ;
#4258 = EDGE_LOOP ( 'NONE', ( #4473, #3032, #6642, #5079 ) ) ;
#4259 = EDGE_CURVE ( 'NONE', #106, #6572, #4725, .T. ) ;
#4260 = ORIENTED_EDGE ( 'NONE', *, *, #4781, .F. ) ;
#4261 = COLOUR_RGB ( '',0.8666666666666666963, 0.8666666666666666963, 0.8666666666666666963 ) ;
#4262 = EDGE_CURVE ( 'NONE', #1306, #3067, #5928, .T. ) ;
#4263 = PRESENTATION_STYLE_ASSIGNMENT (( #4839 ) ) ;
#4264 =( NAMED_UNIT ( * ) PLANE_ANGLE_UNIT ( ) SI_UNIT ( $, .RADIAN. ) );
#4265 = VECTOR ( 'NONE', #412, 1000.000000000000000 ) ;
#4266 = VECTOR ( 'NONE', #4733, 1000.000000000000000 ) ;
#4267 = ORIENTED_EDGE ( 'NONE', *, *, #1878, .T. ) ;
#4268 = EDGE_CURVE ( 'NONE', #867, #3524, #1932, .T. ) ;
#4269 = DIRECTION ( 'NONE',  ( -1.000000000000000000, 0.0000000000000000000, -0.0000000000000000000 ) ) ;
#4270 = PRODUCT_DEFINITION_SHAPE ( 'NONE', 'NONE',  #7594 ) ;
#4271 = SURFACE_SIDE_STYLE ('',( #246 ) ) ;
#4272 = VECTOR ( 'NONE', #1531, 1000.000000000000000 ) ;
#4273 = PRESENTATION_STYLE_ASSIGNMENT (( #1898 ) ) ;
#4274 = FILL_AREA_STYLE_COLOUR ( '', #1638 ) ;
#4275 = COLOUR_RGB ( '',0.8666666666666666963, 0.8666666666666666963, 0.8666666666666666963 ) ;
#4276 = PRESENTATION_LAYER_ASSIGNMENT (  '', '', ( #601 ) ) ;
#4277 = ORIENTED_EDGE ( 'NONE', *, *, #4268, .F. ) ;
#4278 = MECHANICAL_DESIGN_GEOMETRIC_PRESENTATION_REPRESENTATION (  '', ( #2105 ), #1991 ) ;
#4279 = ORIENTED_EDGE ( 'NONE', *, *, #4842, .T. ) ;
#4280 =( GEOMETRIC_REPRESENTATION_CONTEXT ( 3 ) GLOBAL_UNCERTAINTY_ASSIGNED_CONTEXT ( ( #2192 ) ) GLOBAL_UNIT_ASSIGNED_CONTEXT ( ( #7515, #1084, #5745 ) ) REPRESENTATION_CONTEXT ( 'NONE', 'WORKASPACE' ) );
#4281 = EDGE_CURVE ( 'NONE', #6258, #4331, #4234, .T. ) ;
#4282 = CARTESIAN_POINT ( 'NONE',  ( -2.299999999999999822, 2.700000000000000178, 0.5000000000000000000 ) ) ;
#4283 = CARTESIAN_POINT ( 'NONE',  ( -0.5000000000000007772, 2.399999999999999911, -1.396424004376893624 ) ) ;
#4284 = CIRCLE ( 'NONE', #1995, 0.5000000000000000000 ) ;
#4285 = PRESENTATION_STYLE_ASSIGNMENT (( #3735 ) ) ;
#4286 = LINE ( 'NONE', #7355, #7433 ) ;
#4287 = CARTESIAN_POINT ( 'NONE',  ( 0.7908746792755910748, 5.900001307200509970, -0.8172085837295715027 ) ) ;
#4288 = VERTEX_POINT ( 'NONE', #696 ) ;
#4289 = MECHANICAL_DESIGN_GEOMETRIC_PRESENTATION_REPRESENTATION (  '', ( #6649 ), #4779 ) ;
#4290 = VERTEX_POINT ( 'NONE', #603 ) ;
#4291 = STYLED_ITEM ( 'NONE', ( #2836 ), #6693 ) ;
#4292 = FILL_AREA_STYLE ('',( #260 ) ) ;
#4293 = DIRECTION ( 'NONE',  ( 1.000000000000000000, -0.0000000000000000000, -0.0000000000000000000 ) ) ;
#4294 = VECTOR ( 'NONE', #6409, 1000.000000000000000 ) ;
#4295 = CARTESIAN_POINT ( 'NONE',  ( 0.0000000000000000000, 1.199999999999999956, 0.0000000000000000000 ) ) ;
#4296 = CARTESIAN_POINT ( 'NONE',  ( 0.1345639996639400038, 1.521921473114909995, -1.353677423306480110 ) ) ;
#4297 = SURFACE_STYLE_USAGE ( .BOTH. , #6781 ) ;
#4298 = DIRECTION ( 'NONE',  ( 0.0000000000000000000, 1.000000000000000000, 0.0000000000000000000 ) ) ;
#4299 =( NAMED_UNIT ( * ) SI_UNIT ( $, .STERADIAN. ) SOLID_ANGLE_UNIT ( ) );
#4300 = ORIENTED_EDGE ( 'NONE', *, *, #1504, .F. ) ;
#4301 = PRESENTATION_LAYER_ASSIGNMENT (  '', '', ( #5414 ) ) ;
#4302 = PRESENTATION_LAYER_ASSIGNMENT (  '', '', ( #1533 ) ) ;
#4303 = PLANE ( 'NONE',  #2864 ) ;
#4304 = FILL_AREA_STYLE_COLOUR ( '', #1553 ) ;
#4305 = EDGE_CURVE ( 'NONE', #1072, #4633, #677, .T. ) ;
#4306 = ORIENTED_EDGE ( 'NONE', *, *, #575, .T. ) ;
#4307 = CARTESIAN_POINT ( 'NONE',  ( 0.8264261924309490581, 3.400714034727256418, -1.798920367320508307 ) ) ;
#4308 = DIRECTION ( 'NONE',  ( 0.0000000000000000000, 1.000000000000000000, -0.0000000000000000000 ) ) ;
#4309 = CARTESIAN_POINT ( 'NONE',  ( -0.3868562485163579701, -5.551115123125779744E-16, 0.5000000000000000000 ) ) ;
#4310 = EDGE_CURVE ( 'NONE', #4621, #2163, #7441, .T. ) ;
#4311 = PRESENTATION_STYLE_ASSIGNMENT (( #3723 ) ) ;
#4312 = ADVANCED_FACE ( 'NONE', ( #4687 ), #7069, .F. ) ;
#4313 = STYLED_ITEM ( 'NONE', ( #1687 ), #6886 ) ;
#4314 = VECTOR ( 'NONE', #5950, 1000.000000000000000 ) ;
#4315 = ORIENTED_EDGE ( 'NONE', *, *, #6683, .F. ) ;
#4316 = VERTEX_POINT ( 'NONE', #6085 ) ;
#4317 = CARTESIAN_POINT ( 'NONE',  ( -0.009125320724409939285, -1.031459044838249683, -0.4568327631123098032 ) ) ;
#4318 = CARTESIAN_POINT ( 'NONE',  ( 0.7908746792755909638, 5.900001307200509970, -0.04292036732051092429 ) ) ;
#4319 = DIRECTION ( 'NONE',  ( -0.0000000000000000000, 0.8660254037844398178, -0.4999999999999979461 ) ) ;
#4320 = MECHANICAL_DESIGN_GEOMETRIC_PRESENTATION_REPRESENTATION (  '', ( #4683 ), #2627 ) ;
#4321 = VECTOR ( 'NONE', #4368, 1000.000000000000000 ) ;
#4322 = VECTOR ( 'NONE', #7431, 1000.000000000000000 ) ;
#4323 = UNCERTAINTY_MEASURE_WITH_UNIT (LENGTH_MEASURE( 1.000000000000000082E-05 ), #6564, 'distance_accuracy_value', 'NONE');
#4324 = CARTESIAN_POINT ( 'NONE',  ( -0.01978828152361089901, 2.303271875890680054, -1.407144906752010316 ) ) ;
#4325 = FILL_AREA_STYLE_COLOUR ( '', #4436 ) ;
#4326 = DIRECTION ( 'NONE',  ( 0.0000000000000000000, 0.0000000000000000000, 1.000000000000000000 ) ) ;
#4327 = ORIENTED_EDGE ( 'NONE', *, *, #7180, .T. ) ;
#4328 = CIRCLE ( 'NONE', #3126, 3.250000000000000444 ) ;
#4329 = STYLED_ITEM ( 'NONE', ( #2445 ), #7254 ) ;
#4330 = MECHANICAL_DESIGN_GEOMETRIC_PRESENTATION_REPRESENTATION (  '', ( #6687 ), #4808 ) ;
#4331 = VERTEX_POINT ( 'NONE', #2071 ) ;
#4332 = DIRECTION ( 'NONE',  ( 0.0000000000000000000, 0.0000000000000000000, 1.000000000000000000 ) ) ;
#4333 = DIRECTION ( 'NONE',  ( -5.273559366969489623E-16, 0.0000000000000000000, 1.000000000000000000 ) ) ;
#4334 = PRESENTATION_STYLE_ASSIGNMENT (( #7287 ) ) ;
#4335 = FILL_AREA_STYLE ('',( #3204 ) ) ;
#4336 = DIRECTION ( 'NONE',  ( 5.551115123125780237E-17, 0.0000000000000000000, -1.000000000000000000 ) ) ;
#4337 = ORIENTED_EDGE ( 'NONE', *, *, #5489, .T. ) ;
#4338 = MECHANICAL_DESIGN_GEOMETRIC_PRESENTATION_REPRESENTATION (  '', ( #3488 ), #5942 ) ;
#4339 =( LENGTH_UNIT ( ) NAMED_UNIT ( * ) SI_UNIT ( .MILLI., .METRE. ) );
#4340 = SURFACE_STYLE_USAGE ( .BOTH. , #3251 ) ;
#4341 = CARTESIAN_POINT ( 'NONE',  ( -0.2933925232982647624, 1.480076807177915121, 0.4999999999999995559 ) ) ;
#4342 = FACE_OUTER_BOUND ( 'NONE', #5793, .T. ) ;
#4343 = ORIENTED_EDGE ( 'NONE', *, *, #905, .T. ) ;
#4344 = CARTESIAN_POINT ( 'NONE',  ( 0.7302117184763922131, 3.528999999999995918, -1.798920367320508973 ) ) ;
#4345 =( NAMED_UNIT ( * ) PLANE_ANGLE_UNIT ( ) SI_UNIT ( $, .RADIAN. ) );
#4346 = CARTESIAN_POINT ( 'NONE',  ( 0.7908746792755899646, -1.031459044838248573, -0.4568327631123088595 ) ) ;
#4347 =( GEOMETRIC_REPRESENTATION_CONTEXT ( 3 ) GLOBAL_UNCERTAINTY_ASSIGNED_CONTEXT ( ( #1191 ) ) GLOBAL_UNIT_ASSIGNED_CONTEXT ( ( #4903, #2548, #3620 ) ) REPRESENTATION_CONTEXT ( 'NONE', 'WORKASPACE' ) );
#4348 = SURFACE_SIDE_STYLE ('',( #816 ) ) ;
#4349 = VERTEX_POINT ( 'NONE', #6637 ) ;
#4350 = ORIENTED_EDGE ( 'NONE', *, *, #6969, .T. ) ;
#4351 = SURFACE_SIDE_STYLE ('',( #2612 ) ) ;
#4352 = ADVANCED_FACE ( 'NONE', ( #242 ), #806, .T. ) ;
#4353 = SURFACE_STYLE_FILL_AREA ( #7505 ) ;
#4354 = ADVANCED_FACE ( 'NONE', ( #1463, #3713 ), #3470, .T. ) ;
#4355 = COLOUR_RGB ( '',0.8666666666666666963, 0.8666666666666666963, 0.8666666666666666963 ) ;
#4356 = DIRECTION ( 'NONE',  ( -1.000000000000000000, 0.0000000000000000000, 0.0000000000000000000 ) ) ;
#4357 = DIRECTION ( 'NONE',  ( 0.0000000000000000000, -0.8660254037844387076, 0.4999999999999998335 ) ) ;
#4358 = CARTESIAN_POINT ( 'NONE',  ( -0.009125320724410102349, -1.923597468397799659, -0.8172085837295707256 ) ) ;
#4359 = CARTESIAN_POINT ( 'NONE',  ( -3.250000000000000444, 2.000000000000000000, -2.332340545918030639 ) ) ;
#4360 = ORIENTED_EDGE ( 'NONE', *, *, #5119, .T. ) ;
#4361 = ORIENTED_EDGE ( 'NONE', *, *, #2316, .F. ) ;
#4362 = PLANE ( 'NONE',  #6870 ) ;
#4363 = LINE ( 'NONE', #6734, #5764 ) ;
#4364 = CARTESIAN_POINT ( 'NONE',  ( 2.142428528562859924, 2.399999999999999911, 1.800000000000000266 ) ) ;
#4365 = EDGE_CURVE ( 'NONE', #2971, #250, #7067, .T. ) ;
#4366 = SURFACE_STYLE_USAGE ( .BOTH. , #6736 ) ;
#4367 = DIRECTION ( 'NONE',  ( -1.000000000000000000, -0.0000000000000000000, -0.0000000000000000000 ) ) ;
#4368 = DIRECTION ( 'NONE',  ( 0.0000000000000000000, 0.0000000000000000000, 1.000000000000000000 ) ) ;
#4369 = SURFACE_SIDE_STYLE ('',( #4229 ) ) ;
#4370 = DIRECTION ( 'NONE',  ( 0.0000000000000000000, 0.0000000000000000000, 1.000000000000000000 ) ) ;
#4371 = ORIENTED_EDGE ( 'NONE', *, *, #5818, .T. ) ;
#4372 = CARTESIAN_POINT ( 'NONE',  ( -0.01978828152361089901, 3.329000000000000181, 0.7996146107590680341 ) ) ;
#4373 = EDGE_CURVE ( 'NONE', #1397, #6721, #94, .T. ) ;
#4374 = DIRECTION ( 'NONE',  ( -1.000000000000000000, 0.0000000000000000000, -0.0000000000000000000 ) ) ;
#4375 = SHAPE_REPRESENTATION ( 'd3c', ( #5078 ), #1927 ) ;
#4376 = PRESENTATION_STYLE_ASSIGNMENT (( #3825 ) ) ;
#4377 = CARTESIAN_POINT ( 'NONE',  ( -0.5892990465583425319, 1.568229512926198277, 0.4999999999999997780 ) ) ;
#4378 =( LENGTH_UNIT ( ) NAMED_UNIT ( * ) SI_UNIT ( .MILLI., .METRE. ) );
#4379 = SURFACE_SIDE_STYLE ('',( #3753 ) ) ;
#4380 =( GEOMETRIC_REPRESENTATION_CONTEXT ( 3 ) GLOBAL_UNCERTAINTY_ASSIGNED_CONTEXT ( ( #3493 ) ) GLOBAL_UNIT_ASSIGNED_CONTEXT ( ( #5800, #5230, #5314 ) ) REPRESENTATION_CONTEXT ( 'NONE', 'WORKASPACE' ) );
#4381 = ORIENTED_EDGE ( 'NONE', *, *, #6602, .F. ) ;
#4382 = CARTESIAN_POINT ( 'NONE',  ( 1.500000000000000000, -0.2999999999999999889, 1.800000000000000266 ) ) ;
#4383 = FILL_AREA_STYLE ('',( #4458 ) ) ;
#4384 = SURFACE_STYLE_FILL_AREA ( #843 ) ;
#4385 = MECHANICAL_DESIGN_GEOMETRIC_PRESENTATION_REPRESENTATION (  '', ( #376 ), #3302 ) ;
#4386 = SURFACE_STYLE_FILL_AREA ( #2075 ) ;
#4387 = CARTESIAN_POINT ( 'NONE',  ( -0.8197882815236110510, 0.0000000000000000000, 0.2000000000000000111 ) ) ;
#4388 = LINE ( 'NONE', #5001, #3244 ) ;
#4389 = VERTEX_POINT ( 'NONE', #6946 ) ;
#4390 = VECTOR ( 'NONE', #1584, 1000.000000000000000 ) ;
#4391 = EDGE_LOOP ( 'NONE', ( #5302, #691, #3443, #3685, #2899, #645, #2309, #1846 ) ) ;
#4392 = STYLED_ITEM ( 'NONE', ( #6989 ), #739 ) ;
#4393 = SURFACE_STYLE_FILL_AREA ( #6095 ) ;
#4394 = AXIS2_PLACEMENT_3D ( 'NONE', #4309, #2605, #1469 ) ;
#4395 = UNCERTAINTY_MEASURE_WITH_UNIT (LENGTH_MEASURE( 1.000000000000000082E-05 ), #13, 'distance_accuracy_value', 'NONE');
#4396 = STYLED_ITEM ( 'NONE', ( #4686 ), #5962 ) ;
#4397 = ADVANCED_FACE ( 'NONE', ( #6391 ), #4124, .T. ) ;
#4398 = SURFACE_STYLE_FILL_AREA ( #3802 ) ;
#4399 = EDGE_CURVE ( 'NONE', #1305, #5305, #5889, .T. ) ;
#4400 = SURFACE_STYLE_FILL_AREA ( #3305 ) ;
#4401 = ORIENTED_EDGE ( 'NONE', *, *, #320, .F. ) ;
#4402 = ORIENTED_EDGE ( 'NONE', *, *, #6025, .F. ) ;
#4403 = CARTESIAN_POINT ( 'NONE',  ( -1.322227542308944237, 2.400000000000000799, 0.7072194413430488158 ) ) ;
#4404 = COLOUR_RGB ( '',1.000000000000000000, 1.000000000000000000, 1.000000000000000000 ) ;
#4405 = UNCERTAINTY_MEASURE_WITH_UNIT (LENGTH_MEASURE( 1.000000000000000082E-05 ), #4544, 'distance_accuracy_value', 'NONE');
#4406 = CARTESIAN_POINT ( 'NONE',  ( 0.02163548006626829848, 2.600000000000000533, -0.5429203673205099667 ) ) ;
#4407 = DIRECTION ( 'NONE',  ( 0.0000000000000000000, 0.0000000000000000000, 1.000000000000000000 ) ) ;
#4408 = EDGE_CURVE ( 'NONE', #1648, #6456, #4015, .T. ) ;
#4409 = DIRECTION ( 'NONE',  ( -1.000000000000000000, 0.0000000000000000000, 0.0000000000000000000 ) ) ;
#4410 = ORIENTED_EDGE ( 'NONE', *, *, #7309, .F. ) ;
#4411 = DIRECTION ( 'NONE',  ( 1.000000000000000000, 1.516658762642049965E-31, 1.276118419109379938E-16 ) ) ;
#4412 = DIRECTION ( 'NONE',  ( -0.0000000000000000000, 0.0000000000000000000, -1.000000000000000000 ) ) ;
#4413 = PRESENTATION_LAYER_ASSIGNMENT (  '', '', ( #6898 ) ) ;
#4414 = STYLED_ITEM ( 'NONE', ( #2049 ), #6560 ) ;
#4415 =( NAMED_UNIT ( * ) PLANE_ANGLE_UNIT ( ) SI_UNIT ( $, .RADIAN. ) );
#4416 = ADVANCED_FACE ( 'NONE', ( #4089 ), #1510, .T. ) ;
#4417 = VERTEX_POINT ( 'NONE', #4995 ) ;
#4418 = CYLINDRICAL_SURFACE ( 'NONE', #1485, 0.7999999999999999334 ) ;
#4419 = SURFACE_STYLE_FILL_AREA ( #4383 ) ;
#4420 = DIRECTION ( 'NONE',  ( 0.0000000000000000000, -0.0000000000000000000, 1.000000000000000000 ) ) ;
#4421 = VECTOR ( 'NONE', #2010, 1000.000000000000000 ) ;
#4422 = PLANE ( 'NONE',  #5895 ) ;
#4423 = LINE ( 'NONE', #7386, #2628 ) ;
#4424 = ADVANCED_FACE ( 'NONE', ( #5080 ), #4491, .T. ) ;
#4425 = DIRECTION ( 'NONE',  ( 0.0000000000000000000, 0.0000000000000000000, -1.000000000000000000 ) ) ;
#4426 = VERTEX_POINT ( 'NONE', #1585 ) ;
#4427 = STYLED_ITEM ( 'NONE', ( #4635 ), #3429 ) ;
#4428 = EDGE_LOOP ( 'NONE', ( #3516, #6944, #1472, #5985, #6030, #2553, #7007, #3342, #3454 ) ) ;
#4429 = CARTESIAN_POINT ( 'NONE',  ( -0.8091253207244090140, 5.900001307200500200, -0.6429203673205140523 ) ) ;
#4430 = CYLINDRICAL_SURFACE ( 'NONE', #2956, 2.700000000000000178 ) ;
#4431 = LINE ( 'NONE', #6220, #169 ) ;
#4432 =( LENGTH_UNIT ( ) NAMED_UNIT ( * ) SI_UNIT ( .MILLI., .METRE. ) );
#4433 = ORIENTED_EDGE ( 'NONE', *, *, #5772, .T. ) ;
#4434 = ORIENTED_EDGE ( 'NONE', *, *, #2512, .F. ) ;
#4435 = DIRECTION ( 'NONE',  ( 0.0000000000000000000, 0.0000000000000000000, 1.000000000000000000 ) ) ;
#4436 = COLOUR_RGB ( '',1.000000000000000000, 1.000000000000000000, 1.000000000000000000 ) ;
#4437 = STYLED_ITEM ( 'NONE', ( #834 ), #7123 ) ;
#4438 = AXIS2_PLACEMENT_3D ( 'NONE', #6822, #4984, #7364 ) ;
#4439 = FILL_AREA_STYLE_COLOUR ( '', #5400 ) ;
#4440 = DIRECTION ( 'NONE',  ( 0.0000000000000000000, 0.0000000000000000000, 1.000000000000000000 ) ) ;
#4441 = COLOUR_RGB ( '',0.8666666666666666963, 0.8666666666666666963, 0.8666666666666666963 ) ;
#4442 = AXIS2_PLACEMENT_3D ( 'NONE', #4528, #3425, #2722 ) ;
#4443 =( NAMED_UNIT ( * ) PLANE_ANGLE_UNIT ( ) SI_UNIT ( $, .RADIAN. ) );
#4444 = CARTESIAN_POINT ( 'NONE',  ( 2.000000000000000000, 0.0000000000000000000, 2.000000000000000000 ) ) ;
#4445 = VERTEX_POINT ( 'NONE', #993 ) ;
#4446 = FILL_AREA_STYLE ('',( #3208 ) ) ;
#4447 =( GEOMETRIC_REPRESENTATION_CONTEXT ( 3 ) GLOBAL_UNCERTAINTY_ASSIGNED_CONTEXT ( ( #7575 ) ) GLOBAL_UNIT_ASSIGNED_CONTEXT ( ( #2740, #6290, #442 ) ) REPRESENTATION_CONTEXT ( 'NONE', 'WORKASPACE' ) );
#4448 = STYLED_ITEM ( 'NONE', ( #7365 ), #4488 ) ;
#4449 = FILL_AREA_STYLE_COLOUR ( '', #3807 ) ;
#4450 = EDGE_CURVE ( 'NONE', #4909, #387, #7342, .T. ) ;
#4451 = EDGE_CURVE ( 'NONE', #2481, #5292, #6868, .T. ) ;
#4452 = CARTESIAN_POINT ( 'NONE',  ( -0.009125320724410102349, 1.893690627588850095, -0.8172085837295689492 ) ) ;
#4453 = PRESENTATION_LAYER_ASSIGNMENT (  '', '', ( #6691 ) ) ;
#4454 = ORIENTED_EDGE ( 'NONE', *, *, #2102, .F. ) ;
#4455 = SURFACE_SIDE_STYLE ('',( #6836 ) ) ;
#4456 = CARTESIAN_POINT ( 'NONE',  ( 0.0000000000000000000, 0.2999999999999999889, -3.000000000000000000 ) ) ;
#4457 = EDGE_CURVE ( 'NONE', #1016, #2962, #1623, .T. ) ;
#4458 = FILL_AREA_STYLE_COLOUR ( '', #3364 ) ;
#4459 = PRODUCT_DEFINITION_FORMATION_WITH_SPECIFIED_SOURCE ( 'ANY', '', #811, .NOT_KNOWN. ) ;
#4460 =( NAMED_UNIT ( * ) PLANE_ANGLE_UNIT ( ) SI_UNIT ( $, .RADIAN. ) );
#4461 = DIRECTION ( 'NONE',  ( 0.0000000000000000000, -0.0000000000000000000, 1.000000000000000000 ) ) ;
#4462 = ORIENTED_EDGE ( 'NONE', *, *, #7486, .T. ) ;
#4463 = ORIENTED_EDGE ( 'NONE', *, *, #1504, .T. ) ;
#4464 = PRESENTATION_STYLE_ASSIGNMENT (( #2154 ) ) ;
#4465 = FILL_AREA_STYLE ('',( #2155 ) ) ;
#4466 =( NAMED_UNIT ( * ) SI_UNIT ( $, .STERADIAN. ) SOLID_ANGLE_UNIT ( ) );
#4467 = EDGE_CURVE ( 'NONE', #2163, #29, #3482, .T. ) ;
#4468 = UNCERTAINTY_MEASURE_WITH_UNIT (LENGTH_MEASURE( 1.000000000000000082E-05 ), #1624, 'distance_accuracy_value', 'NONE');
#4469 = SURFACE_STYLE_USAGE ( .BOTH. , #3918 ) ;
#4470 = FACE_OUTER_BOUND ( 'NONE', #5984, .T. ) ;
#4471 =( NAMED_UNIT ( * ) SI_UNIT ( $, .STERADIAN. ) SOLID_ANGLE_UNIT ( ) );
#4472 = VERTEX_POINT ( 'NONE', #2586 ) ;
#4473 = ORIENTED_EDGE ( 'NONE', *, *, #1626, .F. ) ;
#4474 = STYLED_ITEM ( 'NONE', ( #2785 ), #5215 ) ;
#4475 = LINE ( 'NONE', #6893, #4057 ) ;
#4476 =( NAMED_UNIT ( * ) SI_UNIT ( $, .STERADIAN. ) SOLID_ANGLE_UNIT ( ) );
#4477 = UNCERTAINTY_MEASURE_WITH_UNIT (LENGTH_MEASURE( 1.000000000000000082E-05 ), #6626, 'distance_accuracy_value', 'NONE');
#4478 = DIRECTION ( 'NONE',  ( -0.0000000000000000000, 1.000000000000000000, 1.776356839400250070E-15 ) ) ;
#4479 = DIRECTION ( 'NONE',  ( 0.0000000000000000000, 0.0000000000000000000, -1.000000000000000000 ) ) ;
#4480 = ORIENTED_EDGE ( 'NONE', *, *, #2838, .T. ) ;
#4481 = SURFACE_STYLE_USAGE ( .BOTH. , #1091 ) ;
#4482 = SURFACE_STYLE_USAGE ( .BOTH. , #6269 ) ;
#4483 = CARTESIAN_POINT ( 'NONE',  ( 0.0000000000000000000, 1.800000000000000266, -0.4909999999999999920 ) ) ;
#4484 = FILL_AREA_STYLE_COLOUR ( '', #68 ) ;
#4485 = DIRECTION ( 'NONE',  ( -0.0000000000000000000, -1.000000000000000000, -0.0000000000000000000 ) ) ;
#4486 = DIRECTION ( 'NONE',  ( -1.000000000000000000, 0.0000000000000000000, -0.0000000000000000000 ) ) ;
#4487 = EDGE_CURVE ( 'NONE', #1934, #3499, #2391, .T. ) ;
#4488 = ADVANCED_FACE ( 'NONE', ( #4865 ), #307, .F. ) ;
#4489 = EDGE_LOOP ( 'NONE', ( #7517, #516, #2050, #5961, #618 ) ) ;
#4490 = CARTESIAN_POINT ( 'NONE',  ( 0.7908746792755909638, 4.800000000000001599, -2.054890074364034801E-50 ) ) ;
#4491 = PLANE ( 'NONE',  #2636 ) ;
#4492 = DIRECTION ( 'NONE',  ( 0.0000000000000000000, 1.715124499442879932E-15, -1.000000000000000000 ) ) ;
#4493 = DIRECTION ( 'NONE',  ( 0.0000000000000000000, 1.000000000000000000, -1.715124499442879932E-15 ) ) ;
#4494 =( GEOMETRIC_REPRESENTATION_CONTEXT ( 3 ) GLOBAL_UNCERTAINTY_ASSIGNED_CONTEXT ( ( #2658 ) ) GLOBAL_UNIT_ASSIGNED_CONTEXT ( ( #7248, #621, #5827 ) ) REPRESENTATION_CONTEXT ( 'NONE', 'WORKASPACE' ) );
#4495 =( LENGTH_UNIT ( ) NAMED_UNIT ( * ) SI_UNIT ( .MILLI., .METRE. ) );
#4496 = ADVANCED_FACE ( 'NONE', ( #2629 ), #942, .T. ) ;
#4497 = ORIENTED_EDGE ( 'NONE', *, *, #1387, .T. ) ;
#4498 = ORIENTED_EDGE ( 'NONE', *, *, #5640, .T. ) ;
#4499 = CARTESIAN_POINT ( 'NONE',  ( 0.3502141598067133876, 1.699999999999999734, 0.8825148910380679057 ) ) ;
#4500 =( LENGTH_UNIT ( ) NAMED_UNIT ( * ) SI_UNIT ( .MILLI., .METRE. ) );
#4501 = COLOUR_RGB ( '',0.8666666666666666963, 0.8666666666666666963, 0.8666666666666666963 ) ;
#4502 = CARTESIAN_POINT ( 'NONE',  ( -0.009125320724410156126, -1.923597468397799437, -0.8172085837295767208 ) ) ;
#4503 =( NAMED_UNIT ( * ) PLANE_ANGLE_UNIT ( ) SI_UNIT ( $, .RADIAN. ) );
#4504 =( GEOMETRIC_REPRESENTATION_CONTEXT ( 3 ) GLOBAL_UNCERTAINTY_ASSIGNED_CONTEXT ( ( #5482 ) ) GLOBAL_UNIT_ASSIGNED_CONTEXT ( ( #464, #6318, #1620 ) ) REPRESENTATION_CONTEXT ( 'NONE', 'WORKASPACE' ) );
#4505 = FACE_OUTER_BOUND ( 'NONE', #730, .T. ) ;
#4506 =( GEOMETRIC_REPRESENTATION_CONTEXT ( 3 ) GLOBAL_UNCERTAINTY_ASSIGNED_CONTEXT ( ( #4395 ) ) GLOBAL_UNIT_ASSIGNED_CONTEXT ( ( #13, #6443, #1227 ) ) REPRESENTATION_CONTEXT ( 'NONE', 'WORKASPACE' ) );
#4507 = LINE ( 'NONE', #6957, #1166 ) ;
#4508 = ORIENTED_EDGE ( 'NONE', *, *, #6640, .T. ) ;
#4509 = ORIENTED_EDGE ( 'NONE', *, *, #7159, .T. ) ;
#4510 = SURFACE_SIDE_STYLE ('',( #413 ) ) ;
#4511 = DIRECTION ( 'NONE',  ( 0.0000000000000000000, 0.0000000000000000000, -1.000000000000000000 ) ) ;
#4512 = AXIS2_PLACEMENT_3D ( 'NONE', #1050, #6226, #4511 ) ;
#4513 = CIRCLE ( 'NONE', #3310, 0.5000000000000000000 ) ;
#4514 = DIRECTION ( 'NONE',  ( -1.000000000000000000, 0.0000000000000000000, -0.0000000000000000000 ) ) ;
#4515 = AXIS2_PLACEMENT_3D ( 'NONE', #1183, #600, #3058 ) ;
#4516 = CARTESIAN_POINT ( 'NONE',  ( -2.400000000000000355, 2.399999999999999911, 1.799999999999999822 ) ) ;
#4517 = PRODUCT ( 'd3l', 'd3l', '', ( #4655 ) ) ;
#4518 = ORIENTED_EDGE ( 'NONE', *, *, #1248, .T. ) ;
#4519 = VECTOR ( 'NONE', #6754, 1000.000000000000000 ) ;
#4520 = CIRCLE ( 'NONE', #6765, 0.09999999999999999167 ) ;
#4521 = LINE ( 'NONE', #2789, #1873 ) ;
#4522 =( GEOMETRIC_REPRESENTATION_CONTEXT ( 3 ) GLOBAL_UNCERTAINTY_ASSIGNED_CONTEXT ( ( #6882 ) ) GLOBAL_UNIT_ASSIGNED_CONTEXT ( ( #4895, #4740, #252 ) ) REPRESENTATION_CONTEXT ( 'NONE', 'WORKASPACE' ) );
#4523 = AXIS2_PLACEMENT_3D ( 'NONE', #2591, #2039, #5648 ) ;
#4524 = SURFACE_SIDE_STYLE ('',( #1612 ) ) ;
#4525 = VECTOR ( 'NONE', #1788, 1000.000000000000000 ) ;
#4526 = CARTESIAN_POINT ( 'NONE',  ( 0.5000000000000000000, 0.0000000000000000000, 5.000000000000000000 ) ) ;
#4527 = FACE_OUTER_BOUND ( 'NONE', #6555, .T. ) ;
#4528 = CARTESIAN_POINT ( 'NONE',  ( 3.250000000000000444, 0.0000000000000000000, 3.258928571428569843 ) ) ;
#4529 = VECTOR ( 'NONE', #4663, 1000.000000000000000 ) ;
#4530 = EDGE_LOOP ( 'NONE', ( #5085, #5635, #3901, #1356 ) ) ;
#4531 = SURFACE_SIDE_STYLE ('',( #5342 ) ) ;
#4532 = CARTESIAN_POINT ( 'NONE',  ( 2.142428528562859924, 0.0000000000000000000, 2.100000000000000089 ) ) ;
#4533 = STYLED_ITEM ( 'NONE', ( #3518 ), #2966 ) ;
#4534 = PRESENTATION_STYLE_ASSIGNMENT (( #4608 ) ) ;
#4535 = ORIENTED_EDGE ( 'NONE', *, *, #2714, .T. ) ;
#4536 = FILL_AREA_STYLE_COLOUR ( '', #3199 ) ;
#4537 = VECTOR ( 'NONE', #1022, 1000.000000000000000 ) ;
#4538 = CARTESIAN_POINT ( 'NONE',  ( -2.299999999999999822, 2.399999999999999911, -7.709882115452470771E-17 ) ) ;
#4539 = SURFACE_SIDE_STYLE ('',( #2380 ) ) ;
#4540 = UNCERTAINTY_MEASURE_WITH_UNIT (LENGTH_MEASURE( 1.000000000000000082E-05 ), #4785, 'distance_accuracy_value', 'NONE');
#4541 = ADVANCED_FACE ( 'NONE', ( #6782 ), #7319, .F. ) ;
#4542 = EDGE_CURVE ( 'NONE', #6141, #566, #3152, .T. ) ;
#4543 = CARTESIAN_POINT ( 'NONE',  ( -0.01978828152361080187, 1.673642115736349911, 0.2000000000000000111 ) ) ;
#4544 =( LENGTH_UNIT ( ) NAMED_UNIT ( * ) SI_UNIT ( .MILLI., .METRE. ) );
#4545 = FACE_OUTER_BOUND ( 'NONE', #6104, .T. ) ;
#4546 = ORIENTED_EDGE ( 'NONE', *, *, #1815, .T. ) ;
#4547 = ORIENTED_EDGE ( 'NONE', *, *, #1478, .F. ) ;
#4548 =( NAMED_UNIT ( * ) PLANE_ANGLE_UNIT ( ) SI_UNIT ( $, .RADIAN. ) );
#4549 =( NAMED_UNIT ( * ) PLANE_ANGLE_UNIT ( ) SI_UNIT ( $, .RADIAN. ) );
#4550 = LINE ( 'NONE', #2704, #4272 ) ;
#4551 = PRESENTATION_LAYER_ASSIGNMENT (  '', '', ( #3589 ) ) ;
#4552 = VECTOR ( 'NONE', #7321, 1000.000000000000000 ) ;
#4553 = ADVANCED_FACE ( 'NONE', ( #6696 ), #2747, .F. ) ;
#4554 =( NAMED_UNIT ( * ) SI_UNIT ( $, .STERADIAN. ) SOLID_ANGLE_UNIT ( ) );
#4555 = LINE ( 'NONE', #3969, #4927 ) ;
#4556 = VERTEX_POINT ( 'NONE', #3776 ) ;
#4557 = DIRECTION ( 'NONE',  ( 1.000000000000000000, 0.0000000000000000000, -0.0000000000000000000 ) ) ;
#4558 = CYLINDRICAL_SURFACE ( 'NONE', #5174, 1.212070382921480061 ) ;
#4559 = VECTOR ( 'NONE', #6967, 1000.000000000000000 ) ;
#4560 = VECTOR ( 'NONE', #6739, 1000.000000000000000 ) ;
#4561 = STYLED_ITEM ( 'NONE', ( #4140 ), #3953 ) ;
#4562 = DIRECTION ( 'NONE',  ( -1.000000000000000000, 0.0000000000000000000, 0.0000000000000000000 ) ) ;
#4563 =( BOUNDED_SURFACE ( )  B_SPLINE_SURFACE ( 3, 3, ( 
 ( #2854, #6963, #5786, #623 ),
 ( #1706, #4629, #551, #2894 ),
 ( #5363, #5908, #1239, #110 ),
 ( #3691, #5949, #1328, #6065 ) ),
 .UNSPECIFIED., .F., .F., .F. ) 
 B_SPLINE_SURFACE_WITH_KNOTS ( ( 4, 4 ),
 ( 4, 4 ),
 ( 0.0000000000000000000, 1.000000000000000000 ),
 ( 0.0000000000000000000, 1.000000000000000000 ),
 .UNSPECIFIED. ) 
 GEOMETRIC_REPRESENTATION_ITEM ( )  RATIONAL_B_SPLINE_SURFACE ( (
 ( 1.000000000000000000, 0.9394481812909191154, 0.9394481812909191154, 1.000000000000000000),
 ( 0.6513273347100666522, 0.6118882800184338722, 0.6118882800184338722, 0.6513273347100666522),
 ( 0.6513273347100666522, 0.6118882800184338722, 0.6118882800184338722, 0.6513273347100666522),
 ( 1.000000000000000000, 0.9394481812909191154, 0.9394481812909191154, 1.000000000000000000) ) ) 
 REPRESENTATION_ITEM ( '' )  SURFACE ( )  );
#4564 = COLOUR_RGB ( '',0.8666666666666666963, 0.8666666666666666963, 0.8666666666666666963 ) ;
#4565 = COLOUR_RGB ( '',0.8666666666666666963, 0.8666666666666666963, 0.8666666666666666963 ) ;
#4566 =( LENGTH_UNIT ( ) NAMED_UNIT ( * ) SI_UNIT ( .MILLI., .METRE. ) );
#4567 = CARTESIAN_POINT ( 'NONE',  ( -0.8091253207244110124, 2.600000000000000533, -0.8429203673205101222 ) ) ;
#4568 = CYLINDRICAL_SURFACE ( 'NONE', #4745, 0.2999999999999999889 ) ;
#4569 = DIRECTION ( 'NONE',  ( 0.0000000000000000000, 1.000000000000000000, -1.715124499442879932E-15 ) ) ;
#4570 = CIRCLE ( 'NONE', #4944, 0.2999999999999999334 ) ;
#4571 = PRESENTATION_LAYER_ASSIGNMENT (  '', '', ( #3871 ) ) ;
#4572 = ORIENTED_EDGE ( 'NONE', *, *, #1708, .F. ) ;
#4573 = FACE_OUTER_BOUND ( 'NONE', #7535, .T. ) ;
#4574 = CARTESIAN_POINT ( 'NONE',  ( 0.8618046937198200474, -1.302697942876720028, -0.4799377995762330040 ) ) ;
#4575 = LINE ( 'NONE', #3473, #7060 ) ;
#4576 = ORIENTED_EDGE ( 'NONE', *, *, #6454, .F. ) ;
#4577 = VERTEX_POINT ( 'NONE', #6107 ) ;
#4578 = LINE ( 'NONE', #1036, #17 ) ;
#4579 =( NAMED_UNIT ( * ) SI_UNIT ( $, .STERADIAN. ) SOLID_ANGLE_UNIT ( ) );
#4580 =( NAMED_UNIT ( * ) PLANE_ANGLE_UNIT ( ) SI_UNIT ( $, .RADIAN. ) );
#4581 = CARTESIAN_POINT ( 'NONE',  ( 0.0000000000000000000, 0.0000000000000000000, 0.0000000000000000000 ) ) ;
#4582 = DIRECTION ( 'NONE',  ( 1.000000000000000000, 0.0000000000000000000, 0.0000000000000000000 ) ) ;
#4583 = ORIENTED_EDGE ( 'NONE', *, *, #5528, .F. ) ;
#4584 = ORIENTED_EDGE ( 'NONE', *, *, #3117, .T. ) ;
#4585 = ADVANCED_FACE ( 'NONE', ( #857 ), #5571, .F. ) ;
#4586 = CARTESIAN_POINT ( 'NONE',  ( -0.1528146411127589976, 2.600000000000000533, -0.8429203673205113434 ) ) ;
#4587 = DIRECTION ( 'NONE',  ( -1.000000000000000000, 0.0000000000000000000, 0.0000000000000000000 ) ) ;
#4588 = CARTESIAN_POINT ( 'NONE',  ( -0.3868562485163580256, 2.922498976444949825, 0.4000000000000000222 ) ) ;
#4589 = CARTESIAN_POINT ( 'NONE',  ( -2.019788281523609896, 3.528999999999999915, 0.7996146107590680341 ) ) ;
#4590 = DIRECTION ( 'NONE',  ( -1.000000000000000000, 0.0000000000000000000, 0.0000000000000000000 ) ) ;
#4591 = ORIENTED_EDGE ( 'NONE', *, *, #2054, .T. ) ;
#4592 =( NAMED_UNIT ( * ) PLANE_ANGLE_UNIT ( ) SI_UNIT ( $, .RADIAN. ) );
#4593 = VERTEX_POINT ( 'NONE', #5828 ) ;
#4594 = VECTOR ( 'NONE', #1487, 1000.000000000000000 ) ;
#4595 = ORIENTED_EDGE ( 'NONE', *, *, #6293, .T. ) ;
#4596 = EDGE_CURVE ( 'NONE', #4556, #5407, #5297, .T. ) ;
#4597 = CARTESIAN_POINT ( 'NONE',  ( -0.8091253207244090140, 2.700000000000000178, -1.949231046932160094 ) ) ;
#4598 = DIRECTION ( 'NONE',  ( 0.0000000000000000000, -1.000000000000000000, -0.0000000000000000000 ) ) ;
#4599 = DIRECTION ( 'NONE',  ( 0.0000000000000000000, 0.0000000000000000000, 1.000000000000000000 ) ) ;
#4600 = DIRECTION ( 'NONE',  ( -1.000000000000000000, 0.0000000000000000000, -0.0000000000000000000 ) ) ;
#4601 =( NAMED_UNIT ( * ) PLANE_ANGLE_UNIT ( ) SI_UNIT ( $, .RADIAN. ) );
#4602 = ADVANCED_FACE ( 'NONE', ( #6412 ), #5686, .F. ) ;
#4603 = ORIENTED_EDGE ( 'NONE', *, *, #6553, .F. ) ;
#4604 =( LENGTH_UNIT ( ) NAMED_UNIT ( * ) SI_UNIT ( .MILLI., .METRE. ) );
#4605 = CARTESIAN_POINT ( 'NONE',  ( -0.01978828152361080187, 2.686465021920419805, 0.2000000000000000111 ) ) ;
#4606 =( NAMED_UNIT ( * ) SI_UNIT ( $, .STERADIAN. ) SOLID_ANGLE_UNIT ( ) );
#4607 = PRESENTATION_STYLE_ASSIGNMENT (( #4056 ) ) ;
#4608 = SURFACE_STYLE_USAGE ( .BOTH. , #2218 ) ;
#4609 =( LENGTH_UNIT ( ) NAMED_UNIT ( * ) SI_UNIT ( .MILLI., .METRE. ) );
#4610 =( NAMED_UNIT ( * ) PLANE_ANGLE_UNIT ( ) SI_UNIT ( $, .RADIAN. ) );
#4611 = VERTEX_POINT ( 'NONE', #3934 ) ;
#4612 = FACE_OUTER_BOUND ( 'NONE', #522, .T. ) ;
#4613 = CYLINDRICAL_SURFACE ( 'NONE', #7415, 2.700000000000000178 ) ;
#4614 = FILL_AREA_STYLE_COLOUR ( '', #498 ) ;
#4615 = UNCERTAINTY_MEASURE_WITH_UNIT (LENGTH_MEASURE( 1.000000000000000082E-05 ), #2667, 'distance_accuracy_value', 'NONE');
#4616 = AXIS2_PLACEMENT_3D ( 'NONE', #5251, #109, #5742 ) ;
#4617 = CARTESIAN_POINT ( 'NONE',  ( 0.7802117184763890378, 3.329000000000000181, 0.2000000000000000111 ) ) ;
#4618 = FACE_OUTER_BOUND ( 'NONE', #2710, .T. ) ;
#4619 = SHAPE_REPRESENTATION ( 'd3r', ( #5078 ), #931 ) ;
#4620 =( LENGTH_UNIT ( ) NAMED_UNIT ( * ) SI_UNIT ( .MILLI., .METRE. ) );
#4621 = VERTEX_POINT ( 'NONE', #1606 ) ;
#4622 = ORIENTED_EDGE ( 'NONE', *, *, #2381, .F. ) ;
#4623 = CARTESIAN_POINT ( 'NONE',  ( 1.130211718476387350, 3.329000000000004622, 0.5010796326794901834 ) ) ;
#4624 = SURFACE_STYLE_USAGE ( .BOTH. , #1676 ) ;
#4625 = DIRECTION ( 'NONE',  ( -0.0000000000000000000, 1.000000000000000000, -0.0000000000000000000 ) ) ;
#4626 = PRODUCT_DEFINITION_CONTEXT ( 'detailed design', #7006, 'design' ) ;
#4627 = CARTESIAN_POINT ( 'NONE',  ( -3.250000000000000444, 0.2999999999999999889, 3.258928571428569843 ) ) ;
#4628 = UNCERTAINTY_MEASURE_WITH_UNIT (LENGTH_MEASURE( 1.000000000000000082E-05 ), #2207, 'distance_accuracy_value', 'NONE');
#4629 = CARTESIAN_POINT ( 'NONE',  ( 0.7196857906303475438, 1.656920060374755810, 1.633774118458988900 ) ) ;
#4630 = AXIS2_PLACEMENT_3D ( 'NONE', #199, #4902, #7285 ) ;
#4631 =( GEOMETRIC_REPRESENTATION_CONTEXT ( 3 ) GLOBAL_UNCERTAINTY_ASSIGNED_CONTEXT ( ( #6725 ) ) GLOBAL_UNIT_ASSIGNED_CONTEXT ( ( #5327, #1273, #2419 ) ) REPRESENTATION_CONTEXT ( 'NONE', 'WORKASPACE' ) );
#4632 = EDGE_CURVE ( 'NONE', #6912, #875, #1647, .T. ) ;
#4633 = VERTEX_POINT ( 'NONE', #3349 ) ;
#4634 = DIRECTION ( 'NONE',  ( 0.0000000000000000000, -1.000000000000000000, -8.881784197001250351E-16 ) ) ;
#4635 = PRESENTATION_STYLE_ASSIGNMENT (( #5953 ) ) ;
#4636 = ORIENTED_EDGE ( 'NONE', *, *, #1387, .F. ) ;
#4637 =( GEOMETRIC_REPRESENTATION_CONTEXT ( 3 ) GLOBAL_UNCERTAINTY_ASSIGNED_CONTEXT ( ( #3185 ) ) GLOBAL_UNIT_ASSIGNED_CONTEXT ( ( #4604, #5766, #4088 ) ) REPRESENTATION_CONTEXT ( 'NONE', 'WORKASPACE' ) );
#4638 = FACE_OUTER_BOUND ( 'NONE', #4671, .T. ) ;
#4639 = VECTOR ( 'NONE', #6284, 1000.000000000000000 ) ;
#4640 =( GEOMETRIC_REPRESENTATION_CONTEXT ( 3 ) GLOBAL_UNCERTAINTY_ASSIGNED_CONTEXT ( ( #3108 ) ) GLOBAL_UNIT_ASSIGNED_CONTEXT ( ( #170, #127, #5890 ) ) REPRESENTATION_CONTEXT ( 'NONE', 'WORKASPACE' ) );
#4641 = EDGE_CURVE ( 'NONE', #6094, #2341, #5645, .T. ) ;
#4642 = ADVANCED_FACE ( 'NONE', ( #5069 ), #4034, .F. ) ;
#4643 = PRESENTATION_LAYER_ASSIGNMENT (  '', '', ( #5269 ) ) ;
#4644 = CARTESIAN_POINT ( 'NONE',  ( -1.500000000000000000, 0.0000000000000000000, 1.800000000000000266 ) ) ;
#4645 = VECTOR ( 'NONE', #1270, 1000.000000000000000 ) ;
#4646 = FACE_OUTER_BOUND ( 'NONE', #1130, .T. ) ;
#4647 = COLOUR_RGB ( '',0.8666666666666666963, 0.8666666666666666963, 0.8666666666666666963 ) ;
#4648 = B_SPLINE_CURVE_WITH_KNOTS ( 'NONE', 3,
 ( #3406, #1633, #1112, #2843, #1564, #3334, #435, #6879 ),
 .UNSPECIFIED., .F., .F.,
 ( 4, 2, 2, 4 ),
 ( 3.909146525865938448E-19, 0.0003254673714821883462, 0.0006509347429643763672, 0.001301869485928752301 ),
 .UNSPECIFIED. ) ;
#4649 = EDGE_LOOP ( 'NONE', ( #5520, #415, #7089, #5199, #3948, #7498 ) ) ;
#4650 = FILL_AREA_STYLE ('',( #4199 ) ) ;
#4651 = PRESENTATION_LAYER_ASSIGNMENT (  '', '', ( #3692 ) ) ;
#4652 = VECTOR ( 'NONE', #3040, 1000.000000000000000 ) ;
#4653 = DIRECTION ( 'NONE',  ( 1.000000000000000000, 0.0000000000000000000, -0.0000000000000000000 ) ) ;
#4654 = FILL_AREA_STYLE_COLOUR ( '', #3243 ) ;
#4655 = PRODUCT_CONTEXT ( 'NONE', #1528, 'mechanical' ) ;
#4656 = VECTOR ( 'NONE', #3882, 1000.000000000000000 ) ;
#4657 = ORIENTED_EDGE ( 'NONE', *, *, #959, .F. ) ;
#4658 = CARTESIAN_POINT ( 'NONE',  ( -2.019788281523609896, 3.528999999999993253, -4.142920367320510167 ) ) ;
#4659 = CARTESIAN_POINT ( 'NONE',  ( -0.3868562485163580811, -1.302697942876720028, -0.4799377995762330040 ) ) ;
#4660 = PRESENTATION_STYLE_ASSIGNMENT (( #5172 ) ) ;
#4661 = ORIENTED_EDGE ( 'NONE', *, *, #1114, .T. ) ;
#4662 = ORIENTED_EDGE ( 'NONE', *, *, #7225, .T. ) ;
#4663 = DIRECTION ( 'NONE',  ( -0.0000000000000000000, -1.000000000000000000, 1.715124499442879932E-15 ) ) ;
#4664 = FACE_OUTER_BOUND ( 'NONE', #1390, .T. ) ;
#4665 = FILL_AREA_STYLE ('',( #5569 ) ) ;
#4666 = DIRECTION ( 'NONE',  ( 0.0000000000000000000, 1.715124499442879932E-15, 1.000000000000000000 ) ) ;
#4667 = MECHANICAL_DESIGN_GEOMETRIC_PRESENTATION_REPRESENTATION (  '', ( #304 ), #4800 ) ;
#4668 = PLANE ( 'NONE',  #7047 ) ;
#4669 = LINE ( 'NONE', #7127, #3466 ) ;
#4670 = CARTESIAN_POINT ( 'NONE',  ( -0.01978828152361089901, 0.0000000000000000000, 0.0000000000000000000 ) ) ;
#4671 = EDGE_LOOP ( 'NONE', ( #4454, #5360, #2931, #6439, #4970, #6136 ) ) ;
#4672 = ORIENTED_EDGE ( 'NONE', *, *, #4803, .T. ) ;
#4673 = MECHANICAL_DESIGN_GEOMETRIC_PRESENTATION_REPRESENTATION (  '', ( #418 ), #5784 ) ;
#4674 = CARTESIAN_POINT ( 'NONE',  ( 0.5000000000000000000, 0.0000000000000000000, -3.000000000000000000 ) ) ;
#4675 = FILL_AREA_STYLE ('',( #593 ) ) ;
#4676 = PRESENTATION_STYLE_ASSIGNMENT (( #7173 ) ) ;
#4677 = CARTESIAN_POINT ( 'NONE',  ( -0.8091253207244090140, 0.7936893203883490511, 0.0000000000000000000 ) ) ;
#4678 = PRESENTATION_LAYER_ASSIGNMENT (  '', '', ( #4561 ) ) ;
#4679 = FACE_OUTER_BOUND ( 'NONE', #740, .T. ) ;
#4680 = CARTESIAN_POINT ( 'NONE',  ( -0.1528146411127589976, 0.7712388980384700110, -0.6429203673205147185 ) ) ;
#4681 = ORIENTED_EDGE ( 'NONE', *, *, #2975, .F. ) ;
#4682 = EDGE_CURVE ( 'NONE', #6876, #2724, #557, .T. ) ;
#4683 = STYLED_ITEM ( 'NONE', ( #1043 ), #4962 ) ;
#4684 = CIRCLE ( 'NONE', #5552, 1.000000000000000000 ) ;
#4685 = FACE_OUTER_BOUND ( 'NONE', #7229, .T. ) ;
#4686 = PRESENTATION_STYLE_ASSIGNMENT (( #3629 ) ) ;
#4687 = FACE_OUTER_BOUND ( 'NONE', #2291, .T. ) ;
#4688 = STYLED_ITEM ( 'NONE', ( #2562 ), #5065 ) ;
#4689 = DIRECTION ( 'NONE',  ( 4.158252714186736055E-16, -1.715124499442879932E-15, -1.000000000000000000 ) ) ;
#4690 = PRESENTATION_LAYER_ASSIGNMENT (  '', '', ( #4329 ) ) ;
#4691 = COLOUR_RGB ( '',0.8666666666666666963, 0.8666666666666666963, 0.8666666666666666963 ) ;
#4692 = APPLICATION_PROTOCOL_DEFINITION ( 'draft international standard', 'automotive_design', 1998, #6608 ) ;
#4693 = ORIENTED_EDGE ( 'NONE', *, *, #3301, .T. ) ;
#4694 = EDGE_CURVE ( 'NONE', #7471, #4757, #6227, .T. ) ;
#4695 = CARTESIAN_POINT ( 'NONE',  ( 0.7908746792755909638, 5.000000000000000888, -4.540472023510944804E-16 ) ) ;
#4696 = CARTESIAN_POINT ( 'NONE',  ( 0.0000000000000000000, 2.299999999999999822, -0.4909999999999999920 ) ) ;
#4697 = SURFACE_STYLE_USAGE ( .BOTH. , #4539 ) ;
#4698 = UNCERTAINTY_MEASURE_WITH_UNIT (LENGTH_MEASURE( 1.000000000000000082E-05 ), #3611, 'distance_accuracy_value', 'NONE');
#4699 = FILL_AREA_STYLE_COLOUR ( '', #1857 ) ;
#4700 = CARTESIAN_POINT ( 'NONE',  ( 0.7908746792755905197, -1.923597468397800103, -0.6172085837295705479 ) ) ;
#4701 =( LENGTH_UNIT ( ) NAMED_UNIT ( * ) SI_UNIT ( .MILLI., .METRE. ) );
#4702 = VERTEX_POINT ( 'NONE', #5219 ) ;
#4703 = ORIENTED_EDGE ( 'NONE', *, *, #5581, .T. ) ;
#4704 = EDGE_CURVE ( 'NONE', #6806, #5483, #1682, .T. ) ;
#4705 =( LENGTH_UNIT ( ) NAMED_UNIT ( * ) SI_UNIT ( .MILLI., .METRE. ) );
#4706 = CARTESIAN_POINT ( 'NONE',  ( -0.01978828152361080187, 3.528999999999999915, 0.7996146107590680341 ) ) ;
#4707 = LINE ( 'NONE', #7084, #6234 ) ;
#4708 = DIRECTION ( 'NONE',  ( -1.000000000000000000, 0.0000000000000000000, 0.0000000000000000000 ) ) ;
#4709 = CARTESIAN_POINT ( 'NONE',  ( 1.322227542308944459, 2.400000000000000355, -0.7072194413430484827 ) ) ;
#4710 = ORIENTED_EDGE ( 'NONE', *, *, #5273, .T. ) ;
#4711 = DIRECTION ( 'NONE',  ( 0.0000000000000000000, 0.0000000000000000000, 1.000000000000000000 ) ) ;
#4712 = ORIENTED_EDGE ( 'NONE', *, *, #5579, .F. ) ;
#4713 = ORIENTED_EDGE ( 'NONE', *, *, #1925, .F. ) ;
#4714 =( NAMED_UNIT ( * ) SI_UNIT ( $, .STERADIAN. ) SOLID_ANGLE_UNIT ( ) );
#4715 = PRESENTATION_STYLE_ASSIGNMENT (( #2795 ) ) ;
#4716 = DIRECTION ( 'NONE',  ( -1.000000000000000000, 0.0000000000000000000, -0.0000000000000000000 ) ) ;
#4717 = DIRECTION ( 'NONE',  ( -1.000000000000000000, 0.0000000000000000000, 0.0000000000000000000 ) ) ;
#4718 = SURFACE_STYLE_FILL_AREA ( #1179 ) ;
#4719 = ORIENTED_EDGE ( 'NONE', *, *, #1933, .F. ) ;
#4720 = EDGE_LOOP ( 'NONE', ( #1010, #580, #1493, #3894 ) ) ;
#4721 = CARTESIAN_POINT ( 'NONE',  ( 0.7908746792755899646, -1.923597468397800103, 0.1827914162704289969 ) ) ;
#4722 = LINE ( 'NONE', #7102, #3313 ) ;
#4723 = PRODUCT_RELATED_PRODUCT_CATEGORY ( 'part', '', ( #2158 ) ) ;
#4724 = CARTESIAN_POINT ( 'NONE',  ( -2.000000000000000000, 0.2999999999999999889, -3.000000000000000000 ) ) ;
#4725 = LINE ( 'NONE', #1311, #7301 ) ;
#4726 = EDGE_CURVE ( 'NONE', #2116, #4992, #2275, .T. ) ;
#4727 = CARTESIAN_POINT ( 'NONE',  ( -0.8197882815236110510, 3.329000000000000181, 0.2000000000000000111 ) ) ;
#4728 = CYLINDRICAL_SURFACE ( 'NONE', #2254, 3.000000000000000000 ) ;
#4729 = APPLICATION_PROTOCOL_DEFINITION ( 'draft international standard', 'automotive_design', 1998, #3960 ) ;
#4730 = ORIENTED_EDGE ( 'NONE', *, *, #4138, .F. ) ;
#4731 = FACE_OUTER_BOUND ( 'NONE', #2231, .T. ) ;
#4732 = DIRECTION ( 'NONE',  ( 0.0000000000000000000, -0.8660254037844387076, -0.4999999999999999445 ) ) ;
#4733 = DIRECTION ( 'NONE',  ( 1.000000000000000000, 0.0000000000000000000, -0.0000000000000000000 ) ) ;
#4734 = DIRECTION ( 'NONE',  ( 1.000000000000000000, 0.0000000000000000000, -0.0000000000000000000 ) ) ;
#4735 = EDGE_CURVE ( 'NONE', #1397, #4802, #3900, .T. ) ;
#4736 = VERTEX_POINT ( 'NONE', #4516 ) ;
#4737 = ORIENTED_EDGE ( 'NONE', *, *, #421, .T. ) ;
#4738 =( NAMED_UNIT ( * ) SI_UNIT ( $, .STERADIAN. ) SOLID_ANGLE_UNIT ( ) );
#4739 = DIRECTION ( 'NONE',  ( 0.0000000000000000000, -0.0000000000000000000, 1.000000000000000000 ) ) ;
#4740 =( NAMED_UNIT ( * ) PLANE_ANGLE_UNIT ( ) SI_UNIT ( $, .RADIAN. ) );
#4741 = EDGE_CURVE ( 'NONE', #4952, #259, #6899, .T. ) ;
#4742 = FILL_AREA_STYLE ('',( #395 ) ) ;
#4743 = CARTESIAN_POINT ( 'NONE',  ( -0.009125320724409181211, 1.664928218426819928, -0.8429203673205111214 ) ) ;
#4744 = CARTESIAN_POINT ( 'NONE',  ( -0.009125320724409288764, 0.7712388980384690118, -0.3429203673205120095 ) ) ;
#4745 = AXIS2_PLACEMENT_3D ( 'NONE', #5839, #4717, #5274 ) ;
#4746 = ORIENTED_EDGE ( 'NONE', *, *, #3444, .F. ) ;
#4747 = ORIENTED_EDGE ( 'NONE', *, *, #2424, .T. ) ;
#4748 = CARTESIAN_POINT ( 'NONE',  ( -1.406253083519914071, 2.702291498825248439, -0.7027246355572127623 ) ) ;
#4749 = SURFACE_STYLE_USAGE ( .BOTH. , #4531 ) ;
#4750 =( GEOMETRIC_REPRESENTATION_CONTEXT ( 3 ) GLOBAL_UNCERTAINTY_ASSIGNED_CONTEXT ( ( #6576 ) ) GLOBAL_UNIT_ASSIGNED_CONTEXT ( ( #3636, #732, #3068 ) ) REPRESENTATION_CONTEXT ( 'NONE', 'WORKASPACE' ) );
#4751 = SURFACE_STYLE_FILL_AREA ( #6667 ) ;
#4752 = DIRECTION ( 'NONE',  ( 0.0000000000000000000, -1.000000000000000000, 0.0000000000000000000 ) ) ;
#4753 = LINE ( 'NONE', #5343, #6282 ) ;
#4754 = FILL_AREA_STYLE_COLOUR ( '', #3595 ) ;
#4755 = CARTESIAN_POINT ( 'NONE',  ( 0.8264261924309491691, 3.400714034727256418, -1.798920367320508529 ) ) ;
#4756 = PRESENTATION_LAYER_ASSIGNMENT (  '', '', ( #3542 ) ) ;
#4757 = VERTEX_POINT ( 'NONE', #482 ) ;
#4758 = STYLED_ITEM ( 'NONE', ( #1821 ), #776 ) ;
#4759 = ORIENTED_EDGE ( 'NONE', *, *, #4803, .F. ) ;
#4760 = DIRECTION ( 'NONE',  ( 0.0000000000000000000, 0.0000000000000000000, 1.000000000000000000 ) ) ;
#4761 = CIRCLE ( 'NONE', #6994, 3.250000000000000444 ) ;
#4762 = MECHANICAL_DESIGN_GEOMETRIC_PRESENTATION_REPRESENTATION (  '', ( #4048 ), #2576 ) ;
#4763 = DIRECTION ( 'NONE',  ( 0.0000000000000000000, 1.000000000000000000, 0.0000000000000000000 ) ) ;
#4764 = PLANE ( 'NONE',  #5439 ) ;
#4765 = FILL_AREA_STYLE_COLOUR ( '', #6421 ) ;
#4766 = APPLICATION_PROTOCOL_DEFINITION ( 'draft international standard', 'automotive_design', 1998, #725 ) ;
#4767 = STYLED_ITEM ( 'NONE', ( #869 ), #2131 ) ;
#4768 = ORIENTED_EDGE ( 'NONE', *, *, #4735, .T. ) ;
#4769 = SURFACE_SIDE_STYLE ('',( #2417 ) ) ;
#4770 = LINE ( 'NONE', #1782, #5408 ) ;
#4771 = PRESENTATION_LAYER_ASSIGNMENT (  '', '', ( #7138 ) ) ;
#4772 = UNCERTAINTY_MEASURE_WITH_UNIT (LENGTH_MEASURE( 1.000000000000000082E-05 ), #3836, 'distance_accuracy_value', 'NONE');
#4773 =( LENGTH_UNIT ( ) NAMED_UNIT ( * ) SI_UNIT ( .MILLI., .METRE. ) );
#4774 = PRESENTATION_LAYER_ASSIGNMENT (  '', '', ( #1744 ) ) ;
#4775 =( NAMED_UNIT ( * ) PLANE_ANGLE_UNIT ( ) SI_UNIT ( $, .RADIAN. ) );
#4776 = MECHANICAL_DESIGN_GEOMETRIC_PRESENTATION_REPRESENTATION (  '', ( #634 ), #7391 ) ;
#4777 = ORIENTED_EDGE ( 'NONE', *, *, #494, .T. ) ;
#4778 = ORIENTED_EDGE ( 'NONE', *, *, #6503, .T. ) ;
#4779 =( GEOMETRIC_REPRESENTATION_CONTEXT ( 3 ) GLOBAL_UNCERTAINTY_ASSIGNED_CONTEXT ( ( #1754 ) ) GLOBAL_UNIT_ASSIGNED_CONTEXT ( ( #1601, #1082, #6367 ) ) REPRESENTATION_CONTEXT ( 'NONE', 'WORKASPACE' ) );
#4780 = EDGE_CURVE ( 'NONE', #7282, #7424, #2817, .T. ) ;
#4781 = EDGE_CURVE ( 'NONE', #5778, #7323, #2500, .T. ) ;
#4782 = VECTOR ( 'NONE', #1106, 1000.000000000000000 ) ;
#4783 = UNCERTAINTY_MEASURE_WITH_UNIT (LENGTH_MEASURE( 1.000000000000000082E-05 ), #310, 'distance_accuracy_value', 'NONE');
#4784 = DIRECTION ( 'NONE',  ( 0.0000000000000000000, -1.000000000000000000, 5.551115123125780237E-17 ) ) ;
#4785 =( LENGTH_UNIT ( ) NAMED_UNIT ( * ) SI_UNIT ( .MILLI., .METRE. ) );
#4786 = VECTOR ( 'NONE', #699, 1000.000000000000000 ) ;
#4787 = SURFACE_STYLE_USAGE ( .BOTH. , #1205 ) ;
#4788 =( NAMED_UNIT ( * ) SI_UNIT ( $, .STERADIAN. ) SOLID_ANGLE_UNIT ( ) );
#4789 = ORIENTED_EDGE ( 'NONE', *, *, #534, .F. ) ;
#4790 = ORIENTED_EDGE ( 'NONE', *, *, #693, .F. ) ;
#4791 = CARTESIAN_POINT ( 'NONE',  ( 1.406253083519913405, 2.494631486945854792, -0.6147497051756638520 ) ) ;
#4792 = LINE ( 'NONE', #7212, #5613 ) ;
#4793 = EDGE_CURVE ( 'NONE', #5575, #7087, #3008, .T. ) ;
#4794 = DIRECTION ( 'NONE',  ( 0.0000000000000000000, -0.0000000000000000000, -1.000000000000000000 ) ) ;
#4795 = DIRECTION ( 'NONE',  ( -1.000000000000000000, 0.0000000000000000000, 0.0000000000000000000 ) ) ;
#4796 = CARTESIAN_POINT ( 'NONE',  ( 0.0000000000000000000, -0.2999999999999999889, 0.0000000000000000000 ) ) ;
#4797 = DIRECTION ( 'NONE',  ( 1.000000000000000000, 0.0000000000000000000, 0.0000000000000000000 ) ) ;
#4798 = FILL_AREA_STYLE_COLOUR ( '', #56 ) ;
#4799 = DIRECTION ( 'NONE',  ( 0.0000000000000000000, -0.0000000000000000000, 1.000000000000000000 ) ) ;
#4800 =( GEOMETRIC_REPRESENTATION_CONTEXT ( 3 ) GLOBAL_UNCERTAINTY_ASSIGNED_CONTEXT ( ( #5011 ) ) GLOBAL_UNIT_ASSIGNED_CONTEXT ( ( #1136, #267, #7247 ) ) REPRESENTATION_CONTEXT ( 'NONE', 'WORKASPACE' ) );
#4801 = VERTEX_POINT ( 'NONE', #4073 ) ;
#4802 = VERTEX_POINT ( 'NONE', #3614 ) ;
#4803 = EDGE_CURVE ( 'NONE', #471, #2754, #5910, .T. ) ;
#4804 = AXIS2_PLACEMENT_3D ( 'NONE', #2035, #1536, #1454 ) ;
#4805 = AXIS2_PLACEMENT_3D ( 'NONE', #2759, #1614, #5229 ) ;
#4806 = DIRECTION ( 'NONE',  ( 0.0000000000000000000, 1.000000000000000000, 0.0000000000000000000 ) ) ;
#4807 = ITEM_DEFINED_TRANSFORMATION ( 'NONE', 'NONE', #6320,  #5078 ) ;
#4808 =( GEOMETRIC_REPRESENTATION_CONTEXT ( 3 ) GLOBAL_UNCERTAINTY_ASSIGNED_CONTEXT ( ( #4166 ) ) GLOBAL_UNIT_ASSIGNED_CONTEXT ( ( #2099, #3867, #902 ) ) REPRESENTATION_CONTEXT ( 'NONE', 'WORKASPACE' ) );
#4809 = CIRCLE ( 'NONE', #5677, 0.7999999999999999334 ) ;
#4810 = VECTOR ( 'NONE', #192, 1000.000000000000000 ) ;
#4811 = VERTEX_POINT ( 'NONE', #7088 ) ;
#4812 = LINE ( 'NONE', #4238, #4645 ) ;
#4813 = CARTESIAN_POINT ( 'NONE',  ( 0.7908746792755909638, 0.7936893203883490511, 0.0000000000000000000 ) ) ;
#4814 = SURFACE_SIDE_STYLE ('',( #2421 ) ) ;
#4815 = STYLED_ITEM ( 'NONE', ( #7320 ), #4941 ) ;
#4816 = COLOUR_RGB ( '',0.8666666666666666963, 0.8666666666666666963, 0.8666666666666666963 ) ;
#4817 = ORIENTED_EDGE ( 'NONE', *, *, #1815, .F. ) ;
#4818 = VERTEX_POINT ( 'NONE', #2466 ) ;
#4819 = CARTESIAN_POINT ( 'NONE',  ( 0.2680751308898460250, 0.7712388980384690118, -0.6429203673205120539 ) ) ;
#4820 = VECTOR ( 'NONE', #1445, 1000.000000000000000 ) ;
#4821 = MECHANICAL_DESIGN_GEOMETRIC_PRESENTATION_REPRESENTATION (  '', ( #218 ), #1168 ) ;
#4822 = CARTESIAN_POINT ( 'NONE',  ( -0.5000000000000000000, 0.0000000000000000000, -3.741071428571430602 ) ) ;
#4823 = DIRECTION ( 'NONE',  ( 0.0000000000000000000, -0.0000000000000000000, 1.000000000000000000 ) ) ;
#4824 = SURFACE_STYLE_FILL_AREA ( #2504 ) ;
#4825 = ADVANCED_FACE ( 'NONE', ( #673 ), #5338, .F. ) ;
#4826 = EDGE_CURVE ( 'NONE', #219, #2921, #2969, .T. ) ;
#4827 = ORIENTED_EDGE ( 'NONE', *, *, #1344, .F. ) ;
#4828 = ORIENTED_EDGE ( 'NONE', *, *, #1396, .T. ) ;
#4829 = DIRECTION ( 'NONE',  ( 0.0000000000000000000, -1.276756478318930021E-15, 1.000000000000000000 ) ) ;
#4830 = SURFACE_STYLE_USAGE ( .BOTH. , #1918 ) ;
#4831 =( LENGTH_UNIT ( ) NAMED_UNIT ( * ) SI_UNIT ( .MILLI., .METRE. ) );
#4832 = SURFACE_STYLE_USAGE ( .BOTH. , #3622 ) ;
#4833 = DIRECTION ( 'NONE',  ( 0.0000000000000000000, 0.0000000000000000000, -1.000000000000000000 ) ) ;
#4834 = EDGE_CURVE ( 'NONE', #3195, #55, #5258, .T. ) ;
#4835 = CARTESIAN_POINT ( 'NONE',  ( 3.250000000000000444, 0.0000000000000000000, -0.2410714285714279925 ) ) ;
#4836 = VERTEX_POINT ( 'NONE', #4142 ) ;
#4837 = EDGE_LOOP ( 'NONE', ( #1683, #3687, #1770, #742 ) ) ;
#4838 = CARTESIAN_POINT ( 'NONE',  ( 0.5000000000000000000, 2.700000000000000178, -1.600000000000000089 ) ) ;
#4839 = SURFACE_STYLE_USAGE ( .BOTH. , #1888 ) ;
#4840 =( LENGTH_UNIT ( ) NAMED_UNIT ( * ) SI_UNIT ( .MILLI., .METRE. ) );
#4841 = FILL_AREA_STYLE_COLOUR ( '', #1163 ) ;
#4842 = EDGE_CURVE ( 'NONE', #5276, #477, #1331, .T. ) ;
#4843 = CARTESIAN_POINT ( 'NONE',  ( -2.142428528562859924, 0.0000000000000000000, 2.100000000000000089 ) ) ;
#4844 = ORIENTED_EDGE ( 'NONE', *, *, #1140, .T. ) ;
#4845 = FILL_AREA_STYLE_COLOUR ( '', #5904 ) ;
#4846 = UNCERTAINTY_MEASURE_WITH_UNIT (LENGTH_MEASURE( 1.000000000000000082E-05 ), #4566, 'distance_accuracy_value', 'NONE');
#4847 =( GEOMETRIC_REPRESENTATION_CONTEXT ( 3 ) GLOBAL_UNCERTAINTY_ASSIGNED_CONTEXT ( ( #1286 ) ) GLOBAL_UNIT_ASSIGNED_CONTEXT ( ( #4609, #6950, #2837 ) ) REPRESENTATION_CONTEXT ( 'NONE', 'WORKASPACE' ) );
#4848 = FILL_AREA_STYLE_COLOUR ( '', #7012 ) ;
#4849 =( NAMED_UNIT ( * ) SI_UNIT ( $, .STERADIAN. ) SOLID_ANGLE_UNIT ( ) );
#4850 = ORIENTED_EDGE ( 'NONE', *, *, #467, .F. ) ;
#4851 = EDGE_LOOP ( 'NONE', ( #7051, #6531, #7155, #4141, #3773, #3616 ) ) ;
#4852 = SURFACE_STYLE_FILL_AREA ( #3688 ) ;
#4853 = LINE ( 'NONE', #5946, #1604 ) ;
#4854 = UNCERTAINTY_MEASURE_WITH_UNIT (LENGTH_MEASURE( 1.000000000000000082E-05 ), #7530, 'distance_accuracy_value', 'NONE');
#4855 = CARTESIAN_POINT ( 'NONE',  ( -0.01978828152361080187, 2.915227431082460186, 0.2257117835909429882 ) ) ;
#4856 =( NAMED_UNIT ( * ) SI_UNIT ( $, .STERADIAN. ) SOLID_ANGLE_UNIT ( ) );
#4857 =( LENGTH_UNIT ( ) NAMED_UNIT ( * ) SI_UNIT ( .MILLI., .METRE. ) );
#4858 = CARTESIAN_POINT ( 'NONE',  ( -0.8091253207244090140, 2.899999999999998135, 0.0000000000000000000 ) ) ;
#4859 = ORIENTED_EDGE ( 'NONE', *, *, #2027, .F. ) ;
#4860 = VERTEX_POINT ( 'NONE', #711 ) ;
#4861 = PRESENTATION_STYLE_ASSIGNMENT (( #3129 ) ) ;
#4862 =( LENGTH_UNIT ( ) NAMED_UNIT ( * ) SI_UNIT ( .MILLI., .METRE. ) );
#4863 = EDGE_CURVE ( 'NONE', #4426, #7488, #1759, .T. ) ;
#4864 = LINE ( 'NONE', #3095, #1066 ) ;
#4865 = FACE_OUTER_BOUND ( 'NONE', #3421, .T. ) ;
#4866 = CARTESIAN_POINT ( 'NONE',  ( -0.009125320724409342540, 0.7712388980384697890, -0.6429203673205147185 ) ) ;
#4867 = ORIENTED_EDGE ( 'NONE', *, *, #6873, .F. ) ;
#4868 = COLOUR_RGB ( '',0.0000000000000000000, 0.0000000000000000000, 1.000000000000000000 ) ;
#4869 = VECTOR ( 'NONE', #3149, 1000.000000000000000 ) ;
#4870 = DIRECTION ( 'NONE',  ( 0.0000000000000000000, -0.8660254037844387076, -0.4999999999999998335 ) ) ;
#4871 = EDGE_CURVE ( 'NONE', #6258, #3498, #796, .T. ) ;
#4872 = EDGE_CURVE ( 'NONE', #3499, #5748, #4669, .T. ) ;
#4873 = PRESENTATION_STYLE_ASSIGNMENT (( #4340 ) ) ;
#4874 = PRESENTATION_LAYER_ASSIGNMENT (  '', '', ( #2206 ) ) ;
#4875 = CARTESIAN_POINT ( 'NONE',  ( 0.5000000000000000000, 0.0000000000000000000, -3.741071428571430602 ) ) ;
#4876 = FILL_AREA_STYLE ('',( #1425 ) ) ;
#4877 =( GEOMETRIC_REPRESENTATION_CONTEXT ( 3 ) GLOBAL_UNCERTAINTY_ASSIGNED_CONTEXT ( ( #1200 ) ) GLOBAL_UNIT_ASSIGNED_CONTEXT ( ( #2059, #3962, #2702 ) ) REPRESENTATION_CONTEXT ( 'NONE', 'WORKASPACE' ) );
#4878 =( GEOMETRIC_REPRESENTATION_CONTEXT ( 3 ) GLOBAL_UNCERTAINTY_ASSIGNED_CONTEXT ( ( #734 ) ) GLOBAL_UNIT_ASSIGNED_CONTEXT ( ( #5357, #4963, #6167 ) ) REPRESENTATION_CONTEXT ( 'NONE', 'WORKASPACE' ) );
#4879 = ORIENTED_EDGE ( 'NONE', *, *, #6873, .T. ) ;
#4880 = DIRECTION ( 'NONE',  ( -0.0000000000000000000, 1.000000000000000000, 0.0000000000000000000 ) ) ;
#4881 = MECHANICAL_DESIGN_GEOMETRIC_PRESENTATION_REPRESENTATION (  '', ( #7131 ), #4637 ) ;
#4882 = EDGE_CURVE ( 'NONE', #3893, #4445, #1871, .T. ) ;
#4883 = VECTOR ( 'NONE', #428, 1000.000000000000000 ) ;
#4884 = DIRECTION ( 'NONE',  ( 0.0000000000000000000, -1.000000000000000000, -8.881784197001250351E-16 ) ) ;
#4885 = PRESENTATION_STYLE_ASSIGNMENT (( #3144 ) ) ;
#4886 = CIRCLE ( 'NONE', #5383, 0.2000000000000000111 ) ;
#4887 = PRESENTATION_LAYER_ASSIGNMENT (  '', '', ( #5503 ) ) ;
#4888 = ORIENTED_EDGE ( 'NONE', *, *, #4173, .T. ) ;
#4889 = VECTOR ( 'NONE', #6231, 1000.000000000000000 ) ;
#4890 = ORIENTED_EDGE ( 'NONE', *, *, #575, .F. ) ;
#4891 = PRESENTATION_LAYER_ASSIGNMENT (  '', '', ( #165 ) ) ;
#4892 = DIRECTION ( 'NONE',  ( 2.394426477486300920E-16, 0.8660254037844395958, 0.4999999999999983902 ) ) ;
#4893 = CARTESIAN_POINT ( 'NONE',  ( 0.5000000000000000000, 0.0000000000000000000, -0.2410714285714279925 ) ) ;
#4894 = VECTOR ( 'NONE', #5602, 1000.000000000000000 ) ;
#4895 =( LENGTH_UNIT ( ) NAMED_UNIT ( * ) SI_UNIT ( .MILLI., .METRE. ) );
#4896 = MECHANICAL_DESIGN_GEOMETRIC_PRESENTATION_REPRESENTATION (  '', ( #2712 ), #2470 ) ;
#4897 = LINE ( 'NONE', #851, #2023 ) ;
#4898 = CARTESIAN_POINT ( 'NONE',  ( 0.4395356215117700027, -1.131459044838249550, -0.2836276823554256810 ) ) ;
#4899 = ORIENTED_EDGE ( 'NONE', *, *, #2920, .F. ) ;
#4900 = VECTOR ( 'NONE', #3197, 1000.000000000000000 ) ;
#4901 = ORIENTED_EDGE ( 'NONE', *, *, #1816, .T. ) ;
#4902 = DIRECTION ( 'NONE',  ( -1.000000000000000000, 0.0000000000000000000, 0.0000000000000000000 ) ) ;
#4903 =( LENGTH_UNIT ( ) NAMED_UNIT ( * ) SI_UNIT ( .MILLI., .METRE. ) );
#4904 = AXIS2_PLACEMENT_3D ( 'NONE', #4659, #5935, #2953 ) ;
#4905 = CARTESIAN_POINT ( 'NONE',  ( 0.0000000000000000000, 0.2999999999999999889, -0.4909999999999999920 ) ) ;
#4906 = CARTESIAN_POINT ( 'NONE',  ( -0.8091253207244090140, 5.900001307200500200, -0.8172085837295760546 ) ) ;
#4907 = PLANE ( 'NONE',  #5422 ) ;
#4908 = CARTESIAN_POINT ( 'NONE',  ( -1.132199098191760068E-16, 1.800000000000000266, -0.4909999999999999920 ) ) ;
#4909 = VERTEX_POINT ( 'NONE', #7165 ) ;
#4910 = VECTOR ( 'NONE', #2532, 1000.000000000000000 ) ;
#4911 = CARTESIAN_POINT ( 'NONE',  ( -0.8197882815236110510, 3.329000000000000181, 0.0000000000000000000 ) ) ;
#4912 = LINE ( 'NONE', #5964, #152 ) ;
#4913 = MECHANICAL_DESIGN_GEOMETRIC_PRESENTATION_REPRESENTATION (  '', ( #4427 ), #2608 ) ;
#4914 = DIRECTION ( 'NONE',  ( 0.0000000000000000000, -0.0000000000000000000, 1.000000000000000000 ) ) ;
#4915 = DIRECTION ( 'NONE',  ( 0.0000000000000000000, 1.000000000000000000, 0.0000000000000000000 ) ) ;
#4916 = ADVANCED_FACE ( 'NONE', ( #1913 ), #3089, .T. ) ;
#4917 = ADVANCED_FACE ( 'NONE', ( #6697 ), #6727, .F. ) ;
#4918 = VERTEX_POINT ( 'NONE', #4358 ) ;
#4919 = CARTESIAN_POINT ( 'NONE',  ( -0.8091253207244089030, 4.799999999999999822, 0.0000000000000000000 ) ) ;
#4920 =( GEOMETRIC_REPRESENTATION_CONTEXT ( 3 ) GLOBAL_UNCERTAINTY_ASSIGNED_CONTEXT ( ( #369 ) ) GLOBAL_UNIT_ASSIGNED_CONTEXT ( ( #4840, #4264, #1385 ) ) REPRESENTATION_CONTEXT ( 'NONE', 'WORKASPACE' ) );
#4921 = VECTOR ( 'NONE', #1254, 1000.000000000000000 ) ;
#4922 = DIRECTION ( 'NONE',  ( 0.0000000000000000000, -0.8660254037844387076, -0.4999999999999998335 ) ) ;
#4923 = CARTESIAN_POINT ( 'NONE',  ( -0.5000000000000000000, 2.399999999999999911, 1.600000000000000089 ) ) ;
#4924 = LINE ( 'NONE', #3910, #5869 ) ;
#4925 = VECTOR ( 'NONE', #4634, 1000.000000000000000 ) ;
#4926 = MECHANICAL_DESIGN_GEOMETRIC_PRESENTATION_REPRESENTATION (  '', ( #2757 ), #797 ) ;
#4927 = VECTOR ( 'NONE', #6301, 1000.000000000000000 ) ;
#4928 = EDGE_CURVE ( 'NONE', #4290, #6011, #4286, .T. ) ;
#4929 = ORIENTED_EDGE ( 'NONE', *, *, #3536, .F. ) ;
#4930 = EDGE_LOOP ( 'NONE', ( #3428, #2508, #755, #3393 ) ) ;
#4931 = DIRECTION ( 'NONE',  ( 1.276118419109379938E-16, 0.0000000000000000000, 1.000000000000000000 ) ) ;
#4932 = CARTESIAN_POINT ( 'NONE',  ( 0.8974856379405811158, -2.694836366436269781, 1.025711783590940174 ) ) ;
#4933 =( LENGTH_UNIT ( ) NAMED_UNIT ( * ) SI_UNIT ( .MILLI., .METRE. ) );
#4934 = VECTOR ( 'NONE', #96, 1000.000000000000000 ) ;
#4935 = UNCERTAINTY_MEASURE_WITH_UNIT (LENGTH_MEASURE( 1.000000000000000082E-05 ), #2580, 'distance_accuracy_value', 'NONE');
#4936 = FILL_AREA_STYLE_COLOUR ( '', #7262 ) ;
#4937 =( NAMED_UNIT ( * ) SI_UNIT ( $, .STERADIAN. ) SOLID_ANGLE_UNIT ( ) );
#4938 = FACE_OUTER_BOUND ( 'NONE', #6373, .T. ) ;
#4939 = FACE_OUTER_BOUND ( 'NONE', #5368, .T. ) ;
#4940 = CARTESIAN_POINT ( 'NONE',  ( 0.7802117184763890378, 0.0000000000000000000, 3.486079632679489837 ) ) ;
#4941 = ADVANCED_FACE ( 'NONE', ( #4938 ), #296, .T. ) ;
#4942 = VERTEX_POINT ( 'NONE', #2808 ) ;
#4943 =( GEOMETRIC_REPRESENTATION_CONTEXT ( 3 ) GLOBAL_UNCERTAINTY_ASSIGNED_CONTEXT ( ( #7442 ) ) GLOBAL_UNIT_ASSIGNED_CONTEXT ( ( #7343, #6682, #5504 ) ) REPRESENTATION_CONTEXT ( 'NONE', 'WORKASPACE' ) );
#4944 = AXIS2_PLACEMENT_3D ( 'NONE', #2162, #6772, #3851 ) ;
#4945 = STYLED_ITEM ( 'NONE', ( #6714 ), #4354 ) ;
#4946 = ORIENTED_EDGE ( 'NONE', *, *, #2216, .F. ) ;
#4947 = SURFACE_STYLE_FILL_AREA ( #6582 ) ;
#4948 = COLOUR_RGB ( '',0.8666666666666666963, 0.8666666666666666963, 0.8666666666666666963 ) ;
#4949 =( LENGTH_UNIT ( ) NAMED_UNIT ( * ) SI_UNIT ( .MILLI., .METRE. ) );
#4950 = DIRECTION ( 'NONE',  ( -1.000000000000000000, -0.0000000000000000000, -0.0000000000000000000 ) ) ;
#4951 = SURFACE_STYLE_USAGE ( .BOTH. , #3780 ) ;
#4952 = VERTEX_POINT ( 'NONE', #2161 ) ;
#4953 = MECHANICAL_DESIGN_GEOMETRIC_PRESENTATION_REPRESENTATION (  '', ( #6691 ), #5563 ) ;
#4954 = DIRECTION ( 'NONE',  ( 0.0000000000000000000, -0.4999999999999998335, 0.8660254037844387076 ) ) ;
#4955 = DIRECTION ( 'NONE',  ( 0.0000000000000000000, -0.8660254037844380415, -0.5000000000000009992 ) ) ;
#4956 =( LENGTH_UNIT ( ) NAMED_UNIT ( * ) SI_UNIT ( .MILLI., .METRE. ) );
#4957 = SURFACE_STYLE_FILL_AREA ( #807 ) ;
#4958 =( NAMED_UNIT ( * ) SI_UNIT ( $, .STERADIAN. ) SOLID_ANGLE_UNIT ( ) );
#4959 = ORIENTED_EDGE ( 'NONE', *, *, #7225, .F. ) ;
#4960 =( NAMED_UNIT ( * ) SI_UNIT ( $, .STERADIAN. ) SOLID_ANGLE_UNIT ( ) );
#4961 = PRESENTATION_STYLE_ASSIGNMENT (( #6798 ) ) ;
#4962 = ADVANCED_FACE ( 'NONE', ( #4505 ), #3920, .T. ) ;
#4963 =( NAMED_UNIT ( * ) PLANE_ANGLE_UNIT ( ) SI_UNIT ( $, .RADIAN. ) );
#4964 = CARTESIAN_POINT ( 'NONE',  ( 0.7908746792755909638, 2.600000000000000533, -0.5429203673205099667 ) ) ;
#4965 = DIRECTION ( 'NONE',  ( 0.0000000000000000000, 0.0000000000000000000, -1.000000000000000000 ) ) ;
#4966 = CARTESIAN_POINT ( 'NONE',  ( -0.8197882815236110510, 3.528999999999999027, -2.710505431213761085E-16 ) ) ;
#4967 = AXIS2_PLACEMENT_3D ( 'NONE', #2167, #3281, #3240 ) ;
#4968 = FILL_AREA_STYLE_COLOUR ( '', #1432 ) ;
#4969 = ORIENTED_EDGE ( 'NONE', *, *, #3060, .T. ) ;
#4970 = ORIENTED_EDGE ( 'NONE', *, *, #5309, .F. ) ;
#4971 = FILL_AREA_STYLE ('',( #333 ) ) ;
#4972 = CLOSED_SHELL ( 'NONE', ( #3389, #1301, #3684, #243, #5257, #2966, #6779, #5065, #6886, #5962, #3343, #6308, #2790, #2497, #5596, #776, #4642, #3932, #7272, #3429, #1769, #916, #200, #3361, #7351, #3495, #5133, #3435, #819 ) ) ;
#4973 = ADVANCED_FACE ( 'NONE', ( #4545 ), #2195, .F. ) ;
#4974 = CARTESIAN_POINT ( 'NONE',  ( 1.848138122877330052E-16, 2.399999999999999911, 1.800000000000000266 ) ) ;
#4975 = SURFACE_SIDE_STYLE ('',( #3133 ) ) ;
#4976 = CARTESIAN_POINT ( 'NONE',  ( 1.980211718476390326, 3.528999999999996806, -0.1429203673205096670 ) ) ;
#4977 = CYLINDRICAL_SURFACE ( 'NONE', #445, 0.2000000000000000111 ) ;
#4978 = ORIENTED_EDGE ( 'NONE', *, *, #4726, .T. ) ;
#4979 = ORIENTED_EDGE ( 'NONE', *, *, #6251, .F. ) ;
#4980 = FACE_OUTER_BOUND ( 'NONE', #4391, .T. ) ;
#4981 = FACE_OUTER_BOUND ( 'NONE', #678, .T. ) ;
#4982 = CARTESIAN_POINT ( 'NONE',  ( 0.5000000000000004441, 2.399999999999999911, 1.396424004376894068 ) ) ;
#4983 = EDGE_CURVE ( 'NONE', #7356, #219, #2697, .T. ) ;
#4984 = DIRECTION ( 'NONE',  ( -1.000000000000000000, 0.0000000000000000000, 0.0000000000000000000 ) ) ;
#4985 = DIRECTION ( 'NONE',  ( 1.000000000000000000, 0.0000000000000000000, 4.336808689942017736E-16 ) ) ;
#4986 = CARTESIAN_POINT ( 'NONE',  ( 0.7802117184763890378, 3.329000000000000181, -0.1429203673205090286 ) ) ;
#4987 = ORIENTED_EDGE ( 'NONE', *, *, #7064, .T. ) ;
#4988 = CARTESIAN_POINT ( 'NONE',  ( 0.7908746792755899646, 5.900001307200509970, 7.839871048949920151 ) ) ;
#4989 = FILL_AREA_STYLE ('',( #7483 ) ) ;
#4990 = AXIS2_PLACEMENT_3D ( 'NONE', #2520, #7290, #3707 ) ;
#4991 = EDGE_CURVE ( 'NONE', #6766, #689, #3719, .T. ) ;
#4992 = VERTEX_POINT ( 'NONE', #2646 ) ;
#4993 = LINE ( 'NONE', #2045, #741 ) ;
#4994 = PLANE ( 'NONE',  #2575 ) ;
#4995 = CARTESIAN_POINT ( 'NONE',  ( 0.7908746792755909638, 4.800000000000000711, -0.04292036732051054959 ) ) ;
#4996 = FACE_BOUND ( 'NONE', #2308, .T. ) ;
#4997 = MECHANICAL_DESIGN_GEOMETRIC_PRESENTATION_REPRESENTATION (  '', ( #2206 ), #4504 ) ;
#4998 = VECTOR ( 'NONE', #3226, 1000.000000000000000 ) ;
#4999 = CARTESIAN_POINT ( 'NONE',  ( 0.7802117184763890378, 3.329000000000009951, 0.0000000000000000000 ) ) ;
#5000 = SURFACE_STYLE_USAGE ( .BOTH. , #6168 ) ;
#5001 = CARTESIAN_POINT ( 'NONE',  ( -0.01978828152361080187, 0.0000000000000000000, 0.2000000000000000111 ) ) ;
#5002 = ORIENTED_EDGE ( 'NONE', *, *, #5579, .T. ) ;
#5003 =( NAMED_UNIT ( * ) PLANE_ANGLE_UNIT ( ) SI_UNIT ( $, .RADIAN. ) );
#5004 = VERTEX_POINT ( 'NONE', #3881 ) ;
#5005 = VECTOR ( 'NONE', #465, 1000.000000000000000 ) ;
#5006 = ORIENTED_EDGE ( 'NONE', *, *, #1308, .F. ) ;
#5007 = CIRCLE ( 'NONE', #1729, 0.2999999999999999889 ) ;
#5008 = CARTESIAN_POINT ( 'NONE',  ( -0.009125320724409993062, -1.923597468397799659, -0.6172085837295764321 ) ) ;
#5009 = FILL_AREA_STYLE ('',( #7314 ) ) ;
#5010 = COLOUR_RGB ( '',0.0000000000000000000, 0.0000000000000000000, 1.000000000000000000 ) ;
#5011 = UNCERTAINTY_MEASURE_WITH_UNIT (LENGTH_MEASURE( 1.000000000000000082E-05 ), #1136, 'distance_accuracy_value', 'NONE');
#5012 = SURFACE_SIDE_STYLE ('',( #2055 ) ) ;
#5013 = AXIS2_PLACEMENT_3D ( 'NONE', #3317, #379, #5034 ) ;
#5014 = FILL_AREA_STYLE_COLOUR ( '', #1999 ) ;
#5015 = VECTOR ( 'NONE', #83, 1000.000000000000000 ) ;
#5016 = DIRECTION ( 'NONE',  ( -1.000000000000000000, -4.360949244806119672E-31, -5.273559366969489623E-16 ) ) ;
#5017 = ORIENTED_EDGE ( 'NONE', *, *, #6295, .F. ) ;
#5018 = EDGE_CURVE ( 'NONE', #7571, #7054, #5472, .T. ) ;
#5019 = ORIENTED_EDGE ( 'NONE', *, *, #5469, .F. ) ;
#5020 = EDGE_CURVE ( 'NONE', #560, #3405, #920, .T. ) ;
#5021 = SURFACE_STYLE_USAGE ( .BOTH. , #2783 ) ;
#5022 = PRESENTATION_LAYER_ASSIGNMENT (  '', '', ( #761 ) ) ;
#5023 = LINE ( 'NONE', #6701, #4900 ) ;
#5024 = FILL_AREA_STYLE_COLOUR ( '', #2449 ) ;
#5025 = UNCERTAINTY_MEASURE_WITH_UNIT (LENGTH_MEASURE( 1.000000000000000082E-05 ), #4495, 'distance_accuracy_value', 'NONE');
#5026 = PRESENTATION_STYLE_ASSIGNMENT (( #2024 ) ) ;
#5027 = STYLED_ITEM ( 'NONE', ( #1639 ), #6312 ) ;
#5028 = AXIS2_PLACEMENT_3D ( 'NONE', #5290, #2917, #1699 ) ;
#5029 = CARTESIAN_POINT ( 'NONE',  ( -2.299999999999999822, 2.700000000000000178, -0.5000000000000000000 ) ) ;
#5030 = SURFACE_STYLE_FILL_AREA ( #1605 ) ;
#5031 = DIRECTION ( 'NONE',  ( -1.000000000000000000, 0.0000000000000000000, 0.0000000000000000000 ) ) ;
#5032 =( GEOMETRIC_REPRESENTATION_CONTEXT ( 3 ) GLOBAL_UNCERTAINTY_ASSIGNED_CONTEXT ( ( #3570 ) ) GLOBAL_UNIT_ASSIGNED_CONTEXT ( ( #6604, #4775, #1899 ) ) REPRESENTATION_CONTEXT ( 'NONE', 'WORKASPACE' ) );
#5033 = EDGE_CURVE ( 'NONE', #2600, #4909, #681, .T. ) ;
#5034 = DIRECTION ( 'NONE',  ( 0.0000000000000000000, 1.807003620809173794E-15, -1.000000000000000000 ) ) ;
#5035 =( GEOMETRIC_REPRESENTATION_CONTEXT ( 3 ) GLOBAL_UNCERTAINTY_ASSIGNED_CONTEXT ( ( #5170 ) ) GLOBAL_UNIT_ASSIGNED_CONTEXT ( ( #1438, #3183, #3763 ) ) REPRESENTATION_CONTEXT ( 'NONE', 'WORKASPACE' ) );
#5036 = DIRECTION ( 'NONE',  ( 1.000000000000000000, 0.0000000000000000000, -0.0000000000000000000 ) ) ;
#5037 = CARTESIAN_POINT ( 'NONE',  ( 1.070740340649896982, 1.911240960669048805, 0.5000000000000002220 ) ) ;
#5038 = FILL_AREA_STYLE ('',( #1615 ) ) ;
#5039 = SURFACE_STYLE_USAGE ( .BOTH. , #2721 ) ;
#5040 = FILL_AREA_STYLE_COLOUR ( '', #6686 ) ;
#5041 = VECTOR ( 'NONE', #5326, 1000.000000000000000 ) ;
#5042 = ADVANCED_FACE ( 'NONE', ( #3258 ), #879, .T. ) ;
#5043 = ORIENTED_EDGE ( 'NONE', *, *, #4793, .F. ) ;
#5044 = LINE ( 'NONE', #3325, #6499 ) ;
#5045 = CARTESIAN_POINT ( 'NONE',  ( 0.8618046937198200474, -1.302697942876720028, -0.4799377995762330040 ) ) ;
#5046 = COLOUR_RGB ( '',0.0000000000000000000, 0.0000000000000000000, 1.000000000000000000 ) ;
#5047 = SURFACE_STYLE_USAGE ( .BOTH. , #6840 ) ;
#5048 = LINE ( 'NONE', #6129, #3571 ) ;
#5049 = CARTESIAN_POINT ( 'NONE',  ( -0.009125320724409993062, 1.428821155232010032, 0.9636106726801649813 ) ) ;
#5050 = ORIENTED_EDGE ( 'NONE', *, *, #2014, .F. ) ;
#5051 = COLOUR_RGB ( '',0.0000000000000000000, 0.0000000000000000000, 1.000000000000000000 ) ;
#5052 = ORIENTED_EDGE ( 'NONE', *, *, #6780, .F. ) ;
#5053 = SURFACE_SIDE_STYLE ('',( #4393 ) ) ;
#5054 = PLANE ( 'NONE',  #6778 ) ;
#5055 = CARTESIAN_POINT ( 'NONE',  ( -1.500000000000000222, -0.2999999999999999889, 2.100000000000000089 ) ) ;
#5056 = CIRCLE ( 'NONE', #5913, 4.000289042323469602 ) ;
#5057 = VECTOR ( 'NONE', #4598, 1000.000000000000000 ) ;
#5058 = DIRECTION ( 'NONE',  ( 1.000000000000000000, 0.0000000000000000000, 0.0000000000000000000 ) ) ;
#5059 = VERTEX_POINT ( 'NONE', #4923 ) ;
#5060 = ORIENTED_EDGE ( 'NONE', *, *, #6488, .F. ) ;
#5061 = AXIS2_PLACEMENT_3D ( 'NONE', #6100, #2541, #3230 ) ;
#5062 = AXIS2_PLACEMENT_3D ( 'NONE', #2362, #3205, #4336 ) ;
#5063 = DIRECTION ( 'NONE',  ( -1.000000000000000000, -0.0000000000000000000, -0.0000000000000000000 ) ) ;
#5064 = PRODUCT_DEFINITION ( 'UNKNOWN', '', #1058, #6339 ) ;
#5065 = ADVANCED_FACE ( 'NONE', ( #4996, #3217 ), #7305, .T. ) ;
#5066 =( NAMED_UNIT ( * ) PLANE_ANGLE_UNIT ( ) SI_UNIT ( $, .RADIAN. ) );
#5067 = CIRCLE ( 'NONE', #2040, 0.2000000000000000111 ) ;
#5068 = PRESENTATION_LAYER_ASSIGNMENT (  '', '', ( #7548 ) ) ;
#5069 = FACE_OUTER_BOUND ( 'NONE', #63, .T. ) ;
#5070 = ORIENTED_EDGE ( 'NONE', *, *, #2512, .T. ) ;
#5071 = CIRCLE ( 'NONE', #1427, 2.700000000000000178 ) ;
#5072 = CARTESIAN_POINT ( 'NONE',  ( 2.299999999999999822, 1.199999999999999956, -0.5000000000000000000 ) ) ;
#5073 = ADVANCED_FACE ( 'NONE', ( #2312 ), #5659, .F. ) ;
#5074 = SURFACE_STYLE_USAGE ( .BOTH. , #1093 ) ;
#5075 = LINE ( 'NONE', #2174, #1548 ) ;
#5076 = DIRECTION ( 'NONE',  ( 0.0000000000000000000, -1.000000000000000000, 1.715124499442879932E-15 ) ) ;
#5077 = DIRECTION ( 'NONE',  ( 1.000000000000000000, 0.0000000000000000000, 0.0000000000000000000 ) ) ;
#5078 = AXIS2_PLACEMENT_3D ( 'NONE', #738, #1826, #6482 ) ;
#5079 = ORIENTED_EDGE ( 'NONE', *, *, #4542, .F. ) ;
#5080 = FACE_OUTER_BOUND ( 'NONE', #245, .T. ) ;
#5081 = ADVANCED_FACE ( 'NONE', ( #1764 ), #5266, .T. ) ;
#5082 = DIRECTION ( 'NONE',  ( 0.0000000000000000000, -1.000000000000000000, -1.715124499442879932E-15 ) ) ;
#5083 = DIRECTION ( 'NONE',  ( 1.000000000000000000, 0.0000000000000000000, 0.0000000000000000000 ) ) ;
#5084 = DIRECTION ( 'NONE',  ( 1.000000000000000000, 0.0000000000000000000, 0.0000000000000000000 ) ) ;
#5085 = ORIENTED_EDGE ( 'NONE', *, *, #7213, .T. ) ;
#5086 = ORIENTED_EDGE ( 'NONE', *, *, #6732, .F. ) ;
#5087 = CARTESIAN_POINT ( 'NONE',  ( -0.3502141598067137207, 1.700000000000001288, 0.8825148910380689049 ) ) ;
#5088 =( NAMED_UNIT ( * ) PLANE_ANGLE_UNIT ( ) SI_UNIT ( $, .RADIAN. ) );
#5089 = FILL_AREA_STYLE_COLOUR ( '', #6865 ) ;
#5090 = UNCERTAINTY_MEASURE_WITH_UNIT (LENGTH_MEASURE( 1.000000000000000082E-05 ), #3347, 'distance_accuracy_value', 'NONE');
#5091 = FILL_AREA_STYLE_COLOUR ( '', #2582 ) ;
#5092 = STYLED_ITEM ( 'NONE', ( #4139 ), #5257 ) ;
#5093 = SURFACE_SIDE_STYLE ('',( #5737 ) ) ;
#5094 = VERTEX_POINT ( 'NONE', #466 ) ;
#5095 = ORIENTED_EDGE ( 'NONE', *, *, #7413, .F. ) ;
#5096 = FACE_OUTER_BOUND ( 'NONE', #7065, .T. ) ;
#5097 = AXIS2_PLACEMENT_3D ( 'NONE', #4406, #2129, #4440 ) ;
#5098 = LINE ( 'NONE', #3385, #1005 ) ;
#5099 = DIRECTION ( 'NONE',  ( 1.000000000000000000, 0.0000000000000000000, -0.0000000000000000000 ) ) ;
#5100 = LINE ( 'NONE', #1534, #946 ) ;
#5101 = PRESENTATION_STYLE_ASSIGNMENT (( #2749 ) ) ;
#5102 = CARTESIAN_POINT ( 'NONE',  ( -0.8197882815236110510, 3.329000000000000181, -0.1429203673205100000 ) ) ;
#5103 = ORIENTED_EDGE ( 'NONE', *, *, #4262, .T. ) ;
#5104 = EDGE_CURVE ( 'NONE', #55, #3626, #4328, .T. ) ;
#5105 =( BOUNDED_SURFACE ( )  B_SPLINE_SURFACE ( 3, 3, ( 
 ( #3052, #6430, #1177, #122 ),
 ( #687, #3624, #43, #4755 ),
 ( #1843, #5799, #5345, #2363 ),
 ( #6552, #2439, #6510, #6441 ) ),
 .UNSPECIFIED., .F., .F., .T. ) 
 B_SPLINE_SURFACE_WITH_KNOTS ( ( 4, 4 ),
 ( 4, 4 ),
 ( 0.0000000000000000000, 1.000000000000000000 ),
 ( 0.0000000000000000000, 1.000000000000000000 ),
 .UNSPECIFIED. ) 
 GEOMETRIC_REPRESENTATION_ITEM ( )  RATIONAL_B_SPLINE_SURFACE ( (
 ( 1.000000000000000000, 0.3333333333333332038, 0.3333333333333332038, 1.000000000000000000),
 ( 0.9296181273332788653, 0.3098727091110928256, 0.3098727091110928256, 0.9296181273332788653),
 ( 0.9296181273332788653, 0.3098727091110928256, 0.3098727091110928256, 0.9296181273332788653),
 ( 1.000000000000000000, 0.3333333333333332038, 0.3333333333333332038, 1.000000000000000000) ) ) 
 REPRESENTATION_ITEM ( '' )  SURFACE ( )  );
#5106 = FACE_OUTER_BOUND ( 'NONE', #6417, .T. ) ;
#5107 =( LENGTH_UNIT ( ) NAMED_UNIT ( * ) SI_UNIT ( .MILLI., .METRE. ) );
#5108 = LINE ( 'NONE', #3984, #5367 ) ;
#5109 =( LENGTH_UNIT ( ) NAMED_UNIT ( * ) SI_UNIT ( .MILLI., .METRE. ) );
#5110 = EDGE_CURVE ( 'NONE', #6060, #2017, #7553, .T. ) ;
#5111 = ORIENTED_EDGE ( 'NONE', *, *, #320, .T. ) ;
#5112 = ADVANCED_FACE ( 'NONE', ( #1028 ), #994, .F. ) ;
#5113 = DIRECTION ( 'NONE',  ( 0.0000000000000000000, 0.0000000000000000000, 1.000000000000000000 ) ) ;
#5114 = FILL_AREA_STYLE ('',( #2288 ) ) ;
#5115 = PRESENTATION_LAYER_ASSIGNMENT (  '', '', ( #6479 ) ) ;
#5116 =( LENGTH_UNIT ( ) NAMED_UNIT ( * ) SI_UNIT ( .MILLI., .METRE. ) );
#5117 = ORIENTED_EDGE ( 'NONE', *, *, #7464, .F. ) ;
#5118 = ORIENTED_EDGE ( 'NONE', *, *, #2359, .T. ) ;
#5119 = EDGE_CURVE ( 'NONE', #328, #7488, #5067, .T. ) ;
#5120 = CARTESIAN_POINT ( 'NONE',  ( -0.8091253207244091250, 5.000000000000001776, -0.04292036732051083409 ) ) ;
#5121 = CARTESIAN_POINT ( 'NONE',  ( -2.019788281523609896, 3.328999999999997073, -0.1429203673205089176 ) ) ;
#5122 = LINE ( 'NONE', #6768, #1852 ) ;
#5123 =( GEOMETRIC_REPRESENTATION_CONTEXT ( 3 ) GLOBAL_UNCERTAINTY_ASSIGNED_CONTEXT ( ( #7204 ) ) GLOBAL_UNIT_ASSIGNED_CONTEXT ( ( #334, #2156, #3335 ) ) REPRESENTATION_CONTEXT ( 'NONE', 'WORKASPACE' ) );
#5124 = SURFACE_STYLE_USAGE ( .BOTH. , #2846 ) ;
#5125 = CIRCLE ( 'NONE', #6118, 1.212070382921480061 ) ;
#5126 = SURFACE_STYLE_FILL_AREA ( #5671 ) ;
#5127 = ADVANCED_BREP_SHAPE_REPRESENTATION ( '', ( #1320, #5078 ), #3876 ) ;
#5128 = AXIS2_PLACEMENT_3D ( 'NONE', #3384, #3895, #937 ) ;
#5129 = DIRECTION ( 'NONE',  ( -0.0000000000000000000, 1.000000000000000000, -0.0000000000000000000 ) ) ;
#5130 = ORIENTED_EDGE ( 'NONE', *, *, #3722, .T. ) ;
#5131 = AXIS2_PLACEMENT_3D ( 'NONE', #3219, #3757, #6092 ) ;
#5132 = ORIENTED_EDGE ( 'NONE', *, *, #4305, .T. ) ;
#5133 = ADVANCED_FACE ( 'NONE', ( #5457 ), #716, .T. ) ;
#5134 = SURFACE_SIDE_STYLE ('',( #3525 ) ) ;
#5135 = DIRECTION ( 'NONE',  ( 0.0000000000000000000, -0.0000000000000000000, 1.000000000000000000 ) ) ;
#5136 = SURFACE_SIDE_STYLE ('',( #2813 ) ) ;
#5137 = PRESENTATION_LAYER_ASSIGNMENT (  '', '', ( #4159 ) ) ;
#5138 = FACE_OUTER_BOUND ( 'NONE', #754, .T. ) ;
#5139 = MECHANICAL_DESIGN_GEOMETRIC_PRESENTATION_REPRESENTATION (  '', ( #1732 ), #1863 ) ;
#5140 = CARTESIAN_POINT ( 'NONE',  ( 0.7908746792755909638, 2.600000000000000533, -0.6429203673205104996 ) ) ;
#5141 = EDGE_LOOP ( 'NONE', ( #4018, #1233, #7556, #1065, #7168 ) ) ;
#5142 = SURFACE_STYLE_USAGE ( .BOTH. , #5789 ) ;
#5143 = PRODUCT_DEFINITION_SHAPE ( 'NONE', 'NONE',  #574 ) ;
#5144 = MECHANICAL_DESIGN_GEOMETRIC_PRESENTATION_REPRESENTATION (  '', ( #4159 ), #159 ) ;
#5145 = EDGE_LOOP ( 'NONE', ( #4000, #4187, #1341, #2153 ) ) ;
#5146 = AXIS2_PLACEMENT_3D ( 'NONE', #4043, #5192, #3903 ) ;
#5147 = PRESENTATION_STYLE_ASSIGNMENT (( #2900 ) ) ;
#5148 =( GEOMETRIC_REPRESENTATION_CONTEXT ( 3 ) GLOBAL_UNCERTAINTY_ASSIGNED_CONTEXT ( ( #1041 ) ) GLOBAL_UNIT_ASSIGNED_CONTEXT ( ( #1475, #2614, #6182 ) ) REPRESENTATION_CONTEXT ( 'NONE', 'WORKASPACE' ) );
#5149 = VECTOR ( 'NONE', #1894, 1000.000000000000000 ) ;
#5150 = CYLINDRICAL_SURFACE ( 'NONE', #3430, 1.000000000000000000 ) ;
#5151 = DIRECTION ( 'NONE',  ( 1.000000000000000000, 0.0000000000000000000, 0.0000000000000000000 ) ) ;
#5152 = FILL_AREA_STYLE_COLOUR ( '', #2604 ) ;
#5153 = SURFACE_STYLE_USAGE ( .BOTH. , #2763 ) ;
#5154 = AXIS2_PLACEMENT_3D ( 'NONE', #4706, #21, #1830 ) ;
#5155 = ORIENTED_EDGE ( 'NONE', *, *, #3138, .T. ) ;
#5156 =( BOUNDED_CURVE ( )  B_SPLINE_CURVE ( 3, ( #2234, #4623, #7512, #5213 ),
 .UNSPECIFIED., .F., .F. ) 
 B_SPLINE_CURVE_WITH_KNOTS ( ( 4, 4 ),
 ( 0.5000000000000000000, 1.000000000000000000 ),
 .UNSPECIFIED. ) 
 CURVE ( )  GEOMETRIC_REPRESENTATION_ITEM ( )  RATIONAL_B_SPLINE_CURVE ( ( 1.000000000000000000, 0.3333333333333333703, 0.3333333333333333703, 1.000000000000000000 ) ) 
 REPRESENTATION_ITEM ( '' )  );
#5157 = CARTESIAN_POINT ( 'NONE',  ( -0.3868562485163579701, -5.551115123125779744E-16, 0.5000000000000000000 ) ) ;
#5158 = VECTOR ( 'NONE', #5083, 1000.000000000000000 ) ;
#5159 =( NAMED_UNIT ( * ) PLANE_ANGLE_UNIT ( ) SI_UNIT ( $, .RADIAN. ) );
#5160 = LINE ( 'NONE', #5660, #4040 ) ;
#5161 = AXIS2_PLACEMENT_3D ( 'NONE', #539, #1037, #6247 ) ;
#5162 = EDGE_CURVE ( 'NONE', #1674, #6664, #4864, .T. ) ;
#5163 = DIRECTION ( 'NONE',  ( 1.000000000000000000, 0.0000000000000000000, -6.123233995736769734E-17 ) ) ;
#5164 = EDGE_CURVE ( 'NONE', #884, #6387, #7244, .T. ) ;
#5165 = ORIENTED_EDGE ( 'NONE', *, *, #3527, .T. ) ;
#5166 = ORIENTED_EDGE ( 'NONE', *, *, #3485, .T. ) ;
#5167 = VECTOR ( 'NONE', #4880, 1000.000000000000000 ) ;
#5168 = SURFACE_STYLE_USAGE ( .BOTH. , #6217 ) ;
#5169 = CARTESIAN_POINT ( 'NONE',  ( 0.7908746792755914079, 0.8712388980384698778, -0.8429203673205146741 ) ) ;
#5170 = UNCERTAINTY_MEASURE_WITH_UNIT (LENGTH_MEASURE( 1.000000000000000082E-05 ), #1438, 'distance_accuracy_value', 'NONE');
#5171 = SURFACE_SIDE_STYLE ('',( #3379 ) ) ;
#5172 = SURFACE_STYLE_USAGE ( .BOTH. , #1117 ) ;
#5173 = EDGE_CURVE ( 'NONE', #225, #5501, #2060, .T. ) ;
#5174 = AXIS2_PLACEMENT_3D ( 'NONE', #5870, #5911, #5220 ) ;
#5175 = ORIENTED_EDGE ( 'NONE', *, *, #5233, .F. ) ;
#5176 = EDGE_LOOP ( 'NONE', ( #7406, #2940, #2887, #1926 ) ) ;
#5177 = LINE ( 'NONE', #5779, #7243 ) ;
#5178 = DIRECTION ( 'NONE',  ( 0.0000000000000000000, 1.734723475976807094E-15, -1.000000000000000000 ) ) ;
#5179 = CARTESIAN_POINT ( 'NONE',  ( 0.7908746792755908528, 2.700000000000000178, -1.949231046932160094 ) ) ;
#5180 = UNCERTAINTY_MEASURE_WITH_UNIT (LENGTH_MEASURE( 1.000000000000000082E-05 ), #1505, 'distance_accuracy_value', 'NONE');
#5181 = VECTOR ( 'NONE', #7135, 1000.000000000000000 ) ;
#5182 =( LENGTH_UNIT ( ) NAMED_UNIT ( * ) SI_UNIT ( .MILLI., .METRE. ) );
#5183 = ADVANCED_FACE ( 'NONE', ( #235 ), #5955, .F. ) ;
#5184 = EDGE_LOOP ( 'NONE', ( #6958, #3092, #4576, #4946, #1507, #1748, #616, #5695, #1247, #4746, #504, #5584, #1789, #7240, #2839, #3275 ) ) ;
#5185 = DIRECTION ( 'NONE',  ( -1.000000000000000000, 0.0000000000000000000, -0.0000000000000000000 ) ) ;
#5186 = ORIENTED_EDGE ( 'NONE', *, *, #3761, .T. ) ;
#5187 = STYLED_ITEM ( 'NONE', ( #2293 ), #4602 ) ;
#5188 = AXIS2_PLACEMENT_3D ( 'NONE', #1147, #4689, #1268 ) ;
#5189 = VECTOR ( 'NONE', #2238, 1000.000000000000000 ) ;
#5190 = ORIENTED_EDGE ( 'NONE', *, *, #2751, .T. ) ;
#5191 = STYLED_ITEM ( 'NONE', ( #2674 ), #4312 ) ;
#5192 = DIRECTION ( 'NONE',  ( 0.0000000000000000000, -1.000000000000000000, -1.276756478318930021E-15 ) ) ;
#5193 = DIRECTION ( 'NONE',  ( -1.000000000000000000, -0.0000000000000000000, 0.0000000000000000000 ) ) ;
#5194 =( NAMED_UNIT ( * ) SI_UNIT ( $, .STERADIAN. ) SOLID_ANGLE_UNIT ( ) );
#5195 = LINE ( 'NONE', #6271, #183 ) ;
#5196 = STYLED_ITEM ( 'NONE', ( #6238 ), #5112 ) ;
#5197 =( GEOMETRIC_REPRESENTATION_CONTEXT ( 3 ) GLOBAL_UNCERTAINTY_ASSIGNED_CONTEXT ( ( #2270 ) ) GLOBAL_UNIT_ASSIGNED_CONTEXT ( ( #45, #257, #3892 ) ) REPRESENTATION_CONTEXT ( 'NONE', 'WORKASPACE' ) );
#5198 = VECTOR ( 'NONE', #6321, 1000.000000000000000 ) ;
#5199 = ORIENTED_EDGE ( 'NONE', *, *, #552, .F. ) ;
#5200 = SURFACE_SIDE_STYLE ('',( #2442 ) ) ;
#5201 = CARTESIAN_POINT ( 'NONE',  ( -0.1528146411127589976, 1.893690627588850095, -0.6172085837295719912 ) ) ;
#5202 = DIRECTION ( 'NONE',  ( 0.0000000000000000000, 1.715124499442879932E-15, -1.000000000000000000 ) ) ;
#5203 = ORIENTED_EDGE ( 'NONE', *, *, #2102, .T. ) ;
#5204 = SURFACE_STYLE_USAGE ( .BOTH. , #2877 ) ;
#5205 = AXIS2_PLACEMENT_3D ( 'NONE', #2290, #1735, #1033 ) ;
#5206 = SURFACE_STYLE_FILL_AREA ( #4465 ) ;
#5207 = ADVANCED_FACE ( 'NONE', ( #2625 ), #450, .F. ) ;
#5208 = DIRECTION ( 'NONE',  ( 0.0000000000000000000, -8.881784197001250351E-16, 1.000000000000000000 ) ) ;
#5209 = EDGE_CURVE ( 'NONE', #3586, #331, #1603, .T. ) ;
#5210 = DIRECTION ( 'NONE',  ( 0.0000000000000000000, -0.8660254037844380415, -0.5000000000000009992 ) ) ;
#5211 = VERTEX_POINT ( 'NONE', #3930 ) ;
#5212 = ORIENTED_EDGE ( 'NONE', *, *, #3593, .T. ) ;
#5213 = CARTESIAN_POINT ( 'NONE',  ( -1.169788281523610252, 3.328999999999998405, -1.798920367320509861 ) ) ;
#5214 = DIRECTION ( 'NONE',  ( 0.0000000000000000000, 1.715124499442879932E-15, 1.000000000000000000 ) ) ;
#5215 = ADVANCED_FACE ( 'NONE', ( #2666 ), #7362, .F. ) ;
#5216 = ADVANCED_BREP_SHAPE_REPRESENTATION ( '', ( #1264, #5078 ), #931 ) ;
#5217 = SURFACE_STYLE_FILL_AREA ( #4107 ) ;
#5218 = FILL_AREA_STYLE_COLOUR ( '', #3353 ) ;
#5219 = CARTESIAN_POINT ( 'NONE',  ( -0.3868562485163578035, -3.371237590837970366, 0.2257117835909439041 ) ) ;
#5220 = DIRECTION ( 'NONE',  ( 0.0000000000000000000, 0.0000000000000000000, 1.000000000000000000 ) ) ;
#5221 = ORIENTED_EDGE ( 'NONE', *, *, #3311, .T. ) ;
#5222 = STYLED_ITEM ( 'NONE', ( #5487 ), #5183 ) ;
#5223 = ORIENTED_EDGE ( 'NONE', *, *, #2177, .T. ) ;
#5224 = EDGE_CURVE ( 'NONE', #5647, #2416, #5100, .T. ) ;
#5225 =( LENGTH_UNIT ( ) NAMED_UNIT ( * ) SI_UNIT ( .MILLI., .METRE. ) );
#5226 = VECTOR ( 'NONE', #672, 1000.000000000000000 ) ;
#5227 = CARTESIAN_POINT ( 'NONE',  ( 0.4395356215117700027, -0.5314590448382460197, -1.322858166896750065 ) ) ;
#5228 = CARTESIAN_POINT ( 'NONE',  ( 1.416579326567965591, 2.000000000000000000, -3.741071428571429713 ) ) ;
#5229 = DIRECTION ( 'NONE',  ( 0.0000000000000000000, 0.0000000000000000000, -1.000000000000000000 ) ) ;
#5230 =( NAMED_UNIT ( * ) PLANE_ANGLE_UNIT ( ) SI_UNIT ( $, .RADIAN. ) );
#5231 = DIRECTION ( 'NONE',  ( 0.0000000000000000000, -1.000000000000000000, 0.0000000000000000000 ) ) ;
#5232 = ORIENTED_EDGE ( 'NONE', *, *, #3869, .F. ) ;
#5233 = EDGE_CURVE ( 'NONE', #2962, #1714, #1644, .T. ) ;
#5234 = CARTESIAN_POINT ( 'NONE',  ( -0.009125320724409342540, 0.7712388980384690118, -0.3429203673205150071 ) ) ;
#5235 = DIRECTION ( 'NONE',  ( 0.0000000000000000000, 0.0000000000000000000, 1.000000000000000000 ) ) ;
#5236 = PRESENTATION_STYLE_ASSIGNMENT (( #533 ) ) ;
#5237 = CARTESIAN_POINT ( 'NONE',  ( -0.01978828152361080187, 2.403271875890680143, -1.233939825995119977 ) ) ;
#5238 = ORIENTED_EDGE ( 'NONE', *, *, #2976, .T. ) ;
#5239 = LINE ( 'NONE', #3517, #384 ) ;
#5240 = CARTESIAN_POINT ( 'NONE',  ( -0.8091253207244080148, -2.599998692799499800, -0.8172085837295780530 ) ) ;
#5241 = FILL_AREA_STYLE ('',( #3407 ) ) ;
#5242 = UNCERTAINTY_MEASURE_WITH_UNIT (LENGTH_MEASURE( 1.000000000000000082E-05 ), #5516, 'distance_accuracy_value', 'NONE');
#5243 = AXIS2_PLACEMENT_3D ( 'NONE', #3359, #5077, #385 ) ;
#5244 = LINE ( 'NONE', #14, #2822 ) ;
#5245 = ORIENTED_EDGE ( 'NONE', *, *, #4596, .T. ) ;
#5246 = STYLED_ITEM ( 'NONE', ( #810 ), #1320 ) ;
#5247 = ORIENTED_EDGE ( 'NONE', *, *, #976, .T. ) ;
#5248 = VECTOR ( 'NONE', #2393, 1000.000000000000000 ) ;
#5249 = DIRECTION ( 'NONE',  ( -0.0000000000000000000, -1.000000000000000000, -0.0000000000000000000 ) ) ;
#5250 =( NAMED_UNIT ( * ) SI_UNIT ( $, .STERADIAN. ) SOLID_ANGLE_UNIT ( ) );
#5251 = CARTESIAN_POINT ( 'NONE',  ( 0.6903442030978960142, -5.551115123125779744E-16, 0.5000000000000000000 ) ) ;
#5252 = DIRECTION ( 'NONE',  ( -1.000000000000000000, 0.0000000000000000000, 0.0000000000000000000 ) ) ;
#5253 = UNCERTAINTY_MEASURE_WITH_UNIT (LENGTH_MEASURE( 1.000000000000000082E-05 ), #4105, 'distance_accuracy_value', 'NONE');
#5254 = VECTOR ( 'NONE', #4254, 1000.000000000000000 ) ;
#5255 = ORIENTED_EDGE ( 'NONE', *, *, #381, .F. ) ;
#5256 = PRESENTATION_LAYER_ASSIGNMENT (  '', '', ( #2700 ) ) ;
#5257 = ADVANCED_FACE ( 'NONE', ( #5595 ), #1571, .F. ) ;
#5258 = LINE ( 'NONE', #2398, #2253 ) ;
#5259 = CARTESIAN_POINT ( 'NONE',  ( 0.5000000000000000000, 0.0000000000000000000, -3.741071428571430602 ) ) ;
#5260 = EDGE_CURVE ( 'NONE', #2971, #1109, #1195, .T. ) ;
#5261 = EDGE_LOOP ( 'NONE', ( #3574, #177, #6937, #3613 ) ) ;
#5262 = AXIS2_PLACEMENT_3D ( 'NONE', #5157, #3988, #3292 ) ;
#5263 = PLANE ( 'NONE',  #5865 ) ;
#5264 = CIRCLE ( 'NONE', #6246, 1.212070382921480061 ) ;
#5265 = AXIS2_PLACEMENT_3D ( 'NONE', #6910, #5809, #4653 ) ;
#5266 = CYLINDRICAL_SURFACE ( 'NONE', #80, 0.5000000000000000000 ) ;
#5267 = DIRECTION ( 'NONE',  ( 0.0000000000000000000, 0.0000000000000000000, 1.000000000000000000 ) ) ;
#5268 = DIRECTION ( 'NONE',  ( 0.0000000000000000000, 0.0000000000000000000, 1.000000000000000000 ) ) ;
#5269 = STYLED_ITEM ( 'NONE', ( #944 ), #2259 ) ;
#5270 = PLANE ( 'NONE',  #5062 ) ;
#5271 = SURFACE_STYLE_FILL_AREA ( #5313 ) ;
#5272 = VECTOR ( 'NONE', #3597, 1000.000000000000000 ) ;
#5273 = EDGE_CURVE ( 'NONE', #4050, #7091, #3494, .T. ) ;
#5274 = DIRECTION ( 'NONE',  ( 0.0000000000000000000, 0.0000000000000000000, 1.000000000000000000 ) ) ;
#5275 = COLOUR_RGB ( '',0.8666666666666666963, 0.8666666666666666963, 0.8666666666666666963 ) ;
#5276 = VERTEX_POINT ( 'NONE', #1795 ) ;
#5277 = DIRECTION ( 'NONE',  ( 0.0000000000000000000, 0.0000000000000000000, 1.000000000000000000 ) ) ;
#5278 = VECTOR ( 'NONE', #3535, 1000.000000000000000 ) ;
#5279 = VECTOR ( 'NONE', #5855, 1000.000000000000000 ) ;
#5280 = DIRECTION ( 'NONE',  ( 1.000000000000000000, 0.0000000000000000000, 0.0000000000000000000 ) ) ;
#5281 = DIRECTION ( 'NONE',  ( -1.000000000000000000, 0.0000000000000000000, 0.0000000000000000000 ) ) ;
#5282 = EDGE_CURVE ( 'NONE', #1305, #6607, #2350, .T. ) ;
#5283 =( NAMED_UNIT ( * ) PLANE_ANGLE_UNIT ( ) SI_UNIT ( $, .RADIAN. ) );
#5284 = PRESENTATION_STYLE_ASSIGNMENT (( #4093 ) ) ;
#5285 = COLOUR_RGB ( '',0.8666666666666666963, 0.8666666666666666963, 0.8666666666666666963 ) ;
#5286 = PRESENTATION_LAYER_ASSIGNMENT (  '', '', ( #4291 ) ) ;
#5287 = ORIENTED_EDGE ( 'NONE', *, *, #7169, .F. ) ;
#5288 = CARTESIAN_POINT ( 'NONE',  ( -1.500000000000000222, 2.399999999999999911, 2.100000000000000089 ) ) ;
#5289 = COLOUR_RGB ( '',1.000000000000000000, 1.000000000000000000, 1.000000000000000000 ) ;
#5290 = CARTESIAN_POINT ( 'NONE',  ( -0.009125320724410331333, -2.599998692799499800, -0.8172085837295719468 ) ) ;
#5291 = DIRECTION ( 'NONE',  ( 1.000000000000000000, 0.0000000000000000000, -0.0000000000000000000 ) ) ;
#5292 = VERTEX_POINT ( 'NONE', #6930 ) ;
#5293 = STYLED_ITEM ( 'NONE', ( #6164 ), #3027 ) ;
#5294 = ORIENTED_EDGE ( 'NONE', *, *, #7111, .F. ) ;
#5295 = FACE_OUTER_BOUND ( 'NONE', #4220, .T. ) ;
#5296 = CARTESIAN_POINT ( 'NONE',  ( 0.7908746792755909638, 4.800000000000009592, 4.163390312291140205 ) ) ;
#5297 = LINE ( 'NONE', #4627, #6673 ) ;
#5298 = SURFACE_STYLE_USAGE ( .BOTH. , #1794 ) ;
#5299 = CARTESIAN_POINT ( 'NONE',  ( 0.1637457019727630025, 2.522498976444949914, 0.4000000000000000222 ) ) ;
#5300 = PRESENTATION_LAYER_ASSIGNMENT (  '', '', ( #304 ) ) ;
#5301 = PLANE ( 'NONE',  #7177 ) ;
#5302 = ORIENTED_EDGE ( 'NONE', *, *, #5588, .F. ) ;
#5303 = CARTESIAN_POINT ( 'NONE',  ( 0.7908746792755909638, 2.600000000000000533, -0.5429203673205119651 ) ) ;
#5304 = ORIENTED_EDGE ( 'NONE', *, *, #3301, .F. ) ;
#5305 = VERTEX_POINT ( 'NONE', #4028 ) ;
#5306 = AXIS2_PLACEMENT_3D ( 'NONE', #1719, #2866, #4599 ) ;
#5307 = FILL_AREA_STYLE_COLOUR ( '', #4404 ) ;
#5308 = PRODUCT_RELATED_PRODUCT_CATEGORY ( 'part', '', ( #1980 ) ) ;
#5309 = EDGE_CURVE ( 'NONE', #3532, #2744, #7049, .T. ) ;
#5310 = AXIS2_PLACEMENT_3D ( 'NONE', #453, #4557, #5749 ) ;
#5311 = AXIS2_PLACEMENT_3D ( 'NONE', #327, #2649, #4965 ) ;
#5312 = CARTESIAN_POINT ( 'NONE',  ( -0.009125320724409288764, 0.7712388980384690118, -0.3429203673205120095 ) ) ;
#5313 = FILL_AREA_STYLE ('',( #4798 ) ) ;
#5314 =( NAMED_UNIT ( * ) SI_UNIT ( $, .STERADIAN. ) SOLID_ANGLE_UNIT ( ) );
#5315 = PRESENTATION_STYLE_ASSIGNMENT (( #788 ) ) ;
#5316 = ORIENTED_EDGE ( 'NONE', *, *, #4928, .F. ) ;
#5317 = ORIENTED_EDGE ( 'NONE', *, *, #906, .F. ) ;
#5318 = PRESENTATION_LAYER_ASSIGNMENT (  '', '', ( #4437 ) ) ;
#5319 = VECTOR ( 'NONE', #5281, 1000.000000000000000 ) ;
#5320 = ADVANCED_FACE ( 'NONE', ( #5138 ), #4563, .F. ) ;
#5321 = PRESENTATION_STYLE_ASSIGNMENT (( #2988 ) ) ;
#5322 = DIRECTION ( 'NONE',  ( 0.0000000000000000000, -1.776356839400250070E-15, 1.000000000000000000 ) ) ;
#5323 = PRESENTATION_LAYER_ASSIGNMENT (  '', '', ( #5558 ) ) ;
#5324 = ORIENTED_EDGE ( 'NONE', *, *, #1878, .F. ) ;
#5325 = FILL_AREA_STYLE_COLOUR ( '', #254 ) ;
#5326 = DIRECTION ( 'NONE',  ( -0.0000000000000000000, 0.0000000000000000000, -1.000000000000000000 ) ) ;
#5327 =( LENGTH_UNIT ( ) NAMED_UNIT ( * ) SI_UNIT ( .MILLI., .METRE. ) );
#5328 = EDGE_CURVE ( 'NONE', #1607, #5059, #3151, .T. ) ;
#5329 = VECTOR ( 'NONE', #5555, 1000.000000000000000 ) ;
#5330 = UNCERTAINTY_MEASURE_WITH_UNIT (LENGTH_MEASURE( 1.000000000000000082E-05 ), #2095, 'distance_accuracy_value', 'NONE');
#5331 = LINE ( 'NONE', #6480, #499 ) ;
#5332 = FILL_AREA_STYLE ('',( #6605 ) ) ;
#5333 = EDGE_LOOP ( 'NONE', ( #4135, #3675, #7510, #6529 ) ) ;
#5334 = MECHANICAL_DESIGN_GEOMETRIC_PRESENTATION_REPRESENTATION (  '', ( #4218 ), #5936 ) ;
#5335 = UNCERTAINTY_MEASURE_WITH_UNIT (LENGTH_MEASURE( 1.000000000000000082E-05 ), #7136, 'distance_accuracy_value', 'NONE');
#5336 = UNCERTAINTY_MEASURE_WITH_UNIT (LENGTH_MEASURE( 1.000000000000000082E-05 ), #3581, 'distance_accuracy_value', 'NONE');
#5337 = CARTESIAN_POINT ( 'NONE',  ( 0.0000000000000000000, 2.299999999999999822, 2.759000000000000341 ) ) ;
#5338 = CYLINDRICAL_SURFACE ( 'NONE', #1659, 0.2999999999999999889 ) ;
#5339 = CARTESIAN_POINT ( 'NONE',  ( -0.8091253207244090140, 0.6212388980384696557, -0.6027279884558468526 ) ) ;
#5340 = VERTEX_POINT ( 'NONE', #5405 ) ;
#5341 = CARTESIAN_POINT ( 'NONE',  ( -0.7196857906303478769, 1.252524729407415105, -1.191390688664961450 ) ) ;
#5342 = SURFACE_STYLE_FILL_AREA ( #4675 ) ;
#5343 = CARTESIAN_POINT ( 'NONE',  ( -0.009125320724410102349, 1.893690627588850095, -0.6172085837295689936 ) ) ;
#5344 =( NAMED_UNIT ( * ) PLANE_ANGLE_UNIT ( ) SI_UNIT ( $, .RADIAN. ) );
#5345 = CARTESIAN_POINT ( 'NONE',  ( 0.9698542618854634201, 3.328999999999996628, -3.778205454138656716 ) ) ;
#5346 = FACE_OUTER_BOUND ( 'NONE', #1481, .T. ) ;
#5347 = VERTEX_POINT ( 'NONE', #2462 ) ;
#5348 = DIRECTION ( 'NONE',  ( 1.000000000000000000, 0.0000000000000000000, 0.0000000000000000000 ) ) ;
#5349 = FILL_AREA_STYLE ('',( #6003 ) ) ;
#5350 = DIRECTION ( 'NONE',  ( 0.0000000000000000000, 0.0000000000000000000, 1.000000000000000000 ) ) ;
#5351 = FILL_AREA_STYLE_COLOUR ( '', #1916 ) ;
#5352 = ADVANCED_FACE ( 'NONE', ( #6613 ), #3648, .T. ) ;
#5353 = PRODUCT_CONTEXT ( 'NONE', #6455, 'mechanical' ) ;
#5354 = VERTEX_POINT ( 'NONE', #6493 ) ;
#5355 = SURFACE_SIDE_STYLE ('',( #7152 ) ) ;
#5356 = DIRECTION ( 'NONE',  ( 0.0000000000000000000, 0.0000000000000000000, 1.000000000000000000 ) ) ;
#5357 =( LENGTH_UNIT ( ) NAMED_UNIT ( * ) SI_UNIT ( .MILLI., .METRE. ) );
#5358 = CARTESIAN_POINT ( 'NONE',  ( -0.3868562485163579701, -0.2500000000000009992, 0.06698729810778079885 ) ) ;
#5359 = ADVANCED_FACE ( 'NONE', ( #3005 ), #1941, .T. ) ;
#5360 = ORIENTED_EDGE ( 'NONE', *, *, #827, .F. ) ;
#5361 = ORIENTED_EDGE ( 'NONE', *, *, #7071, .F. ) ;
#5362 =( NAMED_UNIT ( * ) PLANE_ANGLE_UNIT ( ) SI_UNIT ( $, .RADIAN. ) );
#5363 = CARTESIAN_POINT ( 'NONE',  ( -0.7196857906303469887, 2.208802476894978994, 1.867578483260654121 ) ) ;
#5364 = SURFACE_STYLE_USAGE ( .BOTH. , #6761 ) ;
#5365 = ORIENTED_EDGE ( 'NONE', *, *, #3216, .T. ) ;
#5366 = LINE ( 'NONE', #3155, #4552 ) ;
#5367 = VECTOR ( 'NONE', #1063, 1000.000000000000000 ) ;
#5368 = EDGE_LOOP ( 'NONE', ( #2482, #5245, #5412, #4196, #150, #4636, #773, #6689 ) ) ;
#5369 = ORIENTED_EDGE ( 'NONE', *, *, #4094, .T. ) ;
#5370 = DIRECTION ( 'NONE',  ( -0.0000000000000000000, -1.715124499442879932E-15, -1.000000000000000000 ) ) ;
#5371 = CARTESIAN_POINT ( 'NONE',  ( 0.4752165657325300163, -1.923597468397799881, -0.8172085837295710586 ) ) ;
#5372 =( GEOMETRIC_REPRESENTATION_CONTEXT ( 3 ) GLOBAL_UNCERTAINTY_ASSIGNED_CONTEXT ( ( #7048 ) ) GLOBAL_UNIT_ASSIGNED_CONTEXT ( ( #7439, #6177, #4466 ) ) REPRESENTATION_CONTEXT ( 'NONE', 'WORKASPACE' ) );
#5373 = FILL_AREA_STYLE_COLOUR ( '', #3633 ) ;
#5374 = VECTOR ( 'NONE', #6241, 1000.000000000000000 ) ;
#5375 = CARTESIAN_POINT ( 'NONE',  ( 0.5000000000000000000, 2.399999999999999911, -7.709882115452470771E-17 ) ) ;
#5376 = DIRECTION ( 'NONE',  ( 0.0000000000000000000, 0.0000000000000000000, 1.000000000000000000 ) ) ;
#5377 = CARTESIAN_POINT ( 'NONE',  ( 0.0000000000000000000, 0.0000000000000000000, 0.0000000000000000000 ) ) ;
#5378 = DIRECTION ( 'NONE',  ( -1.000000000000000000, -0.0000000000000000000, -0.0000000000000000000 ) ) ;
#5379 = AXIS2_PLACEMENT_3D ( 'NONE', #3927, #5561, #5099 ) ;
#5380 = ORIENTED_EDGE ( 'NONE', *, *, #5282, .F. ) ;
#5381 = ORIENTED_EDGE ( 'NONE', *, *, #1626, .T. ) ;
#5382 = CARTESIAN_POINT ( 'NONE',  ( -0.1528146411127589976, -1.031459044838250794, -0.4568327631123102472 ) ) ;
#5383 = AXIS2_PLACEMENT_3D ( 'NONE', #2715, #6902, #5603 ) ;
#5384 =( LENGTH_UNIT ( ) NAMED_UNIT ( * ) SI_UNIT ( .MILLI., .METRE. ) );
#5385 = PRESENTATION_LAYER_ASSIGNMENT (  '', '', ( #2105 ) ) ;
#5386 = FACE_OUTER_BOUND ( 'NONE', #1598, .T. ) ;
#5387 =( NAMED_UNIT ( * ) PLANE_ANGLE_UNIT ( ) SI_UNIT ( $, .RADIAN. ) );
#5388 = DIRECTION ( 'NONE',  ( 0.0000000000000000000, -0.8660254037844387076, 0.4999999999999998335 ) ) ;
#5389 = SHAPE_DEFINITION_REPRESENTATION ( #5143, #4375 ) ;
#5390 = MECHANICAL_DESIGN_GEOMETRIC_PRESENTATION_REPRESENTATION (  '', ( #1116 ), #5887 ) ;
#5391 = ORIENTED_EDGE ( 'NONE', *, *, #3869, .T. ) ;
#5392 = AXIS2_PLACEMENT_3D ( 'NONE', #3012, #4795, #5267 ) ;
#5393 = EDGE_CURVE ( 'NONE', #410, #1630, #4055, .T. ) ;
#5394 = DIRECTION ( 'NONE',  ( -1.000000000000000000, 0.0000000000000000000, 0.0000000000000000000 ) ) ;
#5395 = VECTOR ( 'NONE', #5485, 1000.000000000000114 ) ;
#5396 =( NAMED_UNIT ( * ) PLANE_ANGLE_UNIT ( ) SI_UNIT ( $, .RADIAN. ) );
#5397 = ORIENTED_EDGE ( 'NONE', *, *, #5721, .F. ) ;
#5398 = ORIENTED_EDGE ( 'NONE', *, *, #6240, .T. ) ;
#5399 = DIRECTION ( 'NONE',  ( 0.0000000000000000000, 1.715124499442879932E-15, -1.000000000000000000 ) ) ;
#5400 = COLOUR_RGB ( '',0.8666666666666666963, 0.8666666666666666963, 0.8666666666666666963 ) ;
#5401 = DIRECTION ( 'NONE',  ( -1.000000000000000000, 0.0000000000000000000, 0.0000000000000000000 ) ) ;
#5402 = CARTESIAN_POINT ( 'NONE',  ( -1.359325773342919375, 2.399999999999999911, -0.6036097206715244079 ) ) ;
#5403 = VECTOR ( 'NONE', #135, 1000.000000000000114 ) ;
#5404 = EDGE_CURVE ( 'NONE', #5711, #6876, #400, .T. ) ;
#5405 = CARTESIAN_POINT ( 'NONE',  ( -0.009125320724409885509, -0.03145904483824771281, -0.4568327631123095811 ) ) ;
#5406 = DIRECTION ( 'NONE',  ( 1.000000000000000000, 0.0000000000000000000, 0.0000000000000000000 ) ) ;
#5407 = VERTEX_POINT ( 'NONE', #6769 ) ;
#5408 = VECTOR ( 'NONE', #4097, 1000.000000000000000 ) ;
#5409 = DIRECTION ( 'NONE',  ( 0.0000000000000000000, 2.602085213965210642E-15, 1.000000000000000000 ) ) ;
#5410 = DIRECTION ( 'NONE',  ( 0.0000000000000000000, 0.0000000000000000000, 1.000000000000000000 ) ) ;
#5411 = ORIENTED_EDGE ( 'NONE', *, *, #5818, .F. ) ;
#5412 = ORIENTED_EDGE ( 'NONE', *, *, #7590, .T. ) ;
#5413 = CARTESIAN_POINT ( 'NONE',  ( 0.0000000000000000000, 1.800000000000000266, -0.4909999999999999920 ) ) ;
#5414 = STYLED_ITEM ( 'NONE', ( #3173 ), #3097 ) ;
#5415 = ADVANCED_FACE ( 'NONE', ( #3186 ), #7443, .T. ) ;
#5416 =( LENGTH_UNIT ( ) NAMED_UNIT ( * ) SI_UNIT ( .MILLI., .METRE. ) );
#5417 = CARTESIAN_POINT ( 'NONE',  ( 3.250000000000000444, 2.000000000000000000, -2.332340545918031083 ) ) ;
#5418 = LINE ( 'NONE', #7328, #2377 ) ;
#5419 = DIRECTION ( 'NONE',  ( 0.0000000000000000000, 0.0000000000000000000, 1.000000000000000000 ) ) ;
#5420 = PRESENTATION_STYLE_ASSIGNMENT (( #3100 ) ) ;
#5421 = SURFACE_STYLE_USAGE ( .BOTH. , #4369 ) ;
#5422 = AXIS2_PLACEMENT_3D ( 'NONE', #4444, #6859, #2097 ) ;
#5423 = EDGE_LOOP ( 'NONE', ( #233, #6105, #5095, #888 ) ) ;
#5424 = ORIENTED_EDGE ( 'NONE', *, *, #1675, .T. ) ;
#5425 = FACE_OUTER_BOUND ( 'NONE', #2811, .T. ) ;
#5426 = COLOUR_RGB ( '',0.8666666666666666963, 0.8666666666666666963, 0.8666666666666666963 ) ;
#5427 = MECHANICAL_DESIGN_GEOMETRIC_PRESENTATION_REPRESENTATION (  '', ( #1650 ), #4920 ) ;
#5428 = VECTOR ( 'NONE', #3124, 1000.000000000000000 ) ;
#5429 = SURFACE_STYLE_FILL_AREA ( #5466 ) ;
#5430 = SURFACE_STYLE_USAGE ( .BOTH. , #5498 ) ;
#5431 =( GEOMETRIC_REPRESENTATION_CONTEXT ( 3 ) GLOBAL_UNCERTAINTY_ASSIGNED_CONTEXT ( ( #6250 ) ) GLOBAL_UNIT_ASSIGNED_CONTEXT ( ( #7207, #2578, #3272 ) ) REPRESENTATION_CONTEXT ( 'NONE', 'WORKASPACE' ) );
#5432 = VECTOR ( 'NONE', #7147, 1000.000000000000000 ) ;
#5433 = ORIENTED_EDGE ( 'NONE', *, *, #1069, .T. ) ;
#5434 = SURFACE_STYLE_USAGE ( .BOTH. , #4769 ) ;
#5435 = FACE_OUTER_BOUND ( 'NONE', #3418, .T. ) ;
#5436 = CARTESIAN_POINT ( 'NONE',  ( 3.250000000000000444, 2.000000000000000000, -0.4909999999999998810 ) ) ;
#5437 = STYLED_ITEM ( 'NONE', ( #2047 ), #5042 ) ;
#5438 = COLOUR_RGB ( '',0.0000000000000000000, 0.0000000000000000000, 1.000000000000000000 ) ;
#5439 = AXIS2_PLACEMENT_3D ( 'NONE', #5892, #5322, #724 ) ;
#5440 = ORIENTED_EDGE ( 'NONE', *, *, #2893, .F. ) ;
#5441 = ADVANCED_FACE ( 'NONE', ( #5628 ), #4430, .T. ) ;
#5442 = ORIENTED_EDGE ( 'NONE', *, *, #3813, .T. ) ;
#5443 = EDGE_CURVE ( 'NONE', #4736, #7356, #6098, .T. ) ;
#5444 = LINE ( 'NONE', #4282, #2324 ) ;
#5445 = PRESENTATION_LAYER_ASSIGNMENT (  '', '', ( #3607 ) ) ;
#5446 = COLOUR_RGB ( '',0.8666666666666666963, 0.8666666666666666963, 0.8666666666666666963 ) ;
#5447 = CARTESIAN_POINT ( 'NONE',  ( -0.8954823738517565523, 2.400000000000001243, -1.202243478597876170 ) ) ;
#5448 = SURFACE_SIDE_STYLE ('',( #336 ) ) ;
#5449 = LINE ( 'NONE', #4287, #5428 ) ;
#5450 = FILL_AREA_STYLE_COLOUR ( '', #5803 ) ;
#5451 = VERTEX_POINT ( 'NONE', #5055 ) ;
#5452 = ADVANCED_FACE ( 'NONE', ( #1006 ), #7354, .T. ) ;
#5453 = VERTEX_POINT ( 'NONE', #540 ) ;
#5454 = EDGE_CURVE ( 'NONE', #4349, #6720, #2844, .T. ) ;
#5455 = DIRECTION ( 'NONE',  ( 0.0000000000000000000, 0.8660254037844382635, -0.5000000000000005551 ) ) ;
#5456 = AXIS2_PLACEMENT_3D ( 'NONE', #5702, #2256, #2912 ) ;
#5457 = FACE_OUTER_BOUND ( 'NONE', #2620, .T. ) ;
#5458 = FACE_OUTER_BOUND ( 'NONE', #1370, .T. ) ;
#5459 = SURFACE_STYLE_FILL_AREA ( #4335 ) ;
#5460 = CARTESIAN_POINT ( 'NONE',  ( -0.8091253207244090140, 2.899999999999999911, 0.0000000000000000000 ) ) ;
#5461 = DIRECTION ( 'NONE',  ( 1.000000000000000000, 0.0000000000000000000, 0.0000000000000000000 ) ) ;
#5462 = ORIENTED_EDGE ( 'NONE', *, *, #90, .F. ) ;
#5463 = EDGE_CURVE ( 'NONE', #1180, #3820, #6917, .T. ) ;
#5464 = LINE ( 'NONE', #5382, #6369 ) ;
#5465 = LINE ( 'NONE', #240, #3931 ) ;
#5466 = FILL_AREA_STYLE ('',( #241 ) ) ;
#5467 = SURFACE_SIDE_STYLE ('',( #4957 ) ) ;
#5468 = FACE_OUTER_BOUND ( 'NONE', #5141, .T. ) ;
#5469 = EDGE_CURVE ( 'NONE', #5354, #5765, #1784, .T. ) ;
#5470 = ORIENTED_EDGE ( 'NONE', *, *, #1054, .T. ) ;
#5471 = CYLINDRICAL_SURFACE ( 'NONE', #1622, 0.2999999999999999889 ) ;
#5472 = LINE ( 'NONE', #1468, #1296 ) ;
#5473 = UNCERTAINTY_MEASURE_WITH_UNIT (LENGTH_MEASURE( 1.000000000000000082E-05 ), #4773, 'distance_accuracy_value', 'NONE');
#5474 = LINE ( 'NONE', #247, #860 ) ;
#5475 = MECHANICAL_DESIGN_GEOMETRIC_PRESENTATION_REPRESENTATION (  '', ( #3765 ), #4847 ) ;
#5476 = DIRECTION ( 'NONE',  ( -0.0000000000000000000, 0.8660254037844398178, -0.4999999999999979461 ) ) ;
#5477 =( LENGTH_UNIT ( ) NAMED_UNIT ( * ) SI_UNIT ( .MILLI., .METRE. ) );
#5478 = VERTEX_POINT ( 'NONE', #5776 ) ;
#5479 = ORIENTED_EDGE ( 'NONE', *, *, #5547, .F. ) ;
#5480 = CARTESIAN_POINT ( 'NONE',  ( -0.8091253207244090140, -1.523597468397800414, -0.5100289067571259771 ) ) ;
#5481 = FILL_AREA_STYLE_COLOUR ( '', #5983 ) ;
#5482 = UNCERTAINTY_MEASURE_WITH_UNIT (LENGTH_MEASURE( 1.000000000000000082E-05 ), #464, 'distance_accuracy_value', 'NONE');
#5483 = VERTEX_POINT ( 'NONE', #4502 ) ;
#5484 = ORIENTED_EDGE ( 'NONE', *, *, #1308, .T. ) ;
#5485 = DIRECTION ( 'NONE',  ( 0.0000000000000000000, -0.8660254037844390407, -0.4999999999999991118 ) ) ;
#5486 = DIRECTION ( 'NONE',  ( 1.000000000000000000, 0.0000000000000000000, -0.0000000000000000000 ) ) ;
#5487 = PRESENTATION_STYLE_ASSIGNMENT (( #3743 ) ) ;
#5488 = EDGE_CURVE ( 'NONE', #3207, #5884, #1077, .T. ) ;
#5489 = EDGE_CURVE ( 'NONE', #1973, #3830, #3521, .T. ) ;
#5490 = SURFACE_SIDE_STYLE ('',( #6076 ) ) ;
#5491 = LINE ( 'NONE', #2587, #2622 ) ;
#5492 = DIRECTION ( 'NONE',  ( 0.0000000000000000000, -0.8660254037844390407, 0.4999999999999992784 ) ) ;
#5493 = ORIENTED_EDGE ( 'NONE', *, *, #6447, .F. ) ;
#5494 = FILL_AREA_STYLE ('',( #2067 ) ) ;
#5495 = MECHANICAL_DESIGN_GEOMETRIC_PRESENTATION_REPRESENTATION (  '', ( #3664 ), #6 ) ;
#5496 = DIRECTION ( 'NONE',  ( -1.000000000000000000, -0.0000000000000000000, 0.0000000000000000000 ) ) ;
#5497 = ADVANCED_FACE ( 'NONE', ( #7539 ), #3409, .F. ) ;
#5498 = SURFACE_SIDE_STYLE ('',( #2528 ) ) ;
#5499 = AXIS2_PLACEMENT_3D ( 'NONE', #2294, #2997, #2955 ) ;
#5500 = FILL_AREA_STYLE_COLOUR ( '', #5438 ) ;
#5501 = VERTEX_POINT ( 'NONE', #4617 ) ;
#5502 = FILL_AREA_STYLE ('',( #4845 ) ) ;
#5503 = STYLED_ITEM ( 'NONE', ( #3478 ), #1264 ) ;
#5504 =( NAMED_UNIT ( * ) SI_UNIT ( $, .STERADIAN. ) SOLID_ANGLE_UNIT ( ) );
#5505 = EDGE_CURVE ( 'NONE', #978, #5922, #5854, .T. ) ;
#5506 = LINE ( 'NONE', #3295, #3544 ) ;
#5507 = SURFACE_STYLE_FILL_AREA ( #394 ) ;
#5508 =( GEOMETRIC_REPRESENTATION_CONTEXT ( 3 ) GLOBAL_UNCERTAINTY_ASSIGNED_CONTEXT ( ( #7353 ) ) GLOBAL_UNIT_ASSIGNED_CONTEXT ( ( #1577, #3978, #3355 ) ) REPRESENTATION_CONTEXT ( 'NONE', 'WORKASPACE' ) );
#5509 = STYLED_ITEM ( 'NONE', ( #2996 ), #1342 ) ;
#5510 = EDGE_LOOP ( 'NONE', ( #4790, #3975, #5723, #196 ) ) ;
#5511 = ORIENTED_EDGE ( 'NONE', *, *, #4467, .F. ) ;
#5512 =( LENGTH_UNIT ( ) NAMED_UNIT ( * ) SI_UNIT ( .MILLI., .METRE. ) );
#5513 =( REPRESENTATION_RELATIONSHIP ('NONE','NONE', #5597, #675 ) REPRESENTATION_RELATIONSHIP_WITH_TRANSFORMATION ( #4126 )SHAPE_REPRESENTATION_RELATIONSHIP( ) );
#5514 = CARTESIAN_POINT ( 'NONE',  ( 0.1345639996639400038, 0.6212388980384710990, -0.6027279884558413015 ) ) ;
#5515 = DIRECTION ( 'NONE',  ( 3.399077683617220112E-33, 1.000000000000000000, 1.886867153420689749E-49 ) ) ;
#5516 =( LENGTH_UNIT ( ) NAMED_UNIT ( * ) SI_UNIT ( .MILLI., .METRE. ) );
#5517 =( LENGTH_UNIT ( ) NAMED_UNIT ( * ) SI_UNIT ( .MILLI., .METRE. ) );
#5518 = CARTESIAN_POINT ( 'NONE',  ( -0.009125320724409234988, 0.7712388980384692339, -0.8429203673205117875 ) ) ;
#5519 = ORIENTED_EDGE ( 'NONE', *, *, #3637, .F. ) ;
#5520 = ORIENTED_EDGE ( 'NONE', *, *, #7561, .F. ) ;
#5521 = CARTESIAN_POINT ( 'NONE',  ( -0.1528146411127589976, 1.893690627588850095, -0.8172085837295719468 ) ) ;
#5522 = VECTOR ( 'NONE', #3267, 1000.000000000000000 ) ;
#5523 = DIRECTION ( 'NONE',  ( -0.0000000000000000000, 0.0000000000000000000, -1.000000000000000000 ) ) ;
#5524 = LINE ( 'NONE', #2668, #78 ) ;
#5525 = EDGE_LOOP ( 'NONE', ( #3877, #5830, #1749, #3715 ) ) ;
#5526 =( GEOMETRIC_REPRESENTATION_CONTEXT ( 3 ) GLOBAL_UNCERTAINTY_ASSIGNED_CONTEXT ( ( #2806 ) ) GLOBAL_UNIT_ASSIGNED_CONTEXT ( ( #5107, #5760, #6314 ) ) REPRESENTATION_CONTEXT ( 'NONE', 'WORKASPACE' ) );
#5527 = EDGE_CURVE ( 'NONE', #7087, #2607, #1743, .T. ) ;
#5528 = EDGE_CURVE ( 'NONE', #3354, #2399, #5244, .T. ) ;
#5529 =( NAMED_UNIT ( * ) SI_UNIT ( $, .STERADIAN. ) SOLID_ANGLE_UNIT ( ) );
#5530 = FACE_OUTER_BOUND ( 'NONE', #7347, .T. ) ;
#5531 = MECHANICAL_DESIGN_GEOMETRIC_PRESENTATION_REPRESENTATION (  '', ( #2982 ), #6403 ) ;
#5532 = PRESENTATION_STYLE_ASSIGNMENT (( #3211 ) ) ;
#5533 = CYLINDRICAL_SURFACE ( 'NONE', #5243, 0.5000000000000000000 ) ;
#5534 = ORIENTED_EDGE ( 'NONE', *, *, #5173, .F. ) ;
#5535 = AXIS2_PLACEMENT_3D ( 'NONE', #6202, #947, #279 ) ;
#5536 = PRESENTATION_LAYER_ASSIGNMENT (  '', '', ( #2135 ) ) ;
#5537 = CARTESIAN_POINT ( 'NONE',  ( 0.1345639996639400038, 1.664928218426819928, -0.8429203673205111214 ) ) ;
#5538 = SURFACE_STYLE_FILL_AREA ( #2076 ) ;
#5539 = DIRECTION ( 'NONE',  ( 0.0000000000000000000, 1.000000000000000000, 0.0000000000000000000 ) ) ;
#5540 = VERTEX_POINT ( 'NONE', #2958 ) ;
#5541 = COLOUR_RGB ( '',1.000000000000000000, 1.000000000000000000, 1.000000000000000000 ) ;
#5542 = STYLED_ITEM ( 'NONE', ( #605 ), #7214 ) ;
#5543 =( GEOMETRIC_REPRESENTATION_CONTEXT ( 3 ) GLOBAL_UNCERTAINTY_ASSIGNED_CONTEXT ( ( #4615 ) ) GLOBAL_UNIT_ASSIGNED_CONTEXT ( ( #2667, #3899, #1572 ) ) REPRESENTATION_CONTEXT ( 'NONE', 'WORKASPACE' ) );
#5544 =( LENGTH_UNIT ( ) NAMED_UNIT ( * ) SI_UNIT ( .MILLI., .METRE. ) );
#5545 = ORIENTED_EDGE ( 'NONE', *, *, #7509, .F. ) ;
#5546 = ORIENTED_EDGE ( 'NONE', *, *, #4042, .T. ) ;
#5547 = EDGE_CURVE ( 'NONE', #1973, #7471, #1361, .T. ) ;
#5548 = LINE ( 'NONE', #292, #7382 ) ;
#5549 = DIRECTION ( 'NONE',  ( 0.0000000000000000000, 0.0000000000000000000, -1.000000000000000000 ) ) ;
#5550 = PRESENTATION_LAYER_ASSIGNMENT (  '', '', ( #1291 ) ) ;
#5551 =( GEOMETRIC_REPRESENTATION_CONTEXT ( 3 ) GLOBAL_UNCERTAINTY_ASSIGNED_CONTEXT ( ( #3415 ) ) GLOBAL_UNIT_ASSIGNED_CONTEXT ( ( #6562, #98, #3552 ) ) REPRESENTATION_CONTEXT ( 'NONE', 'WORKASPACE' ) );
#5552 = AXIS2_PLACEMENT_3D ( 'NONE', #5812, #3432, #2873 ) ;
#5553 = UNCERTAINTY_MEASURE_WITH_UNIT (LENGTH_MEASURE( 1.000000000000000082E-05 ), #4705, 'distance_accuracy_value', 'NONE');
#5554 = SURFACE_STYLE_USAGE ( .BOTH. , #1525 ) ;
#5555 = DIRECTION ( 'NONE',  ( 1.000000000000000000, 0.0000000000000000000, -0.0000000000000000000 ) ) ;
#5556 = ORIENTED_EDGE ( 'NONE', *, *, #5834, .F. ) ;
#5557 = VECTOR ( 'NONE', #7322, 1000.000000000000000 ) ;
#5558 = STYLED_ITEM ( 'NONE', ( #5321 ), #4416 ) ;
#5559 = ORIENTED_EDGE ( 'NONE', *, *, #3952, .T. ) ;
#5560 =( NAMED_UNIT ( * ) PLANE_ANGLE_UNIT ( ) SI_UNIT ( $, .RADIAN. ) );
#5561 = DIRECTION ( 'NONE',  ( 0.0000000000000000000, 0.0000000000000000000, 1.000000000000000000 ) ) ;
#5562 = DIRECTION ( 'NONE',  ( 0.0000000000000000000, -0.8660254037844380415, -0.5000000000000009992 ) ) ;
#5563 =( GEOMETRIC_REPRESENTATION_CONTEXT ( 3 ) GLOBAL_UNCERTAINTY_ASSIGNED_CONTEXT ( ( #1282 ) ) GLOBAL_UNIT_ASSIGNED_CONTEXT ( ( #6922, #579, #2340 ) ) REPRESENTATION_CONTEXT ( 'NONE', 'WORKASPACE' ) );
#5564 = CARTESIAN_POINT ( 'NONE',  ( 0.3472796854691359569, -3.371237590837970366, 0.02571178359094371604 ) ) ;
#5565 = PRODUCT_DEFINITION_SHAPE ( 'NONE', 'NONE',  #7598 ) ;
#5566 = SURFACE_STYLE_FILL_AREA ( #5600 ) ;
#5567 = VERTEX_POINT ( 'NONE', #6603 ) ;
#5568 = PRESENTATION_STYLE_ASSIGNMENT (( #1496 ) ) ;
#5569 = FILL_AREA_STYLE_COLOUR ( '', #4275 ) ;
#5570 = CARTESIAN_POINT ( 'NONE',  ( -0.5000000000000000000, 2.700000000000000178, -1.600000000000000089 ) ) ;
#5571 = PLANE ( 'NONE',  #1025 ) ;
#5572 = SURFACE_SIDE_STYLE ('',( #2673 ) ) ;
#5573 = SURFACE_SIDE_STYLE ('',( #349 ) ) ;
#5574 = CARTESIAN_POINT ( 'NONE',  ( 0.4395356215117700027, -0.03145904483824798342, -0.4568327631123101362 ) ) ;
#5575 = VERTEX_POINT ( 'NONE', #1393 ) ;
#5576 = SURFACE_SIDE_STYLE ('',( #388 ) ) ;
#5577 = CARTESIAN_POINT ( 'NONE',  ( 0.7802117184763890378, 3.528999999999999471, -0.1429203673205093339 ) ) ;
#5578 = DIRECTION ( 'NONE',  ( 0.0000000000000000000, -1.000000000000000000, 0.0000000000000000000 ) ) ;
#5579 = EDGE_CURVE ( 'NONE', #3125, #259, #6569, .T. ) ;
#5580 = CARTESIAN_POINT ( 'NONE',  ( -0.3868562485163577480, -3.371237590837970366, 0.02571178359094350094 ) ) ;
#5581 = EDGE_CURVE ( 'NONE', #1986, #1196, #2452, .T. ) ;
#5582 = CARTESIAN_POINT ( 'NONE',  ( -3.250000000000000888, 0.0000000000000000000, 3.258928571428570287 ) ) ;
#5583 = COLOUR_RGB ( '',0.8666666666666666963, 0.8666666666666666963, 0.8666666666666666963 ) ;
#5584 = ORIENTED_EDGE ( 'NONE', *, *, #6800, .T. ) ;
#5585 = ORIENTED_EDGE ( 'NONE', *, *, #2549, .T. ) ;
#5586 = LINE ( 'NONE', #3116, #6385 ) ;
#5587 = DIRECTION ( 'NONE',  ( 0.0000000000000000000, -3.885780586188049864E-16, 1.000000000000000000 ) ) ;
#5588 = EDGE_CURVE ( 'NONE', #560, #3603, #1970, .T. ) ;
#5589 =( NAMED_UNIT ( * ) PLANE_ANGLE_UNIT ( ) SI_UNIT ( $, .RADIAN. ) );
#5590 = ORIENTED_EDGE ( 'NONE', *, *, #3911, .T. ) ;
#5591 = VERTEX_POINT ( 'NONE', #7154 ) ;
#5592 = CARTESIAN_POINT ( 'NONE',  ( -0.8091253207244090140, 2.600000000000000533, -0.5429203673205119651 ) ) ;
#5593 = SURFACE_SIDE_STYLE ('',( #6144 ) ) ;
#5594 = CARTESIAN_POINT ( 'NONE',  ( -0.8091253207244085699, -1.923597468397800103, -0.6172085837295763211 ) ) ;
#5595 = FACE_OUTER_BOUND ( 'NONE', #7151, .T. ) ;
#5596 = ADVANCED_FACE ( 'NONE', ( #60 ), #1858, .F. ) ;
#5597 = SHAPE_REPRESENTATION ( 'User Library-RM-065', ( #7455, #2273, #5205, #6320, #1309, #5456 ), #3017 ) ;
#5598 =( NAMED_UNIT ( * ) SI_UNIT ( $, .STERADIAN. ) SOLID_ANGLE_UNIT ( ) );
#5599 = LINE ( 'NONE', #308, #7176 ) ;
#5600 = FILL_AREA_STYLE ('',( #6152 ) ) ;
#5601 = ORIENTED_EDGE ( 'NONE', *, *, #5886, .F. ) ;
#5602 = DIRECTION ( 'NONE',  ( 0.0000000000000000000, 1.715124499442879932E-15, -1.000000000000000000 ) ) ;
#5603 = DIRECTION ( 'NONE',  ( 0.0000000000000000000, 0.0000000000000000000, -1.000000000000000000 ) ) ;
#5604 = STYLED_ITEM ( 'NONE', ( #7020 ), #200 ) ;
#5605 = CARTESIAN_POINT ( 'NONE',  ( -0.5000000000000000000, 0.2999999999999999889, -0.5000000000000000000 ) ) ;
#5606 = SURFACE_SIDE_STYLE ('',( #3874 ) ) ;
#5607 = AXIS2_PLACEMENT_3D ( 'NONE', #6575, #3646, #1362 ) ;
#5608 = ORIENTED_EDGE ( 'NONE', *, *, #145, .F. ) ;
#5609 = CARTESIAN_POINT ( 'NONE',  ( 0.0000000000000000000, 2.000000000000000000, 3.258928571428569843 ) ) ;
#5610 = CARTESIAN_POINT ( 'NONE',  ( 0.3472796854691360124, 2.686465021920419805, 0.2000000000000000111 ) ) ;
#5611 = CARTESIAN_POINT ( 'NONE',  ( 0.1345639996639400038, 1.328821155232009943, 1.136815753437059984 ) ) ;
#5612 = SURFACE_SIDE_STYLE ('',( #325 ) ) ;
#5613 = VECTOR ( 'NONE', #2547, 1000.000000000000000 ) ;
#5614 = STYLED_ITEM ( 'NONE', ( #3234 ), #794 ) ;
#5615 = DIRECTION ( 'NONE',  ( 0.0000000000000000000, -1.000000000000000000, -0.0000000000000000000 ) ) ;
#5616 = VECTOR ( 'NONE', #4132, 1000.000000000000114 ) ;
#5617 = CARTESIAN_POINT ( 'NONE',  ( 1.848138122877330052E-16, 2.399999999999999911, -7.709882115452470771E-17 ) ) ;
#5618 = PLANE ( 'NONE',  #3732 ) ;
#5619 = ORIENTED_EDGE ( 'NONE', *, *, #4408, .T. ) ;
#5620 = ORIENTED_EDGE ( 'NONE', *, *, #1816, .F. ) ;
#5621 = MECHANICAL_DESIGN_GEOMETRIC_PRESENTATION_REPRESENTATION (  '', ( #2101 ), #1494 ) ;
#5622 =( NAMED_UNIT ( * ) PLANE_ANGLE_UNIT ( ) SI_UNIT ( $, .RADIAN. ) );
#5623 = PRESENTATION_LAYER_ASSIGNMENT (  '', '', ( #2094 ) ) ;
#5624 = EDGE_CURVE ( 'NONE', #1109, #1726, #5331, .T. ) ;
#5625 = DIRECTION ( 'NONE',  ( 1.000000000000000000, 0.0000000000000000000, -0.0000000000000000000 ) ) ;
#5626 = EDGE_CURVE ( 'NONE', #2927, #936, #2382, .T. ) ;
#5627 = UNCERTAINTY_MEASURE_WITH_UNIT (LENGTH_MEASURE( 1.000000000000000082E-05 ), #3420, 'distance_accuracy_value', 'NONE');
#5628 = FACE_OUTER_BOUND ( 'NONE', #2277, .T. ) ;
#5629 = PRODUCT ( 'd1', 'd1', '', ( #5353 ) ) ;
#5630 = MECHANICAL_DESIGN_GEOMETRIC_PRESENTATION_REPRESENTATION (  '', ( #4767 ), #7381 ) ;
#5631 =( LENGTH_UNIT ( ) NAMED_UNIT ( * ) SI_UNIT ( .MILLI., .METRE. ) );
#5632 = SURFACE_STYLE_USAGE ( .BOTH. , #1595 ) ;
#5633 = DIRECTION ( 'NONE',  ( -1.000000000000000000, 0.0000000000000000000, 0.0000000000000000000 ) ) ;
#5634 = ORIENTED_EDGE ( 'NONE', *, *, #1012, .F. ) ;
#5635 = ORIENTED_EDGE ( 'NONE', *, *, #6594, .F. ) ;
#5636 = CARTESIAN_POINT ( 'NONE',  ( 2.299999999999999822, 2.700000000000000178, 0.5000000000000000000 ) ) ;
#5637 = VECTOR ( 'NONE', #4562, 1000.000000000000000 ) ;
#5638 = PRESENTATION_STYLE_ASSIGNMENT (( #7513 ) ) ;
#5639 = CARTESIAN_POINT ( 'NONE',  ( 0.0000000000000000000, 0.0000000000000000000, -0.2410714285714279925 ) ) ;
#5640 = EDGE_CURVE ( 'NONE', #3374, #6554, #777, .T. ) ;
#5641 = AXIS2_PLACEMENT_3D ( 'NONE', #1824, #4133, #6481 ) ;
#5642 = MECHANICAL_DESIGN_GEOMETRIC_PRESENTATION_REPRESENTATION (  '', ( #3316 ), #5148 ) ;
#5643 = SURFACE_STYLE_USAGE ( .BOTH. , #2093 ) ;
#5644 = CARTESIAN_POINT ( 'NONE',  ( -0.3868562485163580256, 1.673642115736349911, 0.2000000000000000389 ) ) ;
#5645 = LINE ( 'NONE', #3970, #2375 ) ;
#5646 = AXIS2_PLACEMENT_3D ( 'NONE', #2217, #7568, #5113 ) ;
#5647 = VERTEX_POINT ( 'NONE', #1319 ) ;
#5648 = DIRECTION ( 'NONE',  ( 0.0000000000000000000, 0.0000000000000000000, 1.000000000000000000 ) ) ;
#5649 = EDGE_CURVE ( 'NONE', #3820, #4802, #7198, .T. ) ;
#5650 = CARTESIAN_POINT ( 'NONE',  ( 2.000000000000000000, 0.0000000000000000000, -3.000000000000000000 ) ) ;
#5651 = MECHANICAL_DESIGN_GEOMETRIC_PRESENTATION_REPRESENTATION (  '', ( #4184 ), #2352 ) ;
#5652 = DIRECTION ( 'NONE',  ( 0.0000000000000000000, 0.0000000000000000000, 1.000000000000000000 ) ) ;
#5653 = SURFACE_STYLE_USAGE ( .BOTH. , #1095 ) ;
#5654 = MECHANICAL_DESIGN_GEOMETRIC_PRESENTATION_REPRESENTATION (  '', ( #3103 ), #5526 ) ;
#5655 = VERTEX_POINT ( 'NONE', #5436 ) ;
#5656 = PRESENTATION_STYLE_ASSIGNMENT (( #3324 ) ) ;
#5657 = CARTESIAN_POINT ( 'NONE',  ( -0.1528146411127589976, -1.923597468397800103, -0.8172085837295768318 ) ) ;
#5658 = CARTESIAN_POINT ( 'NONE',  ( 0.4395356215117700027, -0.5314590448382480181, -1.322858166896750065 ) ) ;
#5659 = PLANE ( 'NONE',  #5682 ) ;
#5660 = CARTESIAN_POINT ( 'NONE',  ( -3.250000000000000444, 0.0000000000000000000, -0.2410714285714279925 ) ) ;
#5661 =( NAMED_UNIT ( * ) SI_UNIT ( $, .STERADIAN. ) SOLID_ANGLE_UNIT ( ) );
#5662 = DIRECTION ( 'NONE',  ( -1.000000000000000000, -9.920521475475729278E-32, -2.301490540124240083E-33 ) ) ;
#5663 = ORIENTED_EDGE ( 'NONE', *, *, #6341, .F. ) ;
#5664 = PRESENTATION_LAYER_ASSIGNMENT (  '', '', ( #1768 ) ) ;
#5665 = ORIENTED_EDGE ( 'NONE', *, *, #4542, .T. ) ;
#5666 = DIRECTION ( 'NONE',  ( 0.0000000000000000000, 0.0000000000000000000, 1.000000000000000000 ) ) ;
#5667 = CARTESIAN_POINT ( 'NONE',  ( -0.5000000000000000000, 3.000000000000000000, 3.061616997868384867E-17 ) ) ;
#5668 = DIRECTION ( 'NONE',  ( 0.0000000000000000000, 0.0000000000000000000, -1.000000000000000000 ) ) ;
#5669 = AXIS2_PLACEMENT_3D ( 'NONE', #2042, #6232, #984 ) ;
#5670 = FILL_AREA_STYLE ('',( #2159 ) ) ;
#5671 = FILL_AREA_STYLE ('',( #6333 ) ) ;
#5672 = SURFACE_SIDE_STYLE ('',( #6996 ) ) ;
#5673 = ORIENTED_EDGE ( 'NONE', *, *, #506, .T. ) ;
#5674 = ORIENTED_EDGE ( 'NONE', *, *, #5164, .F. ) ;
#5675 = CARTESIAN_POINT ( 'NONE',  ( -0.8848091125983511551, 2.399999999999998579, 1.195371941304530505 ) ) ;
#5676 = MECHANICAL_DESIGN_GEOMETRIC_PRESENTATION_REPRESENTATION (  '', ( #4815 ), #5431 ) ;
#5677 = AXIS2_PLACEMENT_3D ( 'NONE', #6037, #3135, #2551 ) ;
#5678 = PRESENTATION_LAYER_ASSIGNMENT (  '', '', ( #2255 ) ) ;
#5679 =( NAMED_UNIT ( * ) SI_UNIT ( $, .STERADIAN. ) SOLID_ANGLE_UNIT ( ) );
#5680 = ADVANCED_BREP_SHAPE_REPRESENTATION ( '', ( #6381, #5078 ), #7560 ) ;
#5681 = CARTESIAN_POINT ( 'NONE',  ( -0.8091253207244120116, 0.8712388980384687676, -0.6429203673205120539 ) ) ;
#5682 = AXIS2_PLACEMENT_3D ( 'NONE', #2767, #5879, #4492 ) ;
#5683 =( GEOMETRIC_REPRESENTATION_CONTEXT ( 3 ) GLOBAL_UNCERTAINTY_ASSIGNED_CONTEXT ( ( #7121 ) ) GLOBAL_UNIT_ASSIGNED_CONTEXT ( ( #5109, #6204, #1023 ) ) REPRESENTATION_CONTEXT ( 'NONE', 'WORKASPACE' ) );
#5684 = VECTOR ( 'NONE', #5768, 1000.000000000000000 ) ;
#5685 = ADVANCED_FACE ( 'NONE', ( #224 ), #3563, .F. ) ;
#5686 = PLANE ( 'NONE',  #5310 ) ;
#5687 = ADVANCED_FACE ( 'NONE', ( #1512 ), #921, .T. ) ;
#5688 = EDGE_LOOP ( 'NONE', ( #3009, #2686, #5117, #1381 ) ) ;
#5689 = DIRECTION ( 'NONE',  ( 0.0000000000000000000, 0.0000000000000000000, 1.000000000000000000 ) ) ;
#5690 = MECHANICAL_DESIGN_GEOMETRIC_PRESENTATION_REPRESENTATION (  '', ( #3370 ), #690 ) ;
#5691 = FILL_AREA_STYLE ('',( #5797 ) ) ;
#5692 = LINE ( 'NONE', #4452, #7410 ) ;
#5693 = EDGE_CURVE ( 'NONE', #2802, #4556, #353, .T. ) ;
#5694 =( GEOMETRIC_REPRESENTATION_CONTEXT ( 3 ) GLOBAL_UNCERTAINTY_ASSIGNED_CONTEXT ( ( #5947 ) ) GLOBAL_UNIT_ASSIGNED_CONTEXT ( ( #4170, #779, #3642 ) ) REPRESENTATION_CONTEXT ( 'NONE', 'WORKASPACE' ) );
#5695 = ORIENTED_EDGE ( 'NONE', *, *, #701, .F. ) ;
#5696 = SURFACE_STYLE_FILL_AREA ( #679 ) ;
#5697 = DIRECTION ( 'NONE',  ( -8.673617379884009834E-16, -1.000000000000000000, -8.881784197001250351E-16 ) ) ;
#5698 =( GEOMETRIC_REPRESENTATION_CONTEXT ( 3 ) GLOBAL_UNCERTAINTY_ASSIGNED_CONTEXT ( ( #5025 ) ) GLOBAL_UNIT_ASSIGNED_CONTEXT ( ( #4495, #2875, #570 ) ) REPRESENTATION_CONTEXT ( 'NONE', 'WORKASPACE' ) );
#5699 =( NAMED_UNIT ( * ) SI_UNIT ( $, .STERADIAN. ) SOLID_ANGLE_UNIT ( ) );
#5700 = PRESENTATION_STYLE_ASSIGNMENT (( #3328 ) ) ;
#5701 = CARTESIAN_POINT ( 'NONE',  ( 2.299999999999999822, 2.399999999999999911, -0.5000000000000000000 ) ) ;
#5702 = CARTESIAN_POINT ( 'NONE',  ( 0.01978828152361340395, 0.2709999999999980203, 3.548848938749070037 ) ) ;
#5703 = EDGE_LOOP ( 'NONE', ( #7201, #1884, #5665, #3738 ) ) ;
#5704 = LINE ( 'NONE', #6328, #4639 ) ;
#5705 = DIRECTION ( 'NONE',  ( -7.133526570659016373E-17, 0.0000000000000000000, -1.000000000000000000 ) ) ;
#5706 = DIRECTION ( 'NONE',  ( -1.000000000000000000, 0.0000000000000000000, 0.0000000000000000000 ) ) ;
#5707 = UNCERTAINTY_MEASURE_WITH_UNIT (LENGTH_MEASURE( 1.000000000000000082E-05 ), #5826, 'distance_accuracy_value', 'NONE');
#5708 = SURFACE_STYLE_USAGE ( .BOTH. , #5171 ) ;
#5709 = SURFACE_STYLE_FILL_AREA ( #3484 ) ;
#5710 = ORIENTED_EDGE ( 'NONE', *, *, #5224, .T. ) ;
#5711 = VERTEX_POINT ( 'NONE', #2681 ) ;
#5712 = SURFACE_STYLE_FILL_AREA ( #6853 ) ;
#5713 = FILL_AREA_STYLE_COLOUR ( '', #5285 ) ;
#5714 = FACE_OUTER_BOUND ( 'NONE', #4428, .T. ) ;
#5715 = PRODUCT_DEFINITION_CONTEXT ( 'detailed design', #2682, 'design' ) ;
#5716 = CARTESIAN_POINT ( 'NONE',  ( -0.009125320724409342540, 1.664928218426819928, -0.8429203673205130087 ) ) ;
#5717 = SURFACE_STYLE_FILL_AREA ( #1126 ) ;
#5718 = PRESENTATION_STYLE_ASSIGNMENT (( #4481 ) ) ;
#5719 = PLANE ( 'NONE',  #2214 ) ;
#5720 = EDGE_CURVE ( 'NONE', #366, #5575, #955, .T. ) ;
#5721 = EDGE_CURVE ( 'NONE', #2416, #328, #4924, .T. ) ;
#5722 = CARTESIAN_POINT ( 'NONE',  ( 0.2933925232982640963, 1.480076807177915788, -0.5000000000000001110 ) ) ;
#5723 = ORIENTED_EDGE ( 'NONE', *, *, #5547, .T. ) ;
#5724 = LINE ( 'NONE', #991, #2092 ) ;
#5725 = EDGE_CURVE ( 'NONE', #3830, #4060, #1558, .T. ) ;
#5726 = SURFACE_STYLE_USAGE ( .BOTH. , #3547 ) ;
#5727 = SURFACE_STYLE_FILL_AREA ( #1145 ) ;
#5728 = FILL_AREA_STYLE ('',( #6325 ) ) ;
#5729 = ORIENTED_EDGE ( 'NONE', *, *, #2007, .F. ) ;
#5730 = ORIENTED_EDGE ( 'NONE', *, *, #6966, .F. ) ;
#5731 = MECHANICAL_DESIGN_GEOMETRIC_PRESENTATION_REPRESENTATION (  '', ( #496 ), #2209 ) ;
#5732 = MECHANICAL_DESIGN_GEOMETRIC_PRESENTATION_REPRESENTATION (  '', ( #491 ), #5372 ) ;
#5733 = CARTESIAN_POINT ( 'NONE',  ( 0.1345639996639400038, 1.428821155232010032, 0.9636106726801670908 ) ) ;
#5734 = CARTESIAN_POINT ( 'NONE',  ( -0.8091253207244091250, 4.800000000000001599, 2.504564044855837185E-47 ) ) ;
#5735 = CIRCLE ( 'NONE', #3180, 1.000000000000000000 ) ;
#5736 =( NAMED_UNIT ( * ) PLANE_ANGLE_UNIT ( ) SI_UNIT ( $, .RADIAN. ) );
#5737 = SURFACE_STYLE_FILL_AREA ( #3486 ) ;
#5738 = ORIENTED_EDGE ( 'NONE', *, *, #2219, .F. ) ;
#5739 = MECHANICAL_DESIGN_GEOMETRIC_PRESENTATION_REPRESENTATION (  '', ( #3797 ), #7371 ) ;
#5740 = ORIENTED_EDGE ( 'NONE', *, *, #2650, .T. ) ;
#5741 = PRESENTATION_STYLE_ASSIGNMENT (( #7546 ) ) ;
#5742 = DIRECTION ( 'NONE',  ( 0.0000000000000000000, 0.0000000000000000000, 1.000000000000000000 ) ) ;
#5743 = COLOUR_RGB ( '',1.000000000000000000, 1.000000000000000000, 1.000000000000000000 ) ;
#5744 = AXIS2_PLACEMENT_3D ( 'NONE', #783, #3115, #5399 ) ;
#5745 =( NAMED_UNIT ( * ) SI_UNIT ( $, .STERADIAN. ) SOLID_ANGLE_UNIT ( ) );
#5746 = VECTOR ( 'NONE', #3665, 1000.000000000000000 ) ;
#5747 =( LENGTH_UNIT ( ) NAMED_UNIT ( * ) SI_UNIT ( .MILLI., .METRE. ) );
#5748 = VERTEX_POINT ( 'NONE', #3177 ) ;
#5749 = DIRECTION ( 'NONE',  ( -0.0000000000000000000, 0.0000000000000000000, -1.000000000000000000 ) ) ;
#5750 = SURFACE_STYLE_FILL_AREA ( #1088 ) ;
#5751 = MECHANICAL_DESIGN_GEOMETRIC_PRESENTATION_REPRESENTATION (  '', ( #5881 ), #6884 ) ;
#5752 = VERTEX_POINT ( 'NONE', #995 ) ;
#5753 = VECTOR ( 'NONE', #1060, 1000.000000000000000 ) ;
#5754 = COLOUR_RGB ( '',0.8666666666666666963, 0.8666666666666666963, 0.8666666666666666963 ) ;
#5755 = COLOUR_RGB ( '',0.8666666666666666963, 0.8666666666666666963, 0.8666666666666666963 ) ;
#5756 = PRESENTATION_STYLE_ASSIGNMENT (( #5074 ) ) ;
#5757 = DIRECTION ( 'NONE',  ( 0.0000000000000000000, -1.000000000000000000, -3.885780586188049864E-16 ) ) ;
#5758 = VECTOR ( 'NONE', #5476, 1000.000000000000000 ) ;
#5759 = LINE ( 'NONE', #2282, #1900 ) ;
#5760 =( NAMED_UNIT ( * ) PLANE_ANGLE_UNIT ( ) SI_UNIT ( $, .RADIAN. ) );
#5761 = PLANE ( 'NONE',  #6303 ) ;
#5762 = EDGE_CURVE ( 'NONE', #3534, #2607, #5506, .T. ) ;
#5763 = EDGE_CURVE ( 'NONE', #6572, #2397, #2728, .T. ) ;
#5764 = VECTOR ( 'NONE', #2546, 1000.000000000000000 ) ;
#5765 = VERTEX_POINT ( 'NONE', #4346 ) ;
#5766 =( NAMED_UNIT ( * ) PLANE_ANGLE_UNIT ( ) SI_UNIT ( $, .RADIAN. ) );
#5767 = VECTOR ( 'NONE', #6982, 1000.000000000000000 ) ;
#5768 = DIRECTION ( 'NONE',  ( -1.000000000000000000, 0.0000000000000000000, -0.0000000000000000000 ) ) ;
#5769 = CARTESIAN_POINT ( 'NONE',  ( -0.1528146411127589976, 2.700000000000000178, -1.949231046932160094 ) ) ;
#5770 = COLOUR_RGB ( '',0.0000000000000000000, 0.0000000000000000000, 1.000000000000000000 ) ;
#5771 = FACE_OUTER_BOUND ( 'NONE', #3994, .T. ) ;
#5772 = EDGE_CURVE ( 'NONE', #106, #5501, #5474, .T. ) ;
#5773 = ORIENTED_EDGE ( 'NONE', *, *, #230, .F. ) ;
#5774 =( LENGTH_UNIT ( ) NAMED_UNIT ( * ) SI_UNIT ( .MILLI., .METRE. ) );
#5775 = UNCERTAINTY_MEASURE_WITH_UNIT (LENGTH_MEASURE( 1.000000000000000082E-05 ), #5517, 'distance_accuracy_value', 'NONE');
#5776 = CARTESIAN_POINT ( 'NONE',  ( -0.009125320724409993062, -1.423597468397799881, -0.6832339875140134300 ) ) ;
#5777 = EDGE_CURVE ( 'NONE', #1057, #566, #7504, .T. ) ;
#5778 = VERTEX_POINT ( 'NONE', #6128 ) ;
#5779 = CARTESIAN_POINT ( 'NONE',  ( -0.1528146411127589976, 2.699999999999997513, -0.5429203673205119651 ) ) ;
#5780 = CARTESIAN_POINT ( 'NONE',  ( 0.4752165657325300163, -1.923597468397800103, 0.1827914162704289969 ) ) ;
#5781 = DIRECTION ( 'NONE',  ( 0.0000000000000000000, 0.0000000000000000000, -1.000000000000000000 ) ) ;
#5782 = AXIS2_PLACEMENT_3D ( 'NONE', #5303, #3497, #6418 ) ;
#5783 = MECHANICAL_DESIGN_GEOMETRIC_PRESENTATION_REPRESENTATION (  '', ( #4313 ), #4200 ) ;
#5784 =( GEOMETRIC_REPRESENTATION_CONTEXT ( 3 ) GLOBAL_UNCERTAINTY_ASSIGNED_CONTEXT ( ( #1522 ) ) GLOBAL_UNIT_ASSIGNED_CONTEXT ( ( #2978, #6463, #3538 ) ) REPRESENTATION_CONTEXT ( 'NONE', 'WORKASPACE' ) );
#5785 = UNCERTAINTY_MEASURE_WITH_UNIT (LENGTH_MEASURE( 1.000000000000000082E-05 ), #987, 'distance_accuracy_value', 'NONE');
#5786 = CARTESIAN_POINT ( 'NONE',  ( 1.406253083519913849, 2.342467299939957392, 0.4482915149229063645 ) ) ;
#5787 = LINE ( 'NONE', #6931, #1656 ) ;
#5788 = ORIENTED_EDGE ( 'NONE', *, *, #6827, .T. ) ;
#5789 = SURFACE_SIDE_STYLE ('',( #5717 ) ) ;
#5790 = STYLED_ITEM ( 'NONE', ( #6935 ), #4642 ) ;
#5791 = MECHANICAL_DESIGN_GEOMETRIC_PRESENTATION_REPRESENTATION (  '', ( #6048 ), #4086 ) ;
#5792 = STYLED_ITEM ( 'NONE', ( #958 ), #4083 ) ;
#5793 = EDGE_LOOP ( 'NONE', ( #6336, #7558, #4890, #7082, #6825 ) ) ;
#5794 = SURFACE_SIDE_STYLE ('',( #1131 ) ) ;
#5795 = VECTOR ( 'NONE', #74, 1000.000000000000000 ) ;
#5796 = STYLED_ITEM ( 'NONE', ( #6046 ), #4352 ) ;
#5797 = FILL_AREA_STYLE_COLOUR ( '', #4647 ) ;
#5798 = FILL_AREA_STYLE_COLOUR ( '', #2987 ) ;
#5799 = CARTESIAN_POINT ( 'NONE',  ( -1.009430824932683990, 3.328999999999996628, -3.778205454138658048 ) ) ;
#5800 =( LENGTH_UNIT ( ) NAMED_UNIT ( * ) SI_UNIT ( .MILLI., .METRE. ) );
#5801 = CARTESIAN_POINT ( 'NONE',  ( -0.1528146411127589976, 1.521921473114909995, -1.353677423306480110 ) ) ;
#5802 = AXIS2_PLACEMENT_3D ( 'NONE', #1557, #3756, #3174 ) ;
#5803 = COLOUR_RGB ( '',0.8666666666666666963, 0.8666666666666666963, 0.8666666666666666963 ) ;
#5804 = APPLICATION_CONTEXT ( 'automotive_design' ) ;
#5805 =( GEOMETRIC_REPRESENTATION_CONTEXT ( 3 ) GLOBAL_UNCERTAINTY_ASSIGNED_CONTEXT ( ( #2264 ) ) GLOBAL_UNIT_ASSIGNED_CONTEXT ( ( #4378, #280, #7298 ) ) REPRESENTATION_CONTEXT ( 'NONE', 'WORKASPACE' ) );
#5806 = VERTEX_POINT ( 'NONE', #881 ) ;
#5807 = CARTESIAN_POINT ( 'NONE',  ( 0.5000000000000007772, 2.399999999999999911, -1.396424004376893624 ) ) ;
#5808 =( LENGTH_UNIT ( ) NAMED_UNIT ( * ) SI_UNIT ( .MILLI., .METRE. ) );
#5809 = DIRECTION ( 'NONE',  ( 0.0000000000000000000, 0.0000000000000000000, 1.000000000000000000 ) ) ;
#5810 = COLOUR_RGB ( '',0.7921568627450980005, 0.8196078431372548767, 0.9333333333333333481 ) ;
#5811 = CARTESIAN_POINT ( 'NONE',  ( 0.1345639996639400038, 0.7936893203883480519, 0.2000000000000000111 ) ) ;
#5812 = CARTESIAN_POINT ( 'NONE',  ( 0.7908746792755899646, -0.5314590448382480181, -1.322858166896750065 ) ) ;
#5813 = CARTESIAN_POINT ( 'NONE',  ( -2.109125320724409836, -0.4999999999999970024, -2.042920367320499864 ) ) ;
#5814 = ORIENTED_EDGE ( 'NONE', *, *, #3721, .T. ) ;
#5815 = PRODUCT_DEFINITION_FORMATION_WITH_SPECIFIED_SOURCE ( 'ANY', '', #4517, .NOT_KNOWN. ) ;
#5816 = CARTESIAN_POINT ( 'NONE',  ( -2.142428528562859924, 0.0000000000000000000, 2.100000000000000089 ) ) ;
#5817 = FILL_AREA_STYLE_COLOUR ( '', #1724 ) ;
#5818 = EDGE_CURVE ( 'NONE', #1180, #1397, #2768, .T. ) ;
#5819 = EDGE_CURVE ( 'NONE', #1975, #18, #5160, .T. ) ;
#5820 = DIRECTION ( 'NONE',  ( 0.0000000000000000000, -0.5000000000000009992, 0.8660254037844380415 ) ) ;
#5821 = LINE ( 'NONE', #6956, #4525 ) ;
#5822 = FILL_AREA_STYLE_COLOUR ( '', #2396 ) ;
#5823 = ORIENTED_EDGE ( 'NONE', *, *, #6780, .T. ) ;
#5824 = ORIENTED_EDGE ( 'NONE', *, *, #2751, .F. ) ;
#5825 = DIRECTION ( 'NONE',  ( 1.000000000000000000, 0.0000000000000000000, -0.0000000000000000000 ) ) ;
#5826 =( LENGTH_UNIT ( ) NAMED_UNIT ( * ) SI_UNIT ( .MILLI., .METRE. ) );
#5827 =( NAMED_UNIT ( * ) SI_UNIT ( $, .STERADIAN. ) SOLID_ANGLE_UNIT ( ) );
#5828 = CARTESIAN_POINT ( 'NONE',  ( -0.009125320724409342540, 0.6212388980384707660, -0.6027279884558452983 ) ) ;
#5829 = FILL_AREA_STYLE ('',( #3448 ) ) ;
#5830 = ORIENTED_EDGE ( 'NONE', *, *, #7213, .F. ) ;
#5831 =( LENGTH_UNIT ( ) NAMED_UNIT ( * ) SI_UNIT ( .MILLI., .METRE. ) );
#5832 = ORIENTED_EDGE ( 'NONE', *, *, #6663, .T. ) ;
#5833 = PLANE ( 'NONE',  #3083 ) ;
#5834 = EDGE_CURVE ( 'NONE', #477, #545, #3, .T. ) ;
#5835 = SURFACE_STYLE_FILL_AREA ( #2182 ) ;
#5836 = LINE ( 'NONE', #5918, #163 ) ;
#5837 = LINE ( 'NONE', #4044, #4921 ) ;
#5838 = SURFACE_SIDE_STYLE ('',( #6588 ) ) ;
#5839 = CARTESIAN_POINT ( 'NONE',  ( 0.02163548006626800010, 2.600000000000000533, -0.5429203673205119651 ) ) ;
#5840 = PRESENTATION_STYLE_ASSIGNMENT (( #3505 ) ) ;
#5841 = EDGE_LOOP ( 'NONE', ( #935, #249, #4681, #4480 ) ) ;
#5842 = SURFACE_SIDE_STYLE ('',( #3507 ) ) ;
#5843 = SURFACE_STYLE_FILL_AREA ( #1220 ) ;
#5844 = DIRECTION ( 'NONE',  ( 1.000000000000000000, -0.0000000000000000000, -0.0000000000000000000 ) ) ;
#5845 = FACE_OUTER_BOUND ( 'NONE', #3214, .T. ) ;
#5846 = FACE_OUTER_BOUND ( 'NONE', #6257, .T. ) ;
#5847 = APPLICATION_PROTOCOL_DEFINITION ( 'draft international standard', 'automotive_design', 1998, #5804 ) ;
#5848 = ORIENTED_EDGE ( 'NONE', *, *, #4780, .T. ) ;
#5849 = CARTESIAN_POINT ( 'NONE',  ( 0.0000000000000000000, 1.800000000000000266, -0.4909999999999999920 ) ) ;
#5850 =( NAMED_UNIT ( * ) SI_UNIT ( $, .STERADIAN. ) SOLID_ANGLE_UNIT ( ) );
#5851 = SURFACE_STYLE_FILL_AREA ( #5241 ) ;
#5852 = UNCERTAINTY_MEASURE_WITH_UNIT (LENGTH_MEASURE( 1.000000000000000082E-05 ), #3201, 'distance_accuracy_value', 'NONE');
#5853 = MECHANICAL_DESIGN_GEOMETRIC_PRESENTATION_REPRESENTATION (  '', ( #7112 ), #4494 ) ;
#5854 = LINE ( 'NONE', #6992, #2573 ) ;
#5855 = DIRECTION ( 'NONE',  ( 0.0000000000000000000, -0.0000000000000000000, 1.000000000000000000 ) ) ;
#5856 = ORIENTED_EDGE ( 'NONE', *, *, #6730, .F. ) ;
#5857 = PRESENTATION_LAYER_ASSIGNMENT (  '', '', ( #5246 ) ) ;
#5858 = EDGE_CURVE ( 'NONE', #407, #663, #1029, .T. ) ;
#5859 = ORIENTED_EDGE ( 'NONE', *, *, #5164, .T. ) ;
#5860 = ADVANCED_FACE ( 'NONE', ( #3369 ), #1104, .T. ) ;
#5861 = DIRECTION ( 'NONE',  ( 0.0000000000000000000, -0.0000000000000000000, 1.000000000000000000 ) ) ;
#5862 = SURFACE_STYLE_USAGE ( .BOTH. , #4510 ) ;
#5863 = UNCERTAINTY_MEASURE_WITH_UNIT (LENGTH_MEASURE( 1.000000000000000082E-05 ), #5116, 'distance_accuracy_value', 'NONE');
#5864 = UNCERTAINTY_MEASURE_WITH_UNIT (LENGTH_MEASURE( 1.000000000000000082E-05 ), #6598, 'distance_accuracy_value', 'NONE');
#5865 = AXIS2_PLACEMENT_3D ( 'NONE', #7133, #35, #2357 ) ;
#5866 = AXIS2_PLACEMENT_3D ( 'NONE', #700, #6525, #5356 ) ;
#5867 = DIRECTION ( 'NONE',  ( 0.0000000000000000000, 0.8660254037844391517, 0.4999999999999991118 ) ) ;
#5868 = ORIENTED_EDGE ( 'NONE', *, *, #2414, .T. ) ;
#5869 = VECTOR ( 'NONE', #7429, 1000.000000000000000 ) ;
#5870 = CARTESIAN_POINT ( 'NONE',  ( 0.0000000000000000000, 0.0000000000000000000, -0.4909999999999999920 ) ) ;
#5871 = ORIENTED_EDGE ( 'NONE', *, *, #3485, .F. ) ;
#5872 = VERTEX_POINT ( 'NONE', #2909 ) ;
#5873 = ADVANCED_FACE ( 'NONE', ( #4573 ), #3471, .F. ) ;
#5874 = AXIS2_PLACEMENT_3D ( 'NONE', #5925, #692, #3021 ) ;
#5875 = FACE_OUTER_BOUND ( 'NONE', #2086, .T. ) ;
#5876 = CARTESIAN_POINT ( 'NONE',  ( 0.5000000000000000000, 1.700000000000000178, -0.7874007874011802466 ) ) ;
#5877 = VECTOR ( 'NONE', #1791, 1000.000000000000000 ) ;
#5878 = VECTOR ( 'NONE', #647, 1000.000000000000000 ) ;
#5879 = DIRECTION ( 'NONE',  ( 0.0000000000000000000, -1.000000000000000000, -1.715124499442879932E-15 ) ) ;
#5880 =( NAMED_UNIT ( * ) PLANE_ANGLE_UNIT ( ) SI_UNIT ( $, .RADIAN. ) );
#5881 = STYLED_ITEM ( 'NONE', ( #348 ), #2179 ) ;
#5882 = DIRECTION ( 'NONE',  ( 0.0000000000000000000, 1.776356839400250070E-15, -1.000000000000000000 ) ) ;
#5883 = PRESENTATION_LAYER_ASSIGNMENT (  '', '', ( #2581 ) ) ;
#5884 = VERTEX_POINT ( 'NONE', #7025 ) ;
#5885 = VECTOR ( 'NONE', #4004, 1000.000000000000000 ) ;
#5886 = EDGE_CURVE ( 'NONE', #1290, #1197, #1774, .T. ) ;
#5887 =( GEOMETRIC_REPRESENTATION_CONTEXT ( 3 ) GLOBAL_UNCERTAINTY_ASSIGNED_CONTEXT ( ( #821 ) ) GLOBAL_UNIT_ASSIGNED_CONTEXT ( ( #1839, #3093, #4714 ) ) REPRESENTATION_CONTEXT ( 'NONE', 'WORKASPACE' ) );
#5888 = PRESENTATION_LAYER_ASSIGNMENT (  '', '', ( #878 ) ) ;
#5889 = LINE ( 'NONE', #2, #3847 ) ;
#5890 =( NAMED_UNIT ( * ) SI_UNIT ( $, .STERADIAN. ) SOLID_ANGLE_UNIT ( ) );
#5891 = CARTESIAN_POINT ( 'NONE',  ( -0.5000000000000000000, 0.0000000000000000000, 2.000000000000000000 ) ) ;
#5892 = CARTESIAN_POINT ( 'NONE',  ( -0.1528146411127589976, 1.664928218426819928, -0.6429203673205130531 ) ) ;
#5893 = PRESENTATION_LAYER_ASSIGNMENT (  '', '', ( #637 ) ) ;
#5894 = PRODUCT_CONTEXT ( 'NONE', #725, 'mechanical' ) ;
#5895 = AXIS2_PLACEMENT_3D ( 'NONE', #5617, #6802, #4461 ) ;
#5896 = ORIENTED_EDGE ( 'NONE', *, *, #2172, .T. ) ;
#5897 = DIRECTION ( 'NONE',  ( 0.0000000000000000000, 0.0000000000000000000, 1.000000000000000000 ) ) ;
#5898 = FACE_OUTER_BOUND ( 'NONE', #312, .T. ) ;
#5899 = PRESENTATION_LAYER_ASSIGNMENT (  '', '', ( #2599 ) ) ;
#5900 =( BOUNDED_SURFACE ( )  B_SPLINE_SURFACE ( 3, 3, ( 
 ( #7092, #7211, #4791, #6500 ),
 ( #1948, #5915, #4114, #1250 ),
 ( #3010, #5341, #4253, #1372 ),
 ( #6546, #117, #3701, #4748 ) ),
 .UNSPECIFIED., .F., .F., .F. ) 
 B_SPLINE_SURFACE_WITH_KNOTS ( ( 4, 4 ),
 ( 4, 4 ),
 ( 0.0000000000000000000, 1.000000000000000000 ),
 ( 0.0000000000000000000, 1.000000000000000000 ),
 .UNSPECIFIED. ) 
 GEOMETRIC_REPRESENTATION_ITEM ( )  RATIONAL_B_SPLINE_SURFACE ( (
 ( 1.000000000000000000, 0.9394481812909188934, 0.9394481812909188934, 1.000000000000000000),
 ( 0.6513273347100665411, 0.6118882800184336501, 0.6118882800184336501, 0.6513273347100665411),
 ( 0.6513273347100665411, 0.6118882800184336501, 0.6118882800184336501, 0.6513273347100665411),
 ( 1.000000000000000000, 0.9394481812909188934, 0.9394481812909188934, 1.000000000000000000) ) ) 
 REPRESENTATION_ITEM ( '' )  SURFACE ( )  );
#5901 = SURFACE_STYLE_USAGE ( .BOTH. , #3143 ) ;
#5902 = DIRECTION ( 'NONE',  ( 0.0000000000000000000, 0.0000000000000000000, -1.000000000000000000 ) ) ;
#5903 = VERTEX_POINT ( 'NONE', #2183 ) ;
#5904 = COLOUR_RGB ( '',0.8666666666666666963, 0.8666666666666666963, 0.8666666666666666963 ) ;
#5905 = ORIENTED_EDGE ( 'NONE', *, *, #5916, .T. ) ;
#5906 = SURFACE_STYLE_FILL_AREA ( #3568 ) ;
#5907 = CARTESIAN_POINT ( 'NONE',  ( 0.3472796854691360124, -2.194836366436272446, 0.1596863798065051299 ) ) ;
#5908 = CARTESIAN_POINT ( 'NONE',  ( -0.7196857906303470997, 1.656920060374755810, 1.633774118458988900 ) ) ;
#5909 = ORIENTED_EDGE ( 'NONE', *, *, #2529, .T. ) ;
#5910 = LINE ( 'NONE', #1169, #6047 ) ;
#5911 = DIRECTION ( 'NONE',  ( 0.0000000000000000000, 1.000000000000000000, 0.0000000000000000000 ) ) ;
#5912 = ORIENTED_EDGE ( 'NONE', *, *, #3034, .F. ) ;
#5913 = AXIS2_PLACEMENT_3D ( 'NONE', #3904, #3252, #5652 ) ;
#5914 = MECHANICAL_DESIGN_GEOMETRIC_PRESENTATION_REPRESENTATION (  '', ( #1651 ), #1150 ) ;
#5915 = CARTESIAN_POINT ( 'NONE',  ( 0.7196857906303476549, 1.252524729407414661, -1.191390688664961450 ) ) ;
#5916 = EDGE_CURVE ( 'NONE', #3455, #3125, #6504, .T. ) ;
#5917 = ADVANCED_FACE ( 'NONE', ( #1961 ), #723, .T. ) ;
#5918 = CARTESIAN_POINT ( 'NONE',  ( -0.01978828152361089901, -0.8026979428767213598, 0.3860876042082014847 ) ) ;
#5919 =( GEOMETRIC_REPRESENTATION_CONTEXT ( 3 ) GLOBAL_UNCERTAINTY_ASSIGNED_CONTEXT ( ( #1051 ) ) GLOBAL_UNIT_ASSIGNED_CONTEXT ( ( #345, #4443, #6706 ) ) REPRESENTATION_CONTEXT ( 'NONE', 'WORKASPACE' ) );
#5920 = DIRECTION ( 'NONE',  ( 0.0000000000000000000, -0.8660254037844390407, 0.4999999999999991673 ) ) ;
#5921 = ORIENTED_EDGE ( 'NONE', *, *, #4842, .F. ) ;
#5922 = VERTEX_POINT ( 'NONE', #3509 ) ;
#5923 = VECTOR ( 'NONE', #2431, 1000.000000000000000 ) ;
#5924 = MECHANICAL_DESIGN_GEOMETRIC_PRESENTATION_REPRESENTATION (  '', ( #211 ), #6425 ) ;
#5925 = CARTESIAN_POINT ( 'NONE',  ( 0.4999999999999998890, 3.000000000000000000, -3.061616997868384251E-17 ) ) ;
#5926 = CARTESIAN_POINT ( 'NONE',  ( 2.000000000000000000, 0.0000000000000000000, -3.000000000000000000 ) ) ;
#5927 = FILL_AREA_STYLE_COLOUR ( '', #2986 ) ;
#5928 = LINE ( 'NONE', #7188, #5319 ) ;
#5929 = PRESENTATION_LAYER_ASSIGNMENT (  '', '', ( #6815 ) ) ;
#5930 = SURFACE_STYLE_FILL_AREA ( #6519 ) ;
#5931 = STYLED_ITEM ( 'NONE', ( #2365 ), #7402 ) ;
#5932 = APPLICATION_PROTOCOL_DEFINITION ( 'draft international standard', 'automotive_design', 1998, #3450 ) ;
#5933 = ORIENTED_EDGE ( 'NONE', *, *, #5819, .T. ) ;
#5934 = FACE_OUTER_BOUND ( 'NONE', #4530, .T. ) ;
#5935 = DIRECTION ( 'NONE',  ( -1.000000000000000000, -0.0000000000000000000, -0.0000000000000000000 ) ) ;
#5936 =( GEOMETRIC_REPRESENTATION_CONTEXT ( 3 ) GLOBAL_UNCERTAINTY_ASSIGNED_CONTEXT ( ( #6962 ) ) GLOBAL_UNIT_ASSIGNED_CONTEXT ( ( #6763, #5003, #2114 ) ) REPRESENTATION_CONTEXT ( 'NONE', 'WORKASPACE' ) );
#5937 = UNCERTAINTY_MEASURE_WITH_UNIT (LENGTH_MEASURE( 1.000000000000000082E-05 ), #251, 'distance_accuracy_value', 'NONE');
#5938 = DIRECTION ( 'NONE',  ( 1.000000000000000000, 0.0000000000000000000, 0.0000000000000000000 ) ) ;
#5939 = DIRECTION ( 'NONE',  ( 0.0000000000000000000, 0.0000000000000000000, 1.000000000000000000 ) ) ;
#5940 =( NAMED_UNIT ( * ) PLANE_ANGLE_UNIT ( ) SI_UNIT ( $, .RADIAN. ) );
#5941 = VERTEX_POINT ( 'NONE', #4201 ) ;
#5942 =( GEOMETRIC_REPRESENTATION_CONTEXT ( 3 ) GLOBAL_UNCERTAINTY_ASSIGNED_CONTEXT ( ( #1532 ) ) GLOBAL_UNIT_ASSIGNED_CONTEXT ( ( #5477, #6213, #845 ) ) REPRESENTATION_CONTEXT ( 'NONE', 'WORKASPACE' ) );
#5943 = ORIENTED_EDGE ( 'NONE', *, *, #1236, .F. ) ;
#5944 =( NAMED_UNIT ( * ) SI_UNIT ( $, .STERADIAN. ) SOLID_ANGLE_UNIT ( ) );
#5945 =( NAMED_UNIT ( * ) PLANE_ANGLE_UNIT ( ) SI_UNIT ( $, .RADIAN. ) );
#5946 = CARTESIAN_POINT ( 'NONE',  ( 0.7908746792755912969, 5.671238898038470033, -0.8429203673205147851 ) ) ;
#5947 = UNCERTAINTY_MEASURE_WITH_UNIT (LENGTH_MEASURE( 1.000000000000000082E-05 ), #4170, 'distance_accuracy_value', 'NONE');
#5948 = UNCERTAINTY_MEASURE_WITH_UNIT (LENGTH_MEASURE( 1.000000000000000082E-05 ), #6593, 'distance_accuracy_value', 'NONE');
#5949 = CARTESIAN_POINT ( 'NONE',  ( -1.406253083519913627, 2.494631486945854348, 0.6147497051756636299 ) ) ;
#5950 = DIRECTION ( 'NONE',  ( 1.000000000000000000, -0.0000000000000000000, 0.0000000000000000000 ) ) ;
#5951 = CARTESIAN_POINT ( 'NONE',  ( -1.500000000000000000, 2.399999999999999911, 1.800000000000000266 ) ) ;
#5952 = CARTESIAN_POINT ( 'NONE',  ( -2.142428528562859924, 0.0000000000000000000, 2.100000000000000089 ) ) ;
#5953 = SURFACE_STYLE_USAGE ( .BOTH. , #1711 ) ;
#5954 = FACE_OUTER_BOUND ( 'NONE', #3886, .T. ) ;
#5955 = PLANE ( 'NONE',  #4967 ) ;
#5956 =( LENGTH_UNIT ( ) NAMED_UNIT ( * ) SI_UNIT ( .MILLI., .METRE. ) );
#5957 =( BOUNDED_CURVE ( )  B_SPLINE_CURVE ( 3, ( #3630, #1265, #3591, #171 ),
 .UNSPECIFIED., .F., .F. ) 
 B_SPLINE_CURVE_WITH_KNOTS ( ( 4, 4 ),
 ( 0.0000000000000000000, 0.5000000000000000000 ),
 .UNSPECIFIED. ) 
 CURVE ( )  GEOMETRIC_REPRESENTATION_ITEM ( )  RATIONAL_B_SPLINE_CURVE ( ( 1.000000000000000000, 0.3333333333333333703, 0.3333333333333333703, 1.000000000000000000 ) ) 
 REPRESENTATION_ITEM ( '' )  );
#5958 = SURFACE_SIDE_STYLE ('',( #1720 ) ) ;
#5959 = ORIENTED_EDGE ( 'NONE', *, *, #5488, .F. ) ;
#5960 = EDGE_CURVE ( 'NONE', #7239, #5059, #2485, .T. ) ;
#5961 = ORIENTED_EDGE ( 'NONE', *, *, #4834, .F. ) ;
#5962 = ADVANCED_FACE ( 'NONE', ( #6470 ), #1930, .F. ) ;
#5963 = CLOSED_SHELL ( 'NONE', ( #3169, #2610, #1394, #3953, #4496, #7370, #2690, #3131, #7582, #2237, #4354, #136, #651, #1101, #7016, #739, #586, #7457, #7422, #4131, #1490, #5873, #594, #7214, #7400, #362, #4541, #6693, #2131, #2772, #1450, #5415, #5352, #6264, #3027, #5042 ) ) ;
#5964 = CARTESIAN_POINT ( 'NONE',  ( 0.4752165657325300163, -1.423597468397799659, -0.6832339875140144292 ) ) ;
#5965 = B_SPLINE_CURVE_WITH_KNOTS ( 'NONE', 3,
 ( #4011, #527, #4080, #3423, #3503, #6429, #3982, #3398, #6383, #5722, #6974, #1176, #488, #562 ),
 .UNSPECIFIED., .F., .F.,
 ( 4, 2, 2, 2, 2, 2, 4 ),
 ( 2.168404344971008868E-19, 0.0004404578460996694408, 0.0008809156921993381226, 0.001321373538299006967, 0.001761831384398675595, 0.002642747076598013500, 0.003523662768797350756 ),
 .UNSPECIFIED. ) ;
#5966 = SURFACE_STYLE_FILL_AREA ( #1313 ) ;
#5967 = SHAPE_DEFINITION_REPRESENTATION ( #1430, #6444 ) ;
#5968 = ORIENTED_EDGE ( 'NONE', *, *, #3253, .T. ) ;
#5969 = EDGE_CURVE ( 'NONE', #6406, #1847, #7068, .T. ) ;
#5970 = CARTESIAN_POINT ( 'NONE',  ( -0.009125320724409993062, -1.523597468397799304, -0.5100289067571266433 ) ) ;
#5971 = DIRECTION ( 'NONE',  ( 0.0000000000000000000, -1.000000000000000000, -0.0000000000000000000 ) ) ;
#5972 = CARTESIAN_POINT ( 'NONE',  ( -0.009125320724409587136, 1.621921473114910306, -1.180472342549589992 ) ) ;
#5973 = VERTEX_POINT ( 'NONE', #213 ) ;
#5974 = ORIENTED_EDGE ( 'NONE', *, *, #4281, .T. ) ;
#5975 = EDGE_CURVE ( 'NONE', #1987, #2187, #7222, .T. ) ;
#5976 = FACE_OUTER_BOUND ( 'NONE', #6214, .T. ) ;
#5977 = FACE_OUTER_BOUND ( 'NONE', #2810, .T. ) ;
#5978 = FILL_AREA_STYLE_COLOUR ( '', #2834 ) ;
#5979 = LINE ( 'NONE', #5580, #1416 ) ;
#5980 = CARTESIAN_POINT ( 'NONE',  ( 0.7908746792755899646, 0.6212388980384702108, -0.6027279884558425227 ) ) ;
#5981 = DIRECTION ( 'NONE',  ( -0.0000000000000000000, -1.000000000000000000, -0.0000000000000000000 ) ) ;
#5982 = DIRECTION ( 'NONE',  ( 0.0000000000000000000, 0.0000000000000000000, 1.000000000000000000 ) ) ;
#5983 = COLOUR_RGB ( '',0.8666666666666666963, 0.8666666666666666963, 0.8666666666666666963 ) ;
#5984 = EDGE_LOOP ( 'NONE', ( #2699, #5304, #4110, #1128 ) ) ;
#5985 = ORIENTED_EDGE ( 'NONE', *, *, #2976, .F. ) ;
#5986 = SURFACE_SIDE_STYLE ('',( #3655 ) ) ;
#5987 = VECTOR ( 'NONE', #2109, 1000.000000000000000 ) ;
#5988 = AXIS2_PLACEMENT_3D ( 'NONE', #1075, #5208, #1113 ) ;
#5989 =( NAMED_UNIT ( * ) SI_UNIT ( $, .STERADIAN. ) SOLID_ANGLE_UNIT ( ) );
#5990 = MECHANICAL_DESIGN_GEOMETRIC_PRESENTATION_REPRESENTATION (  '', ( #7245 ), #3924 ) ;
#5991 = SURFACE_STYLE_FILL_AREA ( #2313 ) ;
#5992 = LINE ( 'NONE', #158, #2495 ) ;
#5993 = SURFACE_STYLE_USAGE ( .BOTH. , #3051 ) ;
#5994 = FILL_AREA_STYLE ('',( #7289 ) ) ;
#5995 = LINE ( 'NONE', #764, #6979 ) ;
#5996 = CIRCLE ( 'NONE', #4512, 1.199999999999999956 ) ;
#5997 = EDGE_LOOP ( 'NONE', ( #2433, #1757, #1798, #2653 ) ) ;
#5998 = VECTOR ( 'NONE', #6337, 1000.000000000000000 ) ;
#5999 = COLOUR_RGB ( '',1.000000000000000000, 1.000000000000000000, 1.000000000000000000 ) ;
#6000 = ORIENTED_EDGE ( 'NONE', *, *, #6352, .F. ) ;
#6001 =( NAMED_UNIT ( * ) SI_UNIT ( $, .STERADIAN. ) SOLID_ANGLE_UNIT ( ) );
#6002 = VECTOR ( 'NONE', #6081, 1000.000000000000000 ) ;
#6003 = FILL_AREA_STYLE_COLOUR ( '', #5010 ) ;
#6004 = COLOUR_RGB ( '',0.0000000000000000000, 0.0000000000000000000, 1.000000000000000000 ) ;
#6005 = EDGE_CURVE ( 'NONE', #3843, #3986, #4722, .T. ) ;
#6006 = CARTESIAN_POINT ( 'NONE',  ( -0.1528146411127589976, 1.664928218426819928, -0.8429203673205130087 ) ) ;
#6007 = FILL_AREA_STYLE ('',( #4841 ) ) ;
#6008 = ADVANCED_FACE ( 'NONE', ( #5530 ), #6787, .F. ) ;
#6009 =( NAMED_UNIT ( * ) PLANE_ANGLE_UNIT ( ) SI_UNIT ( $, .RADIAN. ) );
#6010 = AXIS2_PLACEMENT_3D ( 'NONE', #3500, #7521, #5689 ) ;
#6011 = VERTEX_POINT ( 'NONE', #1423 ) ;
#6012 = SURFACE_STYLE_USAGE ( .BOTH. , #3028 ) ;
#6013 = VECTOR ( 'NONE', #2567, 1000.000000000000000 ) ;
#6014 = UNCERTAINTY_MEASURE_WITH_UNIT (LENGTH_MEASURE( 1.000000000000000082E-05 ), #1144, 'distance_accuracy_value', 'NONE');
#6015 = AXIS2_PLACEMENT_3D ( 'NONE', #7043, #3081, #7160 ) ;
#6016 = EDGE_CURVE ( 'NONE', #502, #1109, #2672, .T. ) ;
#6017 = PRESENTATION_LAYER_ASSIGNMENT (  '', '', ( #2845 ) ) ;
#6018 = ORIENTED_EDGE ( 'NONE', *, *, #467, .T. ) ;
#6019 = ORIENTED_EDGE ( 'NONE', *, *, #4451, .F. ) ;
#6020 = AXIS2_PLACEMENT_3D ( 'NONE', #4932, #6609, #6137 ) ;
#6021 = CARTESIAN_POINT ( 'NONE',  ( -2.400000000000000355, 0.0000000000000000000, 1.799999999999999822 ) ) ;
#6022 = CARTESIAN_POINT ( 'NONE',  ( -2.019788281523609896, 3.328999999999989967, -4.142920367320510167 ) ) ;
#6023 = UNCERTAINTY_MEASURE_WITH_UNIT (LENGTH_MEASURE( 1.000000000000000082E-05 ), #4862, 'distance_accuracy_value', 'NONE');
#6024 = SURFACE_SIDE_STYLE ('',( #143 ) ) ;
#6025 = EDGE_CURVE ( 'NONE', #2734, #4349, #7372, .T. ) ;
#6026 = CIRCLE ( 'NONE', #3951, 0.2000000000000000111 ) ;
#6027 = DIRECTION ( 'NONE',  ( 0.0000000000000000000, 0.0000000000000000000, -1.000000000000000000 ) ) ;
#6028 =( LENGTH_UNIT ( ) NAMED_UNIT ( * ) SI_UNIT ( .MILLI., .METRE. ) );
#6029 = FILL_AREA_STYLE ('',( #1810 ) ) ;
#6030 = ORIENTED_EDGE ( 'NONE', *, *, #6340, .F. ) ;
#6031 = ORIENTED_EDGE ( 'NONE', *, *, #6397, .T. ) ;
#6032 =( NAMED_UNIT ( * ) SI_UNIT ( $, .STERADIAN. ) SOLID_ANGLE_UNIT ( ) );
#6033 = VECTOR ( 'NONE', #7061, 1000.000000000000114 ) ;
#6034 = FILL_AREA_STYLE ('',( #1376 ) ) ;
#6035 = FILL_AREA_STYLE ('',( #5014 ) ) ;
#6036 = FILL_AREA_STYLE_COLOUR ( '', #1285 ) ;
#6037 = CARTESIAN_POINT ( 'NONE',  ( -0.009125320724410102349, -1.923597468397800103, 0.1827914162704289969 ) ) ;
#6038 =( LENGTH_UNIT ( ) NAMED_UNIT ( * ) SI_UNIT ( .MILLI., .METRE. ) );
#6039 = LINE ( 'NONE', #2552, #4256 ) ;
#6040 = PRESENTATION_LAYER_ASSIGNMENT (  '', '', ( #418 ) ) ;
#6041 = ORIENTED_EDGE ( 'NONE', *, *, #4596, .F. ) ;
#6042 = ORIENTED_EDGE ( 'NONE', *, *, #3401, .F. ) ;
#6043 = LINE ( 'NONE', #2594, #6002 ) ;
#6044 = AXIS2_PLACEMENT_3D ( 'NONE', #6855, #3239, #5562 ) ;
#6045 = SURFACE_STYLE_FILL_AREA ( #6712 ) ;
#6046 = PRESENTATION_STYLE_ASSIGNMENT (( #5430 ) ) ;
#6047 = VECTOR ( 'NONE', #4185, 1000.000000000000000 ) ;
#6048 = STYLED_ITEM ( 'NONE', ( #160 ), #7016 ) ;
#6049 = CIRCLE ( 'NONE', #1410, 1.212070382921480061 ) ;
#6050 = VERTEX_POINT ( 'NONE', #870 ) ;
#6051 = SURFACE_STYLE_FILL_AREA ( #2488 ) ;
#6052 = CARTESIAN_POINT ( 'NONE',  ( -0.1528146411127589976, 5.000000000000009770, 4.163390312291140205 ) ) ;
#6053 = PRODUCT_RELATED_PRODUCT_CATEGORY ( 'part', '', ( #5629 ) ) ;
#6054 = DIRECTION ( 'NONE',  ( -0.0000000000000000000, -0.0000000000000000000, 1.000000000000000000 ) ) ;
#6055 = CARTESIAN_POINT ( 'NONE',  ( 1.500000000000000000, 0.0000000000000000000, 2.100000000000000089 ) ) ;
#6056 = COLOUR_RGB ( '',0.0000000000000000000, 0.0000000000000000000, 1.000000000000000000 ) ;
#6057 = VECTOR ( 'NONE', #1348, 1000.000000000000000 ) ;
#6058 = DIRECTION ( 'NONE',  ( -0.0000000000000000000, 0.0000000000000000000, -1.000000000000000000 ) ) ;
#6059 = ORIENTED_EDGE ( 'NONE', *, *, #6583, .T. ) ;
#6060 = VERTEX_POINT ( 'NONE', #3711 ) ;
#6061 = AXIS2_PLACEMENT_3D ( 'NONE', #4296, #6110, #864 ) ;
#6062 = EDGE_CURVE ( 'NONE', #4802, #4445, #5465, .T. ) ;
#6063 = PRESENTATION_STYLE_ASSIGNMENT (( #3730 ) ) ;
#6064 = EDGE_CURVE ( 'NONE', #3207, #2962, #4520, .T. ) ;
#6065 = CARTESIAN_POINT ( 'NONE',  ( -1.406253083519913627, 2.273440392604346272, 0.2335881032754214826 ) ) ;
#6066 = PRODUCT_DEFINITION_SHAPE ( 'NONE', 'NONE',  #7596 ) ;
#6067 = AXIS2_PLACEMENT_3D ( 'NONE', #1672, #3440, #2809 ) ;
#6068 = DIRECTION ( 'NONE',  ( 1.000000000000000000, 0.0000000000000000000, -0.0000000000000000000 ) ) ;
#6069 = CARTESIAN_POINT ( 'NONE',  ( -0.009125320724409505604, 0.06854095516175130742, -0.2836276823554192972 ) ) ;
#6070 = DIRECTION ( 'NONE',  ( 7.709882115452479399E-17, -1.000000000000000000, 0.0000000000000000000 ) ) ;
#6071 = ORIENTED_EDGE ( 'NONE', *, *, #3427, .F. ) ;
#6072 = VERTEX_POINT ( 'NONE', #277 ) ;
#6073 = FILL_AREA_STYLE_COLOUR ( '', #2595 ) ;
#6074 = CARTESIAN_POINT ( 'NONE',  ( 1.396424004376893624, 2.399999999999999467, -0.5000000000000005551 ) ) ;
#6075 = ADVANCED_FACE ( 'NONE', ( #7336 ), #2069, .F. ) ;
#6076 = SURFACE_STYLE_FILL_AREA ( #3745 ) ;
#6077 = DIRECTION ( 'NONE',  ( 0.0000000000000000000, -0.0000000000000000000, 1.000000000000000000 ) ) ;
#6078 = CARTESIAN_POINT ( 'NONE',  ( 0.7908746792755910748, 0.6212388980384696557, -0.6027279884558440770 ) ) ;
#6079 = ORIENTED_EDGE ( 'NONE', *, *, #209, .T. ) ;
#6080 = EDGE_CURVE ( 'NONE', #7589, #3404, #2139, .T. ) ;
#6081 = DIRECTION ( 'NONE',  ( -1.000000000000000000, -0.0000000000000000000, 0.0000000000000000000 ) ) ;
#6082 =( GEOMETRIC_REPRESENTATION_CONTEXT ( 3 ) GLOBAL_UNCERTAINTY_ASSIGNED_CONTEXT ( ( #2957 ) ) GLOBAL_UNIT_ASSIGNED_CONTEXT ( ( #5182, #1755, #4554 ) ) REPRESENTATION_CONTEXT ( 'NONE', 'WORKASPACE' ) );
#6083 =( NAMED_UNIT ( * ) SI_UNIT ( $, .STERADIAN. ) SOLID_ANGLE_UNIT ( ) );
#6084 = CARTESIAN_POINT ( 'NONE',  ( -0.009125320724410282761, -2.599998692799499800, -0.8172085837295779420 ) ) ;
#6085 = CARTESIAN_POINT ( 'NONE',  ( -0.8091253207244090140, 0.7712388980384695669, -0.8429203673205134528 ) ) ;
#6086 = SURFACE_STYLE_USAGE ( .BOTH. , #5467 ) ;
#6087 = PRESENTATION_STYLE_ASSIGNMENT (( #6122 ) ) ;
#6088 = VERTEX_POINT ( 'NONE', #1686 ) ;
#6089 = CARTESIAN_POINT ( 'NONE',  ( 1.130211718476387350, 3.329000000000004178, 0.5010796326794901834 ) ) ;
#6090 = PLANE ( 'NONE',  #1138 ) ;
#6091 = FILL_AREA_STYLE_COLOUR ( '', #6056 ) ;
#6092 = DIRECTION ( 'NONE',  ( 0.0000000000000000000, 0.0000000000000000000, -1.000000000000000000 ) ) ;
#6093 = ORIENTED_EDGE ( 'NONE', *, *, #966, .T. ) ;
#6094 = VERTEX_POINT ( 'NONE', #3981 ) ;
#6095 = FILL_AREA_STYLE ('',( #3762 ) ) ;
#6096 =( NAMED_UNIT ( * ) SI_UNIT ( $, .STERADIAN. ) SOLID_ANGLE_UNIT ( ) );
#6097 = CARTESIAN_POINT ( 'NONE',  ( -0.3868562485163579701, -0.2500000000000007772, 0.06698729810778079885 ) ) ;
#6098 = LINE ( 'NONE', #4974, #767 ) ;
#6099 = PRODUCT_DEFINITION ( 'UNKNOWN', '', #2526, #5715 ) ;
#6100 = CARTESIAN_POINT ( 'NONE',  ( 0.1388549011667369881, 2.899999999999999911, 0.0000000000000000000 ) ) ;
#6101 = DIRECTION ( 'NONE',  ( -1.000000000000000000, 0.0000000000000000000, 0.0000000000000000000 ) ) ;
#6102 = ADVANCED_FACE ( 'NONE', ( #5106 ), #6311, .T. ) ;
#6103 = LINE ( 'NONE', #6184, #7191 ) ;
#6104 = EDGE_LOOP ( 'NONE', ( #1893, #2079, #6000, #2642 ) ) ;
#6105 = ORIENTED_EDGE ( 'NONE', *, *, #3263, .F. ) ;
#6106 = CARTESIAN_POINT ( 'NONE',  ( -0.009125320724409347745, 0.8712388980384698778, -0.6429203673205144964 ) ) ;
#6107 = CARTESIAN_POINT ( 'NONE',  ( 0.3472796854691360124, -0.1500000000000008271, 0.2401923788646682656 ) ) ;
#6108 = VECTOR ( 'NONE', #1844, 1000.000000000000000 ) ;
#6109 = LINE ( 'NONE', #795, #61 ) ;
#6110 = DIRECTION ( 'NONE',  ( -0.0000000000000000000, 0.4999999999999990563, 0.8660254037844391517 ) ) ;
#6111 = LINE ( 'NONE', #6198, #4321 ) ;
#6112 = EDGE_CURVE ( 'NONE', #2458, #3626, #3319, .T. ) ;
#6113 =( NAMED_UNIT ( * ) PLANE_ANGLE_UNIT ( ) SI_UNIT ( $, .RADIAN. ) );
#6114 = ORIENTED_EDGE ( 'NONE', *, *, #6080, .F. ) ;
#6115 = SURFACE_SIDE_STYLE ('',( #6744 ) ) ;
#6116 = PRESENTATION_LAYER_ASSIGNMENT (  '', '', ( #3664 ) ) ;
#6117 = DIRECTION ( 'NONE',  ( -1.000000000000000000, 0.0000000000000000000, -0.0000000000000000000 ) ) ;
#6118 = AXIS2_PLACEMENT_3D ( 'NONE', #5413, #793, #3161 ) ;
#6119 = FILL_AREA_STYLE_COLOUR ( '', #6544 ) ;
#6120 = COLOUR_RGB ( '',0.8666666666666666963, 0.8666666666666666963, 0.8666666666666666963 ) ;
#6121 = EDGE_CURVE ( 'NONE', #6579, #4811, #3558, .T. ) ;
#6122 = SURFACE_STYLE_USAGE ( .BOTH. , #3714 ) ;
#6123 = VECTOR ( 'NONE', #844, 1000.000000000000000 ) ;
#6124 = ORIENTED_EDGE ( 'NONE', *, *, #3163, .F. ) ;
#6125 = CARTESIAN_POINT ( 'NONE',  ( -1.009430824932684212, 3.329000000000000625, -1.798920367320509639 ) ) ;
#6126 = VECTOR ( 'NONE', #1067, 1000.000000000000000 ) ;
#6127 = FILL_AREA_STYLE ('',( #6091 ) ) ;
#6128 = CARTESIAN_POINT ( 'NONE',  ( 0.7908746792755908528, 2.699999999999997513, -0.5429203673205119651 ) ) ;
#6129 = CARTESIAN_POINT ( 'NONE',  ( -0.8091253207244089030, 4.799999999999999822, -0.04292036732051029979 ) ) ;
#6130 = DIRECTION ( 'NONE',  ( 0.0000000000000000000, 1.715124499442879932E-15, -1.000000000000000000 ) ) ;
#6131 = ORIENTED_EDGE ( 'NONE', *, *, #6684, .T. ) ;
#6132 =( GEOMETRIC_REPRESENTATION_CONTEXT ( 3 ) GLOBAL_UNCERTAINTY_ASSIGNED_CONTEXT ( ( #6658 ) ) GLOBAL_UNIT_ASSIGNED_CONTEXT ( ( #4339, #2713, #731 ) ) REPRESENTATION_CONTEXT ( 'NONE', 'WORKASPACE' ) );
#6133 =( NAMED_UNIT ( * ) PLANE_ANGLE_UNIT ( ) SI_UNIT ( $, .RADIAN. ) );
#6134 = ORIENTED_EDGE ( 'NONE', *, *, #6915, .F. ) ;
#6135 = STYLED_ITEM ( 'NONE', ( #6348 ), #6102 ) ;
#6136 = ORIENTED_EDGE ( 'NONE', *, *, #6828, .F. ) ;
#6137 = DIRECTION ( 'NONE',  ( 0.0000000000000000000, 0.0000000000000000000, 1.000000000000000000 ) ) ;
#6138 =( GEOMETRIC_REPRESENTATION_CONTEXT ( 3 ) GLOBAL_UNCERTAINTY_ASSIGNED_CONTEXT ( ( #4323 ) ) GLOBAL_UNIT_ASSIGNED_CONTEXT ( ( #6564, #904, #6785 ) ) REPRESENTATION_CONTEXT ( 'NONE', 'WORKASPACE' ) );
#6139 = FILL_AREA_STYLE ('',( #4936 ) ) ;
#6140 = LINE ( 'NONE', #3231, #5329 ) ;
#6141 = VERTEX_POINT ( 'NONE', #2280 ) ;
#6142 = ORIENTED_EDGE ( 'NONE', *, *, #3919, .F. ) ;
#6143 = CARTESIAN_POINT ( 'NONE',  ( 0.3472796854691360124, 2.922498976444949825, 0.2000000000000000389 ) ) ;
#6144 = SURFACE_STYLE_FILL_AREA ( #2664 ) ;
#6145 = CARTESIAN_POINT ( 'NONE',  ( 0.7908746792755904087, -0.03145904483824910058, -0.4568327631123062504 ) ) ;
#6146 =( NAMED_UNIT ( * ) PLANE_ANGLE_UNIT ( ) SI_UNIT ( $, .RADIAN. ) );
#6147 =( NAMED_UNIT ( * ) PLANE_ANGLE_UNIT ( ) SI_UNIT ( $, .RADIAN. ) );
#6148 = SURFACE_SIDE_STYLE ('',( #5459 ) ) ;
#6149 = LINE ( 'NONE', #6823, #6919 ) ;
#6150 = DIRECTION ( 'NONE',  ( 0.0000000000000000000, 0.0000000000000000000, 1.000000000000000000 ) ) ;
#6151 = FACE_OUTER_BOUND ( 'NONE', #5703, .T. ) ;
#6152 = FILL_AREA_STYLE_COLOUR ( '', #5426 ) ;
#6153 = VERTEX_POINT ( 'NONE', #1019 ) ;
#6154 = EDGE_CURVE ( 'NONE', #3586, #2017, #3358, .T. ) ;
#6155 = EDGE_CURVE ( 'NONE', #3534, #7390, #6941, .T. ) ;
#6156 = CARTESIAN_POINT ( 'NONE',  ( -0.8091253207244110124, 2.600000000000000533, -0.5429203673205099667 ) ) ;
#6157 = VECTOR ( 'NONE', #4035, 1000.000000000000000 ) ;
#6158 = CARTESIAN_POINT ( 'NONE',  ( 0.7136884464517307958, 1.650063059232361740, 0.4999999999999997780 ) ) ;
#6159 =( NAMED_UNIT ( * ) SI_UNIT ( $, .STERADIAN. ) SOLID_ANGLE_UNIT ( ) );
#6160 = ORIENTED_EDGE ( 'NONE', *, *, #4928, .T. ) ;
#6161 =( LENGTH_UNIT ( ) NAMED_UNIT ( * ) SI_UNIT ( .MILLI., .METRE. ) );
#6162 = AXIS2_PLACEMENT_3D ( 'NONE', #4574, #5280, #3104 ) ;
#6163 = AXIS2_PLACEMENT_3D ( 'NONE', #1944, #1984, #5410 ) ;
#6164 = PRESENTATION_STYLE_ASSIGNMENT (( #2490 ) ) ;
#6165 = CARTESIAN_POINT ( 'NONE',  ( -0.1528146411127589976, 0.8712388980384699888, -0.6429203673205144964 ) ) ;
#6166 =( LENGTH_UNIT ( ) NAMED_UNIT ( * ) SI_UNIT ( .MILLI., .METRE. ) );
#6167 =( NAMED_UNIT ( * ) SI_UNIT ( $, .STERADIAN. ) SOLID_ANGLE_UNIT ( ) );
#6168 = SURFACE_SIDE_STYLE ('',( #5538 ) ) ;
#6169 =( NAMED_UNIT ( * ) PLANE_ANGLE_UNIT ( ) SI_UNIT ( $, .RADIAN. ) );
#6170 = DIRECTION ( 'NONE',  ( -1.000000000000000000, -0.0000000000000000000, -0.0000000000000000000 ) ) ;
#6171 = AXIS2_PLACEMENT_3D ( 'NONE', #3539, #3099, #7178 ) ;
#6172 =( NAMED_UNIT ( * ) PLANE_ANGLE_UNIT ( ) SI_UNIT ( $, .RADIAN. ) );
#6173 = EDGE_LOOP ( 'NONE', ( #643, #32, #2441, #1080, #6633, #2688 ) ) ;
#6174 = VERTEX_POINT ( 'NONE', #459 ) ;
#6175 = CARTESIAN_POINT ( 'NONE',  ( 0.3472796854691360124, -0.7026979428767202718, 0.5592926849650928789 ) ) ;
#6176 = DIRECTION ( 'NONE',  ( 0.0000000000000000000, -1.000000000000000000, -0.0000000000000000000 ) ) ;
#6177 =( NAMED_UNIT ( * ) PLANE_ANGLE_UNIT ( ) SI_UNIT ( $, .RADIAN. ) );
#6178 = AXIS2_PLACEMENT_3D ( 'NONE', #4744, #2353, #5409 ) ;
#6179 = MECHANICAL_DESIGN_GEOMETRIC_PRESENTATION_REPRESENTATION (  '', ( #1039 ), #1421 ) ;
#6180 = AXIS2_PLACEMENT_3D ( 'NONE', #4248, #1869, #3649 ) ;
#6181 = UNCERTAINTY_MEASURE_WITH_UNIT (LENGTH_MEASURE( 1.000000000000000082E-05 ), #470, 'distance_accuracy_value', 'NONE');
#6182 =( NAMED_UNIT ( * ) SI_UNIT ( $, .STERADIAN. ) SOLID_ANGLE_UNIT ( ) );
#6183 =( NAMED_UNIT ( * ) PLANE_ANGLE_UNIT ( ) SI_UNIT ( $, .RADIAN. ) );
#6184 = CARTESIAN_POINT ( 'NONE',  ( 0.1345639996639400038, 4.800000000000003375, -0.04292036732051005693 ) ) ;
#6185 = EDGE_LOOP ( 'NONE', ( #4979, #1903, #2205, #2794 ) ) ;
#6186 = PRESENTATION_LAYER_ASSIGNMENT (  '', '', ( #5196 ) ) ;
#6187 = AXIS2_PLACEMENT_3D ( 'NONE', #364, #5633, #7281 ) ;
#6188 = VECTOR ( 'NONE', #426, 1000.000000000000000 ) ;
#6189 = ORIENTED_EDGE ( 'NONE', *, *, #3919, .T. ) ;
#6190 = CARTESIAN_POINT ( 'NONE',  ( -0.5000000000000000000, 0.0000000000000000000, -5.000000000000000000 ) ) ;
#6191 = FILL_AREA_STYLE ('',( #368 ) ) ;
#6192 = UNCERTAINTY_MEASURE_WITH_UNIT (LENGTH_MEASURE( 1.000000000000000082E-05 ), #1030, 'distance_accuracy_value', 'NONE');
#6193 =( LENGTH_UNIT ( ) NAMED_UNIT ( * ) SI_UNIT ( .MILLI., .METRE. ) );
#6194 = DIRECTION ( 'NONE',  ( 1.000000000000000000, -0.0000000000000000000, -0.0000000000000000000 ) ) ;
#6195 = PRESENTATION_LAYER_ASSIGNMENT (  '', '', ( #2641 ) ) ;
#6196 = LINE ( 'NONE', #7516, #5189 ) ;
#6197 = SURFACE_STYLE_FILL_AREA ( #7329 ) ;
#6198 = CARTESIAN_POINT ( 'NONE',  ( -0.5000000000000000000, 0.0000000000000000000, -5.000000000000000000 ) ) ;
#6199 = DIRECTION ( 'NONE',  ( 0.0000000000000000000, 0.0000000000000000000, 1.000000000000000000 ) ) ;
#6200 = ORIENTED_EDGE ( 'NONE', *, *, #1960, .F. ) ;
#6201 = DIRECTION ( 'NONE',  ( 1.000000000000000000, 0.0000000000000000000, -0.0000000000000000000 ) ) ;
#6202 = CARTESIAN_POINT ( 'NONE',  ( -0.009125320724410310516, -2.599998692799499800, -0.8172085837295780530 ) ) ;
#6203 = SURFACE_STYLE_USAGE ( .BOTH. , #5606 ) ;
#6204 =( NAMED_UNIT ( * ) PLANE_ANGLE_UNIT ( ) SI_UNIT ( $, .RADIAN. ) );
#6205 = ADVANCED_FACE ( 'NONE', ( #417 ), #5150, .F. ) ;
#6206 = ORIENTED_EDGE ( 'NONE', *, *, #2750, .T. ) ;
#6207 = DIRECTION ( 'NONE',  ( 7.709882115452479399E-17, -1.000000000000000000, 0.0000000000000000000 ) ) ;
#6208 = DIRECTION ( 'NONE',  ( 0.0000000000000000000, 0.0000000000000000000, 1.000000000000000000 ) ) ;
#6209 = SURFACE_SIDE_STYLE ('',( #4384 ) ) ;
#6210 = CARTESIAN_POINT ( 'NONE',  ( -0.3868562485163580256, 2.686465021920419805, 0.2000000000000000111 ) ) ;
#6211 = APPLICATION_CONTEXT ( 'automotive_design' ) ;
#6212 = MECHANICAL_DESIGN_GEOMETRIC_PRESENTATION_REPRESENTATION (  '', ( #5092 ), #6082 ) ;
#6213 =( NAMED_UNIT ( * ) PLANE_ANGLE_UNIT ( ) SI_UNIT ( $, .RADIAN. ) );
#6214 = EDGE_LOOP ( 'NONE', ( #3382, #2662, #88, #2609 ) ) ;
#6215 = ORIENTED_EDGE ( 'NONE', *, *, #3813, .F. ) ;
#6216 =( NAMED_UNIT ( * ) PLANE_ANGLE_UNIT ( ) SI_UNIT ( $, .RADIAN. ) );
#6217 = SURFACE_SIDE_STYLE ('',( #5206 ) ) ;
#6218 = SURFACE_SIDE_STYLE ('',( #3798 ) ) ;
#6219 =( LENGTH_UNIT ( ) NAMED_UNIT ( * ) SI_UNIT ( .MILLI., .METRE. ) );
#6220 = CARTESIAN_POINT ( 'NONE',  ( 0.0000000000000000000, 0.0000000000000000000, 3.258928571428569843 ) ) ;
#6221 = SURFACE_STYLE_FILL_AREA ( #3303 ) ;
#6222 = EDGE_CURVE ( 'NONE', #2249, #6485, #5836, .T. ) ;
#6223 = ORIENTED_EDGE ( 'NONE', *, *, #2885, .F. ) ;
#6224 = VERTEX_POINT ( 'NONE', #5417 ) ;
#6225 = CARTESIAN_POINT ( 'NONE',  ( 0.7908746792755899646, 0.7712388980384690118, -0.3429203673205120095 ) ) ;
#6226 = DIRECTION ( 'NONE',  ( 1.000000000000000000, 0.0000000000000000000, 0.0000000000000000000 ) ) ;
#6227 = LINE ( 'NONE', #2304, #2621 ) ;
#6228 = VERTEX_POINT ( 'NONE', #6506 ) ;
#6229 = CARTESIAN_POINT ( 'NONE',  ( -0.3868562485163580811, -0.8026979428767202496, 0.3860876042082040382 ) ) ;
#6230 = MECHANICAL_DESIGN_GEOMETRIC_PRESENTATION_REPRESENTATION (  '', ( #1712 ), #4380 ) ;
#6231 = DIRECTION ( 'NONE',  ( 0.0000000000000000000, 1.715124499442879932E-15, -1.000000000000000000 ) ) ;
#6232 = DIRECTION ( 'NONE',  ( -1.000000000000000000, -0.0000000000000000000, -0.0000000000000000000 ) ) ;
#6233 = SURFACE_SIDE_STYLE ('',( #2176 ) ) ;
#6234 = VECTOR ( 'NONE', #4739, 1000.000000000000000 ) ;
#6235 = ORIENTED_EDGE ( 'NONE', *, *, #4102, .F. ) ;
#6236 = FILL_AREA_STYLE ('',( #1583 ) ) ;
#6237 = CARTESIAN_POINT ( 'NONE',  ( -0.8091253207244090140, 2.600000000000000533, -0.8429203673205116765 ) ) ;
#6238 = PRESENTATION_STYLE_ASSIGNMENT (( #3368 ) ) ;
#6239 = PRESENTATION_LAYER_ASSIGNMENT (  '', '', ( #5614 ) ) ;
#6240 = EDGE_CURVE ( 'NONE', #4389, #4290, #684, .T. ) ;
#6241 = DIRECTION ( 'NONE',  ( -0.0000000000000000000, 1.000000000000000000, 0.0000000000000000000 ) ) ;
#6242 = SURFACE_STYLE_FILL_AREA ( #5728 ) ;
#6243 = ORIENTED_EDGE ( 'NONE', *, *, #2008, .F. ) ;
#6244 = CIRCLE ( 'NONE', #382, 0.7999999999999999334 ) ;
#6245 = ORIENTED_EDGE ( 'NONE', *, *, #6583, .F. ) ;
#6246 = AXIS2_PLACEMENT_3D ( 'NONE', #5849, #538, #6398 ) ;
#6247 = DIRECTION ( 'NONE',  ( 0.0000000000000000000, 1.715124499442879932E-15, 1.000000000000000000 ) ) ;
#6248 = VECTOR ( 'NONE', #3750, 1000.000000000000000 ) ;
#6249 = CARTESIAN_POINT ( 'NONE',  ( -1.416579326567965147, 0.0000000000000000000, -3.741071428571429713 ) ) ;
#6250 = UNCERTAINTY_MEASURE_WITH_UNIT (LENGTH_MEASURE( 1.000000000000000082E-05 ), #7207, 'distance_accuracy_value', 'NONE');
#6251 = EDGE_CURVE ( 'NONE', #6011, #1934, #1302, .T. ) ;
#6252 = EDGE_CURVE ( 'NONE', #6607, #2868, #3658, .T. ) ;
#6253 = DIRECTION ( 'NONE',  ( 0.0000000000000000000, 0.0000000000000000000, -1.000000000000000000 ) ) ;
#6254 = CIRCLE ( 'NONE', #1741, 2.700000000000000178 ) ;
#6255 = PRESENTATION_LAYER_ASSIGNMENT (  '', '', ( #1868 ) ) ;
#6256 =( LENGTH_UNIT ( ) NAMED_UNIT ( * ) SI_UNIT ( .MILLI., .METRE. ) );
#6257 = EDGE_LOOP ( 'NONE', ( #4703, #1343, #1701, #4518 ) ) ;
#6258 = VERTEX_POINT ( 'NONE', #1338 ) ;
#6259 = CIRCLE ( 'NONE', #6010, 0.9999999999999997780 ) ;
#6260 = FACE_OUTER_BOUND ( 'NONE', #3224, .T. ) ;
#6261 = SURFACE_STYLE_FILL_AREA ( #6191 ) ;
#6262 = UNCERTAINTY_MEASURE_WITH_UNIT (LENGTH_MEASURE( 1.000000000000000082E-05 ), #4620, 'distance_accuracy_value', 'NONE');
#6263 = CIRCLE ( 'NONE', #1509, 0.5000000000000000000 ) ;
#6264 = ADVANCED_FACE ( 'NONE', ( #2436 ), #3621, .F. ) ;
#6265 = FILL_AREA_STYLE ('',( #2707 ) ) ;
#6266 = CARTESIAN_POINT ( 'NONE',  ( 1.848138122877330052E-16, 0.0000000000000000000, 1.800000000000000266 ) ) ;
#6267 = EDGE_LOOP ( 'NONE', ( #3274, #6563, #5365, #7436 ) ) ;
#6268 = CARTESIAN_POINT ( 'NONE',  ( -0.5000000000000000000, 1.699999999999999956, -0.7874007874011805796 ) ) ;
#6269 = SURFACE_SIDE_STYLE ('',( #6829 ) ) ;
#6270 =( NAMED_UNIT ( * ) PLANE_ANGLE_UNIT ( ) SI_UNIT ( $, .RADIAN. ) );
#6271 = CARTESIAN_POINT ( 'NONE',  ( 1.980211718476390326, 3.328999999999989967, -4.142920367320510167 ) ) ;
#6272 = PRESENTATION_STYLE_ASSIGNMENT (( #7565 ) ) ;
#6273 = MECHANICAL_DESIGN_GEOMETRIC_PRESENTATION_REPRESENTATION (  '', ( #5293 ), #51 ) ;
#6274 = ORIENTED_EDGE ( 'NONE', *, *, #1211, .T. ) ;
#6275 = FILL_AREA_STYLE ('',( #468 ) ) ;
#6276 = SURFACE_STYLE_FILL_AREA ( #6948 ) ;
#6277 = CARTESIAN_POINT ( 'NONE',  ( 0.7908746792755910748, -0.03145904483824873976, -0.4568327631123067500 ) ) ;
#6278 = SHAPE_REPRESENTATION_RELATIONSHIP ( 'NONE' , 'NONE' ,  #4375, #757 ) ;
#6279 = ORIENTED_EDGE ( 'NONE', *, *, #4007, .T. ) ;
#6280 = MANIFOLD_SOLID_BREP ( 'Imported1', #1829 ) ;
#6281 = MECHANICAL_DESIGN_GEOMETRIC_PRESENTATION_REPRESENTATION (  '', ( #6413 ), #3110 ) ;
#6282 = VECTOR ( 'NONE', #5757, 1000.000000000000000 ) ;
#6283 = ORIENTED_EDGE ( 'NONE', *, *, #3064, .T. ) ;
#6284 = DIRECTION ( 'NONE',  ( -0.0000000000000000000, -1.000000000000000000, -0.0000000000000000000 ) ) ;
#6285 = DIRECTION ( 'NONE',  ( 1.000000000000000000, 0.0000000000000000000, -0.0000000000000000000 ) ) ;
#6286 = DIRECTION ( 'NONE',  ( -1.000000000000000000, -0.0000000000000000000, 0.0000000000000000000 ) ) ;
#6287 = VECTOR ( 'NONE', #5882, 1000.000000000000000 ) ;
#6288 = STYLED_ITEM ( 'NONE', ( #5101 ), #3835 ) ;
#6289 = SURFACE_STYLE_USAGE ( .BOTH. , #4975 ) ;
#6290 =( NAMED_UNIT ( * ) PLANE_ANGLE_UNIT ( ) SI_UNIT ( $, .RADIAN. ) );
#6291 = DIRECTION ( 'NONE',  ( 0.0000000000000000000, 0.0000000000000000000, -1.000000000000000000 ) ) ;
#6292 = EDGE_LOOP ( 'NONE', ( #2115, #4243, #7579, #5130 ) ) ;
#6293 = EDGE_CURVE ( 'NONE', #5941, #5655, #120, .T. ) ;
#6294 = ORIENTED_EDGE ( 'NONE', *, *, #3618, .T. ) ;
#6295 = EDGE_CURVE ( 'NONE', #4909, #3893, #6254, .T. ) ;
#6296 = CARTESIAN_POINT ( 'NONE',  ( 3.250000000000000444, 0.0000000000000000000, -3.741071428571430602 ) ) ;
#6297 = VECTOR ( 'NONE', #7411, 1000.000000000000000 ) ;
#6298 = VECTOR ( 'NONE', #5350, 1000.000000000000000 ) ;
#6299 = CARTESIAN_POINT ( 'NONE',  ( 0.7908746792755909638, 2.699999999999998845, -0.5429203673205098557 ) ) ;
#6300 =( NAMED_UNIT ( * ) PLANE_ANGLE_UNIT ( ) SI_UNIT ( $, .RADIAN. ) );
#6301 = DIRECTION ( 'NONE',  ( -1.000000000000000000, 0.0000000000000000000, -0.0000000000000000000 ) ) ;
#6302 = COLOUR_RGB ( '',0.0000000000000000000, 0.0000000000000000000, 1.000000000000000000 ) ;
#6303 = AXIS2_PLACEMENT_3D ( 'NONE', #3360, #1617, #4569 ) ;
#6304 = PRESENTATION_LAYER_ASSIGNMENT (  '', '', ( #4945 ) ) ;
#6305 = CARTESIAN_POINT ( 'NONE',  ( -0.01978828152361080187, -1.902697942876718562, 0.5592926849650905474 ) ) ;
#6306 = FILL_AREA_STYLE_COLOUR ( '', #5046 ) ;
#6307 = ORIENTED_EDGE ( 'NONE', *, *, #4223, .F. ) ;
#6308 = ADVANCED_FACE ( 'NONE', ( #1841 ), #4150, .F. ) ;
#6309 =( GEOMETRIC_REPRESENTATION_CONTEXT ( 3 ) GLOBAL_UNCERTAINTY_ASSIGNED_CONTEXT ( ( #6262 ) ) GLOBAL_UNIT_ASSIGNED_CONTEXT ( ( #4620, #2266, #1159 ) ) REPRESENTATION_CONTEXT ( 'NONE', 'WORKASPACE' ) );
#6310 = SURFACE_STYLE_USAGE ( .BOTH. , #2755 ) ;
#6311 = PLANE ( 'NONE',  #5146 ) ;
#6312 = MANIFOLD_SOLID_BREP ( 'Imported1', #5963 ) ;
#6313 = DIRECTION ( 'NONE',  ( -1.000000000000000000, 0.0000000000000000000, 0.0000000000000000000 ) ) ;
#6314 =( NAMED_UNIT ( * ) SI_UNIT ( $, .STERADIAN. ) SOLID_ANGLE_UNIT ( ) );
#6315 = PLANE ( 'NONE',  #547 ) ;
#6316 = ADVANCED_FACE ( 'NONE', ( #4470 ), #3271, .F. ) ;
#6317 = ORIENTED_EDGE ( 'NONE', *, *, #1460, .T. ) ;
#6318 =( NAMED_UNIT ( * ) PLANE_ANGLE_UNIT ( ) SI_UNIT ( $, .RADIAN. ) );
#6319 = DIRECTION ( 'NONE',  ( -1.000000000000000000, 0.0000000000000000000, -0.0000000000000000000 ) ) ;
#6320 = AXIS2_PLACEMENT_3D ( 'NONE', #4058, #7469, #1148 ) ;
#6321 = DIRECTION ( 'NONE',  ( 1.000000000000000000, 0.0000000000000000000, -0.0000000000000000000 ) ) ;
#6322 = CARTESIAN_POINT ( 'NONE',  ( 1.500000000000000000, 0.0000000000000000000, 1.800000000000000266 ) ) ;
#6323 =( NAMED_UNIT ( * ) SI_UNIT ( $, .STERADIAN. ) SOLID_ANGLE_UNIT ( ) );
#6324 = SURFACE_SIDE_STYLE ('',( #3330 ) ) ;
#6325 = FILL_AREA_STYLE_COLOUR ( '', #5810 ) ;
#6326 = ORIENTED_EDGE ( 'NONE', *, *, #5886, .T. ) ;
#6327 = EDGE_LOOP ( 'NONE', ( #6433, #7520, #2967, #5545 ) ) ;
#6328 = CARTESIAN_POINT ( 'NONE',  ( -2.142428528562859924, 0.0000000000000000000, 1.800000000000000266 ) ) ;
#6329 = DIRECTION ( 'NONE',  ( -0.0000000000000000000, 0.0000000000000000000, -1.000000000000000000 ) ) ;
#6330 = UNCERTAINTY_MEASURE_WITH_UNIT (LENGTH_MEASURE( 1.000000000000000082E-05 ), #5831, 'distance_accuracy_value', 'NONE');
#6331 =( NAMED_UNIT ( * ) PLANE_ANGLE_UNIT ( ) SI_UNIT ( $, .RADIAN. ) );
#6332 = LINE ( 'NONE', #512, #6382 ) ;
#6333 = FILL_AREA_STYLE_COLOUR ( '', #2756 ) ;
#6334 = DIRECTION ( 'NONE',  ( -1.516658762642049965E-31, 1.000000000000000000, -1.935436182511161167E-47 ) ) ;
#6335 = ORIENTED_EDGE ( 'NONE', *, *, #7169, .T. ) ;
#6336 = ORIENTED_EDGE ( 'NONE', *, *, #274, .T. ) ;
#6337 = DIRECTION ( 'NONE',  ( -1.000000000000000000, -0.0000000000000000000, -0.0000000000000000000 ) ) ;
#6338 = LINE ( 'NONE', #341, #2824 ) ;
#6339 = PRODUCT_DEFINITION_CONTEXT ( 'detailed design', #3450, 'design' ) ;
#6340 = EDGE_CURVE ( 'NONE', #18, #2802, #4431, .T. ) ;
#6341 = EDGE_CURVE ( 'NONE', #4214, #2187, #6332, .T. ) ;
#6342 = CARTESIAN_POINT ( 'NONE',  ( 0.7908746792755909638, 0.8712388980384698778, 4.114159265358980910 ) ) ;
#6343 = ORIENTED_EDGE ( 'NONE', *, *, #641, .F. ) ;
#6344 = DIRECTION ( 'NONE',  ( 0.0000000000000000000, 0.0000000000000000000, 1.000000000000000000 ) ) ;
#6345 = FACE_OUTER_BOUND ( 'NONE', #7544, .T. ) ;
#6346 = VERTEX_POINT ( 'NONE', #7577 ) ;
#6347 = DIRECTION ( 'NONE',  ( 0.0000000000000000000, 0.0000000000000000000, 1.000000000000000000 ) ) ;
#6348 = PRESENTATION_STYLE_ASSIGNMENT (( #3940 ) ) ;
#6349 = LINE ( 'NONE', #2246, #4068 ) ;
#6350 = ORIENTED_EDGE ( 'NONE', *, *, #39, .T. ) ;
#6351 =( NAMED_UNIT ( * ) SI_UNIT ( $, .STERADIAN. ) SOLID_ANGLE_UNIT ( ) );
#6352 = EDGE_CURVE ( 'NONE', #105, #1838, #5821, .T. ) ;
#6353 = SURFACE_STYLE_FILL_AREA ( #6275 ) ;
#6354 = PRESENTATION_STYLE_ASSIGNMENT (( #1629 ) ) ;
#6355 = ORIENTED_EDGE ( 'NONE', *, *, #4871, .F. ) ;
#6356 = ORIENTED_EDGE ( 'NONE', *, *, #7538, .F. ) ;
#6357 =( NAMED_UNIT ( * ) PLANE_ANGLE_UNIT ( ) SI_UNIT ( $, .RADIAN. ) );
#6358 = SURFACE_STYLE_USAGE ( .BOTH. , #1697 ) ;
#6359 = VECTOR ( 'NONE', #7550, 1000.000000000000000 ) ;
#6360 = FILL_AREA_STYLE ('',( #1042 ) ) ;
#6361 = CARTESIAN_POINT ( 'NONE',  ( 0.1345639996639400038, 1.621921473114910306, -1.180472342549589992 ) ) ;
#6362 =( GEOMETRIC_REPRESENTATION_CONTEXT ( 3 ) GLOBAL_UNCERTAINTY_ASSIGNED_CONTEXT ( ( #1909 ) ) GLOBAL_UNIT_ASSIGNED_CONTEXT ( ( #1783, #1190, #3438 ) ) REPRESENTATION_CONTEXT ( 'NONE', 'WORKASPACE' ) );
#6363 = DIRECTION ( 'NONE',  ( 0.0000000000000000000, 0.0000000000000000000, -1.000000000000000000 ) ) ;
#6364 = AXIS2_PLACEMENT_3D ( 'NONE', #5570, #7418, #2555 ) ;
#6365 = VERTEX_POINT ( 'NONE', #7079 ) ;
#6366 = LINE ( 'NONE', #1828, #155 ) ;
#6367 =( NAMED_UNIT ( * ) SI_UNIT ( $, .STERADIAN. ) SOLID_ANGLE_UNIT ( ) );
#6368 = CARTESIAN_POINT ( 'NONE',  ( 0.0000000000000000000, -0.2999999999999999889, -2.700000000000000178 ) ) ;
#6369 = VECTOR ( 'NONE', #7255, 1000.000000000000000 ) ;
#6370 = PRESENTATION_LAYER_ASSIGNMENT (  '', '', ( #2101 ) ) ;
#6371 = CARTESIAN_POINT ( 'NONE',  ( 2.299999999999999822, 2.399999999999999911, 0.5000000000000000000 ) ) ;
#6372 = CARTESIAN_POINT ( 'NONE',  ( -0.8197882815236110510, 3.329000000000000181, 0.0000000000000000000 ) ) ;
#6373 = EDGE_LOOP ( 'NONE', ( #3579, #3993, #5424, #7357 ) ) ;
#6374 = DIRECTION ( 'NONE',  ( -1.000000000000000000, 0.0000000000000000000, 0.0000000000000000000 ) ) ;
#6375 = ORIENTED_EDGE ( 'NONE', *, *, #6454, .T. ) ;
#6376 = COLOUR_RGB ( '',0.8666666666666666963, 0.8666666666666666963, 0.8666666666666666963 ) ;
#6377 = CARTESIAN_POINT ( 'NONE',  ( 2.299999999999999822, 2.700000000000000178, 0.5000000000000000000 ) ) ;
#6378 = STYLED_ITEM ( 'NONE', ( #3609 ), #2610 ) ;
#6379 = CARTESIAN_POINT ( 'NONE',  ( 1.980211718476390326, 3.528999999999999915, 0.7996146107590680341 ) ) ;
#6380 = DIRECTION ( 'NONE',  ( 0.0000000000000000000, 1.000000000000000000, 0.0000000000000000000 ) ) ;
#6381 = MANIFOLD_SOLID_BREP ( 'Imported1', #3031 ) ;
#6382 = VECTOR ( 'NONE', #1670, 1000.000000000000000 ) ;
#6383 = CARTESIAN_POINT ( 'NONE',  ( -0.1471217035494523651, 1.480159013072038787, -0.4999999999999998890 ) ) ;
#6384 = DIRECTION ( 'NONE',  ( 0.0000000000000000000, -0.0000000000000000000, 1.000000000000000000 ) ) ;
#6385 = VECTOR ( 'NONE', #6176, 1000.000000000000000 ) ;
#6386 = EDGE_CURVE ( 'NONE', #7140, #560, #998, .T. ) ;
#6387 = VERTEX_POINT ( 'NONE', #5734 ) ;
#6388 = ADVANCED_FACE ( 'NONE', ( #4618 ), #6993, .T. ) ;
#6389 = DIRECTION ( 'NONE',  ( 0.0000000000000000000, 0.0000000000000000000, 1.000000000000000000 ) ) ;
#6390 = VECTOR ( 'NONE', #4734, 1000.000000000000000 ) ;
#6391 = FACE_OUTER_BOUND ( 'NONE', #3142, .T. ) ;
#6392 = FILL_AREA_STYLE ('',( #2835 ) ) ;
#6393 = CARTESIAN_POINT ( 'NONE',  ( 0.7908746792755908528, 2.899999999999999911, -1.949231046932160094 ) ) ;
#6394 =( NAMED_UNIT ( * ) SI_UNIT ( $, .STERADIAN. ) SOLID_ANGLE_UNIT ( ) );
#6395 =( NAMED_UNIT ( * ) PLANE_ANGLE_UNIT ( ) SI_UNIT ( $, .RADIAN. ) );
#6396 = VERTEX_POINT ( 'NONE', #6921 ) ;
#6397 = EDGE_CURVE ( 'NONE', #7533, #2830, #6402, .T. ) ;
#6398 = DIRECTION ( 'NONE',  ( 0.0000000000000000000, 0.0000000000000000000, 1.000000000000000000 ) ) ;
#6399 = VECTOR ( 'NONE', #4485, 1000.000000000000000 ) ;
#6400 = UNCERTAINTY_MEASURE_WITH_UNIT (LENGTH_MEASURE( 1.000000000000000082E-05 ), #6166, 'distance_accuracy_value', 'NONE');
#6401 = DIRECTION ( 'NONE',  ( 0.0000000000000000000, -1.000000000000000000, -8.881784197001250351E-16 ) ) ;
#6402 = LINE ( 'NONE', #6446, #5279 ) ;
#6403 =( GEOMETRIC_REPRESENTATION_CONTEXT ( 3 ) GLOBAL_UNCERTAINTY_ASSIGNED_CONTEXT ( ( #3889 ) ) GLOBAL_UNIT_ASSIGNED_CONTEXT ( ( #7053, #1760, #591 ) ) REPRESENTATION_CONTEXT ( 'NONE', 'WORKASPACE' ) );
#6404 = PRESENTATION_STYLE_ASSIGNMENT (( #6448 ) ) ;
#6405 = EDGE_LOOP ( 'NONE', ( #5006, #6307, #6571, #3923 ) ) ;
#6406 = VERTEX_POINT ( 'NONE', #4700 ) ;
#6407 = EDGE_CURVE ( 'NONE', #2458, #2830, #765, .T. ) ;
#6408 = CARTESIAN_POINT ( 'NONE',  ( -0.5000000000000000000, 0.0000000000000000000, 2.000000000000000000 ) ) ;
#6409 = DIRECTION ( 'NONE',  ( -3.832379218072619739E-32, -1.000000000000000000, 4.890569709194473206E-48 ) ) ;
#6410 = LINE ( 'NONE', #1165, #3537 ) ;
#6411 = UNCERTAINTY_MEASURE_WITH_UNIT (LENGTH_MEASURE( 1.000000000000000082E-05 ), #695, 'distance_accuracy_value', 'NONE');
#6412 = FACE_OUTER_BOUND ( 'NONE', #2136, .T. ) ;
#6413 = STYLED_ITEM ( 'NONE', ( #3550 ), #6743 ) ;
#6414 = VECTOR ( 'NONE', #2361, 1000.000000000000000 ) ;
#6415 = UNCERTAINTY_MEASURE_WITH_UNIT (LENGTH_MEASURE( 1.000000000000000082E-05 ), #7075, 'distance_accuracy_value', 'NONE');
#6416 = SURFACE_STYLE_FILL_AREA ( #28 ) ;
#6417 = EDGE_LOOP ( 'NONE', ( #1640, #1575, #2447, #893 ) ) ;
#6418 = DIRECTION ( 'NONE',  ( 0.0000000000000000000, 0.0000000000000000000, 1.000000000000000000 ) ) ;
#6419 = ORIENTED_EDGE ( 'NONE', *, *, #6827, .F. ) ;
#6420 = AXIS2_PLACEMENT_3D ( 'NONE', #7445, #2230, #3891 ) ;
#6421 = COLOUR_RGB ( '',0.8666666666666666963, 0.8666666666666666963, 0.8666666666666666963 ) ;
#6422 = MECHANICAL_DESIGN_GEOMETRIC_PRESENTATION_REPRESENTATION (  '', ( #6288 ), #1787 ) ;
#6423 = ORIENTED_EDGE ( 'NONE', *, *, #3952, .F. ) ;
#6424 = FILL_AREA_STYLE_COLOUR ( '', #4441 ) ;
#6425 =( GEOMETRIC_REPRESENTATION_CONTEXT ( 3 ) GLOBAL_UNCERTAINTY_ASSIGNED_CONTEXT ( ( #2428 ) ) GLOBAL_UNIT_ASSIGNED_CONTEXT ( ( #7527, #6943, #6864 ) ) REPRESENTATION_CONTEXT ( 'NONE', 'WORKASPACE' ) );
#6426 =( GEOMETRIC_REPRESENTATION_CONTEXT ( 3 ) GLOBAL_UNCERTAINTY_ASSIGNED_CONTEXT ( ( #3030 ) ) GLOBAL_UNIT_ASSIGNED_CONTEXT ( ( #4956, #215, #6159 ) ) REPRESENTATION_CONTEXT ( 'NONE', 'WORKASPACE' ) );
#6427 = CARTESIAN_POINT ( 'NONE',  ( 3.250000000000000444, 2.000000000000000000, -0.2410714285714279925 ) ) ;
#6428 = DIRECTION ( 'NONE',  ( 0.0000000000000000000, 0.0000000000000000000, -1.000000000000000000 ) ) ;
#6429 = CARTESIAN_POINT ( 'NONE',  ( -0.7136884464517311288, 1.650063059232362406, -0.4999999999999998890 ) ) ;
#6430 = CARTESIAN_POINT ( 'NONE',  ( -0.7697882815236135601, 3.528999999999993253, -3.298920367320516522 ) ) ;
#6431 = SURFACE_SIDE_STYLE ('',( #1845 ) ) ;
#6432 = PRESENTATION_LAYER_ASSIGNMENT (  '', '', ( #218 ) ) ;
#6433 = ORIENTED_EDGE ( 'NONE', *, *, #627, .F. ) ;
#6434 =( NAMED_UNIT ( * ) PLANE_ANGLE_UNIT ( ) SI_UNIT ( $, .RADIAN. ) );
#6435 = CARTESIAN_POINT ( 'NONE',  ( -0.8091253207244090140, 5.000000000000009770, 4.163390312291140205 ) ) ;
#6436 = PRODUCT_DEFINITION ( 'UNKNOWN', '', #933, #4626 ) ;
#6437 = LINE ( 'NONE', #3946, #2348 ) ;
#6438 = SURFACE_STYLE_FILL_AREA ( #172 ) ;
#6439 = ORIENTED_EDGE ( 'NONE', *, *, #1062, .F. ) ;
#6440 = DIRECTION ( 'NONE',  ( 0.0000000000000000000, -1.000000000000000000, 0.0000000000000000000 ) ) ;
#6441 = CARTESIAN_POINT ( 'NONE',  ( 1.130211718476388683, 3.329000000000000181, -1.798920367320508751 ) ) ;
#6442 = CARTESIAN_POINT ( 'NONE',  ( 0.7908746792755911859, 5.671238898038470033, -0.6429203673205107217 ) ) ;
#6443 =( NAMED_UNIT ( * ) PLANE_ANGLE_UNIT ( ) SI_UNIT ( $, .RADIAN. ) );
#6444 = SHAPE_REPRESENTATION ( 'd3l', ( #5078 ), #7560 ) ;
#6445 = CARTESIAN_POINT ( 'NONE',  ( 0.4395356215117700027, -1.031459044838247463, -0.4568327631123109689 ) ) ;
#6446 = CARTESIAN_POINT ( 'NONE',  ( -3.250000000000000444, 2.000000000000000000, -0.2410714285714279925 ) ) ;
#6447 = EDGE_CURVE ( 'NONE', #7091, #800, #6263, .T. ) ;
#6448 = SURFACE_STYLE_USAGE ( .BOTH. , #5672 ) ;
#6449 = ORIENTED_EDGE ( 'NONE', *, *, #4451, .T. ) ;
#6450 = FACE_OUTER_BOUND ( 'NONE', #4221, .T. ) ;
#6451 = FILL_AREA_STYLE_COLOUR ( '', #2225 ) ;
#6452 =( LENGTH_UNIT ( ) NAMED_UNIT ( * ) SI_UNIT ( .MILLI., .METRE. ) );
#6453 = PRESENTATION_STYLE_ASSIGNMENT (( #520 ) ) ;
#6454 = EDGE_CURVE ( 'NONE', #3400, #4593, #3001, .T. ) ;
#6455 = APPLICATION_CONTEXT ( 'automotive_design' ) ;
#6456 = VERTEX_POINT ( 'NONE', #3601 ) ;
#6457 = VECTOR ( 'NONE', #4333, 1000.000000000000000 ) ;
#6458 = ORIENTED_EDGE ( 'NONE', *, *, #1966, .F. ) ;
#6459 = PRESENTATION_STYLE_ASSIGNMENT (( #6581 ) ) ;
#6460 = CARTESIAN_POINT ( 'NONE',  ( 0.3502141598067138317, 1.700000000000001288, -0.8825148910380693490 ) ) ;
#6461 = FILL_AREA_STYLE ('',( #6424 ) ) ;
#6462 = SURFACE_SIDE_STYLE ('',( #157 ) ) ;
#6463 =( NAMED_UNIT ( * ) PLANE_ANGLE_UNIT ( ) SI_UNIT ( $, .RADIAN. ) );
#6464 = LINE ( 'NONE', #639, #3357 ) ;
#6465 = CARTESIAN_POINT ( 'NONE',  ( 0.0000000000000000000, 2.000000000000000000, 2.759000000000000341 ) ) ;
#6466 = FILL_AREA_STYLE_COLOUR ( '', #727 ) ;
#6467 = ORIENTED_EDGE ( 'NONE', *, *, #4741, .T. ) ;
#6468 = PRESENTATION_STYLE_ASSIGNMENT (( #4123 ) ) ;
#6469 = DIRECTION ( 'NONE',  ( 0.0000000000000000000, -1.000000000000000000, -1.276756478318930021E-15 ) ) ;
#6470 = FACE_OUTER_BOUND ( 'NONE', #6267, .T. ) ;
#6471 = PLANE ( 'NONE',  #900 ) ;
#6472 = SURFACE_SIDE_STYLE ('',( #6438 ) ) ;
#6473 = SURFACE_SIDE_STYLE ('',( #5930 ) ) ;
#6474 = SHAPE_DEFINITION_REPRESENTATION ( #6629, #5597 ) ;
#6475 = EDGE_LOOP ( 'NONE', ( #3487, #2408, #826, #1355 ) ) ;
#6476 = DIRECTION ( 'NONE',  ( 0.0000000000000000000, 0.0000000000000000000, -1.000000000000000000 ) ) ;
#6477 = EDGE_CURVE ( 'NONE', #997, #2995, #1936, .T. ) ;
#6478 = UNCERTAINTY_MEASURE_WITH_UNIT (LENGTH_MEASURE( 1.000000000000000082E-05 ), #6660, 'distance_accuracy_value', 'NONE');
#6479 = STYLED_ITEM ( 'NONE', ( #6832 ), #189 ) ;
#6480 = CARTESIAN_POINT ( 'NONE',  ( 0.4752165657325300163, -1.923597468397800103, -0.6172085837295759880 ) ) ;
#6481 = DIRECTION ( 'NONE',  ( 0.0000000000000000000, 0.0000000000000000000, 1.000000000000000000 ) ) ;
#6482 = DIRECTION ( 'NONE',  ( 1.000000000000000000, 0.0000000000000000000, 0.0000000000000000000 ) ) ;
#6483 = ORIENTED_EDGE ( 'NONE', *, *, #2177, .F. ) ;
#6484 = AXIS2_PLACEMENT_3D ( 'NONE', #1895, #1317, #4269 ) ;
#6485 = VERTEX_POINT ( 'NONE', #3681 ) ;
#6486 = VECTOR ( 'NONE', #7276, 1000.000000000000000 ) ;
#6487 = DIRECTION ( 'NONE',  ( -0.0000000000000000000, 1.000000000000000000, 1.776356839400250070E-15 ) ) ;
#6488 = EDGE_CURVE ( 'NONE', #1714, #3843, #6645, .T. ) ;
#6489 = CARTESIAN_POINT ( 'NONE',  ( 2.000000000000000000, 0.0000000000000000000, 2.000000000000000000 ) ) ;
#6490 = UNCERTAINTY_MEASURE_WITH_UNIT (LENGTH_MEASURE( 1.000000000000000082E-05 ), #4022, 'distance_accuracy_value', 'NONE');
#6491 = ADVANCED_FACE ( 'NONE', ( #7227 ), #104, .T. ) ;
#6492 = UNCERTAINTY_MEASURE_WITH_UNIT (LENGTH_MEASURE( 1.000000000000000082E-05 ), #7273, 'distance_accuracy_value', 'NONE');
#6493 = CARTESIAN_POINT ( 'NONE',  ( -0.009125320724409505604, -1.031459044838249239, -0.4568327631123096921 ) ) ;
#6494 = ORIENTED_EDGE ( 'NONE', *, *, #3153, .T. ) ;
#6495 = MECHANICAL_DESIGN_GEOMETRIC_PRESENTATION_REPRESENTATION (  '', ( #2700 ), #4878 ) ;
#6496 = DIRECTION ( 'NONE',  ( 0.0000000000000000000, 0.0000000000000000000, -1.000000000000000000 ) ) ;
#6497 = EDGE_LOOP ( 'NONE', ( #2257, #1350, #7271, #4017 ) ) ;
#6498 = ORIENTED_EDGE ( 'NONE', *, *, #6080, .T. ) ;
#6499 = VECTOR ( 'NONE', #2831, 1000.000000000000000 ) ;
#6500 = CARTESIAN_POINT ( 'NONE',  ( 1.406253083519913627, 2.702291498825248439, -0.7027246355572132064 ) ) ;
#6501 =( LENGTH_UNIT ( ) NAMED_UNIT ( * ) SI_UNIT ( .MILLI., .METRE. ) );
#6502 = STYLED_ITEM ( 'NONE', ( #1563 ), #1101 ) ;
#6503 = EDGE_CURVE ( 'NONE', #7239, #6396, #7115, .T. ) ;
#6504 = CIRCLE ( 'NONE', #156, 0.8000000000000001554 ) ;
#6505 = SURFACE_SIDE_STYLE ('',( #7093 ) ) ;
#6506 = CARTESIAN_POINT ( 'NONE',  ( -0.3868562485163580811, -2.194836366436272446, 0.1596863798065050744 ) ) ;
#6507 = DIRECTION ( 'NONE',  ( 0.0000000000000000000, 1.000000000000000000, 0.0000000000000000000 ) ) ;
#6508 = MECHANICAL_DESIGN_GEOMETRIC_PRESENTATION_REPRESENTATION (  '', ( #3682 ), #5508 ) ;
#6509 = LINE ( 'NONE', #7096, #1907 ) ;
#6510 = CARTESIAN_POINT ( 'NONE',  ( 1.130211718476389571, 3.328999999999996184, -4.098920367320508795 ) ) ;
#6511 = PLANE ( 'NONE',  #7363 ) ;
#6512 = PLANE ( 'NONE',  #3990 ) ;
#6513 = VECTOR ( 'NONE', #1765, 1000.000000000000000 ) ;
#6514 = ORIENTED_EDGE ( 'NONE', *, *, #7071, .T. ) ;
#6515 = VECTOR ( 'NONE', #510, 1000.000000000000000 ) ;
#6516 = MECHANICAL_DESIGN_GEOMETRIC_PRESENTATION_REPRESENTATION (  '', ( #1875 ), #4169 ) ;
#6517 = DIRECTION ( 'NONE',  ( -5.273559366969489623E-16, 0.0000000000000000000, 1.000000000000000000 ) ) ;
#6518 = CARTESIAN_POINT ( 'NONE',  ( -0.009125320724409342540, 1.621921473114910306, -1.180472342549589992 ) ) ;
#6519 = FILL_AREA_STYLE ('',( #4765 ) ) ;
#6520 = MECHANICAL_DESIGN_GEOMETRIC_PRESENTATION_REPRESENTATION (  '', ( #637 ), #403 ) ;
#6521 = CIRCLE ( 'NONE', #3210, 0.2999999999999999889 ) ;
#6522 = ORIENTED_EDGE ( 'NONE', *, *, #4223, .T. ) ;
#6523 = FILL_AREA_STYLE_COLOUR ( '', #4868 ) ;
#6524 = LINE ( 'NONE', #1153, #5041 ) ;
#6525 = DIRECTION ( 'NONE',  ( -1.000000000000000000, 0.0000000000000000000, 0.0000000000000000000 ) ) ;
#6526 = COLOUR_RGB ( '',0.8666666666666666963, 0.8666666666666666963, 0.8666666666666666963 ) ;
#6527 = CARTESIAN_POINT ( 'NONE',  ( 0.3472796854691360124, 2.073642115736349822, -0.1000000000000000056 ) ) ;
#6528 = SURFACE_STYLE_FILL_AREA ( #7199 ) ;
#6529 = ORIENTED_EDGE ( 'NONE', *, *, #370, .T. ) ;
#6530 = AXIS2_PLACEMENT_3D ( 'NONE', #2283, #461, #5076 ) ;
#6531 = ORIENTED_EDGE ( 'NONE', *, *, #4041, .F. ) ;
#6532 = CARTESIAN_POINT ( 'NONE',  ( 0.7908746792755909638, 5.000000000000000000, -0.04292036732051064674 ) ) ;
#6533 = DIRECTION ( 'NONE',  ( 0.0000000000000000000, 1.000000000000000000, 0.0000000000000000000 ) ) ;
#6534 = CARTESIAN_POINT ( 'NONE',  ( 0.3472796854691360124, -2.694836366436269781, 0.02571178359094179050 ) ) ;
#6535 = PRESENTATION_STYLE_ASSIGNMENT (( #7162 ) ) ;
#6536 = CARTESIAN_POINT ( 'NONE',  ( 0.7908746792755905197, 0.7712388980384689008, -0.6429203673205110547 ) ) ;
#6537 = ORIENTED_EDGE ( 'NONE', *, *, #7537, .T. ) ;
#6538 = EDGE_CURVE ( 'NONE', #566, #2249, #2013, .T. ) ;
#6539 = FILL_AREA_STYLE ('',( #7052 ) ) ;
#6540 = SURFACE_STYLE_FILL_AREA ( #114 ) ;
#6541 = ADVANCED_FACE ( 'NONE', ( #180 ), #2493, .F. ) ;
#6542 = ORIENTED_EDGE ( 'NONE', *, *, #680, .T. ) ;
#6543 = ORIENTED_EDGE ( 'NONE', *, *, #4983, .F. ) ;
#6544 = COLOUR_RGB ( '',0.8666666666666666963, 0.8666666666666666963, 0.8666666666666666963 ) ;
#6545 = VECTOR ( 'NONE', #4716, 1000.000000000000000 ) ;
#6546 = CARTESIAN_POINT ( 'NONE',  ( -1.406253083519913849, 2.273440392604346272, -0.2335881032754205389 ) ) ;
#6547 =( NAMED_UNIT ( * ) PLANE_ANGLE_UNIT ( ) SI_UNIT ( $, .RADIAN. ) );
#6548 = DIRECTION ( 'NONE',  ( -1.000000000000000000, 0.0000000000000000000, 0.0000000000000000000 ) ) ;
#6549 = CARTESIAN_POINT ( 'NONE',  ( -0.01978828152361080187, 3.528999999999998582, -5.421010862427522170E-16 ) ) ;
#6550 = VECTOR ( 'NONE', #5031, 1000.000000000000000 ) ;
#6551 = CARTESIAN_POINT ( 'NONE',  ( -0.009125320724409359888, 0.8712388980384699888, -0.8429203673205150071 ) ) ;
#6552 = CARTESIAN_POINT ( 'NONE',  ( -1.169788281523610252, 3.329000000000000181, -1.798920367320509417 ) ) ;
#6553 = EDGE_CURVE ( 'NONE', #884, #3868, #5048, .T. ) ;
#6554 = VERTEX_POINT ( 'NONE', #3260 ) ;
#6555 = EDGE_LOOP ( 'NONE', ( #2108, #6851, #232, #6631 ) ) ;
#6556 = STYLED_ITEM ( 'NONE', ( #6272 ), #7400 ) ;
#6557 = VECTOR ( 'NONE', #3592, 1000.000000000000114 ) ;
#6558 = CARTESIAN_POINT ( 'NONE',  ( -2.142428528562859924, 0.0000000000000000000, 1.800000000000000266 ) ) ;
#6559 = FACE_OUTER_BOUND ( 'NONE', #330, .T. ) ;
#6560 = ADVANCED_FACE ( 'NONE', ( #7344, #882 ), #4422, .T. ) ;
#6561 = COLOUR_RGB ( '',0.8666666666666666963, 0.8666666666666666963, 0.8666666666666666963 ) ;
#6562 =( LENGTH_UNIT ( ) NAMED_UNIT ( * ) SI_UNIT ( .MILLI., .METRE. ) );
#6563 = ORIENTED_EDGE ( 'NONE', *, *, #966, .F. ) ;
#6564 =( LENGTH_UNIT ( ) NAMED_UNIT ( * ) SI_UNIT ( .MILLI., .METRE. ) );
#6565 =( NAMED_UNIT ( * ) SI_UNIT ( $, .STERADIAN. ) SOLID_ANGLE_UNIT ( ) );
#6566 = CARTESIAN_POINT ( 'NONE',  ( 0.0000000000000000000, 2.000000000000000000, -0.4909999999999999920 ) ) ;
#6567 = PRESENTATION_LAYER_ASSIGNMENT (  '', '', ( #7318 ) ) ;
#6568 = UNCERTAINTY_MEASURE_WITH_UNIT (LENGTH_MEASURE( 1.000000000000000082E-05 ), #5956, 'distance_accuracy_value', 'NONE');
#6569 = LINE ( 'NONE', #7078, #5616 ) ;
#6570 =( NAMED_UNIT ( * ) SI_UNIT ( $, .STERADIAN. ) SOLID_ANGLE_UNIT ( ) );
#6571 = ORIENTED_EDGE ( 'NONE', *, *, #27, .T. ) ;
#6572 = VERTEX_POINT ( 'NONE', #4387 ) ;
#6573 = CARTESIAN_POINT ( 'NONE',  ( 0.1345639996639400038, 4.800000000000009592, 4.163390312291140205 ) ) ;
#6574 = LINE ( 'NONE', #1325, #3442 ) ;
#6575 = CARTESIAN_POINT ( 'NONE',  ( 0.3472796854691360124, 0.0000000000000000000, 0.0000000000000000000 ) ) ;
#6576 = UNCERTAINTY_MEASURE_WITH_UNIT (LENGTH_MEASURE( 1.000000000000000082E-05 ), #3636, 'distance_accuracy_value', 'NONE');
#6577 = DIRECTION ( 'NONE',  ( 0.0000000000000000000, 0.0000000000000000000, 1.000000000000000000 ) ) ;
#6578 = FILL_AREA_STYLE_COLOUR ( '', #1276 ) ;
#6579 = VERTEX_POINT ( 'NONE', #7310 ) ;
#6580 = VERTEX_POINT ( 'NONE', #354 ) ;
#6581 = SURFACE_STYLE_USAGE ( .BOTH. , #5986 ) ;
#6582 = FILL_AREA_STYLE ('',( #234 ) ) ;
#6583 = EDGE_CURVE ( 'NONE', #5407, #5276, #1587, .T. ) ;
#6584 = ADVANCED_FACE ( 'NONE', ( #3220 ), #2648, .T. ) ;
#6585 = DIRECTION ( 'NONE',  ( -0.0000000000000000000, 0.0000000000000000000, -1.000000000000000000 ) ) ;
#6586 = DIRECTION ( 'NONE',  ( 1.000000000000000000, 0.0000000000000000000, 0.0000000000000000000 ) ) ;
#6587 = MECHANICAL_DESIGN_GEOMETRIC_PRESENTATION_REPRESENTATION (  '', ( #4474 ), #3277 ) ;
#6588 = SURFACE_STYLE_FILL_AREA ( #3623 ) ;
#6589 = CARTESIAN_POINT ( 'NONE',  ( 0.1345639996639400038, -2.599998692799499800, -0.8172085837295707256 ) ) ;
#6590 = FACE_BOUND ( 'NONE', #2781, .T. ) ;
#6591 = EDGE_LOOP ( 'NONE', ( #5380, #1855, #3365, #712 ) ) ;
#6592 = ORIENTED_EDGE ( 'NONE', *, *, #6929, .F. ) ;
#6593 =( LENGTH_UNIT ( ) NAMED_UNIT ( * ) SI_UNIT ( .MILLI., .METRE. ) );
#6594 = EDGE_CURVE ( 'NONE', #1800, #7219, #6521, .T. ) ;
#6595 = DIRECTION ( 'NONE',  ( -1.000000000000000000, 0.0000000000000000000, -0.0000000000000000000 ) ) ;
#6596 = FACE_BOUND ( 'NONE', #768, .T. ) ;
#6597 = DIRECTION ( 'NONE',  ( 0.0000000000000000000, -0.8660254037844391517, 0.4999999999999990563 ) ) ;
#6598 =( LENGTH_UNIT ( ) NAMED_UNIT ( * ) SI_UNIT ( .MILLI., .METRE. ) );
#6599 = ORIENTED_EDGE ( 'NONE', *, *, #329, .F. ) ;
#6600 = LINE ( 'NONE', #3676, #5272 ) ;
#6601 =( LENGTH_UNIT ( ) NAMED_UNIT ( * ) SI_UNIT ( .MILLI., .METRE. ) );
#6602 = EDGE_CURVE ( 'NONE', #2397, #1057, #429, .T. ) ;
#6603 = CARTESIAN_POINT ( 'NONE',  ( -0.8091253207244079038, -1.031459044838248795, -0.4568327631123101917 ) ) ;
#6604 =( LENGTH_UNIT ( ) NAMED_UNIT ( * ) SI_UNIT ( .MILLI., .METRE. ) );
#6605 = FILL_AREA_STYLE_COLOUR ( '', #222 ) ;
#6606 = ORIENTED_EDGE ( 'NONE', *, *, #1960, .T. ) ;
#6607 = VERTEX_POINT ( 'NONE', #7466 ) ;
#6608 = APPLICATION_CONTEXT ( 'automotive_design' ) ;
#6609 = DIRECTION ( 'NONE',  ( -1.000000000000000000, 0.0000000000000000000, 0.0000000000000000000 ) ) ;
#6610 = CARTESIAN_POINT ( 'NONE',  ( 3.250000000000000888, 0.0000000000000000000, -2.332340545918030639 ) ) ;
#6611 = AXIS2_PLACEMENT_3D ( 'NONE', #4908, #3053, #4799 ) ;
#6612 = EDGE_CURVE ( 'NONE', #6072, #6153, #3431, .T. ) ;
#6613 = FACE_OUTER_BOUND ( 'NONE', #6405, .T. ) ;
#6614 = CARTESIAN_POINT ( 'NONE',  ( -0.8091253207244089030, 4.799999999999999822, 0.0000000000000000000 ) ) ;
#6615 =( NAMED_UNIT ( * ) SI_UNIT ( $, .STERADIAN. ) SOLID_ANGLE_UNIT ( ) );
#6616 = STYLED_ITEM ( 'NONE', ( #2691 ), #594 ) ;
#6617 = ORIENTED_EDGE ( 'NONE', *, *, #4741, .F. ) ;
#6618 = ORIENTED_EDGE ( 'NONE', *, *, #1781, .F. ) ;
#6619 =( NAMED_UNIT ( * ) PLANE_ANGLE_UNIT ( ) SI_UNIT ( $, .RADIAN. ) );
#6620 = PRESENTATION_LAYER_ASSIGNMENT (  '', '', ( #7367 ) ) ;
#6621 = B_SPLINE_CURVE_WITH_KNOTS ( 'NONE', 3,
 ( #6831, #3827, #872, #5037, #6713, #6158, #7420, #838, #6748, #4341, #4377, #7260, #1462, #2140 ),
 .UNSPECIFIED., .F., .F.,
 ( 4, 2, 2, 2, 2, 2, 4 ),
 ( 6.133173666733496745E-19, 0.0004404578460996698744, 0.0008809156921993386647, 0.001321373538299007618, 0.001761831384398676245, 0.002642747076598013934, 0.003523662768797351623 ),
 .UNSPECIFIED. ) ;
#6622 = PRESENTATION_LAYER_ASSIGNMENT (  '', '', ( #378 ) ) ;
#6623 = COLOUR_RGB ( '',0.8666666666666666963, 0.8666666666666666963, 0.8666666666666666963 ) ;
#6624 =( NAMED_UNIT ( * ) SI_UNIT ( $, .STERADIAN. ) SOLID_ANGLE_UNIT ( ) );
#6625 = LINE ( 'NONE', #3659, #1020 ) ;
#6626 =( LENGTH_UNIT ( ) NAMED_UNIT ( * ) SI_UNIT ( .MILLI., .METRE. ) );
#6627 = CARTESIAN_POINT ( 'NONE',  ( -3.250000000000000444, 0.0000000000000000000, -2.332340545918030639 ) ) ;
#6628 =( NAMED_UNIT ( * ) PLANE_ANGLE_UNIT ( ) SI_UNIT ( $, .RADIAN. ) );
#6629 = PRODUCT_DEFINITION_SHAPE ( 'NONE', 'NONE',  #5064 ) ;
#6630 = AXIS2_PLACEMENT_3D ( 'NONE', #7141, #7101, #5277 ) ;
#6631 = ORIENTED_EDGE ( 'NONE', *, *, #5762, .F. ) ;
#6632 = MECHANICAL_DESIGN_GEOMETRIC_PRESENTATION_REPRESENTATION (  '', ( #3683 ), #1738 ) ;
#6633 = ORIENTED_EDGE ( 'NONE', *, *, #1439, .F. ) ;
#6634 = VECTOR ( 'NONE', #7417, 1000.000000000000000 ) ;
#6635 = CARTESIAN_POINT ( 'NONE',  ( -0.009125320724409803977, 1.328821155232009943, 1.136815753437059984 ) ) ;
#6636 = DIRECTION ( 'NONE',  ( 0.0000000000000000000, -0.8660254037844392627, -0.4999999999999986677 ) ) ;
#6637 = CARTESIAN_POINT ( 'NONE',  ( -0.009125320724410102349, -1.523597468397800414, -0.5100289067571197599 ) ) ;
#6638 =( NAMED_UNIT ( * ) SI_UNIT ( $, .STERADIAN. ) SOLID_ANGLE_UNIT ( ) );
#6639 = EDGE_CURVE ( 'NONE', #7332, #4801, #6872, .T. ) ;
#6640 = EDGE_CURVE ( 'NONE', #2341, #4389, #6776, .T. ) ;
#6641 = AXIS2_PLACEMENT_3D ( 'NONE', #3937, #3457, #485 ) ;
#6642 = ORIENTED_EDGE ( 'NONE', *, *, #6538, .F. ) ;
#6643 =( NAMED_UNIT ( * ) PLANE_ANGLE_UNIT ( ) SI_UNIT ( $, .RADIAN. ) );
#6644 = CARTESIAN_POINT ( 'NONE',  ( 0.3472796854691360124, -2.194836366436269781, 0.1596863798065049911 ) ) ;
#6645 = CIRCLE ( 'NONE', #2961, 0.09999999999999999167 ) ;
#6646 =( NAMED_UNIT ( * ) PLANE_ANGLE_UNIT ( ) SI_UNIT ( $, .RADIAN. ) );
#6647 = UNCERTAINTY_MEASURE_WITH_UNIT (LENGTH_MEASURE( 1.000000000000000082E-05 ), #5384, 'distance_accuracy_value', 'NONE');
#6648 = SURFACE_STYLE_FILL_AREA ( #7114 ) ;
#6649 = STYLED_ITEM ( 'NONE', ( #5638 ), #2522 ) ;
#6650 = SURFACE_SIDE_STYLE ('',( #2453 ) ) ;
#6651 = COLOUR_RGB ( '',0.8666666666666666963, 0.8666666666666666963, 0.8666666666666666963 ) ;
#6652 = PRESENTATION_STYLE_ASSIGNMENT (( #1232 ) ) ;
#6653 = ADVANCED_FACE ( 'NONE', ( #5771 ), #7026, .T. ) ;
#6654 = EDGE_LOOP ( 'NONE', ( #4859, #4146, #6458, #5294 ) ) ;
#6655 = ORIENTED_EDGE ( 'NONE', *, *, #3672, .F. ) ;
#6656 = SURFACE_SIDE_STYLE ('',( #1520 ) ) ;
#6657 = LINE ( 'NONE', #188, #2201 ) ;
#6658 = UNCERTAINTY_MEASURE_WITH_UNIT (LENGTH_MEASURE( 1.000000000000000082E-05 ), #4339, 'distance_accuracy_value', 'NONE');
#6659 = FILL_AREA_STYLE_COLOUR ( '', #2133 ) ;
#6660 =( LENGTH_UNIT ( ) NAMED_UNIT ( * ) SI_UNIT ( .MILLI., .METRE. ) );
#6661 = DIRECTION ( 'NONE',  ( 0.0000000000000000000, 1.000000000000000000, 0.0000000000000000000 ) ) ;
#6662 = PLANE ( 'NONE',  #1797 ) ;
#6663 = EDGE_CURVE ( 'NONE', #3986, #91, #1383, .T. ) ;
#6664 = VERTEX_POINT ( 'NONE', #5701 ) ;
#6665 = ORIENTED_EDGE ( 'NONE', *, *, #5328, .F. ) ;
#6666 = DIRECTION ( 'NONE',  ( 0.0000000000000000000, 0.0000000000000000000, 1.000000000000000000 ) ) ;
#6667 = FILL_AREA_STYLE ('',( #5373 ) ) ;
#6668 = DIRECTION ( 'NONE',  ( 1.000000000000000000, -0.0000000000000000000, 0.0000000000000000000 ) ) ;
#6669 = CARTESIAN_POINT ( 'NONE',  ( 2.000000000000000000, 0.2999999999999999889, -3.000000000000000000 ) ) ;
#6670 = SURFACE_STYLE_FILL_AREA ( #7331 ) ;
#6671 = EDGE_LOOP ( 'NONE', ( #1208, #5740, #6753, #4987 ) ) ;
#6672 =( NAMED_UNIT ( * ) PLANE_ANGLE_UNIT ( ) SI_UNIT ( $, .RADIAN. ) );
#6673 = VECTOR ( 'NONE', #587, 1000.000000000000000 ) ;
#6674 =( GEOMETRIC_REPRESENTATION_CONTEXT ( 3 ) GLOBAL_UNCERTAINTY_ASSIGNED_CONTEXT ( ( #7506 ) ) GLOBAL_UNIT_ASSIGNED_CONTEXT ( ( #1203, #2429, #7587 ) ) REPRESENTATION_CONTEXT ( 'NONE', 'WORKASPACE' ) );
#6675 = SURFACE_SIDE_STYLE ('',( #6045 ) ) ;
#6676 = FILL_AREA_STYLE_COLOUR ( '', #2376 ) ;
#6677 = CARTESIAN_POINT ( 'NONE',  ( 0.0000000000000000000, 2.000000000000000000, -0.4909999999999999920 ) ) ;
#6678 = CIRCLE ( 'NONE', #3863, 0.2999999999999999889 ) ;
#6679 = VECTOR ( 'NONE', #1266, 1000.000000000000000 ) ;
#6680 = ORIENTED_EDGE ( 'NONE', *, *, #6222, .T. ) ;
#6681 = CARTESIAN_POINT ( 'NONE',  ( -0.01978828152361080187, 2.110171558007790438, 2.876123971523600442 ) ) ;
#6682 =( NAMED_UNIT ( * ) PLANE_ANGLE_UNIT ( ) SI_UNIT ( $, .RADIAN. ) );
#6683 = EDGE_CURVE ( 'NONE', #5872, #366, #6437, .T. ) ;
#6684 = EDGE_CURVE ( 'NONE', #6153, #105, #1733, .T. ) ;
#6685 = MECHANICAL_DESIGN_GEOMETRIC_PRESENTATION_REPRESENTATION (  '', ( #2143 ), #216 ) ;
#6686 = COLOUR_RGB ( '',0.8666666666666666963, 0.8666666666666666963, 0.8666666666666666963 ) ;
#6687 = STYLED_ITEM ( 'NONE', ( #2632 ), #4496 ) ;
#6688 = ORIENTED_EDGE ( 'NONE', *, *, #4781, .T. ) ;
#6689 = ORIENTED_EDGE ( 'NONE', *, *, #6340, .T. ) ;
#6690 = CARTESIAN_POINT ( 'NONE',  ( 2.299999999999999822, 1.199999999999999956, -0.5000000000000000000 ) ) ;
#6691 = STYLED_ITEM ( 'NONE', ( #6404 ), #7582 ) ;
#6692 = SURFACE_STYLE_FILL_AREA ( #4971 ) ;
#6693 = ADVANCED_FACE ( 'NONE', ( #1627 ), #2947, .F. ) ;
#6694 =( NAMED_UNIT ( * ) PLANE_ANGLE_UNIT ( ) SI_UNIT ( $, .RADIAN. ) );
#6695 = MECHANICAL_DESIGN_GEOMETRIC_PRESENTATION_REPRESENTATION (  '', ( #7318 ), #2776 ) ;
#6696 = FACE_OUTER_BOUND ( 'NONE', #1917, .T. ) ;
#6697 = FACE_OUTER_BOUND ( 'NONE', #6173, .T. ) ;
#6698 = LINE ( 'NONE', #2085, #4820 ) ;
#6699 = ORIENTED_EDGE ( 'NONE', *, *, #2008, .T. ) ;
#6700 = VERTEX_POINT ( 'NONE', #5891 ) ;
#6701 = CARTESIAN_POINT ( 'NONE',  ( 0.5000000000000000000, 0.0000000000000000000, 2.000000000000000000 ) ) ;
#6702 = DIRECTION ( 'NONE',  ( 0.0000000000000000000, -1.000000000000000000, -1.276756478318930021E-15 ) ) ;
#6703 = EDGE_CURVE ( 'NONE', #3146, #29, #5957, .T. ) ;
#6704 = CARTESIAN_POINT ( 'NONE',  ( 0.0000000000000000000, 1.699999999999999956, 0.0000000000000000000 ) ) ;
#6705 = DIRECTION ( 'NONE',  ( 0.0000000000000000000, -0.0000000000000000000, -1.000000000000000000 ) ) ;
#6706 =( NAMED_UNIT ( * ) SI_UNIT ( $, .STERADIAN. ) SOLID_ANGLE_UNIT ( ) );
#6707 = SURFACE_STYLE_FILL_AREA ( #5994 ) ;
#6708 = ORIENTED_EDGE ( 'NONE', *, *, #5640, .F. ) ;
#6709 = SURFACE_SIDE_STYLE ('',( #3166 ) ) ;
#6710 = LINE ( 'NONE', #314, #2832 ) ;
#6711 = PRESENTATION_LAYER_ASSIGNMENT (  '', '', ( #5222 ) ) ;
#6712 = FILL_AREA_STYLE ('',( #3139 ) ) ;
#6713 = CARTESIAN_POINT ( 'NONE',  ( 0.9595471323335337255, 1.812165734002311179, 0.4999999999999998890 ) ) ;
#6714 = PRESENTATION_STYLE_ASSIGNMENT (( #3752 ) ) ;
#6715 = PLANE ( 'NONE',  #4442 ) ;
#6716 = ORIENTED_EDGE ( 'NONE', *, *, #1825, .T. ) ;
#6717 =( NAMED_UNIT ( * ) SI_UNIT ( $, .STERADIAN. ) SOLID_ANGLE_UNIT ( ) );
#6718 = DIRECTION ( 'NONE',  ( 1.000000000000000000, -0.0000000000000000000, -0.0000000000000000000 ) ) ;
#6719 = DIRECTION ( 'NONE',  ( 0.0000000000000000000, 1.715124499442879932E-15, 1.000000000000000000 ) ) ;
#6720 = VERTEX_POINT ( 'NONE', #129 ) ;
#6721 = VERTEX_POINT ( 'NONE', #3667 ) ;
#6722 = CARTESIAN_POINT ( 'NONE',  ( 0.1759123337078986327, 1.699999999999999956, 0.9326074194968092534 ) ) ;
#6723 = SURFACE_STYLE_USAGE ( .BOTH. , #4351 ) ;
#6724 = SURFACE_STYLE_USAGE ( .BOTH. , #6218 ) ;
#6725 = UNCERTAINTY_MEASURE_WITH_UNIT (LENGTH_MEASURE( 1.000000000000000082E-05 ), #5327, 'distance_accuracy_value', 'NONE');
#6726 = DIRECTION ( 'NONE',  ( -1.000000000000000000, 0.0000000000000000000, 0.0000000000000000000 ) ) ;
#6727 = PLANE ( 'NONE',  #6809 ) ;
#6728 = SURFACE_SIDE_STYLE ('',( #3652 ) ) ;
#6729 = ORIENTED_EDGE ( 'NONE', *, *, #2975, .T. ) ;
#6730 = EDGE_CURVE ( 'NONE', #2724, #5884, #1889, .T. ) ;
#6731 = ORIENTED_EDGE ( 'NONE', *, *, #6538, .T. ) ;
#6732 = EDGE_CURVE ( 'NONE', #4952, #7270, #7145, .T. ) ;
#6733 = CARTESIAN_POINT ( 'NONE',  ( -0.6036097206715246299, 2.399999999999999911, 1.359325773342919375 ) ) ;
#6734 = CARTESIAN_POINT ( 'NONE',  ( 2.399999999999999911, 0.0000000000000000000, 1.800000000000000488 ) ) ;
#6735 = CARTESIAN_POINT ( 'NONE',  ( 0.3472796854691360124, -0.8026979428767179181, 0.3860876042082059811 ) ) ;
#6736 = SURFACE_SIDE_STYLE ('',( #939 ) ) ;
#6737 = CARTESIAN_POINT ( 'NONE',  ( -0.3868562485163578035, -3.371237590837970366, 0.02571178359094358420 ) ) ;
#6738 = SURFACE_SIDE_STYLE ('',( #6197 ) ) ;
#6739 = DIRECTION ( 'NONE',  ( 0.0000000000000000000, 1.000000000000000000, -1.715124499442879932E-15 ) ) ;
#6740 = CARTESIAN_POINT ( 'NONE',  ( -0.3868562485163580811, -1.902697942876718784, 0.5592926849650926568 ) ) ;
#6741 =( LENGTH_UNIT ( ) NAMED_UNIT ( * ) SI_UNIT ( .MILLI., .METRE. ) );
#6742 = ORIENTED_EDGE ( 'NONE', *, *, #1581, .T. ) ;
#6743 = ADVANCED_FACE ( 'NONE', ( #5386 ), #6471, .F. ) ;
#6744 = SURFACE_STYLE_FILL_AREA ( #4446 ) ;
#6745 = PRESENTATION_STYLE_ASSIGNMENT (( #4482 ) ) ;
#6746 = SURFACE_STYLE_FILL_AREA ( #2104 ) ;
#6747 = COLOUR_RGB ( '',0.8666666666666666963, 0.8666666666666666963, 0.8666666666666666963 ) ;
#6748 = CARTESIAN_POINT ( 'NONE',  ( 0.1471217035494515046, 1.480159013072038565, 0.4999999999999996669 ) ) ;
#6749 = DIRECTION ( 'NONE',  ( 0.0000000000000000000, -0.5000000000000009992, 0.8660254037844380415 ) ) ;
#6750 = PRESENTATION_STYLE_ASSIGNMENT (( #6086 ) ) ;
#6751 = PRESENTATION_STYLE_ASSIGNMENT (( #2106 ) ) ;
#6752 = VECTOR ( 'NONE', #5971, 1000.000000000000000 ) ;
#6753 = ORIENTED_EDGE ( 'NONE', *, *, #5626, .T. ) ;
#6754 = DIRECTION ( 'NONE',  ( 1.000000000000000000, 0.0000000000000000000, -0.0000000000000000000 ) ) ;
#6755 = LINE ( 'NONE', #6644, #4910 ) ;
#6756 = MECHANICAL_DESIGN_GEOMETRIC_PRESENTATION_REPRESENTATION (  '', ( #983 ), #2942 ) ;
#6757 = VECTOR ( 'NONE', #4892, 1000.000000000000000 ) ;
#6758 = DIRECTION ( 'NONE',  ( 1.000000000000000000, 0.0000000000000000000, 0.0000000000000000000 ) ) ;
#6759 = VECTOR ( 'NONE', #7494, 1000.000000000000000 ) ;
#6760 = FILL_AREA_STYLE_COLOUR ( '', #7018 ) ;
#6761 = SURFACE_SIDE_STYLE ('',( #4824 ) ) ;
#6762 = CIRCLE ( 'NONE', #5013, 1.200000000000000178 ) ;
#6763 =( LENGTH_UNIT ( ) NAMED_UNIT ( * ) SI_UNIT ( .MILLI., .METRE. ) );
#6764 = VERTEX_POINT ( 'NONE', #4724 ) ;
#6765 = AXIS2_PLACEMENT_3D ( 'NONE', #6156, #909, #1550 ) ;
#6766 = VERTEX_POINT ( 'NONE', #4233 ) ;
#6767 = MECHANICAL_DESIGN_GEOMETRIC_PRESENTATION_REPRESENTATION (  '', ( #1992 ), #1625 ) ;
#6768 = CARTESIAN_POINT ( 'NONE',  ( -0.01978828152361080187, 0.0000000000000000000, 0.2000000000000000111 ) ) ;
#6769 = CARTESIAN_POINT ( 'NONE',  ( 0.5000000000000000000, 0.2999999999999999889, 3.258928571428569843 ) ) ;
#6770 = PRESENTATION_LAYER_ASSIGNMENT (  '', '', ( #1875 ) ) ;
#6771 = FILL_AREA_STYLE_COLOUR ( '', #1785 ) ;
#6772 = DIRECTION ( 'NONE',  ( -1.000000000000000000, 0.0000000000000000000, 0.0000000000000000000 ) ) ;
#6773 = VERTEX_POINT ( 'NONE', #1310 ) ;
#6774 =( GEOMETRIC_REPRESENTATION_CONTEXT ( 3 ) GLOBAL_UNCERTAINTY_ASSIGNED_CONTEXT ( ( #1442 ) ) GLOBAL_UNIT_ASSIGNED_CONTEXT ( ( #3278, #7241, #7284 ) ) REPRESENTATION_CONTEXT ( 'NONE', 'WORKASPACE' ) );
#6775 = ORIENTED_EDGE ( 'NONE', *, *, #5693, .F. ) ;
#6776 = CIRCLE ( 'NONE', #4179, 1.519868415357066072 ) ;
#6777 = DIRECTION ( 'NONE',  ( 0.0000000000000000000, 2.602085213965210642E-15, 1.000000000000000000 ) ) ;
#6778 = AXIS2_PLACEMENT_3D ( 'NONE', #1593, #3917, #2190 ) ;
#6779 = ADVANCED_FACE ( 'NONE', ( #6596, #1347 ), #3140, .F. ) ;
#6780 = EDGE_CURVE ( 'NONE', #6224, #3603, #5056, .T. ) ;
#6781 = SURFACE_SIDE_STYLE ('',( #2630 ) ) ;
#6782 = FACE_OUTER_BOUND ( 'NONE', #4258, .T. ) ;
#6783 = ORIENTED_EDGE ( 'NONE', *, *, #4373, .F. ) ;
#6784 = COLOUR_RGB ( '',0.8666666666666666963, 0.8666666666666666963, 0.8666666666666666963 ) ;
#6785 =( NAMED_UNIT ( * ) SI_UNIT ( $, .STERADIAN. ) SOLID_ANGLE_UNIT ( ) );
#6786 = FACE_OUTER_BOUND ( 'NONE', #537, .T. ) ;
#6787 = PLANE ( 'NONE',  #6364 ) ;
#6788 = MECHANICAL_DESIGN_GEOMETRIC_PRESENTATION_REPRESENTATION (  '', ( #3456 ), #787 ) ;
#6789 = FILL_AREA_STYLE ('',( #6119 ) ) ;
#6790 =( NAMED_UNIT ( * ) PLANE_ANGLE_UNIT ( ) SI_UNIT ( $, .RADIAN. ) );
#6791 = DIRECTION ( 'NONE',  ( -0.0000000000000000000, -1.000000000000000000, 0.0000000000000000000 ) ) ;
#6792 = EDGE_LOOP ( 'NONE', ( #2367, #3091, #208, #5324 ) ) ;
#6793 = DIRECTION ( 'NONE',  ( 0.0000000000000000000, 0.0000000000000000000, 1.000000000000000000 ) ) ;
#6794 = MECHANICAL_DESIGN_GEOMETRIC_PRESENTATION_REPRESENTATION (  '', ( #908 ), #3235 ) ;
#6795 = PRESENTATION_LAYER_ASSIGNMENT (  '', '', ( #1650 ) ) ;
#6796 = PRESENTATION_LAYER_ASSIGNMENT (  '', '', ( #1651 ) ) ;
#6797 = SURFACE_STYLE_USAGE ( .BOTH. , #1690 ) ;
#6798 = SURFACE_STYLE_USAGE ( .BOTH. , #2726 ) ;
#6799 = CARTESIAN_POINT ( 'NONE',  ( 3.250000000000000444, 0.0000000000000000000, -3.741071428571430602 ) ) ;
#6800 = EDGE_CURVE ( 'NONE', #1079, #5340, #3460, .T. ) ;
#6801 = DIRECTION ( 'NONE',  ( -0.0000000000000000000, 1.000000000000000000, 0.0000000000000000000 ) ) ;
#6802 = DIRECTION ( 'NONE',  ( 0.0000000000000000000, 1.000000000000000000, 0.0000000000000000000 ) ) ;
#6803 = DIRECTION ( 'NONE',  ( 0.0000000000000000000, -1.000000000000000000, -0.0000000000000000000 ) ) ;
#6804 = ORIENTED_EDGE ( 'NONE', *, *, #4373, .T. ) ;
#6805 = COLOUR_RGB ( '',0.8666666666666666963, 0.8666666666666666963, 0.8666666666666666963 ) ;
#6806 = VERTEX_POINT ( 'NONE', #6084 ) ;
#6807 = EDGE_LOOP ( 'NONE', ( #350, #1160, #855, #2425 ) ) ;
#6808 = LINE ( 'NONE', #4429, #3063 ) ;
#6809 = AXIS2_PLACEMENT_3D ( 'NONE', #3695, #6027, #3768 ) ;
#6810 = PRESENTATION_LAYER_ASSIGNMENT (  '', '', ( #1039 ) ) ;
#6811 = UNCERTAINTY_MEASURE_WITH_UNIT (LENGTH_MEASURE( 1.000000000000000082E-05 ), #812, 'distance_accuracy_value', 'NONE');
#6812 = SURFACE_STYLE_FILL_AREA ( #3228 ) ;
#6813 = SURFACE_STYLE_FILL_AREA ( #406 ) ;
#6814 = EDGE_LOOP ( 'NONE', ( #7130, #6716, #5017, #559, #4343, #4127, #5896, #207, #1167 ) ) ;
#6815 = STYLED_ITEM ( 'NONE', ( #595 ), #5073 ) ;
#6816 = MECHANICAL_DESIGN_GEOMETRIC_PRESENTATION_REPRESENTATION (  '', ( #3607 ), #5197 ) ;
#6817 = ORIENTED_EDGE ( 'NONE', *, *, #4983, .T. ) ;
#6818 = SURFACE_STYLE_FILL_AREA ( #3854 ) ;
#6819 = FACE_OUTER_BOUND ( 'NONE', #1568, .T. ) ;
#6820 =( NAMED_UNIT ( * ) PLANE_ANGLE_UNIT ( ) SI_UNIT ( $, .RADIAN. ) );
#6821 =( NAMED_UNIT ( * ) SI_UNIT ( $, .STERADIAN. ) SOLID_ANGLE_UNIT ( ) );
#6822 = CARTESIAN_POINT ( 'NONE',  ( 0.4752165657325300163, -1.923597468397800103, 0.1827914162704240009 ) ) ;
#6823 = CARTESIAN_POINT ( 'NONE',  ( -0.1528146411127589976, 4.799999999999999822, 0.2000000000000000111 ) ) ;
#6824 = PRODUCT ( 'User Library-RM-065', 'User Library-RM-065', '', ( #2446 ) ) ;
#6825 = ORIENTED_EDGE ( 'NONE', *, *, #6293, .F. ) ;
#6826 = DIRECTION ( 'NONE',  ( 1.000000000000000000, 0.0000000000000000000, 0.0000000000000000000 ) ) ;
#6827 = EDGE_CURVE ( 'NONE', #6554, #4556, #2070, .T. ) ;
#6828 = EDGE_CURVE ( 'NONE', #138, #3532, #6621, .T. ) ;
#6829 = SURFACE_STYLE_FILL_AREA ( #3821 ) ;
#6830 = CARTESIAN_POINT ( 'NONE',  ( 3.980102097228898231E-16, 2.000000000000000000, -3.741000000000000547 ) ) ;
#6831 = CARTESIAN_POINT ( 'NONE',  ( 1.396424004376891848, 2.400000000000000355, 0.5000000000000006661 ) ) ;
#6832 = PRESENTATION_STYLE_ASSIGNMENT (( #5039 ) ) ;
#6833 = FACE_OUTER_BOUND ( 'NONE', #3615, .T. ) ;
#6834 = ORIENTED_EDGE ( 'NONE', *, *, #2838, .F. ) ;
#6835 = ADVANCED_FACE ( 'NONE', ( #2596 ), #2556, .T. ) ;
#6836 = SURFACE_STYLE_FILL_AREA ( #2147 ) ;
#6837 = CARTESIAN_POINT ( 'NONE',  ( -0.8091253207244120116, 0.8712388980384689896, -0.8429203673205120095 ) ) ;
#6838 =( NAMED_UNIT ( * ) SI_UNIT ( $, .STERADIAN. ) SOLID_ANGLE_UNIT ( ) );
#6839 =( NAMED_UNIT ( * ) SI_UNIT ( $, .STERADIAN. ) SOLID_ANGLE_UNIT ( ) );
#6840 = SURFACE_SIDE_STYLE ('',( #4386 ) ) ;
#6841 = DIRECTION ( 'NONE',  ( 0.0000000000000000000, 1.000000000000000000, -1.715124499442879932E-15 ) ) ;
#6842 = PRESENTATION_LAYER_ASSIGNMENT (  '', '', ( #5092 ) ) ;
#6843 = ORIENTED_EDGE ( 'NONE', *, *, #6800, .F. ) ;
#6844 = ORIENTED_EDGE ( 'NONE', *, *, #2424, .F. ) ;
#6845 = EDGE_CURVE ( 'NONE', #3405, #4112, #3288, .T. ) ;
#6846 = DIRECTION ( 'NONE',  ( 0.0000000000000000000, 0.0000000000000000000, 1.000000000000000000 ) ) ;
#6847 = VECTOR ( 'NONE', #1312, 1000.000000000000000 ) ;
#6848 = SURFACE_STYLE_FILL_AREA ( #6139 ) ;
#6849 = SURFACE_SIDE_STYLE ('',( #441 ) ) ;
#6850 = CARTESIAN_POINT ( 'NONE',  ( 0.7908746792755910748, 4.999999999999999112, -3.581078107005028781E-16 ) ) ;
#6851 = ORIENTED_EDGE ( 'NONE', *, *, #2412, .F. ) ;
#6852 = ORIENTED_EDGE ( 'NONE', *, *, #5233, .T. ) ;
#6853 = FILL_AREA_STYLE ('',( #1530 ) ) ;
#6854 = CARTESIAN_POINT ( 'NONE',  ( 0.3472796854691360124, -1.302697942876720028, -0.4799377995762330040 ) ) ;
#6855 = CARTESIAN_POINT ( 'NONE',  ( -0.1528146411127589976, 1.428821155232010032, 0.9636106726801649813 ) ) ;
#6856 =( NAMED_UNIT ( * ) SI_UNIT ( $, .STERADIAN. ) SOLID_ANGLE_UNIT ( ) );
#6857 = CARTESIAN_POINT ( 'NONE',  ( -0.009125320724409170803, 1.100001307200499934, -0.8172085837295699484 ) ) ;
#6858 = DIRECTION ( 'NONE',  ( -1.000000000000000000, 0.0000000000000000000, -0.0000000000000000000 ) ) ;
#6859 = DIRECTION ( 'NONE',  ( 1.000000000000000000, 0.0000000000000000000, 0.0000000000000000000 ) ) ;
#6860 = ORIENTED_EDGE ( 'NONE', *, *, #1950, .T. ) ;
#6861 = SURFACE_STYLE_USAGE ( .BOTH. , #5794 ) ;
#6862 = FILL_AREA_STYLE ('',( #4484 ) ) ;
#6863 = PRESENTATION_STYLE_ASSIGNMENT (( #6203 ) ) ;
#6864 =( NAMED_UNIT ( * ) SI_UNIT ( $, .STERADIAN. ) SOLID_ANGLE_UNIT ( ) );
#6865 = COLOUR_RGB ( '',0.8666666666666666963, 0.8666666666666666963, 0.8666666666666666963 ) ;
#6866 = ORIENTED_EDGE ( 'NONE', *, *, #6477, .F. ) ;
#6867 =( NAMED_UNIT ( * ) PLANE_ANGLE_UNIT ( ) SI_UNIT ( $, .RADIAN. ) );
#6868 = LINE ( 'NONE', #6165, #6188 ) ;
#6869 = DIRECTION ( 'NONE',  ( 0.0000000000000000000, 1.000000000000000000, 0.0000000000000000000 ) ) ;
#6870 = AXIS2_PLACEMENT_3D ( 'NONE', #6296, #895, #2812 ) ;
#6871 = ADVANCED_FACE ( 'NONE', ( #2005 ), #4303, .F. ) ;
#6872 = LINE ( 'NONE', #2287, #5767 ) ;
#6873 = EDGE_CURVE ( 'NONE', #3524, #2734, #659, .T. ) ;
#6874 = ORIENTED_EDGE ( 'NONE', *, *, #786, .F. ) ;
#6875 = CIRCLE ( 'NONE', #7499, 0.2999999999999999889 ) ;
#6876 = VERTEX_POINT ( 'NONE', #4567 ) ;
#6877 = AXIS2_PLACEMENT_3D ( 'NONE', #6573, #1324, #185 ) ;
#6878 = CARTESIAN_POINT ( 'NONE',  ( -0.8091253207244090140, 0.7712388980384690118, -0.3429203673205150071 ) ) ;
#6879 = CARTESIAN_POINT ( 'NONE',  ( 0.5000000000000004441, 2.399999999999999911, 1.396424004376894068 ) ) ;
#6880 = PRESENTATION_LAYER_ASSIGNMENT (  '', '', ( #751 ) ) ;
#6881 = LINE ( 'NONE', #7395, #3790 ) ;
#6882 = UNCERTAINTY_MEASURE_WITH_UNIT (LENGTH_MEASURE( 1.000000000000000082E-05 ), #4895, 'distance_accuracy_value', 'NONE');
#6883 = CARTESIAN_POINT ( 'NONE',  ( -0.8091253207244110124, 1.664928218426819928, -0.6429203673205110547 ) ) ;
#6884 =( GEOMETRIC_REPRESENTATION_CONTEXT ( 3 ) GLOBAL_UNCERTAINTY_ASSIGNED_CONTEXT ( ( #3039 ) ) GLOBAL_UNIT_ASSIGNED_CONTEXT ( ( #2103, #3902, #945 ) ) REPRESENTATION_CONTEXT ( 'NONE', 'WORKASPACE' ) );
#6885 = MECHANICAL_DESIGN_GEOMETRIC_PRESENTATION_REPRESENTATION (  '', ( #2581 ), #2820 ) ;
#6886 = ADVANCED_FACE ( 'NONE', ( #7485 ), #2245, .F. ) ;
#6887 =( GEOMETRIC_REPRESENTATION_CONTEXT ( 3 ) GLOBAL_UNCERTAINTY_ASSIGNED_CONTEXT ( ( #4846 ) ) GLOBAL_UNIT_ASSIGNED_CONTEXT ( ( #4566, #6270, #2862 ) ) REPRESENTATION_CONTEXT ( 'NONE', 'WORKASPACE' ) );
#6888 = PRESENTATION_STYLE_ASSIGNMENT (( #1671 ) ) ;
#6889 = AXIS2_PLACEMENT_3D ( 'NONE', #4247, #708, #6577 ) ;
#6890 = CYLINDRICAL_SURFACE ( 'NONE', #6067, 0.2000000000000000111 ) ;
#6891 = ORIENTED_EDGE ( 'NONE', *, *, #7015, .T. ) ;
#6892 = ORIENTED_EDGE ( 'NONE', *, *, #6896, .F. ) ;
#6893 = CARTESIAN_POINT ( 'NONE',  ( -2.019788281523609896, 3.329000000000000181, -0.1429203673205090008 ) ) ;
#6894 =( NAMED_UNIT ( * ) PLANE_ANGLE_UNIT ( ) SI_UNIT ( $, .RADIAN. ) );
#6895 = UNCERTAINTY_MEASURE_WITH_UNIT (LENGTH_MEASURE( 1.000000000000000082E-05 ), #3105, 'distance_accuracy_value', 'NONE');
#6896 = EDGE_CURVE ( 'NONE', #2387, #5501, #5759, .T. ) ;
#6897 = CARTESIAN_POINT ( 'NONE',  ( -1.396424004376893402, 2.399999999999999023, -0.5000000000000006661 ) ) ;
#6898 = STYLED_ITEM ( 'NONE', ( #4070 ), #2565 ) ;
#6899 = LINE ( 'NONE', #6305, #1283 ) ;
#6900 = EDGE_LOOP ( 'NONE', ( #3477, #5871, #1872, #4013 ) ) ;
#6901 =( LENGTH_UNIT ( ) NAMED_UNIT ( * ) SI_UNIT ( .MILLI., .METRE. ) );
#6902 = DIRECTION ( 'NONE',  ( -1.000000000000000000, -0.0000000000000000000, -0.0000000000000000000 ) ) ;
#6903 = VECTOR ( 'NONE', #3479, 1000.000000000000000 ) ;
#6904 =( NAMED_UNIT ( * ) SI_UNIT ( $, .STERADIAN. ) SOLID_ANGLE_UNIT ( ) );
#6905 = DIRECTION ( 'NONE',  ( 0.0000000000000000000, 0.0000000000000000000, -1.000000000000000000 ) ) ;
#6906 = MECHANICAL_DESIGN_GEOMETRIC_PRESENTATION_REPRESENTATION (  '', ( #2122 ), #1392 ) ;
#6907 = ORIENTED_EDGE ( 'NONE', *, *, #3520, .F. ) ;
#6908 = PRESENTATION_STYLE_ASSIGNMENT (( #4749 ) ) ;
#6909 = VECTOR ( 'NONE', #7330, 1000.000000000000000 ) ;
#6910 = CARTESIAN_POINT ( 'NONE',  ( -0.01978828152361089901, 2.686465021920419805, 0.0000000000000000000 ) ) ;
#6911 = SURFACE_SIDE_STYLE ('',( #6276 ) ) ;
#6912 = VERTEX_POINT ( 'NONE', #1061 ) ;
#6913 = EDGE_LOOP ( 'NONE', ( #5470, #6951, #3434, #2051, #5232, #894 ) ) ;
#6914 = FILL_AREA_STYLE ('',( #3995 ) ) ;
#6915 = EDGE_CURVE ( 'NONE', #3853, #1674, #5965, .T. ) ;
#6916 = EDGE_CURVE ( 'NONE', #689, #1975, #3848, .T. ) ;
#6917 = LINE ( 'NONE', #7507, #3200 ) ;
#6918 = AXIS2_PLACEMENT_3D ( 'NONE', #4324, #2056, #4357 ) ;
#6919 = VECTOR ( 'NONE', #7288, 1000.000000000000000 ) ;
#6920 = PRESENTATION_LAYER_ASSIGNMENT (  '', '', ( #6288 ) ) ;
#6921 = CARTESIAN_POINT ( 'NONE',  ( 0.5000000000000000000, 1.699999999999999956, 1.600000000000000089 ) ) ;
#6922 =( LENGTH_UNIT ( ) NAMED_UNIT ( * ) SI_UNIT ( .MILLI., .METRE. ) );
#6923 = ORIENTED_EDGE ( 'NONE', *, *, #6397, .F. ) ;
#6924 = VERTEX_POINT ( 'NONE', #7459 ) ;
#6925 = CARTESIAN_POINT ( 'NONE',  ( -1.500000000000000000, 0.0000000000000000000, 2.100000000000000089 ) ) ;
#6926 = MECHANICAL_DESIGN_GEOMETRIC_PRESENTATION_REPRESENTATION (  '', ( #3862 ), #2509 ) ;
#6927 = MECHANICAL_DESIGN_GEOMETRIC_PRESENTATION_REPRESENTATION (  '', ( #212 ), #4212 ) ;
#6928 = PLANE ( 'NONE',  #5379 ) ;
#6929 = EDGE_CURVE ( 'NONE', #4316, #3054, #4046, .T. ) ;
#6930 = CARTESIAN_POINT ( 'NONE',  ( 0.7908746792755910748, 0.8712388980384698778, -0.6429203673205119429 ) ) ;
#6931 = CARTESIAN_POINT ( 'NONE',  ( 2.142428528562859924, 0.0000000000000000000, 1.800000000000000266 ) ) ;
#6932 = MECHANICAL_DESIGN_GEOMETRIC_PRESENTATION_REPRESENTATION (  '', ( #5437 ), #7058 ) ;
#6933 = AXIS2_PLACEMENT_3D ( 'NONE', #3541, #7021, #7063 ) ;
#6934 = ORIENTED_EDGE ( 'NONE', *, *, #3263, .T. ) ;
#6935 = PRESENTATION_STYLE_ASSIGNMENT (( #5142 ) ) ;
#6936 = FILL_AREA_STYLE_COLOUR ( '', #2366 ) ;
#6937 = ORIENTED_EDGE ( 'NONE', *, *, #3253, .F. ) ;
#6938 = SURFACE_SIDE_STYLE ('',( #3976 ) ) ;
#6939 = EDGE_CURVE ( 'NONE', #1915, #225, #5075, .T. ) ;
#6940 = PRESENTATION_LAYER_ASSIGNMENT (  '', '', ( #4218 ) ) ;
#6941 = LINE ( 'NONE', #6379, #7259 ) ;
#6942 = PRESENTATION_STYLE_ASSIGNMENT (( #5653 ) ) ;
#6943 =( NAMED_UNIT ( * ) PLANE_ANGLE_UNIT ( ) SI_UNIT ( $, .RADIAN. ) );
#6944 = ORIENTED_EDGE ( 'NONE', *, *, #3672, .T. ) ;
#6945 = SURFACE_STYLE_USAGE ( .BOTH. , #7019 ) ;
#6946 = CARTESIAN_POINT ( 'NONE',  ( -0.5000000000000007772, 2.399999999999999911, -1.396424004376893624 ) ) ;
#6947 = DIRECTION ( 'NONE',  ( 0.0000000000000000000, -0.0000000000000000000, 1.000000000000000000 ) ) ;
#6948 = FILL_AREA_STYLE ('',( #3371 ) ) ;
#6949 = DIRECTION ( 'NONE',  ( -1.000000000000000000, -0.0000000000000000000, -0.0000000000000000000 ) ) ;
#6950 =( NAMED_UNIT ( * ) PLANE_ANGLE_UNIT ( ) SI_UNIT ( $, .RADIAN. ) );
#6951 = ORIENTED_EDGE ( 'NONE', *, *, #6005, .F. ) ;
#6952 = ORIENTED_EDGE ( 'NONE', *, *, #5969, .T. ) ;
#6953 = SURFACE_SIDE_STYLE ('',( #5851 ) ) ;
#6954 = UNCERTAINTY_MEASURE_WITH_UNIT (LENGTH_MEASURE( 1.000000000000000082E-05 ), #4500, 'distance_accuracy_value', 'NONE');
#6955 = AXIS2_PLACEMENT_3D ( 'NONE', #1993, #4293, #859 ) ;
#6956 = CARTESIAN_POINT ( 'NONE',  ( 0.7908746792755911859, 5.671238898038470033, 0.0000000000000000000 ) ) ;
#6957 = CARTESIAN_POINT ( 'NONE',  ( 0.7908746792755910748, 5.900001307200509970, -0.8429203673205112324 ) ) ;
#6958 = ORIENTED_EDGE ( 'NONE', *, *, #976, .F. ) ;
#6959 = ORIENTED_EDGE ( 'NONE', *, *, #7580, .T. ) ;
#6960 = LINE ( 'NONE', #6925, #2706 ) ;
#6961 = SURFACE_STYLE_USAGE ( .BOTH. , #1831 ) ;
#6962 = UNCERTAINTY_MEASURE_WITH_UNIT (LENGTH_MEASURE( 1.000000000000000082E-05 ), #6763, 'distance_accuracy_value', 'NONE');
#6963 = CARTESIAN_POINT ( 'NONE',  ( 1.406253083519913849, 2.494631486945854348, 0.6147497051756632969 ) ) ;
#6964 = DIRECTION ( 'NONE',  ( 0.0000000000000000000, 0.0000000000000000000, 1.000000000000000000 ) ) ;
#6965 = ORIENTED_EDGE ( 'NONE', *, *, #929, .T. ) ;
#6966 = EDGE_CURVE ( 'NONE', #867, #7223, #7434, .T. ) ;
#6967 = DIRECTION ( 'NONE',  ( -0.0000000000000000000, -1.000000000000000000, 0.0000000000000000000 ) ) ;
#6968 = CARTESIAN_POINT ( 'NONE',  ( -0.01978828152361089901, 3.329000000000000181, 0.0000000000000000000 ) ) ;
#6969 = EDGE_CURVE ( 'NONE', #2481, #365, #205, .T. ) ;
#6970 = VERTEX_POINT ( 'NONE', #2438 ) ;
#6971 = ORIENTED_EDGE ( 'NONE', *, *, #2893, .T. ) ;
#6972 = PLANE ( 'NONE',  #2716 ) ;
#6973 = CARTESIAN_POINT ( 'NONE',  ( -0.8091253207244079038, -0.5314590448382460197, -1.322858166896750065 ) ) ;
#6974 = CARTESIAN_POINT ( 'NONE',  ( 0.5892990465583428650, 1.568229512926198277, -0.5000000000000002220 ) ) ;
#6975 = LINE ( 'NONE', #2719, #6399 ) ;
#6976 = EDGE_CURVE ( 'NONE', #4611, #502, #6464, .T. ) ;
#6977 =( NAMED_UNIT ( * ) PLANE_ANGLE_UNIT ( ) SI_UNIT ( $, .RADIAN. ) );
#6978 = EDGE_LOOP ( 'NONE', ( #4231, #4410, #6843, #1642 ) ) ;
#6979 = VECTOR ( 'NONE', #2037, 1000.000000000000000 ) ;
#6980 = CARTESIAN_POINT ( 'NONE',  ( -0.009125320724409993062, 1.328821155232009943, 1.136815753437049992 ) ) ;
#6981 =( NAMED_UNIT ( * ) PLANE_ANGLE_UNIT ( ) SI_UNIT ( $, .RADIAN. ) );
#6982 = DIRECTION ( 'NONE',  ( 1.000000000000000000, 0.0000000000000000000, 0.0000000000000000000 ) ) ;
#6983 = PRESENTATION_STYLE_ASSIGNMENT (( #3991 ) ) ;
#6984 = EDGE_CURVE ( 'NONE', #2163, #4621, #1786, .T. ) ;
#6985 = ORIENTED_EDGE ( 'NONE', *, *, #409, .T. ) ;
#6986 = LINE ( 'NONE', #1739, #2814 ) ;
#6987 = CARTESIAN_POINT ( 'NONE',  ( -0.8091253207244110124, 2.699999999999998845, -0.5429203673205098557 ) ) ;
#6988 = COLOUR_RGB ( '',0.8666666666666666963, 0.8666666666666666963, 0.8666666666666666963 ) ;
#6989 = PRESENTATION_STYLE_ASSIGNMENT (( #7574 ) ) ;
#6990 = COLOUR_RGB ( '',0.0000000000000000000, 0.0000000000000000000, 1.000000000000000000 ) ;
#6991 = AXIS2_PLACEMENT_3D ( 'NONE', #5537, #7385, #4884 ) ;
#6992 = CARTESIAN_POINT ( 'NONE',  ( 1.484358114786097376E-16, 0.0000000000000000000, -1.703070382921480164 ) ) ;
#6993 = PLANE ( 'NONE',  #4053 ) ;
#6994 = AXIS2_PLACEMENT_3D ( 'NONE', #4014, #3879, #6208 ) ;
#6995 = PRESENTATION_LAYER_ASSIGNMENT (  '', '', ( #3683 ) ) ;
#6996 = SURFACE_STYLE_FILL_AREA ( #7578 ) ;
#6997 = ORIENTED_EDGE ( 'NONE', *, *, #3774, .T. ) ;
#6998 =( GEOMETRIC_REPRESENTATION_CONTEXT ( 3 ) GLOBAL_UNCERTAINTY_ASSIGNED_CONTEXT ( ( #6014 ) ) GLOBAL_UNIT_ASSIGNED_CONTEXT ( ( #1144, #2286, #4606 ) ) REPRESENTATION_CONTEXT ( 'NONE', 'WORKASPACE' ) );
#6999 = CARTESIAN_POINT ( 'NONE',  ( 0.3472796854691360124, 0.0000000000000000000, 0.2000000000000000111 ) ) ;
#7000 = SURFACE_STYLE_FILL_AREA ( #2853 ) ;
#7001 = LINE ( 'NONE', #2299, #604 ) ;
#7002 = CARTESIAN_POINT ( 'NONE',  ( 0.1345639996639400038, 2.899999999999997247, -0.5429203673205100777 ) ) ;
#7003 = VECTOR ( 'NONE', #6117, 1000.000000000000000 ) ;
#7004 = PRESENTATION_LAYER_ASSIGNMENT (  '', '', ( #1375 ) ) ;
#7005 = DIRECTION ( 'NONE',  ( 0.0000000000000000000, -1.000000000000000000, 1.715124499442879932E-15 ) ) ;
#7006 = APPLICATION_CONTEXT ( 'automotive_design' ) ;
#7007 = ORIENTED_EDGE ( 'NONE', *, *, #6916, .F. ) ;
#7008 = FACE_OUTER_BOUND ( 'NONE', #2801, .T. ) ;
#7009 = ORIENTED_EDGE ( 'NONE', *, *, #6062, .F. ) ;
#7010 = PRESENTATION_LAYER_ASSIGNMENT (  '', '', ( #1116 ) ) ;
#7011 = ORIENTED_EDGE ( 'NONE', *, *, #1771, .T. ) ;
#7012 = COLOUR_RGB ( '',0.8666666666666666963, 0.8666666666666666963, 0.8666666666666666963 ) ;
#7013 = CARTESIAN_POINT ( 'NONE',  ( 0.6903442030978960142, -0.1500000000000006883, 0.2401923788646684876 ) ) ;
#7014 = COLOUR_RGB ( '',0.8666666666666666963, 0.8666666666666666963, 0.8666666666666666963 ) ;
#7015 = EDGE_CURVE ( 'NONE', #4331, #1516, #6509, .T. ) ;
#7016 = ADVANCED_FACE ( 'NONE', ( #4679 ), #4227, .T. ) ;
#7017 = STYLED_ITEM ( 'NONE', ( #2964 ), #2690 ) ;
#7018 = COLOUR_RGB ( '',0.8666666666666666963, 0.8666666666666666963, 0.8666666666666666963 ) ;
#7019 = SURFACE_SIDE_STYLE ('',( #419 ) ) ;
#7020 = PRESENTATION_STYLE_ASSIGNMENT (( #3463 ) ) ;
#7021 = DIRECTION ( 'NONE',  ( 1.000000000000000000, -0.0000000000000000000, -0.0000000000000000000 ) ) ;
#7022 = ORIENTED_EDGE ( 'NONE', *, *, #2316, .T. ) ;
#7023 = DIRECTION ( 'NONE',  ( 0.0000000000000000000, 0.0000000000000000000, 1.000000000000000000 ) ) ;
#7024 = EDGE_CURVE ( 'NONE', #4214, #1306, #669, .T. ) ;
#7025 = CARTESIAN_POINT ( 'NONE',  ( -0.8091253207244104573, 0.8712388980384689896, -0.6429203673205119429 ) ) ;
#7026 = PLANE ( 'NONE',  #1129 ) ;
#7027 = CARTESIAN_POINT ( 'NONE',  ( 0.3472796854691360124, -3.371237590837970366, 0.2257117835909439874 ) ) ;
#7028 = SURFACE_STYLE_USAGE ( .BOTH. , #6473 ) ;
#7029 = ITEM_DEFINED_TRANSFORMATION ( 'NONE', 'NONE', #5456,  #5078 ) ;
#7030 = B_SPLINE_CURVE_WITH_KNOTS ( 'NONE', 3,
 ( #2926, #1242, #7050, #2856, #111, #1796, #4709, #2895 ),
 .UNSPECIFIED., .F., .F.,
 ( 4, 2, 2, 4 ),
 ( 3.066586833366748373E-19, 0.0003254673714821891052, 0.0006509347429643778851, 0.001301869485928755336 ),
 .UNSPECIFIED. ) ;
#7031 = EDGE_LOOP ( 'NONE', ( #6934, #2850, #399, #697 ) ) ;
#7032 = DIRECTION ( 'NONE',  ( -1.000000000000000000, -0.0000000000000000000, -0.0000000000000000000 ) ) ;
#7033 = VECTOR ( 'NONE', #5461, 1000.000000000000000 ) ;
#7034 = CARTESIAN_POINT ( 'NONE',  ( 0.1345639996639400038, 2.600000000000000533, -0.6429203673205101666 ) ) ;
#7035 = SURFACE_SIDE_STYLE ('',( #1698 ) ) ;
#7036 = ADVANCED_FACE ( 'NONE', ( #3584 ), #5270, .T. ) ;
#7037 = UNCERTAINTY_MEASURE_WITH_UNIT (LENGTH_MEASURE( 1.000000000000000082E-05 ), #4432, 'distance_accuracy_value', 'NONE');
#7038 = PRESENTATION_STYLE_ASSIGNMENT (( #5124 ) ) ;
#7039 = CIRCLE ( 'NONE', #6163, 1.000000000000000000 ) ;
#7040 = CARTESIAN_POINT ( 'NONE',  ( -0.8091253207244079038, 0.06854095516175304215, -0.2836276823554212401 ) ) ;
#7041 = ORIENTED_EDGE ( 'NONE', *, *, #3020, .T. ) ;
#7042 = CARTESIAN_POINT ( 'NONE',  ( -0.1528146411127589976, 2.899999999999999911, 0.0000000000000000000 ) ) ;
#7043 = CARTESIAN_POINT ( 'NONE',  ( 1.980211718476390326, 3.329000000000000181, -0.1429203673205090008 ) ) ;
#7044 = PRESENTATION_STYLE_ASSIGNMENT (( #6961 ) ) ;
#7045 = PRODUCT_DEFINITION_CONTEXT ( 'detailed design', #6608, 'design' ) ;
#7046 = SURFACE_STYLE_FILL_AREA ( #4665 ) ;
#7047 = AXIS2_PLACEMENT_3D ( 'NONE', #521, #3006, #7005 ) ;
#7048 = UNCERTAINTY_MEASURE_WITH_UNIT (LENGTH_MEASURE( 1.000000000000000082E-05 ), #7439, 'distance_accuracy_value', 'NONE');
#7049 = LINE ( 'NONE', #6371, #5885 ) ;
#7050 = CARTESIAN_POINT ( 'NONE',  ( 0.7012016495210184885, 2.399999999999999467, -1.311532496930307490 ) ) ;
#7051 = ORIENTED_EDGE ( 'NONE', *, *, #3086, .T. ) ;
#7052 = FILL_AREA_STYLE_COLOUR ( '', #6805 ) ;
#7053 =( LENGTH_UNIT ( ) NAMED_UNIT ( * ) SI_UNIT ( .MILLI., .METRE. ) );
#7054 = VERTEX_POINT ( 'NONE', #5564 ) ;
#7055 = PRESENTATION_LAYER_ASSIGNMENT (  '', '', ( #2757 ) ) ;
#7056 = ORIENTED_EDGE ( 'NONE', *, *, #38, .F. ) ;
#7057 = DIRECTION ( 'NONE',  ( -1.000000000000000000, 0.0000000000000000000, 0.0000000000000000000 ) ) ;
#7058 =( GEOMETRIC_REPRESENTATION_CONTEXT ( 3 ) GLOBAL_UNCERTAINTY_ASSIGNED_CONTEXT ( ( #6400 ) ) GLOBAL_UNIT_ASSIGNED_CONTEXT ( ( #6166, #6646, #3293 ) ) REPRESENTATION_CONTEXT ( 'NONE', 'WORKASPACE' ) );
#7059 = CIRCLE ( 'NONE', #3475, 0.9999999999999997780 ) ;
#7060 = VECTOR ( 'NONE', #6949, 1000.000000000000000 ) ;
#7061 = DIRECTION ( 'NONE',  ( 0.0000000000000000000, -0.8660254037844383745, 0.5000000000000004441 ) ) ;
#7062 =( NAMED_UNIT ( * ) SI_UNIT ( $, .STERADIAN. ) SOLID_ANGLE_UNIT ( ) );
#7063 = DIRECTION ( 'NONE',  ( 0.0000000000000000000, 0.0000000000000000000, 1.000000000000000000 ) ) ;
#7064 = EDGE_CURVE ( 'NONE', #936, #1290, #1455, .T. ) ;
#7065 = EDGE_LOOP ( 'NONE', ( #4260, #5317, #2569, #3839 ) ) ;
#7066 = CARTESIAN_POINT ( 'NONE',  ( -0.1528146411127589976, 0.8712388980384699888, -0.8429203673205144520 ) ) ;
#7067 = LINE ( 'NONE', #6980, #3608 ) ;
#7068 = LINE ( 'NONE', #2410, #5746 ) ;
#7069 = PLANE ( 'NONE',  #548 ) ;
#7070 = CARTESIAN_POINT ( 'NONE',  ( -0.009125320724409288764, 0.7712388980384691228, -0.6429203673205119429 ) ) ;
#7071 = EDGE_CURVE ( 'NONE', #2774, #4736, #5524, .T. ) ;
#7072 = PRODUCT_CONTEXT ( 'NONE', #1920, 'mechanical' ) ;
#7073 = EDGE_CURVE ( 'NONE', #3586, #5647, #2870, .T. ) ;
#7074 = ORIENTED_EDGE ( 'NONE', *, *, #5916, .F. ) ;
#7075 =( LENGTH_UNIT ( ) NAMED_UNIT ( * ) SI_UNIT ( .MILLI., .METRE. ) );
#7076 = DIRECTION ( 'NONE',  ( -0.0000000000000000000, -1.000000000000000000, -0.0000000000000000000 ) ) ;
#7077 = FILL_AREA_STYLE ('',( #5817 ) ) ;
#7078 = CARTESIAN_POINT ( 'NONE',  ( -0.3868562485163578035, -2.294836366436269870, 0.3328914605633930823 ) ) ;
#7079 = CARTESIAN_POINT ( 'NONE',  ( 0.5000000000000000000, 0.0000000000000000000, 3.258928571428570287 ) ) ;
#7080 = FILL_AREA_STYLE_COLOUR ( '', #3376 ) ;
#7081 = EDGE_CURVE ( 'NONE', #5453, #2921, #5599, .T. ) ;
#7082 = ORIENTED_EDGE ( 'NONE', *, *, #3761, .F. ) ;
#7083 = CARTESIAN_POINT ( 'NONE',  ( -0.8091253207244090140, 4.800000000000000711, -0.04292036732051039694 ) ) ;
#7084 = CARTESIAN_POINT ( 'NONE',  ( 2.299999999999999822, 2.399999999999999911, -7.709882115452470771E-17 ) ) ;
#7085 = VECTOR ( 'NONE', #1052, 1000.000000000000000 ) ;
#7086 = FACE_OUTER_BOUND ( 'NONE', #1086, .T. ) ;
#7087 = VERTEX_POINT ( 'NONE', #4986 ) ;
#7088 = CARTESIAN_POINT ( 'NONE',  ( 3.306546357697853733E-16, 1.800000000000000266, 2.209000000000000075 ) ) ;
#7089 = ORIENTED_EDGE ( 'NONE', *, *, #92, .F. ) ;
#7090 = STYLED_ITEM ( 'NONE', ( #6750 ), #136 ) ;
#7091 = VERTEX_POINT ( 'NONE', #1537 ) ;
#7092 = CARTESIAN_POINT ( 'NONE',  ( 1.406253083519913849, 2.273440392604345828, -0.2335881032754207609 ) ) ;
#7093 = SURFACE_STYLE_FILL_AREA ( #6461 ) ;
#7094 = FILL_AREA_STYLE ('',( #2977 ) ) ;
#7095 = CARTESIAN_POINT ( 'NONE',  ( 2.000000000000000000, 0.0000000000000000000, -3.000000000000000000 ) ) ;
#7096 = CARTESIAN_POINT ( 'NONE',  ( 0.1345639996639400038, -0.03145904483824916997, -0.4568327631123056398 ) ) ;
#7097 = CARTESIAN_POINT ( 'NONE',  ( 0.0000000000000000000, 0.2999999999999999889, -3.000000000000000000 ) ) ;
#7098 = CARTESIAN_POINT ( 'NONE',  ( -0.009125320724410178677, -2.599998692799499800, -0.8172085837295707256 ) ) ;
#7099 = ORIENTED_EDGE ( 'NONE', *, *, #5209, .F. ) ;
#7100 = ORIENTED_EDGE ( 'NONE', *, *, #3273, .F. ) ;
#7101 = DIRECTION ( 'NONE',  ( -1.000000000000000000, 0.0000000000000000000, 0.0000000000000000000 ) ) ;
#7102 = CARTESIAN_POINT ( 'NONE',  ( 0.7908746792755910748, 5.900001307200509970, -0.6429203673205107217 ) ) ;
#7103 = LINE ( 'NONE', #7027, #6679 ) ;
#7104 = LINE ( 'NONE', #2486, #6847 ) ;
#7105 = DIRECTION ( 'NONE',  ( 0.0000000000000000000, 0.0000000000000000000, 1.000000000000000000 ) ) ;
#7106 = ORIENTED_EDGE ( 'NONE', *, *, #5505, .T. ) ;
#7107 = FILL_AREA_STYLE_COLOUR ( '', #4501 ) ;
#7108 = DIRECTION ( 'NONE',  ( 1.000000000000000000, 0.0000000000000000000, 0.0000000000000000000 ) ) ;
#7109 = LINE ( 'NONE', #133, #980 ) ;
#7110 = UNCERTAINTY_MEASURE_WITH_UNIT (LENGTH_MEASURE( 1.000000000000000082E-05 ), #6038, 'distance_accuracy_value', 'NONE');
#7111 = EDGE_CURVE ( 'NONE', #4593, #3404, #3162, .T. ) ;
#7112 = STYLED_ITEM ( 'NONE', ( #2065 ), #362 ) ;
#7113 = EDGE_CURVE ( 'NONE', #2619, #2469, #6111, .T. ) ;
#7114 = FILL_AREA_STYLE ('',( #657 ) ) ;
#7115 = LINE ( 'NONE', #1859, #6390 ) ;
#7116 = EDGE_LOOP ( 'NONE', ( #2535, #4584, #1465, #7588 ) ) ;
#7117 = MECHANICAL_DESIGN_GEOMETRIC_PRESENTATION_REPRESENTATION (  '', ( #601 ), #7234 ) ;
#7118 = ORIENTED_EDGE ( 'NONE', *, *, #4041, .T. ) ;
#7119 = PRESENTATION_LAYER_ASSIGNMENT (  '', '', ( #141 ) ) ;
#7120 = LINE ( 'NONE', #5179, #6359 ) ;
#7121 = UNCERTAINTY_MEASURE_WITH_UNIT (LENGTH_MEASURE( 1.000000000000000082E-05 ), #5109, 'distance_accuracy_value', 'NONE');
#7122 = UNCERTAINTY_MEASURE_WITH_UNIT (LENGTH_MEASURE( 1.000000000000000082E-05 ), #3888, 'distance_accuracy_value', 'NONE');
#7123 = ADVANCED_FACE ( 'NONE', ( #3282 ), #3706, .T. ) ;
#7124 = COLOUR_RGB ( '',1.000000000000000000, 1.000000000000000000, 1.000000000000000000 ) ;
#7125 = DIRECTION ( 'NONE',  ( 1.000000000000000000, 0.0000000000000000000, -0.0000000000000000000 ) ) ;
#7126 = DIRECTION ( 'NONE',  ( 0.0000000000000000000, -1.000000000000000000, -8.881784197001250351E-16 ) ) ;
#7127 = CARTESIAN_POINT ( 'NONE',  ( 0.5000000000000000000, 1.699999999999999956, -1.600000000000000089 ) ) ;
#7128 = DIRECTION ( 'NONE',  ( -1.000000000000000000, -0.0000000000000000000, 0.0000000000000000000 ) ) ;
#7129 = ORIENTED_EDGE ( 'NONE', *, *, #1351, .T. ) ;
#7130 = ORIENTED_EDGE ( 'NONE', *, *, #3914, .T. ) ;
#7131 = STYLED_ITEM ( 'NONE', ( #1100 ), #1959 ) ;
#7132 = LINE ( 'NONE', #1876, #2220 ) ;
#7133 = CARTESIAN_POINT ( 'NONE',  ( -0.01978828152361089901, 2.915227431082460186, 0.02571178359094360155 ) ) ;
#7134 = EDGE_CURVE ( 'NONE', #6924, #6580, #2036, .T. ) ;
#7135 = DIRECTION ( 'NONE',  ( -1.000000000000000000, 0.0000000000000000000, 0.0000000000000000000 ) ) ;
#7136 =( LENGTH_UNIT ( ) NAMED_UNIT ( * ) SI_UNIT ( .MILLI., .METRE. ) );
#7137 = LINE ( 'NONE', #7097, #1649 ) ;
#7138 = STYLED_ITEM ( 'NONE', ( #759 ), #6264 ) ;
#7139 = ORIENTED_EDGE ( 'NONE', *, *, #7015, .F. ) ;
#7140 = VERTEX_POINT ( 'NONE', #373 ) ;
#7141 = CARTESIAN_POINT ( 'NONE',  ( 0.2680751308898460250, 0.7712388980384690118, -0.3429203673205120095 ) ) ;
#7142 = COLOUR_RGB ( '',0.8666666666666666963, 0.8666666666666666963, 0.8666666666666666963 ) ;
#7143 = MECHANICAL_DESIGN_GEOMETRIC_PRESENTATION_REPRESENTATION (  '', ( #878 ), #3819 ) ;
#7144 = DIRECTION ( 'NONE',  ( 1.000000000000000000, 0.0000000000000000000, -0.0000000000000000000 ) ) ;
#7145 = LINE ( 'NONE', #649, #1539 ) ;
#7146 = SURFACE_STYLE_USAGE ( .BOTH. , #6472 ) ;
#7147 = DIRECTION ( 'NONE',  ( 1.000000000000000000, 0.0000000000000000000, 0.0000000000000000000 ) ) ;
#7148 = AXIS2_PLACEMENT_3D ( 'NONE', #6854, #5063, #5178 ) ;
#7149 = APPLICATION_PROTOCOL_DEFINITION ( 'draft international standard', 'automotive_design', 1998, #2682 ) ;
#7150 = PRESENTATION_LAYER_ASSIGNMENT (  '', '', ( #3823 ) ) ;
#7151 = EDGE_LOOP ( 'NONE', ( #2284, #5519, #2078, #4171 ) ) ;
#7152 = SURFACE_STYLE_FILL_AREA ( #103 ) ;
#7153 = CIRCLE ( 'NONE', #772, 1.519868415357065849 ) ;
#7154 = CARTESIAN_POINT ( 'NONE',  ( -3.250000000000000888, 2.000000000000000000, 3.258928571428570287 ) ) ;
#7155 = ORIENTED_EDGE ( 'NONE', *, *, #5649, .T. ) ;
#7156 = MECHANICAL_DESIGN_GEOMETRIC_PRESENTATION_REPRESENTATION (  '', ( #3218 ), #7286 ) ;
#7157 = EDGE_CURVE ( 'NONE', #7054, #471, #3866, .T. ) ;
#7158 = ORIENTED_EDGE ( 'NONE', *, *, #411, .F. ) ;
#7159 = EDGE_CURVE ( 'NONE', #6396, #3942, #5491, .T. ) ;
#7160 = DIRECTION ( 'NONE',  ( 0.0000000000000000000, 0.0000000000000000000, -1.000000000000000000 ) ) ;
#7161 =( NAMED_UNIT ( * ) SI_UNIT ( $, .STERADIAN. ) SOLID_ANGLE_UNIT ( ) );
#7162 = SURFACE_STYLE_USAGE ( .BOTH. , #2540 ) ;
#7163 = CIRCLE ( 'NONE', #898, 1.200000000000000178 ) ;
#7164 = LINE ( 'NONE', #112, #3395 ) ;
#7165 = CARTESIAN_POINT ( 'NONE',  ( 0.0000000000000000000, 0.0000000000000000000, -2.700000000000000178 ) ) ;
#7166 = SURFACE_STYLE_USAGE ( .BOTH. , #6728 ) ;
#7167 = ORIENTED_EDGE ( 'NONE', *, *, #6154, .F. ) ;
#7168 = ORIENTED_EDGE ( 'NONE', *, *, #492, .F. ) ;
#7169 = EDGE_CURVE ( 'NONE', #328, #7377, #6149, .T. ) ;
#7170 = COLOUR_RGB ( '',0.8666666666666666963, 0.8666666666666666963, 0.8666666666666666963 ) ;
#7171 = CIRCLE ( 'NONE', #3967, 1.000000000000000000 ) ;
#7172 = FILL_AREA_STYLE ('',( #5307 ) ) ;
#7173 = SURFACE_STYLE_USAGE ( .BOTH. , #6462 ) ;
#7174 = CARTESIAN_POINT ( 'NONE',  ( -0.009125320724409953163, -1.423597468397799215, -0.6832339875140095442 ) ) ;
#7175 = VECTOR ( 'NONE', #1087, 1000.000000000000000 ) ;
#7176 = VECTOR ( 'NONE', #6077, 1000.000000000000000 ) ;
#7177 = AXIS2_PLACEMENT_3D ( 'NONE', #72, #4590, #6964 ) ;
#7178 = DIRECTION ( 'NONE',  ( 0.0000000000000000000, 0.0000000000000000000, 1.000000000000000000 ) ) ;
#7179 = ORIENTED_EDGE ( 'NONE', *, *, #6155, .T. ) ;
#7180 = EDGE_CURVE ( 'NONE', #5973, #4349, #4809, .T. ) ;
#7181 = VERTEX_POINT ( 'NONE', #4866 ) ;
#7182 =( GEOMETRIC_REPRESENTATION_CONTEXT ( 3 ) GLOBAL_UNCERTAINTY_ASSIGNED_CONTEXT ( ( #6478 ) ) GLOBAL_UNIT_ASSIGNED_CONTEXT ( ( #6660, #4250, #6615 ) ) REPRESENTATION_CONTEXT ( 'NONE', 'WORKASPACE' ) );
#7183 =( GEOMETRIC_REPRESENTATION_CONTEXT ( 3 ) GLOBAL_UNCERTAINTY_ASSIGNED_CONTEXT ( ( #4178 ) ) GLOBAL_UNIT_ASSIGNED_CONTEXT ( ( #988, #420, #462 ) ) REPRESENTATION_CONTEXT ( 'NONE', 'WORKASPACE' ) );
#7184 = PRESENTATION_LAYER_ASSIGNMENT (  '', '', ( #5191 ) ) ;
#7185 = LINE ( 'NONE', #1345, #511 ) ;
#7186 =( NAMED_UNIT ( * ) SI_UNIT ( $, .STERADIAN. ) SOLID_ANGLE_UNIT ( ) );
#7187 =( NAMED_UNIT ( * ) SI_UNIT ( $, .STERADIAN. ) SOLID_ANGLE_UNIT ( ) );
#7188 = CARTESIAN_POINT ( 'NONE',  ( 0.4417258743745440253, 4.999999999999999112, -5.650695048136078665E-16 ) ) ;
#7189 = CARTESIAN_POINT ( 'NONE',  ( 0.7908746792755908528, 2.899999999999996358, 0.0000000000000000000 ) ) ;
#7190 = SURFACE_STYLE_FILL_AREA ( #4235 ) ;
#7191 = VECTOR ( 'NONE', #892, 1000.000000000000000 ) ;
#7192 = AXIS2_PLACEMENT_3D ( 'NONE', #5658, #2679, #2181 ) ;
#7193 = ORIENTED_EDGE ( 'NONE', *, *, #786, .T. ) ;
#7194 = SURFACE_STYLE_USAGE ( .BOTH. , #102 ) ;
#7195 = PLANE ( 'NONE',  #1524 ) ;
#7196 = MECHANICAL_DESIGN_GEOMETRIC_PRESENTATION_REPRESENTATION (  '', ( #2641 ), #2888 ) ;
#7197 = UNCERTAINTY_MEASURE_WITH_UNIT (LENGTH_MEASURE( 1.000000000000000082E-05 ), #1155, 'distance_accuracy_value', 'NONE');
#7198 = LINE ( 'NONE', #6055, #6752 ) ;
#7199 = FILL_AREA_STYLE ('',( #7080 ) ) ;
#7200 = ORIENTED_EDGE ( 'NONE', *, *, #1396, .F. ) ;
#7201 = ORIENTED_EDGE ( 'NONE', *, *, #3396, .T. ) ;
#7202 = LINE ( 'NONE', #1198, #3569 ) ;
#7203 = CARTESIAN_POINT ( 'NONE',  ( -1.195371941304531171, 2.399999999999999911, -0.8848091125983501559 ) ) ;
#7204 = UNCERTAINTY_MEASURE_WITH_UNIT (LENGTH_MEASURE( 1.000000000000000082E-05 ), #334, 'distance_accuracy_value', 'NONE');
#7205 =( NAMED_UNIT ( * ) SI_UNIT ( $, .STERADIAN. ) SOLID_ANGLE_UNIT ( ) );
#7206 = FILL_AREA_STYLE_COLOUR ( '', #2792 ) ;
#7207 =( LENGTH_UNIT ( ) NAMED_UNIT ( * ) SI_UNIT ( .MILLI., .METRE. ) );
#7208 = DIRECTION ( 'NONE',  ( 0.0000000000000000000, 0.0000000000000000000, 1.000000000000000000 ) ) ;
#7209 = ORIENTED_EDGE ( 'NONE', *, *, #2216, .T. ) ;
#7210 = ORIENTED_EDGE ( 'NONE', *, *, #6828, .T. ) ;
#7211 = CARTESIAN_POINT ( 'NONE',  ( 1.406253083519913627, 2.342467299939956948, -0.4482915149229061424 ) ) ;
#7212 = CARTESIAN_POINT ( 'NONE',  ( -0.1528146411127589976, 4.799999999999999822, 0.0000000000000000000 ) ) ;
#7213 = EDGE_CURVE ( 'NONE', #5711, #7219, #3779, .T. ) ;
#7214 = ADVANCED_FACE ( 'NONE', ( #5846 ), #2911, .T. ) ;
#7215 = SURFACE_SIDE_STYLE ('',( #6813 ) ) ;
#7216 = FILL_AREA_STYLE_COLOUR ( '', #316 ) ;
#7217 = LINE ( 'NONE', #6078, #7484 ) ;
#7218 = ORIENTED_EDGE ( 'NONE', *, *, #641, .T. ) ;
#7219 = VERTEX_POINT ( 'NONE', #2374 ) ;
#7220 = DIRECTION ( 'NONE',  ( 1.000000000000000000, -0.0000000000000000000, -0.0000000000000000000 ) ) ;
#7221 = EDGE_CURVE ( 'NONE', #4621, #3146, #2384, .T. ) ;
#7222 = LINE ( 'NONE', #1814, #2457 ) ;
#7223 = VERTEX_POINT ( 'NONE', #7070 ) ;
#7224 = LINE ( 'NONE', #7304, #4421 ) ;
#7225 = EDGE_CURVE ( 'NONE', #6153, #2764, #6678, .T. ) ;
#7226 = CARTESIAN_POINT ( 'NONE',  ( 1.416579326567968922, 0.0000000000000000000, -3.741071428571428381 ) ) ;
#7227 = FACE_OUTER_BOUND ( 'NONE', #5145, .T. ) ;
#7228 = ORIENTED_EDGE ( 'NONE', *, *, #4095, .T. ) ;
#7229 = EDGE_LOOP ( 'NONE', ( #444, #6844, #6294, #463 ) ) ;
#7230 = PRESENTATION_STYLE_ASSIGNMENT (( #3035 ) ) ;
#7231 = DIRECTION ( 'NONE',  ( 0.0000000000000000000, 1.000000000000000000, 0.0000000000000000000 ) ) ;
#7232 = PRESENTATION_LAYER_ASSIGNMENT (  '', '', ( #1712 ) ) ;
#7233 = DIRECTION ( 'NONE',  ( 0.0000000000000000000, 0.0000000000000000000, 1.000000000000000000 ) ) ;
#7234 =( GEOMETRIC_REPRESENTATION_CONTEXT ( 3 ) GLOBAL_UNCERTAINTY_ASSIGNED_CONTEXT ( ( #6415 ) ) GLOBAL_UNIT_ASSIGNED_CONTEXT ( ( #7075, #6357, #2292 ) ) REPRESENTATION_CONTEXT ( 'NONE', 'WORKASPACE' ) );
#7235 = SURFACE_STYLE_USAGE ( .BOTH. , #5448 ) ;
#7236 = DIRECTION ( 'NONE',  ( 0.0000000000000000000, 0.0000000000000000000, 1.000000000000000000 ) ) ;
#7237 = VECTOR ( 'NONE', #3690, 1000.000000000000000 ) ;
#7238 = SURFACE_SIDE_STYLE ('',( #4718 ) ) ;
#7239 = VERTEX_POINT ( 'NONE', #174 ) ;
#7240 = ORIENTED_EDGE ( 'NONE', *, *, #1545, .F. ) ;
#7241 =( NAMED_UNIT ( * ) PLANE_ANGLE_UNIT ( ) SI_UNIT ( $, .RADIAN. ) );
#7242 = LINE ( 'NONE', #154, #1096 ) ;
#7243 = VECTOR ( 'NONE', #517, 1000.000000000000000 ) ;
#7244 = LINE ( 'NONE', #3703, #6457 ) ;
#7245 = STYLED_ITEM ( 'NONE', ( #4273 ), #5596 ) ;
#7246 = CARTESIAN_POINT ( 'NONE',  ( -0.01978828152361080187, 3.528999999999998138, -0.1429203673205100000 ) ) ;
#7247 =( NAMED_UNIT ( * ) SI_UNIT ( $, .STERADIAN. ) SOLID_ANGLE_UNIT ( ) );
#7248 =( LENGTH_UNIT ( ) NAMED_UNIT ( * ) SI_UNIT ( .MILLI., .METRE. ) );
#7249 = AXIS2_PLACEMENT_3D ( 'NONE', #1219, #1142, #1887 ) ;
#7250 = ORIENTED_EDGE ( 'NONE', *, *, #3156, .T. ) ;
#7251 = VECTOR ( 'NONE', #4174, 1000.000000000000000 ) ;
#7252 = MECHANICAL_DESIGN_GEOMETRIC_PRESENTATION_REPRESENTATION (  '', ( #2094 ), #3190 ) ;
#7253 = EDGE_CURVE ( 'NONE', #5748, #6011, #3025, .T. ) ;
#7254 = ADVANCED_FACE ( 'NONE', ( #3514 ), #4728, .T. ) ;
#7255 = DIRECTION ( 'NONE',  ( -1.000000000000000000, -0.0000000000000000000, -0.0000000000000000000 ) ) ;
#7256 = AXIS2_PLACEMENT_3D ( 'NONE', #1665, #2914, #2334 ) ;
#7257 =( NAMED_UNIT ( * ) PLANE_ANGLE_UNIT ( ) SI_UNIT ( $, .RADIAN. ) );
#7258 = DIRECTION ( 'NONE',  ( 0.0000000000000000000, 1.000000000000000000, 0.0000000000000000000 ) ) ;
#7259 = VECTOR ( 'NONE', #982, 1000.000000000000000 ) ;
#7260 = CARTESIAN_POINT ( 'NONE',  ( -1.082643580092796931, 1.893147267061251915, 0.4999999999999997780 ) ) ;
#7261 = SURFACE_SIDE_STYLE ('',( #1502 ) ) ;
#7262 = COLOUR_RGB ( '',0.8666666666666666963, 0.8666666666666666963, 0.8666666666666666963 ) ;
#7263 = DIRECTION ( 'NONE',  ( 1.000000000000000000, 0.0000000000000000000, 0.0000000000000000000 ) ) ;
#7264 = STYLED_ITEM ( 'NONE', ( #5718 ), #2358 ) ;
#7265 = ORIENTED_EDGE ( 'NONE', *, *, #4189, .F. ) ;
#7266 = ADVANCED_FACE ( 'NONE', ( #1853 ), #3594, .F. ) ;
#7267 = SURFACE_STYLE_FILL_AREA ( #3556 ) ;
#7268 = SURFACE_STYLE_FILL_AREA ( #5502 ) ;
#7269 =( NAMED_UNIT ( * ) SI_UNIT ( $, .STERADIAN. ) SOLID_ANGLE_UNIT ( ) );
#7270 = VERTEX_POINT ( 'NONE', #3786 ) ;
#7271 = ORIENTED_EDGE ( 'NONE', *, *, #7487, .T. ) ;
#7272 = ADVANCED_FACE ( 'NONE', ( #5468 ), #839, .T. ) ;
#7273 =( LENGTH_UNIT ( ) NAMED_UNIT ( * ) SI_UNIT ( .MILLI., .METRE. ) );
#7274 = PRESENTATION_LAYER_ASSIGNMENT (  '', '', ( #7522 ) ) ;
#7275 = FACE_OUTER_BOUND ( 'NONE', #47, .T. ) ;
#7276 = DIRECTION ( 'NONE',  ( -0.0000000000000000000, -1.000000000000000000, -0.0000000000000000000 ) ) ;
#7277 = FILL_AREA_STYLE ('',( #3573 ) ) ;
#7278 = SURFACE_SIDE_STYLE ('',( #253 ) ) ;
#7279 = VECTOR ( 'NONE', #4308, 1000.000000000000000 ) ;
#7280 = CARTESIAN_POINT ( 'NONE',  ( -1.697056274847712931, -0.2999999999999999889, 2.100000000000000977 ) ) ;
#7281 = DIRECTION ( 'NONE',  ( 0.0000000000000000000, 0.0000000000000000000, 1.000000000000000000 ) ) ;
#7282 = VERTEX_POINT ( 'NONE', #3212 ) ;
#7283 = ORIENTED_EDGE ( 'NONE', *, *, #7081, .T. ) ;
#7284 =( NAMED_UNIT ( * ) SI_UNIT ( $, .STERADIAN. ) SOLID_ANGLE_UNIT ( ) );
#7285 = DIRECTION ( 'NONE',  ( 0.0000000000000000000, 0.0000000000000000000, 1.000000000000000000 ) ) ;
#7286 =( GEOMETRIC_REPRESENTATION_CONTEXT ( 3 ) GLOBAL_UNCERTAINTY_ASSIGNED_CONTEXT ( ( #134 ) ) GLOBAL_UNIT_ASSIGNED_CONTEXT ( ( #2315, #597, #1257 ) ) REPRESENTATION_CONTEXT ( 'NONE', 'WORKASPACE' ) );
#7287 = SURFACE_STYLE_USAGE ( .BOTH. , #5490 ) ;
#7288 = DIRECTION ( 'NONE',  ( -1.000000000000000000, -0.0000000000000000000, 0.0000000000000000000 ) ) ;
#7289 = FILL_AREA_STYLE_COLOUR ( '', #3712 ) ;
#7290 = DIRECTION ( 'NONE',  ( 1.000000000000000000, -0.0000000000000000000, -0.0000000000000000000 ) ) ;
#7291 = VECTOR ( 'NONE', #2718, 1000.000000000000000 ) ;
#7292 = AXIS2_PLACEMENT_3D ( 'NONE', #685, #3013, #5376 ) ;
#7293 = ORIENTED_EDGE ( 'NONE', *, *, #7073, .F. ) ;
#7294 = SURFACE_STYLE_USAGE ( .BOTH. , #804 ) ;
#7295 = PRESENTATION_LAYER_ASSIGNMENT (  '', '', ( #3726 ) ) ;
#7296 = CARTESIAN_POINT ( 'NONE',  ( -0.009125320724410319190, 1.893690627588850095, -0.6172085837295719912 ) ) ;
#7297 = SURFACE_STYLE_FILL_AREA ( #1424 ) ;
#7298 =( NAMED_UNIT ( * ) SI_UNIT ( $, .STERADIAN. ) SOLID_ANGLE_UNIT ( ) );
#7299 = LINE ( 'NONE', #5574, #6057 ) ;
#7300 = PRESENTATION_LAYER_ASSIGNMENT (  '', '', ( #2998 ) ) ;
#7301 = VECTOR ( 'NONE', #2443, 1000.000000000000000 ) ;
#7302 = EDGE_LOOP ( 'NONE', ( #3749, #1945, #2124, #6124 ) ) ;
#7303 = DIRECTION ( 'NONE',  ( 1.000000000000000000, -0.0000000000000000000, -0.0000000000000000000 ) ) ;
#7304 = CARTESIAN_POINT ( 'NONE',  ( -1.500000000000000000, 2.399999999999999911, 2.100000000000000089 ) ) ;
#7305 = PLANE ( 'NONE',  #554 ) ;
#7306 = FILL_AREA_STYLE_COLOUR ( '', #1725 ) ;
#7307 = VECTOR ( 'NONE', #2111, 1000.000000000000000 ) ;
#7308 = MECHANICAL_DESIGN_GEOMETRIC_PRESENTATION_REPRESENTATION (  '', ( #6556 ), #7183 ) ;
#7309 = EDGE_CURVE ( 'NONE', #5340, #7346, #7299, .T. ) ;
#7310 = CARTESIAN_POINT ( 'NONE',  ( 0.0000000000000000000, 1.800000000000000266, -3.191000000000000281 ) ) ;
#7311 = EDGE_CURVE ( 'NONE', #5354, #3728, #2557, .T. ) ;
#7312 = EDGE_LOOP ( 'NONE', ( #6514, #2146, #2467, #6283 ) ) ;
#7313 = ORIENTED_EDGE ( 'NONE', *, *, #4262, .F. ) ;
#7314 = FILL_AREA_STYLE_COLOUR ( '', #3704 ) ;
#7315 =( NAMED_UNIT ( * ) PLANE_ANGLE_UNIT ( ) SI_UNIT ( $, .RADIAN. ) );
#7316 = SURFACE_STYLE_USAGE ( .BOTH. , #2779 ) ;
#7317 = EDGE_CURVE ( 'NONE', #6228, #2754, #7059, .T. ) ;
#7318 = STYLED_ITEM ( 'NONE', ( #6652 ), #140 ) ;
#7319 = PLANE ( 'NONE',  #6918 ) ;
#7320 = PRESENTATION_STYLE_ASSIGNMENT (( #2617 ) ) ;
#7321 = DIRECTION ( 'NONE',  ( 3.832379218072619739E-32, 1.000000000000000000, -4.890569709194473206E-48 ) ) ;
#7322 = DIRECTION ( 'NONE',  ( 0.0000000000000000000, 0.0000000000000000000, -1.000000000000000000 ) ) ;
#7323 = VERTEX_POINT ( 'NONE', #2043 ) ;
#7324 = ORIENTED_EDGE ( 'NONE', *, *, #6064, .F. ) ;
#7325 = DIRECTION ( 'NONE',  ( 0.0000000000000000000, -0.8660254037844398178, 0.4999999999999979461 ) ) ;
#7326 = CARTESIAN_POINT ( 'NONE',  ( 0.5000000000000000000, 2.399999999999999911, 1.600000000000000089 ) ) ;
#7327 = PRESENTATION_LAYER_ASSIGNMENT (  '', '', ( #2523 ) ) ;
#7328 = CARTESIAN_POINT ( 'NONE',  ( 0.4395356215117700027, 0.06854095516174837921, -0.2836276823554213511 ) ) ;
#7329 = FILL_AREA_STYLE ('',( #3865 ) ) ;
#7330 = DIRECTION ( 'NONE',  ( -0.0000000000000000000, -1.000000000000000000, 0.0000000000000000000 ) ) ;
#7331 = FILL_AREA_STYLE ('',( #1457 ) ) ;
#7332 = VERTEX_POINT ( 'NONE', #3141 ) ;
#7333 = FACE_OUTER_BOUND ( 'NONE', #7559, .T. ) ;
#7334 = CARTESIAN_POINT ( 'NONE',  ( 0.7302117184763926572, 3.528999999999995474, -1.798920367320508751 ) ) ;
#7335 = VECTOR ( 'NONE', #6194, 1000.000000000000000 ) ;
#7336 = FACE_OUTER_BOUND ( 'NONE', #721, .T. ) ;
#7337 = FILL_AREA_STYLE ('',( #4304 ) ) ;
#7338 = FILL_AREA_STYLE ('',( #1464 ) ) ;
#7339 = VECTOR ( 'NONE', #4091, 1000.000000000000000 ) ;
#7340 = ORIENTED_EDGE ( 'NONE', *, *, #4793, .T. ) ;
#7341 =( NAMED_UNIT ( * ) SI_UNIT ( $, .STERADIAN. ) SOLID_ANGLE_UNIT ( ) );
#7342 = LINE ( 'NONE', #3832, #1921 ) ;
#7343 =( LENGTH_UNIT ( ) NAMED_UNIT ( * ) SI_UNIT ( .MILLI., .METRE. ) );
#7344 = FACE_BOUND ( 'NONE', #2819, .T. ) ;
#7345 = CARTESIAN_POINT ( 'NONE',  ( -0.3868562485163580811, 2.922498976444949825, 0.2000000000000000389 ) ) ;
#7346 = VERTEX_POINT ( 'NONE', #244 ) ;
#7347 = EDGE_LOOP ( 'NONE', ( #3936, #1663, #1631, #5316 ) ) ;
#7348 = ORIENTED_EDGE ( 'NONE', *, *, #4735, .F. ) ;
#7349 = LINE ( 'NONE', #434, #2711 ) ;
#7350 = CARTESIAN_POINT ( 'NONE',  ( 2.142428528562859924, 2.399999999999999911, 2.100000000000000089 ) ) ;
#7351 = ADVANCED_FACE ( 'NONE', ( #4342 ), #6715, .T. ) ;
#7352 = SURFACE_STYLE_USAGE ( .BOTH. , #7473 ) ;
#7353 = UNCERTAINTY_MEASURE_WITH_UNIT (LENGTH_MEASURE( 1.000000000000000082E-05 ), #1577, 'distance_accuracy_value', 'NONE');
#7354 = PLANE ( 'NONE',  #5028 ) ;
#7355 = CARTESIAN_POINT ( 'NONE',  ( 1.848138122877330052E-16, 2.399999999999999911, -1.600000000000000089 ) ) ;
#7356 = VERTEX_POINT ( 'NONE', #7423 ) ;
#7357 = ORIENTED_EDGE ( 'NONE', *, *, #2593, .T. ) ;
#7358 = CYLINDRICAL_SURFACE ( 'NONE', #5128, 0.09999999999999999167 ) ;
#7359 = FACE_OUTER_BOUND ( 'NONE', #6475, .T. ) ;
#7360 = FILL_AREA_STYLE ('',( #5024 ) ) ;
#7361 = EDGE_CURVE ( 'NONE', #5748, #6094, #3875, .T. ) ;
#7362 = CYLINDRICAL_SURFACE ( 'NONE', #5097, 0.09999999999999999167 ) ;
#7363 = AXIS2_PLACEMENT_3D ( 'NONE', #3998, #719, #7564 ) ;
#7364 = DIRECTION ( 'NONE',  ( 0.0000000000000000000, 0.0000000000000000000, 1.000000000000000000 ) ) ;
#7365 = PRESENTATION_STYLE_ASSIGNMENT (( #3778 ) ) ;
#7366 = ORIENTED_EDGE ( 'NONE', *, *, #5110, .T. ) ;
#7367 = STYLED_ITEM ( 'NONE', ( #1449 ), #1636 ) ;
#7368 = DIRECTION ( 'NONE',  ( 1.276118419109379938E-16, 0.0000000000000000000, -1.000000000000000000 ) ) ;
#7369 = MECHANICAL_DESIGN_GEOMETRIC_PRESENTATION_REPRESENTATION (  '', ( #6616 ), #5123 ) ;
#7370 = ADVANCED_FACE ( 'NONE', ( #2827 ), #5761, .T. ) ;
#7371 =( GEOMETRIC_REPRESENTATION_CONTEXT ( 3 ) GLOBAL_UNCERTAINTY_ASSIGNED_CONTEXT ( ( #7197 ) ) GLOBAL_UNIT_ASSIGNED_CONTEXT ( ( #1155, #6331, #1194 ) ) REPRESENTATION_CONTEXT ( 'NONE', 'WORKASPACE' ) );
#7372 = LINE ( 'NONE', #6635, #2946 ) ;
#7373 =( LENGTH_UNIT ( ) NAMED_UNIT ( * ) SI_UNIT ( .MILLI., .METRE. ) );
#7374 =( GEOMETRIC_REPRESENTATION_CONTEXT ( 3 ) GLOBAL_UNCERTAINTY_ASSIGNED_CONTEXT ( ( #588 ) ) GLOBAL_UNIT_ASSIGNED_CONTEXT ( ( #1482, #1600, #3806 ) ) REPRESENTATION_CONTEXT ( 'NONE', 'WORKASPACE' ) );
#7375 = SURFACE_STYLE_FILL_AREA ( #3670 ) ;
#7376 = AXIS2_PLACEMENT_3D ( 'NONE', #5926, #2990, #6595 ) ;
#7377 = VERTEX_POINT ( 'NONE', #1064 ) ;
#7378 = CARTESIAN_POINT ( 'NONE',  ( 0.7302117184763908808, 3.528999999999998582, -0.2989203673205033107 ) ) ;
#7379 = PRODUCT_DEFINITION_SHAPE ( 'NONE', 'NONE',  #6436 ) ;
#7380 = LINE ( 'NONE', #5657, #5005 ) ;
#7381 =( GEOMETRIC_REPRESENTATION_CONTEXT ( 3 ) GLOBAL_UNCERTAINTY_ASSIGNED_CONTEXT ( ( #5948 ) ) GLOBAL_UNIT_ASSIGNED_CONTEXT ( ( #6593, #6672, #5529 ) ) REPRESENTATION_CONTEXT ( 'NONE', 'WORKASPACE' ) );
#7382 = VECTOR ( 'NONE', #7393, 1000.000000000000000 ) ;
#7383 = SURFACE_STYLE_USAGE ( .BOTH. , #6209 ) ;
#7384 = PRESENTATION_LAYER_ASSIGNMENT (  '', '', ( #6135 ) ) ;
#7385 = DIRECTION ( 'NONE',  ( 0.0000000000000000000, -8.881784197001250351E-16, 1.000000000000000000 ) ) ;
#7386 = CARTESIAN_POINT ( 'NONE',  ( -3.250000000000000444, 0.0000000000000000000, 3.258928571428569843 ) ) ;
#7387 = CARTESIAN_POINT ( 'NONE',  ( 1.130211718476388905, 3.328999999999998405, -1.798920367320509195 ) ) ;
#7388 = COLOUR_RGB ( '',1.000000000000000000, 1.000000000000000000, 1.000000000000000000 ) ;
#7389 = FILL_AREA_STYLE ('',( #3262 ) ) ;
#7390 = VERTEX_POINT ( 'NONE', #2793 ) ;
#7391 =( GEOMETRIC_REPRESENTATION_CONTEXT ( 3 ) GLOBAL_UNCERTAINTY_ASSIGNED_CONTEXT ( ( #4405 ) ) GLOBAL_UNIT_ASSIGNED_CONTEXT ( ( #4544, #2960, #2265 ) ) REPRESENTATION_CONTEXT ( 'NONE', 'WORKASPACE' ) );
#7392 =( GEOMETRIC_REPRESENTATION_CONTEXT ( 3 ) GLOBAL_UNCERTAINTY_ASSIGNED_CONTEXT ( ( #2491 ) ) GLOBAL_UNIT_ASSIGNED_CONTEXT ( ( #335, #4580, #4021 ) ) REPRESENTATION_CONTEXT ( 'NONE', 'WORKASPACE' ) );
#7393 = DIRECTION ( 'NONE',  ( 1.000000000000000000, 0.0000000000000000000, 0.0000000000000000000 ) ) ;
#7394 = CARTESIAN_POINT ( 'NONE',  ( 0.7908746792755909638, 2.600000000000000533, -0.8429203673205130087 ) ) ;
#7395 = CARTESIAN_POINT ( 'NONE',  ( 1.848138122877330052E-16, 2.399999999999999911, 1.800000000000000266 ) ) ;
#7396 = PRESENTATION_LAYER_ASSIGNMENT (  '', '', ( #7017 ) ) ;
#7397 = PRESENTATION_STYLE_ASSIGNMENT (( #4469 ) ) ;
#7398 =( GEOMETRIC_REPRESENTATION_CONTEXT ( 3 ) GLOBAL_UNCERTAINTY_ASSIGNED_CONTEXT ( ( #3280 ) ) GLOBAL_UNIT_ASSIGNED_CONTEXT ( ( #815, #5396, #1395 ) ) REPRESENTATION_CONTEXT ( 'NONE', 'WORKASPACE' ) );
#7399 =( LENGTH_UNIT ( ) NAMED_UNIT ( * ) SI_UNIT ( .MILLI., .METRE. ) );
#7400 = ADVANCED_FACE ( 'NONE', ( #6833 ), #6315, .T. ) ;
#7401 = CARTESIAN_POINT ( 'NONE',  ( -0.8091253207244090140, 5.671238898038470033, -0.8858407346410179795 ) ) ;
#7402 = ADVANCED_FACE ( 'NONE', ( #3697 ), #6662, .F. ) ;
#7403 = PRESENTATION_STYLE_ASSIGNMENT (( #2660 ) ) ;
#7404 = ORIENTED_EDGE ( 'NONE', *, *, #2593, .F. ) ;
#7405 = VECTOR ( 'NONE', #6329, 1000.000000000000000 ) ;
#7406 = ORIENTED_EDGE ( 'NONE', *, *, #4872, .T. ) ;
#7407 = DIRECTION ( 'NONE',  ( 1.000000000000000000, -0.0000000000000000000, -0.0000000000000000000 ) ) ;
#7408 = CYLINDRICAL_SURFACE ( 'NONE', #1382, 0.7999999999999999334 ) ;
#7409 = PRESENTATION_STYLE_ASSIGNMENT (( #3897 ) ) ;
#7410 = VECTOR ( 'NONE', #7460, 1000.000000000000000 ) ;
#7411 = DIRECTION ( 'NONE',  ( -0.0000000000000000000, 1.000000000000000000, 0.0000000000000000000 ) ) ;
#7412 = SURFACE_SIDE_STYLE ('',( #1015 ) ) ;
#7413 = EDGE_CURVE ( 'NONE', #1726, #6970, #2881, .T. ) ;
#7414 = ORIENTED_EDGE ( 'NONE', *, *, #6386, .T. ) ;
#7415 = AXIS2_PLACEMENT_3D ( 'NONE', #4696, #1820, #6476 ) ;
#7416 =( REPRESENTATION_RELATIONSHIP ('NONE','NONE', #5597, #4619 ) REPRESENTATION_RELATIONSHIP_WITH_TRANSFORMATION ( #1314 )SHAPE_REPRESENTATION_RELATIONSHIP( ) );
#7417 = DIRECTION ( 'NONE',  ( 0.0000000000000000000, -1.000000000000000000, -0.0000000000000000000 ) ) ;
#7418 = DIRECTION ( 'NONE',  ( 0.0000000000000000000, 0.0000000000000000000, -1.000000000000000000 ) ) ;
#7419 =( GEOMETRIC_REPRESENTATION_CONTEXT ( 3 ) GLOBAL_UNCERTAINTY_ASSIGNED_CONTEXT ( ( #7110 ) ) GLOBAL_UNIT_ASSIGNED_CONTEXT ( ( #6038, #374, #483 ) ) REPRESENTATION_CONTEXT ( 'NONE', 'WORKASPACE' ) );
#7420 = CARTESIAN_POINT ( 'NONE',  ( 0.5775944245748002581, 1.586507883576027123, 0.4999999999999998890 ) ) ;
#7421 = DIRECTION ( 'NONE',  ( 0.0000000000000000000, 1.715124499442879932E-15, 1.000000000000000000 ) ) ;
#7422 = ADVANCED_FACE ( 'NONE', ( #4120 ), #6512, .T. ) ;
#7423 = CARTESIAN_POINT ( 'NONE',  ( -2.142428528562859924, 2.399999999999999911, 1.800000000000000266 ) ) ;
#7424 = VERTEX_POINT ( 'NONE', #7098 ) ;
#7425 = LINE ( 'NONE', #3831, #5987 ) ;
#7426 =( GEOMETRIC_REPRESENTATION_CONTEXT ( 3 ) GLOBAL_UNCERTAINTY_ASSIGNED_CONTEXT ( ( #59 ) ) GLOBAL_UNIT_ASSIGNED_CONTEXT ( ( #7569, #4610, #1076 ) ) REPRESENTATION_CONTEXT ( 'NONE', 'WORKASPACE' ) );
#7427 = PRESENTATION_LAYER_ASSIGNMENT (  '', '', ( #6413 ) ) ;
#7428 = DIRECTION ( 'NONE',  ( 0.0000000000000000000, 8.881784197001250351E-16, -1.000000000000000000 ) ) ;
#7429 = DIRECTION ( 'NONE',  ( -0.0000000000000000000, 1.000000000000000000, 0.0000000000000000000 ) ) ;
#7430 =( LENGTH_UNIT ( ) NAMED_UNIT ( * ) SI_UNIT ( .MILLI., .METRE. ) );
#7431 = DIRECTION ( 'NONE',  ( -0.0000000000000000000, 0.8660254037844380415, 0.5000000000000009992 ) ) ;
#7432 = SURFACE_STYLE_USAGE ( .BOTH. , #7468 ) ;
#7433 = VECTOR ( 'NONE', #6068, 1000.000000000000000 ) ;
#7434 = CIRCLE ( 'NONE', #1031, 0.2999999999999999889 ) ;
#7435 = ORIENTED_EDGE ( 'NONE', *, *, #1344, .T. ) ;
#7436 = ORIENTED_EDGE ( 'NONE', *, *, #5528, .T. ) ;
#7437 = SURFACE_STYLE_FILL_AREA ( #3266 ) ;
#7438 = CARTESIAN_POINT ( 'NONE',  ( -0.5000000000000000000, 0.0000000000000000000, 3.258928571428569843 ) ) ;
#7439 =( LENGTH_UNIT ( ) NAMED_UNIT ( * ) SI_UNIT ( .MILLI., .METRE. ) );
#7440 =( GEOMETRIC_REPRESENTATION_CONTEXT ( 3 ) GLOBAL_UNCERTAINTY_ASSIGNED_CONTEXT ( ( #4099 ) ) GLOBAL_UNIT_ASSIGNED_CONTEXT ( ( #5225, #4255, #1337 ) ) REPRESENTATION_CONTEXT ( 'NONE', 'WORKASPACE' ) );
#7441 = CIRCLE ( 'NONE', #1661, 0.7500000000000034417 ) ;
#7442 = UNCERTAINTY_MEASURE_WITH_UNIT (LENGTH_MEASURE( 1.000000000000000082E-05 ), #7343, 'distance_accuracy_value', 'NONE');
#7443 = PLANE ( 'NONE',  #3560 ) ;
#7444 = DIRECTION ( 'NONE',  ( 1.000000000000000000, 0.0000000000000000000, -0.0000000000000000000 ) ) ;
#7445 = CARTESIAN_POINT ( 'NONE',  ( 0.4752165657325300163, -1.923597468397800103, 0.1827914162704289969 ) ) ;
#7446 = FILL_AREA_STYLE_COLOUR ( '', #4948 ) ;
#7447 = ORIENTED_EDGE ( 'NONE', *, *, #627, .T. ) ;
#7448 = VECTOR ( 'NONE', #833, 1000.000000000000000 ) ;
#7449 = VERTEX_POINT ( 'NONE', #4858 ) ;
#7450 = CARTESIAN_POINT ( 'NONE',  ( 2.399999999999999911, 0.0000000000000000000, 1.800000000000000488 ) ) ;
#7451 = SURFACE_SIDE_STYLE ('',( #7000 ) ) ;
#7452 = PLANE ( 'NONE',  #4087 ) ;
#7453 = PRODUCT_DEFINITION_SHAPE ( 'NONE', 'NONE',  #6099 ) ;
#7454 = ORIENTED_EDGE ( 'NONE', *, *, #1684, .T. ) ;
#7455 = AXIS2_PLACEMENT_3D ( 'NONE', #661, #1972, #1277 ) ;
#7456 = DIRECTION ( 'NONE',  ( -0.0000000000000000000, -1.715124499442879932E-15, -1.000000000000000000 ) ) ;
#7457 = ADVANCED_FACE ( 'NONE', ( #4646 ), #4082, .F. ) ;
#7458 = ADVANCED_FACE ( 'NONE', ( #1596 ), #2026, .T. ) ;
#7459 = CARTESIAN_POINT ( 'NONE',  ( -0.8091253207244085699, -1.923597468397800103, -0.8172085837295766098 ) ) ;
#7460 = DIRECTION ( 'NONE',  ( 0.0000000000000000000, -1.000000000000000000, -3.885780586188049864E-16 ) ) ;
#7461 = FILL_AREA_STYLE ('',( #3321 ) ) ;
#7462 = CARTESIAN_POINT ( 'NONE',  ( -0.5000000000000000000, 1.699999999999999956, -1.600000000000000089 ) ) ;
#7463 = ORIENTED_EDGE ( 'NONE', *, *, #6025, .T. ) ;
#7464 = EDGE_CURVE ( 'NONE', #5451, #766, #6698, .T. ) ;
#7465 = DIRECTION ( 'NONE',  ( 0.0000000000000000000, 1.715124499442879932E-15, 1.000000000000000000 ) ) ;
#7466 = CARTESIAN_POINT ( 'NONE',  ( -2.019788281523609896, 3.528999999999999471, -0.1429203673205091396 ) ) ;
#7467 = PLANE ( 'NONE',  #3000 ) ;
#7468 = SURFACE_SIDE_STYLE ('',( #3088 ) ) ;
#7469 = DIRECTION ( 'NONE',  ( 7.195312318333690037E-17, -1.715124499442879932E-15, -1.000000000000000000 ) ) ;
#7470 = ORIENTED_EDGE ( 'NONE', *, *, #4457, .F. ) ;
#7471 = VERTEX_POINT ( 'NONE', #3770 ) ;
#7472 = CARTESIAN_POINT ( 'NONE',  ( -0.8091253207244089030, 5.000000000000000888, -4.540472023510944804E-16 ) ) ;
#7473 = SURFACE_SIDE_STYLE ('',( #4353 ) ) ;
#7474 = EDGE_CURVE ( 'NONE', #943, #4577, #4570, .T. ) ;
#7475 = PRESENTATION_STYLE_ASSIGNMENT (( #1044 ) ) ;
#7476 = ORIENTED_EDGE ( 'NONE', *, *, #1201, .F. ) ;
#7477 = ORIENTED_EDGE ( 'NONE', *, *, #3782, .T. ) ;
#7478 = FACE_BOUND ( 'NONE', #3113, .T. ) ;
#7479 = LINE ( 'NONE', #2199, #2454 ) ;
#7480 = DIRECTION ( 'NONE',  ( 0.0000000000000000000, 1.000000000000000000, 0.0000000000000000000 ) ) ;
#7481 = ORIENTED_EDGE ( 'NONE', *, *, #2920, .T. ) ;
#7482 =( NAMED_UNIT ( * ) SI_UNIT ( $, .STERADIAN. ) SOLID_ANGLE_UNIT ( ) );
#7483 = FILL_AREA_STYLE_COLOUR ( '', #2331 ) ;
#7484 = VECTOR ( 'NONE', #5492, 1000.000000000000114 ) ;
#7485 = FACE_OUTER_BOUND ( 'NONE', #828, .T. ) ;
#7486 = EDGE_CURVE ( 'NONE', #1938, #250, #1526, .T. ) ;
#7487 = EDGE_CURVE ( 'NONE', #4417, #884, #6103, .T. ) ;
#7488 = VERTEX_POINT ( 'NONE', #6850 ) ;
#7489 =( NAMED_UNIT ( * ) SI_UNIT ( $, .STERADIAN. ) SOLID_ANGLE_UNIT ( ) );
#7490 = SURFACE_STYLE_FILL_AREA ( #2796 ) ;
#7491 = DIRECTION ( 'NONE',  ( 0.0000000000000000000, -0.8660254037844380415, -0.5000000000000009992 ) ) ;
#7492 = CIRCLE ( 'NONE', #4630, 0.5000000000000000000 ) ;
#7493 =( NAMED_UNIT ( * ) SI_UNIT ( $, .STERADIAN. ) SOLID_ANGLE_UNIT ( ) );
#7494 = DIRECTION ( 'NONE',  ( 0.0000000000000000000, -1.000000000000000000, -0.0000000000000000000 ) ) ;
#7495 = PRESENTATION_LAYER_ASSIGNMENT (  '', '', ( #7245 ) ) ;
#7496 =( NAMED_UNIT ( * ) PLANE_ANGLE_UNIT ( ) SI_UNIT ( $, .RADIAN. ) );
#7497 = EDGE_CURVE ( 'NONE', #7488, #1197, #3922, .T. ) ;
#7498 = ORIENTED_EDGE ( 'NONE', *, *, #2741, .F. ) ;
#7499 = AXIS2_PLACEMENT_3D ( 'NONE', #5234, #1, #4760 ) ;
#7500 = ORIENTED_EDGE ( 'NONE', *, *, #263, .T. ) ;
#7501 = COLOUR_RGB ( '',0.8666666666666666963, 0.8666666666666666963, 0.8666666666666666963 ) ;
#7502 =( NAMED_UNIT ( * ) PLANE_ANGLE_UNIT ( ) SI_UNIT ( $, .RADIAN. ) );
#7503 = LINE ( 'NONE', #4538, #7405 ) ;
#7504 = CIRCLE ( 'NONE', #4394, 0.5000000000000000000 ) ;
#7505 = FILL_AREA_STYLE ('',( #5089 ) ) ;
#7506 = UNCERTAINTY_MEASURE_WITH_UNIT (LENGTH_MEASURE( 1.000000000000000082E-05 ), #1203, 'distance_accuracy_value', 'NONE');
#7507 = CARTESIAN_POINT ( 'NONE',  ( 1.500000000000000000, 2.399999999999999911, 2.100000000000000089 ) ) ;
#7508 = STYLED_ITEM ( 'NONE', ( #4285 ), #5359 ) ;
#7509 = EDGE_CURVE ( 'NONE', #2387, #366, #298, .T. ) ;
#7510 = ORIENTED_EDGE ( 'NONE', *, *, #693, .T. ) ;
#7511 = ORIENTED_EDGE ( 'NONE', *, *, #3216, .F. ) ;
#7512 = CARTESIAN_POINT ( 'NONE',  ( -1.169788281523611362, 3.329000000000004622, 0.5010796326794890732 ) ) ;
#7513 = SURFACE_STYLE_USAGE ( .BOTH. , #7451 ) ;
#7514 = UNCERTAINTY_MEASURE_WITH_UNIT (LENGTH_MEASURE( 1.000000000000000082E-05 ), #4154, 'distance_accuracy_value', 'NONE');
#7515 =( LENGTH_UNIT ( ) NAMED_UNIT ( * ) SI_UNIT ( .MILLI., .METRE. ) );
#7516 = CARTESIAN_POINT ( 'NONE',  ( -0.01978828152361080187, 3.528999999999998138, -0.1429203673205100000 ) ) ;
#7517 = ORIENTED_EDGE ( 'NONE', *, *, #1546, .T. ) ;
#7518 = CARTESIAN_POINT ( 'NONE',  ( -0.009125320724410331333, -2.599998692799499800, -0.8172085837295719468 ) ) ;
#7519 = CARTESIAN_POINT ( 'NONE',  ( 0.0000000000000000000, 0.0000000000000000000, 0.0000000000000000000 ) ) ;
#7520 = ORIENTED_EDGE ( 'NONE', *, *, #145, .T. ) ;
#7521 = DIRECTION ( 'NONE',  ( 1.000000000000000000, -0.0000000000000000000, -0.0000000000000000000 ) ) ;
#7522 = STYLED_ITEM ( 'NONE', ( #2053 ), #2772 ) ;
#7523 = FILL_AREA_STYLE ('',( #4010 ) ) ;
#7524 =( NAMED_UNIT ( * ) PLANE_ANGLE_UNIT ( ) SI_UNIT ( $, .RADIAN. ) );
#7525 =( LENGTH_UNIT ( ) NAMED_UNIT ( * ) SI_UNIT ( .MILLI., .METRE. ) );
#7526 = FACE_OUTER_BOUND ( 'NONE', #2186, .T. ) ;
#7527 =( LENGTH_UNIT ( ) NAMED_UNIT ( * ) SI_UNIT ( .MILLI., .METRE. ) );
#7528 = PRESENTATION_LAYER_ASSIGNMENT (  '', '', ( #5293 ) ) ;
#7529 = ORIENTED_EDGE ( 'NONE', *, *, #2828, .F. ) ;
#7530 =( LENGTH_UNIT ( ) NAMED_UNIT ( * ) SI_UNIT ( .MILLI., .METRE. ) );
#7531 = VECTOR ( 'NONE', #5185, 1000.000000000000000 ) ;
#7532 =( NAMED_UNIT ( * ) PLANE_ANGLE_UNIT ( ) SI_UNIT ( $, .RADIAN. ) );
#7533 = VERTEX_POINT ( 'NONE', #4359 ) ;
#7534 = AXIS2_PLACEMENT_3D ( 'NONE', #4526, #5151, #6905 ) ;
#7535 = EDGE_LOOP ( 'NONE', ( #182, #4315, #4001, #4381, #4076, #6071 ) ) ;
#7536 =( LENGTH_UNIT ( ) NAMED_UNIT ( * ) SI_UNIT ( .MILLI., .METRE. ) );
#7537 = EDGE_CURVE ( 'NONE', #3603, #6766, #1479, .T. ) ;
#7538 = EDGE_CURVE ( 'NONE', #4060, #800, #6140, .T. ) ;
#7539 = FACE_OUTER_BOUND ( 'NONE', #5997, .T. ) ;
#7540 = AXIS2_PLACEMENT_3D ( 'NONE', #2669, #4409, #4370 ) ;
#7541 = AXIS2_PLACEMENT_3D ( 'NONE', #5237, #3632, #5388 ) ;
#7542 = MECHANICAL_DESIGN_GEOMETRIC_PRESENTATION_REPRESENTATION (  '', ( #1908 ), #6674 ) ;
#7543 = CARTESIAN_POINT ( 'NONE',  ( 0.6280788196410069801, 2.899999999999999911, 0.0000000000000000000 ) ) ;
#7544 = EDGE_LOOP ( 'NONE', ( #2524, #5052, #4306, #7414 ) ) ;
#7545 = ORIENTED_EDGE ( 'NONE', *, *, #2922, .F. ) ;
#7546 = SURFACE_STYLE_USAGE ( .BOTH. , #5134 ) ;
#7547 = MECHANICAL_DESIGN_GEOMETRIC_PRESENTATION_REPRESENTATION (  '', ( #1291 ), #4447 ) ;
#7548 = STYLED_ITEM ( 'NONE', ( #3828 ), #7266 ) ;
#7549 =( LENGTH_UNIT ( ) NAMED_UNIT ( * ) SI_UNIT ( .MILLI., .METRE. ) );
#7550 = DIRECTION ( 'NONE',  ( -0.0000000000000000000, -1.715124499442879932E-15, 1.000000000000000000 ) ) ;
#7551 = ADVANCED_FACE ( 'NONE', ( #337 ), #4977, .T. ) ;
#7552 = SURFACE_STYLE_USAGE ( .BOTH. , #2395 ) ;
#7553 = CIRCLE ( 'NONE', #3985, 0.09999999999999999167 ) ;
#7554 =( GEOMETRIC_REPRESENTATION_CONTEXT ( 3 ) GLOBAL_UNCERTAINTY_ASSIGNED_CONTEXT ( ( #7514 ) ) GLOBAL_UNIT_ASSIGNED_CONTEXT ( ( #4154, #4601, #825 ) ) REPRESENTATION_CONTEXT ( 'NONE', 'WORKASPACE' ) );
#7555 =( REPRESENTATION_RELATIONSHIP ('NONE','NONE', #5597, #6444 ) REPRESENTATION_RELATIONSHIP_WITH_TRANSFORMATION ( #4807 )SHAPE_REPRESENTATION_RELATIONSHIP( ) );
#7556 = ORIENTED_EDGE ( 'NONE', *, *, #2932, .T. ) ;
#7557 =( NAMED_UNIT ( * ) SI_UNIT ( $, .STERADIAN. ) SOLID_ANGLE_UNIT ( ) );
#7558 = ORIENTED_EDGE ( 'NONE', *, *, #287, .T. ) ;
#7559 = EDGE_LOOP ( 'NONE', ( #1428, #5221, #3792, #607 ) ) ;
#7560 =( GEOMETRIC_REPRESENTATION_CONTEXT ( 3 ) GLOBAL_UNCERTAINTY_ASSIGNED_CONTEXT ( ( #1602 ) ) GLOBAL_UNIT_ASSIGNED_CONTEXT ( ( #3298, #6172, #886 ) ) REPRESENTATION_CONTEXT ( 'NONE', 'WORKASPACE' ) );
#7561 = EDGE_CURVE ( 'NONE', #4288, #1800, #4507, .T. ) ;
#7562 = CARTESIAN_POINT ( 'NONE',  ( 0.0000000000000000000, 0.2999999999999999889, -0.4909999999999999920 ) ) ;
#7563 = CARTESIAN_POINT ( 'NONE',  ( -0.009125320724409181211, 0.8712388980384687676, -0.8429203673205117875 ) ) ;
#7564 = DIRECTION ( 'NONE',  ( 0.0000000000000000000, 1.776356839400250070E-15, -1.000000000000000000 ) ) ;
#7565 = SURFACE_STYLE_USAGE ( .BOTH. , #6233 ) ;
#7566 = ORIENTED_EDGE ( 'NONE', *, *, #1546, .F. ) ;
#7567 = SURFACE_STYLE_USAGE ( .BOTH. , #5200 ) ;
#7568 = DIRECTION ( 'NONE',  ( -1.000000000000000000, 0.0000000000000000000, 0.0000000000000000000 ) ) ;
#7569 =( LENGTH_UNIT ( ) NAMED_UNIT ( * ) SI_UNIT ( .MILLI., .METRE. ) );
#7570 = CARTESIAN_POINT ( 'NONE',  ( 1.967773763117899894E-16, 3.500000000000000000, 1.258928571428570065 ) ) ;
#7571 = VERTEX_POINT ( 'NONE', #1700 ) ;
#7572 = SURFACE_STYLE_FILL_AREA ( #6914 ) ;
#7573 = SURFACE_STYLE_USAGE ( .BOTH. , #4181 ) ;
#7574 = SURFACE_STYLE_USAGE ( .BOTH. , #6953 ) ;
#7575 = UNCERTAINTY_MEASURE_WITH_UNIT (LENGTH_MEASURE( 1.000000000000000082E-05 ), #2740, 'distance_accuracy_value', 'NONE');
#7576 =( GEOMETRIC_REPRESENTATION_CONTEXT ( 3 ) GLOBAL_UNCERTAINTY_ASSIGNED_CONTEXT ( ( #5090 ) ) GLOBAL_UNIT_ASSIGNED_CONTEXT ( ( #3347, #6300, #6856 ) ) REPRESENTATION_CONTEXT ( 'NONE', 'WORKASPACE' ) );
#7577 = CARTESIAN_POINT ( 'NONE',  ( -0.009125320724409465706, 0.5212388980384708992, -0.7759330692127333062 ) ) ;
#7578 = FILL_AREA_STYLE ('',( #5822 ) ) ;
#7579 = ORIENTED_EDGE ( 'NONE', *, *, #4882, .T. ) ;
#7580 = EDGE_CURVE ( 'NONE', #387, #3465, #5071, .T. ) ;
#7581 = EDGE_LOOP ( 'NONE', ( #2701, #1827, #4672, #1943 ) ) ;
#7582 = ADVANCED_FACE ( 'NONE', ( #1120 ), #6890, .T. ) ;
#7583 = LINE ( 'NONE', #2297, #3188 ) ;
#7584 = CARTESIAN_POINT ( 'NONE',  ( -1.697056274847712931, 0.0000000000000000000, 2.100000000000000977 ) ) ;
#7585 = UNCERTAINTY_MEASURE_WITH_UNIT (LENGTH_MEASURE( 1.000000000000000082E-05 ), #4701, 'distance_accuracy_value', 'NONE');
#7586 = UNCERTAINTY_MEASURE_WITH_UNIT (LENGTH_MEASURE( 1.000000000000000082E-05 ), #6901, 'distance_accuracy_value', 'NONE');
#7587 =( NAMED_UNIT ( * ) SI_UNIT ( $, .STERADIAN. ) SOLID_ANGLE_UNIT ( ) );
#7588 = ORIENTED_EDGE ( 'NONE', *, *, #2188, .T. ) ;
#7589 = VERTEX_POINT ( 'NONE', #7040 ) ;
#7590 = EDGE_CURVE ( 'NONE', #5407, #6365, #3958, .T. ) ;
#7591 =( NAMED_UNIT ( * ) PLANE_ANGLE_UNIT ( ) SI_UNIT ( $, .RADIAN. ) );
#7592 = DIRECTION ( 'NONE',  ( -1.698842263323136071E-16, 0.8660254037844390407, -0.4999999999999992228 ) ) ;
#7593 = MECHANICAL_DESIGN_GEOMETRIC_PRESENTATION_REPRESENTATION (  '', ( #3056 ), #1218 ) ;
#7594 = NEXT_ASSEMBLY_USAGE_OCCURRENCE ( 'NAUO1', ' ', ' ', #5064, #3388, $ ) ;
#7595 = NEXT_ASSEMBLY_USAGE_OCCURRENCE ( 'NAUO2', ' ', ' ', #5064, #6099, $ ) ;
#7596 = NEXT_ASSEMBLY_USAGE_OCCURRENCE ( 'NAUO3', ' ', ' ', #5064, #2592, $ ) ;
#7597 = NEXT_ASSEMBLY_USAGE_OCCURRENCE ( 'NAUO4', ' ', ' ', #5064, #6436, $ ) ;
#7598 = NEXT_ASSEMBLY_USAGE_OCCURRENCE ( 'NAUO5', ' ', ' ', #5064, #574, $ ) ;
ENDSEC;
END-ISO-10303-21;
