ISO-10303-21;
HEADER;
FILE_DESCRIPTION (( 'STEP AP214' ),
    '1' );
FILE_NAME ('AF7D0B7D-6941-4E12-9BE3-131492E48411.STEP',
    '2026-07-23T09:38:30',
    ( '' ),
    ( '' ),
    'SwSTEP 2.0',
    'SolidWorks 2022',
    '' );
FILE_SCHEMA (( 'AUTOMOTIVE_DESIGN' ));
ENDSEC;

DATA;
#1 = FILL_AREA_STYLE_COLOUR ( '', #9353 ) ;
#2 = DIRECTION ( 'NONE',  ( -1.000000000000000000, 0.0000000000000000000, -2.451907390652843255E-15 ) ) ;
#3 =( GEOMETRIC_REPRESENTATION_CONTEXT ( 3 ) GLOBAL_UNCERTAINTY_ASSIGNED_CONTEXT ( ( #310 ) ) GLOBAL_UNIT_ASSIGNED_CONTEXT ( ( #3772, #10018, #5304 ) ) REPRESENTATION_CONTEXT ( 'NONE', 'WORKASPACE' ) );
#4 =( GEOMETRIC_REPRESENTATION_CONTEXT ( 3 ) GLOBAL_UNCERTAINTY_ASSIGNED_CONTEXT ( ( #2194 ) ) GLOBAL_UNIT_ASSIGNED_CONTEXT ( ( #8555, #4553, #6940 ) ) REPRESENTATION_CONTEXT ( 'NONE', 'WORKASPACE' ) );
#5 = SURFACE_SIDE_STYLE ('',( #9387 ) ) ;
#6 = DIRECTION ( 'NONE',  ( 1.000000000000000000, 0.0000000000000000000, 2.451907390652843649E-15 ) ) ;
#7 = EDGE_CURVE ( 'NONE', #8786, #6921, #5629, .T. ) ;
#8 = ORIENTED_EDGE ( 'NONE', *, *, #964, .T. ) ;
#9 = ORIENTED_EDGE ( 'NONE', *, *, #9825, .F. ) ;
#10 = PRESENTATION_LAYER_ASSIGNMENT (  '', '', ( #4469 ) ) ;
#11 = LINE ( 'NONE', #4674, #8500 ) ;
#12 = STYLED_ITEM ( 'NONE', ( #5482 ), #6109 ) ;
#13 = CARTESIAN_POINT ( 'NONE',  ( -4.494557450338584559, -0.8549999999999998712, 1.680513367352531873E-15 ) ) ;
#14 = FILL_AREA_STYLE ('',( #1834 ) ) ;
#15 = ORIENTED_EDGE ( 'NONE', *, *, #787, .T. ) ;
#16 = ADVANCED_FACE ( 'NONE', ( #2273 ), #1488, .F. ) ;
#17 = EDGE_CURVE ( 'NONE', #8719, #6249, #2523, .T. ) ;
#18 = DIRECTION ( 'NONE',  ( 0.0000000000000000000, 0.0000000000000000000, -1.000000000000000000 ) ) ;
#19 = DIRECTION ( 'NONE',  ( 0.1736481776669392962, 0.0000000000000000000, -0.9848077530122064660 ) ) ;
#20 =( GEOMETRIC_REPRESENTATION_CONTEXT ( 3 ) GLOBAL_UNCERTAINTY_ASSIGNED_CONTEXT ( ( #1451 ) ) GLOBAL_UNIT_ASSIGNED_CONTEXT ( ( #7150, #771, #4765 ) ) REPRESENTATION_CONTEXT ( 'NONE', 'WORKASPACE' ) );
#21 = DIRECTION ( 'NONE',  ( 0.0000000000000000000, 0.0000000000000000000, -1.000000000000000000 ) ) ;
#22 = CARTESIAN_POINT ( 'NONE',  ( -4.184149331665850013, 3.395000000000000462, 1.484534871776029386 ) ) ;
#23 = PRESENTATION_STYLE_ASSIGNMENT (( #4847 ) ) ;
#24 = DIRECTION ( 'NONE',  ( -1.000000000000000000, 0.0000000000000000000, -2.451907390652843255E-15 ) ) ;
#25 = EDGE_CURVE ( 'NONE', #9891, #32, #7289, .T. ) ;
#26 =( NAMED_UNIT ( * ) SI_UNIT ( $, .STERADIAN. ) SOLID_ANGLE_UNIT ( ) );
#27 = CARTESIAN_POINT ( 'NONE',  ( 4.494557450338587223, -4.224999999999999645, -1.084202172485504434E-15 ) ) ;
#28 = LINE ( 'NONE', #1593, #2387 ) ;
#29 = FACE_OUTER_BOUND ( 'NONE', #3003, .T. ) ;
#30 = ORIENTED_EDGE ( 'NONE', *, *, #3455, .F. ) ;
#31 = ORIENTED_EDGE ( 'NONE', *, *, #4365, .F. ) ;
#32 = VERTEX_POINT ( 'NONE', #1905 ) ;
#33 =( LENGTH_UNIT ( ) NAMED_UNIT ( * ) SI_UNIT ( .MILLI., .METRE. ) );
#34 = CARTESIAN_POINT ( 'NONE',  ( 3.890582741955797452, 5.090582741955795854, 1.564854314511050726 ) ) ;
#35 = FILL_AREA_STYLE ('',( #1602 ) ) ;
#36 = PRESENTATION_STYLE_ASSIGNMENT (( #7096 ) ) ;
#37 = EDGE_CURVE ( 'NONE', #6187, #3588, #3323, .T. ) ;
#38 = FILL_AREA_STYLE_COLOUR ( '', #2089 ) ;
#39 = SURFACE_SIDE_STYLE ('',( #766 ) ) ;
#40 =( LENGTH_UNIT ( ) NAMED_UNIT ( * ) SI_UNIT ( .MILLI., .METRE. ) );
#41 = ORIENTED_EDGE ( 'NONE', *, *, #3655, .F. ) ;
#42 = PLANE ( 'NONE',  #6199 ) ;
#43 = VERTEX_POINT ( 'NONE', #5780 ) ;
#44 = STYLED_ITEM ( 'NONE', ( #7845 ), #8124 ) ;
#45 = CARTESIAN_POINT ( 'NONE',  ( 4.494557450338589888, 0.8550000000000007594, 0.2999999999999988787 ) ) ;
#46 =( GEOMETRIC_REPRESENTATION_CONTEXT ( 3 ) GLOBAL_UNCERTAINTY_ASSIGNED_CONTEXT ( ( #6950 ) ) GLOBAL_UNIT_ASSIGNED_CONTEXT ( ( #6545, #4990, #307 ) ) REPRESENTATION_CONTEXT ( 'NONE', 'WORKASPACE' ) );
#47 = LINE ( 'NONE', #6433, #4690 ) ;
#48 = CARTESIAN_POINT ( 'NONE',  ( 3.990737311234600071, 1.685000000000000275, 1.429674850314564205 ) ) ;
#49 = VECTOR ( 'NONE', #5804, 1000.000000000000000 ) ;
#50 =( NAMED_UNIT ( * ) SI_UNIT ( $, .STERADIAN. ) SOLID_ANGLE_UNIT ( ) );
#51 = ORIENTED_EDGE ( 'NONE', *, *, #6487, .F. ) ;
#52 = FILL_AREA_STYLE ('',( #7164 ) ) ;
#53 = PRESENTATION_LAYER_ASSIGNMENT (  '', '', ( #557 ) ) ;
#54 =( LENGTH_UNIT ( ) NAMED_UNIT ( * ) SI_UNIT ( .MILLI., .METRE. ) );
#55 = EDGE_CURVE ( 'NONE', #8390, #3935, #5058, .T. ) ;
#56 = ORIENTED_EDGE ( 'NONE', *, *, #512, .T. ) ;
#57 = DIRECTION ( 'NONE',  ( 0.0000000000000000000, -0.2588190451025212946, 0.9659258262890680902 ) ) ;
#58 = MECHANICAL_DESIGN_GEOMETRIC_PRESENTATION_REPRESENTATION (  '', ( #4528 ), #220 ) ;
#59 =( NAMED_UNIT ( * ) SI_UNIT ( $, .STERADIAN. ) SOLID_ANGLE_UNIT ( ) );
#60 = CIRCLE ( 'NONE', #2074, 0.2999999999999983791 ) ;
#61 = VERTEX_POINT ( 'NONE', #4908 ) ;
#62 = FILL_AREA_STYLE_COLOUR ( '', #6206 ) ;
#63 = FILL_AREA_STYLE ('',( #3205 ) ) ;
#64 = DIRECTION ( 'NONE',  ( 0.0000000000000000000, 0.0000000000000000000, -1.000000000000000000 ) ) ;
#65 = CARTESIAN_POINT ( 'NONE',  ( -4.396076675037368098, -4.665000000000000036, 0.2826351822333060815 ) ) ;
#66 = MECHANICAL_DESIGN_GEOMETRIC_PRESENTATION_REPRESENTATION (  '', ( #2403 ), #398 ) ;
#67 = EDGE_CURVE ( 'NONE', #7775, #5805, #6406, .T. ) ;
#68 =( NAMED_UNIT ( * ) SI_UNIT ( $, .STERADIAN. ) SOLID_ANGLE_UNIT ( ) );
#69 = FILL_AREA_STYLE_COLOUR ( '', #3485 ) ;
#70 =( GEOMETRIC_REPRESENTATION_CONTEXT ( 3 ) GLOBAL_UNCERTAINTY_ASSIGNED_CONTEXT ( ( #3931 ) ) GLOBAL_UNIT_ASSIGNED_CONTEXT ( ( #6752, #8275, #3622 ) ) REPRESENTATION_CONTEXT ( 'NONE', 'WORKASPACE' ) );
#71 = EDGE_CURVE ( 'NONE', #1187, #5762, #7406, .T. ) ;
#72 = CARTESIAN_POINT ( 'NONE',  ( -4.494557450338587223, -3.394999999999999574, 0.1999999999999999833 ) ) ;
#73 = LINE ( 'NONE', #9563, #5757 ) ;
#74 = VECTOR ( 'NONE', #1931, 1000.000000000000000 ) ;
#75 = FACE_OUTER_BOUND ( 'NONE', #3717, .T. ) ;
#76 = DIRECTION ( 'NONE',  ( -1.000000000000000000, 0.0000000000000000000, -4.342151275111226558E-15 ) ) ;
#77 = ORIENTED_EDGE ( 'NONE', *, *, #7248, .F. ) ;
#78 = ORIENTED_EDGE ( 'NONE', *, *, #9638, .T. ) ;
#79 = DIRECTION ( 'NONE',  ( 0.0000000000000000000, 1.000000000000000000, -0.0000000000000000000 ) ) ;
#80 = ORIENTED_EDGE ( 'NONE', *, *, #5153, .T. ) ;
#81 = CARTESIAN_POINT ( 'NONE',  ( -3.800269556891265665, 2.125000000000000444, 1.732440418475947208 ) ) ;
#83 = CARTESIAN_POINT ( 'NONE',  ( 3.900000000000000799, 0.4150000000000004241, 1.600000000000000089 ) ) ;
#82 = VECTOR ( 'NONE', #9347, 1000.000000000000227 ) ;
#84 = DIRECTION ( 'NONE',  ( 0.0000000000000000000, 0.0000000000000000000, -1.000000000000000000 ) ) ;
#85 = ADVANCED_FACE ( 'NONE', ( #4216 ), #7402, .F. ) ;
#86 = DIRECTION ( 'NONE',  ( 0.9848077530122064660, 0.0000000000000000000, -0.1736481776669393240 ) ) ;
#87 = CARTESIAN_POINT ( 'NONE',  ( -5.149999999999999467, -2.125000000000000000, 0.2000000000000016764 ) ) ;
#88 = VECTOR ( 'NONE', #3155, 1000.000000000000000 ) ;
#89 = FACE_OUTER_BOUND ( 'NONE', #142, .T. ) ;
#90 = VERTEX_POINT ( 'NONE', #6702 ) ;
#91 = LINE ( 'NONE', #4040, #1404 ) ;
#92 = PRESENTATION_STYLE_ASSIGNMENT (( #4041 ) ) ;
#93 = AXIS2_PLACEMENT_3D ( 'NONE', #3280, #133, #924 ) ;
#94 = CARTESIAN_POINT ( 'NONE',  ( -5.149999999999999467, -0.8549999999999998712, 0.0000000000000000000 ) ) ;
#95 = ORIENTED_EDGE ( 'NONE', *, *, #10218, .T. ) ;
#96 = ADVANCED_FACE ( 'NONE', ( #377 ), #2772, .F. ) ;
#97 = CARTESIAN_POINT ( 'NONE',  ( -5.149999999999998579, -2.954999999999999183, 0.0000000000000000000 ) ) ;
#98 =( LENGTH_UNIT ( ) NAMED_UNIT ( * ) SI_UNIT ( .MILLI., .METRE. ) );
#99 = FILL_AREA_STYLE_COLOUR ( '', #4884 ) ;
#100 =( LENGTH_UNIT ( ) NAMED_UNIT ( * ) SI_UNIT ( .MILLI., .METRE. ) );
#101 = SURFACE_STYLE_USAGE ( .BOTH. , #3854 ) ;
#102 = COLOUR_RGB ( '',0.7529411764705882248, 0.7529411764705882248, 0.7529411764705882248 ) ;
#103 = EDGE_LOOP ( 'NONE', ( #7105, #818, #5295, #3565 ) ) ;
#104 = DIRECTION ( 'NONE',  ( -1.000000000000000000, -0.0000000000000000000, 8.270764333545149118E-16 ) ) ;
#105 = UNCERTAINTY_MEASURE_WITH_UNIT (LENGTH_MEASURE( 1.000000000000000082E-05 ), #4657, 'distance_accuracy_value', 'NONE');
#106 = ORIENTED_EDGE ( 'NONE', *, *, #4659, .F. ) ;
#107 = FACE_OUTER_BOUND ( 'NONE', #9314, .T. ) ;
#108 = PRESENTATION_LAYER_ASSIGNMENT (  '', '', ( #3121 ) ) ;
#109 = VERTEX_POINT ( 'NONE', #5942 ) ;
#110 = UNCERTAINTY_MEASURE_WITH_UNIT (LENGTH_MEASURE( 1.000000000000000082E-05 ), #10248, 'distance_accuracy_value', 'NONE');
#111 = SURFACE_STYLE_USAGE ( .BOTH. , #4064 ) ;
#112 = CARTESIAN_POINT ( 'NONE',  ( -4.494557450338584559, -1.684999999999999831, 1.680513367352531873E-15 ) ) ;
#113 = ORIENTED_EDGE ( 'NONE', *, *, #6233, .F. ) ;
#114 = PRESENTATION_STYLE_ASSIGNMENT (( #8006 ) ) ;
#115 = AXIS2_PLACEMENT_3D ( 'NONE', #5632, #3275, #1493 ) ;
#116 =( GEOMETRIC_REPRESENTATION_CONTEXT ( 3 ) GLOBAL_UNCERTAINTY_ASSIGNED_CONTEXT ( ( #5165 ) ) GLOBAL_UNIT_ASSIGNED_CONTEXT ( ( #3823, #6918, #2941 ) ) REPRESENTATION_CONTEXT ( 'NONE', 'WORKASPACE' ) );
#117 = ORIENTED_EDGE ( 'NONE', *, *, #9532, .T. ) ;
#118 = LINE ( 'NONE', #72, #4700 ) ;
#119 = SURFACE_STYLE_USAGE ( .BOTH. , #3507 ) ;
#120 = CARTESIAN_POINT ( 'NONE',  ( 5.150000000000001243, -0.4149999999999995914, 0.0000000000000000000 ) ) ;
#121 = MECHANICAL_DESIGN_GEOMETRIC_PRESENTATION_REPRESENTATION (  '', ( #4935 ), #1295 ) ;
#122 = SURFACE_SIDE_STYLE ('',( #8688 ) ) ;
#123 = PLANE ( 'NONE',  #8429 ) ;
#124 = ORIENTED_EDGE ( 'NONE', *, *, #3330, .F. ) ;
#125 = CARTESIAN_POINT ( 'NONE',  ( 3.750000000000000000, 5.099999999999998757, 1.600000000000000089 ) ) ;
#126 = EDGE_LOOP ( 'NONE', ( #7137, #8002, #7930, #5812 ) ) ;
#127 = EDGE_CURVE ( 'NONE', #5951, #9739, #6048, .T. ) ;
#128 = ADVANCED_FACE ( 'NONE', ( #2820 ), #5993, .F. ) ;
#129 = VECTOR ( 'NONE', #5513, 1000.000000000000114 ) ;
#130 = VECTOR ( 'NONE', #7474, 1000.000000000000000 ) ;
#131 = LINE ( 'NONE', #5535, #840 ) ;
#132 =( LENGTH_UNIT ( ) NAMED_UNIT ( * ) SI_UNIT ( .MILLI., .METRE. ) );
#133 = DIRECTION ( 'NONE',  ( 0.0000000000000000000, 1.000000000000000000, -0.0000000000000000000 ) ) ;
#134 = FILL_AREA_STYLE ('',( #8650 ) ) ;
#135 = ADVANCED_FACE ( 'NONE', ( #3038 ), #8578, .F. ) ;
#136 = FILL_AREA_STYLE ('',( #5591 ) ) ;
#137 = EDGE_CURVE ( 'NONE', #1256, #3202, #7333, .T. ) ;
#138 = ORIENTED_EDGE ( 'NONE', *, *, #3716, .F. ) ;
#139 = FACE_OUTER_BOUND ( 'NONE', #2424, .T. ) ;
#140 = ADVANCED_FACE ( 'NONE', ( #7229 ), #8212, .T. ) ;
#141 = DIRECTION ( 'NONE',  ( 0.0000000000000000000, 0.0000000000000000000, -1.000000000000000000 ) ) ;
#142 = EDGE_LOOP ( 'NONE', ( #1634, #9881, #5348, #6885 ) ) ;
#143 = SURFACE_SIDE_STYLE ('',( #5492 ) ) ;
#144 = LINE ( 'NONE', #1822, #5889 ) ;
#145 = CARTESIAN_POINT ( 'NONE',  ( -3.868266076183284330, -0.4149999999999995914, 1.408079867214329095 ) ) ;
#146 = ADVANCED_FACE ( 'NONE', ( #3358 ), #9651, .F. ) ;
#147 = FILL_AREA_STYLE ('',( #7264 ) ) ;
#148 = ORIENTED_EDGE ( 'NONE', *, *, #7377, .F. ) ;
#149 = CARTESIAN_POINT ( 'NONE',  ( 4.199115124434925406, 2.955000000000000071, 0.2479055466999157964 ) ) ;
#150 = VECTOR ( 'NONE', #476, 1000.000000000000000 ) ;
#151 = LINE ( 'NONE', #4631, #187 ) ;
#152 = ORIENTED_EDGE ( 'NONE', *, *, #6105, .T. ) ;
#153 = DIRECTION ( 'NONE',  ( 0.0000000000000000000, 0.0000000000000000000, -1.000000000000000000 ) ) ;
#154 = VECTOR ( 'NONE', #9097, 1000.000000000000000 ) ;
#155 = STYLED_ITEM ( 'NONE', ( #7397 ), #6547 ) ;
#156 = STYLED_ITEM ( 'NONE', ( #6177 ), #5785 ) ;
#157 = ORIENTED_EDGE ( 'NONE', *, *, #6855, .F. ) ;
#158 = FILL_AREA_STYLE ('',( #7225 ) ) ;
#159 = LINE ( 'NONE', #8210, #820 ) ;
#160 = VERTEX_POINT ( 'NONE', #1257 ) ;
#161 = CARTESIAN_POINT ( 'NONE',  ( 4.396076675037370762, -0.4149999999999995914, 0.2826351822333049157 ) ) ;
#162 = VECTOR ( 'NONE', #4961, 999.9999999999998863 ) ;
#163 = ORIENTED_EDGE ( 'NONE', *, *, #2678, .F. ) ;
#164 = CARTESIAN_POINT ( 'NONE',  ( -3.888707005762188640, 0.8550000000000007594, 1.732440418475947430 ) ) ;
#165 = CARTESIAN_POINT ( 'NONE',  ( 4.184149331665849125, 3.395000000000000462, 1.484534871776028275 ) ) ;
#166 = VECTOR ( 'NONE', #7467, 1000.000000000000000 ) ;
#167 =( NAMED_UNIT ( * ) SI_UNIT ( $, .STERADIAN. ) SOLID_ANGLE_UNIT ( ) );
#168 = DIRECTION ( 'NONE',  ( 0.0000000000000000000, 0.0000000000000000000, 1.000000000000000000 ) ) ;
#169 = VECTOR ( 'NONE', #3374, 1000.000000000000000 ) ;
#170 = DIRECTION ( 'NONE',  ( 0.0000000000000000000, 0.0000000000000000000, -1.000000000000000000 ) ) ;
#171 = SURFACE_STYLE_FILL_AREA ( #4697 ) ;
#172 = VERTEX_POINT ( 'NONE', #3609 ) ;
#173 = DIRECTION ( 'NONE',  ( -1.000000000000000000, -0.0000000000000000000, 8.270764333545149118E-16 ) ) ;
#174 = SURFACE_SIDE_STYLE ('',( #7292 ) ) ;
#175 = ORIENTED_EDGE ( 'NONE', *, *, #9384, .T. ) ;
#176 = DIRECTION ( 'NONE',  ( -0.0000000000000000000, -1.000000000000000000, 0.0000000000000000000 ) ) ;
#177 = DIRECTION ( 'NONE',  ( 1.000000000000000000, -0.0000000000000000000, -2.451907390652843649E-15 ) ) ;
#178 = VECTOR ( 'NONE', #5325, 1000.000000000000000 ) ;
#179 = LINE ( 'NONE', #5633, #169 ) ;
#180 = SURFACE_SIDE_STYLE ('',( #870 ) ) ;
#181 = SURFACE_SIDE_STYLE ('',( #6610 ) ) ;
#182 = CARTESIAN_POINT ( 'NONE',  ( 4.184149331665849125, 4.665000000000000924, 1.484534871776028275 ) ) ;
#183 = DIRECTION ( 'NONE',  ( 0.0000000000000000000, 1.000000000000000000, -0.0000000000000000000 ) ) ;
#184 = EDGE_CURVE ( 'NONE', #3250, #9980, #6789, .T. ) ;
#185 = UNCERTAINTY_MEASURE_WITH_UNIT (LENGTH_MEASURE( 1.000000000000000082E-05 ), #6077, 'distance_accuracy_value', 'NONE');
#186 = CARTESIAN_POINT ( 'NONE',  ( 4.494557450338589888, 1.685000000000000275, 0.2999999999999988787 ) ) ;
#187 = VECTOR ( 'NONE', #1717, 1000.000000000000114 ) ;
#188 = VERTEX_POINT ( 'NONE', #1945 ) ;
#189 = CIRCLE ( 'NONE', #7657, 0.2999999999999983791 ) ;
#190 = VERTEX_POINT ( 'NONE', #7690 ) ;
#191 = LINE ( 'NONE', #3382, #7469 ) ;
#192 = EDGE_CURVE ( 'NONE', #968, #393, #5093, .T. ) ;
#193 = CARTESIAN_POINT ( 'NONE',  ( 4.184149331665849125, 4.665000000000000924, 1.484534871776028275 ) ) ;
#194 = FACE_OUTER_BOUND ( 'NONE', #4434, .T. ) ;
#195 = EDGE_CURVE ( 'NONE', #8807, #9447, #2038, .T. ) ;
#196 =( LENGTH_UNIT ( ) NAMED_UNIT ( * ) SI_UNIT ( .MILLI., .METRE. ) );
#197 = CIRCLE ( 'NONE', #2541, 0.1243605512616186154 ) ;
#198 = ORIENTED_EDGE ( 'NONE', *, *, #9784, .F. ) ;
#199 = PRESENTATION_STYLE_ASSIGNMENT (( #5500 ) ) ;
#200 = ORIENTED_EDGE ( 'NONE', *, *, #3581, .T. ) ;
#201 = VECTOR ( 'NONE', #6138, 1000.000000000000000 ) ;
#202 = LINE ( 'NONE', #8147, #5491 ) ;
#203 = ORIENTED_EDGE ( 'NONE', *, *, #4769, .T. ) ;
#204 = EDGE_CURVE ( 'NONE', #4504, #7545, #1153, .T. ) ;
#205 =( NAMED_UNIT ( * ) PLANE_ANGLE_UNIT ( ) SI_UNIT ( $, .RADIAN. ) );
#206 = UNCERTAINTY_MEASURE_WITH_UNIT (LENGTH_MEASURE( 1.000000000000000082E-05 ), #2086, 'distance_accuracy_value', 'NONE');
#207 = MECHANICAL_DESIGN_GEOMETRIC_PRESENTATION_REPRESENTATION (  '', ( #7505 ), #1879 ) ;
#208 = ORIENTED_EDGE ( 'NONE', *, *, #252, .T. ) ;
#209 =( NAMED_UNIT ( * ) SI_UNIT ( $, .STERADIAN. ) SOLID_ANGLE_UNIT ( ) );
#210 = VECTOR ( 'NONE', #6335, 1000.000000000000000 ) ;
#211 = ORIENTED_EDGE ( 'NONE', *, *, #7680, .T. ) ;
#212 = FILL_AREA_STYLE ('',( #5568 ) ) ;
#213 =( NAMED_UNIT ( * ) PLANE_ANGLE_UNIT ( ) SI_UNIT ( $, .RADIAN. ) );
#214 = VECTOR ( 'NONE', #367, 1000.000000000000000 ) ;
#215 = EDGE_LOOP ( 'NONE', ( #10053, #6750, #9689, #5222 ) ) ;
#216 = ADVANCED_FACE ( 'NONE', ( #3711 ), #2807, .F. ) ;
#217 =( NAMED_UNIT ( * ) SI_UNIT ( $, .STERADIAN. ) SOLID_ANGLE_UNIT ( ) );
#218 = LINE ( 'NONE', #2663, #9275 ) ;
#219 =( LENGTH_UNIT ( ) NAMED_UNIT ( * ) SI_UNIT ( .MILLI., .METRE. ) );
#220 =( GEOMETRIC_REPRESENTATION_CONTEXT ( 3 ) GLOBAL_UNCERTAINTY_ASSIGNED_CONTEXT ( ( #206 ) ) GLOBAL_UNIT_ASSIGNED_CONTEXT ( ( #2086, #10095, #7827 ) ) REPRESENTATION_CONTEXT ( 'NONE', 'WORKASPACE' ) );
#221 = PRESENTATION_LAYER_ASSIGNMENT (  '', '', ( #6360 ) ) ;
#222 = PRESENTATION_STYLE_ASSIGNMENT (( #2667 ) ) ;
#223 = VERTEX_POINT ( 'NONE', #524 ) ;
#224 = FILL_AREA_STYLE ('',( #5059 ) ) ;
#225 = ORIENTED_EDGE ( 'NONE', *, *, #9087, .F. ) ;
#226 = DIRECTION ( 'NONE',  ( -0.0000000000000000000, -1.000000000000000000, -0.0000000000000000000 ) ) ;
#227 =( LENGTH_UNIT ( ) NAMED_UNIT ( * ) SI_UNIT ( .MILLI., .METRE. ) );
#228 = STYLED_ITEM ( 'NONE', ( #3429 ), #9695 ) ;
#229 = LINE ( 'NONE', #7407, #7655 ) ;
#230 = CIRCLE ( 'NONE', #9830, 0.1243605512616186154 ) ;
#231 = SURFACE_STYLE_USAGE ( .BOTH. , #180 ) ;
#232 = DIRECTION ( 'NONE',  ( 0.0000000000000000000, 0.0000000000000000000, -1.000000000000000000 ) ) ;
#233 = DIRECTION ( 'NONE',  ( 0.1736481776669387411, 0.0000000000000000000, -0.9848077530122064660 ) ) ;
#234 = AXIS2_PLACEMENT_3D ( 'NONE', #7092, #2899, #7768 ) ;
#235 = DIRECTION ( 'NONE',  ( 1.000000000000000000, -0.0000000000000000000, -2.451907390652843649E-15 ) ) ;
#236 = VECTOR ( 'NONE', #2882, 1000.000000000000000 ) ;
#237 = VERTEX_POINT ( 'NONE', #10013 ) ;
#238 = PLANE ( 'NONE',  #3726 ) ;
#239 = PLANE ( 'NONE',  #2356 ) ;
#240 = ORIENTED_EDGE ( 'NONE', *, *, #7083, .T. ) ;
#241 = DIRECTION ( 'NONE',  ( -0.0000000000000000000, -1.000000000000000000, -0.0000000000000000000 ) ) ;
#242 = EDGE_CURVE ( 'NONE', #4292, #6580, #3856, .T. ) ;
#243 = DIRECTION ( 'NONE',  ( -0.2588190451025213501, 0.0000000000000000000, -0.9659258262890680902 ) ) ;
#244 = FILL_AREA_STYLE_COLOUR ( '', #6529 ) ;
#245 =( NAMED_UNIT ( * ) SI_UNIT ( $, .STERADIAN. ) SOLID_ANGLE_UNIT ( ) );
#246 = AXIS2_PLACEMENT_3D ( 'NONE', #610, #2236, #8494 ) ;
#247 = CARTESIAN_POINT ( 'NONE',  ( -3.899999999999999023, -0.8549999999999998712, 1.600000000000000089 ) ) ;
#248 = EDGE_CURVE ( 'NONE', #43, #1776, #3765, .T. ) ;
#249 = ORIENTED_EDGE ( 'NONE', *, *, #7883, .T. ) ;
#250 =( NAMED_UNIT ( * ) PLANE_ANGLE_UNIT ( ) SI_UNIT ( $, .RADIAN. ) );
#251 = LINE ( 'NONE', #2318, #1359 ) ;
#252 = EDGE_CURVE ( 'NONE', #10102, #3961, #2251, .T. ) ;
#253 = CYLINDRICAL_SURFACE ( 'NONE', #6839, 0.1243605512616186154 ) ;
#254 = LINE ( 'NONE', #1778, #9770 ) ;
#255 = VERTEX_POINT ( 'NONE', #7005 ) ;
#256 = DIRECTION ( 'NONE',  ( -0.2588190451025213501, -0.0000000000000000000, 0.9659258262890680902 ) ) ;
#257 = AXIS2_PLACEMENT_3D ( 'NONE', #1112, #5006, #8171 ) ;
#258 = CARTESIAN_POINT ( 'NONE',  ( -3.888707005762189084, 3.395000000000000462, 1.732440418475947430 ) ) ;
#259 = EDGE_CURVE ( 'NONE', #7482, #8710, #6894, .T. ) ;
#260 = SURFACE_STYLE_USAGE ( .BOTH. , #9802 ) ;
#261 = EDGE_CURVE ( 'NONE', #629, #6650, #3933, .T. ) ;
#262 = ORIENTED_EDGE ( 'NONE', *, *, #2491, .T. ) ;
#263 = EDGE_CURVE ( 'NONE', #1855, #376, #5242, .T. ) ;
#264 = VERTEX_POINT ( 'NONE', #10059 ) ;
#265 = DIRECTION ( 'NONE',  ( 0.0000000000000000000, 1.000000000000000000, 0.0000000000000000000 ) ) ;
#266 = FILL_AREA_STYLE_COLOUR ( '', #1157 ) ;
#267 = CARTESIAN_POINT ( 'NONE',  ( 4.494557450338587223, -4.224999999999999645, -1.084202172485504434E-15 ) ) ;
#268 =( NAMED_UNIT ( * ) SI_UNIT ( $, .STERADIAN. ) SOLID_ANGLE_UNIT ( ) );
#269 = DIRECTION ( 'NONE',  ( -0.0000000000000000000, -1.000000000000000000, -0.0000000000000000000 ) ) ;
#270 = LINE ( 'NONE', #6649, #2372 ) ;
#271 =( LENGTH_UNIT ( ) NAMED_UNIT ( * ) SI_UNIT ( .MILLI., .METRE. ) );
#272 = EDGE_CURVE ( 'NONE', #7358, #5118, #3088, .T. ) ;
#273 = MECHANICAL_DESIGN_GEOMETRIC_PRESENTATION_REPRESENTATION (  '', ( #9556 ), #2615 ) ;
#274 = ORIENTED_EDGE ( 'NONE', *, *, #7645, .T. ) ;
#275 = VECTOR ( 'NONE', #9307, 1000.000000000000114 ) ;
#276 = CARTESIAN_POINT ( 'NONE',  ( 4.494557450338590776, -4.665000000000000036, 0.2999999999999988787 ) ) ;
#277 = FACE_OUTER_BOUND ( 'NONE', #4350, .T. ) ;
#278 = ORIENTED_EDGE ( 'NONE', *, *, #5576, .T. ) ;
#279 = DIRECTION ( 'NONE',  ( -0.0000000000000000000, -1.000000000000000000, -0.0000000000000000000 ) ) ;
#280 = DIRECTION ( 'NONE',  ( 1.000000000000000000, 0.0000000000000000000, 0.0000000000000000000 ) ) ;
#281 = SURFACE_SIDE_STYLE ('',( #5742 ) ) ;
#282 = DIRECTION ( 'NONE',  ( 0.2588190451025213501, -0.0000000000000000000, 0.9659258262890680902 ) ) ;
#283 = VECTOR ( 'NONE', #3221, 999.9999999999998863 ) ;
#284 = VECTOR ( 'NONE', #9308, 1000.000000000000000 ) ;
#285 = CARTESIAN_POINT ( 'NONE',  ( 5.150000000000001243, -1.684999999999999831, 0.2000000000000016764 ) ) ;
#286 = DIRECTION ( 'NONE',  ( -0.0000000000000000000, -1.000000000000000000, -0.0000000000000000000 ) ) ;
#287 = FILL_AREA_STYLE_COLOUR ( '', #7982 ) ;
#288 = LINE ( 'NONE', #3475, #3807 ) ;
#289 = ORIENTED_EDGE ( 'NONE', *, *, #1293, .T. ) ;
#290 = PRESENTATION_LAYER_ASSIGNMENT (  '', '', ( #4772 ) ) ;
#291 = STYLED_ITEM ( 'NONE', ( #3616 ), #4570 ) ;
#292 = DIRECTION ( 'NONE',  ( 0.0000000000000000000, 0.0000000000000000000, 1.000000000000000000 ) ) ;
#293 = VERTEX_POINT ( 'NONE', #8617 ) ;
#294 =( LENGTH_UNIT ( ) NAMED_UNIT ( * ) SI_UNIT ( .MILLI., .METRE. ) );
#295 = FILL_AREA_STYLE ('',( #7423 ) ) ;
#296 = PRESENTATION_LAYER_ASSIGNMENT (  '', '', ( #9089 ) ) ;
#297 = LINE ( 'NONE', #8143, #49 ) ;
#298 = ORIENTED_EDGE ( 'NONE', *, *, #5516, .T. ) ;
#299 = EDGE_LOOP ( 'NONE', ( #10197, #9614, #6271, #816 ) ) ;
#300 = VECTOR ( 'NONE', #8482, 1000.000000000000114 ) ;
#301 = CARTESIAN_POINT ( 'NONE',  ( 3.749999999999999556, 5.099999999999998757, 1.600000000000000089 ) ) ;
#302 = ORIENTED_EDGE ( 'NONE', *, *, #7762, .T. ) ;
#303 = LINE ( 'NONE', #3490, #2556 ) ;
#304 = DIRECTION ( 'NONE',  ( -1.000000000000000000, 0.0000000000000000000, -2.563936943398996305E-15 ) ) ;
#305 = ORIENTED_EDGE ( 'NONE', *, *, #845, .F. ) ;
#306 = EDGE_CURVE ( 'NONE', #3465, #5373, #5079, .T. ) ;
#307 =( NAMED_UNIT ( * ) SI_UNIT ( $, .STERADIAN. ) SOLID_ANGLE_UNIT ( ) );
#308 =( LENGTH_UNIT ( ) NAMED_UNIT ( * ) SI_UNIT ( .MILLI., .METRE. ) );
#309 = EDGE_LOOP ( 'NONE', ( #5782, #7851, #3077, #10086 ) ) ;
#310 = UNCERTAINTY_MEASURE_WITH_UNIT (LENGTH_MEASURE( 1.000000000000000082E-05 ), #3772, 'distance_accuracy_value', 'NONE');
#311 = PRESENTATION_STYLE_ASSIGNMENT (( #6641 ) ) ;
#312 = CARTESIAN_POINT ( 'NONE',  ( 4.494557450338587223, -4.224999999999999645, 5.421010862427522170E-16 ) ) ;
#313 = ORIENTED_EDGE ( 'NONE', *, *, #6530, .T. ) ;
#314 = VECTOR ( 'NONE', #7599, 1000.000000000000000 ) ;
#315 = COLOUR_RGB ( '',0.7529411764705882248, 0.7529411764705882248, 0.7529411764705882248 ) ;
#316 = DIRECTION ( 'NONE',  ( -0.0000000000000000000, -1.000000000000000000, -0.0000000000000000000 ) ) ;
#317 = VECTOR ( 'NONE', #7530, 1000.000000000000000 ) ;
#318 = DIRECTION ( 'NONE',  ( -0.0000000000000000000, -1.000000000000000000, 0.0000000000000000000 ) ) ;
#319 = EDGE_CURVE ( 'NONE', #8616, #1063, #1511, .T. ) ;
#320 = EDGE_CURVE ( 'NONE', #3326, #8719, #3959, .T. ) ;
#321 = SURFACE_SIDE_STYLE ('',( #6745 ) ) ;
#322 = DIRECTION ( 'NONE',  ( -0.1736481776669393240, 0.0000000000000000000, -0.9848077530122064660 ) ) ;
#323 = EDGE_CURVE ( 'NONE', #417, #10102, #3438, .T. ) ;
#324 = AXIS2_PLACEMENT_3D ( 'NONE', #8624, #5502, #2358 ) ;
#325 = CARTESIAN_POINT ( 'NONE',  ( 4.494557450338587223, -4.665000000000000036, 5.421010862427522170E-16 ) ) ;
#326 = COLOUR_RGB ( '',0.7529411764705882248, 0.7529411764705882248, 0.7529411764705882248 ) ;
#327 = SURFACE_STYLE_FILL_AREA ( #1907 ) ;
#328 = LINE ( 'NONE', #1854, #7047 ) ;
#329 = CARTESIAN_POINT ( 'NONE',  ( 4.184149331665850013, 0.4150000000000004241, 1.484534871776028275 ) ) ;
#330 = DIRECTION ( 'NONE',  ( -0.0000000000000000000, -1.000000000000000000, -0.0000000000000000000 ) ) ;
#331 = ADVANCED_FACE ( 'NONE', ( #4668 ), #10111, .F. ) ;
#332 = CARTESIAN_POINT ( 'NONE',  ( 4.494557450338590776, -3.394999999999999574, 0.2999999999999988787 ) ) ;
#333 = SURFACE_STYLE_USAGE ( .BOTH. , #5167 ) ;
#334 = DIRECTION ( 'NONE',  ( 0.0000000000000000000, 0.0000000000000000000, 1.000000000000000000 ) ) ;
#335 = CARTESIAN_POINT ( 'NONE',  ( -3.888707005762189528, 4.225000000000000533, 1.732440418475947430 ) ) ;
#336 = VERTEX_POINT ( 'NONE', #3584 ) ;
#337 =( NAMED_UNIT ( * ) SI_UNIT ( $, .STERADIAN. ) SOLID_ANGLE_UNIT ( ) );
#338 = FILL_AREA_STYLE_COLOUR ( '', #9821 ) ;
#339 = MECHANICAL_DESIGN_GEOMETRIC_PRESENTATION_REPRESENTATION (  '', ( #5810 ), #4478 ) ;
#340 = PRESENTATION_LAYER_ASSIGNMENT (  '', '', ( #6969 ) ) ;
#341 = ORIENTED_EDGE ( 'NONE', *, *, #7365, .F. ) ;
#342 = CARTESIAN_POINT ( 'NONE',  ( 3.881702402145740471, 0.8550000000000007594, 1.531712435151438845 ) ) ;
#343 = EDGE_CURVE ( 'NONE', #9184, #9739, #4827, .T. ) ;
#344 = FILL_AREA_STYLE ('',( #6724 ) ) ;
#345 = DIRECTION ( 'NONE',  ( -1.000000000000000000, 0.0000000000000000000, 0.0000000000000000000 ) ) ;
#346 = SURFACE_STYLE_FILL_AREA ( #7369 ) ;
#347 = SURFACE_STYLE_USAGE ( .BOTH. , #4396 ) ;
#348 = SURFACE_STYLE_FILL_AREA ( #5128 ) ;
#349 = SURFACE_STYLE_USAGE ( .BOTH. , #3701 ) ;
#350 = CIRCLE ( 'NONE', #1188, 0.2999999999999983791 ) ;
#351 = ORIENTED_EDGE ( 'NONE', *, *, #2204, .T. ) ;
#352 = COLOUR_RGB ( '',0.7529411764705882248, 0.7529411764705882248, 0.7529411764705882248 ) ;
#353 = LINE ( 'NONE', #5865, #8285 ) ;
#354 = VERTEX_POINT ( 'NONE', #149 ) ;
#355 = DIRECTION ( 'NONE',  ( -0.0000000000000000000, -1.000000000000000000, 0.0000000000000000000 ) ) ;
#356 = SURFACE_STYLE_USAGE ( .BOTH. , #1145 ) ;
#357 = MECHANICAL_DESIGN_GEOMETRIC_PRESENTATION_REPRESENTATION (  '', ( #7496 ), #6000 ) ;
#358 = ORIENTED_EDGE ( 'NONE', *, *, #7435, .F. ) ;
#359 = VECTOR ( 'NONE', #9472, 1000.000000000000000 ) ;
#360 = CARTESIAN_POINT ( 'NONE',  ( 4.396076675037370762, 0.8550000000000007594, 0.2826351822333049157 ) ) ;
#361 = CARTESIAN_POINT ( 'NONE',  ( -3.750000000000000444, 4.590896534380864757, 3.500000000000000000 ) ) ;
#362 = ORIENTED_EDGE ( 'NONE', *, *, #4821, .F. ) ;
#363 = DIRECTION ( 'NONE',  ( -2.451907390652843255E-15, 0.0000000000000000000, -1.000000000000000000 ) ) ;
#364 = MECHANICAL_DESIGN_GEOMETRIC_PRESENTATION_REPRESENTATION (  '', ( #3533 ), #8830 ) ;
#365 = ORIENTED_EDGE ( 'NONE', *, *, #1339, .F. ) ;
#366 = AXIS2_PLACEMENT_3D ( 'NONE', #482, #2885, #9255 ) ;
#367 = DIRECTION ( 'NONE',  ( -0.0000000000000000000, -1.000000000000000000, -0.0000000000000000000 ) ) ;
#368 = FILL_AREA_STYLE ('',( #7490 ) ) ;
#369 = EDGE_CURVE ( 'NONE', #1363, #2070, #8144, .T. ) ;
#370 = PRESENTATION_LAYER_ASSIGNMENT (  '', '', ( #5019 ) ) ;
#371 = SURFACE_STYLE_USAGE ( .BOTH. , #321 ) ;
#372 = VECTOR ( 'NONE', #10153, 1000.000000000000000 ) ;
#373 = CARTESIAN_POINT ( 'NONE',  ( -4.494557450338583671, -2.954999999999999183, 1.680513367352531873E-15 ) ) ;
#374 =( NAMED_UNIT ( * ) SI_UNIT ( $, .STERADIAN. ) SOLID_ANGLE_UNIT ( ) );
#375 = VECTOR ( 'NONE', #2001, 1000.000000000000000 ) ;
#376 = VERTEX_POINT ( 'NONE', #5759 ) ;
#377 = FACE_OUTER_BOUND ( 'NONE', #10204, .T. ) ;
#378 = SURFACE_STYLE_USAGE ( .BOTH. , #4217 ) ;
#379 =( NAMED_UNIT ( * ) PLANE_ANGLE_UNIT ( ) SI_UNIT ( $, .RADIAN. ) );
#380 = CARTESIAN_POINT ( 'NONE',  ( 4.184149331665850013, 0.8550000000000007594, 1.484534871776028275 ) ) ;
#381 = CARTESIAN_POINT ( 'NONE',  ( 4.199115124434926294, 1.685000000000000275, 0.2479055466999157964 ) ) ;
#382 = EDGE_CURVE ( 'NONE', #968, #7010, #7320, .T. ) ;
#383 = MECHANICAL_DESIGN_GEOMETRIC_PRESENTATION_REPRESENTATION (  '', ( #9816 ), #9173 ) ;
#384 = DIRECTION ( 'NONE',  ( -1.752245935330107442E-16, 1.000000000000000000, 4.296344759077295089E-31 ) ) ;
#385 = DIRECTION ( 'NONE',  ( 0.1736481776669387411, 0.0000000000000000000, -0.9848077530122064660 ) ) ;
#386 = DIRECTION ( 'NONE',  ( 0.0000000000000000000, 0.0000000000000000000, -1.000000000000000000 ) ) ;
#387 = EDGE_CURVE ( 'NONE', #7844, #5870, #4052, .T. ) ;
#388 = STYLED_ITEM ( 'NONE', ( #6684 ), #8586 ) ;
#389 = UNCERTAINTY_MEASURE_WITH_UNIT (LENGTH_MEASURE( 1.000000000000000082E-05 ), #308, 'distance_accuracy_value', 'NONE');
#390 = DIRECTION ( 'NONE',  ( 0.2588190451025213501, 0.0000000000000000000, -0.9659258262890680902 ) ) ;
#391 = DIRECTION ( 'NONE',  ( 0.0000000000000000000, 0.0000000000000000000, 1.000000000000000000 ) ) ;
#392 = MECHANICAL_DESIGN_GEOMETRIC_PRESENTATION_REPRESENTATION (  '', ( #9342 ), #8521 ) ;
#393 = VERTEX_POINT ( 'NONE', #3297 ) ;
#394 = ORIENTED_EDGE ( 'NONE', *, *, #3295, .F. ) ;
#395 = DIRECTION ( 'NONE',  ( -0.0000000000000000000, -1.000000000000000000, 0.0000000000000000000 ) ) ;
#396 = AXIS2_PLACEMENT_3D ( 'NONE', #9519, #7404, #1647 ) ;
#397 = ORIENTED_EDGE ( 'NONE', *, *, #6966, .F. ) ;
#398 =( GEOMETRIC_REPRESENTATION_CONTEXT ( 3 ) GLOBAL_UNCERTAINTY_ASSIGNED_CONTEXT ( ( #8926 ) ) GLOBAL_UNIT_ASSIGNED_CONTEXT ( ( #3259, #8780, #8729 ) ) REPRESENTATION_CONTEXT ( 'NONE', 'WORKASPACE' ) );
#399 = SURFACE_SIDE_STYLE ('',( #4336 ) ) ;
#400 = PRESENTATION_LAYER_ASSIGNMENT (  '', '', ( #10004 ) ) ;
#401 = CARTESIAN_POINT ( 'NONE',  ( 4.494557450338589888, 0.8550000000000007594, 0.1999999999999988454 ) ) ;
#402 = MECHANICAL_DESIGN_GEOMETRIC_PRESENTATION_REPRESENTATION (  '', ( #9507 ), #4055 ) ;
#403 = DIRECTION ( 'NONE',  ( -0.0000000000000000000, -1.000000000000000000, -0.0000000000000000000 ) ) ;
#404 = CARTESIAN_POINT ( 'NONE',  ( -5.149999999999998579, -2.954999999999999183, 0.2000000000000016764 ) ) ;
#405 = AXIS2_PLACEMENT_3D ( 'NONE', #1242, #7368, #345 ) ;
#406 = EDGE_CURVE ( 'NONE', #90, #8416, #5922, .T. ) ;
#407 = VERTEX_POINT ( 'NONE', #7158 ) ;
#408 = AXIS2_PLACEMENT_3D ( 'NONE', #9662, #8900, #1003 ) ;
#409 = VERTEX_POINT ( 'NONE', #5651 ) ;
#410 = STYLED_ITEM ( 'NONE', ( #3261 ), #9271 ) ;
#411 = CARTESIAN_POINT ( 'NONE',  ( -3.899999999999998579, -2.954999999999999183, 1.600000000000000089 ) ) ;
#412 = DIRECTION ( 'NONE',  ( 0.0000000000000000000, -0.0000000000000000000, 1.000000000000000000 ) ) ;
#413 = SURFACE_STYLE_FILL_AREA ( #4351 ) ;
#414 = CARTESIAN_POINT ( 'NONE',  ( -3.899999999999998579, -3.394999999999999574, 1.600000000000000089 ) ) ;
#415 = UNCERTAINTY_MEASURE_WITH_UNIT (LENGTH_MEASURE( 1.000000000000000082E-05 ), #3474, 'distance_accuracy_value', 'NONE');
#416 = STYLED_ITEM ( 'NONE', ( #3795 ), #3105 ) ;
#417 = VERTEX_POINT ( 'NONE', #8819 ) ;
#418 = STYLED_ITEM ( 'NONE', ( #114 ), #4005 ) ;
#419 = UNCERTAINTY_MEASURE_WITH_UNIT (LENGTH_MEASURE( 1.000000000000000082E-05 ), #2713, 'distance_accuracy_value', 'NONE');
#420 = ORIENTED_EDGE ( 'NONE', *, *, #8894, .F. ) ;
#421 = SURFACE_STYLE_USAGE ( .BOTH. , #3552 ) ;
#422 = EDGE_LOOP ( 'NONE', ( #7403, #8720, #9265, #3150, #8433, #7516, #10058, #6687, #9783, #7468, #4066, #313 ) ) ;
#423 = STYLED_ITEM ( 'NONE', ( #5115 ), #4252 ) ;
#424 = PRESENTATION_STYLE_ASSIGNMENT (( #5150 ) ) ;
#425 = LINE ( 'NONE', #9144, #1166 ) ;
#426 = VECTOR ( 'NONE', #4099, 1000.000000000000000 ) ;
#427 = DIRECTION ( 'NONE',  ( 0.1736481776669393240, -0.0000000000000000000, 0.9848077530122063550 ) ) ;
#428 = DIRECTION ( 'NONE',  ( 2.451907390652843255E-15, 0.0000000000000000000, -1.000000000000000000 ) ) ;
#429 = LINE ( 'NONE', #1212, #6998 ) ;
#430 = SURFACE_STYLE_USAGE ( .BOTH. , #8168 ) ;
#431 = VERTEX_POINT ( 'NONE', #2020 ) ;
#432 =( NAMED_UNIT ( * ) PLANE_ANGLE_UNIT ( ) SI_UNIT ( $, .RADIAN. ) );
#433 = CYLINDRICAL_SURFACE ( 'NONE', #9352, 0.09999999999999911737 ) ;
#434 = FACE_OUTER_BOUND ( 'NONE', #1676, .T. ) ;
#435 = LINE ( 'NONE', #1172, #9477 ) ;
#436 = FILL_AREA_STYLE ('',( #4224 ) ) ;
#437 = PRESENTATION_STYLE_ASSIGNMENT (( #7561 ) ) ;
#438 =( NAMED_UNIT ( * ) SI_UNIT ( $, .STERADIAN. ) SOLID_ANGLE_UNIT ( ) );
#439 = LINE ( 'NONE', #2833, #9798 ) ;
#440 = DIRECTION ( 'NONE',  ( 0.0000000000000000000, 0.0000000000000000000, -1.000000000000000000 ) ) ;
#441 = ORIENTED_EDGE ( 'NONE', *, *, #7518, .F. ) ;
#442 = ORIENTED_EDGE ( 'NONE', *, *, #464, .T. ) ;
#443 =( LENGTH_UNIT ( ) NAMED_UNIT ( * ) SI_UNIT ( .MILLI., .METRE. ) );
#444 = LINE ( 'NONE', #6874, #7249 ) ;
#445 = SURFACE_STYLE_USAGE ( .BOTH. , #7515 ) ;
#446 = PLANE ( 'NONE',  #7141 ) ;
#447 = ORIENTED_EDGE ( 'NONE', *, *, #6164, .F. ) ;
#448 = VECTOR ( 'NONE', #2330, 1000.000000000000000 ) ;
#449 =( GEOMETRIC_REPRESENTATION_CONTEXT ( 3 ) GLOBAL_UNCERTAINTY_ASSIGNED_CONTEXT ( ( #1682 ) ) GLOBAL_UNIT_ASSIGNED_CONTEXT ( ( #7838, #3139, #2351 ) ) REPRESENTATION_CONTEXT ( 'NONE', 'WORKASPACE' ) );
#450 = SURFACE_STYLE_USAGE ( .BOTH. , #399 ) ;
#452 = ADVANCED_FACE ( 'NONE', ( #1714 ), #5955, .F. ) ;
#451 =( NAMED_UNIT ( * ) PLANE_ANGLE_UNIT ( ) SI_UNIT ( $, .RADIAN. ) );
#453 = EDGE_CURVE ( 'NONE', #3368, #457, #444, .T. ) ;
#454 = PLANE ( 'NONE',  #5717 ) ;
#455 = CARTESIAN_POINT ( 'NONE',  ( 4.184149331665850013, -0.4149999999999995914, 1.484534871776028275 ) ) ;
#456 =( GEOMETRIC_REPRESENTATION_CONTEXT ( 3 ) GLOBAL_UNCERTAINTY_ASSIGNED_CONTEXT ( ( #3258 ) ) GLOBAL_UNIT_ASSIGNED_CONTEXT ( ( #8903, #8175, #1117 ) ) REPRESENTATION_CONTEXT ( 'NONE', 'WORKASPACE' ) );
#457 = VERTEX_POINT ( 'NONE', #1283 ) ;
#458 = CIRCLE ( 'NONE', #2961, 0.2999999999999999334 ) ;
#459 = DIRECTION ( 'NONE',  ( 0.2588190451025213501, -0.0000000000000000000, 0.9659258262890680902 ) ) ;
#460 = DIRECTION ( 'NONE',  ( -0.9848077530122065770, 0.0000000000000000000, 0.1736481776669387689 ) ) ;
#461 = DIRECTION ( 'NONE',  ( 0.0000000000000000000, 0.0000000000000000000, -1.000000000000000000 ) ) ;
#462 = VERTEX_POINT ( 'NONE', #4389 ) ;
#463 = DIRECTION ( 'NONE',  ( 1.000000000000000000, 0.0000000000000000000, 0.0000000000000000000 ) ) ;
#464 = EDGE_CURVE ( 'NONE', #806, #6316, #3637, .T. ) ;
#465 = ORIENTED_EDGE ( 'NONE', *, *, #2393, .T. ) ;
#466 = SURFACE_STYLE_FILL_AREA ( #2968 ) ;
#467 = CARTESIAN_POINT ( 'NONE',  ( -3.868266076183283886, -2.954999999999999183, 1.408079867214329095 ) ) ;
#468 = ORIENTED_EDGE ( 'NONE', *, *, #9894, .T. ) ;
#469 = EDGE_LOOP ( 'NONE', ( #6662, #5577, #5850, #3949 ) ) ;
#470 = DIRECTION ( 'NONE',  ( 0.0000000000000000000, 0.0000000000000000000, 1.000000000000000000 ) ) ;
#471 = SURFACE_STYLE_FILL_AREA ( #6039 ) ;
#472 = VECTOR ( 'NONE', #2460, 1000.000000000000000 ) ;
#473 = FILL_AREA_STYLE_COLOUR ( '', #2883 ) ;
#474 = DIRECTION ( 'NONE',  ( 0.0000000000000000000, -0.0000000000000000000, -1.000000000000000000 ) ) ;
#475 = CARTESIAN_POINT ( 'NONE',  ( -3.881702402145739139, 0.8550000000000007594, 1.531712435151439733 ) ) ;
#476 = DIRECTION ( 'NONE',  ( -0.2588190451025213501, 0.0000000000000000000, -0.9659258262890680902 ) ) ;
#477 = EDGE_LOOP ( 'NONE', ( #3344, #2189, #305, #5631 ) ) ;
#478 = DIRECTION ( 'NONE',  ( 0.1736481776669387411, 0.0000000000000000000, -0.9848077530122064660 ) ) ;
#479 = SURFACE_STYLE_FILL_AREA ( #9865 ) ;
#480 = DIRECTION ( 'NONE',  ( 0.1736481776669392962, 0.0000000000000000000, -0.9848077530122064660 ) ) ;
#481 = PRESENTATION_LAYER_ASSIGNMENT (  '', '', ( #156 ) ) ;
#482 = CARTESIAN_POINT ( 'NONE',  ( 3.888707005762190416, -0.8549999999999998712, 1.432440418475947386 ) ) ;
#483 = DIRECTION ( 'NONE',  ( 0.0000000000000000000, 0.0000000000000000000, -1.000000000000000000 ) ) ;
#484 = SURFACE_STYLE_FILL_AREA ( #6093 ) ;
#485 = FILL_AREA_STYLE ('',( #8280 ) ) ;
#486 = PRESENTATION_LAYER_ASSIGNMENT (  '', '', ( #4629 ) ) ;
#487 = AXIS2_PLACEMENT_3D ( 'NONE', #3304, #1721, #736 ) ;
#488 = DIRECTION ( 'NONE',  ( 0.9848077530122065770, -0.0000000000000000000, 0.1736481776669387689 ) ) ;
#489 = STYLED_ITEM ( 'NONE', ( #6768 ), #6045 ) ;
#490 = UNCERTAINTY_MEASURE_WITH_UNIT (LENGTH_MEASURE( 1.000000000000000082E-05 ), #6483, 'distance_accuracy_value', 'NONE');
#491 = PRESENTATION_STYLE_ASSIGNMENT (( #6758 ) ) ;
#492 = LINE ( 'NONE', #7812, #969 ) ;
#493 = ORIENTED_EDGE ( 'NONE', *, *, #7881, .F. ) ;
#494 = EDGE_LOOP ( 'NONE', ( #759, #7744 ) ) ;
#495 = FILL_AREA_STYLE_COLOUR ( '', #2267 ) ;
#496 = LINE ( 'NONE', #3687, #4194 ) ;
#497 = DIRECTION ( 'NONE',  ( 0.0000000000000000000, 0.0000000000000000000, 1.000000000000000000 ) ) ;
#498 = CARTESIAN_POINT ( 'NONE',  ( 4.494557450338589000, 4.665000000000000924, 0.2999999999999988787 ) ) ;
#499 = ORIENTED_EDGE ( 'NONE', *, *, #1678, .F. ) ;
#500 = MECHANICAL_DESIGN_GEOMETRIC_PRESENTATION_REPRESENTATION (  '', ( #1503 ), #4634 ) ;
#501 = VECTOR ( 'NONE', #1859, 1000.000000000000000 ) ;
#502 = LINE ( 'NONE', #3693, #7961 ) ;
#503 = EDGE_CURVE ( 'NONE', #4997, #1504, #1619, .T. ) ;
#504 = FACE_OUTER_BOUND ( 'NONE', #2947, .T. ) ;
#505 = DIRECTION ( 'NONE',  ( 0.0000000000000000000, 0.0000000000000000000, -1.000000000000000000 ) ) ;
#506 = SURFACE_STYLE_USAGE ( .BOTH. , #4653 ) ;
#507 = CARTESIAN_POINT ( 'NONE',  ( -5.149999999999999467, 0.8550000000000007594, 0.0000000000000000000 ) ) ;
#508 = DIRECTION ( 'NONE',  ( 0.0000000000000000000, -1.000000000000000000, 0.0000000000000000000 ) ) ;
#509 = VECTOR ( 'NONE', #7977, 1000.000000000000000 ) ;
#510 = ORIENTED_EDGE ( 'NONE', *, *, #6080, .T. ) ;
#511 = AXIS2_PLACEMENT_3D ( 'NONE', #7234, #3317, #3159 ) ;
#512 = EDGE_CURVE ( 'NONE', #1363, #758, #3058, .T. ) ;
#513 = ORIENTED_EDGE ( 'NONE', *, *, #1427, .T. ) ;
#514 = EDGE_CURVE ( 'NONE', #4989, #4724, #7570, .T. ) ;
#515 = VERTEX_POINT ( 'NONE', #1333 ) ;
#516 = COLOUR_RGB ( '',0.7529411764705882248, 0.7529411764705882248, 0.7529411764705882248 ) ;
#517 = EDGE_CURVE ( 'NONE', #3357, #4542, #3001, .T. ) ;
#518 =( NAMED_UNIT ( * ) PLANE_ANGLE_UNIT ( ) SI_UNIT ( $, .RADIAN. ) );
#519 = ORIENTED_EDGE ( 'NONE', *, *, #5074, .T. ) ;
#520 = UNCERTAINTY_MEASURE_WITH_UNIT (LENGTH_MEASURE( 1.000000000000000082E-05 ), #8351, 'distance_accuracy_value', 'NONE');
#521 =( GEOMETRIC_REPRESENTATION_CONTEXT ( 3 ) GLOBAL_UNCERTAINTY_ASSIGNED_CONTEXT ( ( #7488 ) ) GLOBAL_UNIT_ASSIGNED_CONTEXT ( ( #9498, #8725, #7951 ) ) REPRESENTATION_CONTEXT ( 'NONE', 'WORKASPACE' ) );
#522 = LINE ( 'NONE', #782, #1113 ) ;
#523 = ORIENTED_EDGE ( 'NONE', *, *, #7500, .T. ) ;
#524 = CARTESIAN_POINT ( 'NONE',  ( 4.184149331665850013, -0.4149999999999995914, 1.484534871776028275 ) ) ;
#525 =( LENGTH_UNIT ( ) NAMED_UNIT ( * ) SI_UNIT ( .MILLI., .METRE. ) );
#526 = EDGE_CURVE ( 'NONE', #3749, #5559, #8239, .T. ) ;
#527 = PRESENTATION_LAYER_ASSIGNMENT (  '', '', ( #7496 ) ) ;
#528 = ORIENTED_EDGE ( 'NONE', *, *, #4707, .F. ) ;
#529 =( NAMED_UNIT ( * ) PLANE_ANGLE_UNIT ( ) SI_UNIT ( $, .RADIAN. ) );
#530 =( NAMED_UNIT ( * ) PLANE_ANGLE_UNIT ( ) SI_UNIT ( $, .RADIAN. ) );
#531 = VECTOR ( 'NONE', #3932, 1000.000000000000000 ) ;
#532 = CARTESIAN_POINT ( 'NONE',  ( 3.800269556891266554, 3.395000000000000462, 1.732440418475946320 ) ) ;
#533 = EDGE_LOOP ( 'NONE', ( #9612, #1095, #4121, #4602, #3176, #148, #7821, #2017, #6871, #6232, #2405, #8997 ) ) ;
#534 =( NAMED_UNIT ( * ) PLANE_ANGLE_UNIT ( ) SI_UNIT ( $, .RADIAN. ) );
#535 = PRESENTATION_STYLE_ASSIGNMENT (( #2154 ) ) ;
#536 = PRESENTATION_STYLE_ASSIGNMENT (( #6143 ) ) ;
#537 =( NAMED_UNIT ( * ) PLANE_ANGLE_UNIT ( ) SI_UNIT ( $, .RADIAN. ) );
#538 = EDGE_CURVE ( 'NONE', #409, #9627, #4419, .T. ) ;
#539 = CARTESIAN_POINT ( 'NONE',  ( 4.184149331665850013, -0.4149999999999995914, 1.484534871776028275 ) ) ;
#540 = PRESENTATION_STYLE_ASSIGNMENT (( #9305 ) ) ;
#541 = AXIS2_PLACEMENT_3D ( 'NONE', #6499, #2656, #3495 ) ;
#542 = PRESENTATION_LAYER_ASSIGNMENT (  '', '', ( #1548 ) ) ;
#543 = SURFACE_SIDE_STYLE ('',( #4479 ) ) ;
#544 = DIRECTION ( 'NONE',  ( -1.314184451497581259E-16, 1.000000000000000000, -0.0000000000000000000 ) ) ;
#545 = LINE ( 'NONE', #2323, #7609 ) ;
#546 = ORIENTED_EDGE ( 'NONE', *, *, #1567, .T. ) ;
#547 = ORIENTED_EDGE ( 'NONE', *, *, #3904, .F. ) ;
#548 =( GEOMETRIC_REPRESENTATION_CONTEXT ( 3 ) GLOBAL_UNCERTAINTY_ASSIGNED_CONTEXT ( ( #7159 ) ) GLOBAL_UNIT_ASSIGNED_CONTEXT ( ( #8558, #2448, #675 ) ) REPRESENTATION_CONTEXT ( 'NONE', 'WORKASPACE' ) );
#549 = DIRECTION ( 'NONE',  ( 0.0000000000000000000, -1.000000000000000000, 0.0000000000000000000 ) ) ;
#550 = DIRECTION ( 'NONE',  ( 1.000000000000000000, 0.0000000000000000000, 4.342151275111226558E-15 ) ) ;
#551 = DIRECTION ( 'NONE',  ( -0.0000000000000000000, -1.000000000000000000, -0.0000000000000000000 ) ) ;
#552 = FILL_AREA_STYLE_COLOUR ( '', #5339 ) ;
#553 = DIRECTION ( 'NONE',  ( -1.000000000000000000, -0.0000000000000000000, 8.270764333545149118E-16 ) ) ;
#554 = ORIENTED_EDGE ( 'NONE', *, *, #2674, .T. ) ;
#555 = FILL_AREA_STYLE_COLOUR ( '', #7310 ) ;
#556 =( GEOMETRIC_REPRESENTATION_CONTEXT ( 3 ) GLOBAL_UNCERTAINTY_ASSIGNED_CONTEXT ( ( #2918 ) ) GLOBAL_UNIT_ASSIGNED_CONTEXT ( ( #2873, #7647, #8217 ) ) REPRESENTATION_CONTEXT ( 'NONE', 'WORKASPACE' ) );
#557 = STYLED_ITEM ( 'NONE', ( #1403 ), #2671 ) ;
#558 = CARTESIAN_POINT ( 'NONE',  ( -3.899999999999999023, -0.4149999999999995914, 1.600000000000000089 ) ) ;
#559 = MECHANICAL_DESIGN_GEOMETRIC_PRESENTATION_REPRESENTATION (  '', ( #6202 ), #4193 ) ;
#560 = FILL_AREA_STYLE_COLOUR ( '', #2215 ) ;
#561 = VECTOR ( 'NONE', #1492, 1000.000000000000000 ) ;
#562 = DIRECTION ( 'NONE',  ( -0.0000000000000000000, -1.000000000000000000, -0.0000000000000000000 ) ) ;
#563 = STYLED_ITEM ( 'NONE', ( #1114 ), #2747 ) ;
#564 = EDGE_CURVE ( 'NONE', #1568, #7747, #6157, .T. ) ;
#565 = CARTESIAN_POINT ( 'NONE',  ( 3.900000000000000799, -0.4149999999999995914, 1.600000000000000089 ) ) ;
#566 = ORIENTED_EDGE ( 'NONE', *, *, #7435, .T. ) ;
#567 = AXIS2_PLACEMENT_3D ( 'NONE', #4272, #7463, #2015 ) ;
#568 =( NAMED_UNIT ( * ) PLANE_ANGLE_UNIT ( ) SI_UNIT ( $, .RADIAN. ) );
#569 = COLOUR_RGB ( '',0.7529411764705882248, 0.7529411764705882248, 0.7529411764705882248 ) ;
#570 = ORIENTED_EDGE ( 'NONE', *, *, #7, .T. ) ;
#571 = CIRCLE ( 'NONE', #5053, 0.2999999999999983791 ) ;
#572 = PLANE ( 'NONE',  #9817 ) ;
#573 = VERTEX_POINT ( 'NONE', #7620 ) ;
#574 = DIRECTION ( 'NONE',  ( -1.000000000000000000, 0.0000000000000000000, -2.451907390652843255E-15 ) ) ;
#575 = EDGE_CURVE ( 'NONE', #7932, #9799, #9230, .T. ) ;
#576 = CARTESIAN_POINT ( 'NONE',  ( -5.150000000000000355, 2.955000000000000071, 0.0000000000000000000 ) ) ;
#577 =( NAMED_UNIT ( * ) PLANE_ANGLE_UNIT ( ) SI_UNIT ( $, .RADIAN. ) );
#578 = ORIENTED_EDGE ( 'NONE', *, *, #1293, .F. ) ;
#579 = CARTESIAN_POINT ( 'NONE',  ( -3.888707005762189528, 4.225000000000000533, 1.432440418475948274 ) ) ;
#580 = CARTESIAN_POINT ( 'NONE',  ( -3.750000000000000444, 5.099999999999999645, 1.600000000000000089 ) ) ;
#581 = STYLED_ITEM ( 'NONE', ( #3972 ), #3962 ) ;
#582 = SURFACE_STYLE_FILL_AREA ( #7016 ) ;
#583 = EDGE_CURVE ( 'NONE', #9030, #2250, #2447, .T. ) ;
#584 = EDGE_CURVE ( 'NONE', #8022, #3527, #2770, .T. ) ;
#585 = FILL_AREA_STYLE ('',( #1266 ) ) ;
#586 = VERTEX_POINT ( 'NONE', #10138 ) ;
#587 = FILL_AREA_STYLE ('',( #1316 ) ) ;
#588 = EDGE_CURVE ( 'NONE', #8724, #8134, #6819, .T. ) ;
#589 = FILL_AREA_STYLE ('',( #5311 ) ) ;
#590 = COLOUR_RGB ( '',0.7529411764705882248, 0.7529411764705882248, 0.7529411764705882248 ) ;
#591 = CARTESIAN_POINT ( 'NONE',  ( -4.199115124434926294, -1.684999999999999831, 0.2479055466999170732 ) ) ;
#592 = ADVANCED_FACE ( 'NONE', ( #9370 ), #9987, .F. ) ;
#593 = SURFACE_SIDE_STYLE ('',( #6205 ) ) ;
#594 = UNCERTAINTY_MEASURE_WITH_UNIT (LENGTH_MEASURE( 1.000000000000000082E-05 ), #8178, 'distance_accuracy_value', 'NONE');
#595 = FACE_OUTER_BOUND ( 'NONE', #7803, .T. ) ;
#596 = DIRECTION ( 'NONE',  ( 0.0000000000000000000, 0.0000000000000000000, 1.000000000000000000 ) ) ;
#597 = COLOUR_RGB ( '',0.7529411764705882248, 0.7529411764705882248, 0.7529411764705882248 ) ;
#598 = ORIENTED_EDGE ( 'NONE', *, *, #7623, .F. ) ;
#599 = VERTEX_POINT ( 'NONE', #83 ) ;
#600 = PRESENTATION_STYLE_ASSIGNMENT (( #3113 ) ) ;
#601 = EDGE_LOOP ( 'NONE', ( #10048, #5822, #10236, #7090 ) ) ;
#602 = CARTESIAN_POINT ( 'NONE',  ( 3.888707005762189972, 2.125000000000000444, 1.432440418475947386 ) ) ;
#603 = LINE ( 'NONE', #10038, #701 ) ;
#604 = ORIENTED_EDGE ( 'NONE', *, *, #1342, .T. ) ;
#605 = CARTESIAN_POINT ( 'NONE',  ( 3.800269556891266998, -0.8549999999999998712, 1.732440418475946320 ) ) ;
#606 = PRESENTATION_LAYER_ASSIGNMENT (  '', '', ( #7410 ) ) ;
#607 = DIRECTION ( 'NONE',  ( 0.2588190451025213501, 0.0000000000000000000, -0.9659258262890680902 ) ) ;
#608 = VECTOR ( 'NONE', #2940, 1000.000000000000000 ) ;
#609 = SURFACE_STYLE_USAGE ( .BOTH. , #4494 ) ;
#610 = CARTESIAN_POINT ( 'NONE',  ( -5.149999999999999467, -1.684999999999999831, 0.0000000000000000000 ) ) ;
#611 = FILL_AREA_STYLE ('',( #2957 ) ) ;
#612 = FACE_OUTER_BOUND ( 'NONE', #9589, .T. ) ;
#613 = ORIENTED_EDGE ( 'NONE', *, *, #6902, .F. ) ;
#614 = FACE_OUTER_BOUND ( 'NONE', #6478, .T. ) ;
#615 = AXIS2_PLACEMENT_3D ( 'NONE', #6419, #4029, #706 ) ;
#616 = MECHANICAL_DESIGN_GEOMETRIC_PRESENTATION_REPRESENTATION (  '', ( #2942 ), #7750 ) ;
#617 = VECTOR ( 'NONE', #7461, 1000.000000000000114 ) ;
#618 = ORIENTED_EDGE ( 'NONE', *, *, #3195, .F. ) ;
#619 =( NAMED_UNIT ( * ) SI_UNIT ( $, .STERADIAN. ) SOLID_ANGLE_UNIT ( ) );
#620 = FILL_AREA_STYLE_COLOUR ( '', #2212 ) ;
#621 = ORIENTED_EDGE ( 'NONE', *, *, #3629, .T. ) ;
#622 = UNCERTAINTY_MEASURE_WITH_UNIT (LENGTH_MEASURE( 1.000000000000000082E-05 ), #7861, 'distance_accuracy_value', 'NONE');
#623 = VECTOR ( 'NONE', #2211, 1000.000000000000000 ) ;
#624 = CARTESIAN_POINT ( 'NONE',  ( -4.199115124434926294, 2.125000000000000444, 0.2479055466999170732 ) ) ;
#625 = ORIENTED_EDGE ( 'NONE', *, *, #4034, .F. ) ;
#626 = FILL_AREA_STYLE_COLOUR ( '', #5104 ) ;
#627 = ORIENTED_EDGE ( 'NONE', *, *, #8205, .T. ) ;
#628 = CARTESIAN_POINT ( 'NONE',  ( -4.494557450338584559, 0.4150000000000004241, 1.680513367352531873E-15 ) ) ;
#629 = VERTEX_POINT ( 'NONE', #4645 ) ;
#630 = AXIS2_PLACEMENT_3D ( 'NONE', #9486, #428, #2 ) ;
#631 = FACE_OUTER_BOUND ( 'NONE', #1595, .T. ) ;
#632 =( NAMED_UNIT ( * ) SI_UNIT ( $, .STERADIAN. ) SOLID_ANGLE_UNIT ( ) );
#633 = EDGE_CURVE ( 'NONE', #5141, #255, #2939, .T. ) ;
#634 = CARTESIAN_POINT ( 'NONE',  ( 4.494557450338585447, 2.955000000000000071, 5.421010862427522170E-16 ) ) ;
#635 = ORIENTED_EDGE ( 'NONE', *, *, #3514, .T. ) ;
#636 = CARTESIAN_POINT ( 'NONE',  ( -4.494557450338588112, 2.125000000000000444, 0.1999999999999999833 ) ) ;
#637 = DIRECTION ( 'NONE',  ( 8.270764333545148132E-16, -0.0000000000000000000, 1.000000000000000000 ) ) ;
#638 = SURFACE_STYLE_USAGE ( .BOTH. , #2109 ) ;
#639 = FILL_AREA_STYLE ('',( #9301 ) ) ;
#640 = CARTESIAN_POINT ( 'NONE',  ( 3.900000000000001243, -2.125000000000000000, 1.600000000000000089 ) ) ;
#641 = CARTESIAN_POINT ( 'NONE',  ( 3.864512696824130789, 1.139999999999999458, 1.732440418475946542 ) ) ;
#642 = EDGE_CURVE ( 'NONE', #899, #8022, #4856, .T. ) ;
#643 = EDGE_CURVE ( 'NONE', #7430, #2272, #4925, .T. ) ;
#644 = MECHANICAL_DESIGN_GEOMETRIC_PRESENTATION_REPRESENTATION (  '', ( #3152 ), #6117 ) ;
#645 = FACE_OUTER_BOUND ( 'NONE', #1784, .T. ) ;
#646 = CYLINDRICAL_SURFACE ( 'NONE', #3682, 0.2999999999999999334 ) ;
#647 = EDGE_CURVE ( 'NONE', #9550, #3250, #8024, .T. ) ;
#648 = PRESENTATION_STYLE_ASSIGNMENT (( #4480 ) ) ;
#649 = LINE ( 'NONE', #8589, #300 ) ;
#650 = ORIENTED_EDGE ( 'NONE', *, *, #8469, .F. ) ;
#651 = ORIENTED_EDGE ( 'NONE', *, *, #10218, .F. ) ;
#652 = AXIS2_PLACEMENT_3D ( 'NONE', #2769, #1109, #1213 ) ;
#653 = VERTEX_POINT ( 'NONE', #5530 ) ;
#654 = CARTESIAN_POINT ( 'NONE',  ( 3.900000000000000799, -0.8549999999999998712, 1.600000000000000089 ) ) ;
#655 = CARTESIAN_POINT ( 'NONE',  ( -4.494557450338589000, 3.395000000000000462, 0.3000000000000000444 ) ) ;
#656 = FACE_OUTER_BOUND ( 'NONE', #3402, .T. ) ;
#657 = FILL_AREA_STYLE_COLOUR ( '', #2676 ) ;
#658 = ORIENTED_EDGE ( 'NONE', *, *, #5277, .F. ) ;
#659 = EDGE_CURVE ( 'NONE', #4318, #2152, #1955, .T. ) ;
#660 = CARTESIAN_POINT ( 'NONE',  ( -4.494557450338588112, 0.8550000000000007594, 0.1999999999999999833 ) ) ;
#661 = STYLED_ITEM ( 'NONE', ( #9295 ), #6594 ) ;
#662 = SURFACE_STYLE_FILL_AREA ( #2235 ) ;
#663 = FILL_AREA_STYLE_COLOUR ( '', #2103 ) ;
#664 = DIRECTION ( 'NONE',  ( 1.000000000000000000, 0.0000000000000000000, 0.0000000000000000000 ) ) ;
#665 = PRESENTATION_STYLE_ASSIGNMENT (( #9425 ) ) ;
#666 = ORIENTED_EDGE ( 'NONE', *, *, #4401, .T. ) ;
#667 = DIRECTION ( 'NONE',  ( -0.0000000000000000000, -1.000000000000000000, -0.0000000000000000000 ) ) ;
#668 = VECTOR ( 'NONE', #1709, 1000.000000000000000 ) ;
#669 = VERTEX_POINT ( 'NONE', #3939 ) ;
#670 = EDGE_CURVE ( 'NONE', #7167, #9418, #919, .T. ) ;
#671 = ORIENTED_EDGE ( 'NONE', *, *, #777, .F. ) ;
#672 = VECTOR ( 'NONE', #1275, 1000.000000000000000 ) ;
#673 = SURFACE_STYLE_FILL_AREA ( #7787 ) ;
#674 = CIRCLE ( 'NONE', #6481, 0.09999999999999911737 ) ;
#675 =( NAMED_UNIT ( * ) SI_UNIT ( $, .STERADIAN. ) SOLID_ANGLE_UNIT ( ) );
#676 = CARTESIAN_POINT ( 'NONE',  ( -3.868266076183283886, -2.954999999999999183, 1.408079867214329095 ) ) ;
#677 = EDGE_LOOP ( 'NONE', ( #3338, #5049, #1506, #7683 ) ) ;
#678 = DIRECTION ( 'NONE',  ( -0.0000000000000000000, -1.000000000000000000, -0.0000000000000000000 ) ) ;
#679 = DIRECTION ( 'NONE',  ( -0.2588190451025213501, -0.0000000000000000000, 0.9659258262890680902 ) ) ;
#680 = EDGE_LOOP ( 'NONE', ( #1679, #7039, #4484, #1788 ) ) ;
#681 = STYLED_ITEM ( 'NONE', ( #7416 ), #7266 ) ;
#682 = ORIENTED_EDGE ( 'NONE', *, *, #776, .T. ) ;
#683 = PLANE ( 'NONE',  #6194 ) ;
#684 = FILL_AREA_STYLE ('',( #3860 ) ) ;
#685 = ORIENTED_EDGE ( 'NONE', *, *, #5467, .T. ) ;
#686 = CARTESIAN_POINT ( 'NONE',  ( -4.396076675037369874, 3.395000000000000462, 0.2826351822333060815 ) ) ;
#687 = CARTESIAN_POINT ( 'NONE',  ( 4.184149331665850902, -2.954999999999999183, 1.484534871776028275 ) ) ;
#688 = DIRECTION ( 'NONE',  ( 0.0000000000000000000, 1.000000000000000000, 0.0000000000000000000 ) ) ;
#689 = FILL_AREA_STYLE ('',( #4625 ) ) ;
#690 = CARTESIAN_POINT ( 'NONE',  ( -4.494557450338588112, 0.8550000000000007594, 0.3000000000000000444 ) ) ;
#691 = CARTESIAN_POINT ( 'NONE',  ( 3.888707005762190860, -1.684999999999999831, 1.732440418475945654 ) ) ;
#692 = ADVANCED_FACE ( 'NONE', ( #1600 ), #7755, .F. ) ;
#693 = DIRECTION ( 'NONE',  ( 1.000000000000000000, -0.0000000000000000000, -2.451907390652843649E-15 ) ) ;
#694 = MECHANICAL_DESIGN_GEOMETRIC_PRESENTATION_REPRESENTATION (  '', ( #4834 ), #4007 ) ;
#695 = FILL_AREA_STYLE_COLOUR ( '', #819 ) ;
#696 = SURFACE_SIDE_STYLE ('',( #7810 ) ) ;
#697 =( NAMED_UNIT ( * ) PLANE_ANGLE_UNIT ( ) SI_UNIT ( $, .RADIAN. ) );
#698 = CARTESIAN_POINT ( 'NONE',  ( 3.888707005762191304, -4.665000000000000036, 1.432440418475947386 ) ) ;
#699 = CARTESIAN_POINT ( 'NONE',  ( 4.199115124434926294, -0.8549999999999998712, 0.2479055466999157964 ) ) ;
#700 = EDGE_CURVE ( 'NONE', #968, #2819, #10201, .T. ) ;
#701 = VECTOR ( 'NONE', #2790, 1000.000000000000227 ) ;
#702 = ORIENTED_EDGE ( 'NONE', *, *, #7822, .F. ) ;
#703 = EDGE_LOOP ( 'NONE', ( #8489, #7070, #3654, #3923, #4137, #877, #1356, #3486, #10142, #8407, #2880, #9680 ) ) ;
#704 = SURFACE_STYLE_FILL_AREA ( #7722 ) ;
#705 = ORIENTED_EDGE ( 'NONE', *, *, #3896, .T. ) ;
#706 = DIRECTION ( 'NONE',  ( 0.0000000000000000000, 0.0000000000000000000, -1.000000000000000000 ) ) ;
#707 = VECTOR ( 'NONE', #7703, 1000.000000000000000 ) ;
#708 = EDGE_CURVE ( 'NONE', #10022, #7673, #6906, .T. ) ;
#709 = VERTEX_POINT ( 'NONE', #7139 ) ;
#710 = PLANE ( 'NONE',  #7183 ) ;
#711 = SURFACE_SIDE_STYLE ('',( #5432 ) ) ;
#712 = DIRECTION ( 'NONE',  ( 0.0000000000000000000, 0.0000000000000000000, -1.000000000000000000 ) ) ;
#713 = COLOUR_RGB ( '',0.1176470588235294101, 0.1176470588235294101, 0.1176470588235294101 ) ;
#714 = PRESENTATION_LAYER_ASSIGNMENT (  '', '', ( #2047 ) ) ;
#715 = EDGE_CURVE ( 'NONE', #3202, #4640, #3116, .T. ) ;
#716 =( LENGTH_UNIT ( ) NAMED_UNIT ( * ) SI_UNIT ( .MILLI., .METRE. ) );
#717 = ADVANCED_FACE ( 'NONE', ( #9420 ), #7969, .F. ) ;
#718 = ORIENTED_EDGE ( 'NONE', *, *, #3997, .F. ) ;
#719 = DIRECTION ( 'NONE',  ( 0.0000000000000000000, 1.000000000000000000, 0.0000000000000000000 ) ) ;
#720 = MECHANICAL_DESIGN_GEOMETRIC_PRESENTATION_REPRESENTATION (  '', ( #3049 ), #1711 ) ;
#721 = ORIENTED_EDGE ( 'NONE', *, *, #8944, .T. ) ;
#722 = PRESENTATION_LAYER_ASSIGNMENT (  '', '', ( #9816 ) ) ;
#723 = ORIENTED_EDGE ( 'NONE', *, *, #2799, .T. ) ;
#724 = PRESENTATION_STYLE_ASSIGNMENT (( #4771 ) ) ;
#725 =( GEOMETRIC_REPRESENTATION_CONTEXT ( 3 ) GLOBAL_UNCERTAINTY_ASSIGNED_CONTEXT ( ( #3109 ) ) GLOBAL_UNIT_ASSIGNED_CONTEXT ( ( #9727, #4173, #7359 ) ) REPRESENTATION_CONTEXT ( 'NONE', 'WORKASPACE' ) );
#726 = CARTESIAN_POINT ( 'NONE',  ( 4.494557450338585447, 2.955000000000000071, -1.084202172485504434E-15 ) ) ;
#727 = MECHANICAL_DESIGN_GEOMETRIC_PRESENTATION_REPRESENTATION (  '', ( #9181 ), #2894 ) ;
#728 =( NAMED_UNIT ( * ) SI_UNIT ( $, .STERADIAN. ) SOLID_ANGLE_UNIT ( ) );
#729 = ORIENTED_EDGE ( 'NONE', *, *, #643, .T. ) ;
#730 = SURFACE_SIDE_STYLE ('',( #6949 ) ) ;
#731 = UNCERTAINTY_MEASURE_WITH_UNIT (LENGTH_MEASURE( 1.000000000000000082E-05 ), #2052, 'distance_accuracy_value', 'NONE');
#732 = FILL_AREA_STYLE_COLOUR ( '', #8041 ) ;
#733 = ORIENTED_EDGE ( 'NONE', *, *, #6080, .F. ) ;
#734 = VECTOR ( 'NONE', #10253, 1000.000000000000114 ) ;
#735 = ORIENTED_EDGE ( 'NONE', *, *, #2987, .F. ) ;
#736 = DIRECTION ( 'NONE',  ( 0.0000000000000000000, 0.0000000000000000000, -1.000000000000000000 ) ) ;
#737 = PRESENTATION_LAYER_ASSIGNMENT (  '', '', ( #9511 ) ) ;
#738 = SURFACE_STYLE_USAGE ( .BOTH. , #10232 ) ;
#739 = VERTEX_POINT ( 'NONE', #5009 ) ;
#740 = MECHANICAL_DESIGN_GEOMETRIC_PRESENTATION_REPRESENTATION (  '', ( #749 ), #2914 ) ;
#741 = AXIS2_PLACEMENT_3D ( 'NONE', #5462, #8633, #4685 ) ;
#742 = CARTESIAN_POINT ( 'NONE',  ( -4.396076675037369874, 4.665000000000000924, 0.2826351822333060815 ) ) ;
#743 = UNCERTAINTY_MEASURE_WITH_UNIT (LENGTH_MEASURE( 1.000000000000000082E-05 ), #443, 'distance_accuracy_value', 'NONE');
#744 = PRESENTATION_LAYER_ASSIGNMENT (  '', '', ( #3905 ) ) ;
#745 = UNCERTAINTY_MEASURE_WITH_UNIT (LENGTH_MEASURE( 1.000000000000000082E-05 ), #7605, 'distance_accuracy_value', 'NONE');
#746 = PLANE ( 'NONE',  #5216 ) ;
#747 =( NAMED_UNIT ( * ) SI_UNIT ( $, .STERADIAN. ) SOLID_ANGLE_UNIT ( ) );
#748 = DIRECTION ( 'NONE',  ( 0.0000000000000000000, 1.000000000000000000, 0.0000000000000000000 ) ) ;
#749 = STYLED_ITEM ( 'NONE', ( #5107 ), #3889 ) ;
#750 = PRESENTATION_LAYER_ASSIGNMENT (  '', '', ( #2736 ) ) ;
#751 = DIRECTION ( 'NONE',  ( -0.0000000000000000000, -1.000000000000000000, -0.0000000000000000000 ) ) ;
#752 =( NAMED_UNIT ( * ) PLANE_ANGLE_UNIT ( ) SI_UNIT ( $, .RADIAN. ) );
#753 = LINE ( 'NONE', #800, #8400 ) ;
#754 = SURFACE_STYLE_FILL_AREA ( #6312 ) ;
#755 =( NAMED_UNIT ( * ) PLANE_ANGLE_UNIT ( ) SI_UNIT ( $, .RADIAN. ) );
#756 = SURFACE_STYLE_USAGE ( .BOTH. , #859 ) ;
#757 = ORIENTED_EDGE ( 'NONE', *, *, #3704, .F. ) ;
#758 = VERTEX_POINT ( 'NONE', #381 ) ;
#759 = ORIENTED_EDGE ( 'NONE', *, *, #633, .F. ) ;
#760 = DIRECTION ( 'NONE',  ( -0.2588190451025213501, 0.0000000000000000000, -0.9659258262890680902 ) ) ;
#761 = SURFACE_STYLE_FILL_AREA ( #7818 ) ;
#762 = FACE_OUTER_BOUND ( 'NONE', #2304, .T. ) ;
#763 = AXIS2_PLACEMENT_3D ( 'NONE', #7145, #4759, #5539 ) ;
#764 = DIRECTION ( 'NONE',  ( -0.0000000000000000000, -1.000000000000000000, -0.0000000000000000000 ) ) ;
#765 = PRESENTATION_LAYER_ASSIGNMENT (  '', '', ( #5238 ) ) ;
#766 = SURFACE_STYLE_FILL_AREA ( #6374 ) ;
#767 = EDGE_CURVE ( 'NONE', #8234, #7482, #1961, .T. ) ;
#768 = DIRECTION ( 'NONE',  ( -0.0000000000000000000, -1.000000000000000000, -0.0000000000000000000 ) ) ;
#769 = PRESENTATION_STYLE_ASSIGNMENT (( #7887 ) ) ;
#770 = DIRECTION ( 'NONE',  ( 0.0000000000000000000, 0.0000000000000000000, 1.000000000000000000 ) ) ;
#771 =( NAMED_UNIT ( * ) PLANE_ANGLE_UNIT ( ) SI_UNIT ( $, .RADIAN. ) );
#772 = ORIENTED_EDGE ( 'NONE', *, *, #319, .F. ) ;
#773 = VECTOR ( 'NONE', #5349, 1000.000000000000000 ) ;
#774 = ORIENTED_EDGE ( 'NONE', *, *, #9329, .T. ) ;
#775 = ADVANCED_FACE ( 'NONE', ( #1856 ), #3469, .F. ) ;
#776 = EDGE_CURVE ( 'NONE', #293, #4943, #1121, .T. ) ;
#777 = EDGE_CURVE ( 'NONE', #6132, #8390, #5930, .T. ) ;
#778 = SURFACE_STYLE_USAGE ( .BOTH. , #7900 ) ;
#779 = COLOUR_RGB ( '',0.7529411764705882248, 0.7529411764705882248, 0.7529411764705882248 ) ;
#780 =( GEOMETRIC_REPRESENTATION_CONTEXT ( 3 ) GLOBAL_UNCERTAINTY_ASSIGNED_CONTEXT ( ( #7175 ) ) GLOBAL_UNIT_ASSIGNED_CONTEXT ( ( #1434, #5316, #5265 ) ) REPRESENTATION_CONTEXT ( 'NONE', 'WORKASPACE' ) );
#781 = CARTESIAN_POINT ( 'NONE',  ( -4.396076675037368986, 0.8550000000000007594, 0.2826351822333060815 ) ) ;
#782 = CARTESIAN_POINT ( 'NONE',  ( 4.494557450338589888, 2.125000000000000444, 0.1999999999999988454 ) ) ;
#783 = ORIENTED_EDGE ( 'NONE', *, *, #1162, .T. ) ;
#784 = PLANE ( 'NONE',  #9145 ) ;
#785 = ORIENTED_EDGE ( 'NONE', *, *, #4454, .F. ) ;
#786 =( LENGTH_UNIT ( ) NAMED_UNIT ( * ) SI_UNIT ( .MILLI., .METRE. ) );
#787 = EDGE_CURVE ( 'NONE', #4878, #3899, #6653, .T. ) ;
#788 = CARTESIAN_POINT ( 'NONE',  ( 4.494557450338590776, -2.954999999999999183, 0.1999999999999988454 ) ) ;
#789 = CARTESIAN_POINT ( 'NONE',  ( -3.888707005762188196, -3.394999999999999574, 1.732440418475947430 ) ) ;
#790 = CARTESIAN_POINT ( 'NONE',  ( -3.888707005762188196, -3.394999999999999574, 1.432440418475948274 ) ) ;
#791 =( GEOMETRIC_REPRESENTATION_CONTEXT ( 3 ) GLOBAL_UNCERTAINTY_ASSIGNED_CONTEXT ( ( #8003 ) ) GLOBAL_UNIT_ASSIGNED_CONTEXT ( ( #6036, #1361, #8316 ) ) REPRESENTATION_CONTEXT ( 'NONE', 'WORKASPACE' ) );
#792 = ORIENTED_EDGE ( 'NONE', *, *, #715, .T. ) ;
#793 =( GEOMETRIC_REPRESENTATION_CONTEXT ( 3 ) GLOBAL_UNCERTAINTY_ASSIGNED_CONTEXT ( ( #3252 ) ) GLOBAL_UNIT_ASSIGNED_CONTEXT ( ( #3562, #8897, #4314 ) ) REPRESENTATION_CONTEXT ( 'NONE', 'WORKASPACE' ) );
#794 = CARTESIAN_POINT ( 'NONE',  ( 3.900000000000000355, 2.125000000000000444, 1.600000000000000089 ) ) ;
#795 = SURFACE_SIDE_STYLE ('',( #4842 ) ) ;
#796 = DIRECTION ( 'NONE',  ( -0.9659258262890680902, -1.692539602945396004E-16, 0.2588190451025213501 ) ) ;
#797 = EDGE_CURVE ( 'NONE', #1502, #4554, #7759, .T. ) ;
#798 = FILL_AREA_STYLE ('',( #69 ) ) ;
#799 = MECHANICAL_DESIGN_GEOMETRIC_PRESENTATION_REPRESENTATION (  '', ( #9089 ), #2139 ) ;
#800 = CARTESIAN_POINT ( 'NONE',  ( 4.494557450338589888, -0.8549999999999998712, 0.1999999999999988454 ) ) ;
#801 = DIRECTION ( 'NONE',  ( -0.0000000000000000000, -1.000000000000000000, -0.0000000000000000000 ) ) ;
#802 = DIRECTION ( 'NONE',  ( -0.2588190451025213501, -0.0000000000000000000, 0.9659258262890680902 ) ) ;
#803 = ORIENTED_EDGE ( 'NONE', *, *, #8751, .F. ) ;
#804 = EDGE_LOOP ( 'NONE', ( #6211, #2102, #5123, #875, #1656, #8375, #721, #442, #8157, #3408, #10032, #4215 ) ) ;
#805 = DIRECTION ( 'NONE',  ( 0.0000000000000000000, 0.0000000000000000000, 1.000000000000000000 ) ) ;
#806 = VERTEX_POINT ( 'NONE', #4475 ) ;
#807 =( NAMED_UNIT ( * ) PLANE_ANGLE_UNIT ( ) SI_UNIT ( $, .RADIAN. ) );
#808 = CARTESIAN_POINT ( 'NONE',  ( 4.494557450338590776, -4.224999999999999645, 0.2999999999999988787 ) ) ;
#809 = CARTESIAN_POINT ( 'NONE',  ( 4.494557450338586335, 1.685000000000000275, 5.421010862427522170E-16 ) ) ;
#810 = CARTESIAN_POINT ( 'NONE',  ( -4.184149331665848237, -0.4149999999999995914, 1.484534871776029163 ) ) ;
#811 = CYLINDRICAL_SURFACE ( 'NONE', #2094, 0.09999999999999911737 ) ;
#812 = DIRECTION ( 'NONE',  ( 1.000000000000000000, -0.0000000000000000000, -2.605290765066735698E-15 ) ) ;
#813 =( GEOMETRIC_REPRESENTATION_CONTEXT ( 3 ) GLOBAL_UNCERTAINTY_ASSIGNED_CONTEXT ( ( #5264 ) ) GLOBAL_UNIT_ASSIGNED_CONTEXT ( ( #9708, #6749, #2575 ) ) REPRESENTATION_CONTEXT ( 'NONE', 'WORKASPACE' ) );
#814 = DIRECTION ( 'NONE',  ( -0.0000000000000000000, -1.000000000000000000, -0.0000000000000000000 ) ) ;
#815 = PRESENTATION_STYLE_ASSIGNMENT (( #7929 ) ) ;
#816 = ORIENTED_EDGE ( 'NONE', *, *, #5042, .T. ) ;
#817 = CARTESIAN_POINT ( 'NONE',  ( -3.888707005762188196, -2.125000000000000000, 1.432440418475948274 ) ) ;
#818 = ORIENTED_EDGE ( 'NONE', *, *, #1928, .T. ) ;
#819 = COLOUR_RGB ( '',0.7529411764705882248, 0.7529411764705882248, 0.7529411764705882248 ) ;
#820 = VECTOR ( 'NONE', #1787, 1000.000000000000000 ) ;
#821 =( NAMED_UNIT ( * ) SI_UNIT ( $, .STERADIAN. ) SOLID_ANGLE_UNIT ( ) );
#823 = ADVANCED_FACE ( 'NONE', ( #434 ), #8427, .F. ) ;
#822 = SURFACE_STYLE_FILL_AREA ( #7211 ) ;
#824 =( LENGTH_UNIT ( ) NAMED_UNIT ( * ) SI_UNIT ( .MILLI., .METRE. ) );
#825 = CARTESIAN_POINT ( 'NONE',  ( -3.390896534380863692, -4.590896534380864757, 3.500000000000000000 ) ) ;
#826 = AXIS2_PLACEMENT_3D ( 'NONE', #8896, #1953, #4115 ) ;
#827 = MECHANICAL_DESIGN_GEOMETRIC_PRESENTATION_REPRESENTATION (  '', ( #6953 ), #5965 ) ;
#828 = AXIS2_PLACEMENT_3D ( 'NONE', #9171, #241, #7420 ) ;
#829 = SURFACE_STYLE_USAGE ( .BOTH. , #3804 ) ;
#830 = DIRECTION ( 'NONE',  ( -0.0000000000000000000, -1.000000000000000000, -0.0000000000000000000 ) ) ;
#831 = EDGE_CURVE ( 'NONE', #8389, #3991, #9866, .T. ) ;
#832 = ORIENTED_EDGE ( 'NONE', *, *, #5142, .F. ) ;
#833 = UNCERTAINTY_MEASURE_WITH_UNIT (LENGTH_MEASURE( 1.000000000000000082E-05 ), #7743, 'distance_accuracy_value', 'NONE');
#834 = PLANE ( 'NONE',  #8980 ) ;
#835 = ORIENTED_EDGE ( 'NONE', *, *, #9329, .F. ) ;
#836 = EDGE_CURVE ( 'NONE', #6178, #1330, #6753, .T. ) ;
#837 = VERTEX_POINT ( 'NONE', #5944 ) ;
#838 = AXIS2_PLACEMENT_3D ( 'NONE', #6274, #3169, #1988 ) ;
#839 = SURFACE_STYLE_FILL_AREA ( #2305 ) ;
#840 = VECTOR ( 'NONE', #3223, 1000.000000000000227 ) ;
#841 = CARTESIAN_POINT ( 'NONE',  ( -3.881702402145738695, -1.684999999999999831, 1.531712435151439733 ) ) ;
#842 = ORIENTED_EDGE ( 'NONE', *, *, #9127, .T. ) ;
#843 = DIRECTION ( 'NONE',  ( -1.752245935330107442E-16, 1.000000000000000000, 4.296344759077295089E-31 ) ) ;
#844 = PRESENTATION_STYLE_ASSIGNMENT (( #9501 ) ) ;
#845 = EDGE_CURVE ( 'NONE', #3057, #4514, #1432, .T. ) ;
#846 = PRESENTATION_LAYER_ASSIGNMENT (  '', '', ( #1685 ) ) ;
#847 = VERTEX_POINT ( 'NONE', #6091 ) ;
#848 = VECTOR ( 'NONE', #6864, 1000.000000000000000 ) ;
#849 = PRESENTATION_STYLE_ASSIGNMENT (( #5618 ) ) ;
#850 =( LENGTH_UNIT ( ) NAMED_UNIT ( * ) SI_UNIT ( .MILLI., .METRE. ) );
#851 = FACE_OUTER_BOUND ( 'NONE', #4815, .T. ) ;
#852 = DIRECTION ( 'NONE',  ( 1.752245935330108428E-16, -1.000000000000000000, 0.0000000000000000000 ) ) ;
#853 = CARTESIAN_POINT ( 'NONE',  ( -4.494557450338585447, 3.395000000000000462, 1.680513367352531873E-15 ) ) ;
#854 =( NAMED_UNIT ( * ) PLANE_ANGLE_UNIT ( ) SI_UNIT ( $, .RADIAN. ) );
#855 = SURFACE_SIDE_STYLE ('',( #7237 ) ) ;
#856 = CARTESIAN_POINT ( 'NONE',  ( -3.899999999999998579, -1.684999999999999831, 1.600000000000000089 ) ) ;
#857 = CIRCLE ( 'NONE', #2845, 0.1499999999999995226 ) ;
#858 = LINE ( 'NONE', #6410, #531 ) ;
#859 = SURFACE_SIDE_STYLE ('',( #171 ) ) ;
#860 = ADVANCED_FACE ( 'NONE', ( #7557 ), #6805, .F. ) ;
#861 = ORIENTED_EDGE ( 'NONE', *, *, #7248, .T. ) ;
#862 = ORIENTED_EDGE ( 'NONE', *, *, #1809, .F. ) ;
#863 = CARTESIAN_POINT ( 'NONE',  ( 4.494557450338589888, -1.684999999999999831, 0.1999999999999988454 ) ) ;
#864 = ORIENTED_EDGE ( 'NONE', *, *, #6744, .F. ) ;
#865 = SURFACE_STYLE_FILL_AREA ( #8023 ) ;
#866 = FILL_AREA_STYLE_COLOUR ( '', #5428 ) ;
#867 = PRESENTATION_LAYER_ASSIGNMENT (  '', '', ( #8478 ) ) ;
#868 = FILL_AREA_STYLE_COLOUR ( '', #7131 ) ;
#869 = STYLED_ITEM ( 'NONE', ( #3214 ), #1817 ) ;
#870 = SURFACE_STYLE_FILL_AREA ( #7250 ) ;
#871 = CARTESIAN_POINT ( 'NONE',  ( -4.199115124434926294, 0.8550000000000007594, 0.2479055466999170732 ) ) ;
#872 = DIRECTION ( 'NONE',  ( 0.0000000000000000000, 0.0000000000000000000, -1.000000000000000000 ) ) ;
#873 = CARTESIAN_POINT ( 'NONE',  ( 4.494557450338586335, 0.4150000000000004241, -1.084202172485504434E-15 ) ) ;
#874 = PRESENTATION_STYLE_ASSIGNMENT (( #2587 ) ) ;
#875 = ORIENTED_EDGE ( 'NONE', *, *, #7881, .T. ) ;
#876 = DIRECTION ( 'NONE',  ( 0.0000000000000000000, -0.0000000000000000000, -1.000000000000000000 ) ) ;
#877 = ORIENTED_EDGE ( 'NONE', *, *, #6297, .F. ) ;
#878 = LINE ( 'NONE', #1615, #985 ) ;
#879 = AXIS2_PLACEMENT_3D ( 'NONE', #4339, #7314, #1770 ) ;
#880 = AXIS2_PLACEMENT_3D ( 'NONE', #1683, #4836, #7438 ) ;
#881 = COLOUR_RGB ( '',0.7529411764705882248, 0.7529411764705882248, 0.7529411764705882248 ) ;
#882 = FILL_AREA_STYLE ('',( #9431 ) ) ;
#883 = PRESENTATION_STYLE_ASSIGNMENT (( #8922 ) ) ;
#884 = CIRCLE ( 'NONE', #4515, 0.2999999999999983791 ) ;
#885 = DIRECTION ( 'NONE',  ( 0.2588190451025213501, -0.0000000000000000000, 0.9659258262890680902 ) ) ;
#886 = MECHANICAL_DESIGN_GEOMETRIC_PRESENTATION_REPRESENTATION (  '', ( #8503 ), #7521 ) ;
#887 = EDGE_LOOP ( 'NONE', ( #3953, #6442, #6151, #5424, #7748, #7004, #6870, #3743, #1611, #9580, #3164, #9468 ) ) ;
#888 = DIRECTION ( 'NONE',  ( -1.000000000000000000, 0.0000000000000000000, -2.563936943398996305E-15 ) ) ;
#889 = VERTEX_POINT ( 'NONE', #9359 ) ;
#890 = PRESENTATION_LAYER_ASSIGNMENT (  '', '', ( #5359 ) ) ;
#891 =( NAMED_UNIT ( * ) SI_UNIT ( $, .STERADIAN. ) SOLID_ANGLE_UNIT ( ) );
#892 = AXIS2_PLACEMENT_3D ( 'NONE', #7674, #562, #3756 ) ;
#893 = VERTEX_POINT ( 'NONE', #2368 ) ;
#894 = CARTESIAN_POINT ( 'NONE',  ( 4.199115124434926294, 2.125000000000000444, 0.2479055466999157964 ) ) ;
#895 = EDGE_CURVE ( 'NONE', #6639, #5844, #2264, .T. ) ;
#896 = VECTOR ( 'NONE', #9177, 1000.000000000000000 ) ;
#897 = SURFACE_STYLE_FILL_AREA ( #2363 ) ;
#898 = VECTOR ( 'NONE', #10087, 1000.000000000000000 ) ;
#899 = VERTEX_POINT ( 'NONE', #5414 ) ;
#900 = CARTESIAN_POINT ( 'NONE',  ( 3.868266076183285218, 4.665000000000000924, 1.408079867214328207 ) ) ;
#901 = DIRECTION ( 'NONE',  ( 1.000000000000000000, 0.0000000000000000000, 2.451907390652843649E-15 ) ) ;
#902 = FILL_AREA_STYLE_COLOUR ( '', #1589 ) ;
#903 = VECTOR ( 'NONE', #1269, 1000.000000000000000 ) ;
#904 = ORIENTED_EDGE ( 'NONE', *, *, #3295, .T. ) ;
#905 = VECTOR ( 'NONE', #2346, 1000.000000000000000 ) ;
#906 = EDGE_CURVE ( 'NONE', #4640, #3809, #3206, .T. ) ;
#907 = MECHANICAL_DESIGN_GEOMETRIC_PRESENTATION_REPRESENTATION (  '', ( #5048 ), #3246 ) ;
#908 = EDGE_CURVE ( 'NONE', #5719, #7736, #6965, .T. ) ;
#909 = CYLINDRICAL_SURFACE ( 'NONE', #1218, 0.1243605512616186154 ) ;
#910 = CARTESIAN_POINT ( 'NONE',  ( -4.396076675037368986, -0.8549999999999998712, 0.2826351822333060815 ) ) ;
#911 = CARTESIAN_POINT ( 'NONE',  ( 3.868266076183286550, -1.684999999999999831, 1.408079867214328207 ) ) ;
#912 = PRESENTATION_LAYER_ASSIGNMENT (  '', '', ( #9356 ) ) ;
#913 = VERTEX_POINT ( 'NONE', #2317 ) ;
#914 = DIRECTION ( 'NONE',  ( -2.605290765066735304E-15, 0.0000000000000000000, -1.000000000000000000 ) ) ;
#915 = CARTESIAN_POINT ( 'NONE',  ( 4.184149331665850013, 0.4150000000000004241, 1.484534871776028275 ) ) ;
#916 = VERTEX_POINT ( 'NONE', #7808 ) ;
#917 = DIRECTION ( 'NONE',  ( -2.451907390652843255E-15, 0.0000000000000000000, -1.000000000000000000 ) ) ;
#919 = LINE ( 'NONE', #8695, #1791 ) ;
#918 = MECHANICAL_DESIGN_GEOMETRIC_PRESENTATION_REPRESENTATION (  '', ( #4547 ), #7882 ) ;
#920 =( NAMED_UNIT ( * ) PLANE_ANGLE_UNIT ( ) SI_UNIT ( $, .RADIAN. ) );
#921 = ADVANCED_FACE ( 'NONE', ( #9555 ), #8783, .F. ) ;
#922 = VECTOR ( 'NONE', #6049, 1000.000000000000000 ) ;
#923 = PRESENTATION_STYLE_ASSIGNMENT (( #4652 ) ) ;
#924 = DIRECTION ( 'NONE',  ( 0.0000000000000000000, 0.0000000000000000000, -1.000000000000000000 ) ) ;
#925 = DIRECTION ( 'NONE',  ( -0.0000000000000000000, -1.000000000000000000, -0.0000000000000000000 ) ) ;
#926 = CARTESIAN_POINT ( 'NONE',  ( 4.396076675037369874, 3.395000000000000462, 0.2826351822333049157 ) ) ;
#927 = ORIENTED_EDGE ( 'NONE', *, *, #5088, .F. ) ;
#928 = CIRCLE ( 'NONE', #1630, 0.2999999999999983791 ) ;
#929 = AXIS2_PLACEMENT_3D ( 'NONE', #676, #830, #7155 ) ;
#930 = SURFACE_SIDE_STYLE ('',( #5602 ) ) ;
#931 = LINE ( 'NONE', #3437, #8846 ) ;
#932 = DIRECTION ( 'NONE',  ( 0.1736481776669387411, 0.0000000000000000000, 0.9848077530122064660 ) ) ;
#933 =( GEOMETRIC_REPRESENTATION_CONTEXT ( 3 ) GLOBAL_UNCERTAINTY_ASSIGNED_CONTEXT ( ( #745 ) ) GLOBAL_UNIT_ASSIGNED_CONTEXT ( ( #7605, #432, #3776 ) ) REPRESENTATION_CONTEXT ( 'NONE', 'WORKASPACE' ) );
#934 = SURFACE_STYLE_FILL_AREA ( #5708 ) ;
#935 = DIRECTION ( 'NONE',  ( 0.0000000000000000000, 0.0000000000000000000, 1.000000000000000000 ) ) ;
#936 = ORIENTED_EDGE ( 'NONE', *, *, #8816, .F. ) ;
#937 = CARTESIAN_POINT ( 'NONE',  ( -3.881702402145739139, 0.4150000000000004241, 1.531712435151439733 ) ) ;
#938 = LINE ( 'NONE', #9592, #8669 ) ;
#939 = CARTESIAN_POINT ( 'NONE',  ( 4.199115124434926294, 0.8550000000000007594, 0.2479055466999157964 ) ) ;
#940 = PRESENTATION_LAYER_ASSIGNMENT (  '', '', ( #8230 ) ) ;
#941 = SURFACE_STYLE_USAGE ( .BOTH. , #5662 ) ;
#942 = ORIENTED_EDGE ( 'NONE', *, *, #8259, .F. ) ;
#943 =( NAMED_UNIT ( * ) PLANE_ANGLE_UNIT ( ) SI_UNIT ( $, .RADIAN. ) );
#944 = UNCERTAINTY_MEASURE_WITH_UNIT (LENGTH_MEASURE( 1.000000000000000082E-05 ), #5567, 'distance_accuracy_value', 'NONE');
#945 = CARTESIAN_POINT ( 'NONE',  ( -4.494557450338588112, 2.125000000000000444, 0.1999999999999999833 ) ) ;
#946 = ORIENTED_EDGE ( 'NONE', *, *, #5843, .F. ) ;
#947 = CARTESIAN_POINT ( 'NONE',  ( 3.498076211353314591, 4.949999999999999289, 0.1000000000000000472 ) ) ;
#948 = CARTESIAN_POINT ( 'NONE',  ( -5.149999999999998579, -3.394999999999999574, 0.2000000000000016764 ) ) ;
#949 = VECTOR ( 'NONE', #4189, 1000.000000000000114 ) ;
#950 = PRESENTATION_LAYER_ASSIGNMENT (  '', '', ( #2953 ) ) ;
#951 = ORIENTED_EDGE ( 'NONE', *, *, #127, .F. ) ;
#952 = CARTESIAN_POINT ( 'NONE',  ( 3.881702402145740916, -2.954999999999999183, 1.531712435151438845 ) ) ;
#953 =( GEOMETRIC_REPRESENTATION_CONTEXT ( 3 ) GLOBAL_UNCERTAINTY_ASSIGNED_CONTEXT ( ( #2415 ) ) GLOBAL_UNIT_ASSIGNED_CONTEXT ( ( #9967, #537, #4425 ) ) REPRESENTATION_CONTEXT ( 'NONE', 'WORKASPACE' ) );
#954 = CARTESIAN_POINT ( 'NONE',  ( -3.888707005762188640, 0.8550000000000007594, 1.432440418475948274 ) ) ;
#955 = AXIS2_PLACEMENT_3D ( 'NONE', #7836, #2050, #3186 ) ;
#956 =( NAMED_UNIT ( * ) PLANE_ANGLE_UNIT ( ) SI_UNIT ( $, .RADIAN. ) );
#957 = VERTEX_POINT ( 'NONE', #8634 ) ;
#958 = DIRECTION ( 'NONE',  ( 1.000000000000000000, 0.0000000000000000000, 2.451907390652843649E-15 ) ) ;
#959 = DIRECTION ( 'NONE',  ( -0.0000000000000000000, -1.000000000000000000, 0.0000000000000000000 ) ) ;
#960 = EDGE_CURVE ( 'NONE', #223, #7319, #4628, .T. ) ;
#961 = FILL_AREA_STYLE_COLOUR ( '', #9296 ) ;
#962 = VECTOR ( 'NONE', #7025, 1000.000000000000000 ) ;
#963 = VECTOR ( 'NONE', #7974, 1000.000000000000000 ) ;
#964 = EDGE_CURVE ( 'NONE', #1383, #409, #9457, .T. ) ;
#965 = PRESENTATION_STYLE_ASSIGNMENT (( #231 ) ) ;
#966 = FACE_OUTER_BOUND ( 'NONE', #477, .T. ) ;
#967 = CARTESIAN_POINT ( 'NONE',  ( -3.800269556891264777, -2.954999999999999183, 1.732440418475947208 ) ) ;
#968 = VERTEX_POINT ( 'NONE', #5463 ) ;
#969 = VECTOR ( 'NONE', #4639, 1000.000000000000000 ) ;
#970 =( NAMED_UNIT ( * ) PLANE_ANGLE_UNIT ( ) SI_UNIT ( $, .RADIAN. ) );
#971 = EDGE_CURVE ( 'NONE', #7221, #2806, #7857, .T. ) ;
#972 = VERTEX_POINT ( 'NONE', #4686 ) ;
#973 = SURFACE_STYLE_USAGE ( .BOTH. , #4044 ) ;
#974 = COLOUR_RGB ( '',0.7529411764705882248, 0.7529411764705882248, 0.7529411764705882248 ) ;
#975 = FILL_AREA_STYLE ('',( #2401 ) ) ;
#976 = LINE ( 'NONE', #247, #7006 ) ;
#977 = EDGE_CURVE ( 'NONE', #4830, #6891, #3157, .T. ) ;
#978 = ORIENTED_EDGE ( 'NONE', *, *, #2619, .F. ) ;
#979 = ORIENTED_EDGE ( 'NONE', *, *, #1023, .F. ) ;
#980 = DIRECTION ( 'NONE',  ( -0.0000000000000000000, -1.000000000000000000, -0.0000000000000000000 ) ) ;
#981 = VERTEX_POINT ( 'NONE', #65 ) ;
#982 = LINE ( 'NONE', #6493, #8451 ) ;
#983 =( GEOMETRIC_REPRESENTATION_CONTEXT ( 3 ) GLOBAL_UNCERTAINTY_ASSIGNED_CONTEXT ( ( #5819 ) ) GLOBAL_UNIT_ASSIGNED_CONTEXT ( ( #1367, #2877, #2206 ) ) REPRESENTATION_CONTEXT ( 'NONE', 'WORKASPACE' ) );
#984 = MECHANICAL_DESIGN_GEOMETRIC_PRESENTATION_REPRESENTATION (  '', ( #155 ), #3492 ) ;
#985 = VECTOR ( 'NONE', #9534, 1000.000000000000000 ) ;
#986 = CARTESIAN_POINT ( 'NONE',  ( 4.494557450338589888, 1.685000000000000275, 0.1999999999999988454 ) ) ;
#987 = ORIENTED_EDGE ( 'NONE', *, *, #3195, .T. ) ;
#988 =( NAMED_UNIT ( * ) SI_UNIT ( $, .STERADIAN. ) SOLID_ANGLE_UNIT ( ) );
#989 = EDGE_LOOP ( 'NONE', ( #6103, #9577, #862, #6395, #7312, #2965 ) ) ;
#990 = SURFACE_STYLE_USAGE ( .BOTH. , #1838 ) ;
#991 =( LENGTH_UNIT ( ) NAMED_UNIT ( * ) SI_UNIT ( .MILLI., .METRE. ) );
#992 = COLOUR_RGB ( '',0.7529411764705882248, 0.7529411764705882248, 0.7529411764705882248 ) ;
#993 = ORIENTED_EDGE ( 'NONE', *, *, #7170, .F. ) ;
#994 = SURFACE_STYLE_USAGE ( .BOTH. , #2720 ) ;
#995 = CARTESIAN_POINT ( 'NONE',  ( -3.881702402145738695, -1.684999999999999831, 1.531712435151439733 ) ) ;
#996 = COLOUR_RGB ( '',0.7529411764705882248, 0.7529411764705882248, 0.7529411764705882248 ) ;
#997 = PRESENTATION_LAYER_ASSIGNMENT (  '', '', ( #3185 ) ) ;
#998 = SURFACE_STYLE_FILL_AREA ( #2723 ) ;
#999 = SURFACE_STYLE_FILL_AREA ( #8898 ) ;
#1000 = ORIENTED_EDGE ( 'NONE', *, *, #6291, .T. ) ;
#1001 = SURFACE_STYLE_FILL_AREA ( #6465 ) ;
#1002 = EDGE_CURVE ( 'NONE', #4640, #3352, #8008, .T. ) ;
#1003 = DIRECTION ( 'NONE',  ( 0.0000000000000000000, 0.0000000000000000000, 1.000000000000000000 ) ) ;
#1004 = ORIENTED_EDGE ( 'NONE', *, *, #7752, .F. ) ;
#1005 = SURFACE_STYLE_USAGE ( .BOTH. , #5783 ) ;
#1006 = FILL_AREA_STYLE ('',( #5835 ) ) ;
#1007 =( GEOMETRIC_REPRESENTATION_CONTEXT ( 3 ) GLOBAL_UNCERTAINTY_ASSIGNED_CONTEXT ( ( #3125 ) ) GLOBAL_UNIT_ASSIGNED_CONTEXT ( ( #4489, #4442, #7666 ) ) REPRESENTATION_CONTEXT ( 'NONE', 'WORKASPACE' ) );
#1008 = CARTESIAN_POINT ( 'NONE',  ( 3.881702402145740027, 3.395000000000000462, 1.531712435151438845 ) ) ;
#1009 = FACE_OUTER_BOUND ( 'NONE', #1852, .T. ) ;
#1010 = ADVANCED_FACE ( 'NONE', ( #10126 ), #6304, .F. ) ;
#1011 = CARTESIAN_POINT ( 'NONE',  ( -4.494557450338589000, 3.395000000000000462, 0.2999999999999999334 ) ) ;
#1012 = CARTESIAN_POINT ( 'NONE',  ( 3.864512696824130789, 0.4150000000000004241, 1.732440418475946320 ) ) ;
#1013 = UNCERTAINTY_MEASURE_WITH_UNIT (LENGTH_MEASURE( 1.000000000000000082E-05 ), #3751, 'distance_accuracy_value', 'NONE');
#1014 =( NAMED_UNIT ( * ) SI_UNIT ( $, .STERADIAN. ) SOLID_ANGLE_UNIT ( ) );
#1015 = ORIENTED_EDGE ( 'NONE', *, *, #4945, .T. ) ;
#1016 = ADVANCED_FACE ( 'NONE', ( #9751 ), #5050, .T. ) ;
#1017 = PRESENTATION_STYLE_ASSIGNMENT (( #5174 ) ) ;
#1018 = VERTEX_POINT ( 'NONE', #4942 ) ;
#1019 = DIRECTION ( 'NONE',  ( -0.0000000000000000000, -1.000000000000000000, -0.0000000000000000000 ) ) ;
#1020 = STYLED_ITEM ( 'NONE', ( #6766 ), #7905 ) ;
#1022 = ADVANCED_FACE ( 'NONE', ( #5671 ), #8840, .F. ) ;
#1021 = LINE ( 'NONE', #1082, #7511 ) ;
#1023 = EDGE_CURVE ( 'NONE', #4536, #9898, #6790, .T. ) ;
#1024 = DIRECTION ( 'NONE',  ( -1.000000000000000000, 0.0000000000000000000, 2.451907390652843255E-15 ) ) ;
#1025 = PRESENTATION_STYLE_ASSIGNMENT (( #347 ) ) ;
#1026 = DIRECTION ( 'NONE',  ( -1.752245935330107442E-16, 1.000000000000000000, 4.296344759077295089E-31 ) ) ;
#1027 = ORIENTED_EDGE ( 'NONE', *, *, #3400, .F. ) ;
#1028 = UNCERTAINTY_MEASURE_WITH_UNIT (LENGTH_MEASURE( 1.000000000000000082E-05 ), #8231, 'distance_accuracy_value', 'NONE');
#1029 = ORIENTED_EDGE ( 'NONE', *, *, #584, .T. ) ;
#1030 = MECHANICAL_DESIGN_GEOMETRIC_PRESENTATION_REPRESENTATION (  '', ( #5019 ), #1542 ) ;
#1031 = CARTESIAN_POINT ( 'NONE',  ( -4.184149331665849125, -0.4149999999999995914, 1.484534871776029386 ) ) ;
#1032 = ORIENTED_EDGE ( 'NONE', *, *, #2739, .T. ) ;
#1033 = AXIS2_PLACEMENT_3D ( 'NONE', #5091, #6688, #7052 ) ;
#1034 = LINE ( 'NONE', #5714, #1392 ) ;
#1035 = DIRECTION ( 'NONE',  ( -0.0000000000000000000, -1.000000000000000000, -0.0000000000000000000 ) ) ;
#1036 = UNCERTAINTY_MEASURE_WITH_UNIT (LENGTH_MEASURE( 1.000000000000000082E-05 ), #54, 'distance_accuracy_value', 'NONE');
#1037 = COLOUR_RGB ( '',0.7529411764705882248, 0.7529411764705882248, 0.7529411764705882248 ) ;
#1038 = EDGE_CURVE ( 'NONE', #7651, #8554, #1307, .T. ) ;
#1039 = ORIENTED_EDGE ( 'NONE', *, *, #252, .F. ) ;
#1040 = AXIS2_PLACEMENT_3D ( 'NONE', #3160, #9174, #10192 ) ;
#1041 =( GEOMETRIC_REPRESENTATION_CONTEXT ( 3 ) GLOBAL_UNCERTAINTY_ASSIGNED_CONTEXT ( ( #833 ) ) GLOBAL_UNIT_ASSIGNED_CONTEXT ( ( #7743, #7002, #6289 ) ) REPRESENTATION_CONTEXT ( 'NONE', 'WORKASPACE' ) );
#1042 =( GEOMETRIC_REPRESENTATION_CONTEXT ( 3 ) GLOBAL_UNCERTAINTY_ASSIGNED_CONTEXT ( ( #7691 ) ) GLOBAL_UNIT_ASSIGNED_CONTEXT ( ( #3268, #755, #6313 ) ) REPRESENTATION_CONTEXT ( 'NONE', 'WORKASPACE' ) );
#1043 = PRESENTATION_STYLE_ASSIGNMENT (( #9649 ) ) ;
#1044 = VERTEX_POINT ( 'NONE', #9091 ) ;
#1045 = DIRECTION ( 'NONE',  ( 0.0000000000000000000, 0.0000000000000000000, -1.000000000000000000 ) ) ;
#1046 = SURFACE_SIDE_STYLE ('',( #1895 ) ) ;
#1047 = DIRECTION ( 'NONE',  ( -1.000000000000000000, 0.0000000000000000000, 0.0000000000000000000 ) ) ;
#1048 = STYLED_ITEM ( 'NONE', ( #8135 ), #8656 ) ;
#1049 = ORIENTED_EDGE ( 'NONE', *, *, #4838, .F. ) ;
#1050 = SURFACE_STYLE_USAGE ( .BOTH. , #8161 ) ;
#1051 =( GEOMETRIC_REPRESENTATION_CONTEXT ( 3 ) GLOBAL_UNCERTAINTY_ASSIGNED_CONTEXT ( ( #4988 ) ) GLOBAL_UNIT_ASSIGNED_CONTEXT ( ( #219, #854, #1742 ) ) REPRESENTATION_CONTEXT ( 'NONE', 'WORKASPACE' ) );
#1052 =( NAMED_UNIT ( * ) SI_UNIT ( $, .STERADIAN. ) SOLID_ANGLE_UNIT ( ) );
#1053 =( GEOMETRIC_REPRESENTATION_CONTEXT ( 3 ) GLOBAL_UNCERTAINTY_ASSIGNED_CONTEXT ( ( #1672 ) ) GLOBAL_UNIT_ASSIGNED_CONTEXT ( ( #4345, #5130, #7527 ) ) REPRESENTATION_CONTEXT ( 'NONE', 'WORKASPACE' ) );
#1054 = SURFACE_STYLE_USAGE ( .BOTH. , #8164 ) ;
#1055 = VECTOR ( 'NONE', #760, 1000.000000000000000 ) ;
#1056 = DIRECTION ( 'NONE',  ( 0.9848077530122064660, 0.0000000000000000000, -0.1736481776669393240 ) ) ;
#1057 = CARTESIAN_POINT ( 'NONE',  ( -3.881702402145740027, 4.225000000000000533, 1.531712435151439733 ) ) ;
#1058 = PRESENTATION_STYLE_ASSIGNMENT (( #1903 ) ) ;
#1059 = ORIENTED_EDGE ( 'NONE', *, *, #5399, .F. ) ;
#1060 = VECTOR ( 'NONE', #5566, 1000.000000000000000 ) ;
#1061 = DIRECTION ( 'NONE',  ( -0.0000000000000000000, -1.000000000000000000, -0.0000000000000000000 ) ) ;
#1062 = DIRECTION ( 'NONE',  ( 0.0000000000000000000, 0.0000000000000000000, 1.000000000000000000 ) ) ;
#1063 = VERTEX_POINT ( 'NONE', #576 ) ;
#1064 = DIRECTION ( 'NONE',  ( -1.314184451497581259E-16, 1.000000000000000000, -0.0000000000000000000 ) ) ;
#1065 = COLOUR_RGB ( '',0.7529411764705882248, 0.7529411764705882248, 0.7529411764705882248 ) ;
#1066 = VECTOR ( 'NONE', #5730, 1000.000000000000000 ) ;
#1067 = DIRECTION ( 'NONE',  ( -0.0000000000000000000, -1.000000000000000000, -0.0000000000000000000 ) ) ;
#1068 = DIRECTION ( 'NONE',  ( 1.314184451497580520E-16, -1.000000000000000000, 3.222258569307970441E-31 ) ) ;
#1069 = DIRECTION ( 'NONE',  ( -0.0000000000000000000, -1.000000000000000000, -0.0000000000000000000 ) ) ;
#1070 = FILL_AREA_STYLE ('',( #5015 ) ) ;
#1071 = CARTESIAN_POINT ( 'NONE',  ( -3.868266076183284330, -0.4149999999999995914, 1.408079867214329095 ) ) ;
#1072 = MECHANICAL_DESIGN_GEOMETRIC_PRESENTATION_REPRESENTATION (  '', ( #1411 ), #4380 ) ;
#1073 = DIRECTION ( 'NONE',  ( -0.0000000000000000000, -1.000000000000000000, -0.0000000000000000000 ) ) ;
#1074 = DIRECTION ( 'NONE',  ( -0.2588190451025213501, 0.0000000000000000000, -0.9659258262890680902 ) ) ;
#1075 = VECTOR ( 'NONE', #2512, 1000.000000000000000 ) ;
#1076 = ORIENTED_EDGE ( 'NONE', *, *, #3447, .F. ) ;
#1077 = MECHANICAL_DESIGN_GEOMETRIC_PRESENTATION_REPRESENTATION (  '', ( #9850 ), #1252 ) ;
#1078 = CARTESIAN_POINT ( 'NONE',  ( -5.149999999999999467, -0.4149999999999995914, 0.0000000000000000000 ) ) ;
#1079 = ORIENTED_EDGE ( 'NONE', *, *, #7235, .F. ) ;
#1080 = FILL_AREA_STYLE ('',( #5124 ) ) ;
#1081 = PRESENTATION_LAYER_ASSIGNMENT (  '', '', ( #410 ) ) ;
#1082 = CARTESIAN_POINT ( 'NONE',  ( -3.990737311234599183, 4.225000000000000533, 1.429674850314565093 ) ) ;
#1083 = DIRECTION ( 'NONE',  ( -0.2505628070857321421, 0.2505628070857321421, -0.9351131265310290708 ) ) ;
#1084 = PLANE ( 'NONE',  #246 ) ;
#1085 = DIRECTION ( 'NONE',  ( 0.2588190451025213501, 0.0000000000000000000, -0.9659258262890680902 ) ) ;
#1086 = COLOUR_RGB ( '',0.7529411764705882248, 0.7529411764705882248, 0.7529411764705882248 ) ;
#1087 = ORIENTED_EDGE ( 'NONE', *, *, #10019, .F. ) ;
#1088 = ADVANCED_FACE ( 'NONE', ( #9241 ), #5246, .F. ) ;
#1089 = ORIENTED_EDGE ( 'NONE', *, *, #5074, .F. ) ;
#1090 = ADVANCED_FACE ( 'NONE', ( #2974 ), #4948, .F. ) ;
#1091 = CARTESIAN_POINT ( 'NONE',  ( -4.494557450338584559, 2.125000000000000444, 1.680513367352531873E-15 ) ) ;
#1092 = VERTEX_POINT ( 'NONE', #8218 ) ;
#1093 =( NAMED_UNIT ( * ) SI_UNIT ( $, .STERADIAN. ) SOLID_ANGLE_UNIT ( ) );
#1094 = EDGE_CURVE ( 'NONE', #4119, #3858, #5737, .T. ) ;
#1095 = ORIENTED_EDGE ( 'NONE', *, *, #5028, .T. ) ;
#1096 = CARTESIAN_POINT ( 'NONE',  ( -3.888707005762187752, -4.224999999999999645, 1.732440418475947430 ) ) ;
#1097 = CARTESIAN_POINT ( 'NONE',  ( -3.888707005762188640, -0.8549999999999998712, 1.732440418475947430 ) ) ;
#1098 = PRESENTATION_STYLE_ASSIGNMENT (( #6638 ) ) ;
#1099 = ORIENTED_EDGE ( 'NONE', *, *, #5652, .T. ) ;
#1100 = FILL_AREA_STYLE_COLOUR ( '', #4093 ) ;
#1101 = SURFACE_STYLE_USAGE ( .BOTH. , #4359 ) ;
#1102 = ADVANCED_FACE ( 'NONE', ( #8165 ), #1847, .F. ) ;
#1103 = ORIENTED_EDGE ( 'NONE', *, *, #9594, .F. ) ;
#1104 = AXIS2_PLACEMENT_3D ( 'NONE', #9551, #8779, #3453 ) ;
#1105 = SURFACE_STYLE_USAGE ( .BOTH. , #1843 ) ;
#1106 = STYLED_ITEM ( 'NONE', ( #2097 ), #3440 ) ;
#1107 = SURFACE_SIDE_STYLE ('',( #1744 ) ) ;
#1108 = CARTESIAN_POINT ( 'NONE',  ( 3.888707005762189972, 3.395000000000000462, 1.732440418475945654 ) ) ;
#1109 = DIRECTION ( 'NONE',  ( -0.9848077530122065770, 0.0000000000000000000, 0.1736481776669387689 ) ) ;
#1110 = AXIS2_PLACEMENT_3D ( 'NONE', #8346, #2839, #10037 ) ;
#1111 = VERTEX_POINT ( 'NONE', #5884 ) ;
#1112 = CARTESIAN_POINT ( 'NONE',  ( 3.888707005762190860, -3.394999999999999574, 1.432440418475947386 ) ) ;
#1113 = VECTOR ( 'NONE', #7984, 1000.000000000000000 ) ;
#1114 = PRESENTATION_STYLE_ASSIGNMENT (( #8998 ) ) ;
#1115 = FILL_AREA_STYLE_COLOUR ( '', #9682 ) ;
#1116 = FACE_OUTER_BOUND ( 'NONE', #2293, .T. ) ;
#1117 =( NAMED_UNIT ( * ) SI_UNIT ( $, .STERADIAN. ) SOLID_ANGLE_UNIT ( ) );
#1118 = ADVANCED_FACE ( 'NONE', ( #5678 ), #9705, .F. ) ;
#1119 = LINE ( 'NONE', #4265, #1708 ) ;
#1120 = DIRECTION ( 'NONE',  ( 1.000000000000000000, -0.0000000000000000000, -2.451907390652843649E-15 ) ) ;
#1121 = CIRCLE ( 'NONE', #9718, 0.1243605512616186154 ) ;
#1122 = DIRECTION ( 'NONE',  ( 0.0000000000000000000, 1.000000000000000000, -0.0000000000000000000 ) ) ;
#1123 = COLOUR_RGB ( '',0.7529411764705882248, 0.7529411764705882248, 0.7529411764705882248 ) ;
#1124 = CARTESIAN_POINT ( 'NONE',  ( -4.184149331665847349, -2.954999999999999183, 1.484534871776029163 ) ) ;
#1125 = PLANE ( 'NONE',  #2729 ) ;
#1126 = CARTESIAN_POINT ( 'NONE',  ( -3.899999999999998135, -4.949999999999999289, 1.600000000000000089 ) ) ;
#1127 = LINE ( 'NONE', #7509, #1649 ) ;
#1128 = ORIENTED_EDGE ( 'NONE', *, *, #5531, .T. ) ;
#1129 = CARTESIAN_POINT ( 'NONE',  ( 4.494557450338589888, 2.125000000000000444, 0.2999999999999988787 ) ) ;
#1130 = PRESENTATION_LAYER_ASSIGNMENT (  '', '', ( #291 ) ) ;
#1131 = ORIENTED_EDGE ( 'NONE', *, *, #3727, .T. ) ;
#1132 = PRESENTATION_STYLE_ASSIGNMENT (( #2744 ) ) ;
#1133 = CARTESIAN_POINT ( 'NONE',  ( -3.899999999999999023, -0.8549999999999998712, 1.600000000000000089 ) ) ;
#1134 = LINE ( 'NONE', #9887, #5551 ) ;
#1135 = AXIS2_PLACEMENT_3D ( 'NONE', #1610, #2486, #7254 ) ;
#1136 = UNCERTAINTY_MEASURE_WITH_UNIT (LENGTH_MEASURE( 1.000000000000000082E-05 ), #1309, 'distance_accuracy_value', 'NONE');
#1137 = FACE_OUTER_BOUND ( 'NONE', #2800, .T. ) ;
#1138 = ORIENTED_EDGE ( 'NONE', *, *, #3741, .T. ) ;
#1139 = ADVANCED_FACE ( 'NONE', ( #6555 ), #3365, .T. ) ;
#1140 = ORIENTED_EDGE ( 'NONE', *, *, #2987, .T. ) ;
#1141 = AXIS2_PLACEMENT_3D ( 'NONE', #9365, #1437, #6869 ) ;
#1142 =( NAMED_UNIT ( * ) PLANE_ANGLE_UNIT ( ) SI_UNIT ( $, .RADIAN. ) );
#1143 = ORIENTED_EDGE ( 'NONE', *, *, #7986, .F. ) ;
#1144 = DIRECTION ( 'NONE',  ( 0.0000000000000000000, 0.0000000000000000000, 1.000000000000000000 ) ) ;
#1145 = SURFACE_SIDE_STYLE ('',( #3491 ) ) ;
#1146 = UNCERTAINTY_MEASURE_WITH_UNIT (LENGTH_MEASURE( 1.000000000000000082E-05 ), #294, 'distance_accuracy_value', 'NONE');
#1147 = ORIENTED_EDGE ( 'NONE', *, *, #5166, .T. ) ;
#1148 = ADVANCED_FACE ( 'NONE', ( #8524 ), #5358, .F. ) ;
#1149 = STYLED_ITEM ( 'NONE', ( #8945 ), #1102 ) ;
#1150 = MECHANICAL_DESIGN_GEOMETRIC_PRESENTATION_REPRESENTATION (  '', ( #7274 ), #813 ) ;
#1151 = PLANE ( 'NONE',  #6127 ) ;
#1152 = ORIENTED_EDGE ( 'NONE', *, *, #7933, .T. ) ;
#1153 = LINE ( 'NONE', #9193, #9226 ) ;
#1154 = FACE_OUTER_BOUND ( 'NONE', #3837, .T. ) ;
#1155 = CARTESIAN_POINT ( 'NONE',  ( 3.990737311234599183, 4.225000000000000533, 1.429674850314564205 ) ) ;
#1156 = EDGE_LOOP ( 'NONE', ( #1415, #1737, #6011, #1182 ) ) ;
#1157 = COLOUR_RGB ( '',0.7529411764705882248, 0.7529411764705882248, 0.7529411764705882248 ) ;
#1158 = FILL_AREA_STYLE_COLOUR ( '', #7675 ) ;
#1159 = VECTOR ( 'NONE', #5239, 1000.000000000000000 ) ;
#1160 = DIRECTION ( 'NONE',  ( 0.0000000000000000000, 0.0000000000000000000, -1.000000000000000000 ) ) ;
#1161 = CYLINDRICAL_SURFACE ( 'NONE', #9495, 0.2999999999999983791 ) ;
#1162 = EDGE_CURVE ( 'NONE', #6120, #9990, #1999, .T. ) ;
#1163 = DIRECTION ( 'NONE',  ( -0.0000000000000000000, -1.000000000000000000, -0.0000000000000000000 ) ) ;
#1164 =( NAMED_UNIT ( * ) SI_UNIT ( $, .STERADIAN. ) SOLID_ANGLE_UNIT ( ) );
#1165 = PLANE ( 'NONE',  #652 ) ;
#1166 = VECTOR ( 'NONE', #9494, 1000.000000000000000 ) ;
#1167 = ORIENTED_EDGE ( 'NONE', *, *, #9138, .F. ) ;
#1168 = PRESENTATION_STYLE_ASSIGNMENT (( #2982 ) ) ;
#1169 = AXIS2_PLACEMENT_3D ( 'NONE', #7045, #5279, #4544 ) ;
#1170 = DIRECTION ( 'NONE',  ( 1.752245935330108921E-16, -1.000000000000000000, 0.0000000000000000000 ) ) ;
#1171 = DIRECTION ( 'NONE',  ( -0.0000000000000000000, -1.000000000000000000, -0.0000000000000000000 ) ) ;
#1172 = CARTESIAN_POINT ( 'NONE',  ( -3.990737311234597406, -4.224999999999999645, 1.429674850314565093 ) ) ;
#1173 = PLANE ( 'NONE',  #7826 ) ;
#1174 = DIRECTION ( 'NONE',  ( -0.0000000000000000000, -1.000000000000000000, 0.0000000000000000000 ) ) ;
#1175 = VECTOR ( 'NONE', #1035, 1000.000000000000000 ) ;
#1176 = PLANE ( 'NONE',  #5480 ) ;
#1177 = AXIS2_PLACEMENT_3D ( 'NONE', #7350, #1913, #4959 ) ;
#1178 = EDGE_CURVE ( 'NONE', #5644, #10055, #2150, .T. ) ;
#1179 = DIRECTION ( 'NONE',  ( -0.0000000000000000000, -1.000000000000000000, -0.0000000000000000000 ) ) ;
#1180 = CARTESIAN_POINT ( 'NONE',  ( -4.184149331665849125, 1.685000000000000275, 1.484534871776029386 ) ) ;
#1181 = LINE ( 'NONE', #4329, #5947 ) ;
#1182 = ORIENTED_EDGE ( 'NONE', *, *, #9080, .T. ) ;
#1183 = CARTESIAN_POINT ( 'NONE',  ( -4.396076675037368986, 1.685000000000000275, 0.2826351822333060815 ) ) ;
#1184 = CIRCLE ( 'NONE', #5291, 0.2999999999999983791 ) ;
#1185 = DIRECTION ( 'NONE',  ( 0.0000000000000000000, 0.0000000000000000000, -1.000000000000000000 ) ) ;
#1186 = DIRECTION ( 'NONE',  ( 0.0000000000000000000, 0.0000000000000000000, -1.000000000000000000 ) ) ;
#1187 = VERTEX_POINT ( 'NONE', #4518 ) ;
#1188 = AXIS2_PLACEMENT_3D ( 'NONE', #4835, #1681, #8058 ) ;
#1189 = ORIENTED_EDGE ( 'NONE', *, *, #8258, .T. ) ;
#1190 = ORIENTED_EDGE ( 'NONE', *, *, #3779, .F. ) ;
#1191 = VECTOR ( 'NONE', #9690, 1000.000000000000000 ) ;
#1192 = FACE_OUTER_BOUND ( 'NONE', #9847, .T. ) ;
#1193 = EDGE_LOOP ( 'NONE', ( #8690, #9188, #7964, #2219 ) ) ;
#1194 = DIRECTION ( 'NONE',  ( -0.0000000000000000000, -0.0000000000000000000, -1.000000000000000000 ) ) ;
#1195 = ORIENTED_EDGE ( 'NONE', *, *, #4922, .F. ) ;
#1196 = VECTOR ( 'NONE', #8927, 1000.000000000000000 ) ;
#1197 = CARTESIAN_POINT ( 'NONE',  ( -4.494557450338583671, -4.665000000000000036, 1.680513367352531873E-15 ) ) ;
#1198 = FILL_AREA_STYLE_COLOUR ( '', #7349 ) ;
#1199 = SURFACE_SIDE_STYLE ('',( #5347 ) ) ;
#1200 = ORIENTED_EDGE ( 'NONE', *, *, #8056, .T. ) ;
#1201 = AXIS2_PLACEMENT_3D ( 'NONE', #2261, #7226, #8628 ) ;
#1202 = DIRECTION ( 'NONE',  ( 0.0000000000000000000, -1.000000000000000000, 0.0000000000000000000 ) ) ;
#1203 = ORIENTED_EDGE ( 'NONE', *, *, #6322, .F. ) ;
#1204 = COLOUR_RGB ( '',0.7529411764705882248, 0.7529411764705882248, 0.7529411764705882248 ) ;
#1205 = EDGE_CURVE ( 'NONE', #6591, #4878, #6797, .T. ) ;
#1206 = MECHANICAL_DESIGN_GEOMETRIC_PRESENTATION_REPRESENTATION (  '', ( #10150 ), #2046 ) ;
#1207 = LINE ( 'NONE', #7548, #10159 ) ;
#1208 = EDGE_CURVE ( 'NONE', #957, #4450, #7702, .T. ) ;
#1209 = VECTOR ( 'NONE', #256, 1000.000000000000000 ) ;
#1210 = FILL_AREA_STYLE_COLOUR ( '', #6126 ) ;
#1211 = PLANE ( 'NONE',  #630 ) ;
#1212 = CARTESIAN_POINT ( 'NONE',  ( -3.750000000000000444, -4.590896534380866534, 3.500000000000000000 ) ) ;
#1213 = DIRECTION ( 'NONE',  ( 0.1736481776669387411, 0.0000000000000000000, 0.9848077530122064660 ) ) ;
#1214 = ORIENTED_EDGE ( 'NONE', *, *, #3794, .F. ) ;
#1215 = DIRECTION ( 'NONE',  ( -0.0000000000000000000, -1.000000000000000000, -0.0000000000000000000 ) ) ;
#1216 = CARTESIAN_POINT ( 'NONE',  ( 4.494557450338589888, -0.4149999999999995914, 0.1999999999999988454 ) ) ;
#1217 = DIRECTION ( 'NONE',  ( -0.0000000000000000000, -1.000000000000000000, -0.0000000000000000000 ) ) ;
#1218 = AXIS2_PLACEMENT_3D ( 'NONE', #2573, #5624, #4073 ) ;
#1219 = FACE_OUTER_BOUND ( 'NONE', #2591, .T. ) ;
#1220 = EDGE_CURVE ( 'NONE', #10035, #8882, #2766, .T. ) ;
#1221 = EDGE_CURVE ( 'NONE', #4161, #3143, #7549, .T. ) ;
#1222 = CARTESIAN_POINT ( 'NONE',  ( 3.888707005762190860, -2.954999999999999183, 1.732440418475945654 ) ) ;
#1223 = AXIS2_PLACEMENT_3D ( 'NONE', #7432, #355, #2857 ) ;
#1224 =( LENGTH_UNIT ( ) NAMED_UNIT ( * ) SI_UNIT ( .MILLI., .METRE. ) );
#1225 = SURFACE_STYLE_FILL_AREA ( #6970 ) ;
#1226 = FACE_OUTER_BOUND ( 'NONE', #9151, .T. ) ;
#1227 = STYLED_ITEM ( 'NONE', ( #4832 ), #1494 ) ;
#1228 =( NAMED_UNIT ( * ) SI_UNIT ( $, .STERADIAN. ) SOLID_ANGLE_UNIT ( ) );
#1229 = ORIENTED_EDGE ( 'NONE', *, *, #6991, .F. ) ;
#1230 = ORIENTED_EDGE ( 'NONE', *, *, #9853, .T. ) ;
#1231 = COLOUR_RGB ( '',0.7529411764705882248, 0.7529411764705882248, 0.7529411764705882248 ) ;
#1232 = LINE ( 'NONE', #9986, #10005 ) ;
#1234 = DIRECTION ( 'NONE',  ( -1.000000000000000000, 0.0000000000000000000, 0.0000000000000000000 ) ) ;
#1233 = PRESENTATION_LAYER_ASSIGNMENT (  '', '', ( #2238 ) ) ;
#1235 = CARTESIAN_POINT ( 'NONE',  ( -3.888707005762189084, 2.955000000000000071, 1.432440418475948274 ) ) ;
#1236 = ORIENTED_EDGE ( 'NONE', *, *, #960, .F. ) ;
#1237 = EDGE_CURVE ( 'NONE', #9799, #1308, #9547, .T. ) ;
#1238 = STYLED_ITEM ( 'NONE', ( #7934 ), #9768 ) ;
#1239 = PRESENTATION_STYLE_ASSIGNMENT (( #1340 ) ) ;
#1240 = APPLICATION_CONTEXT ( 'automotive_design' ) ;
#1241 = STYLED_ITEM ( 'NONE', ( #3677 ), #9133 ) ;
#1242 = CARTESIAN_POINT ( 'NONE',  ( -3.750000000000000444, 4.949999999999999289, 1.600000000000000089 ) ) ;
#1243 = CARTESIAN_POINT ( 'NONE',  ( 3.864512696824130789, 2.125000000000000444, 1.732440418475946542 ) ) ;
#1244 = AXIS2_PLACEMENT_3D ( 'NONE', #3239, #9432, #8711 ) ;
#1245 = LINE ( 'NONE', #4400, #9658 ) ;
#1246 = MECHANICAL_DESIGN_GEOMETRIC_PRESENTATION_REPRESENTATION (  '', ( #4422 ), #7871 ) ;
#1247 = ORIENTED_EDGE ( 'NONE', *, *, #2062, .T. ) ;
#1248 = MECHANICAL_DESIGN_GEOMETRIC_PRESENTATION_REPRESENTATION (  '', ( #2736 ), #8699 ) ;
#1249 = EDGE_CURVE ( 'NONE', #9142, #4257, #3812, .T. ) ;
#1250 = PLANE ( 'NONE',  #6769 ) ;
#1251 = CARTESIAN_POINT ( 'NONE',  ( 4.396076675037371650, -4.665000000000000036, 0.2826351822333049157 ) ) ;
#1252 =( GEOMETRIC_REPRESENTATION_CONTEXT ( 3 ) GLOBAL_UNCERTAINTY_ASSIGNED_CONTEXT ( ( #6250 ) ) GLOBAL_UNIT_ASSIGNED_CONTEXT ( ( #8338, #3627, #4581 ) ) REPRESENTATION_CONTEXT ( 'NONE', 'WORKASPACE' ) );
#1253 = VERTEX_POINT ( 'NONE', #789 ) ;
#1254 = COLOUR_RGB ( '',0.7529411764705882248, 0.7529411764705882248, 0.7529411764705882248 ) ;
#1255 = DIRECTION ( 'NONE',  ( -1.000000000000000000, 0.0000000000000000000, 0.0000000000000000000 ) ) ;
#1256 = VERTEX_POINT ( 'NONE', #2458 ) ;
#1257 = CARTESIAN_POINT ( 'NONE',  ( 4.494557450338590776, -4.224999999999999645, 0.1999999999999988454 ) ) ;
#1258 =( NAMED_UNIT ( * ) PLANE_ANGLE_UNIT ( ) SI_UNIT ( $, .RADIAN. ) );
#1259 = SURFACE_SIDE_STYLE ('',( #5981 ) ) ;
#1260 = ORIENTED_EDGE ( 'NONE', *, *, #7316, .T. ) ;
#1261 = CARTESIAN_POINT ( 'NONE',  ( -4.494557450338584559, 0.8550000000000007594, 1.680513367352531873E-15 ) ) ;
#1262 = VECTOR ( 'NONE', #5683, 1000.000000000000000 ) ;
#1263 = CARTESIAN_POINT ( 'NONE',  ( 5.150000000000000355, 4.665000000000000924, 0.0000000000000000000 ) ) ;
#1264 = FILL_AREA_STYLE ('',( #1210 ) ) ;
#1265 = CARTESIAN_POINT ( 'NONE',  ( 5.150000000000000355, 4.225000000000000533, 0.0000000000000000000 ) ) ;
#1266 = FILL_AREA_STYLE_COLOUR ( '', #7512 ) ;
#1267 = CARTESIAN_POINT ( 'NONE',  ( 3.990737311234599183, 4.665000000000000924, 1.429674850314564205 ) ) ;
#1268 = ORIENTED_EDGE ( 'NONE', *, *, #4448, .F. ) ;
#1269 = DIRECTION ( 'NONE',  ( 0.2505628070857321976, -0.2505628070857321421, -0.9351131265310290708 ) ) ;
#1270 = SURFACE_SIDE_STYLE ('',( #479 ) ) ;
#1271 = ADVANCED_FACE ( 'NONE', ( #3151 ), #7075, .F. ) ;
#1272 = CARTESIAN_POINT ( 'NONE',  ( 4.199115124434927182, -4.224999999999999645, 0.2479055466999157964 ) ) ;
#1273 = DIRECTION ( 'NONE',  ( -1.000000000000000000, 0.0000000000000000000, -4.342151275111226558E-15 ) ) ;
#1274 = CYLINDRICAL_SURFACE ( 'NONE', #8772, 0.09999999999999911737 ) ;
#1275 = DIRECTION ( 'NONE',  ( 1.752245935330108428E-16, -1.000000000000000000, 0.0000000000000000000 ) ) ;
#1276 = CARTESIAN_POINT ( 'NONE',  ( -5.150000000000000355, 4.225000000000000533, 0.2000000000000016764 ) ) ;
#1277 = FACE_OUTER_BOUND ( 'NONE', #3828, .T. ) ;
#1278 = EDGE_CURVE ( 'NONE', #9990, #9184, #2362, .T. ) ;
#1279 = ORIENTED_EDGE ( 'NONE', *, *, #3830, .F. ) ;
#1280 = EDGE_LOOP ( 'NONE', ( #8556, #9235, #6188, #1880, #1535, #5244, #7799, #1982, #225, #358, #8078, #6927 ) ) ;
#1281 = CYLINDRICAL_SURFACE ( 'NONE', #5548, 0.1243605512616186154 ) ;
#1282 = DIRECTION ( 'NONE',  ( -0.0000000000000000000, -1.000000000000000000, -0.0000000000000000000 ) ) ;
#1283 = CARTESIAN_POINT ( 'NONE',  ( 3.888707005762189528, 4.225000000000000533, 1.732440418475945654 ) ) ;
#1284 = EDGE_CURVE ( 'NONE', #8466, #2859, #4571, .T. ) ;
#1285 = CARTESIAN_POINT ( 'NONE',  ( 4.494557450338590776, -4.665000000000000036, 0.1999999999999988454 ) ) ;
#1286 = SURFACE_SIDE_STYLE ('',( #6821 ) ) ;
#1287 = EDGE_LOOP ( 'NONE', ( #3538, #570, #9338, #9315 ) ) ;
#1288 = VECTOR ( 'NONE', #6239, 1000.000000000000000 ) ;
#1289 = AXIS2_PLACEMENT_3D ( 'NONE', #4796, #7960, #3108 ) ;
#1290 = CARTESIAN_POINT ( 'NONE',  ( 4.494557450338586335, 0.4150000000000004241, 5.421010862427522170E-16 ) ) ;
#1291 = DIRECTION ( 'NONE',  ( 0.0000000000000000000, -0.0000000000000000000, 1.000000000000000000 ) ) ;
#1292 = CARTESIAN_POINT ( 'NONE',  ( -3.990737311234598295, -0.8549999999999998712, 1.429674850314565093 ) ) ;
#1293 = EDGE_CURVE ( 'NONE', #6448, #8616, #4621, .T. ) ;
#1294 = EDGE_LOOP ( 'NONE', ( #10199, #9164, #1613 ) ) ;
#1295 =( GEOMETRIC_REPRESENTATION_CONTEXT ( 3 ) GLOBAL_UNCERTAINTY_ASSIGNED_CONTEXT ( ( #6097 ) ) GLOBAL_UNIT_ASSIGNED_CONTEXT ( ( #196, #8044, #7936 ) ) REPRESENTATION_CONTEXT ( 'NONE', 'WORKASPACE' ) );
#1296 = DIRECTION ( 'NONE',  ( 0.0000000000000000000, -0.0000000000000000000, 1.000000000000000000 ) ) ;
#1297 = VERTEX_POINT ( 'NONE', #10234 ) ;
#1298 = PRESENTATION_LAYER_ASSIGNMENT (  '', '', ( #8262 ) ) ;
#1299 = SURFACE_STYLE_USAGE ( .BOTH. , #2966 ) ;
#1300 = ORIENTED_EDGE ( 'NONE', *, *, #4714, .T. ) ;
#1301 = ADVANCED_FACE ( 'NONE', ( #7908 ), #3864, .F. ) ;
#1302 =( NAMED_UNIT ( * ) PLANE_ANGLE_UNIT ( ) SI_UNIT ( $, .RADIAN. ) );
#1303 = DIRECTION ( 'NONE',  ( 0.9848077530122064660, 0.0000000000000000000, -0.1736481776669393240 ) ) ;
#1304 = EDGE_LOOP ( 'NONE', ( #4800, #4039, #8818, #8708 ) ) ;
#1305 = CIRCLE ( 'NONE', #7778, 0.1243605512616186154 ) ;
#1306 = CARTESIAN_POINT ( 'NONE',  ( -3.498076211353314591, 4.698076211353313880, 0.1000000000000000472 ) ) ;
#1307 = LINE ( 'NONE', #2101, #5768 ) ;
#1308 = VERTEX_POINT ( 'NONE', #7437 ) ;
#1309 =( LENGTH_UNIT ( ) NAMED_UNIT ( * ) SI_UNIT ( .MILLI., .METRE. ) );
#1310 = STYLED_ITEM ( 'NONE', ( #1098 ), #5593 ) ;
#1311 = LINE ( 'NONE', #4467, #2394 ) ;
#1312 = LINE ( 'NONE', #10120, #201 ) ;
#1313 =( LENGTH_UNIT ( ) NAMED_UNIT ( * ) SI_UNIT ( .MILLI., .METRE. ) );
#1314 = ORIENTED_EDGE ( 'NONE', *, *, #6716, .T. ) ;
#1315 = SURFACE_STYLE_FILL_AREA ( #1372 ) ;
#1316 = FILL_AREA_STYLE_COLOUR ( '', #9833 ) ;
#1317 = FILL_AREA_STYLE ('',( #9001 ) ) ;
#1318 = DIRECTION ( 'NONE',  ( 4.342151275111226558E-15, 0.0000000000000000000, -1.000000000000000000 ) ) ;
#1319 = VECTOR ( 'NONE', #2701, 1000.000000000000114 ) ;
#1320 = CARTESIAN_POINT ( 'NONE',  ( 3.800269556891266109, 4.665000000000000924, 1.732440418475946320 ) ) ;
#1321 = CARTESIAN_POINT ( 'NONE',  ( 4.494557450338589888, 0.4150000000000004241, 0.1999999999999988454 ) ) ;
#1322 = AXIS2_PLACEMENT_3D ( 'NONE', #1519, #8775, #3034 ) ;
#1323 = COLOUR_RGB ( '',0.1176470588235294101, 0.1176470588235294101, 0.1176470588235294101 ) ;
#1324 = CARTESIAN_POINT ( 'NONE',  ( 4.396076675037370762, 0.4150000000000004241, 0.2826351822333049157 ) ) ;
#1325 = PRESENTATION_STYLE_ASSIGNMENT (( #7658 ) ) ;
#1326 = AXIS2_PLACEMENT_3D ( 'NONE', #45, #9681, #7313 ) ;
#1327 = DIRECTION ( 'NONE',  ( 1.000000000000000000, -0.0000000000000000000, -2.451907390652843649E-15 ) ) ;
#1328 =( LENGTH_UNIT ( ) NAMED_UNIT ( * ) SI_UNIT ( .MILLI., .METRE. ) );
#1329 = ORIENTED_EDGE ( 'NONE', *, *, #3272, .F. ) ;
#1330 = VERTEX_POINT ( 'NONE', #6637 ) ;
#1331 = SURFACE_SIDE_STYLE ('',( #7037 ) ) ;
#1332 =( LENGTH_UNIT ( ) NAMED_UNIT ( * ) SI_UNIT ( .MILLI., .METRE. ) );
#1333 = CARTESIAN_POINT ( 'NONE',  ( -4.199115124434925406, -2.954999999999999183, 0.2479055466999170732 ) ) ;
#1334 = DIRECTION ( 'NONE',  ( 0.2588190451025212946, 0.0000000000000000000, 0.9659258262890680902 ) ) ;
#1335 = MECHANICAL_DESIGN_GEOMETRIC_PRESENTATION_REPRESENTATION (  '', ( #4469 ), #3177 ) ;
#1336 =( GEOMETRIC_REPRESENTATION_CONTEXT ( 3 ) GLOBAL_UNCERTAINTY_ASSIGNED_CONTEXT ( ( #8308 ) ) GLOBAL_UNIT_ASSIGNED_CONTEXT ( ( #4650, #9322, #2906 ) ) REPRESENTATION_CONTEXT ( 'NONE', 'WORKASPACE' ) );
#1337 = DIRECTION ( 'NONE',  ( -0.0000000000000000000, -1.000000000000000000, -0.0000000000000000000 ) ) ;
#1338 = PRESENTATION_STYLE_ASSIGNMENT (( #6824 ) ) ;
#1339 = EDGE_CURVE ( 'NONE', #6365, #3551, #857, .T. ) ;
#1340 = SURFACE_STYLE_USAGE ( .BOTH. , #8684 ) ;
#1341 = DIRECTION ( 'NONE',  ( 0.0000000000000000000, -0.9659258262890680902, 0.2588190451025213501 ) ) ;
#1342 = EDGE_CURVE ( 'NONE', #9585, #10022, #8935, .T. ) ;
#1343 = FILL_AREA_STYLE ('',( #2797 ) ) ;
#1344 = EDGE_CURVE ( 'NONE', #1111, #1459, #5871, .T. ) ;
#1345 = DIRECTION ( 'NONE',  ( 1.000000000000000000, 0.0000000000000000000, 4.342151275111226558E-15 ) ) ;
#1346 = AXIS2_PLACEMENT_3D ( 'NONE', #5113, #4378, #2063 ) ;
#1347 = PRESENTATION_LAYER_ASSIGNMENT (  '', '', ( #2668 ) ) ;
#1348 =( NAMED_UNIT ( * ) SI_UNIT ( $, .STERADIAN. ) SOLID_ANGLE_UNIT ( ) );
#1349 = ORIENTED_EDGE ( 'NONE', *, *, #6066, .F. ) ;
#1350 = VERTEX_POINT ( 'NONE', #9746 ) ;
#1351 = EDGE_CURVE ( 'NONE', #1705, #109, #350, .T. ) ;
#1352 = EDGE_CURVE ( 'NONE', #3057, #7792, #1728, .T. ) ;
#1353 = MECHANICAL_DESIGN_GEOMETRIC_PRESENTATION_REPRESENTATION (  '', ( #4487 ), #8806 ) ;
#1354 = UNCERTAINTY_MEASURE_WITH_UNIT (LENGTH_MEASURE( 1.000000000000000082E-05 ), #7370, 'distance_accuracy_value', 'NONE');
#1355 = FACE_OUTER_BOUND ( 'NONE', #3989, .T. ) ;
#1356 = ORIENTED_EDGE ( 'NONE', *, *, #8323, .F. ) ;
#1357 = UNCERTAINTY_MEASURE_WITH_UNIT (LENGTH_MEASURE( 1.000000000000000082E-05 ), #6968, 'distance_accuracy_value', 'NONE');
#1358 = FILL_AREA_STYLE ('',( #4506 ) ) ;
#1359 = VECTOR ( 'NONE', #8102, 1000.000000000000000 ) ;
#1360 = ORIENTED_EDGE ( 'NONE', *, *, #3649, .F. ) ;
#1361 =( NAMED_UNIT ( * ) PLANE_ANGLE_UNIT ( ) SI_UNIT ( $, .RADIAN. ) );
#1362 = AXIS2_PLACEMENT_3D ( 'NONE', #186, #6276, #5483 ) ;
#1363 = VERTEX_POINT ( 'NONE', #894 ) ;
#1364 = EDGE_CURVE ( 'NONE', #7775, #1718, #8883, .T. ) ;
#1365 =( NAMED_UNIT ( * ) SI_UNIT ( $, .STERADIAN. ) SOLID_ANGLE_UNIT ( ) );
#1366 = PRESENTATION_LAYER_ASSIGNMENT (  '', '', ( #9156 ) ) ;
#1367 =( LENGTH_UNIT ( ) NAMED_UNIT ( * ) SI_UNIT ( .MILLI., .METRE. ) );
#1368 = UNCERTAINTY_MEASURE_WITH_UNIT (LENGTH_MEASURE( 1.000000000000000082E-05 ), #7870, 'distance_accuracy_value', 'NONE');
#1369 = CARTESIAN_POINT ( 'NONE',  ( 3.990737311234600071, 2.125000000000000444, 1.429674850314564205 ) ) ;
#1370 = LINE ( 'NONE', #1426, #7617 ) ;
#1371 = VERTEX_POINT ( 'NONE', #5767 ) ;
#1372 = FILL_AREA_STYLE ('',( #2881 ) ) ;
#1373 = PLANE ( 'NONE',  #7387 ) ;
#1374 =( LENGTH_UNIT ( ) NAMED_UNIT ( * ) SI_UNIT ( .MILLI., .METRE. ) );
#1375 = CARTESIAN_POINT ( 'NONE',  ( 4.494557450338589888, 0.8550000000000007594, 0.1999999999999988454 ) ) ;
#1376 = LINE ( 'NONE', #9360, #1518 ) ;
#1377 = AXIS2_PLACEMENT_3D ( 'NONE', #5047, #8155, #1891 ) ;
#1378 = COLOUR_RGB ( '',0.1176470588235294101, 0.1176470588235294101, 0.1176470588235294101 ) ;
#1379 = AXIS2_PLACEMENT_3D ( 'NONE', #1690, #265, #5823 ) ;
#1380 = DIRECTION ( 'NONE',  ( -2.605290765066735304E-15, 0.0000000000000000000, -1.000000000000000000 ) ) ;
#1381 = LINE ( 'NONE', #2992, #284 ) ;
#1382 = LINE ( 'NONE', #5269, #8978 ) ;
#1383 = VERTEX_POINT ( 'NONE', #5724 ) ;
#1384 = CIRCLE ( 'NONE', #2544, 0.2999999999999999334 ) ;
#1385 = ORIENTED_EDGE ( 'NONE', *, *, #2105, .F. ) ;
#1386 = ORIENTED_EDGE ( 'NONE', *, *, #4979, .T. ) ;
#1387 = LINE ( 'NONE', #3883, #561 ) ;
#1388 =( NAMED_UNIT ( * ) SI_UNIT ( $, .STERADIAN. ) SOLID_ANGLE_UNIT ( ) );
#1389 = DIRECTION ( 'NONE',  ( -0.0000000000000000000, -1.000000000000000000, -0.0000000000000000000 ) ) ;
#1390 = FILL_AREA_STYLE ('',( #657 ) ) ;
#1391 = ORIENTED_EDGE ( 'NONE', *, *, #3393, .T. ) ;
#1392 = VECTOR ( 'NONE', #6540, 1000.000000000000227 ) ;
#1393 = CARTESIAN_POINT ( 'NONE',  ( 4.184149331665850013, 0.8550000000000007594, 1.484534871776028275 ) ) ;
#1394 =( NAMED_UNIT ( * ) SI_UNIT ( $, .STERADIAN. ) SOLID_ANGLE_UNIT ( ) );
#1395 = VECTOR ( 'NONE', #8372, 1000.000000000000000 ) ;
#1396 = CIRCLE ( 'NONE', #2395, 0.1500000000000003830 ) ;
#1397 =( NAMED_UNIT ( * ) PLANE_ANGLE_UNIT ( ) SI_UNIT ( $, .RADIAN. ) );
#1398 = CARTESIAN_POINT ( 'NONE',  ( 3.750000000000000444, -5.099999999999999645, 1.600000000000000311 ) ) ;
#1399 = VECTOR ( 'NONE', #5433, 1000.000000000000000 ) ;
#1400 =( NAMED_UNIT ( * ) PLANE_ANGLE_UNIT ( ) SI_UNIT ( $, .RADIAN. ) );
#1401 = LINE ( 'NONE', #8499, #5276 ) ;
#1402 = VECTOR ( 'NONE', #8345, 1000.000000000000114 ) ;
#1403 = PRESENTATION_STYLE_ASSIGNMENT (( #3232 ) ) ;
#1404 = VECTOR ( 'NONE', #1061, 1000.000000000000000 ) ;
#1405 = ADVANCED_FACE ( 'NONE', ( #2507 ), #5814, .F. ) ;
#1406 = ORIENTED_EDGE ( 'NONE', *, *, #6783, .T. ) ;
#1407 =( GEOMETRIC_REPRESENTATION_CONTEXT ( 3 ) GLOBAL_UNCERTAINTY_ASSIGNED_CONTEXT ( ( #4555 ) ) GLOBAL_UNIT_ASSIGNED_CONTEXT ( ( #824, #5702, #4872 ) ) REPRESENTATION_CONTEXT ( 'NONE', 'WORKASPACE' ) );
#1408 = FACE_OUTER_BOUND ( 'NONE', #1471, .T. ) ;
#1409 = MECHANICAL_DESIGN_GEOMETRIC_PRESENTATION_REPRESENTATION (  '', ( #9511 ), #1914 ) ;
#1410 = ORIENTED_EDGE ( 'NONE', *, *, #583, .T. ) ;
#1411 = STYLED_ITEM ( 'NONE', ( #9056 ), #3848 ) ;
#1412 = EDGE_CURVE ( 'NONE', #3831, #6891, #6544, .T. ) ;
#1413 = AXIS2_PLACEMENT_3D ( 'NONE', #3456, #3663, #7592 ) ;
#1414 = EDGE_CURVE ( 'NONE', #5597, #4370, #4199, .T. ) ;
#1415 = ORIENTED_EDGE ( 'NONE', *, *, #6233, .T. ) ;
#1416 =( LENGTH_UNIT ( ) NAMED_UNIT ( * ) SI_UNIT ( .MILLI., .METRE. ) );
#1417 = DIRECTION ( 'NONE',  ( 1.000000000000000000, -0.0000000000000000000, -2.451907390652843649E-15 ) ) ;
#1418 = ORIENTED_EDGE ( 'NONE', *, *, #7571, .T. ) ;
#1419 = MECHANICAL_DESIGN_GEOMETRIC_PRESENTATION_REPRESENTATION (  '', ( #416 ), #1924 ) ;
#1420 = EDGE_CURVE ( 'NONE', #8545, #4027, #3449, .T. ) ;
#1421 = ORIENTED_EDGE ( 'NONE', *, *, #2446, .T. ) ;
#1422 = DIRECTION ( 'NONE',  ( 0.0000000000000000000, -0.0000000000000000000, 1.000000000000000000 ) ) ;
#1423 =( NAMED_UNIT ( * ) PLANE_ANGLE_UNIT ( ) SI_UNIT ( $, .RADIAN. ) );
#1424 = DIRECTION ( 'NONE',  ( 0.2588190451025213501, 0.0000000000000000000, -0.9659258262890680902 ) ) ;
#1425 = DIRECTION ( 'NONE',  ( 1.000000000000000000, -0.0000000000000000000, -0.0000000000000000000 ) ) ;
#1426 = CARTESIAN_POINT ( 'NONE',  ( 4.184149331665849125, 2.955000000000000071, 1.484534871776028275 ) ) ;
#1427 = EDGE_CURVE ( 'NONE', #5719, #8768, #5045, .T. ) ;
#1428 = VERTEX_POINT ( 'NONE', #8256 ) ;
#1429 = PLANE ( 'NONE',  #5537 ) ;
#1430 = MECHANICAL_DESIGN_GEOMETRIC_PRESENTATION_REPRESENTATION (  '', ( #423 ), #6879 ) ;
#1431 = DIRECTION ( 'NONE',  ( 0.0000000000000000000, 0.0000000000000000000, -1.000000000000000000 ) ) ;
#1432 = LINE ( 'NONE', #5363, #3956 ) ;
#1433 = DIRECTION ( 'NONE',  ( -0.0000000000000000000, -1.000000000000000000, -0.0000000000000000000 ) ) ;
#1434 =( LENGTH_UNIT ( ) NAMED_UNIT ( * ) SI_UNIT ( .MILLI., .METRE. ) );
#1435 = DIRECTION ( 'NONE',  ( 0.0000000000000000000, 0.0000000000000000000, -1.000000000000000000 ) ) ;
#1436 = DIRECTION ( 'NONE',  ( 0.2588190451025213501, 0.0000000000000000000, -0.9659258262890680902 ) ) ;
#1437 = DIRECTION ( 'NONE',  ( 0.0000000000000000000, 1.000000000000000000, 0.0000000000000000000 ) ) ;
#1438 = EDGE_CURVE ( 'NONE', #4420, #5592, #5506, .T. ) ;
#1439 = MECHANICAL_DESIGN_GEOMETRIC_PRESENTATION_REPRESENTATION (  '', ( #9382 ), #6563 ) ;
#1440 = ORIENTED_EDGE ( 'NONE', *, *, #8759, .F. ) ;
#1441 = ORIENTED_EDGE ( 'NONE', *, *, #8455, .F. ) ;
#1442 = CARTESIAN_POINT ( 'NONE',  ( -3.890582741955796120, -5.090582741955796742, 1.635145685488949452 ) ) ;
#1443 = ORIENTED_EDGE ( 'NONE', *, *, #4061, .T. ) ;
#1444 = FILL_AREA_STYLE ('',( #10202 ) ) ;
#1445 = ORIENTED_EDGE ( 'NONE', *, *, #2371, .F. ) ;
#1446 = CARTESIAN_POINT ( 'NONE',  ( -4.184149331665849125, 2.125000000000000444, 1.484534871776029386 ) ) ;
#1447 = CYLINDRICAL_SURFACE ( 'NONE', #8790, 0.2999999999999999889 ) ;
#1448 = PRESENTATION_LAYER_ASSIGNMENT (  '', '', ( #9231 ) ) ;
#1449 =( LENGTH_UNIT ( ) NAMED_UNIT ( * ) SI_UNIT ( .MILLI., .METRE. ) );
#1450 =( NAMED_UNIT ( * ) SI_UNIT ( $, .STERADIAN. ) SOLID_ANGLE_UNIT ( ) );
#1451 = UNCERTAINTY_MEASURE_WITH_UNIT (LENGTH_MEASURE( 1.000000000000000082E-05 ), #7150, 'distance_accuracy_value', 'NONE');
#1452 = SURFACE_STYLE_USAGE ( .BOTH. , #8551 ) ;
#1453 = PLANE ( 'NONE',  #5436 ) ;
#1454 = VERTEX_POINT ( 'NONE', #7483 ) ;
#1455 = SURFACE_STYLE_FILL_AREA ( #4603 ) ;
#1456 = COLOUR_RGB ( '',0.7529411764705882248, 0.7529411764705882248, 0.7529411764705882248 ) ;
#1457 = ORIENTED_EDGE ( 'NONE', *, *, #5843, .T. ) ;
#1458 = CARTESIAN_POINT ( 'NONE',  ( -3.888707005762188196, -2.954999999999999183, 1.732440418475947430 ) ) ;
#1459 = VERTEX_POINT ( 'NONE', #1990 ) ;
#1460 = MECHANICAL_DESIGN_GEOMETRIC_PRESENTATION_REPRESENTATION (  '', ( #2952 ), #5594 ) ;
#1461 =( NAMED_UNIT ( * ) SI_UNIT ( $, .STERADIAN. ) SOLID_ANGLE_UNIT ( ) );
#1462 = MECHANICAL_DESIGN_GEOMETRIC_PRESENTATION_REPRESENTATION (  '', ( #10063 ), #7764 ) ;
#1463 = FILL_AREA_STYLE_COLOUR ( '', #2623 ) ;
#1464 = EDGE_CURVE ( 'NONE', #7373, #3245, #10096, .T. ) ;
#1465 = LINE ( 'NONE', #8559, #9883 ) ;
#1466 = ORIENTED_EDGE ( 'NONE', *, *, #2576, .F. ) ;
#1467 = DIRECTION ( 'NONE',  ( -0.0000000000000000000, -1.000000000000000000, 0.0000000000000000000 ) ) ;
#1468 = LINE ( 'NONE', #6951, #5554 ) ;
#1469 = ORIENTED_EDGE ( 'NONE', *, *, #3198, .T. ) ;
#1470 = COLOUR_RGB ( '',0.7529411764705882248, 0.7529411764705882248, 0.7529411764705882248 ) ;
#1471 = EDGE_LOOP ( 'NONE', ( #465, #31, #1956, #3434 ) ) ;
#1472 = DIRECTION ( 'NONE',  ( 0.0000000000000000000, -1.000000000000000000, 0.0000000000000000000 ) ) ;
#1473 = FACE_OUTER_BOUND ( 'NONE', #5443, .T. ) ;
#1474 = EDGE_CURVE ( 'NONE', #7267, #8719, #6170, .T. ) ;
#1475 = DIRECTION ( 'NONE',  ( 1.000000000000000000, 0.0000000000000000000, -0.0000000000000000000 ) ) ;
#1476 = VECTOR ( 'NONE', #6057, 1000.000000000000000 ) ;
#1477 = ADVANCED_FACE ( 'NONE', ( #3547 ), #1942, .F. ) ;
#1478 = CARTESIAN_POINT ( 'NONE',  ( -3.899999999999999911, 4.949999999999999289, 1.600000000000000089 ) ) ;
#1479 = CARTESIAN_POINT ( 'NONE',  ( -4.494557450338583671, -4.224999999999999645, 1.680513367352531873E-15 ) ) ;
#1480 = ORIENTED_EDGE ( 'NONE', *, *, #1464, .F. ) ;
#1481 = CARTESIAN_POINT ( 'NONE',  ( -4.494557450338587223, -2.954999999999999183, 0.3000000000000000444 ) ) ;
#1482 =( NAMED_UNIT ( * ) PLANE_ANGLE_UNIT ( ) SI_UNIT ( $, .RADIAN. ) );
#1483 = CARTESIAN_POINT ( 'NONE',  ( -3.868266076183284330, -0.8549999999999998712, 1.408079867214329095 ) ) ;
#1484 = EDGE_CURVE ( 'NONE', #4057, #1632, #6830, .T. ) ;
#1485 = FACE_OUTER_BOUND ( 'NONE', #4537, .T. ) ;
#1486 = CARTESIAN_POINT ( 'NONE',  ( -3.990737311234598295, 0.8550000000000007594, 1.429674850314565093 ) ) ;
#1487 = ORIENTED_EDGE ( 'NONE', *, *, #6806, .T. ) ;
#1488 = PLANE ( 'NONE',  #10208 ) ;
#1489 = AXIS2_PLACEMENT_3D ( 'NONE', #6300, #7853, #3922 ) ;
#1490 = LINE ( 'NONE', #6154, #10009 ) ;
#1491 = ORIENTED_EDGE ( 'NONE', *, *, #8378, .T. ) ;
#1492 = DIRECTION ( 'NONE',  ( 0.0000000000000000000, 0.0000000000000000000, 1.000000000000000000 ) ) ;
#1493 = DIRECTION ( 'NONE',  ( 0.0000000000000000000, 0.0000000000000000000, -1.000000000000000000 ) ) ;
#1494 = ADVANCED_BREP_SHAPE_REPRESENTATION ( 'AF7D0B7D-6941-4E12-9BE3-131492E48411', ( #9278, #4197 ), #2725 ) ;
#1495 = EDGE_CURVE ( 'NONE', #6106, #6006, #5144, .T. ) ;
#1496 = VECTOR ( 'NONE', #7798, 1000.000000000000000 ) ;
#1497 = CARTESIAN_POINT ( 'NONE',  ( -4.494557450338588112, 0.8550000000000007594, 0.2000000000000008993 ) ) ;
#1498 = COLOUR_RGB ( '',0.7529411764705882248, 0.7529411764705882248, 0.7529411764705882248 ) ;
#1499 = LINE ( 'NONE', #3648, #8512 ) ;
#1500 = DIRECTION ( 'NONE',  ( -0.0000000000000000000, -0.0000000000000000000, -1.000000000000000000 ) ) ;
#1501 = SURFACE_SIDE_STYLE ('',( #7672 ) ) ;
#1502 = VERTEX_POINT ( 'NONE', #8498 ) ;
#1503 = STYLED_ITEM ( 'NONE', ( #8306 ), #6916 ) ;
#1504 = VERTEX_POINT ( 'NONE', #4548 ) ;
#1505 = CARTESIAN_POINT ( 'NONE',  ( -4.494557450338588112, 1.685000000000000275, 0.2999999999999999334 ) ) ;
#1506 = ORIENTED_EDGE ( 'NONE', *, *, #7571, .F. ) ;
#1507 = STYLED_ITEM ( 'NONE', ( #1017 ), #7256 ) ;
#1508 = PRESENTATION_STYLE_ASSIGNMENT (( #2140 ) ) ;
#1509 = FILL_AREA_STYLE_COLOUR ( '', #6023 ) ;
#1510 = ORIENTED_EDGE ( 'NONE', *, *, #8561, .F. ) ;
#1511 = LINE ( 'NONE', #4611, #7906 ) ;
#1512 = FACE_OUTER_BOUND ( 'NONE', #8051, .T. ) ;
#1513 = MECHANICAL_DESIGN_GEOMETRIC_PRESENTATION_REPRESENTATION (  '', ( #5655 ), #3017 ) ;
#1514 = SURFACE_STYLE_USAGE ( .BOTH. , #8621 ) ;
#1515 = VERTEX_POINT ( 'NONE', #6989 ) ;
#1516 = PRESENTATION_STYLE_ASSIGNMENT (( #4618 ) ) ;
#1517 = ORIENTED_EDGE ( 'NONE', *, *, #9654, .T. ) ;
#1518 = VECTOR ( 'NONE', #5313, 1000.000000000000000 ) ;
#1519 = CARTESIAN_POINT ( 'NONE',  ( 3.800269556891267886, -4.224999999999999645, 1.732440418475946320 ) ) ;
#1520 = FACE_OUTER_BOUND ( 'NONE', #2836, .T. ) ;
#1521 = DIRECTION ( 'NONE',  ( 1.314184451497580520E-16, -1.000000000000000000, 3.222258569307970441E-31 ) ) ;
#1522 = ORIENTED_EDGE ( 'NONE', *, *, #5859, .T. ) ;
#1523 = DIRECTION ( 'NONE',  ( -0.0000000000000000000, -1.000000000000000000, -0.0000000000000000000 ) ) ;
#1524 = CIRCLE ( 'NONE', #2874, 0.2999999999999999334 ) ;
#1525 = DIRECTION ( 'NONE',  ( 0.0000000000000000000, -0.0000000000000000000, -1.000000000000000000 ) ) ;
#1526 = DIRECTION ( 'NONE',  ( 0.0000000000000000000, 0.0000000000000000000, -1.000000000000000000 ) ) ;
#1527 = CARTESIAN_POINT ( 'NONE',  ( 4.199115124434926294, -2.125000000000000000, 0.2479055466999157964 ) ) ;
#1528 = AXIS2_PLACEMENT_3D ( 'NONE', #1235, #4540, #1185 ) ;
#1529 = EDGE_CURVE ( 'NONE', #10012, #7673, #4354, .T. ) ;
#1530 = SURFACE_SIDE_STYLE ('',( #5469 ) ) ;
#1531 = DIRECTION ( 'NONE',  ( 0.0000000000000000000, 0.0000000000000000000, -1.000000000000000000 ) ) ;
#1532 = FILL_AREA_STYLE ('',( #5521 ) ) ;
#1533 = CARTESIAN_POINT ( 'NONE',  ( 4.494557450338590776, -2.954999999999999183, 0.1999999999999988454 ) ) ;
#1534 = CIRCLE ( 'NONE', #4687, 0.2999999999999999889 ) ;
#1535 = ORIENTED_EDGE ( 'NONE', *, *, #5652, .F. ) ;
#1536 = SURFACE_STYLE_USAGE ( .BOTH. , #1331 ) ;
#1537 = ADVANCED_FACE ( 'NONE', ( #612 ), #3796, .F. ) ;
#1538 = VERTEX_POINT ( 'NONE', #8752 ) ;
#1539 = PRESENTATION_STYLE_ASSIGNMENT (( #3938 ) ) ;
#1540 = DIRECTION ( 'NONE',  ( 0.0000000000000000000, 0.0000000000000000000, 1.000000000000000000 ) ) ;
#1541 = EDGE_CURVE ( 'NONE', #10012, #4893, #3229, .T. ) ;
#1542 =( GEOMETRIC_REPRESENTATION_CONTEXT ( 3 ) GLOBAL_UNCERTAINTY_ASSIGNED_CONTEXT ( ( #5499 ) ) GLOBAL_UNIT_ASSIGNED_CONTEXT ( ( #5508, #4787, #8574 ) ) REPRESENTATION_CONTEXT ( 'NONE', 'WORKASPACE' ) );
#1543 = DIRECTION ( 'NONE',  ( 0.0000000000000000000, -0.0000000000000000000, -1.000000000000000000 ) ) ;
#1544 = FACE_OUTER_BOUND ( 'NONE', #1156, .T. ) ;
#1545 = AXIS2_PLACEMENT_3D ( 'NONE', #2870, #6742, #9094 ) ;
#1546 = DIRECTION ( 'NONE',  ( -0.0000000000000000000, -1.000000000000000000, -0.0000000000000000000 ) ) ;
#1547 = COLOUR_RGB ( '',0.1176470588235294101, 0.1176470588235294101, 0.1176470588235294101 ) ;
#1548 = STYLED_ITEM ( 'NONE', ( #7273 ), #1405 ) ;
#1549 =( NAMED_UNIT ( * ) PLANE_ANGLE_UNIT ( ) SI_UNIT ( $, .RADIAN. ) );
#1550 = CARTESIAN_POINT ( 'NONE',  ( -4.494557450338587223, -4.224999999999999645, 0.2000000000000008993 ) ) ;
#1551 = ORIENTED_EDGE ( 'NONE', *, *, #8561, .T. ) ;
#1552 = SURFACE_STYLE_FILL_AREA ( #5544 ) ;
#1553 = STYLED_ITEM ( 'NONE', ( #2409 ), #8392 ) ;
#1554 = ADVANCED_FACE ( 'NONE', ( #3174 ), #4841, .T. ) ;
#1555 = LINE ( 'NONE', #5643, #9453 ) ;
#1556 = ORIENTED_EDGE ( 'NONE', *, *, #2080, .T. ) ;
#1557 = STYLED_ITEM ( 'NONE', ( #1952 ), #10156 ) ;
#1558 = CIRCLE ( 'NONE', #10165, 0.1243605512616186154 ) ;
#1559 = CARTESIAN_POINT ( 'NONE',  ( 4.184149331665850902, -3.394999999999999574, 1.484534871776028275 ) ) ;
#1560 = ORIENTED_EDGE ( 'NONE', *, *, #8069, .F. ) ;
#1561 = MECHANICAL_DESIGN_GEOMETRIC_PRESENTATION_REPRESENTATION (  '', ( #8674 ), #9996 ) ;
#1562 = PRESENTATION_LAYER_ASSIGNMENT (  '', '', ( #3061 ) ) ;
#1563 =( NAMED_UNIT ( * ) SI_UNIT ( $, .STERADIAN. ) SOLID_ANGLE_UNIT ( ) );
#1564 =( LENGTH_UNIT ( ) NAMED_UNIT ( * ) SI_UNIT ( .MILLI., .METRE. ) );
#1565 = AXIS2_PLACEMENT_3D ( 'NONE', #6651, #8172, #7207 ) ;
#1566 = FACE_OUTER_BOUND ( 'NONE', #4079, .T. ) ;
#1567 = EDGE_CURVE ( 'NONE', #9854, #6365, #5540, .T. ) ;
#1568 = VERTEX_POINT ( 'NONE', #1609 ) ;
#1569 = UNCERTAINTY_MEASURE_WITH_UNIT (LENGTH_MEASURE( 1.000000000000000082E-05 ), #6892, 'distance_accuracy_value', 'NONE');
#1570 = VERTEX_POINT ( 'NONE', #2337 ) ;
#1571 =( GEOMETRIC_REPRESENTATION_CONTEXT ( 3 ) GLOBAL_UNCERTAINTY_ASSIGNED_CONTEXT ( ( #6207 ) ) GLOBAL_UNIT_ASSIGNED_CONTEXT ( ( #1332, #2073, #6764 ) ) REPRESENTATION_CONTEXT ( 'NONE', 'WORKASPACE' ) );
#1572 = DIRECTION ( 'NONE',  ( -0.1736481776669392962, 0.0000000000000000000, 0.9848077530122064660 ) ) ;
#1573 = ORIENTED_EDGE ( 'NONE', *, *, #2300, .T. ) ;
#1574 = DIRECTION ( 'NONE',  ( 0.0000000000000000000, 1.000000000000000000, -0.0000000000000000000 ) ) ;
#1575 = LINE ( 'NONE', #841, #2812 ) ;
#1576 = COLOUR_RGB ( '',0.7529411764705882248, 0.7529411764705882248, 0.7529411764705882248 ) ;
#1577 = DIRECTION ( 'NONE',  ( -0.0000000000000000000, -1.000000000000000000, -0.0000000000000000000 ) ) ;
#1578 = ORIENTED_EDGE ( 'NONE', *, *, #6382, .T. ) ;
#1579 = AXIS2_PLACEMENT_3D ( 'NONE', #5684, #79, #7243 ) ;
#1580 = VECTOR ( 'NONE', #7498, 1000.000000000000000 ) ;
#1581 = SURFACE_SIDE_STYLE ('',( #8001 ) ) ;
#1582 =( NAMED_UNIT ( * ) PLANE_ANGLE_UNIT ( ) SI_UNIT ( $, .RADIAN. ) );
#1583 = AXIS2_PLACEMENT_3D ( 'NONE', #2533, #6372, #5636 ) ;
#1584 = UNCERTAINTY_MEASURE_WITH_UNIT (LENGTH_MEASURE( 1.000000000000000082E-05 ), #4421, 'distance_accuracy_value', 'NONE');
#1585 = FILL_AREA_STYLE_COLOUR ( '', #8045 ) ;
#1586 = CARTESIAN_POINT ( 'NONE',  ( -4.396076675037369874, 4.225000000000000533, 0.2826351822333060815 ) ) ;
#1587 = CARTESIAN_POINT ( 'NONE',  ( 3.800269556891266554, 1.685000000000000275, 1.732440418475946320 ) ) ;
#1588 =( GEOMETRIC_REPRESENTATION_CONTEXT ( 3 ) GLOBAL_UNCERTAINTY_ASSIGNED_CONTEXT ( ( #6452 ) ) GLOBAL_UNIT_ASSIGNED_CONTEXT ( ( #3676, #2984, #2316 ) ) REPRESENTATION_CONTEXT ( 'NONE', 'WORKASPACE' ) );
#1589 = COLOUR_RGB ( '',0.1176470588235294101, 0.1176470588235294101, 0.1176470588235294101 ) ;
#1590 = SURFACE_STYLE_FILL_AREA ( #798 ) ;
#1591 = CARTESIAN_POINT ( 'NONE',  ( 3.864512696824130344, 4.225000000000000533, 1.732440418475946320 ) ) ;
#1592 = FILL_AREA_STYLE ('',( #8686 ) ) ;
#1593 = CARTESIAN_POINT ( 'NONE',  ( 3.900000000000000355, 2.125000000000000444, 1.600000000000000089 ) ) ;
#1594 = ORIENTED_EDGE ( 'NONE', *, *, #7576, .T. ) ;
#1595 = EDGE_LOOP ( 'NONE', ( #2555, #9762, #650, #8365 ) ) ;
#1596 = EDGE_CURVE ( 'NONE', #4885, #7817, #3366, .T. ) ;
#1597 = FILL_AREA_STYLE_COLOUR ( '', #2735 ) ;
#1598 = EDGE_LOOP ( 'NONE', ( #394, #3594, #4188, #6482, #2863, #6362, #8753, #9232, #80, #4502, #2661, #682 ) ) ;
#1599 = DIRECTION ( 'NONE',  ( 0.0000000000000000000, 1.000000000000000000, -0.0000000000000000000 ) ) ;
#1600 = FACE_OUTER_BOUND ( 'NONE', #7060, .T. ) ;
#1601 = PRESENTATION_STYLE_ASSIGNMENT (( #7773 ) ) ;
#1602 = FILL_AREA_STYLE_COLOUR ( '', #5485 ) ;
#1603 = SURFACE_STYLE_USAGE ( .BOTH. , #7879 ) ;
#1604 =( NAMED_UNIT ( * ) SI_UNIT ( $, .STERADIAN. ) SOLID_ANGLE_UNIT ( ) );
#1605 = EDGE_CURVE ( 'NONE', #3991, #7651, #1524, .T. ) ;
#1606 =( NAMED_UNIT ( * ) PLANE_ANGLE_UNIT ( ) SI_UNIT ( $, .RADIAN. ) );
#1607 = DIRECTION ( 'NONE',  ( 1.000000000000000000, -0.0000000000000000000, -2.451907390652843649E-15 ) ) ;
#1608 = DIRECTION ( 'NONE',  ( -0.0000000000000000000, -1.000000000000000000, -0.0000000000000000000 ) ) ;
#1609 = CARTESIAN_POINT ( 'NONE',  ( -4.396076675037368986, -0.4149999999999995914, 0.2826351822333060815 ) ) ;
#1610 = CARTESIAN_POINT ( 'NONE',  ( 4.494557450338590776, -2.954999999999999183, 0.2999999999999988787 ) ) ;
#1611 = ORIENTED_EDGE ( 'NONE', *, *, #7705, .F. ) ;
#1612 = EDGE_CURVE ( 'NONE', #2078, #758, #7823, .T. ) ;
#1613 = ORIENTED_EDGE ( 'NONE', *, *, #6105, .F. ) ;
#1614 = VECTOR ( 'NONE', #2299, 1000.000000000000000 ) ;
#1615 = CARTESIAN_POINT ( 'NONE',  ( 4.494557450338589888, 1.685000000000000275, 0.1999999999999988454 ) ) ;
#1616 = EDGE_LOOP ( 'NONE', ( #5035, #95, #4290, #9944 ) ) ;
#1617 = EDGE_CURVE ( 'NONE', #4257, #7844, #8651, .T. ) ;
#1618 = LINE ( 'NONE', #4773, #7544 ) ;
#1619 = CIRCLE ( 'NONE', #7418, 0.1243605512616186154 ) ;
#1620 =( GEOMETRIC_REPRESENTATION_CONTEXT ( 3 ) GLOBAL_UNCERTAINTY_ASSIGNED_CONTEXT ( ( #4572 ) ) GLOBAL_UNIT_ASSIGNED_CONTEXT ( ( #5519, #1693, #26 ) ) REPRESENTATION_CONTEXT ( 'NONE', 'WORKASPACE' ) );
#1621 = CARTESIAN_POINT ( 'NONE',  ( -3.899999999999998579, -2.954999999999999183, 1.600000000000000089 ) ) ;
#1622 = ORIENTED_EDGE ( 'NONE', *, *, #5020, .F. ) ;
#1623 = CARTESIAN_POINT ( 'NONE',  ( 3.800269556891266998, 0.8550000000000007594, 1.732440418475946320 ) ) ;
#1624 = FILL_AREA_STYLE_COLOUR ( '', #5833 ) ;
#1625 = VERTEX_POINT ( 'NONE', #9064 ) ;
#1626 = ORIENTED_EDGE ( 'NONE', *, *, #1783, .T. ) ;
#1627 = MECHANICAL_DESIGN_GEOMETRIC_PRESENTATION_REPRESENTATION (  '', ( #2128 ), #456 ) ;
#1628 = CARTESIAN_POINT ( 'NONE',  ( -5.149999999999999467, 0.4150000000000004241, 0.2000000000000016764 ) ) ;
#1629 = DIRECTION ( 'NONE',  ( 0.0000000000000000000, 1.000000000000000000, 0.0000000000000000000 ) ) ;
#1630 = AXIS2_PLACEMENT_3D ( 'NONE', #1860, #9111, #5745 ) ;
#1631 = EDGE_CURVE ( 'NONE', #1253, #8626, #5168, .T. ) ;
#1632 = VERTEX_POINT ( 'NONE', #9724 ) ;
#1633 = CARTESIAN_POINT ( 'NONE',  ( 3.881702402145739583, 4.665000000000000924, 1.531712435151438845 ) ) ;
#1634 = ORIENTED_EDGE ( 'NONE', *, *, #2234, .T. ) ;
#1635 = MECHANICAL_DESIGN_GEOMETRIC_PRESENTATION_REPRESENTATION (  '', ( #10237 ), #1800 ) ;
#1636 = CARTESIAN_POINT ( 'NONE',  ( -5.149999999999999467, 0.8550000000000007594, 0.0000000000000000000 ) ) ;
#1637 = FILL_AREA_STYLE_COLOUR ( '', #10189 ) ;
#1638 = SURFACE_STYLE_FILL_AREA ( #6255 ) ;
#1639 = MECHANICAL_DESIGN_GEOMETRIC_PRESENTATION_REPRESENTATION (  '', ( #6747 ), #3145 ) ;
#1640 = SURFACE_STYLE_FILL_AREA ( #6460 ) ;
#1641 = LINE ( 'NONE', #5520, #7251 ) ;
#1642 = LINE ( 'NONE', #2322, #9804 ) ;
#1643 = ORIENTED_EDGE ( 'NONE', *, *, #2876, .T. ) ;
#1644 = ORIENTED_EDGE ( 'NONE', *, *, #5405, .T. ) ;
#1645 =( NAMED_UNIT ( * ) PLANE_ANGLE_UNIT ( ) SI_UNIT ( $, .RADIAN. ) );
#1646 = VERTEX_POINT ( 'NONE', #5790 ) ;
#1647 = DIRECTION ( 'NONE',  ( 0.0000000000000000000, 0.0000000000000000000, 1.000000000000000000 ) ) ;
#1648 = FILL_AREA_STYLE_COLOUR ( '', #7749 ) ;
#1649 = VECTOR ( 'NONE', #1074, 1000.000000000000000 ) ;
#1650 =( NAMED_UNIT ( * ) SI_UNIT ( $, .STERADIAN. ) SOLID_ANGLE_UNIT ( ) );
#1651 =( NAMED_UNIT ( * ) SI_UNIT ( $, .STERADIAN. ) SOLID_ANGLE_UNIT ( ) );
#1652 = LINE ( 'NONE', #2531, #2341 ) ;
#1653 = FACE_OUTER_BOUND ( 'NONE', #703, .T. ) ;
#1654 =( NAMED_UNIT ( * ) SI_UNIT ( $, .STERADIAN. ) SOLID_ANGLE_UNIT ( ) );
#1655 = PRESENTATION_STYLE_ASSIGNMENT (( #10263 ) ) ;
#1656 = ORIENTED_EDGE ( 'NONE', *, *, #1678, .T. ) ;
#1657 = CARTESIAN_POINT ( 'NONE',  ( 4.494557450338589000, 4.665000000000000924, 0.2999999999999988787 ) ) ;
#1658 = LINE ( 'NONE', #4819, #509 ) ;
#1659 = ORIENTED_EDGE ( 'NONE', *, *, #2876, .F. ) ;
#1660 =( GEOMETRIC_REPRESENTATION_CONTEXT ( 3 ) GLOBAL_UNCERTAINTY_ASSIGNED_CONTEXT ( ( #2613 ) ) GLOBAL_UNIT_ASSIGNED_CONTEXT ( ( #7448, #2666, #268 ) ) REPRESENTATION_CONTEXT ( 'NONE', 'WORKASPACE' ) );
#1661 = COLOUR_RGB ( '',0.7529411764705882248, 0.7529411764705882248, 0.7529411764705882248 ) ;
#1662 = AXIS2_PLACEMENT_3D ( 'NONE', #8983, #8312, #4107 ) ;
#1663 = CARTESIAN_POINT ( 'NONE',  ( 5.150000000000000355, 2.955000000000000071, 0.0000000000000000000 ) ) ;
#1664 = EDGE_CURVE ( 'NONE', #8807, #2806, #8185, .T. ) ;
#1665 = EDGE_CURVE ( 'NONE', #3980, #8288, #2637, .T. ) ;
#1666 = DIRECTION ( 'NONE',  ( 0.0000000000000000000, 0.0000000000000000000, 1.000000000000000000 ) ) ;
#1667 = AXIS2_PLACEMENT_3D ( 'NONE', #9244, #6189, #2257 ) ;
#1668 = VECTOR ( 'NONE', #3643, 1000.000000000000000 ) ;
#1669 = CARTESIAN_POINT ( 'NONE',  ( -3.990737311234597406, -3.394999999999999574, 1.429674850314565093 ) ) ;
#1670 = FILL_AREA_STYLE_COLOUR ( '', #8085 ) ;
#1671 = ORIENTED_EDGE ( 'NONE', *, *, #10099, .T. ) ;
#1672 = UNCERTAINTY_MEASURE_WITH_UNIT (LENGTH_MEASURE( 1.000000000000000082E-05 ), #4345, 'distance_accuracy_value', 'NONE');
#1673 = EDGE_CURVE ( 'NONE', #7328, #6033, #3430, .T. ) ;
#1674 = ORIENTED_EDGE ( 'NONE', *, *, #4242, .F. ) ;
#1675 = ADVANCED_FACE ( 'NONE', ( #4273 ), #1814, .F. ) ;
#1676 = EDGE_LOOP ( 'NONE', ( #10133, #1551, #2202, #2499 ) ) ;
#1677 = AXIS2_PLACEMENT_3D ( 'NONE', #810, #86, #9617 ) ;
#1678 = EDGE_CURVE ( 'NONE', #8389, #4919, #4664, .T. ) ;
#1679 = ORIENTED_EDGE ( 'NONE', *, *, #4499, .T. ) ;
#1680 = UNCERTAINTY_MEASURE_WITH_UNIT (LENGTH_MEASURE( 1.000000000000000082E-05 ), #7495, 'distance_accuracy_value', 'NONE');
#1681 = DIRECTION ( 'NONE',  ( 0.0000000000000000000, 1.000000000000000000, -0.0000000000000000000 ) ) ;
#1682 = UNCERTAINTY_MEASURE_WITH_UNIT (LENGTH_MEASURE( 1.000000000000000082E-05 ), #7838, 'distance_accuracy_value', 'NONE');
#1683 = CARTESIAN_POINT ( 'NONE',  ( -3.868266076183284774, 2.955000000000000071, 1.408079867214329095 ) ) ;
#1684 = LINE ( 'NONE', #945, #4957 ) ;
#1685 = STYLED_ITEM ( 'NONE', ( #437 ), #7071 ) ;
#1686 = EDGE_LOOP ( 'NONE', ( #6208, #240, #604, #9381 ) ) ;
#1687 = LINE ( 'NONE', #4742, #1736 ) ;
#1688 = SURFACE_SIDE_STYLE ('',( #8782 ) ) ;
#1689 = DIRECTION ( 'NONE',  ( 0.0000000000000000000, -0.0000000000000000000, 1.000000000000000000 ) ) ;
#1690 = CARTESIAN_POINT ( 'NONE',  ( -3.868266076183283442, -4.665000000000000036, 1.408079867214329095 ) ) ;
#1691 = FACE_OUTER_BOUND ( 'NONE', #8899, .T. ) ;
#1692 = STYLED_ITEM ( 'NONE', ( #8596 ), #7306 ) ;
#1693 =( NAMED_UNIT ( * ) PLANE_ANGLE_UNIT ( ) SI_UNIT ( $, .RADIAN. ) );
#1694 = CARTESIAN_POINT ( 'NONE',  ( -5.149999999999998579, -3.394999999999999574, 0.0000000000000000000 ) ) ;
#1695 = FILL_AREA_STYLE ('',( #2471 ) ) ;
#1696 = PRESENTATION_STYLE_ASSIGNMENT (( #2521 ) ) ;
#1697 = ORIENTED_EDGE ( 'NONE', *, *, #3629, .F. ) ;
#1698 = DIRECTION ( 'NONE',  ( -0.9848077530122064660, 0.0000000000000000000, -0.1736481776669392962 ) ) ;
#1699 = EDGE_LOOP ( 'NONE', ( #3182, #9492, #6600, #2912, #4667, #9430, #5039, #10104, #6500, #5770, #8103, #733 ) ) ;
#1700 = AXIS2_PLACEMENT_3D ( 'NONE', #4689, #2553, #2602 ) ;
#1701 = SURFACE_SIDE_STYLE ('',( #8799 ) ) ;
#1702 = LINE ( 'NONE', #3279, #4307 ) ;
#1703 = CARTESIAN_POINT ( 'NONE',  ( 4.184149331665849125, 4.665000000000000924, 1.484534871776028275 ) ) ;
#1704 = DIRECTION ( 'NONE',  ( 2.993196490461626187E-17, 0.2588190451025212946, 0.9659258262890680902 ) ) ;
#1705 = VERTEX_POINT ( 'NONE', #1180 ) ;
#1706 = DIRECTION ( 'NONE',  ( 0.2588190451025212946, -0.0000000000000000000, -0.9659258262890680902 ) ) ;
#1707 = CARTESIAN_POINT ( 'NONE',  ( 3.881702402145739583, 4.665000000000000924, 1.531712435151438845 ) ) ;
#1708 = VECTOR ( 'NONE', #6655, 1000.000000000000000 ) ;
#1709 = DIRECTION ( 'NONE',  ( 0.0000000000000000000, 1.000000000000000000, 0.0000000000000000000 ) ) ;
#1710 = VECTOR ( 'NONE', #8981, 1000.000000000000000 ) ;
#1711 =( GEOMETRIC_REPRESENTATION_CONTEXT ( 3 ) GLOBAL_UNCERTAINTY_ASSIGNED_CONTEXT ( ( #2166 ) ) GLOBAL_UNIT_ASSIGNED_CONTEXT ( ( #7396, #3316, #68 ) ) REPRESENTATION_CONTEXT ( 'NONE', 'WORKASPACE' ) );
#1712 = DIRECTION ( 'NONE',  ( 0.2588190451025213501, 0.0000000000000000000, -0.9659258262890680902 ) ) ;
#1713 = VERTEX_POINT ( 'NONE', #2785 ) ;
#1714 = FACE_OUTER_BOUND ( 'NONE', #9567, .T. ) ;
#1715 = EDGE_CURVE ( 'NONE', #457, #336, #189, .T. ) ;
#1716 = ORIENTED_EDGE ( 'NONE', *, *, #6779, .T. ) ;
#1717 = DIRECTION ( 'NONE',  ( -0.2588190451025212946, -0.0000000000000000000, -0.9659258262890680902 ) ) ;
#1718 = VERTEX_POINT ( 'NONE', #3826 ) ;
#1719 = VECTOR ( 'NONE', #3247, 1000.000000000000114 ) ;
#1720 = DIRECTION ( 'NONE',  ( -0.9848077530122065770, 0.0000000000000000000, 0.1736481776669387689 ) ) ;
#1721 = DIRECTION ( 'NONE',  ( 1.000000000000000000, 0.0000000000000000000, 0.0000000000000000000 ) ) ;
#1722 =( GEOMETRIC_REPRESENTATION_CONTEXT ( 3 ) GLOBAL_UNCERTAINTY_ASSIGNED_CONTEXT ( ( #3761 ) ) GLOBAL_UNIT_ASSIGNED_CONTEXT ( ( #10175, #8470, #632 ) ) REPRESENTATION_CONTEXT ( 'NONE', 'WORKASPACE' ) );
#1723 = COLOUR_RGB ( '',0.7529411764705882248, 0.7529411764705882248, 0.7529411764705882248 ) ;
#1724 = CARTESIAN_POINT ( 'NONE',  ( -3.881702402145738695, -4.224999999999999645, 1.531712435151439733 ) ) ;
#1725 = ORIENTED_EDGE ( 'NONE', *, *, #2875, .T. ) ;
#1726 = EDGE_CURVE ( 'NONE', #1881, #2487, #2852, .T. ) ;
#1727 = EDGE_CURVE ( 'NONE', #6591, #2787, #8431, .T. ) ;
#1728 = LINE ( 'NONE', #7996, #6983 ) ;
#1729 = MECHANICAL_DESIGN_GEOMETRIC_PRESENTATION_REPRESENTATION (  '', ( #1901 ), #3068 ) ;
#1730 = CARTESIAN_POINT ( 'NONE',  ( -4.494557450338587223, -2.954999999999999183, 0.2999999999999999334 ) ) ;
#1731 = VECTOR ( 'NONE', #226, 1000.000000000000000 ) ;
#1732 = VERTEX_POINT ( 'NONE', #2994 ) ;
#1733 = EDGE_CURVE ( 'NONE', #9332, #9854, #9262, .T. ) ;
#1734 =( NAMED_UNIT ( * ) SI_UNIT ( $, .STERADIAN. ) SOLID_ANGLE_UNIT ( ) );
#1735 = FILL_AREA_STYLE ('',( #6550 ) ) ;
#1736 = VECTOR ( 'NONE', #2365, 1000.000000000000000 ) ;
#1737 = ORIENTED_EDGE ( 'NONE', *, *, #4006, .F. ) ;
#1738 = DIRECTION ( 'NONE',  ( 1.000000000000000000, 0.0000000000000000000, 2.563936943398996305E-15 ) ) ;
#1739 = CARTESIAN_POINT ( 'NONE',  ( -3.868266076183284774, 3.395000000000000462, 1.408079867214329095 ) ) ;
#1740 = AXIS2_PLACEMENT_3D ( 'NONE', #2385, #7973, #2484 ) ;
#1741 = PRESENTATION_LAYER_ASSIGNMENT (  '', '', ( #1241 ) ) ;
#1742 =( NAMED_UNIT ( * ) SI_UNIT ( $, .STERADIAN. ) SOLID_ANGLE_UNIT ( ) );
#1743 = EDGE_CURVE ( 'NONE', #5597, #599, #10080, .T. ) ;
#1744 = SURFACE_STYLE_FILL_AREA ( #4210 ) ;
#1745 = CARTESIAN_POINT ( 'NONE',  ( -3.066090036882271885, 4.150000000000000355, 3.400000000000000355 ) ) ;
#1746 = UNCERTAINTY_MEASURE_WITH_UNIT (LENGTH_MEASURE( 1.000000000000000082E-05 ), #1374, 'distance_accuracy_value', 'NONE');
#1747 = DIRECTION ( 'NONE',  ( -0.0000000000000000000, -0.0000000000000000000, -1.000000000000000000 ) ) ;
#1748 = ORIENTED_EDGE ( 'NONE', *, *, #9254, .T. ) ;
#1749 = CARTESIAN_POINT ( 'NONE',  ( -4.494557450338588112, -1.684999999999999831, 0.1999999999999999833 ) ) ;
#1750 = LINE ( 'NONE', #4909, #5218 ) ;
#1751 =( GEOMETRIC_REPRESENTATION_CONTEXT ( 3 ) GLOBAL_UNCERTAINTY_ASSIGNED_CONTEXT ( ( #7909 ) ) GLOBAL_UNIT_ASSIGNED_CONTEXT ( ( #8796, #1645, #4952 ) ) REPRESENTATION_CONTEXT ( 'NONE', 'WORKASPACE' ) );
#1752 = ORIENTED_EDGE ( 'NONE', *, *, #8999, .T. ) ;
#1754 = PRESENTATION_STYLE_ASSIGNMENT (( #8123 ) ) ;
#1753 = MECHANICAL_DESIGN_GEOMETRIC_PRESENTATION_REPRESENTATION (  '', ( #3086 ), #4383 ) ;
#1755 =( NAMED_UNIT ( * ) PLANE_ANGLE_UNIT ( ) SI_UNIT ( $, .RADIAN. ) );
#1756 = VECTOR ( 'NONE', #2782, 1000.000000000000000 ) ;
#1757 = PLANE ( 'NONE',  #9928 ) ;
#1758 = VECTOR ( 'NONE', #2056, 1000.000000000000000 ) ;
#1759 = EDGE_CURVE ( 'NONE', #9627, #9812, #7717, .T. ) ;
#1760 = CARTESIAN_POINT ( 'NONE',  ( -4.396076675037368098, -4.224999999999999645, 0.2826351822333060815 ) ) ;
#1761 =( NAMED_UNIT ( * ) PLANE_ANGLE_UNIT ( ) SI_UNIT ( $, .RADIAN. ) );
#1762 = SURFACE_STYLE_USAGE ( .BOTH. , #39 ) ;
#1763 = UNCERTAINTY_MEASURE_WITH_UNIT (LENGTH_MEASURE( 1.000000000000000082E-05 ), #4756, 'distance_accuracy_value', 'NONE');
#1764 = DIRECTION ( 'NONE',  ( 0.1736481776669392962, 0.0000000000000000000, -0.9848077530122064660 ) ) ;
#1765 = ORIENTED_EDGE ( 'NONE', *, *, #1759, .F. ) ;
#1766 = PRESENTATION_LAYER_ASSIGNMENT (  '', '', ( #423 ) ) ;
#1767 = ORIENTED_EDGE ( 'NONE', *, *, #2567, .T. ) ;
#1768 = FACE_OUTER_BOUND ( 'NONE', #10065, .T. ) ;
#1769 = AXIS2_PLACEMENT_3D ( 'NONE', #4051, #7215, #8715 ) ;
#1770 = DIRECTION ( 'NONE',  ( 0.0000000000000000000, 0.2588190451025213501, -0.9659258262890680902 ) ) ;
#1771 = PLANE ( 'NONE',  #5696 ) ;
#1772 = VECTOR ( 'NONE', #8061, 1000.000000000000000 ) ;
#1773 = ORIENTED_EDGE ( 'NONE', *, *, #192, .F. ) ;
#1774 = UNCERTAINTY_MEASURE_WITH_UNIT (LENGTH_MEASURE( 1.000000000000000082E-05 ), #7451, 'distance_accuracy_value', 'NONE');
#1775 = ORIENTED_EDGE ( 'NONE', *, *, #1484, .F. ) ;
#1776 = VERTEX_POINT ( 'NONE', #2067 ) ;
#1777 = FACE_OUTER_BOUND ( 'NONE', #3829, .T. ) ;
#1778 = CARTESIAN_POINT ( 'NONE',  ( 3.888707005762191304, -4.224999999999999645, 1.732440418475945654 ) ) ;
#1779 = UNCERTAINTY_MEASURE_WITH_UNIT (LENGTH_MEASURE( 1.000000000000000082E-05 ), #8570, 'distance_accuracy_value', 'NONE');
#1780 = VECTOR ( 'NONE', #8562, 1000.000000000000114 ) ;
#1781 = VECTOR ( 'NONE', #5193, 1000.000000000000000 ) ;
#1782 = DIRECTION ( 'NONE',  ( 0.0000000000000000000, 0.0000000000000000000, 1.000000000000000000 ) ) ;
#1783 = EDGE_CURVE ( 'NONE', #2169, #3551, #9310, .T. ) ;
#1784 = EDGE_LOOP ( 'NONE', ( #1004, #8924, #6531, #9466 ) ) ;
#1785 = DIRECTION ( 'NONE',  ( -0.0000000000000000000, -1.000000000000000000, -0.0000000000000000000 ) ) ;
#1786 = SURFACE_STYLE_FILL_AREA ( #3450 ) ;
#1787 = DIRECTION ( 'NONE',  ( -1.000000000000000000, -0.0000000000000000000, 8.270764333545149118E-16 ) ) ;
#1788 = ORIENTED_EDGE ( 'NONE', *, *, #10207, .T. ) ;
#1789 = SURFACE_SIDE_STYLE ('',( #8888 ) ) ;
#1790 = UNCERTAINTY_MEASURE_WITH_UNIT (LENGTH_MEASURE( 1.000000000000000082E-05 ), #4509, 'distance_accuracy_value', 'NONE');
#1791 = VECTOR ( 'NONE', #7875, 1000.000000000000000 ) ;
#1792 = STYLED_ITEM ( 'NONE', ( #5471 ), #4445 ) ;
#1793 = VERTEX_POINT ( 'NONE', #3051 ) ;
#1794 = EDGE_CURVE ( 'NONE', #8265, #8134, #2117, .T. ) ;
#1795 = DIRECTION ( 'NONE',  ( -1.000000000000000000, 0.0000000000000000000, -2.451907390652843255E-15 ) ) ;
#1796 = EDGE_CURVE ( 'NONE', #4027, #264, #1382, .T. ) ;
#1797 = LINE ( 'NONE', #4018, #9657 ) ;
#1798 = ADVANCED_FACE ( 'NONE', ( #595 ), #6002, .F. ) ;
#1799 = COLOUR_RGB ( '',0.7529411764705882248, 0.7529411764705882248, 0.7529411764705882248 ) ;
#1800 =( GEOMETRIC_REPRESENTATION_CONTEXT ( 3 ) GLOBAL_UNCERTAINTY_ASSIGNED_CONTEXT ( ( #4886 ) ) GLOBAL_UNIT_ASSIGNED_CONTEXT ( ( #1564, #4609, #3906 ) ) REPRESENTATION_CONTEXT ( 'NONE', 'WORKASPACE' ) );
#1801 = CARTESIAN_POINT ( 'NONE',  ( 5.150000000000001243, 0.4150000000000004241, 0.0000000000000000000 ) ) ;
#1802 = ORIENTED_EDGE ( 'NONE', *, *, #8571, .F. ) ;
#1803 =( NAMED_UNIT ( * ) PLANE_ANGLE_UNIT ( ) SI_UNIT ( $, .RADIAN. ) );
#1804 = ORIENTED_EDGE ( 'NONE', *, *, #7500, .F. ) ;
#1805 = PRESENTATION_STYLE_ASSIGNMENT (( #8902 ) ) ;
#1806 = CARTESIAN_POINT ( 'NONE',  ( 5.150000000000001243, 2.125000000000000444, 0.2000000000000016764 ) ) ;
#1807 = DIRECTION ( 'NONE',  ( 0.9848077530122065770, -0.0000000000000000000, 0.1736481776669387689 ) ) ;
#1808 = EDGE_CURVE ( 'NONE', #6891, #9650, #2689, .T. ) ;
#1809 = EDGE_CURVE ( 'NONE', #916, #8807, #439, .T. ) ;
#1810 = VECTOR ( 'NONE', #4843, 1000.000000000000000 ) ;
#1811 = LINE ( 'NONE', #1963, #7804 ) ;
#1812 = CARTESIAN_POINT ( 'NONE',  ( 3.419719839745684720, 4.619719839745683565, 3.392429959936424488 ) ) ;
#1813 = PRESENTATION_STYLE_ASSIGNMENT (( #8910 ) ) ;
#1814 = PLANE ( 'NONE',  #3028 ) ;
#1815 = ORIENTED_EDGE ( 'NONE', *, *, #1178, .T. ) ;
#1816 = ORIENTED_EDGE ( 'NONE', *, *, #4365, .T. ) ;
#1817 = ADVANCED_FACE ( 'NONE', ( #1277 ), #4432, .F. ) ;
#1818 = PRESENTATION_STYLE_ASSIGNMENT (( #2396 ) ) ;
#1819 = AXIS2_PLACEMENT_3D ( 'NONE', #112, #7077, #3310 ) ;
#1820 = CARTESIAN_POINT ( 'NONE',  ( -4.396076675037369874, 3.395000000000000462, 0.2826351822333060815 ) ) ;
#1821 = SURFACE_STYLE_FILL_AREA ( #8919 ) ;
#1822 = CARTESIAN_POINT ( 'NONE',  ( -5.150000000000000355, 4.225000000000000533, 0.0000000000000000000 ) ) ;
#1823 = CARTESIAN_POINT ( 'NONE',  ( 4.494557450338590776, -3.394999999999999574, 0.2999999999999988787 ) ) ;
#1824 = DIRECTION ( 'NONE',  ( 0.0000000000000000000, -0.0000000000000000000, 1.000000000000000000 ) ) ;
#1825 = CARTESIAN_POINT ( 'NONE',  ( 3.868266076183286106, 0.8550000000000007594, 1.408079867214328207 ) ) ;
#1826 = CARTESIAN_POINT ( 'NONE',  ( 4.494557450338589000, 4.665000000000000924, 0.2999999999999988787 ) ) ;
#1827 =( GEOMETRIC_REPRESENTATION_CONTEXT ( 3 ) GLOBAL_UNCERTAINTY_ASSIGNED_CONTEXT ( ( #5090 ) ) GLOBAL_UNIT_ASSIGNED_CONTEXT ( ( #7738, #7679, #619 ) ) REPRESENTATION_CONTEXT ( 'NONE', 'WORKASPACE' ) );
#1828 = ORIENTED_EDGE ( 'NONE', *, *, #1796, .F. ) ;
#1829 = DIRECTION ( 'NONE',  ( -1.314184451497581259E-16, 1.000000000000000000, -0.0000000000000000000 ) ) ;
#1830 = ORIENTED_EDGE ( 'NONE', *, *, #7518, .T. ) ;
#1831 = DIRECTION ( 'NONE',  ( -0.0000000000000000000, -1.000000000000000000, -0.0000000000000000000 ) ) ;
#1832 = PRESENTATION_LAYER_ASSIGNMENT (  '', '', ( #8611 ) ) ;
#1833 = STYLED_ITEM ( 'NONE', ( #5609 ), #6725 ) ;
#1834 = FILL_AREA_STYLE_COLOUR ( '', #9018 ) ;
#1835 = ORIENTED_EDGE ( 'NONE', *, *, #5729, .F. ) ;
#1836 = SURFACE_SIDE_STYLE ('',( #3354 ) ) ;
#1837 = SURFACE_STYLE_FILL_AREA ( #4991 ) ;
#1838 = SURFACE_SIDE_STYLE ('',( #6590 ) ) ;
#1839 = CARTESIAN_POINT ( 'NONE',  ( -3.899999999999999911, 4.949999999999999289, 1.600000000000000089 ) ) ;
#1840 = MECHANICAL_DESIGN_GEOMETRIC_PRESENTATION_REPRESENTATION (  '', ( #5641 ), #8623 ) ;
#1841 = CIRCLE ( 'NONE', #9772, 0.2999999999999999334 ) ;
#1842 = ORIENTED_EDGE ( 'NONE', *, *, #3665, .T. ) ;
#1843 = SURFACE_SIDE_STYLE ('',( #2662 ) ) ;
#1844 =( NAMED_UNIT ( * ) PLANE_ANGLE_UNIT ( ) SI_UNIT ( $, .RADIAN. ) );
#1845 = FACE_OUTER_BOUND ( 'NONE', #4330, .T. ) ;
#1846 = CIRCLE ( 'NONE', #9124, 0.1243605512616186154 ) ;
#1847 = PLANE ( 'NONE',  #10093 ) ;
#1848 = CARTESIAN_POINT ( 'NONE',  ( -3.868266076183283886, -1.684999999999999831, 1.408079867214329095 ) ) ;
#1849 =( GEOMETRIC_REPRESENTATION_CONTEXT ( 3 ) GLOBAL_UNCERTAINTY_ASSIGNED_CONTEXT ( ( #4249 ) ) GLOBAL_UNIT_ASSIGNED_CONTEXT ( ( #8013, #3208, #9506 ) ) REPRESENTATION_CONTEXT ( 'NONE', 'WORKASPACE' ) );
#1850 = CARTESIAN_POINT ( 'NONE',  ( 3.888707005762190416, 0.8550000000000007594, 1.732440418475945654 ) ) ;
#1851 = CARTESIAN_POINT ( 'NONE',  ( -4.494557450338587223, -4.224999999999999645, 0.2999999999999999334 ) ) ;
#1852 = EDGE_LOOP ( 'NONE', ( #6738, #5289, #2997, #4910, #2525, #2465, #4967, #8972, #5474, #7362, #5574, #2452, #8307, #3476, #9465, #7529, #5129, #1560, #3537, #7241, #6253, #3018, #4192, #2612, #9398, #4970, #6266, #621, #7440, #8461, #3190, #9805, #2842, #6171, #7536, #7633, #4898, #1578 ) ) ;
#1853 = DIRECTION ( 'NONE',  ( 0.0000000000000000000, 0.0000000000000000000, 1.000000000000000000 ) ) ;
#1854 = CARTESIAN_POINT ( 'NONE',  ( -5.149999999999998579, -4.224999999999999645, 0.0000000000000000000 ) ) ;
#1855 = VERTEX_POINT ( 'NONE', #9464 ) ;
#1856 = FACE_OUTER_BOUND ( 'NONE', #2436, .T. ) ;
#1857 = EDGE_CURVE ( 'NONE', #972, #4719, #28, .T. ) ;
#1858 = AXIS2_PLACEMENT_3D ( 'NONE', #4708, #5580, #84 ) ;
#1859 = DIRECTION ( 'NONE',  ( 1.000000000000000000, -0.0000000000000000000, -2.605290765066735698E-15 ) ) ;
#1860 = CARTESIAN_POINT ( 'NONE',  ( 3.888707005762190416, -0.4149999999999995914, 1.432440418475947386 ) ) ;
#1861 =( NAMED_UNIT ( * ) PLANE_ANGLE_UNIT ( ) SI_UNIT ( $, .RADIAN. ) );
#1862 = EDGE_CURVE ( 'NONE', #599, #4292, #9513, .T. ) ;
#1863 = CARTESIAN_POINT ( 'NONE',  ( -2.899999999999999911, 4.150000000000000355, 3.400000000000000355 ) ) ;
#1864 = EDGE_CURVE ( 'NONE', #1515, #3991, #1642, .T. ) ;
#1865 = EDGE_LOOP ( 'NONE', ( #9355, #3346, #3287, #9366, #6021, #289, #1922, #10117, #9949, #6974, #6677, #2357 ) ) ;
#1866 =( LENGTH_UNIT ( ) NAMED_UNIT ( * ) SI_UNIT ( .MILLI., .METRE. ) );
#1867 = VECTOR ( 'NONE', #5842, 1000.000000000000114 ) ;
#1868 =( NAMED_UNIT ( * ) PLANE_ANGLE_UNIT ( ) SI_UNIT ( $, .RADIAN. ) );
#1869 = EDGE_LOOP ( 'NONE', ( #7078, #7734, #7008, #6539, #4160, #4676, #10265, #5135, #5099, #2571, #7661, #6893 ) ) ;
#1870 = DIRECTION ( 'NONE',  ( 1.000000000000000000, 0.0000000000000000000, 2.563936943398996305E-15 ) ) ;
#1871 = DIRECTION ( 'NONE',  ( -0.0000000000000000000, -1.000000000000000000, -0.0000000000000000000 ) ) ;
#1872 =( NAMED_UNIT ( * ) PLANE_ANGLE_UNIT ( ) SI_UNIT ( $, .RADIAN. ) );
#1873 = LINE ( 'NONE', #2749, #6867 ) ;
#1874 = SURFACE_SIDE_STYLE ('',( #8970 ) ) ;
#1875 = AXIS2_PLACEMENT_3D ( 'NONE', #8116, #8072, #4158 ) ;
#1876 = DIRECTION ( 'NONE',  ( 0.0000000000000000000, 0.0000000000000000000, -1.000000000000000000 ) ) ;
#1877 = EDGE_CURVE ( 'NONE', #8234, #2854, #4022, .T. ) ;
#1878 =( NAMED_UNIT ( * ) PLANE_ANGLE_UNIT ( ) SI_UNIT ( $, .RADIAN. ) );
#1879 =( GEOMETRIC_REPRESENTATION_CONTEXT ( 3 ) GLOBAL_UNCERTAINTY_ASSIGNED_CONTEXT ( ( #5267 ) ) GLOBAL_UNIT_ASSIGNED_CONTEXT ( ( #2825, #5997, #5261 ) ) REPRESENTATION_CONTEXT ( 'NONE', 'WORKASPACE' ) );
#1880 = ORIENTED_EDGE ( 'NONE', *, *, #2567, .F. ) ;
#1881 = VERTEX_POINT ( 'NONE', #4797 ) ;
#1882 = VECTOR ( 'NONE', #7952, 1000.000000000000000 ) ;
#1883 = CARTESIAN_POINT ( 'NONE',  ( 3.750000000000000000, 4.949999999999999289, 1.600000000000000089 ) ) ;
#1884 = ORIENTED_EDGE ( 'NONE', *, *, #7869, .F. ) ;
#1885 = VECTOR ( 'NONE', #7732, 1000.000000000000000 ) ;
#1886 = FACE_OUTER_BOUND ( 'NONE', #9131, .T. ) ;
#1887 = ORIENTED_EDGE ( 'NONE', *, *, #2620, .T. ) ;
#1888 = STYLED_ITEM ( 'NONE', ( #4693 ), #9904 ) ;
#1889 = VECTOR ( 'NONE', #885, 1000.000000000000000 ) ;
#1890 = VECTOR ( 'NONE', #9162, 1000.000000000000000 ) ;
#1891 = DIRECTION ( 'NONE',  ( 1.000000000000000000, 0.0000000000000000000, 0.0000000000000000000 ) ) ;
#1892 = CARTESIAN_POINT ( 'NONE',  ( 4.199115124434925406, 3.395000000000000462, 0.2479055466999157964 ) ) ;
#1893 = ORIENTED_EDGE ( 'NONE', *, *, #6053, .T. ) ;
#1894 = PRESENTATION_STYLE_ASSIGNMENT (( #5818 ) ) ;
#1895 = SURFACE_STYLE_FILL_AREA ( #3497 ) ;
#1896 = DIRECTION ( 'NONE',  ( 1.000000000000000000, 0.0000000000000000000, -8.270764333545148132E-16 ) ) ;
#1897 = ORIENTED_EDGE ( 'NONE', *, *, #647, .T. ) ;
#1898 = PRESENTATION_LAYER_ASSIGNMENT (  '', '', ( #3234 ) ) ;
#1899 = MECHANICAL_DESIGN_GEOMETRIC_PRESENTATION_REPRESENTATION (  '', ( #6520 ), #5526 ) ;
#1900 = LINE ( 'NONE', #9755, #5694 ) ;
#1901 = STYLED_ITEM ( 'NONE', ( #2434 ), #9568 ) ;
#1902 = AXIS2_PLACEMENT_3D ( 'NONE', #5224, #9067, #5904 ) ;
#1903 = SURFACE_STYLE_USAGE ( .BOTH. , #3464 ) ;
#1904 = ORIENTED_EDGE ( 'NONE', *, *, #8069, .T. ) ;
#1905 = CARTESIAN_POINT ( 'NONE',  ( -3.864512696824129012, -0.8549999999999998712, 1.732440418475947430 ) ) ;
#1906 = CONICAL_SURFACE ( 'NONE', #6686, 0.1500000000000003830, 0.2617993877991500740 ) ;
#1907 = FILL_AREA_STYLE ('',( #5781 ) ) ;
#1908 = PLANE ( 'NONE',  #5720 ) ;
#1909 = SURFACE_STYLE_FILL_AREA ( #7196 ) ;
#1910 = VECTOR ( 'NONE', #4713, 1000.000000000000227 ) ;
#1911 = CARTESIAN_POINT ( 'NONE',  ( 3.900000000000000355, 2.955000000000000071, 1.600000000000000089 ) ) ;
#1912 = STYLED_ITEM ( 'NONE', ( #9600 ), #9263 ) ;
#1913 = DIRECTION ( 'NONE',  ( -0.0000000000000000000, -1.000000000000000000, -0.0000000000000000000 ) ) ;
#1914 =( GEOMETRIC_REPRESENTATION_CONTEXT ( 3 ) GLOBAL_UNCERTAINTY_ASSIGNED_CONTEXT ( ( #5296 ) ) GLOBAL_UNIT_ASSIGNED_CONTEXT ( ( #8405, #518, #8610 ) ) REPRESENTATION_CONTEXT ( 'NONE', 'WORKASPACE' ) );
#1915 = PRESENTATION_STYLE_ASSIGNMENT (( #5787 ) ) ;
#1916 = DIRECTION ( 'NONE',  ( -0.0000000000000000000, -1.000000000000000000, -0.0000000000000000000 ) ) ;
#1917 = EDGE_CURVE ( 'NONE', #2069, #5558, #8640, .T. ) ;
#1918 = AXIS2_PLACEMENT_3D ( 'NONE', #6467, #9613, #10251 ) ;
#1919 = DIRECTION ( 'NONE',  ( 0.0000000000000000000, 1.000000000000000000, 0.0000000000000000000 ) ) ;
#1920 = DIRECTION ( 'NONE',  ( 1.000000000000000000, -0.0000000000000000000, -2.605290765066735698E-15 ) ) ;
#1921 = COLOUR_RGB ( '',0.7529411764705882248, 0.7529411764705882248, 0.7529411764705882248 ) ;
#1922 = ORIENTED_EDGE ( 'NONE', *, *, #7696, .T. ) ;
#1923 = CARTESIAN_POINT ( 'NONE',  ( 4.494557450338589888, -0.8549999999999998712, 0.2999999999999988787 ) ) ;
#1924 =( GEOMETRIC_REPRESENTATION_CONTEXT ( 3 ) GLOBAL_UNCERTAINTY_ASSIGNED_CONTEXT ( ( #7375 ) ) GLOBAL_UNIT_ASSIGNED_CONTEXT ( ( #1449, #2482, #6426 ) ) REPRESENTATION_CONTEXT ( 'NONE', 'WORKASPACE' ) );
#1925 = CARTESIAN_POINT ( 'NONE',  ( 4.184149331665850013, -0.8549999999999998712, 1.484534871776028275 ) ) ;
#1926 = CARTESIAN_POINT ( 'NONE',  ( -5.149999999999998579, -4.665000000000000036, 0.0000000000000000000 ) ) ;
#1927 = VECTOR ( 'NONE', #2795, 1000.000000000000000 ) ;
#1928 = EDGE_CURVE ( 'NONE', #8882, #4554, #858, .T. ) ;
#1929 = ADVANCED_FACE ( 'NONE', ( #75 ), #9565, .F. ) ;
#1930 = FILL_AREA_STYLE ('',( #5798 ) ) ;
#1931 = DIRECTION ( 'NONE',  ( -0.0000000000000000000, -1.000000000000000000, -0.0000000000000000000 ) ) ;
#1932 = CARTESIAN_POINT ( 'NONE',  ( -3.800269556891264777, -1.684999999999999831, 1.732440418475947208 ) ) ;
#1934 = EDGE_CURVE ( 'NONE', #9650, #7074, #2768, .T. ) ;
#1933 = CARTESIAN_POINT ( 'NONE',  ( 3.800269556891266554, 2.125000000000000444, 1.732440418475946320 ) ) ;
#1935 = LINE ( 'NONE', #5078, #2467 ) ;
#1936 = VERTEX_POINT ( 'NONE', #3563 ) ;
#1937 = ORIENTED_EDGE ( 'NONE', *, *, #1339, .T. ) ;
#1938 = DIRECTION ( 'NONE',  ( 1.000000000000000000, 0.0000000000000000000, 0.0000000000000000000 ) ) ;
#1939 = EDGE_CURVE ( 'NONE', #5320, #4724, #7400, .T. ) ;
#1940 = DIRECTION ( 'NONE',  ( -0.0000000000000000000, -1.000000000000000000, -0.0000000000000000000 ) ) ;
#1941 = VERTEX_POINT ( 'NONE', #9099 ) ;
#1942 = PLANE ( 'NONE',  #1033 ) ;
#1943 = SURFACE_STYLE_FILL_AREA ( #7390 ) ;
#1944 = VERTEX_POINT ( 'NONE', #1850 ) ;
#1945 = CARTESIAN_POINT ( 'NONE',  ( -3.899999999999999023, 0.8550000000000007594, 1.600000000000000089 ) ) ;
#1946 = SURFACE_STYLE_USAGE ( .BOTH. , #1046 ) ;
#1947 = FILL_AREA_STYLE ('',( #5821 ) ) ;
#1948 = ORIENTED_EDGE ( 'NONE', *, *, #6913, .T. ) ;
#1949 = EDGE_CURVE ( 'NONE', #9566, #8940, #5778, .T. ) ;
#1950 = SURFACE_STYLE_FILL_AREA ( #9196 ) ;
#1951 = SURFACE_SIDE_STYLE ('',( #3558 ) ) ;
#1952 = PRESENTATION_STYLE_ASSIGNMENT (( #8320 ) ) ;
#1953 = DIRECTION ( 'NONE',  ( 1.000000000000000000, 0.0000000000000000000, 0.0000000000000000000 ) ) ;
#1954 = FACE_OUTER_BOUND ( 'NONE', #6413, .T. ) ;
#1955 = CIRCLE ( 'NONE', #3291, 0.2999999999999999334 ) ;
#1956 = ORIENTED_EDGE ( 'NONE', *, *, #9460, .F. ) ;
#1957 =( GEOMETRIC_REPRESENTATION_CONTEXT ( 3 ) GLOBAL_UNCERTAINTY_ASSIGNED_CONTEXT ( ( #3254 ) ) GLOBAL_UNIT_ASSIGNED_CONTEXT ( ( #9537, #5495, #728 ) ) REPRESENTATION_CONTEXT ( 'NONE', 'WORKASPACE' ) );
#1958 = STYLED_ITEM ( 'NONE', ( #648 ), #4372 ) ;
#1959 =( NAMED_UNIT ( * ) SI_UNIT ( $, .STERADIAN. ) SOLID_ANGLE_UNIT ( ) );
#1960 = FACE_OUTER_BOUND ( 'NONE', #3315, .T. ) ;
#1961 = LINE ( 'NONE', #1806, #7426 ) ;
#1962 = PRESENTATION_STYLE_ASSIGNMENT (( #5161 ) ) ;
#1963 = CARTESIAN_POINT ( 'NONE',  ( -3.899999999999999911, 4.665000000000000924, 1.600000000000000089 ) ) ;
#1964 = AXIS2_PLACEMENT_3D ( 'NONE', #145, #5704, #9536 ) ;
#1965 = FILL_AREA_STYLE_COLOUR ( '', #1086 ) ;
#1966 =( NAMED_UNIT ( * ) SI_UNIT ( $, .STERADIAN. ) SOLID_ANGLE_UNIT ( ) );
#1967 = UNCERTAINTY_MEASURE_WITH_UNIT (LENGTH_MEASURE( 1.000000000000000082E-05 ), #8487, 'distance_accuracy_value', 'NONE');
#1968 = FILL_AREA_STYLE ('',( #287 ) ) ;
#1969 = ORIENTED_EDGE ( 'NONE', *, *, #8394, .T. ) ;
#1970 = SURFACE_STYLE_USAGE ( .BOTH. , #7265 ) ;
#1971 = CARTESIAN_POINT ( 'NONE',  ( 5.150000000000002132, -4.665000000000000036, 0.0000000000000000000 ) ) ;
#1972 = AXIS2_PLACEMENT_3D ( 'NONE', #2809, #7543, #7694 ) ;
#1973 =( GEOMETRIC_REPRESENTATION_CONTEXT ( 3 ) GLOBAL_UNCERTAINTY_ASSIGNED_CONTEXT ( ( #1680 ) ) GLOBAL_UNIT_ASSIGNED_CONTEXT ( ( #7495, #8071, #6507 ) ) REPRESENTATION_CONTEXT ( 'NONE', 'WORKASPACE' ) );
#1974 = DIRECTION ( 'NONE',  ( 1.000000000000000000, 0.0000000000000000000, -8.270764333545148132E-16 ) ) ;
#1975 = EDGE_LOOP ( 'NONE', ( #6028, #6195, #1247, #4153 ) ) ;
#1976 = CARTESIAN_POINT ( 'NONE',  ( 3.990737311234599183, 2.955000000000000071, 1.429674850314564205 ) ) ;
#1977 = SURFACE_STYLE_FILL_AREA ( #1930 ) ;
#1978 = SURFACE_SIDE_STYLE ('',( #7422 ) ) ;
#1979 = CARTESIAN_POINT ( 'NONE',  ( -3.888707005762187752, -4.665000000000000036, 1.732440418475947430 ) ) ;
#1980 = VECTOR ( 'NONE', #8355, 1000.000000000000000 ) ;
#1981 = UNCERTAINTY_MEASURE_WITH_UNIT (LENGTH_MEASURE( 1.000000000000000082E-05 ), #7325, 'distance_accuracy_value', 'NONE');
#1982 = ORIENTED_EDGE ( 'NONE', *, *, #6429, .F. ) ;
#1983 = ORIENTED_EDGE ( 'NONE', *, *, #7447, .T. ) ;
#1984 = EDGE_CURVE ( 'NONE', #7545, #4989, #270, .T. ) ;
#1985 = VECTOR ( 'NONE', #6102, 1000.000000000000000 ) ;
#1986 = DIRECTION ( 'NONE',  ( 0.0000000000000000000, 0.0000000000000000000, 1.000000000000000000 ) ) ;
#1987 = EDGE_CURVE ( 'NONE', #255, #5141, #7989, .T. ) ;
#1988 = DIRECTION ( 'NONE',  ( 0.1736481776669387411, 0.0000000000000000000, 0.9848077530122064660 ) ) ;
#1989 = EDGE_LOOP ( 'NONE', ( #9778, #1087, #420, #9545 ) ) ;
#1990 = CARTESIAN_POINT ( 'NONE',  ( -3.881702402145739583, 2.955000000000000071, 1.531712435151439733 ) ) ;
#1991 = VECTOR ( 'NONE', #9759, 1000.000000000000000 ) ;
#1992 = EDGE_CURVE ( 'NONE', #5951, #2924, #2033, .T. ) ;
#1993 = CARTESIAN_POINT ( 'NONE',  ( -3.864512696824129456, 3.395000000000000462, 1.732440418475947430 ) ) ;
#1994 = ADVANCED_FACE ( 'NONE', ( #8167 ), #4316, .F. ) ;
#1995 = ORIENTED_EDGE ( 'NONE', *, *, #5585, .F. ) ;
#1996 =( NAMED_UNIT ( * ) SI_UNIT ( $, .STERADIAN. ) SOLID_ANGLE_UNIT ( ) );
#1997 = FACE_OUTER_BOUND ( 'NONE', #5273, .T. ) ;
#1998 = SURFACE_STYLE_USAGE ( .BOTH. , #1259 ) ;
#1999 = CIRCLE ( 'NONE', #7790, 0.09999999999999911737 ) ;
#2000 = COLOUR_RGB ( '',0.1176470588235294101, 0.1176470588235294101, 0.1176470588235294101 ) ;
#2001 = DIRECTION ( 'NONE',  ( 0.2588190451025213501, 0.0000000000000000000, -0.9659258262890680902 ) ) ;
#2002 = SURFACE_SIDE_STYLE ('',( #5152 ) ) ;
#2003 = CARTESIAN_POINT ( 'NONE',  ( -3.990737311234598295, 1.685000000000000275, 1.429674850314565093 ) ) ;
#2004 = SURFACE_SIDE_STYLE ('',( #3509 ) ) ;
#2005 = EDGE_CURVE ( 'NONE', #407, #9069, #5306, .T. ) ;
#2006 = VERTEX_POINT ( 'NONE', #4369 ) ;
#2007 =( NAMED_UNIT ( * ) PLANE_ANGLE_UNIT ( ) SI_UNIT ( $, .RADIAN. ) );
#2008 = SURFACE_STYLE_USAGE ( .BOTH. , #1270 ) ;
#2009 = DIRECTION ( 'NONE',  ( -0.0000000000000000000, -1.000000000000000000, -0.0000000000000000000 ) ) ;
#2010 = CARTESIAN_POINT ( 'NONE',  ( 3.888707005762190416, -0.4149999999999995914, 1.732440418475945654 ) ) ;
#2011 = MECHANICAL_DESIGN_GEOMETRIC_PRESENTATION_REPRESENTATION (  '', ( #8465 ), #20 ) ;
#2012 =( NAMED_UNIT ( * ) SI_UNIT ( $, .STERADIAN. ) SOLID_ANGLE_UNIT ( ) );
#2013 = VECTOR ( 'NONE', #9060, 1000.000000000000000 ) ;
#2014 = DIRECTION ( 'NONE',  ( -0.1736481776669387411, -0.0000000000000000000, 0.9848077530122064660 ) ) ;
#2015 = DIRECTION ( 'NONE',  ( 1.000000000000000000, 0.0000000000000000000, -8.270764333545148132E-16 ) ) ;
#2016 = EDGE_CURVE ( 'NONE', #7736, #6681, #9202, .T. ) ;
#2017 = ORIENTED_EDGE ( 'NONE', *, *, #5907, .F. ) ;
#2018 = SURFACE_SIDE_STYLE ('',( #8391 ) ) ;
#2019 = DIRECTION ( 'NONE',  ( 0.0000000000000000000, 1.000000000000000000, 0.0000000000000000000 ) ) ;
#2020 = CARTESIAN_POINT ( 'NONE',  ( -3.990737311234597406, -2.954999999999999183, 1.429674850314565093 ) ) ;
#2021 = VECTOR ( 'NONE', #5946, 1000.000000000000000 ) ;
#2022 = VERTEX_POINT ( 'NONE', #10071 ) ;
#2023 = CARTESIAN_POINT ( 'NONE',  ( 5.150000000000000355, 4.665000000000000924, 0.0000000000000000000 ) ) ;
#2024 = SURFACE_STYLE_FILL_AREA ( #8397 ) ;
#2025 = PRESENTATION_LAYER_ASSIGNMENT (  '', '', ( #1692 ) ) ;
#2026 =( NAMED_UNIT ( * ) SI_UNIT ( $, .STERADIAN. ) SOLID_ANGLE_UNIT ( ) );
#2027 = ORIENTED_EDGE ( 'NONE', *, *, #4960, .T. ) ;
#2028 = LINE ( 'NONE', #5183, #2884 ) ;
#2029 = ORIENTED_EDGE ( 'NONE', *, *, #5468, .F. ) ;
#2030 = DIRECTION ( 'NONE',  ( 0.0000000000000000000, 0.0000000000000000000, -1.000000000000000000 ) ) ;
#2031 = VERTEX_POINT ( 'NONE', #8471 ) ;
#2032 = DIRECTION ( 'NONE',  ( 0.0000000000000000000, 0.0000000000000000000, -1.000000000000000000 ) ) ;
#2033 = CIRCLE ( 'NONE', #3210, 0.2999999999999983791 ) ;
#2034 = CIRCLE ( 'NONE', #4337, 0.2999999999999999334 ) ;
#2035 = EDGE_CURVE ( 'NONE', #7792, #7195, #3724, .T. ) ;
#2036 = SURFACE_SIDE_STYLE ('',( #466 ) ) ;
#2037 = ORIENTED_EDGE ( 'NONE', *, *, #5034, .T. ) ;
#2038 = LINE ( 'NONE', #8261, #9061 ) ;
#2039 = VECTOR ( 'NONE', #8833, 1000.000000000000000 ) ;
#2040 = SURFACE_STYLE_FILL_AREA ( #9139 ) ;
#2041 = SURFACE_SIDE_STYLE ('',( #6131 ) ) ;
#2042 = ORIENTED_EDGE ( 'NONE', *, *, #7185, .F. ) ;
#2043 = STYLED_ITEM ( 'NONE', ( #7069 ), #8133 ) ;
#2044 = LINE ( 'NONE', #5197, #2547 ) ;
#2045 = PRESENTATION_STYLE_ASSIGNMENT (( #7646 ) ) ;
#2046 =( GEOMETRIC_REPRESENTATION_CONTEXT ( 3 ) GLOBAL_UNCERTAINTY_ASSIGNED_CONTEXT ( ( #1146 ) ) GLOBAL_UNIT_ASSIGNED_CONTEXT ( ( #294, #9886, #4140 ) ) REPRESENTATION_CONTEXT ( 'NONE', 'WORKASPACE' ) );
#2047 = STYLED_ITEM ( 'NONE', ( #5243 ), #2334 ) ;
#2048 =( NAMED_UNIT ( * ) SI_UNIT ( $, .STERADIAN. ) SOLID_ANGLE_UNIT ( ) );
#2049 =( GEOMETRIC_REPRESENTATION_CONTEXT ( 3 ) GLOBAL_UNCERTAINTY_ASSIGNED_CONTEXT ( ( #3553 ) ) GLOBAL_UNIT_ASSIGNED_CONTEXT ( ( #4105, #943, #209 ) ) REPRESENTATION_CONTEXT ( 'NONE', 'WORKASPACE' ) );
#2050 = DIRECTION ( 'NONE',  ( -0.0000000000000000000, -1.000000000000000000, -0.0000000000000000000 ) ) ;
#2051 = EDGE_CURVE ( 'NONE', #8484, #6132, #1312, .T. ) ;
#2052 =( LENGTH_UNIT ( ) NAMED_UNIT ( * ) SI_UNIT ( .MILLI., .METRE. ) );
#2053 = FACE_OUTER_BOUND ( 'NONE', #10136, .T. ) ;
#2054 =( GEOMETRIC_REPRESENTATION_CONTEXT ( 3 ) GLOBAL_UNCERTAINTY_ASSIGNED_CONTEXT ( ( #4637 ) ) GLOBAL_UNIT_ASSIGNED_CONTEXT ( ( #8417, #529, #6851 ) ) REPRESENTATION_CONTEXT ( 'NONE', 'WORKASPACE' ) );
#2055 = FILL_AREA_STYLE ('',( #9152 ) ) ;
#2056 = DIRECTION ( 'NONE',  ( -0.0000000000000000000, -0.0000000000000000000, -1.000000000000000000 ) ) ;
#2057 = DIRECTION ( 'NONE',  ( -0.0000000000000000000, -1.000000000000000000, -0.0000000000000000000 ) ) ;
#2058 =( GEOMETRIC_REPRESENTATION_CONTEXT ( 3 ) GLOBAL_UNCERTAINTY_ASSIGNED_CONTEXT ( ( #5288 ) ) GLOBAL_UNIT_ASSIGNED_CONTEXT ( ( #9245, #2205, #2979 ) ) REPRESENTATION_CONTEXT ( 'NONE', 'WORKASPACE' ) );
#2059 = SURFACE_STYLE_FILL_AREA ( #8583 ) ;
#2060 = FACE_OUTER_BOUND ( 'NONE', #4263, .T. ) ;
#2061 =( GEOMETRIC_REPRESENTATION_CONTEXT ( 3 ) GLOBAL_UNCERTAINTY_ASSIGNED_CONTEXT ( ( #3419 ) ) GLOBAL_UNIT_ASSIGNED_CONTEXT ( ( #2704, #9034, #9848 ) ) REPRESENTATION_CONTEXT ( 'NONE', 'WORKASPACE' ) );
#2062 = EDGE_CURVE ( 'NONE', #2945, #4119, #429, .T. ) ;
#2063 = DIRECTION ( 'NONE',  ( 0.0000000000000000000, 0.0000000000000000000, -1.000000000000000000 ) ) ;
#2064 = DIRECTION ( 'NONE',  ( -0.0000000000000000000, -1.000000000000000000, -0.0000000000000000000 ) ) ;
#2065 = FACE_OUTER_BOUND ( 'NONE', #10223, .T. ) ;
#2066 =( GEOMETRIC_REPRESENTATION_CONTEXT ( 3 ) GLOBAL_UNCERTAINTY_ASSIGNED_CONTEXT ( ( #9036 ) ) GLOBAL_UNIT_ASSIGNED_CONTEXT ( ( #2559, #7992, #2505 ) ) REPRESENTATION_CONTEXT ( 'NONE', 'WORKASPACE' ) );
#2067 = CARTESIAN_POINT ( 'NONE',  ( -3.864512696824128568, -1.684999999999999831, 1.732440418475947430 ) ) ;
#2068 = DIRECTION ( 'NONE',  ( -1.000000000000000000, -0.0000000000000000000, 8.270764333545149118E-16 ) ) ;
#2069 = VERTEX_POINT ( 'NONE', #9298 ) ;
#2070 = VERTEX_POINT ( 'NONE', #1369 ) ;
#2071 = CARTESIAN_POINT ( 'NONE',  ( -4.184149331665848237, -4.224999999999999645, 1.484534871776029386 ) ) ;
#2072 = STYLED_ITEM ( 'NONE', ( #724 ), #9721 ) ;
#2073 =( NAMED_UNIT ( * ) PLANE_ANGLE_UNIT ( ) SI_UNIT ( $, .RADIAN. ) );
#2075 = CARTESIAN_POINT ( 'NONE',  ( 3.868266076183285662, 1.685000000000000275, 1.408079867214328207 ) ) ;
#2074 = AXIS2_PLACEMENT_3D ( 'NONE', #3371, #8174, #8953 ) ;
#2076 =( NAMED_UNIT ( * ) SI_UNIT ( $, .STERADIAN. ) SOLID_ANGLE_UNIT ( ) );
#2077 = FACE_OUTER_BOUND ( 'NONE', #9284, .T. ) ;
#2078 = VERTEX_POINT ( 'NONE', #10021 ) ;
#2079 = LINE ( 'NONE', #342, #7797 ) ;
#2080 = EDGE_CURVE ( 'NONE', #8057, #1371, #8325, .T. ) ;
#2081 = AXIS2_PLACEMENT_3D ( 'NONE', #9467, #5527, #6364 ) ;
#2082 =( LENGTH_UNIT ( ) NAMED_UNIT ( * ) SI_UNIT ( .MILLI., .METRE. ) );
#2083 = PRESENTATION_LAYER_ASSIGNMENT (  '', '', ( #1912 ) ) ;
#2084 = PLANE ( 'NONE',  #1583 ) ;
#2085 = FILL_AREA_STYLE ('',( #663 ) ) ;
#2086 =( LENGTH_UNIT ( ) NAMED_UNIT ( * ) SI_UNIT ( .MILLI., .METRE. ) );
#2087 = SURFACE_STYLE_USAGE ( .BOTH. , #4237 ) ;
#2088 = VERTEX_POINT ( 'NONE', #8373 ) ;
#2089 = COLOUR_RGB ( '',0.7529411764705882248, 0.7529411764705882248, 0.7529411764705882248 ) ;
#2090 = ORIENTED_EDGE ( 'NONE', *, *, #9666, .T. ) ;
#2091 = VECTOR ( 'NONE', #8263, 1000.000000000000000 ) ;
#2092 = VERTEX_POINT ( 'NONE', #6748 ) ;
#2093 = UNCERTAINTY_MEASURE_WITH_UNIT (LENGTH_MEASURE( 1.000000000000000082E-05 ), #4328, 'distance_accuracy_value', 'NONE');
#2094 = AXIS2_PLACEMENT_3D ( 'NONE', #2382, #8804, #712 ) ;
#2095 = ORIENTED_EDGE ( 'NONE', *, *, #6607, .T. ) ;
#2096 = SURFACE_STYLE_FILL_AREA ( #1358 ) ;
#2097 = PRESENTATION_STYLE_ASSIGNMENT (( #2969 ) ) ;
#2098 = ORIENTED_EDGE ( 'NONE', *, *, #7889, .T. ) ;
#2099 = PRESENTATION_STYLE_ASSIGNMENT (( #421 ) ) ;
#2100 = DIRECTION ( 'NONE',  ( 0.0000000000000000000, 0.0000000000000000000, -1.000000000000000000 ) ) ;
#2101 = CARTESIAN_POINT ( 'NONE',  ( -4.494557450338584559, -2.125000000000000000, 1.680513367352531873E-15 ) ) ;
#2102 = ORIENTED_EDGE ( 'NONE', *, *, #4446, .T. ) ;
#2103 = COLOUR_RGB ( '',0.7529411764705882248, 0.7529411764705882248, 0.7529411764705882248 ) ;
#2104 = DIRECTION ( 'NONE',  ( 0.0000000000000000000, 0.0000000000000000000, -1.000000000000000000 ) ) ;
#2105 = EDGE_CURVE ( 'NONE', #806, #6941, #6798, .T. ) ;
#2106 = VECTOR ( 'NONE', #8948, 1000.000000000000114 ) ;
#2107 = CARTESIAN_POINT ( 'NONE',  ( 3.888707005762190416, 0.8550000000000007594, 1.732440418475945654 ) ) ;
#2108 = DIRECTION ( 'NONE',  ( -0.1736481776669393240, 0.0000000000000000000, -0.9848077530122064660 ) ) ;
#2109 = SURFACE_SIDE_STYLE ('',( #9206 ) ) ;
#2110 = CARTESIAN_POINT ( 'NONE',  ( -5.149999999999998579, -4.665000000000000036, 0.0000000000000000000 ) ) ;
#2111 = ADVANCED_FACE ( 'NONE', ( #4519 ), #9959, .F. ) ;
#2112 = AXIS2_PLACEMENT_3D ( 'NONE', #3142, #8717, #9291 ) ;
#2113 = CARTESIAN_POINT ( 'NONE',  ( 4.494557450338589888, -0.4149999999999995914, 0.1999999999999988454 ) ) ;
#2114 = CARTESIAN_POINT ( 'NONE',  ( 4.494557450338589888, 2.125000000000000444, 0.2999999999999988787 ) ) ;
#2115 = EDGE_CURVE ( 'NONE', #7074, #10267, #5690, .T. ) ;
#2116 = SURFACE_SIDE_STYLE ('',( #1225 ) ) ;
#2117 = LINE ( 'NONE', #2218, #1890 ) ;
#2118 = DIRECTION ( 'NONE',  ( 1.000000000000000000, -0.0000000000000000000, -2.451907390652843649E-15 ) ) ;
#2119 = VERTEX_POINT ( 'NONE', #9451 ) ;
#2120 = ORIENTED_EDGE ( 'NONE', *, *, #7635, .F. ) ;
#2121 = SURFACE_SIDE_STYLE ('',( #704 ) ) ;
#2122 = EDGE_CURVE ( 'NONE', #10035, #6296, #2412, .T. ) ;
#2123 = CARTESIAN_POINT ( 'NONE',  ( 4.396076675037371650, -4.224999999999999645, 0.2826351822333049157 ) ) ;
#2124 = DIRECTION ( 'NONE',  ( -0.0000000000000000000, -1.000000000000000000, -0.0000000000000000000 ) ) ;
#2125 = ADVANCED_FACE ( 'NONE', ( #1520 ), #8675, .F. ) ;
#2126 = DIRECTION ( 'NONE',  ( 1.000000000000000000, -0.0000000000000000000, -2.451907390652843649E-15 ) ) ;
#2127 = DIRECTION ( 'NONE',  ( 0.0000000000000000000, 0.0000000000000000000, -1.000000000000000000 ) ) ;
#2128 = STYLED_ITEM ( 'NONE', ( #5109 ), #717 ) ;
#2129 = CARTESIAN_POINT ( 'NONE',  ( -4.494557450338583671, -4.665000000000000036, 1.680513367352531873E-15 ) ) ;
#2130 = DIRECTION ( 'NONE',  ( -0.1736481776669392962, 0.0000000000000000000, 0.9848077530122064660 ) ) ;
#2131 =( LENGTH_UNIT ( ) NAMED_UNIT ( * ) SI_UNIT ( .MILLI., .METRE. ) );
#2132 = DIRECTION ( 'NONE',  ( 0.0000000000000000000, -0.0000000000000000000, -1.000000000000000000 ) ) ;
#2133 = VECTOR ( 'NONE', #10241, 1000.000000000000114 ) ;
#2134 = ORIENTED_EDGE ( 'NONE', *, *, #4010, .T. ) ;
#2135 = EDGE_CURVE ( 'NONE', #8053, #1776, #7852, .T. ) ;
#2136 = ORIENTED_EDGE ( 'NONE', *, *, #7995, .F. ) ;
#2137 = DIRECTION ( 'NONE',  ( -0.2588190451025213501, 0.0000000000000000000, -0.9659258262890680902 ) ) ;
#2138 = ORIENTED_EDGE ( 'NONE', *, *, #3974, .F. ) ;
#2139 =( GEOMETRIC_REPRESENTATION_CONTEXT ( 3 ) GLOBAL_UNCERTAINTY_ASSIGNED_CONTEXT ( ( #8281 ) ) GLOBAL_UNIT_ASSIGNED_CONTEXT ( ( #716, #2338, #9331 ) ) REPRESENTATION_CONTEXT ( 'NONE', 'WORKASPACE' ) );
#2140 = SURFACE_STYLE_USAGE ( .BOTH. , #3852 ) ;
#2141 = ORIENTED_EDGE ( 'NONE', *, *, #71, .T. ) ;
#2142 = CYLINDRICAL_SURFACE ( 'NONE', #4094, 0.09999999999999911737 ) ;
#2143 = ORIENTED_EDGE ( 'NONE', *, *, #8835, .T. ) ;
#2144 = CONICAL_SURFACE ( 'NONE', #4113, 0.2500000000000002220, 0.6981317007977333455 ) ;
#2145 = PLANE ( 'NONE',  #8491 ) ;
#2146 = ORIENTED_EDGE ( 'NONE', *, *, #9254, .F. ) ;
#2147 = DIRECTION ( 'NONE',  ( 0.0000000000000000000, -1.000000000000000000, 0.0000000000000000000 ) ) ;
#2148 = VECTOR ( 'NONE', #3670, 1000.000000000000000 ) ;
#2149 = DIRECTION ( 'NONE',  ( -0.6427876096865404731, 7.871877887341999855E-17, 0.7660444431189771253 ) ) ;
#2150 = LINE ( 'NONE', #373, #314 ) ;
#2151 = CARTESIAN_POINT ( 'NONE',  ( -3.899999999999998135, -4.224999999999999645, 1.600000000000000089 ) ) ;
#2152 = VERTEX_POINT ( 'NONE', #3153 ) ;
#2153 = SURFACE_SIDE_STYLE ('',( #1315 ) ) ;
#2154 = SURFACE_STYLE_USAGE ( .BOTH. , #6908 ) ;
#2155 =( NAMED_UNIT ( * ) SI_UNIT ( $, .STERADIAN. ) SOLID_ANGLE_UNIT ( ) );
#2156 = SURFACE_STYLE_FILL_AREA ( #2985 ) ;
#2157 = COLOUR_RGB ( '',0.1176470588235294101, 0.1176470588235294101, 0.1176470588235294101 ) ;
#2158 = DIRECTION ( 'NONE',  ( -0.0000000000000000000, -1.000000000000000000, -0.0000000000000000000 ) ) ;
#2159 = DIRECTION ( 'NONE',  ( 0.0000000000000000000, 0.0000000000000000000, -1.000000000000000000 ) ) ;
#2160 = UNCERTAINTY_MEASURE_WITH_UNIT (LENGTH_MEASURE( 1.000000000000000082E-05 ), #6223, 'distance_accuracy_value', 'NONE');
#2161 = MECHANICAL_DESIGN_GEOMETRIC_PRESENTATION_REPRESENTATION (  '', ( #1149 ), #1660 ) ;
#2162 =( GEOMETRIC_REPRESENTATION_CONTEXT ( 3 ) GLOBAL_UNCERTAINTY_ASSIGNED_CONTEXT ( ( #1136 ) ) GLOBAL_UNIT_ASSIGNED_CONTEXT ( ( #1309, #1423, #4414 ) ) REPRESENTATION_CONTEXT ( 'NONE', 'WORKASPACE' ) );
#2163 = PRESENTATION_STYLE_ASSIGNMENT (( #9259 ) ) ;
#2164 = CARTESIAN_POINT ( 'NONE',  ( -4.199115124434925406, -3.394999999999999574, 0.2479055466999170732 ) ) ;
#2165 = VECTOR ( 'NONE', #5430, 1000.000000000000000 ) ;
#2166 = UNCERTAINTY_MEASURE_WITH_UNIT (LENGTH_MEASURE( 1.000000000000000082E-05 ), #7396, 'distance_accuracy_value', 'NONE');
#2167 = DIRECTION ( 'NONE',  ( -2.605290765066735304E-15, 0.0000000000000000000, -1.000000000000000000 ) ) ;
#2168 = ORIENTED_EDGE ( 'NONE', *, *, #6041, .F. ) ;
#2169 = VERTEX_POINT ( 'NONE', #6299 ) ;
#2170 = EDGE_CURVE ( 'NONE', #8288, #1253, #7340, .T. ) ;
#2171 = ORIENTED_EDGE ( 'NONE', *, *, #4152, .F. ) ;
#2172 = FACE_OUTER_BOUND ( 'NONE', #7990, .T. ) ;
#2173 = DIRECTION ( 'NONE',  ( 0.0000000000000000000, 0.0000000000000000000, 1.000000000000000000 ) ) ;
#2174 = DIRECTION ( 'NONE',  ( -0.0000000000000000000, -1.000000000000000000, -0.0000000000000000000 ) ) ;
#2175 = DIRECTION ( 'NONE',  ( 0.0000000000000000000, 0.0000000000000000000, -1.000000000000000000 ) ) ;
#2176 = ORIENTED_EDGE ( 'NONE', *, *, #7447, .F. ) ;
#2177 = AXIS2_PLACEMENT_3D ( 'NONE', #2279, #8648, #3793 ) ;
#2178 =( NAMED_UNIT ( * ) PLANE_ANGLE_UNIT ( ) SI_UNIT ( $, .RADIAN. ) );
#2179 = DIRECTION ( 'NONE',  ( 0.0000000000000000000, 1.000000000000000000, 0.0000000000000000000 ) ) ;
#2180 = EDGE_CURVE ( 'NONE', #8988, #7932, #2459, .T. ) ;
#2181 = EDGE_CURVE ( 'NONE', #7195, #1936, #7835, .T. ) ;
#2182 = CYLINDRICAL_SURFACE ( 'NONE', #3267, 0.2999999999999983791 ) ;
#2183 = LINE ( 'NONE', #9933, #3758 ) ;
#2184 = DIRECTION ( 'NONE',  ( 1.000000000000000000, -0.0000000000000000000, -2.451907390652843649E-15 ) ) ;
#2185 = STYLED_ITEM ( 'NONE', ( #7029 ), #7123 ) ;
#2186 = ORIENTED_EDGE ( 'NONE', *, *, #7995, .T. ) ;
#2187 = PRESENTATION_LAYER_ASSIGNMENT (  '', '', ( #2647 ) ) ;
#2188 = EDGE_CURVE ( 'NONE', #9442, #5700, #8726, .T. ) ;
#2189 = ORIENTED_EDGE ( 'NONE', *, *, #4092, .F. ) ;
#2190 = MECHANICAL_DESIGN_GEOMETRIC_PRESENTATION_REPRESENTATION (  '', ( #1692 ), #1007 ) ;
#2191 = EDGE_CURVE ( 'NONE', #264, #7336, #3309, .T. ) ;
#2192 = CARTESIAN_POINT ( 'NONE',  ( 4.494557450338590776, -3.394999999999999574, 0.1999999999999988454 ) ) ;
#2193 = ORIENTED_EDGE ( 'NONE', *, *, #2308, .F. ) ;
#2194 = UNCERTAINTY_MEASURE_WITH_UNIT (LENGTH_MEASURE( 1.000000000000000082E-05 ), #8555, 'distance_accuracy_value', 'NONE');
#2195 = VECTOR ( 'NONE', #4937, 1000.000000000000000 ) ;
#2196 = DIRECTION ( 'NONE',  ( 0.0000000000000000000, 1.000000000000000000, -0.0000000000000000000 ) ) ;
#2197 = COLOUR_RGB ( '',0.7529411764705882248, 0.7529411764705882248, 0.7529411764705882248 ) ;
#2198 = EDGE_LOOP ( 'NONE', ( #6113, #10107, #9367 ) ) ;
#2199 = DIRECTION ( 'NONE',  ( -0.0000000000000000000, -1.000000000000000000, -0.0000000000000000000 ) ) ;
#2200 = UNCERTAINTY_MEASURE_WITH_UNIT (LENGTH_MEASURE( 1.000000000000000082E-05 ), #4047, 'distance_accuracy_value', 'NONE');
#2201 =( GEOMETRIC_REPRESENTATION_CONTEXT ( 3 ) GLOBAL_UNCERTAINTY_ASSIGNED_CONTEXT ( ( #8618 ) ) GLOBAL_UNIT_ASSIGNED_CONTEXT ( ( #5371, #10131, #9920 ) ) REPRESENTATION_CONTEXT ( 'NONE', 'WORKASPACE' ) );
#2202 = ORIENTED_EDGE ( 'NONE', *, *, #10174, .F. ) ;
#2203 = PRESENTATION_LAYER_ASSIGNMENT (  '', '', ( #7833 ) ) ;
#2204 = EDGE_CURVE ( 'NONE', #889, #5573, #7176, .T. ) ;
#2205 =( NAMED_UNIT ( * ) PLANE_ANGLE_UNIT ( ) SI_UNIT ( $, .RADIAN. ) );
#2206 =( NAMED_UNIT ( * ) SI_UNIT ( $, .STERADIAN. ) SOLID_ANGLE_UNIT ( ) );
#2207 = VECTOR ( 'NONE', #5004, 1000.000000000000000 ) ;
#2208 = CARTESIAN_POINT ( 'NONE',  ( 3.990737311234600959, -4.224999999999999645, 1.429674850314564205 ) ) ;
#2209 = CARTESIAN_POINT ( 'NONE',  ( 3.900000000000001688, -4.224999999999999645, 1.600000000000000089 ) ) ;
#2210 = DIRECTION ( 'NONE',  ( 0.9848077530122064660, 0.0000000000000000000, -0.1736481776669393240 ) ) ;
#2211 = DIRECTION ( 'NONE',  ( -0.2588190451025213501, -0.0000000000000000000, 0.9659258262890680902 ) ) ;
#2212 = COLOUR_RGB ( '',0.7529411764705882248, 0.7529411764705882248, 0.7529411764705882248 ) ;
#2213 = DIRECTION ( 'NONE',  ( -0.0000000000000000000, -1.000000000000000000, -0.0000000000000000000 ) ) ;
#2214 = COLOUR_RGB ( '',0.7529411764705882248, 0.7529411764705882248, 0.7529411764705882248 ) ;
#2215 = COLOUR_RGB ( '',0.7529411764705882248, 0.7529411764705882248, 0.7529411764705882248 ) ;
#2216 = FACE_OUTER_BOUND ( 'NONE', #6730, .T. ) ;
#2217 = LINE ( 'NONE', #7959, #6258 ) ;
#2218 = CARTESIAN_POINT ( 'NONE',  ( 4.184149331665850902, -4.665000000000000036, 1.484534871776028275 ) ) ;
#2219 = ORIENTED_EDGE ( 'NONE', *, *, #5688, .T. ) ;
#2220 = AXIS2_PLACEMENT_3D ( 'NONE', #1263, #6796, #8419 ) ;
#2221 = ORIENTED_EDGE ( 'NONE', *, *, #1351, .T. ) ;
#2222 = PRESENTATION_LAYER_ASSIGNMENT (  '', '', ( #3721 ) ) ;
#2223 = CARTESIAN_POINT ( 'NONE',  ( 3.990737311234599183, 4.665000000000000924, 1.429674850314564205 ) ) ;
#2224 = ORIENTED_EDGE ( 'NONE', *, *, #776, .F. ) ;
#2225 = DIRECTION ( 'NONE',  ( -0.0000000000000000000, -1.000000000000000000, -0.0000000000000000000 ) ) ;
#2226 = FILL_AREA_STYLE ('',( #9221 ) ) ;
#2227 = CARTESIAN_POINT ( 'NONE',  ( 4.494557450338589000, 4.665000000000000924, 0.2999999999999988787 ) ) ;
#2228 = ORIENTED_EDGE ( 'NONE', *, *, #5536, .T. ) ;
#2229 = AXIS2_PLACEMENT_3D ( 'NONE', #6633, #7534, #2032 ) ;
#2230 = PLANE ( 'NONE',  #2830 ) ;
#2231 = SURFACE_STYLE_USAGE ( .BOTH. , #9225 ) ;
#2232 = SURFACE_STYLE_USAGE ( .BOTH. , #711 ) ;
#2233 = COLOUR_RGB ( '',0.7529411764705882248, 0.7529411764705882248, 0.7529411764705882248 ) ;
#2234 = EDGE_CURVE ( 'NONE', #8642, #3312, #3379, .T. ) ;
#2235 = FILL_AREA_STYLE ('',( #5232 ) ) ;
#2236 = DIRECTION ( 'NONE',  ( 1.000000000000000000, 0.0000000000000000000, 0.0000000000000000000 ) ) ;
#2237 = PRESENTATION_LAYER_ASSIGNMENT (  '', '', ( #1901 ) ) ;
#2238 = STYLED_ITEM ( 'NONE', ( #1539 ), #8917 ) ;
#2239 = ORIENTED_EDGE ( 'NONE', *, *, #9521, .F. ) ;
#2240 = CARTESIAN_POINT ( 'NONE',  ( -3.800269556891264333, -4.224999999999999645, 1.732440418475947208 ) ) ;
#2241 = EDGE_CURVE ( 'NONE', #1459, #8304, #3865, .T. ) ;
#2242 = EDGE_LOOP ( 'NONE', ( #4227, #5941, #2275, #4826 ) ) ;
#2243 = ADVANCED_FACE ( 'NONE', ( #4250 ), #6453, .F. ) ;
#2244 = SURFACE_STYLE_USAGE ( .BOTH. , #4501 ) ;
#2245 =( GEOMETRIC_REPRESENTATION_CONTEXT ( 3 ) GLOBAL_UNCERTAINTY_ASSIGNED_CONTEXT ( ( #415 ) ) GLOBAL_UNIT_ASSIGNED_CONTEXT ( ( #3474, #9673, #1966 ) ) REPRESENTATION_CONTEXT ( 'NONE', 'WORKASPACE' ) );
#2246 = COLOUR_RGB ( '',0.7529411764705882248, 0.7529411764705882248, 0.7529411764705882248 ) ;
#2247 = COLOUR_RGB ( '',0.1176470588235294101, 0.1176470588235294101, 0.1176470588235294101 ) ;
#2248 = CYLINDRICAL_SURFACE ( 'NONE', #7184, 0.1243605512616186154 ) ;
#2249 = VECTOR ( 'NONE', #7067, 1000.000000000000227 ) ;
#2250 = VERTEX_POINT ( 'NONE', #5815 ) ;
#2251 = LINE ( 'NONE', #5402, #1780 ) ;
#2252 =( NAMED_UNIT ( * ) PLANE_ANGLE_UNIT ( ) SI_UNIT ( $, .RADIAN. ) );
#2253 = ORIENTED_EDGE ( 'NONE', *, *, #9638, .F. ) ;
#2254 = EDGE_CURVE ( 'NONE', #1018, #7260, #8982, .T. ) ;
#2255 =( GEOMETRIC_REPRESENTATION_CONTEXT ( 3 ) GLOBAL_UNCERTAINTY_ASSIGNED_CONTEXT ( ( #5806 ) ) GLOBAL_UNIT_ASSIGNED_CONTEXT ( ( #7925, #1606, #8649 ) ) REPRESENTATION_CONTEXT ( 'NONE', 'WORKASPACE' ) );
#2256 = SURFACE_STYLE_FILL_AREA ( #7697 ) ;
#2257 = DIRECTION ( 'NONE',  ( 0.0000000000000000000, 0.0000000000000000000, -1.000000000000000000 ) ) ;
#2258 = COLOUR_RGB ( '',0.7529411764705882248, 0.7529411764705882248, 0.7529411764705882248 ) ;
#2259 = CARTESIAN_POINT ( 'NONE',  ( -2.899999999999999911, 4.150000000000000355, 3.400000000000000355 ) ) ;
#2260 = FILL_AREA_STYLE ('',( #7018 ) ) ;
#2261 = CARTESIAN_POINT ( 'NONE',  ( 4.494557450338589888, 2.125000000000000444, 0.2999999999999988787 ) ) ;
#2262 = ORIENTED_EDGE ( 'NONE', *, *, #4821, .T. ) ;
#2263 = SURFACE_SIDE_STYLE ('',( #10023 ) ) ;
#2264 = LINE ( 'NONE', #6405, #9895 ) ;
#2265 = EDGE_CURVE ( 'NONE', #6296, #1936, #9698, .T. ) ;
#2266 = DIRECTION ( 'NONE',  ( -0.0000000000000000000, -1.000000000000000000, -0.0000000000000000000 ) ) ;
#2267 = COLOUR_RGB ( '',0.7529411764705882248, 0.7529411764705882248, 0.7529411764705882248 ) ;
#2268 = SURFACE_STYLE_USAGE ( .BOTH. , #9361 ) ;
#2269 = LINE ( 'NONE', #6001, #3293 ) ;
#2270 = CARTESIAN_POINT ( 'NONE',  ( 3.888707005762189972, 1.685000000000000275, 1.432440418475947386 ) ) ;
#2271 = DIRECTION ( 'NONE',  ( -1.000000000000000000, -0.0000000000000000000, 8.270764333545149118E-16 ) ) ;
#2272 = VERTEX_POINT ( 'NONE', #1097 ) ;
#2273 = FACE_OUTER_BOUND ( 'NONE', #9268, .T. ) ;
#2274 = DIRECTION ( 'NONE',  ( 0.0000000000000000000, 1.000000000000000000, -0.0000000000000000000 ) ) ;
#2275 = ORIENTED_EDGE ( 'NONE', *, *, #2853, .F. ) ;
#2276 = SURFACE_SIDE_STYLE ('',( #6267 ) ) ;
#2277 = CARTESIAN_POINT ( 'NONE',  ( 4.396076675037370762, 0.8550000000000007594, 0.2826351822333049157 ) ) ;
#2278 = ORIENTED_EDGE ( 'NONE', *, *, #3081, .F. ) ;
#2279 = CARTESIAN_POINT ( 'NONE',  ( 3.750000000000000000, 4.949999999999999289, 1.600000000000000089 ) ) ;
#2280 = DIRECTION ( 'NONE',  ( 0.0000000000000000000, 0.0000000000000000000, 1.000000000000000000 ) ) ;
#2281 = MECHANICAL_DESIGN_GEOMETRIC_PRESENTATION_REPRESENTATION (  '', ( #3121 ), #6074 ) ;
#2282 = CARTESIAN_POINT ( 'NONE',  ( -3.868266076183284774, 1.685000000000000275, 1.408079867214329095 ) ) ;
#2283 = COLOUR_RGB ( '',0.7529411764705882248, 0.7529411764705882248, 0.7529411764705882248 ) ;
#2284 = SURFACE_STYLE_FILL_AREA ( #9376 ) ;
#2285 = CARTESIAN_POINT ( 'NONE',  ( 4.199115124434926294, 0.8550000000000007594, 0.2479055466999157964 ) ) ;
#2286 = UNCERTAINTY_MEASURE_WITH_UNIT (LENGTH_MEASURE( 1.000000000000000082E-05 ), #5792, 'distance_accuracy_value', 'NONE');
#2287 = DIRECTION ( 'NONE',  ( 0.0000000000000000000, 1.000000000000000000, 0.0000000000000000000 ) ) ;
#2288 = LINE ( 'NONE', #6990, #6443 ) ;
#2289 = ORIENTED_EDGE ( 'NONE', *, *, #3285, .T. ) ;
#2290 = AXIS2_PLACEMENT_3D ( 'NONE', #2949, #6978, #497 ) ;
#2291 = CIRCLE ( 'NONE', #7566, 0.1243605512616186154 ) ;
#2292 = VECTOR ( 'NONE', #5266, 1000.000000000000000 ) ;
#2293 = EDGE_LOOP ( 'NONE', ( #566, #1480, #10007, #5021 ) ) ;
#2294 = LINE ( 'NONE', #565, #5292 ) ;
#2295 = EDGE_LOOP ( 'NONE', ( #8653, #5504, #200, #9079, #3112, #8360, #7541, #3029, #792, #8797, #8622, #6735, #7219, #3620, #3546, #904, #6071, #7054, #198, #9903, #3790, #3392, #6920, #9389, #5906, #9939, #9842, #7151, #861, #3087, #4722, #4102, #3095, #7967, #6284, #7950, #723, #3786 ) ) ;
#2296 = AXIS2_PLACEMENT_3D ( 'NONE', #954, #269, #3462 ) ;
#2297 = SURFACE_STYLE_USAGE ( .BOTH. , #5 ) ;
#2298 = ORIENTED_EDGE ( 'NONE', *, *, #503, .T. ) ;
#2299 = DIRECTION ( 'NONE',  ( 0.2588190451025213501, -0.0000000000000000000, 0.9659258262890680902 ) ) ;
#2300 = EDGE_CURVE ( 'NONE', #2806, #9447, #3047, .T. ) ;
#2301 = ORIENTED_EDGE ( 'NONE', *, *, #8445, .F. ) ;
#2302 = COLOUR_RGB ( '',0.7529411764705882248, 0.7529411764705882248, 0.7529411764705882248 ) ;
#2303 = DIRECTION ( 'NONE',  ( -0.9848077530122064660, 0.0000000000000000000, -0.1736481776669392962 ) ) ;
#2304 = EDGE_LOOP ( 'NONE', ( #362, #5204, #5381, #6326, #1752, #4299, #4483, #6047, #4658, #5435, #5146, #2461 ) ) ;
#2305 = FILL_AREA_STYLE ('',( #3859 ) ) ;
#2306 = PLANE ( 'NONE',  #487 ) ;
#2307 = EDGE_CURVE ( 'NONE', #5352, #5401, #9801, .T. ) ;
#2308 = EDGE_CURVE ( 'NONE', #6575, #8120, #7389, .T. ) ;
#2309 =( LENGTH_UNIT ( ) NAMED_UNIT ( * ) SI_UNIT ( .MILLI., .METRE. ) );
#2310 = VECTOR ( 'NONE', #9824, 1000.000000000000000 ) ;
#2311 = CARTESIAN_POINT ( 'NONE',  ( -3.864512696824128124, -3.940000000000000835, 1.732440418475947430 ) ) ;
#2312 = DIRECTION ( 'NONE',  ( 1.000000000000000000, -0.0000000000000000000, -2.605290765066735698E-15 ) ) ;
#2313 = SURFACE_STYLE_FILL_AREA ( #689 ) ;
#2314 = FILL_AREA_STYLE ('',( #6254 ) ) ;
#2315 = ADVANCED_FACE ( 'NONE', ( #6588 ), #2712, .F. ) ;
#2316 =( NAMED_UNIT ( * ) SI_UNIT ( $, .STERADIAN. ) SOLID_ANGLE_UNIT ( ) );
#2317 = CARTESIAN_POINT ( 'NONE',  ( -3.990737311234598295, 2.125000000000000444, 1.429674850314565093 ) ) ;
#2318 = CARTESIAN_POINT ( 'NONE',  ( -3.881702402145739583, 3.395000000000000462, 1.531712435151439733 ) ) ;
#2319 = AXIS2_PLACEMENT_3D ( 'NONE', #6557, #8946, #9863 ) ;
#2320 = PRESENTATION_STYLE_ASSIGNMENT (( #7914 ) ) ;
#2321 = LINE ( 'NONE', #1694, #4256 ) ;
#2322 = CARTESIAN_POINT ( 'NONE',  ( -3.990737311234598295, -2.125000000000000000, 1.429674850314565093 ) ) ;
#2323 = CARTESIAN_POINT ( 'NONE',  ( -3.800269556891265665, 1.685000000000000275, 1.732440418475947208 ) ) ;
#2324 = ORIENTED_EDGE ( 'NONE', *, *, #2051, .T. ) ;
#2325 = ORIENTED_EDGE ( 'NONE', *, *, #9636, .F. ) ;
#2326 = PRESENTATION_LAYER_ASSIGNMENT (  '', '', ( #6466 ) ) ;
#2327 =( LENGTH_UNIT ( ) NAMED_UNIT ( * ) SI_UNIT ( .MILLI., .METRE. ) );
#2328 = ORIENTED_EDGE ( 'NONE', *, *, #9013, .T. ) ;
#2329 = CARTESIAN_POINT ( 'NONE',  ( -3.990737311234598295, -0.8549999999999998712, 1.429674850314565093 ) ) ;
#2330 = DIRECTION ( 'NONE',  ( -0.0000000000000000000, -1.000000000000000000, -0.0000000000000000000 ) ) ;
#2331 = CARTESIAN_POINT ( 'NONE',  ( -3.750000000000000444, 4.949999999999999289, 3.500000000000000000 ) ) ;
#2332 = STYLED_ITEM ( 'NONE', ( #2045 ), #6587 ) ;
#2333 =( LENGTH_UNIT ( ) NAMED_UNIT ( * ) SI_UNIT ( .MILLI., .METRE. ) );
#2334 = ADVANCED_FACE ( 'NONE', ( #2760 ), #5293, .T. ) ;
#2335 = CARTESIAN_POINT ( 'NONE',  ( -3.888707005762189084, 2.125000000000000444, 1.432440418475948274 ) ) ;
#2336 = FACE_OUTER_BOUND ( 'NONE', #2649, .T. ) ;
#2337 = CARTESIAN_POINT ( 'NONE',  ( -4.199115124434927182, 3.395000000000000462, 0.2479055466999170732 ) ) ;
#2338 =( NAMED_UNIT ( * ) PLANE_ANGLE_UNIT ( ) SI_UNIT ( $, .RADIAN. ) );
#2339 = EDGE_LOOP ( 'NONE', ( #3468, #1440, #4868, #8740 ) ) ;
#2340 = DIRECTION ( 'NONE',  ( 0.0000000000000000000, 0.0000000000000000000, -1.000000000000000000 ) ) ;
#2341 = VECTOR ( 'NONE', #5743, 1000.000000000000000 ) ;
#2342 =( GEOMETRIC_REPRESENTATION_CONTEXT ( 3 ) GLOBAL_UNCERTAINTY_ASSIGNED_CONTEXT ( ( #9132 ) ) GLOBAL_UNIT_ASSIGNED_CONTEXT ( ( #2431, #8697, #9573 ) ) REPRESENTATION_CONTEXT ( 'NONE', 'WORKASPACE' ) );
#2343 = ORIENTED_EDGE ( 'NONE', *, *, #1864, .T. ) ;
#2344 = DIRECTION ( 'NONE',  ( -0.0000000000000000000, -1.000000000000000000, -0.0000000000000000000 ) ) ;
#2345 = ORIENTED_EDGE ( 'NONE', *, *, #6966, .T. ) ;
#2346 = DIRECTION ( 'NONE',  ( 1.000000000000000000, -0.0000000000000000000, -2.605290765066735698E-15 ) ) ;
#2347 = SURFACE_STYLE_FILL_AREA ( #2399 ) ;
#2348 = AXIS2_PLACEMENT_3D ( 'NONE', #5151, #318, #1160 ) ;
#2349 = PLANE ( 'NONE',  #6435 ) ;
#2350 = DIRECTION ( 'NONE',  ( -2.563936943398996305E-15, 0.0000000000000000000, 1.000000000000000000 ) ) ;
#2351 =( NAMED_UNIT ( * ) SI_UNIT ( $, .STERADIAN. ) SOLID_ANGLE_UNIT ( ) );
#2352 = ORIENTED_EDGE ( 'NONE', *, *, #8005, .T. ) ;
#2353 = DIRECTION ( 'NONE',  ( -0.0000000000000000000, -1.000000000000000000, -0.0000000000000000000 ) ) ;
#2354 = FILL_AREA_STYLE ('',( #1624 ) ) ;
#2355 = ORIENTED_EDGE ( 'NONE', *, *, #1567, .F. ) ;
#2356 = AXIS2_PLACEMENT_3D ( 'NONE', #3433, #3526, #5905 ) ;
#2357 = ORIENTED_EDGE ( 'NONE', *, *, #9388, .T. ) ;
#2358 = DIRECTION ( 'NONE',  ( 0.0000000000000000000, 0.0000000000000000000, 1.000000000000000000 ) ) ;
#2359 = ADVANCED_FACE ( 'NONE', ( #4407 ), #9190, .F. ) ;
#2360 = ORIENTED_EDGE ( 'NONE', *, *, #387, .F. ) ;
#2361 = PRESENTATION_LAYER_ASSIGNMENT (  '', '', ( #6166 ) ) ;
#2362 = LINE ( 'NONE', #742, #7630 ) ;
#2363 = FILL_AREA_STYLE ('',( #8000 ) ) ;
#2364 = FILL_AREA_STYLE ('',( #9452 ) ) ;
#2365 = DIRECTION ( 'NONE',  ( -1.000000000000000000, 0.0000000000000000000, -2.563936943398996305E-15 ) ) ;
#2366 = SURFACE_SIDE_STYLE ('',( #4069 ) ) ;
#2367 =( NAMED_UNIT ( * ) PLANE_ANGLE_UNIT ( ) SI_UNIT ( $, .RADIAN. ) );
#2368 = CARTESIAN_POINT ( 'NONE',  ( -3.990737311234597406, -3.394999999999999574, 1.429674850314565093 ) ) ;
#2369 = ADVANCED_FACE ( 'NONE', ( #8408 ), #572, .F. ) ;
#2370 = MECHANICAL_DESIGN_GEOMETRIC_PRESENTATION_REPRESENTATION (  '', ( #1020 ), #2532 ) ;
#2371 = EDGE_CURVE ( 'NONE', #586, #8390, #3907, .T. ) ;
#2372 = VECTOR ( 'NONE', #4906, 1000.000000000000000 ) ;
#2373 = PLANE ( 'NONE',  #7014 ) ;
#2374 = CYLINDRICAL_SURFACE ( 'NONE', #2296, 0.2999999999999983791 ) ;
#2375 = VERTEX_POINT ( 'NONE', #5397 ) ;
#2376 = CARTESIAN_POINT ( 'NONE',  ( 4.184149331665850013, 2.125000000000000444, 1.484534871776028275 ) ) ;
#2377 = ORIENTED_EDGE ( 'NONE', *, *, #4648, .F. ) ;
#2378 = CARTESIAN_POINT ( 'NONE',  ( -4.494557450338587223, -2.954999999999999183, 0.2000000000000008993 ) ) ;
#2379 = VECTOR ( 'NONE', #3618, 1000.000000000000227 ) ;
#2380 = EDGE_CURVE ( 'NONE', #3588, #8148, #7842, .T. ) ;
#2381 = CIRCLE ( 'NONE', #1545, 0.1243605512616186154 ) ;
#2382 = CARTESIAN_POINT ( 'NONE',  ( -4.494557450338588112, -0.4149999999999995914, 0.3000000000000000444 ) ) ;
#2383 = DIRECTION ( 'NONE',  ( -0.0000000000000000000, -1.000000000000000000, -0.0000000000000000000 ) ) ;
#2384 = MECHANICAL_DESIGN_GEOMETRIC_PRESENTATION_REPRESENTATION (  '', ( #6022 ), #9981 ) ;
#2385 = CARTESIAN_POINT ( 'NONE',  ( -4.494557450338584559, -0.4149999999999995914, 1.680513367352531873E-15 ) ) ;
#2386 = PRESENTATION_LAYER_ASSIGNMENT (  '', '', ( #6835 ) ) ;
#2387 = VECTOR ( 'NONE', #3978, 1000.000000000000000 ) ;
#2388 = CARTESIAN_POINT ( 'NONE',  ( 3.881702402145740027, 3.395000000000000462, 1.531712435151438845 ) ) ;
#2389 = ORIENTED_EDGE ( 'NONE', *, *, #1596, .F. ) ;
#2390 =( NAMED_UNIT ( * ) SI_UNIT ( $, .STERADIAN. ) SOLID_ANGLE_UNIT ( ) );
#2391 = PRESENTATION_LAYER_ASSIGNMENT (  '', '', ( #388 ) ) ;
#2392 = ORIENTED_EDGE ( 'NONE', *, *, #7588, .T. ) ;
#2393 = EDGE_CURVE ( 'NONE', #5132, #8484, #9386, .T. ) ;
#2394 = VECTOR ( 'NONE', #3460, 1000.000000000000000 ) ;
#2395 = AXIS2_PLACEMENT_3D ( 'NONE', #7783, #770, #6281 ) ;
#2396 = SURFACE_STYLE_USAGE ( .BOTH. , #6283 ) ;
#2397 = ORIENTED_EDGE ( 'NONE', *, *, #5710, .F. ) ;
#2398 = FACE_OUTER_BOUND ( 'NONE', #8060, .T. ) ;
#2399 = FILL_AREA_STYLE ('',( #99 ) ) ;
#2400 = UNCERTAINTY_MEASURE_WITH_UNIT (LENGTH_MEASURE( 1.000000000000000082E-05 ), #4083, 'distance_accuracy_value', 'NONE');
#2401 = FILL_AREA_STYLE_COLOUR ( '', #9075 ) ;
#2402 = STYLED_ITEM ( 'NONE', ( #3149 ), #10226 ) ;
#2403 = STYLED_ITEM ( 'NONE', ( #849 ), #2824 ) ;
#2404 = PRESENTATION_STYLE_ASSIGNMENT (( #2297 ) ) ;
#2405 = ORIENTED_EDGE ( 'NONE', *, *, #1808, .F. ) ;
#2406 = VECTOR ( 'NONE', #5638, 1000.000000000000000 ) ;
#2407 = ORIENTED_EDGE ( 'NONE', *, *, #8563, .T. ) ;
#2408 = ORIENTED_EDGE ( 'NONE', *, *, #1759, .T. ) ;
#2409 = PRESENTATION_STYLE_ASSIGNMENT (( #8519 ) ) ;
#2410 = ORIENTED_EDGE ( 'NONE', *, *, #9831, .F. ) ;
#2411 = STYLED_ITEM ( 'NONE', ( #7136 ), #3709 ) ;
#2412 = LINE ( 'NONE', #6349, #4030 ) ;
#2413 = ORIENTED_EDGE ( 'NONE', *, *, #4195, .F. ) ;
#2414 = VECTOR ( 'NONE', #8087, 1000.000000000000000 ) ;
#2415 = UNCERTAINTY_MEASURE_WITH_UNIT (LENGTH_MEASURE( 1.000000000000000082E-05 ), #9967, 'distance_accuracy_value', 'NONE');
#2416 = CARTESIAN_POINT ( 'NONE',  ( 3.899999999999999911, 4.665000000000000924, 1.600000000000000089 ) ) ;
#2417 = CARTESIAN_POINT ( 'NONE',  ( 4.184149331665850013, -0.4149999999999995914, 1.484534871776028275 ) ) ;
#2418 = EDGE_CURVE ( 'NONE', #893, #4318, #5552, .T. ) ;
#2419 = VECTOR ( 'NONE', #4182, 1000.000000000000000 ) ;
#2420 = VECTOR ( 'NONE', #3946, 1000.000000000000000 ) ;
#2421 = CARTESIAN_POINT ( 'NONE',  ( 3.900000000000000799, 0.4150000000000004241, 1.600000000000000089 ) ) ;
#2422 = DIRECTION ( 'NONE',  ( 1.000000000000000000, 0.0000000000000000000, 4.342151275111226558E-15 ) ) ;
#2423 = VERTEX_POINT ( 'NONE', #8714 ) ;
#2424 = EDGE_LOOP ( 'NONE', ( #208, #1884, #5106, #3909 ) ) ;
#2425 = ORIENTED_EDGE ( 'NONE', *, *, #7199, .T. ) ;
#2426 = PLANE ( 'NONE',  #6683 ) ;
#2427 = CARTESIAN_POINT ( 'NONE',  ( 3.888707005762189972, 2.955000000000000071, 1.432440418475947386 ) ) ;
#2428 = EDGE_CURVE ( 'NONE', #5700, #4100, #3995, .T. ) ;
#2429 =( LENGTH_UNIT ( ) NAMED_UNIT ( * ) SI_UNIT ( .MILLI., .METRE. ) );
#2430 = FACE_OUTER_BOUND ( 'NONE', #4455, .T. ) ;
#2431 =( LENGTH_UNIT ( ) NAMED_UNIT ( * ) SI_UNIT ( .MILLI., .METRE. ) );
#2432 = DIRECTION ( 'NONE',  ( -0.9659258262890680902, -1.692539602945396004E-16, -0.2588190451025213501 ) ) ;
#2433 = SURFACE_SIDE_STYLE ('',( #7144 ) ) ;
#2434 = PRESENTATION_STYLE_ASSIGNMENT (( #5695 ) ) ;
#2435 = ADVANCED_FACE ( 'NONE', ( #4775 ), #2248, .F. ) ;
#2436 = EDGE_LOOP ( 'NONE', ( #8273, #5089, #6781, #4589 ) ) ;
#2437 = PRESENTATION_STYLE_ASSIGNMENT (( #378 ) ) ;
#2438 = SURFACE_STYLE_FILL_AREA ( #3337 ) ;
#2439 = ORIENTED_EDGE ( 'NONE', *, *, #204, .T. ) ;
#2440 = VECTOR ( 'NONE', #4460, 1000.000000000000000 ) ;
#2441 =( GEOMETRIC_REPRESENTATION_CONTEXT ( 3 ) GLOBAL_UNCERTAINTY_ASSIGNED_CONTEXT ( ( #5507 ) ) GLOBAL_UNIT_ASSIGNED_CONTEXT ( ( #7687, #4558, #9899 ) ) REPRESENTATION_CONTEXT ( 'NONE', 'WORKASPACE' ) );
#2442 = LINE ( 'NONE', #9482, #7957 ) ;
#2443 = FILL_AREA_STYLE ('',( #1 ) ) ;
#2444 = CARTESIAN_POINT ( 'NONE',  ( -4.494557450338588112, 0.8550000000000007594, 0.2000000000000008993 ) ) ;
#2445 = DIRECTION ( 'NONE',  ( -0.0000000000000000000, -1.000000000000000000, -0.0000000000000000000 ) ) ;
#2446 = EDGE_CURVE ( 'NONE', #7221, #264, #4187, .T. ) ;
#2447 = CIRCLE ( 'NONE', #2290, 0.2999999999999983791 ) ;
#2448 =( NAMED_UNIT ( * ) PLANE_ANGLE_UNIT ( ) SI_UNIT ( $, .RADIAN. ) );
#2449 = LINE ( 'NONE', #5603, #6714 ) ;
#2450 = VERTEX_POINT ( 'NONE', #2548 ) ;
#2451 = FACE_OUTER_BOUND ( 'NONE', #1193, .T. ) ;
#2452 = ORIENTED_EDGE ( 'NONE', *, *, #9459, .T. ) ;
#2453 = ORIENTED_EDGE ( 'NONE', *, *, #369, .F. ) ;
#2454 = AXIS2_PLACEMENT_3D ( 'NONE', #9665, #2583, #8954 ) ;
#2455 = DIRECTION ( 'NONE',  ( 0.1736481776669392962, 0.0000000000000000000, -0.9848077530122064660 ) ) ;
#2456 = SURFACE_STYLE_USAGE ( .BOTH. , #9542 ) ;
#2457 = ORIENTED_EDGE ( 'NONE', *, *, #184, .T. ) ;
#2458 = CARTESIAN_POINT ( 'NONE',  ( 3.498076211353315923, -4.698076211353313880, 0.1000000000000000472 ) ) ;
#2459 = LINE ( 'NONE', #7910, #2866 ) ;
#2460 = DIRECTION ( 'NONE',  ( -0.0000000000000000000, -1.000000000000000000, -0.0000000000000000000 ) ) ;
#2461 = ORIENTED_EDGE ( 'NONE', *, *, #6256, .T. ) ;
#2462 =( LENGTH_UNIT ( ) NAMED_UNIT ( * ) SI_UNIT ( .MILLI., .METRE. ) );
#2463 =( GEOMETRIC_REPRESENTATION_CONTEXT ( 3 ) GLOBAL_UNCERTAINTY_ASSIGNED_CONTEXT ( ( #3822 ) ) GLOBAL_UNIT_ASSIGNED_CONTEXT ( ( #3020, #7789, #8322 ) ) REPRESENTATION_CONTEXT ( 'NONE', 'WORKASPACE' ) );
#2464 = CARTESIAN_POINT ( 'NONE',  ( -4.494557450338585447, 4.665000000000000924, 1.680513367352531873E-15 ) ) ;
#2465 = ORIENTED_EDGE ( 'NONE', *, *, #2188, .F. ) ;
#2466 = DIRECTION ( 'NONE',  ( 0.0000000000000000000, 0.0000000000000000000, -1.000000000000000000 ) ) ;
#2467 = VECTOR ( 'NONE', #1085, 1000.000000000000000 ) ;
#2468 = CARTESIAN_POINT ( 'NONE',  ( -4.199115124434925406, -2.954999999999999183, 0.2479055466999170732 ) ) ;
#2469 = DIRECTION ( 'NONE',  ( -0.0000000000000000000, -1.000000000000000000, -0.0000000000000000000 ) ) ;
#2470 = CARTESIAN_POINT ( 'NONE',  ( 5.150000000000000355, 4.225000000000000533, 0.0000000000000000000 ) ) ;
#2471 = FILL_AREA_STYLE_COLOUR ( '', #6340 ) ;
#2472 = CARTESIAN_POINT ( 'NONE',  ( 3.990737311234600071, 0.8550000000000007594, 1.429674850314564205 ) ) ;
#2473 = ORIENTED_EDGE ( 'NONE', *, *, #9979, .T. ) ;
#2474 = ORIENTED_EDGE ( 'NONE', *, *, #6913, .F. ) ;
#2475 = DIRECTION ( 'NONE',  ( 1.000000000000000000, 0.0000000000000000000, 2.451907390652843649E-15 ) ) ;
#2476 = ORIENTED_EDGE ( 'NONE', *, *, #8381, .T. ) ;
#2477 = STYLED_ITEM ( 'NONE', ( #3564 ), #5283 ) ;
#2478 = FILL_AREA_STYLE_COLOUR ( '', #516 ) ;
#2479 = CARTESIAN_POINT ( 'NONE',  ( 3.888707005762190860, -2.954999999999999183, 1.432440418475947386 ) ) ;
#2480 = FILL_AREA_STYLE_COLOUR ( '', #992 ) ;
#2481 = PRESENTATION_LAYER_ASSIGNMENT (  '', '', ( #1149 ) ) ;
#2482 =( NAMED_UNIT ( * ) PLANE_ANGLE_UNIT ( ) SI_UNIT ( $, .RADIAN. ) );
#2483 = VECTOR ( 'NONE', #9910, 1000.000000000000000 ) ;
#2484 = DIRECTION ( 'NONE',  ( 1.000000000000000000, 0.0000000000000000000, 2.563936943398996305E-15 ) ) ;
#2485 = DIRECTION ( 'NONE',  ( 1.000000000000000000, 0.0000000000000000000, 0.0000000000000000000 ) ) ;
#2486 = DIRECTION ( 'NONE',  ( -0.0000000000000000000, -1.000000000000000000, -0.0000000000000000000 ) ) ;
#2487 = VERTEX_POINT ( 'NONE', #5706 ) ;
#2488 =( NAMED_UNIT ( * ) SI_UNIT ( $, .STERADIAN. ) SOLID_ANGLE_UNIT ( ) );
#2489 = ORIENTED_EDGE ( 'NONE', *, *, #5452, .T. ) ;
#2490 = CONICAL_SURFACE ( 'NONE', #7290, 0.1499999999999995226, 0.2617993877991500740 ) ;
#2491 = EDGE_CURVE ( 'NONE', #5352, #8626, #9687, .T. ) ;
#2492 = EDGE_CURVE ( 'NONE', #5057, #8786, #2646, .T. ) ;
#2493 = EDGE_CURVE ( 'NONE', #9891, #8190, #976, .T. ) ;
#2494 = AXIS2_PLACEMENT_3D ( 'NONE', #9906, #8468, #2104 ) ;
#2495 = VECTOR ( 'NONE', #3120, 1000.000000000000000 ) ;
#2496 = CARTESIAN_POINT ( 'NONE',  ( -3.990737311234598295, -1.684999999999999831, 1.429674850314565093 ) ) ;
#2497 = ORIENTED_EDGE ( 'NONE', *, *, #8681, .F. ) ;
#2498 =( NAMED_UNIT ( * ) PLANE_ANGLE_UNIT ( ) SI_UNIT ( $, .RADIAN. ) );
#2499 = ORIENTED_EDGE ( 'NONE', *, *, #8318, .F. ) ;
#2500 = LINE ( 'NONE', #4145, #3024 ) ;
#2501 = VERTEX_POINT ( 'NONE', #4978 ) ;
#2502 = EDGE_CURVE ( 'NONE', #2152, #847, #297, .T. ) ;
#2503 = VECTOR ( 'NONE', #607, 1000.000000000000000 ) ;
#2504 = DIRECTION ( 'NONE',  ( -0.0000000000000000000, -1.000000000000000000, -0.0000000000000000000 ) ) ;
#2505 =( NAMED_UNIT ( * ) SI_UNIT ( $, .STERADIAN. ) SOLID_ANGLE_UNIT ( ) );
#2506 = VERTEX_POINT ( 'NONE', #9029 ) ;
#2507 = FACE_OUTER_BOUND ( 'NONE', #9911, .T. ) ;
#2508 = SURFACE_SIDE_STYLE ('',( #1786 ) ) ;
#2509 = FACE_OUTER_BOUND ( 'NONE', #4993, .T. ) ;
#2510 = ORIENTED_EDGE ( 'NONE', *, *, #1474, .T. ) ;
#2511 = LINE ( 'NONE', #22, #3757 ) ;
#2512 = DIRECTION ( 'NONE',  ( -0.2588190451025213501, 0.0000000000000000000, -0.9659258262890680902 ) ) ;
#2513 = CARTESIAN_POINT ( 'NONE',  ( -3.750000000000000444, 4.949999999999999289, 0.1000000000000000472 ) ) ;
#2514 = ORIENTED_EDGE ( 'NONE', *, *, #7365, .T. ) ;
#2515 = EDGE_CURVE ( 'NONE', #2119, #4303, #931, .T. ) ;
#2516 = DIRECTION ( 'NONE',  ( 1.000000000000000000, -0.0000000000000000000, -2.605290765066735698E-15 ) ) ;
#2517 = SURFACE_SIDE_STYLE ('',( #5570 ) ) ;
#2518 = COLOUR_RGB ( '',0.7529411764705882248, 0.7529411764705882248, 0.7529411764705882248 ) ;
#2519 = CARTESIAN_POINT ( 'NONE',  ( -3.800269556891265665, 2.955000000000000071, 1.732440418475947208 ) ) ;
#2520 = SURFACE_STYLE_FILL_AREA ( #1695 ) ;
#2521 = SURFACE_STYLE_USAGE ( .BOTH. , #9611 ) ;
#2522 = ORIENTED_EDGE ( 'NONE', *, *, #263, .F. ) ;
#2523 = LINE ( 'NONE', #325, #6888 ) ;
#2524 = LINE ( 'NONE', #863, #4546 ) ;
#2525 = ORIENTED_EDGE ( 'NONE', *, *, #3918, .F. ) ;
#2526 = CARTESIAN_POINT ( 'NONE',  ( -4.199115124434925406, -4.665000000000000036, 0.2479055466999170732 ) ) ;
#2527 = SURFACE_SIDE_STYLE ('',( #7347 ) ) ;
#2528 = VECTOR ( 'NONE', #980, 1000.000000000000000 ) ;
#2529 =( NAMED_UNIT ( * ) PLANE_ANGLE_UNIT ( ) SI_UNIT ( $, .RADIAN. ) );
#2530 = PLANE ( 'NONE',  #1677 ) ;
#2531 = CARTESIAN_POINT ( 'NONE',  ( -5.149999999999999467, 2.125000000000000444, 0.0000000000000000000 ) ) ;
#2532 =( GEOMETRIC_REPRESENTATION_CONTEXT ( 3 ) GLOBAL_UNCERTAINTY_ASSIGNED_CONTEXT ( ( #1967 ) ) GLOBAL_UNIT_ASSIGNED_CONTEXT ( ( #8487, #6533, #2076 ) ) REPRESENTATION_CONTEXT ( 'NONE', 'WORKASPACE' ) );
#2533 = CARTESIAN_POINT ( 'NONE',  ( 4.494557450338589888, -1.684999999999999831, 0.1999999999999988454 ) ) ;
#2534 = LINE ( 'NONE', #5587, #2420 ) ;
#2535 = DIRECTION ( 'NONE',  ( 0.0000000000000000000, 0.0000000000000000000, -1.000000000000000000 ) ) ;
#2536 = DIRECTION ( 'NONE',  ( 0.0000000000000000000, 0.0000000000000000000, 1.000000000000000000 ) ) ;
#2537 = CARTESIAN_POINT ( 'NONE',  ( 4.494557450338586335, 2.125000000000000444, -1.084202172485504434E-15 ) ) ;
#2538 = ORIENTED_EDGE ( 'NONE', *, *, #8884, .F. ) ;
#2539 = PRESENTATION_LAYER_ASSIGNMENT (  '', '', ( #9484 ) ) ;
#2540 = ORIENTED_EDGE ( 'NONE', *, *, #1877, .F. ) ;
#2541 = AXIS2_PLACEMENT_3D ( 'NONE', #8442, #9373, #2280 ) ;
#2542 = DIRECTION ( 'NONE',  ( -0.0000000000000000000, -1.000000000000000000, -0.0000000000000000000 ) ) ;
#2543 = ADVANCED_FACE ( 'NONE', ( #3484 ), #1771, .T. ) ;
#2544 = AXIS2_PLACEMENT_3D ( 'NONE', #6528, #9684, #6621 ) ;
#2545 = VECTOR ( 'NONE', #8450, 1000.000000000000000 ) ;
#2546 = DIRECTION ( 'NONE',  ( 0.0000000000000000000, 0.0000000000000000000, -1.000000000000000000 ) ) ;
#2547 = VECTOR ( 'NONE', #316, 1000.000000000000000 ) ;
#2548 = CARTESIAN_POINT ( 'NONE',  ( -5.149999999999998579, -4.665000000000000036, 0.2000000000000016764 ) ) ;
#2549 = EDGE_CURVE ( 'NONE', #7902, #1941, #6886, .T. ) ;
#2550 = CIRCLE ( 'NONE', #5356, 0.09999999999999911737 ) ;
#2551 = PRESENTATION_STYLE_ASSIGNMENT (( #9634 ) ) ;
#2552 = PRESENTATION_STYLE_ASSIGNMENT (( #9637 ) ) ;
#2553 = DIRECTION ( 'NONE',  ( -0.0000000000000000000, -1.000000000000000000, 0.0000000000000000000 ) ) ;
#2554 = ADVANCED_FACE ( 'NONE', ( #2752 ), #3535, .T. ) ;
#2555 = ORIENTED_EDGE ( 'NONE', *, *, #2418, .T. ) ;
#2556 = VECTOR ( 'NONE', #1940, 1000.000000000000000 ) ;
#2557 = DIRECTION ( 'NONE',  ( 0.0000000000000000000, 0.0000000000000000000, 1.000000000000000000 ) ) ;
#2558 = COLOUR_RGB ( '',0.7529411764705882248, 0.7529411764705882248, 0.7529411764705882248 ) ;
#2559 =( LENGTH_UNIT ( ) NAMED_UNIT ( * ) SI_UNIT ( .MILLI., .METRE. ) );
#2560 = ORIENTED_EDGE ( 'NONE', *, *, #9644, .T. ) ;
#2561 = CARTESIAN_POINT ( 'NONE',  ( -3.750000000000000444, 4.949999999999999289, 1.600000000000000089 ) ) ;
#2562 = VECTOR ( 'NONE', #4974, 1000.000000000000000 ) ;
#2563 = FILL_AREA_STYLE_COLOUR ( '', #3712 ) ;
#2564 = ADVANCED_FACE ( 'NONE', ( #1137 ), #9282, .T. ) ;
#2565 = DIRECTION ( 'NONE',  ( 1.000000000000000000, 0.0000000000000000000, 0.0000000000000000000 ) ) ;
#2566 = AXIS2_PLACEMENT_3D ( 'NONE', #2740, #2019, #6873 ) ;
#2567 = EDGE_CURVE ( 'NONE', #9479, #3111, #2028, .T. ) ;
#2568 = ORIENTED_EDGE ( 'NONE', *, *, #10077, .F. ) ;
#2569 = CARTESIAN_POINT ( 'NONE',  ( -5.149999999999999467, 2.125000000000000444, 0.0000000000000000000 ) ) ;
#2570 = SURFACE_STYLE_FILL_AREA ( #1735 ) ;
#2571 = ORIENTED_EDGE ( 'NONE', *, *, #261, .F. ) ;
#2572 = FACE_OUTER_BOUND ( 'NONE', #8673, .T. ) ;
#2573 = CARTESIAN_POINT ( 'NONE',  ( 3.868266076183285662, 2.125000000000000444, 1.408079867214328207 ) ) ;
#2574 = SURFACE_STYLE_FILL_AREA ( #8993 ) ;
#2575 =( NAMED_UNIT ( * ) SI_UNIT ( $, .STERADIAN. ) SOLID_ANGLE_UNIT ( ) );
#2576 = EDGE_CURVE ( 'NONE', #5401, #7336, #1245, .T. ) ;
#2577 = ORIENTED_EDGE ( 'NONE', *, *, #6165, .T. ) ;
#2578 = SURFACE_STYLE_USAGE ( .BOTH. , #2625 ) ;
#2579 = LINE ( 'NONE', #4078, #9516 ) ;
#2580 = VECTOR ( 'NONE', #8741, 1000.000000000000000 ) ;
#2581 = EDGE_LOOP ( 'NONE', ( #3603, #1200, #7740, #5037 ) ) ;
#2583 = DIRECTION ( 'NONE',  ( -0.0000000000000000000, -1.000000000000000000, -0.0000000000000000000 ) ) ;
#2582 = AXIS2_PLACEMENT_3D ( 'NONE', #5350, #10169, #8412 ) ;
#2584 = CARTESIAN_POINT ( 'NONE',  ( -4.184149331665849125, -0.8549999999999998712, 1.484534871776029386 ) ) ;
#2585 = DIRECTION ( 'NONE',  ( 0.0000000000000000000, 0.0000000000000000000, 1.000000000000000000 ) ) ;
#2586 = LINE ( 'NONE', #4758, #7475 ) ;
#2587 = SURFACE_STYLE_USAGE ( .BOTH. , #3230 ) ;
#2588 = EDGE_LOOP ( 'NONE', ( #7161, #3601, #8207, #2898, #1039, #5007, #8795, #9645, #3060, #3662, #9936, #1510 ) ) ;
#2589 = DIRECTION ( 'NONE',  ( -0.1736481776669393240, 0.0000000000000000000, -0.9848077530122064660 ) ) ;
#2590 = LINE ( 'NONE', #5699, #9935 ) ;
#2591 = EDGE_LOOP ( 'NONE', ( #6417, #9864, #5404, #3895 ) ) ;
#2592 = AXIS2_PLACEMENT_3D ( 'NONE', #7553, #8328, #478 ) ;
#2593 = LINE ( 'NONE', #401, #7348 ) ;
#2594 = SURFACE_STYLE_USAGE ( .BOTH. , #3530 ) ;
#2595 = LINE ( 'NONE', #9686, #2562 ) ;
#2596 = CARTESIAN_POINT ( 'NONE',  ( -3.868266076183285218, 4.665000000000000924, 1.408079867214329095 ) ) ;
#2597 = VECTOR ( 'NONE', #5557, 1000.000000000000000 ) ;
#2598 = EDGE_LOOP ( 'NONE', ( #3967, #1143, #4881, #4150 ) ) ;
#2599 = UNCERTAINTY_MEASURE_WITH_UNIT (LENGTH_MEASURE( 1.000000000000000082E-05 ), #4575, 'distance_accuracy_value', 'NONE');
#2600 = CARTESIAN_POINT ( 'NONE',  ( 3.900000000000001688, -4.224999999999999645, 1.600000000000000089 ) ) ;
#2601 = ORIENTED_EDGE ( 'NONE', *, *, #9106, .F. ) ;
#2602 = DIRECTION ( 'NONE',  ( 0.0000000000000000000, 0.0000000000000000000, -1.000000000000000000 ) ) ;
#2603 = ORIENTED_EDGE ( 'NONE', *, *, #2688, .F. ) ;
#2604 = LINE ( 'NONE', #7481, #4465 ) ;
#2605 = PRODUCT_CONTEXT ( 'NONE', #1240, 'mechanical' ) ;
#2606 = ORIENTED_EDGE ( 'NONE', *, *, #659, .F. ) ;
#2607 = UNCERTAINTY_MEASURE_WITH_UNIT (LENGTH_MEASURE( 1.000000000000000082E-05 ), #4177, 'distance_accuracy_value', 'NONE');
#2608 = DIRECTION ( 'NONE',  ( -0.0000000000000000000, -1.000000000000000000, -0.0000000000000000000 ) ) ;
#2609 = UNCERTAINTY_MEASURE_WITH_UNIT (LENGTH_MEASURE( 1.000000000000000082E-05 ), #6561, 'distance_accuracy_value', 'NONE');
#2610 = FILL_AREA_STYLE_COLOUR ( '', #2214 ) ;
#2611 = SURFACE_STYLE_FILL_AREA ( #7331 ) ;
#2612 = ORIENTED_EDGE ( 'NONE', *, *, #7752, .T. ) ;
#2613 = UNCERTAINTY_MEASURE_WITH_UNIT (LENGTH_MEASURE( 1.000000000000000082E-05 ), #7448, 'distance_accuracy_value', 'NONE');
#2614 = SURFACE_STYLE_USAGE ( .BOTH. , #6404 ) ;
#2615 =( GEOMETRIC_REPRESENTATION_CONTEXT ( 3 ) GLOBAL_UNCERTAINTY_ASSIGNED_CONTEXT ( ( #5094 ) ) GLOBAL_UNIT_ASSIGNED_CONTEXT ( ( #4486, #5173, #1388 ) ) REPRESENTATION_CONTEXT ( 'NONE', 'WORKASPACE' ) );
#2616 = CIRCLE ( 'NONE', #8406, 0.1243605512616186154 ) ;
#2617 = VERTEX_POINT ( 'NONE', #9938 ) ;
#2618 = DIRECTION ( 'NONE',  ( -1.000000000000000000, 0.0000000000000000000, -2.563936943398996305E-15 ) ) ;
#2619 = EDGE_CURVE ( 'NONE', #2119, #5559, #9333, .T. ) ;
#2620 = EDGE_CURVE ( 'NONE', #1718, #8727, #5191, .T. ) ;
#2621 = CARTESIAN_POINT ( 'NONE',  ( 4.494557450338590776, -4.224999999999999645, 0.1999999999999988454 ) ) ;
#2622 = DIRECTION ( 'NONE',  ( 0.0000000000000000000, 1.000000000000000000, 0.0000000000000000000 ) ) ;
#2623 = COLOUR_RGB ( '',0.7529411764705882248, 0.7529411764705882248, 0.7529411764705882248 ) ;
#2624 = EDGE_CURVE ( 'NONE', #2859, #7091, #1396, .T. ) ;
#2625 = SURFACE_SIDE_STYLE ('',( #1001 ) ) ;
#2626 = FACE_OUTER_BOUND ( 'NONE', #9726, .T. ) ;
#2627 = ORIENTED_EDGE ( 'NONE', *, *, #1438, .T. ) ;
#2628 = FACE_OUTER_BOUND ( 'NONE', #4144, .T. ) ;
#2629 = DIRECTION ( 'NONE',  ( -1.000000000000000000, 0.0000000000000000000, 2.451907390652843255E-15 ) ) ;
#2630 = FACE_OUTER_BOUND ( 'NONE', #6496, .T. ) ;
#2631 = MECHANICAL_DESIGN_GEOMETRIC_PRESENTATION_REPRESENTATION (  '', ( #3311 ), #791 ) ;
#2632 = AXIS2_PLACEMENT_3D ( 'NONE', #4286, #9178, #1876 ) ;
#2633 = CARTESIAN_POINT ( 'NONE',  ( -4.494557450338588112, -0.4149999999999995914, 0.1999999999999999833 ) ) ;
#2634 = LINE ( 'NONE', #2679, #672 ) ;
#2635 = SURFACE_STYLE_FILL_AREA ( #7460 ) ;
#2636 = FILL_AREA_STYLE_COLOUR ( '', #1065 ) ;
#2637 = LINE ( 'NONE', #8960, #9474 ) ;
#2638 = EDGE_LOOP ( 'NONE', ( #4731, #51, #3582, #6583 ) ) ;
#2639 = SURFACE_STYLE_FILL_AREA ( #7255 ) ;
#2640 = SURFACE_STYLE_USAGE ( .BOTH. , #9068 ) ;
#2641 = DIRECTION ( 'NONE',  ( -1.000000000000000000, -0.0000000000000000000, 8.270764333545149118E-16 ) ) ;
#2642 = EDGE_CURVE ( 'NONE', #8545, #7336, #5337, .T. ) ;
#2643 = CARTESIAN_POINT ( 'NONE',  ( 4.199115124434926294, -0.4149999999999995914, 0.2479055466999157964 ) ) ;
#2644 = CARTESIAN_POINT ( 'NONE',  ( 4.494557450338586335, -1.684999999999999831, 5.421010862427522170E-16 ) ) ;
#2645 = LINE ( 'NONE', #1933, #6682 ) ;
#2646 = LINE ( 'NONE', #6437, #3228 ) ;
#2647 = STYLED_ITEM ( 'NONE', ( #5418 ), #6436 ) ;
#2648 = ORIENTED_EDGE ( 'NONE', *, *, #5872, .F. ) ;
#2649 = EDGE_LOOP ( 'NONE', ( #9497, #3273, #864, #8170 ) ) ;
#2650 = CARTESIAN_POINT ( 'NONE',  ( 4.184149331665849125, 2.955000000000000071, 1.484534871776028275 ) ) ;
#2651 = ORIENTED_EDGE ( 'NONE', *, *, #3519, .F. ) ;
#2652 =( NAMED_UNIT ( * ) PLANE_ANGLE_UNIT ( ) SI_UNIT ( $, .RADIAN. ) );
#2653 = VECTOR ( 'NONE', #7800, 1000.000000000000000 ) ;
#2654 = PRESENTATION_LAYER_ASSIGNMENT (  '', '', ( #6473 ) ) ;
#2655 = ORIENTED_EDGE ( 'NONE', *, *, #1857, .T. ) ;
#2656 = DIRECTION ( 'NONE',  ( 4.342151275111226558E-15, 0.0000000000000000000, -1.000000000000000000 ) ) ;
#2657 = LINE ( 'NONE', #361, #2814 ) ;
#2658 = ORIENTED_EDGE ( 'NONE', *, *, #6593, .F. ) ;
#2659 = FILL_AREA_STYLE ('',( #4994 ) ) ;
#2660 =( GEOMETRIC_REPRESENTATION_CONTEXT ( 3 ) GLOBAL_UNCERTAINTY_ASSIGNED_CONTEXT ( ( #8297 ) ) GLOBAL_UNIT_ASSIGNED_CONTEXT ( ( #7535, #6115, #9276 ) ) REPRESENTATION_CONTEXT ( 'NONE', 'WORKASPACE' ) );
#2661 = ORIENTED_EDGE ( 'NONE', *, *, #9134, .T. ) ;
#2662 = SURFACE_STYLE_FILL_AREA ( #3361 ) ;
#2663 = CARTESIAN_POINT ( 'NONE',  ( -4.494557450338584559, 2.125000000000000444, 1.680513367352531873E-15 ) ) ;
#2664 = EDGE_CURVE ( 'NONE', #3961, #1297, #7193, .T. ) ;
#2665 = CIRCLE ( 'NONE', #3993, 0.1243605512616186154 ) ;
#2666 =( NAMED_UNIT ( * ) PLANE_ANGLE_UNIT ( ) SI_UNIT ( $, .RADIAN. ) );
#2667 = SURFACE_STYLE_USAGE ( .BOTH. , #6598 ) ;
#2668 = STYLED_ITEM ( 'NONE', ( #540 ), #6421 ) ;
#2669 = FACE_OUTER_BOUND ( 'NONE', #5345, .T. ) ;
#2670 = ORIENTED_EDGE ( 'NONE', *, *, #1342, .F. ) ;
#2671 = ADVANCED_FACE ( 'NONE', ( #614 ), #42, .F. ) ;
#2672 = VERTEX_POINT ( 'NONE', #5389 ) ;
#2673 = CARTESIAN_POINT ( 'NONE',  ( 3.881702402145740471, -0.8549999999999998712, 1.531712435151438845 ) ) ;
#2674 = EDGE_CURVE ( 'NONE', #8362, #709, #2721, .T. ) ;
#2675 = DIRECTION ( 'NONE',  ( 0.0000000000000000000, -0.0000000000000000000, 1.000000000000000000 ) ) ;
#2676 = COLOUR_RGB ( '',0.7529411764705882248, 0.7529411764705882248, 0.7529411764705882248 ) ;
#2677 = CARTESIAN_POINT ( 'NONE',  ( -3.750000000000000444, 5.099999999999999645, 1.600000000000000089 ) ) ;
#2678 = EDGE_CURVE ( 'NONE', #7736, #889, #1558, .T. ) ;
#2679 = CARTESIAN_POINT ( 'NONE',  ( -3.899999999999999911, 4.949999999999999289, 1.600000000000000089 ) ) ;
#2680 = CARTESIAN_POINT ( 'NONE',  ( 4.199115124434927182, -3.394999999999999574, 0.2479055466999157964 ) ) ;
#2681 = LINE ( 'NONE', #8232, #8246 ) ;
#2682 = SURFACE_STYLE_FILL_AREA ( #5064 ) ;
#2683 = CARTESIAN_POINT ( 'NONE',  ( -5.149999999999999467, 2.125000000000000444, 0.0000000000000000000 ) ) ;
#2684 = LINE ( 'NONE', #5901, #9096 ) ;
#2685 = VECTOR ( 'NONE', #4266, 1000.000000000000000 ) ;
#2686 = ORIENTED_EDGE ( 'NONE', *, *, #647, .F. ) ;
#2687 = DIRECTION ( 'NONE',  ( -0.9848077530122065770, 0.0000000000000000000, 0.1736481776669387689 ) ) ;
#2688 = EDGE_CURVE ( 'NONE', #1713, #2272, #7735, .T. ) ;
#2689 = CIRCLE ( 'NONE', #9306, 0.2999999999999983791 ) ;
#2690 = EDGE_LOOP ( 'NONE', ( #2851, #447, #2522, #9379 ) ) ;
#2691 = DIRECTION ( 'NONE',  ( -0.0000000000000000000, -1.000000000000000000, -0.0000000000000000000 ) ) ;
#2692 = MECHANICAL_DESIGN_GEOMETRIC_PRESENTATION_REPRESENTATION (  '', ( #7156 ), #3207 ) ;
#2693 = CARTESIAN_POINT ( 'NONE',  ( 3.990737311234599183, 4.225000000000000533, 1.429674850314564205 ) ) ;
#2694 = CARTESIAN_POINT ( 'NONE',  ( 3.990737311234600071, 2.125000000000000444, 1.429674850314564205 ) ) ;
#2695 = PRESENTATION_STYLE_ASSIGNMENT (( #7524 ) ) ;
#2696 = CARTESIAN_POINT ( 'NONE',  ( 3.888707005762189972, 3.395000000000000462, 1.432440418475947386 ) ) ;
#2697 = CARTESIAN_POINT ( 'NONE',  ( -3.750000000000000444, 4.949999999999999289, 1.600000000000000089 ) ) ;
#2698 = PRESENTATION_LAYER_ASSIGNMENT (  '', '', ( #44 ) ) ;
#2699 = ADVANCED_FACE ( 'NONE', ( #3013 ), #3073, .F. ) ;
#2700 = UNCERTAINTY_MEASURE_WITH_UNIT (LENGTH_MEASURE( 1.000000000000000082E-05 ), #3436, 'distance_accuracy_value', 'NONE');
#2701 = DIRECTION ( 'NONE',  ( 2.993196490461626187E-17, 0.2588190451025212946, -0.9659258262890680902 ) ) ;
#2702 = ORIENTED_EDGE ( 'NONE', *, *, #2005, .T. ) ;
#2703 = PRESENTATION_LAYER_ASSIGNMENT (  '', '', ( #7174 ) ) ;
#2704 =( LENGTH_UNIT ( ) NAMED_UNIT ( * ) SI_UNIT ( .MILLI., .METRE. ) );
#2705 = DIRECTION ( 'NONE',  ( -0.0000000000000000000, -1.000000000000000000, 0.0000000000000000000 ) ) ;
#2706 = UNCERTAINTY_MEASURE_WITH_UNIT (LENGTH_MEASURE( 1.000000000000000082E-05 ), #4087, 'distance_accuracy_value', 'NONE');
#2707 = COLOUR_RGB ( '',0.7529411764705882248, 0.7529411764705882248, 0.7529411764705882248 ) ;
#2708 = EDGE_LOOP ( 'NONE', ( #7904, #2239, #7939, #5546, #10033, #9088 ) ) ;
#2709 = DIRECTION ( 'NONE',  ( 1.000000000000000000, 0.0000000000000000000, 2.451907390652843649E-15 ) ) ;
#2710 = AXIS2_PLACEMENT_3D ( 'NONE', #9535, #6485, #2546 ) ;
#2711 = COLOUR_RGB ( '',0.7529411764705882248, 0.7529411764705882248, 0.7529411764705882248 ) ;
#2712 = PLANE ( 'NONE',  #4692 ) ;
#2713 =( LENGTH_UNIT ( ) NAMED_UNIT ( * ) SI_UNIT ( .MILLI., .METRE. ) );
#2714 = ORIENTED_EDGE ( 'NONE', *, *, #9223, .F. ) ;
#2715 = DIRECTION ( 'NONE',  ( -1.000000000000000000, 0.0000000000000000000, 2.451907390652843255E-15 ) ) ;
#2716 =( NAMED_UNIT ( * ) SI_UNIT ( $, .STERADIAN. ) SOLID_ANGLE_UNIT ( ) );
#2717 = PRESENTATION_STYLE_ASSIGNMENT (( #7335 ) ) ;
#2718 = ORIENTED_EDGE ( 'NONE', *, *, #8081, .F. ) ;
#2719 = CARTESIAN_POINT ( 'NONE',  ( -4.184149331665848237, -4.665000000000000036, 1.484534871776029386 ) ) ;
#2720 = SURFACE_SIDE_STYLE ('',( #3459 ) ) ;
#2721 = CIRCLE ( 'NONE', #6030, 0.2999999999999999334 ) ;
#2722 = DIRECTION ( 'NONE',  ( 1.752245935330108428E-16, -1.000000000000000000, 0.0000000000000000000 ) ) ;
#2723 = FILL_AREA_STYLE ('',( #3367 ) ) ;
#2724 = EDGE_LOOP ( 'NONE', ( #4853, #9169, #8742, #8 ) ) ;
#2725 =( GEOMETRIC_REPRESENTATION_CONTEXT ( 3 ) GLOBAL_UNCERTAINTY_ASSIGNED_CONTEXT ( ( #1036 ) ) GLOBAL_UNIT_ASSIGNED_CONTEXT ( ( #54, #3306, #7120 ) ) REPRESENTATION_CONTEXT ( 'NONE', 'WORKASPACE' ) );
#2726 = CARTESIAN_POINT ( 'NONE',  ( -3.899999999999999467, 3.395000000000000462, 1.600000000000000089 ) ) ;
#2727 = DIRECTION ( 'NONE',  ( 0.0000000000000000000, 0.0000000000000000000, -1.000000000000000000 ) ) ;
#2728 = CARTESIAN_POINT ( 'NONE',  ( 4.494557450338585447, 3.395000000000000462, -1.084202172485504434E-15 ) ) ;
#2729 = AXIS2_PLACEMENT_3D ( 'NONE', #8042, #5646, #7062 ) ;
#2730 = CARTESIAN_POINT ( 'NONE',  ( 3.881702402145740916, -1.684999999999999831, 1.531712435151438845 ) ) ;
#2731 =( NAMED_UNIT ( * ) SI_UNIT ( $, .STERADIAN. ) SOLID_ANGLE_UNIT ( ) );
#2732 = AXIS2_PLACEMENT_3D ( 'NONE', #3008, #4597, #2956 ) ;
#2733 = SURFACE_STYLE_USAGE ( .BOTH. , #181 ) ;
#2734 = FILL_AREA_STYLE ('',( #9822 ) ) ;
#2735 = COLOUR_RGB ( '',0.7529411764705882248, 0.7529411764705882248, 0.7529411764705882248 ) ;
#2736 = STYLED_ITEM ( 'NONE', ( #311 ), #9278 ) ;
#2737 = ORIENTED_EDGE ( 'NONE', *, *, #5412, .F. ) ;
#2738 = ADVANCED_FACE ( 'NONE', ( #8274 ), #8223, .F. ) ;
#2739 = EDGE_CURVE ( 'NONE', #6249, #2069, #7364, .T. ) ;
#2740 = CARTESIAN_POINT ( 'NONE',  ( 3.888707005762190416, 0.8550000000000007594, 1.432440418475947386 ) ) ;
#2741 = STYLED_ITEM ( 'NONE', ( #1915 ), #3163 ) ;
#2742 = FACE_OUTER_BOUND ( 'NONE', #9691, .T. ) ;
#2743 = ORIENTED_EDGE ( 'NONE', *, *, #10146, .T. ) ;
#2744 = SURFACE_STYLE_USAGE ( .BOTH. , #7519 ) ;
#2746 = EDGE_CURVE ( 'NONE', #4885, #3912, #91, .T. ) ;
#2745 = FACE_OUTER_BOUND ( 'NONE', #989, .T. ) ;
#2747 = ADVANCED_FACE ( 'NONE', ( #3466 ), #433, .F. ) ;
#2748 = FILL_AREA_STYLE ('',( #4234 ) ) ;
#2749 = CARTESIAN_POINT ( 'NONE',  ( 4.494557450338590776, -2.954999999999999183, 0.1999999999999988454 ) ) ;
#2750 =( NAMED_UNIT ( * ) SI_UNIT ( $, .STERADIAN. ) SOLID_ANGLE_UNIT ( ) );
#2751 = VECTOR ( 'NONE', #2383, 1000.000000000000000 ) ;
#2752 = FACE_OUTER_BOUND ( 'NONE', #4586, .T. ) ;
#2753 = ORIENTED_EDGE ( 'NONE', *, *, #5771, .F. ) ;
#2754 = ORIENTED_EDGE ( 'NONE', *, *, #6094, .F. ) ;
#2755 =( LENGTH_UNIT ( ) NAMED_UNIT ( * ) SI_UNIT ( .MILLI., .METRE. ) );
#2756 = EDGE_LOOP ( 'NONE', ( #77, #7676, #8915, #1386 ) ) ;
#2757 = DIRECTION ( 'NONE',  ( -0.2588190451025213501, 0.0000000000000000000, -0.9659258262890680902 ) ) ;
#2758 = EDGE_CURVE ( 'NONE', #4119, #4641, #3730, .T. ) ;
#2759 = EDGE_LOOP ( 'NONE', ( #4076, #8706, #9744, #5149, #9281, #2413, #6282, #5085, #2568, #2410, #6618, #106 ) ) ;
#2760 = FACE_OUTER_BOUND ( 'NONE', #7975, .T. ) ;
#2761 = ORIENTED_EDGE ( 'NONE', *, *, #2937, .F. ) ;
#2762 =( NAMED_UNIT ( * ) PLANE_ANGLE_UNIT ( ) SI_UNIT ( $, .RADIAN. ) );
#2763 =( LENGTH_UNIT ( ) NAMED_UNIT ( * ) SI_UNIT ( .MILLI., .METRE. ) );
#2764 = EDGE_LOOP ( 'NONE', ( #7988, #9893, #8422 ) ) ;
#2765 = CARTESIAN_POINT ( 'NONE',  ( 4.184149331665850902, -4.665000000000000036, 1.484534871776028275 ) ) ;
#2766 = LINE ( 'NONE', #7494, #154 ) ;
#2767 = DIRECTION ( 'NONE',  ( 0.0000000000000000000, 1.000000000000000000, 0.0000000000000000000 ) ) ;
#2768 = LINE ( 'NONE', #5940, #6502 ) ;
#2769 = CARTESIAN_POINT ( 'NONE',  ( -3.990737311234599183, 4.665000000000000924, 1.429674850314565093 ) ) ;
#2770 = CIRCLE ( 'NONE', #3780, 0.09999999999999911737 ) ;
#2771 = ORIENTED_EDGE ( 'NONE', *, *, #8205, .F. ) ;
#2772 = PLANE ( 'NONE',  #8066 ) ;
#2773 = COLOUR_RGB ( '',0.7529411764705882248, 0.7529411764705882248, 0.7529411764705882248 ) ;
#2774 = LINE ( 'NONE', #3621, #8370 ) ;
#2775 = PRESENTATION_STYLE_ASSIGNMENT (( #2008 ) ) ;
#2776 = CARTESIAN_POINT ( 'NONE',  ( 4.184149331665850013, 2.125000000000000444, 1.484534871776028275 ) ) ;
#2777 = DIRECTION ( 'NONE',  ( 0.0000000000000000000, 0.0000000000000000000, -1.000000000000000000 ) ) ;
#2778 = AXIS2_PLACEMENT_3D ( 'NONE', #4162, #5687, #2629 ) ;
#2779 = DIRECTION ( 'NONE',  ( 0.0000000000000000000, 0.0000000000000000000, -1.000000000000000000 ) ) ;
#2780 = STYLED_ITEM ( 'NONE', ( #883 ), #4688 ) ;
#2781 = UNCERTAINTY_MEASURE_WITH_UNIT (LENGTH_MEASURE( 1.000000000000000082E-05 ), #9672, 'distance_accuracy_value', 'NONE');
#2782 = DIRECTION ( 'NONE',  ( -0.2588190451025213501, -0.0000000000000000000, 0.9659258262890680902 ) ) ;
#2783 = FILL_AREA_STYLE ('',( #1965 ) ) ;
#2784 = UNCERTAINTY_MEASURE_WITH_UNIT (LENGTH_MEASURE( 1.000000000000000082E-05 ), #2429, 'distance_accuracy_value', 'NONE');
#2785 = CARTESIAN_POINT ( 'NONE',  ( -3.888707005762188640, -0.4149999999999995914, 1.732440418475947430 ) ) ;
#2786 = VERTEX_POINT ( 'NONE', #5361 ) ;
#2787 = VERTEX_POINT ( 'NONE', #5994 ) ;
#2788 = COLOUR_RGB ( '',0.7529411764705882248, 0.7529411764705882248, 0.7529411764705882248 ) ;
#2789 = AXIS2_PLACEMENT_3D ( 'NONE', #3699, #508, #4344 ) ;
#2790 = DIRECTION ( 'NONE',  ( -0.1736481776669387411, 0.0000000000000000000, -0.9848077530122064660 ) ) ;
#2791 = SURFACE_STYLE_FILL_AREA ( #9880 ) ;
#2792 = ORIENTED_EDGE ( 'NONE', *, *, #1617, .F. ) ;
#2793 = ADVANCED_FACE ( 'NONE', ( #9251 ), #5310, .F. ) ;
#2794 = DIRECTION ( 'NONE',  ( 1.000000000000000000, 0.0000000000000000000, -8.270764333545148132E-16 ) ) ;
#2795 = DIRECTION ( 'NONE',  ( -1.000000000000000000, 0.0000000000000000000, -2.563936943398996305E-15 ) ) ;
#2796 = VECTOR ( 'NONE', #2422, 1000.000000000000000 ) ;
#2797 = FILL_AREA_STYLE_COLOUR ( '', #6848 ) ;
#2798 = ORIENTED_EDGE ( 'NONE', *, *, #7986, .T. ) ;
#2799 = EDGE_CURVE ( 'NONE', #10082, #6630, #8529, .T. ) ;
#2800 = EDGE_LOOP ( 'NONE', ( #8901, #2278, #499, #6936 ) ) ;
#2801 = PLANE ( 'NONE',  #7188 ) ;
#2802 = UNCERTAINTY_MEASURE_WITH_UNIT (LENGTH_MEASURE( 1.000000000000000082E-05 ), #8340, 'distance_accuracy_value', 'NONE');
#2803 = ADVANCED_FACE ( 'NONE', ( #5256 ), #1429, .F. ) ;
#2804 = ORIENTED_EDGE ( 'NONE', *, *, #1205, .F. ) ;
#2805 = FILL_AREA_STYLE ('',( #6844 ) ) ;
#2806 = VERTEX_POINT ( 'NONE', #6963 ) ;
#2807 = CYLINDRICAL_SURFACE ( 'NONE', #10221, 0.1243605512616186154 ) ;
#2808 =( NAMED_UNIT ( * ) PLANE_ANGLE_UNIT ( ) SI_UNIT ( $, .RADIAN. ) );
#2809 = CARTESIAN_POINT ( 'NONE',  ( -4.494557450338589000, 3.395000000000000462, 0.1999999999999999833 ) ) ;
#2810 = EDGE_CURVE ( 'NONE', #972, #9922, #3039, .T. ) ;
#2811 = COLOUR_RGB ( '',0.7529411764705882248, 0.7529411764705882248, 0.7529411764705882248 ) ;
#2812 = VECTOR ( 'NONE', #1629, 1000.000000000000000 ) ;
#2813 = DIRECTION ( 'NONE',  ( 0.0000000000000000000, 0.0000000000000000000, 1.000000000000000000 ) ) ;
#2814 = VECTOR ( 'NONE', #8886, 1000.000000000000000 ) ;
#2815 = SURFACE_SIDE_STYLE ('',( #10069 ) ) ;
#2816 = FACE_OUTER_BOUND ( 'NONE', #4239, .T. ) ;
#2817 = CARTESIAN_POINT ( 'NONE',  ( 3.888707005762189528, 4.665000000000000924, 1.732440418475945654 ) ) ;
#2818 = STYLED_ITEM ( 'NONE', ( #7777 ), #6912 ) ;
#2819 = VERTEX_POINT ( 'NONE', #6351 ) ;
#2820 = FACE_OUTER_BOUND ( 'NONE', #8260, .T. ) ;
#2821 = VECTOR ( 'NONE', #1019, 1000.000000000000000 ) ;
#2822 = DIRECTION ( 'NONE',  ( -0.1736481776669392962, 0.0000000000000000000, 0.9848077530122064660 ) ) ;
#2823 = FILL_AREA_STYLE_COLOUR ( '', #4726 ) ;
#2824 = ADVANCED_FACE ( 'NONE', ( #10184 ), #1906, .T. ) ;
#2825 =( LENGTH_UNIT ( ) NAMED_UNIT ( * ) SI_UNIT ( .MILLI., .METRE. ) );
#2826 = CARTESIAN_POINT ( 'NONE',  ( -4.396076675037368098, -2.954999999999999183, 0.2826351822333060815 ) ) ;
#2827 =( NAMED_UNIT ( * ) SI_UNIT ( $, .STERADIAN. ) SOLID_ANGLE_UNIT ( ) );
#2828 = PRESENTATION_LAYER_ASSIGNMENT (  '', '', ( #2185 ) ) ;
#2829 = PRESENTATION_STYLE_ASSIGNMENT (( #9916 ) ) ;
#2830 = AXIS2_PLACEMENT_3D ( 'NONE', #2331, #3750, #7622 ) ;
#2831 = CARTESIAN_POINT ( 'NONE',  ( -4.184149331665850013, 2.955000000000000071, 1.484534871776029386 ) ) ;
#2832 = PRESENTATION_STYLE_ASSIGNMENT (( #9919 ) ) ;
#2833 = CARTESIAN_POINT ( 'NONE',  ( -3.269043711038446265, -4.469043711038447775, -0.7547609277596164512 ) ) ;
#2834 = CARTESIAN_POINT ( 'NONE',  ( 3.419719839745684720, -4.619719839745683565, -0.1924299599364248659 ) ) ;
#2835 = VERTEX_POINT ( 'NONE', #1636 ) ;
#2836 = EDGE_LOOP ( 'NONE', ( #5867, #2655, #7065, #3114, #6701, #2514, #6078, #3742, #8887, #1418, #9518, #4108 ) ) ;
#2837 = DIRECTION ( 'NONE',  ( 0.0000000000000000000, 0.0000000000000000000, -1.000000000000000000 ) ) ;
#2838 = DIRECTION ( 'NONE',  ( -0.0000000000000000000, -1.000000000000000000, -0.0000000000000000000 ) ) ;
#2839 = DIRECTION ( 'NONE',  ( 0.0000000000000000000, 1.000000000000000000, 0.0000000000000000000 ) ) ;
#2840 = CYLINDRICAL_SURFACE ( 'NONE', #7329, 0.2999999999999983791 ) ;
#2841 = PRESENTATION_STYLE_ASSIGNMENT (( #7042 ) ) ;
#2842 = ORIENTED_EDGE ( 'NONE', *, *, #3834, .T. ) ;
#2843 =( NAMED_UNIT ( * ) PLANE_ANGLE_UNIT ( ) SI_UNIT ( $, .RADIAN. ) );
#2844 = FILL_AREA_STYLE ('',( #4015 ) ) ;
#2845 = AXIS2_PLACEMENT_3D ( 'NONE', #2561, #5665, #3494 ) ;
#2846 =( NAMED_UNIT ( * ) SI_UNIT ( $, .STERADIAN. ) SOLID_ANGLE_UNIT ( ) );
#2847 = VECTOR ( 'NONE', #7027, 1000.000000000000000 ) ;
#2848 = CARTESIAN_POINT ( 'NONE',  ( 3.990737311234600959, -2.954999999999999183, 1.429674850314564205 ) ) ;
#2849 =( NAMED_UNIT ( * ) PLANE_ANGLE_UNIT ( ) SI_UNIT ( $, .RADIAN. ) );
#2850 = FILL_AREA_STYLE_COLOUR ( '', #5111 ) ;
#2851 = ORIENTED_EDGE ( 'NONE', *, *, #6355, .T. ) ;
#2852 = CIRCLE ( 'NONE', #7326, 0.2999999999999999889 ) ;
#2853 = EDGE_CURVE ( 'NONE', #5673, #5653, #5869, .T. ) ;
#2854 = VERTEX_POINT ( 'NONE', #4840 ) ;
#2855 = STYLED_ITEM ( 'NONE', ( #6318 ), #7941 ) ;
#2856 = ORIENTED_EDGE ( 'NONE', *, *, #67, .F. ) ;
#2857 = DIRECTION ( 'NONE',  ( 0.0000000000000000000, 0.0000000000000000000, -1.000000000000000000 ) ) ;
#2858 = VECTOR ( 'NONE', #7962, 1000.000000000000227 ) ;
#2859 = VERTEX_POINT ( 'NONE', #9455 ) ;
#2860 = EDGE_CURVE ( 'NONE', #709, #1063, #1687, .T. ) ;
#2861 = DIRECTION ( 'NONE',  ( 1.117076137943961358E-16, 0.9659258262890680902, 0.2588190451025213501 ) ) ;
#2862 = FILL_AREA_STYLE ('',( #5294 ) ) ;
#2863 = ORIENTED_EDGE ( 'NONE', *, *, #1541, .T. ) ;
#2864 = PRODUCT_RELATED_PRODUCT_CATEGORY ( 'part', '', ( #6910 ) ) ;
#2865 = CARTESIAN_POINT ( 'NONE',  ( -4.494557450338589000, 4.225000000000000533, 0.1999999999999999833 ) ) ;
#2866 = VECTOR ( 'NONE', #6251, 1000.000000000000000 ) ;
#2867 = EDGE_CURVE ( 'NONE', #7010, #1944, #3101, .T. ) ;
#2868 = CYLINDRICAL_SURFACE ( 'NONE', #1413, 0.2999999999999983791 ) ;
#2869 = EDGE_LOOP ( 'NONE', ( #4980, #1469, #7832, #4587, #6767, #7616, #2392, #2407, #783, #8667, #9114, #9640 ) ) ;
#2870 = CARTESIAN_POINT ( 'NONE',  ( 3.868266076183286550, -3.394999999999999574, 1.408079867214328207 ) ) ;
#2871 = FILL_AREA_STYLE_COLOUR ( '', #5300 ) ;
#2872 = COLOUR_RGB ( '',0.7529411764705882248, 0.7529411764705882248, 0.7529411764705882248 ) ;
#2873 =( LENGTH_UNIT ( ) NAMED_UNIT ( * ) SI_UNIT ( .MILLI., .METRE. ) );
#2874 = AXIS2_PLACEMENT_3D ( 'NONE', #6476, #9622, #2536 ) ;
#2875 = EDGE_CURVE ( 'NONE', #3912, #981, #7700, .T. ) ;
#2876 = EDGE_CURVE ( 'NONE', #899, #669, #4533, .T. ) ;
#2877 =( NAMED_UNIT ( * ) PLANE_ANGLE_UNIT ( ) SI_UNIT ( $, .RADIAN. ) );
#2878 = LINE ( 'NONE', #8472, #10084 ) ;
#2879 = VECTOR ( 'NONE', #6446, 1000.000000000000000 ) ;
#2880 = ORIENTED_EDGE ( 'NONE', *, *, #5143, .F. ) ;
#2881 = FILL_AREA_STYLE_COLOUR ( '', #9867 ) ;
#2882 = DIRECTION ( 'NONE',  ( -0.0000000000000000000, -1.000000000000000000, -0.0000000000000000000 ) ) ;
#2883 = COLOUR_RGB ( '',0.7529411764705882248, 0.7529411764705882248, 0.7529411764705882248 ) ;
#2884 = VECTOR ( 'NONE', #8357, 1000.000000000000227 ) ;
#2885 = DIRECTION ( 'NONE',  ( 0.0000000000000000000, 1.000000000000000000, 0.0000000000000000000 ) ) ;
#2886 = CARTESIAN_POINT ( 'NONE',  ( 3.990737311234599183, 4.665000000000000924, 1.429674850314564205 ) ) ;
#2887 = PRESENTATION_STYLE_ASSIGNMENT (( #3735 ) ) ;
#2888 = COLOUR_RGB ( '',0.7529411764705882248, 0.7529411764705882248, 0.7529411764705882248 ) ;
#2889 = UNCERTAINTY_MEASURE_WITH_UNIT (LENGTH_MEASURE( 1.000000000000000082E-05 ), #40, 'distance_accuracy_value', 'NONE');
#2890 = ADVANCED_FACE ( 'NONE', ( #3867 ), #746, .F. ) ;
#2891 = LINE ( 'NONE', #9161, #9685 ) ;
#2892 = CYLINDRICAL_SURFACE ( 'NONE', #4764, 0.1243605512616186154 ) ;
#2893 = MECHANICAL_DESIGN_GEOMETRIC_PRESENTATION_REPRESENTATION (  '', ( #2402 ), #10000 ) ;
#2894 =( GEOMETRIC_REPRESENTATION_CONTEXT ( 3 ) GLOBAL_UNCERTAINTY_ASSIGNED_CONTEXT ( ( #8098 ) ) GLOBAL_UNIT_ASSIGNED_CONTEXT ( ( #6802, #9205, #6859 ) ) REPRESENTATION_CONTEXT ( 'NONE', 'WORKASPACE' ) );
#2895 = SURFACE_SIDE_STYLE ('',( #3782 ) ) ;
#2896 = LINE ( 'NONE', #10196, #1476 ) ;
#2897 = EDGE_LOOP ( 'NONE', ( #6816, #9491, #7206, #9053, #6542, #546 ) ) ;
#2898 = ORIENTED_EDGE ( 'NONE', *, *, #2664, .F. ) ;
#2899 = DIRECTION ( 'NONE',  ( 0.0000000000000000000, 1.000000000000000000, 0.0000000000000000000 ) ) ;
#2900 = VECTOR ( 'NONE', #6712, 1000.000000000000000 ) ;
#2901 = DIRECTION ( 'NONE',  ( 0.1736481776669393240, -0.0000000000000000000, 0.9848077530122063550 ) ) ;
#2903 = CARTESIAN_POINT ( 'NONE',  ( -3.899999999999999023, -0.4149999999999995914, 1.600000000000000089 ) ) ;
#2902 = AXIS2_PLACEMENT_3D ( 'NONE', #4754, #1599, #5478 ) ;
#2904 = CARTESIAN_POINT ( 'NONE',  ( -5.150000000000000355, 2.955000000000000071, 0.2000000000000016764 ) ) ;
#2905 = ORIENTED_EDGE ( 'NONE', *, *, #1917, .F. ) ;
#2906 =( NAMED_UNIT ( * ) SI_UNIT ( $, .STERADIAN. ) SOLID_ANGLE_UNIT ( ) );
#2907 = LINE ( 'NONE', #1290, #10144 ) ;
#2908 = VECTOR ( 'NONE', #2475, 1000.000000000000000 ) ;
#2909 = AXIS2_PLACEMENT_3D ( 'NONE', #380, #6804, #9914 ) ;
#2910 = CARTESIAN_POINT ( 'NONE',  ( -3.881702402145738695, -2.125000000000000000, 1.531712435151439733 ) ) ;
#2911 = PRESENTATION_STYLE_ASSIGNMENT (( #506 ) ) ;
#2912 = ORIENTED_EDGE ( 'NONE', *, *, #4960, .F. ) ;
#2913 = SURFACE_SIDE_STYLE ('',( #9229 ) ) ;
#2914 =( GEOMETRIC_REPRESENTATION_CONTEXT ( 3 ) GLOBAL_UNCERTAINTY_ASSIGNED_CONTEXT ( ( #8937 ) ) GLOBAL_UNIT_ASSIGNED_CONTEXT ( ( #7497, #379, #5159 ) ) REPRESENTATION_CONTEXT ( 'NONE', 'WORKASPACE' ) );
#2915 = ORIENTED_EDGE ( 'NONE', *, *, #5848, .F. ) ;
#2916 = CONICAL_SURFACE ( 'NONE', #2582, 0.1500000000000003830, 0.2617993877991500740 ) ;
#2917 = VERTEX_POINT ( 'NONE', #2192 ) ;
#2918 = UNCERTAINTY_MEASURE_WITH_UNIT (LENGTH_MEASURE( 1.000000000000000082E-05 ), #2873, 'distance_accuracy_value', 'NONE');
#2919 = CARTESIAN_POINT ( 'NONE',  ( -5.149999999999999467, 0.8550000000000007594, 0.0000000000000000000 ) ) ;
#2920 = VERTEX_POINT ( 'NONE', #726 ) ;
#2921 = PLANE ( 'NONE',  #3778 ) ;
#2922 = VERTEX_POINT ( 'NONE', #624 ) ;
#2923 = FILL_AREA_STYLE ('',( #4304 ) ) ;
#2924 = VERTEX_POINT ( 'NONE', #6840 ) ;
#2925 = LINE ( 'NONE', #1261, #4860 ) ;
#2926 = FACE_OUTER_BOUND ( 'NONE', #2897, .T. ) ;
#2927 = DIRECTION ( 'NONE',  ( 0.1736481776669387411, 0.0000000000000000000, 0.9848077530122064660 ) ) ;
#2928 = ADVANCED_FACE ( 'NONE', ( #1408 ), #10006, .F. ) ;
#2929 = DIRECTION ( 'NONE',  ( 0.0000000000000000000, 0.0000000000000000000, -1.000000000000000000 ) ) ;
#2930 = ORIENTED_EDGE ( 'NONE', *, *, #2515, .F. ) ;
#2931 = FILL_AREA_STYLE ('',( #3566 ) ) ;
#2932 = SURFACE_STYLE_FILL_AREA ( #639 ) ;
#2933 = FILL_AREA_STYLE_COLOUR ( '', #1799 ) ;
#2934 = CYLINDRICAL_SURFACE ( 'NONE', #9481, 0.09999999999999911737 ) ;
#2935 = DIRECTION ( 'NONE',  ( 0.0000000000000000000, 1.000000000000000000, -0.0000000000000000000 ) ) ;
#2936 = ADVANCED_FACE ( 'NONE', ( #1355 ), #5550, .T. ) ;
#2937 = EDGE_CURVE ( 'NONE', #1732, #172, #1618, .T. ) ;
#2938 =( NAMED_UNIT ( * ) PLANE_ANGLE_UNIT ( ) SI_UNIT ( $, .RADIAN. ) );
#2939 = CIRCLE ( 'NONE', #8732, 0.2500000000000002220 ) ;
#2940 = DIRECTION ( 'NONE',  ( -0.0000000000000000000, -1.000000000000000000, -0.0000000000000000000 ) ) ;
#2941 =( NAMED_UNIT ( * ) SI_UNIT ( $, .STERADIAN. ) SOLID_ANGLE_UNIT ( ) );
#2942 = STYLED_ITEM ( 'NONE', ( #6664 ), #3585 ) ;
#2943 = SURFACE_STYLE_USAGE ( .BOTH. , #6971 ) ;
#2944 = ORIENTED_EDGE ( 'NONE', *, *, #4838, .T. ) ;
#2945 = VERTEX_POINT ( 'NONE', #825 ) ;
#2946 = CARTESIAN_POINT ( 'NONE',  ( 4.494557450338589888, -0.4149999999999995914, 0.2999999999999988787 ) ) ;
#2947 = EDGE_LOOP ( 'NONE', ( #2648, #6837, #4001, #4735, #4951, #2981, #9012, #6942, #519, #5427, #5082, #6341 ) ) ;
#2948 = CARTESIAN_POINT ( 'NONE',  ( 5.150000000000002132, -2.954999999999999183, 0.2000000000000016764 ) ) ;
#2949 = CARTESIAN_POINT ( 'NONE',  ( 3.888707005762191304, -4.224999999999999645, 1.432440418475947386 ) ) ;
#2950 = VERTEX_POINT ( 'NONE', #2444 ) ;
#2951 = ADVANCED_FACE ( 'NONE', ( #194 ), #7044, .T. ) ;
#2952 = STYLED_ITEM ( 'NONE', ( #1754 ), #775 ) ;
#2953 = STYLED_ITEM ( 'NONE', ( #1325 ), #4338 ) ;
#2954 = DIRECTION ( 'NONE',  ( -0.0000000000000000000, -1.000000000000000000, -0.0000000000000000000 ) ) ;
#2955 = CARTESIAN_POINT ( 'NONE',  ( -3.864512696824129900, 4.665000000000000924, 1.732440418475947430 ) ) ;
#2956 = DIRECTION ( 'NONE',  ( 0.0000000000000000000, 0.0000000000000000000, -1.000000000000000000 ) ) ;
#2957 = FILL_AREA_STYLE_COLOUR ( '', #6035 ) ;
#2958 = CARTESIAN_POINT ( 'NONE',  ( -3.864512696824129456, 1.685000000000000275, 1.732440418475947430 ) ) ;
#2959 = VECTOR ( 'NONE', #852, 1000.000000000000000 ) ;
#2960 = ORIENTED_EDGE ( 'NONE', *, *, #2191, .F. ) ;
#2961 = AXIS2_PLACEMENT_3D ( 'NONE', #4211, #2767, #168 ) ;
#2962 = EDGE_LOOP ( 'NONE', ( #7449, #6086, #7192, #7579 ) ) ;
#2963 = ADVANCED_FACE ( 'NONE', ( #8969 ), #6622, .F. ) ;
#2964 = SURFACE_STYLE_FILL_AREA ( #6889 ) ;
#2965 = ORIENTED_EDGE ( 'NONE', *, *, #1284, .T. ) ;
#2966 = SURFACE_SIDE_STYLE ('',( #5460 ) ) ;
#2967 = VERTEX_POINT ( 'NONE', #5753 ) ;
#2968 = FILL_AREA_STYLE ('',( #1198 ) ) ;
#2969 = SURFACE_STYLE_USAGE ( .BOTH. , #1199 ) ;
#2970 = ORIENTED_EDGE ( 'NONE', *, *, #9756, .T. ) ;
#2971 = FILL_AREA_STYLE ('',( #7841 ) ) ;
#2972 = CIRCLE ( 'NONE', #5119, 0.09999999999999911737 ) ;
#2973 = FILL_AREA_STYLE ('',( #732 ) ) ;
#2974 = FACE_OUTER_BOUND ( 'NONE', #6468, .T. ) ;
#2975 = FACE_OUTER_BOUND ( 'NONE', #9394, .T. ) ;
#2976 = ORIENTED_EDGE ( 'NONE', *, *, #5451, .F. ) ;
#2977 = FILL_AREA_STYLE ('',( #2871 ) ) ;
#2978 = CIRCLE ( 'NONE', #2319, 0.2999999999999983791 ) ;
#2979 =( NAMED_UNIT ( * ) SI_UNIT ( $, .STERADIAN. ) SOLID_ANGLE_UNIT ( ) );
#2980 = DIRECTION ( 'NONE',  ( -1.000000000000000000, 0.0000000000000000000, -2.451907390652843255E-15 ) ) ;
#2981 = ORIENTED_EDGE ( 'NONE', *, *, #4072, .T. ) ;
#2982 = SURFACE_STYLE_USAGE ( .BOTH. , #2153 ) ;
#2983 = CARTESIAN_POINT ( 'NONE',  ( 3.269043711038448929, -4.469043711038447775, 3.954760927759617406 ) ) ;
#2984 =( NAMED_UNIT ( * ) PLANE_ANGLE_UNIT ( ) SI_UNIT ( $, .RADIAN. ) );
#2985 = FILL_AREA_STYLE ('',( #2933 ) ) ;
#2986 = COLOUR_RGB ( '',0.7529411764705882248, 0.7529411764705882248, 0.7529411764705882248 ) ;
#2987 = EDGE_CURVE ( 'NONE', #4257, #5682, #9787, .T. ) ;
#2988 = LINE ( 'NONE', #8532, #9471 ) ;
#2989 = DIRECTION ( 'NONE',  ( 0.0000000000000000000, 1.000000000000000000, 0.0000000000000000000 ) ) ;
#2990 = UNCERTAINTY_MEASURE_WITH_UNIT (LENGTH_MEASURE( 1.000000000000000082E-05 ), #10149, 'distance_accuracy_value', 'NONE');
#2991 = LINE ( 'NONE', #6147, #275 ) ;
#2992 = CARTESIAN_POINT ( 'NONE',  ( 4.184149331665849125, 4.225000000000000533, 1.484534871776028275 ) ) ;
#2993 =( GEOMETRIC_REPRESENTATION_CONTEXT ( 3 ) GLOBAL_UNCERTAINTY_ASSIGNED_CONTEXT ( ( #5290 ) ) GLOBAL_UNIT_ASSIGNED_CONTEXT ( ( #5598, #9628, #8916 ) ) REPRESENTATION_CONTEXT ( 'NONE', 'WORKASPACE' ) );
#2994 = CARTESIAN_POINT ( 'NONE',  ( 4.494557450338589888, -2.125000000000000000, 0.1999999999999988454 ) ) ;
#2995 = CARTESIAN_POINT ( 'NONE',  ( -3.990737311234598295, -0.4149999999999995914, 1.429674850314565093 ) ) ;
#2996 = EDGE_CURVE ( 'NONE', #7794, #2169, #7523, .T. ) ;
#2997 = ORIENTED_EDGE ( 'NONE', *, *, #6902, .T. ) ;
#2998 = ORIENTED_EDGE ( 'NONE', *, *, #6153, .T. ) ;
#2999 = PRESENTATION_STYLE_ASSIGNMENT (( #1536 ) ) ;
#3000 = ORIENTED_EDGE ( 'NONE', *, *, #9233, .F. ) ;
#3001 = LINE ( 'NONE', #2903, #7912 ) ;
#3002 = FILL_AREA_STYLE_COLOUR ( '', #2518 ) ;
#3003 = EDGE_LOOP ( 'NONE', ( #1767, #2325, #5067, #117 ) ) ;
#3004 = MECHANICAL_DESIGN_GEOMETRIC_PRESENTATION_REPRESENTATION (  '', ( #3671 ), #4143 ) ;
#3005 = VECTOR ( 'NONE', #1067, 1000.000000000000000 ) ;
#3006 = LINE ( 'NONE', #10205, #2495 ) ;
#3007 = CARTESIAN_POINT ( 'NONE',  ( -3.881702402145739139, -0.8549999999999998712, 1.531712435151439733 ) ) ;
#3008 = CARTESIAN_POINT ( 'NONE',  ( 4.494557450338589000, 4.225000000000000533, 0.2999999999999988787 ) ) ;
#3009 = DIRECTION ( 'NONE',  ( -0.0000000000000000000, -1.000000000000000000, -0.0000000000000000000 ) ) ;
#3010 = DIRECTION ( 'NONE',  ( -1.000000000000000000, -0.0000000000000000000, 8.270764333545149118E-16 ) ) ;
#3011 = EDGE_CURVE ( 'NONE', #2070, #4997, #4340, .T. ) ;
#3012 = VECTOR ( 'NONE', #5596, 1000.000000000000000 ) ;
#3013 = FACE_OUTER_BOUND ( 'NONE', #6715, .T. ) ;
#3014 = ORIENTED_EDGE ( 'NONE', *, *, #2170, .F. ) ;
#3015 = SURFACE_SIDE_STYLE ('',( #2964 ) ) ;
#3016 = ORIENTED_EDGE ( 'NONE', *, *, #6646, .T. ) ;
#3017 =( GEOMETRIC_REPRESENTATION_CONTEXT ( 3 ) GLOBAL_UNCERTAINTY_ASSIGNED_CONTEXT ( ( #9621 ) ) GLOBAL_UNIT_ASSIGNED_CONTEXT ( ( #6010, #4541, #9989 ) ) REPRESENTATION_CONTEXT ( 'NONE', 'WORKASPACE' ) );
#3018 = ORIENTED_EDGE ( 'NONE', *, *, #7107, .F. ) ;
#3019 = UNCERTAINTY_MEASURE_WITH_UNIT (LENGTH_MEASURE( 1.000000000000000082E-05 ), #8943, 'distance_accuracy_value', 'NONE');
#3020 =( LENGTH_UNIT ( ) NAMED_UNIT ( * ) SI_UNIT ( .MILLI., .METRE. ) );
#3021 = EDGE_CURVE ( 'NONE', #1881, #8201, #9025, .T. ) ;
#3022 = PRESENTATION_STYLE_ASSIGNMENT (( #829 ) ) ;
#3023 = CARTESIAN_POINT ( 'NONE',  ( -4.494557450338587223, -4.224999999999999645, 0.3000000000000000444 ) ) ;
#3024 = VECTOR ( 'NONE', #1829, 1000.000000000000000 ) ;
#3025 = VERTEX_POINT ( 'NONE', #2910 ) ;
#3026 = CARTESIAN_POINT ( 'NONE',  ( -3.899999999999998579, -1.684999999999999831, 1.600000000000000089 ) ) ;
#3027 = ORIENTED_EDGE ( 'NONE', *, *, #3209, .F. ) ;
#3028 = AXIS2_PLACEMENT_3D ( 'NONE', #9876, #7357, #6571 ) ;
#3029 = ORIENTED_EDGE ( 'NONE', *, *, #137, .T. ) ;
#3030 = CARTESIAN_POINT ( 'NONE',  ( -4.396076675037368986, 0.4150000000000004241, 0.2826351822333060815 ) ) ;
#3031 = CYLINDRICAL_SURFACE ( 'NONE', #1667, 0.2999999999999983791 ) ;
#3032 = MECHANICAL_DESIGN_GEOMETRIC_PRESENTATION_REPRESENTATION (  '', ( #9156 ), #6504 ) ;
#3033 = FILL_AREA_STYLE_COLOUR ( '', #8012 ) ;
#3034 = DIRECTION ( 'NONE',  ( -1.000000000000000000, 0.0000000000000000000, -2.451907390652843255E-15 ) ) ;
#3035 =( NAMED_UNIT ( * ) SI_UNIT ( $, .STERADIAN. ) SOLID_ANGLE_UNIT ( ) );
#3036 = DIRECTION ( 'NONE',  ( 0.0000000000000000000, 0.0000000000000000000, 1.000000000000000000 ) ) ;
#3037 = ORIENTED_EDGE ( 'NONE', *, *, #5899, .F. ) ;
#3038 = FACE_OUTER_BOUND ( 'NONE', #7417, .T. ) ;
#3039 = LINE ( 'NONE', #794, #1060 ) ;
#3040 =( NAMED_UNIT ( * ) SI_UNIT ( $, .STERADIAN. ) SOLID_ANGLE_UNIT ( ) );
#3041 = FACE_OUTER_BOUND ( 'NONE', #3963, .T. ) ;
#3042 = SURFACE_STYLE_USAGE ( .BOTH. , #7182 ) ;
#3043 = PRESENTATION_LAYER_ASSIGNMENT (  '', '', ( #2043 ) ) ;
#3044 = FACE_OUTER_BOUND ( 'NONE', #126, .T. ) ;
#3045 = CONICAL_SURFACE ( 'NONE', #1040, 0.1499999999999995226, 0.2617993877991500740 ) ;
#3046 = DIRECTION ( 'NONE',  ( -1.000000000000000000, 0.0000000000000000000, 2.451907390652843255E-15 ) ) ;
#3047 = CIRCLE ( 'NONE', #1377, 0.1499999999999995226 ) ;
#3048 = FILL_AREA_STYLE ('',( #10129 ) ) ;
#3049 = STYLED_ITEM ( 'NONE', ( #4207 ), #8251 ) ;
#3050 = LINE ( 'NONE', #6055, #2292 ) ;
#3051 = CARTESIAN_POINT ( 'NONE',  ( 4.494557450338585447, 4.225000000000000533, -1.084202172485504434E-15 ) ) ;
#3052 = DIRECTION ( 'NONE',  ( -0.1736481776669387411, 0.0000000000000000000, -0.9848077530122064660 ) ) ;
#3053 = ORIENTED_EDGE ( 'NONE', *, *, #6593, .T. ) ;
#3054 = ORIENTED_EDGE ( 'NONE', *, *, #4206, .F. ) ;
#3055 = STYLED_ITEM ( 'NONE', ( #6786 ), #2359 ) ;
#3056 = FILL_AREA_STYLE_COLOUR ( '', #3414 ) ;
#3057 = VERTEX_POINT ( 'NONE', #6881 ) ;
#3058 = LINE ( 'NONE', #4438, #9395 ) ;
#3059 = DIRECTION ( 'NONE',  ( -0.0000000000000000000, -1.000000000000000000, 0.0000000000000000000 ) ) ;
#3060 = ORIENTED_EDGE ( 'NONE', *, *, #1038, .F. ) ;
#3061 = STYLED_ITEM ( 'NONE', ( #92 ), #8636 ) ;
#3062 = FILL_AREA_STYLE ('',( #555 ) ) ;
#3063 = CARTESIAN_POINT ( 'NONE',  ( 4.494557450338589888, 2.125000000000000444, 0.1999999999999988454 ) ) ;
#3064 = FILL_AREA_STYLE_COLOUR ( '', #9692 ) ;
#3065 = EDGE_CURVE ( 'NONE', #7319, #1646, #8528, .T. ) ;
#3066 = DIRECTION ( 'NONE',  ( -0.0000000000000000000, -1.000000000000000000, -0.0000000000000000000 ) ) ;
#3067 = EDGE_CURVE ( 'NONE', #3357, #7911, #9931, .T. ) ;
#3068 =( GEOMETRIC_REPRESENTATION_CONTEXT ( 3 ) GLOBAL_UNCERTAINTY_ASSIGNED_CONTEXT ( ( #2706 ) ) GLOBAL_UNIT_ASSIGNED_CONTEXT ( ( #4087, #8750, #1654 ) ) REPRESENTATION_CONTEXT ( 'NONE', 'WORKASPACE' ) );
#3069 = DIRECTION ( 'NONE',  ( 0.0000000000000000000, 0.0000000000000000000, 1.000000000000000000 ) ) ;
#3070 = CARTESIAN_POINT ( 'NONE',  ( -4.494557450338587223, -4.224999999999999645, 0.1999999999999999833 ) ) ;
#3071 = MECHANICAL_DESIGN_GEOMETRIC_PRESENTATION_REPRESENTATION (  '', ( #6369 ), #4529 ) ;
#3072 = ORIENTED_EDGE ( 'NONE', *, *, #453, .F. ) ;
#3073 = PLANE ( 'NONE',  #6678 ) ;
#3074 = STYLED_ITEM ( 'NONE', ( #8557 ), #2890 ) ;
#3075 = ORIENTED_EDGE ( 'NONE', *, *, #1934, .T. ) ;
#3076 = DIRECTION ( 'NONE',  ( 0.0000000000000000000, 0.0000000000000000000, 1.000000000000000000 ) ) ;
#3077 = ORIENTED_EDGE ( 'NONE', *, *, #7001, .F. ) ;
#3078 = STYLED_ITEM ( 'NONE', ( #9874 ), #9701 ) ;
#3079 = EDGE_CURVE ( 'NONE', #1793, #4536, #7209, .T. ) ;
#3080 = COLOUR_RGB ( '',0.7529411764705882248, 0.7529411764705882248, 0.7529411764705882248 ) ;
#3081 = EDGE_CURVE ( 'NONE', #4919, #7651, #6116, .T. ) ;
#3082 = DIRECTION ( 'NONE',  ( 1.000000000000000000, 0.0000000000000000000, -8.270764333545148132E-16 ) ) ;
#3083 = MECHANICAL_DESIGN_GEOMETRIC_PRESENTATION_REPRESENTATION (  '', ( #7371 ), #3249 ) ;
#3084 = DIRECTION ( 'NONE',  ( 1.000000000000000000, 0.0000000000000000000, 2.563936943398996305E-15 ) ) ;
#3085 = FILL_AREA_STYLE ('',( #1670 ) ) ;
#3086 = STYLED_ITEM ( 'NONE', ( #8463 ), #9351 ) ;
#3087 = ORIENTED_EDGE ( 'NONE', *, *, #8971, .F. ) ;
#3088 = LINE ( 'NONE', #6336, #773 ) ;
#3089 = EDGE_LOOP ( 'NONE', ( #1029, #1804, #1659, #9540 ) ) ;
#3090 = STYLED_ITEM ( 'NONE', ( #5897 ), #3146 ) ;
#3091 = ORIENTED_EDGE ( 'NONE', *, *, #1794, .T. ) ;
#3092 = ADVANCED_FACE ( 'NONE', ( #10044 ), #454, .T. ) ;
#3093 =( NAMED_UNIT ( * ) PLANE_ANGLE_UNIT ( ) SI_UNIT ( $, .RADIAN. ) );
#3094 = DIRECTION ( 'NONE',  ( 1.000000000000000000, 0.0000000000000000000, 4.342151275111226558E-15 ) ) ;
#3095 = ORIENTED_EDGE ( 'NONE', *, *, #2265, .T. ) ;
#3096 = SURFACE_STYLE_FILL_AREA ( #2260 ) ;
#3097 = DIRECTION ( 'NONE',  ( 0.0000000000000000000, 1.000000000000000000, -0.0000000000000000000 ) ) ;
#3098 = LINE ( 'NONE', #5616, #3811 ) ;
#3099 = ORIENTED_EDGE ( 'NONE', *, *, #2204, .F. ) ;
#3100 = PRESENTATION_STYLE_ASSIGNMENT (( #10182 ) ) ;
#3101 = LINE ( 'NONE', #8004, #6371 ) ;
#3102 = DIRECTION ( 'NONE',  ( 0.2588190451025213501, 0.0000000000000000000, -0.9659258262890680902 ) ) ;
#3103 = FILL_AREA_STYLE_COLOUR ( '', #2302 ) ;
#3104 = LINE ( 'NONE', #5761, #8319 ) ;
#3105 = ADVANCED_FACE ( 'NONE', ( #9175 ), #2084, .F. ) ;
#3106 = FILL_AREA_STYLE_COLOUR ( '', #315 ) ;
#3107 = LINE ( 'NONE', #7085, #5915 ) ;
#3108 = DIRECTION ( 'NONE',  ( 0.0000000000000000000, -0.0000000000000000000, -1.000000000000000000 ) ) ;
#3109 = UNCERTAINTY_MEASURE_WITH_UNIT (LENGTH_MEASURE( 1.000000000000000082E-05 ), #9727, 'distance_accuracy_value', 'NONE');
#3110 = DIRECTION ( 'NONE',  ( 2.451907390652843255E-15, 0.0000000000000000000, -1.000000000000000000 ) ) ;
#3111 = VERTEX_POINT ( 'NONE', #3171 ) ;
#3112 = ORIENTED_EDGE ( 'NONE', *, *, #5166, .F. ) ;
#3113 = SURFACE_STYLE_USAGE ( .BOTH. , #2121 ) ;
#3114 = ORIENTED_EDGE ( 'NONE', *, *, #8905, .T. ) ;
#3115 = DIRECTION ( 'NONE',  ( 0.0000000000000000000, 0.0000000000000000000, 1.000000000000000000 ) ) ;
#3116 = LINE ( 'NONE', #34, #283 ) ;
#3117 = SURFACE_STYLE_FILL_AREA ( #1444 ) ;
#3118 = SURFACE_SIDE_STYLE ('',( #6270 ) ) ;
#3119 = ORIENTED_EDGE ( 'NONE', *, *, #5555, .T. ) ;
#3120 = DIRECTION ( 'NONE',  ( -0.0000000000000000000, -1.000000000000000000, -0.0000000000000000000 ) ) ;
#3121 = STYLED_ITEM ( 'NONE', ( #3409 ), #140 ) ;
#3122 = FACE_OUTER_BOUND ( 'NONE', #5196, .T. ) ;
#3123 = AXIS2_PLACEMENT_3D ( 'NONE', #7540, #6787, #7590 ) ;
#3124 = DIRECTION ( 'NONE',  ( -0.0000000000000000000, -1.000000000000000000, -0.0000000000000000000 ) ) ;
#3125 = UNCERTAINTY_MEASURE_WITH_UNIT (LENGTH_MEASURE( 1.000000000000000082E-05 ), #4489, 'distance_accuracy_value', 'NONE');
#3126 = SURFACE_STYLE_FILL_AREA ( #9378 ) ;
#3127 = EDGE_LOOP ( 'NONE', ( #7157, #4552, #6887, #1230 ) ) ;
#3128 = DIRECTION ( 'NONE',  ( 0.0000000000000000000, 0.0000000000000000000, 1.000000000000000000 ) ) ;
#3129 = PRESENTATION_LAYER_ASSIGNMENT (  '', '', ( #9709 ) ) ;
#3130 = AXIS2_PLACEMENT_3D ( 'NONE', #8235, #2687, #932 ) ;
#3131 =( GEOMETRIC_REPRESENTATION_CONTEXT ( 3 ) GLOBAL_UNCERTAINTY_ASSIGNED_CONTEXT ( ( #5368 ) ) GLOBAL_UNIT_ASSIGNED_CONTEXT ( ( #8736, #7238, #7086 ) ) REPRESENTATION_CONTEXT ( 'NONE', 'WORKASPACE' ) );
#3132 = EDGE_LOOP ( 'NONE', ( #8643, #772, #578, #8934 ) ) ;
#3133 = FILL_AREA_STYLE_COLOUR ( '', #4466 ) ;
#3134 = ADVANCED_FACE ( 'NONE', ( #89 ), #811, .F. ) ;
#3135 = VERTEX_POINT ( 'NONE', #871 ) ;
#3136 = CARTESIAN_POINT ( 'NONE',  ( 3.864512696824129900, 4.949999999999999289, 1.732440418475946542 ) ) ;
#3137 = PRESENTATION_LAYER_ASSIGNMENT (  '', '', ( #7594 ) ) ;
#3138 = PLANE ( 'NONE',  #6096 ) ;
#3139 =( NAMED_UNIT ( * ) PLANE_ANGLE_UNIT ( ) SI_UNIT ( $, .RADIAN. ) );
#3140 = ADVANCED_FACE ( 'NONE', ( #8700 ), #3986, .F. ) ;
#3141 = ORIENTED_EDGE ( 'NONE', *, *, #4242, .T. ) ;
#3142 = CARTESIAN_POINT ( 'NONE',  ( 3.868266076183286106, -0.4149999999999995914, 1.408079867214328207 ) ) ;
#3143 = VERTEX_POINT ( 'NONE', #6474 ) ;
#3144 = AXIS2_PLACEMENT_3D ( 'NONE', #1375, #1318, #5259 ) ;
#3145 =( GEOMETRIC_REPRESENTATION_CONTEXT ( 3 ) GLOBAL_UNCERTAINTY_ASSIGNED_CONTEXT ( ( #4151 ) ) GLOBAL_UNIT_ASSIGNED_CONTEXT ( ( #4038, #8912, #8704 ) ) REPRESENTATION_CONTEXT ( 'NONE', 'WORKASPACE' ) );
#3146 = ADVANCED_FACE ( 'NONE', ( #9618 ), #7411, .T. ) ;
#3147 = ORIENTED_EDGE ( 'NONE', *, *, #1221, .T. ) ;
#3148 = SURFACE_STYLE_FILL_AREA ( #684 ) ;
#3149 = PRESENTATION_STYLE_ASSIGNMENT (( #738 ) ) ;
#3150 = ORIENTED_EDGE ( 'NONE', *, *, #6220, .T. ) ;
#3151 = FACE_OUTER_BOUND ( 'NONE', #9426, .T. ) ;
#3152 = STYLED_ITEM ( 'NONE', ( #6150 ), #5096 ) ;
#3153 = CARTESIAN_POINT ( 'NONE',  ( -4.494557450338583671, -3.394999999999999574, 1.680513367352531873E-15 ) ) ;
#3154 = ORIENTED_EDGE ( 'NONE', *, *, #6236, .T. ) ;
#3155 = DIRECTION ( 'NONE',  ( -0.0000000000000000000, -1.000000000000000000, -0.0000000000000000000 ) ) ;
#3156 = SURFACE_STYLE_USAGE ( .BOTH. , #9253 ) ;
#3157 = LINE ( 'NONE', #1587, #1810 ) ;
#3158 = COLOUR_RGB ( '',0.1176470588235294101, 0.1176470588235294101, 0.1176470588235294101 ) ;
#3159 = DIRECTION ( 'NONE',  ( 1.000000000000000000, 0.0000000000000000000, -8.270764333545148132E-16 ) ) ;
#3160 = CARTESIAN_POINT ( 'NONE',  ( -3.749999999999998668, -4.949999999999999289, 1.600000000000000089 ) ) ;
#3161 = CARTESIAN_POINT ( 'NONE',  ( 3.888707005762191304, -4.224999999999999645, 1.432440418475947386 ) ) ;
#3162 = DIRECTION ( 'NONE',  ( 1.000000000000000000, -0.0000000000000000000, -2.451907390652843649E-15 ) ) ;
#3163 = ADVANCED_FACE ( 'NONE', ( #8283 ), #9062, .T. ) ;
#3164 = ORIENTED_EDGE ( 'NONE', *, *, #1221, .F. ) ;
#3165 = PLANE ( 'NONE',  #6862 ) ;
#3166 = EDGE_LOOP ( 'NONE', ( #5449, #9163, #4393, #3920 ) ) ;
#3167 = CYLINDRICAL_SURFACE ( 'NONE', #5983, 0.2999999999999983791 ) ;
#3168 = AXIS2_PLACEMENT_3D ( 'NONE', #580, #6901, #5987 ) ;
#3169 = DIRECTION ( 'NONE',  ( -0.9848077530122065770, 0.0000000000000000000, 0.1736481776669387689 ) ) ;
#3170 = PRESENTATION_LAYER_ASSIGNMENT (  '', '', ( #489 ) ) ;
#3171 = CARTESIAN_POINT ( 'NONE',  ( 3.990737311234600071, 0.4150000000000004241, 1.429674850314564205 ) ) ;
#3172 = CARTESIAN_POINT ( 'NONE',  ( -3.800269556891264777, -2.125000000000000000, 1.732440418475947208 ) ) ;
#3173 = CARTESIAN_POINT ( 'NONE',  ( -5.150000000000000355, 4.665000000000000924, 0.2000000000000016764 ) ) ;
#3174 = FACE_OUTER_BOUND ( 'NONE', #6717, .T. ) ;
#3175 = CARTESIAN_POINT ( 'NONE',  ( 4.396076675037369874, 4.665000000000000924, 0.2826351822333049157 ) ) ;
#3176 = ORIENTED_EDGE ( 'NONE', *, *, #1612, .F. ) ;
#3177 =( GEOMETRIC_REPRESENTATION_CONTEXT ( 3 ) GLOBAL_UNCERTAINTY_ASSIGNED_CONTEXT ( ( #1981 ) ) GLOBAL_UNIT_ASSIGNED_CONTEXT ( ( #7325, #205, #3544 ) ) REPRESENTATION_CONTEXT ( 'NONE', 'WORKASPACE' ) );
#3178 =( GEOMETRIC_REPRESENTATION_CONTEXT ( 3 ) GLOBAL_UNCERTAINTY_ASSIGNED_CONTEXT ( ( #8208 ) ) GLOBAL_UNIT_ASSIGNED_CONTEXT ( ( #6422, #8858, #1651 ) ) REPRESENTATION_CONTEXT ( 'NONE', 'WORKASPACE' ) );
#3179 = FACE_OUTER_BOUND ( 'NONE', #3132, .T. ) ;
#3180 = VERTEX_POINT ( 'NONE', #2680 ) ;
#3181 = LINE ( 'NONE', #6432, #2821 ) ;
#3182 = ORIENTED_EDGE ( 'NONE', *, *, #5212, .F. ) ;
#3183 = SURFACE_SIDE_STYLE ('',( #10219 ) ) ;
#3184 = PRESENTATION_LAYER_ASSIGNMENT (  '', '', ( #1507 ) ) ;
#3185 = STYLED_ITEM ( 'NONE', ( #3362 ), #6546 ) ;
#3186 = DIRECTION ( 'NONE',  ( 0.0000000000000000000, 0.0000000000000000000, 1.000000000000000000 ) ) ;
#3187 = EDGE_LOOP ( 'NONE', ( #8255, #9044, #6603, #2905, #6378, #10211, #3760, #3634, #7662, #7431, #1268, #9604 ) ) ;
#3188 = CARTESIAN_POINT ( 'NONE',  ( 4.494557450338589000, 4.665000000000000924, 0.2999999999999988787 ) ) ;
#3189 =( LENGTH_UNIT ( ) NAMED_UNIT ( * ) SI_UNIT ( .MILLI., .METRE. ) );
#3190 = ORIENTED_EDGE ( 'NONE', *, *, #8713, .F. ) ;
#3191 = MECHANICAL_DESIGN_GEOMETRIC_PRESENTATION_REPRESENTATION (  '', ( #5988 ), #3689 ) ;
#3192 = ORIENTED_EDGE ( 'NONE', *, *, #4082, .F. ) ;
#3193 = DIRECTION ( 'NONE',  ( 0.0000000000000000000, 1.000000000000000000, 0.0000000000000000000 ) ) ;
#3194 = LINE ( 'NONE', #7223, #1496 ) ;
#3195 = EDGE_CURVE ( 'NONE', #6178, #9650, #5114, .T. ) ;
#3196 = ORIENTED_EDGE ( 'NONE', *, *, #908, .F. ) ;
#3197 = VECTOR ( 'NONE', #9210, 1000.000000000000000 ) ;
#3198 = EDGE_CURVE ( 'NONE', #739, #3388, #4327, .T. ) ;
#3199 = EDGE_CURVE ( 'NONE', #3996, #9844, #3574, .T. ) ;
#3200 = DIRECTION ( 'NONE',  ( -0.1736481776669392962, 0.0000000000000000000, 0.9848077530122064660 ) ) ;
#3201 = CARTESIAN_POINT ( 'NONE',  ( 3.990737311234600959, -3.394999999999999574, 1.429674850314564205 ) ) ;
#3202 = VERTEX_POINT ( 'NONE', #8859 ) ;
#3203 =( NAMED_UNIT ( * ) SI_UNIT ( $, .STERADIAN. ) SOLID_ANGLE_UNIT ( ) );
#3204 = VECTOR ( 'NONE', #4534, 1000.000000000000000 ) ;
#3205 = FILL_AREA_STYLE_COLOUR ( '', #2258 ) ;
#3206 = LINE ( 'NONE', #4792, #2133 ) ;
#3207 =( GEOMETRIC_REPRESENTATION_CONTEXT ( 3 ) GLOBAL_UNCERTAINTY_ASSIGNED_CONTEXT ( ( #9010 ) ) GLOBAL_UNIT_ASSIGNED_CONTEXT ( ( #3189, #7942, #5605 ) ) REPRESENTATION_CONTEXT ( 'NONE', 'WORKASPACE' ) );
#3208 =( NAMED_UNIT ( * ) PLANE_ANGLE_UNIT ( ) SI_UNIT ( $, .RADIAN. ) );
#3209 = EDGE_CURVE ( 'NONE', #7817, #981, #4962, .T. ) ;
#3210 = AXIS2_PLACEMENT_3D ( 'NONE', #3508, #9810, #170 ) ;
#3211 = DIRECTION ( 'NONE',  ( 2.451907390652843255E-15, 0.0000000000000000000, -1.000000000000000000 ) ) ;
#3212 = DIRECTION ( 'NONE',  ( 0.0000000000000000000, 0.0000000000000000000, -1.000000000000000000 ) ) ;
#3213 = LINE ( 'NONE', #2519, #4927 ) ;
#3214 = PRESENTATION_STYLE_ASSIGNMENT (( #10247 ) ) ;
#3215 =( NAMED_UNIT ( * ) PLANE_ANGLE_UNIT ( ) SI_UNIT ( $, .RADIAN. ) );
#3216 = AXIS2_PLACEMENT_3D ( 'NONE', #660, #4596, #8396 ) ;
#3217 = ORIENTED_EDGE ( 'NONE', *, *, #9022, .T. ) ;
#3218 = CARTESIAN_POINT ( 'NONE',  ( -3.864512696824129900, 4.949999999999999289, 1.732440418475947430 ) ) ;
#3219 = CARTESIAN_POINT ( 'NONE',  ( 3.900000000000001688, -4.665000000000000036, 1.600000000000000089 ) ) ;
#3220 = ORIENTED_EDGE ( 'NONE', *, *, #6744, .T. ) ;
#3221 = DIRECTION ( 'NONE',  ( 0.2505628070857321421, 0.2505628070857321421, 0.9351131265310291818 ) ) ;
#3222 = AXIS2_PLACEMENT_3D ( 'NONE', #9400, #3969, #9500 ) ;
#3223 = DIRECTION ( 'NONE',  ( -0.1736481776669387411, 0.0000000000000000000, -0.9848077530122064660 ) ) ;
#3224 = STYLED_ITEM ( 'NONE', ( #424 ), #8369 ) ;
#3225 = ADVANCED_FACE ( 'NONE', ( #966 ), #4127, .F. ) ;
#3226 =( NAMED_UNIT ( * ) SI_UNIT ( $, .STERADIAN. ) SOLID_ANGLE_UNIT ( ) );
#3227 = SURFACE_STYLE_USAGE ( .BOTH. , #2433 ) ;
#3228 = VECTOR ( 'NONE', #9583, 1000.000000000000000 ) ;
#3229 = LINE ( 'NONE', #4088, #4511 ) ;
#3230 = SURFACE_SIDE_STYLE ('',( #4864 ) ) ;
#3231 = VERTEX_POINT ( 'NONE', #2831 ) ;
#3232 = SURFACE_STYLE_USAGE ( .BOTH. , #6327 ) ;
#3233 = ORIENTED_EDGE ( 'NONE', *, *, #8352, .T. ) ;
#3234 = STYLED_ITEM ( 'NONE', ( #4947 ), #9947 ) ;
#3235 = COLOUR_RGB ( '',0.7529411764705882248, 0.7529411764705882248, 0.7529411764705882248 ) ;
#3236 = PRESENTATION_STYLE_ASSIGNMENT (( #973 ) ) ;
#3237 = PRESENTATION_LAYER_ASSIGNMENT (  '', '', ( #5061 ) ) ;
#3238 = PRESENTATION_LAYER_ASSIGNMENT (  '', '', ( #6369 ) ) ;
#3239 = CARTESIAN_POINT ( 'NONE',  ( 3.888707005762190416, 0.8550000000000007594, 1.432440418475947386 ) ) ;
#3240 = PRODUCT_DEFINITION_FORMATION_WITH_SPECIFIED_SOURCE ( 'ANY', '', #6910, .NOT_KNOWN. ) ;
#3241 = AXIS2_PLACEMENT_3D ( 'NONE', #5510, #1523, #4068 ) ;
#3242 = DIRECTION ( 'NONE',  ( -0.1736481776669387411, -0.0000000000000000000, 0.9848077530122064660 ) ) ;
#3243 =( GEOMETRIC_REPRESENTATION_CONTEXT ( 3 ) GLOBAL_UNCERTAINTY_ASSIGNED_CONTEXT ( ( #2802 ) ) GLOBAL_UNIT_ASSIGNED_CONTEXT ( ( #8340, #7562, #1228 ) ) REPRESENTATION_CONTEXT ( 'NONE', 'WORKASPACE' ) );
#3244 = FACE_OUTER_BOUND ( 'NONE', #2638, .T. ) ;
#3245 = VERTEX_POINT ( 'NONE', #1324 ) ;
#3246 =( GEOMETRIC_REPRESENTATION_CONTEXT ( 3 ) GLOBAL_UNCERTAINTY_ASSIGNED_CONTEXT ( ( #6409 ) ) GLOBAL_UNIT_ASSIGNED_CONTEXT ( ( #8122, #4474, #8225 ) ) REPRESENTATION_CONTEXT ( 'NONE', 'WORKASPACE' ) );
#3247 = DIRECTION ( 'NONE',  ( -0.0000000000000000000, -0.2588190451025212946, -0.9659258262890680902 ) ) ;
#3248 = SURFACE_STYLE_FILL_AREA ( #52 ) ;
#3249 =( GEOMETRIC_REPRESENTATION_CONTEXT ( 3 ) GLOBAL_UNCERTAINTY_ASSIGNED_CONTEXT ( ( #4240 ) ) GLOBAL_UNIT_ASSIGNED_CONTEXT ( ( #9733, #1872, #5030 ) ) REPRESENTATION_CONTEXT ( 'NONE', 'WORKASPACE' ) );
#3250 = VERTEX_POINT ( 'NONE', #1276 ) ;
#3251 = STYLED_ITEM ( 'NONE', ( #600 ), #3647 ) ;
#3252 = UNCERTAINTY_MEASURE_WITH_UNIT (LENGTH_MEASURE( 1.000000000000000082E-05 ), #3562, 'distance_accuracy_value', 'NONE');
#3253 = DIRECTION ( 'NONE',  ( -0.0000000000000000000, -1.000000000000000000, -0.0000000000000000000 ) ) ;
#3254 = UNCERTAINTY_MEASURE_WITH_UNIT (LENGTH_MEASURE( 1.000000000000000082E-05 ), #9537, 'distance_accuracy_value', 'NONE');
#3255 = CARTESIAN_POINT ( 'NONE',  ( -3.990737311234598295, 0.4150000000000004241, 1.429674850314565093 ) ) ;
#3256 = ORIENTED_EDGE ( 'NONE', *, *, #5528, .T. ) ;
#3257 = PRESENTATION_LAYER_ASSIGNMENT (  '', '', ( #416 ) ) ;
#3258 = UNCERTAINTY_MEASURE_WITH_UNIT (LENGTH_MEASURE( 1.000000000000000082E-05 ), #8903, 'distance_accuracy_value', 'NONE');
#3259 =( LENGTH_UNIT ( ) NAMED_UNIT ( * ) SI_UNIT ( .MILLI., .METRE. ) );
#3260 = CARTESIAN_POINT ( 'NONE',  ( -4.199115124434926294, -2.125000000000000000, 0.2479055466999170732 ) ) ;
#3261 = PRESENTATION_STYLE_ASSIGNMENT (( #8062 ) ) ;
#3262 = STYLED_ITEM ( 'NONE', ( #2695 ), #4130 ) ;
#3263 = EDGE_CURVE ( 'NONE', #6850, #3799, #2891, .T. ) ;
#3264 = DIRECTION ( 'NONE',  ( -0.0000000000000000000, -1.000000000000000000, 0.0000000000000000000 ) ) ;
#3265 = PRESENTATION_STYLE_ASSIGNMENT (( #9562 ) ) ;
#3266 = CARTESIAN_POINT ( 'NONE',  ( -3.888707005762188640, 0.4150000000000004241, 1.732440418475947430 ) ) ;
#3267 = AXIS2_PLACEMENT_3D ( 'NONE', #2335, #1546, #872 ) ;
#3268 =( LENGTH_UNIT ( ) NAMED_UNIT ( * ) SI_UNIT ( .MILLI., .METRE. ) );
#3269 = CARTESIAN_POINT ( 'NONE',  ( 3.900000000000001688, -4.224999999999999645, 1.600000000000000089 ) ) ;
#3270 = VERTEX_POINT ( 'NONE', #5217 ) ;
#3271 = CARTESIAN_POINT ( 'NONE',  ( 3.800269556891267442, -2.954999999999999183, 1.732440418475946320 ) ) ;
#3272 = EDGE_CURVE ( 'NONE', #9335, #5190, #9975, .T. ) ;
#3273 = ORIENTED_EDGE ( 'NONE', *, *, #6121, .F. ) ;
#3274 = DIRECTION ( 'NONE',  ( 0.0000000000000000000, 0.0000000000000000000, -1.000000000000000000 ) ) ;
#3275 = DIRECTION ( 'NONE',  ( -0.0000000000000000000, -1.000000000000000000, -0.0000000000000000000 ) ) ;
#3276 = ADVANCED_FACE ( 'NONE', ( #7765 ), #8480, .F. ) ;
#3277 = PRESENTATION_STYLE_ASSIGNMENT (( #1603 ) ) ;
#3278 = EDGE_CURVE ( 'NONE', #354, #5992, #7714, .T. ) ;
#3279 = CARTESIAN_POINT ( 'NONE',  ( 5.150000000000001243, -0.4149999999999995914, 0.0000000000000000000 ) ) ;
#3280 = CARTESIAN_POINT ( 'NONE',  ( -3.888707005762187752, -4.665000000000000036, 1.432440418475948274 ) ) ;
#3281 = FILL_AREA_STYLE_COLOUR ( '', #1231 ) ;
#3282 =( NAMED_UNIT ( * ) SI_UNIT ( $, .STERADIAN. ) SOLID_ANGLE_UNIT ( ) );
#3283 = CYLINDRICAL_SURFACE ( 'NONE', #1135, 0.2999999999999999889 ) ;
#3284 = EDGE_LOOP ( 'NONE', ( #7839, #7532, #2540, #7279 ) ) ;
#3285 = EDGE_CURVE ( 'NONE', #4641, #7091, #2991, .T. ) ;
#3286 = DIRECTION ( 'NONE',  ( 1.000000000000000000, -0.0000000000000000000, -2.451907390652843649E-15 ) ) ;
#3287 = ORIENTED_EDGE ( 'NONE', *, *, #2380, .T. ) ;
#3288 = AXIS2_PLACEMENT_3D ( 'NONE', #8511, #678, #9390 ) ;
#3289 = PRESENTATION_LAYER_ASSIGNMENT (  '', '', ( #4577 ) ) ;
#3290 = FACE_OUTER_BOUND ( 'NONE', #3702, .T. ) ;
#3291 = AXIS2_PLACEMENT_3D ( 'NONE', #7245, #3884, #9570 ) ;
#3292 = PRESENTATION_LAYER_ASSIGNMENT (  '', '', ( #2942 ) ) ;
#3293 = VECTOR ( 'NONE', #4431, 1000.000000000000000 ) ;
#3294 = FILL_AREA_STYLE_COLOUR ( '', #4583 ) ;
#3295 = EDGE_CURVE ( 'NONE', #3996, #4943, #2217, .T. ) ;
#3296 = ORIENTED_EDGE ( 'NONE', *, *, #831, .F. ) ;
#3297 = CARTESIAN_POINT ( 'NONE',  ( 3.881702402145740471, 0.8550000000000007594, 1.531712435151438845 ) ) ;
#3298 = FILL_AREA_STYLE_COLOUR ( '', #7660 ) ;
#3299 = EDGE_LOOP ( 'NONE', ( #4146, #1406, #3360, #7855, #1190, #2360, #8398, #2761, #7814, #1765, #7786, #6952 ) ) ;
#3300 = CARTESIAN_POINT ( 'NONE',  ( -4.494557450338584559, 1.685000000000000275, 1.680513367352531873E-15 ) ) ;
#3301 = ORIENTED_EDGE ( 'NONE', *, *, #3966, .F. ) ;
#3302 = MECHANICAL_DESIGN_GEOMETRIC_PRESENTATION_REPRESENTATION (  '', ( #9070 ), #8245 ) ;
#3303 = DIRECTION ( 'NONE',  ( 0.0000000000000000000, 0.0000000000000000000, -1.000000000000000000 ) ) ;
#3304 = CARTESIAN_POINT ( 'NONE',  ( -5.150000000000000355, 4.665000000000000924, 0.0000000000000000000 ) ) ;
#3305 = VECTOR ( 'NONE', #1026, 1000.000000000000000 ) ;
#3306 =( NAMED_UNIT ( * ) PLANE_ANGLE_UNIT ( ) SI_UNIT ( $, .RADIAN. ) );
#3307 = ORIENTED_EDGE ( 'NONE', *, *, #1162, .F. ) ;
#3308 = DIRECTION ( 'NONE',  ( 8.270764333545148132E-16, -0.0000000000000000000, 1.000000000000000000 ) ) ;
#3309 = LINE ( 'NONE', #2311, #8991 ) ;
#3310 = DIRECTION ( 'NONE',  ( 1.000000000000000000, 0.0000000000000000000, 2.563936943398996305E-15 ) ) ;
#3311 = STYLED_ITEM ( 'NONE', ( #9951 ), #1088 ) ;
#3312 = VERTEX_POINT ( 'NONE', #910 ) ;
#3313 =( NAMED_UNIT ( * ) SI_UNIT ( $, .STERADIAN. ) SOLID_ANGLE_UNIT ( ) );
#3314 = LINE ( 'NONE', #4791, #9675 ) ;
#3315 = EDGE_LOOP ( 'NONE', ( #729, #2603, #5916, #4564 ) ) ;
#3316 =( NAMED_UNIT ( * ) PLANE_ANGLE_UNIT ( ) SI_UNIT ( $, .RADIAN. ) );
#3317 = DIRECTION ( 'NONE',  ( 8.270764333545148132E-16, -0.0000000000000000000, 1.000000000000000000 ) ) ;
#3318 = VECTOR ( 'NONE', #9228, 1000.000000000000000 ) ;
#3319 = PRESENTATION_STYLE_ASSIGNMENT (( #119 ) ) ;
#3320 = DIRECTION ( 'NONE',  ( 0.0000000000000000000, 1.000000000000000000, 0.0000000000000000000 ) ) ;
#3321 = DIRECTION ( 'NONE',  ( 0.9848077530122065770, -0.0000000000000000000, 0.1736481776669387689 ) ) ;
#3322 = ORIENTED_EDGE ( 'NONE', *, *, #3272, .T. ) ;
#3323 = LINE ( 'NONE', #2726, #1262 ) ;
#3324 = EDGE_CURVE ( 'NONE', #4443, #7260, #753, .T. ) ;
#3325 = SURFACE_STYLE_USAGE ( .BOTH. , #174 ) ;
#3326 = VERTEX_POINT ( 'NONE', #6408 ) ;
#3327 = DIRECTION ( 'NONE',  ( -1.000000000000000000, 0.0000000000000000000, 2.451907390652843255E-15 ) ) ;
#3328 = CIRCLE ( 'NONE', #3477, 0.1660900368822722240 ) ;
#3329 = DIRECTION ( 'NONE',  ( -1.000000000000000000, -0.0000000000000000000, 8.270764333545149118E-16 ) ) ;
#3330 = EDGE_CURVE ( 'NONE', #2967, #1454, #3107, .T. ) ;
#3331 =( NAMED_UNIT ( * ) SI_UNIT ( $, .STERADIAN. ) SOLID_ANGLE_UNIT ( ) );
#3332 = DIRECTION ( 'NONE',  ( 0.0000000000000000000, 1.000000000000000000, 0.0000000000000000000 ) ) ;
#3333 = PRESENTATION_LAYER_ASSIGNMENT (  '', '', ( #7274 ) ) ;
#3334 = DIRECTION ( 'NONE',  ( 0.0000000000000000000, 0.0000000000000000000, 1.000000000000000000 ) ) ;
#3335 = EDGE_CURVE ( 'NONE', #5543, #9591, #5625, .T. ) ;
#3336 = DIRECTION ( 'NONE',  ( 0.9848077530122065770, -0.0000000000000000000, 0.1736481776669387689 ) ) ;
#3337 = FILL_AREA_STYLE ('',( #9679 ) ) ;
#3338 = ORIENTED_EDGE ( 'NONE', *, *, #1612, .T. ) ;
#3339 =( NAMED_UNIT ( * ) SI_UNIT ( $, .STERADIAN. ) SOLID_ANGLE_UNIT ( ) );
#3340 = SURFACE_STYLE_USAGE ( .BOTH. , #930 ) ;
#3341 = VECTOR ( 'NONE', #2641, 1000.000000000000000 ) ;
#3342 = ORIENTED_EDGE ( 'NONE', *, *, #8516, .F. ) ;
#3343 = DIRECTION ( 'NONE',  ( -0.2588190451025213501, -0.0000000000000000000, 0.9659258262890680902 ) ) ;
#3344 = ORIENTED_EDGE ( 'NONE', *, *, #2035, .T. ) ;
#3345 = CARTESIAN_POINT ( 'NONE',  ( -4.494557450338584559, -2.125000000000000000, 1.680513367352531873E-15 ) ) ;
#3346 = ORIENTED_EDGE ( 'NONE', *, *, #37, .T. ) ;
#3347 = AXIS2_PLACEMENT_3D ( 'NONE', #3380, #9626, #8867 ) ;
#3348 = DIRECTION ( 'NONE',  ( 1.000000000000000000, 0.0000000000000000000, 2.451907390652843649E-15 ) ) ;
#3349 = CIRCLE ( 'NONE', #9126, 0.09999999999999911737 ) ;
#3350 = DIRECTION ( 'NONE',  ( 0.9659258262890680902, 1.269404702209046572E-16, -0.2588190451025213501 ) ) ;
#3351 = EDGE_CURVE ( 'NONE', #8211, #3270, #4074, .T. ) ;
#3352 = VERTEX_POINT ( 'NONE', #5470 ) ;
#3353 = UNCERTAINTY_MEASURE_WITH_UNIT (LENGTH_MEASURE( 1.000000000000000082E-05 ), #1328, 'distance_accuracy_value', 'NONE');
#3354 = SURFACE_STYLE_FILL_AREA ( #5725 ) ;
#3355 =( NAMED_UNIT ( * ) SI_UNIT ( $, .STERADIAN. ) SOLID_ANGLE_UNIT ( ) );
#3356 = VECTOR ( 'NONE', #5849, 1000.000000000000000 ) ;
#3357 = VERTEX_POINT ( 'NONE', #3875 ) ;
#3358 = FACE_OUTER_BOUND ( 'NONE', #2581, .T. ) ;
#3359 = UNCERTAINTY_MEASURE_WITH_UNIT (LENGTH_MEASURE( 1.000000000000000082E-05 ), #2309, 'distance_accuracy_value', 'NONE');
#3360 = ORIENTED_EDGE ( 'NONE', *, *, #2181, .F. ) ;
#3361 = FILL_AREA_STYLE ('',( #5622 ) ) ;
#3362 = PRESENTATION_STYLE_ASSIGNMENT (( #994 ) ) ;
#3363 = CIRCLE ( 'NONE', #1700, 0.09999999999999911737 ) ;
#3364 = CARTESIAN_POINT ( 'NONE',  ( -4.396076675037369874, 4.665000000000000924, 0.2826351822333060815 ) ) ;
#3365 = PLANE ( 'NONE',  #7457 ) ;
#3366 = CIRCLE ( 'NONE', #8150, 0.09999999999999911737 ) ;
#3367 = FILL_AREA_STYLE_COLOUR ( '', #8986 ) ;
#3368 = VERTEX_POINT ( 'NONE', #1591 ) ;
#3369 = DIRECTION ( 'NONE',  ( 0.2588190451025213501, -0.0000000000000000000, 0.9659258262890680902 ) ) ;
#3370 = ORIENTED_EDGE ( 'NONE', *, *, #2642, .T. ) ;
#3371 = CARTESIAN_POINT ( 'NONE',  ( -3.888707005762188640, -0.4149999999999995914, 1.432440418475948274 ) ) ;
#3372 = STYLED_ITEM ( 'NONE', ( #1962 ), #7436 ) ;
#3373 = CARTESIAN_POINT ( 'NONE',  ( -4.494557450338583671, -2.954999999999999183, 1.680513367352531873E-15 ) ) ;
#3374 = DIRECTION ( 'NONE',  ( 0.0000000000000000000, 0.0000000000000000000, 1.000000000000000000 ) ) ;
#3375 = FILL_AREA_STYLE_COLOUR ( '', #4905 ) ;
#3376 = DIRECTION ( 'NONE',  ( 0.0000000000000000000, 0.0000000000000000000, -1.000000000000000000 ) ) ;
#3377 = DIRECTION ( 'NONE',  ( 1.000000000000000000, -0.0000000000000000000, -2.605290765066735698E-15 ) ) ;
#3378 = ORIENTED_EDGE ( 'NONE', *, *, #564, .F. ) ;
#3379 = CIRCLE ( 'NONE', #4171, 0.09999999999999911737 ) ;
#3380 = CARTESIAN_POINT ( 'NONE',  ( -4.494557450338585447, 3.395000000000000462, 1.680513367352531873E-15 ) ) ;
#3381 = VERTEX_POINT ( 'NONE', #4747 ) ;
#3382 = CARTESIAN_POINT ( 'NONE',  ( -2.649999999999999467, 4.150000000000000355, 3.500000000000000000 ) ) ;
#3383 = VECTOR ( 'NONE', #6391, 1000.000000000000227 ) ;
#3384 = ADVANCED_FACE ( 'NONE', ( #1485 ), #9362, .T. ) ;
#3385 = DIRECTION ( 'NONE',  ( 0.1736481776669392962, 0.0000000000000000000, -0.9848077530122064660 ) ) ;
#3386 =( NAMED_UNIT ( * ) PLANE_ANGLE_UNIT ( ) SI_UNIT ( $, .RADIAN. ) );
#3387 = PRESENTATION_STYLE_ASSIGNMENT (( #5860 ) ) ;
#3388 = VERTEX_POINT ( 'NONE', #8791 ) ;
#3389 = VECTOR ( 'NONE', #7283, 1000.000000000000000 ) ;
#3390 = ADVANCED_FACE ( 'NONE', ( #6260 ), #2142, .F. ) ;
#3391 =( LENGTH_UNIT ( ) NAMED_UNIT ( * ) SI_UNIT ( .MILLI., .METRE. ) );
#3392 = ORIENTED_EDGE ( 'NONE', *, *, #5028, .F. ) ;
#3393 = EDGE_CURVE ( 'NONE', #5805, #8727, #8409, .T. ) ;
#3394 = CARTESIAN_POINT ( 'NONE',  ( -3.899999999999999911, 4.949999999999999289, 1.600000000000000089 ) ) ;
#3395 = ORIENTED_EDGE ( 'NONE', *, *, #1796, .T. ) ;
#3396 =( GEOMETRIC_REPRESENTATION_CONTEXT ( 3 ) GLOBAL_UNCERTAINTY_ASSIGNED_CONTEXT ( ( #9643 ) ) GLOBAL_UNIT_ASSIGNED_CONTEXT ( ( #7007, #2252, #4613 ) ) REPRESENTATION_CONTEXT ( 'NONE', 'WORKASPACE' ) );
#3397 = CIRCLE ( 'NONE', #1223, 0.1243605512616186154 ) ;
#3398 = SURFACE_STYLE_USAGE ( .BOTH. , #8771 ) ;
#3399 = LINE ( 'NONE', #8149, #5795 ) ;
#3400 = EDGE_CURVE ( 'NONE', #2920, #354, #9873, .T. ) ;
#3401 = VECTOR ( 'NONE', #9153, 1000.000000000000000 ) ;
#3402 = EDGE_LOOP ( 'NONE', ( #9596, #5620, #3307, #6693 ) ) ;
#3403 = CARTESIAN_POINT ( 'NONE',  ( -3.899999999999999467, 2.955000000000000071, 1.600000000000000089 ) ) ;
#3404 = AXIS2_PLACEMENT_3D ( 'NONE', #7302, #183, #3376 ) ;
#3405 =( NAMED_UNIT ( * ) SI_UNIT ( $, .STERADIAN. ) SOLID_ANGLE_UNIT ( ) );
#3406 =( NAMED_UNIT ( * ) PLANE_ANGLE_UNIT ( ) SI_UNIT ( $, .RADIAN. ) );
#3407 = CIRCLE ( 'NONE', #9186, 0.09999999999999911737 ) ;
#3408 = ORIENTED_EDGE ( 'NONE', *, *, #8770, .T. ) ;
#3409 = PRESENTATION_STYLE_ASSIGNMENT (( #990 ) ) ;
#3410 = DIRECTION ( 'NONE',  ( -0.0000000000000000000, -1.000000000000000000, -0.0000000000000000000 ) ) ;
#3411 = ORIENTED_EDGE ( 'NONE', *, *, #8571, .T. ) ;
#3412 =( NAMED_UNIT ( * ) PLANE_ANGLE_UNIT ( ) SI_UNIT ( $, .RADIAN. ) );
#3413 = SURFACE_STYLE_USAGE ( .BOTH. , #1951 ) ;
#3414 = COLOUR_RGB ( '',0.7529411764705882248, 0.7529411764705882248, 0.7529411764705882248 ) ;
#3415 = MECHANICAL_DESIGN_GEOMETRIC_PRESENTATION_REPRESENTATION (  '', ( #1912 ), #6386 ) ;
#3416 = CARTESIAN_POINT ( 'NONE',  ( -5.149999999999998579, -2.954999999999999183, 0.0000000000000000000 ) ) ;
#3417 = SURFACE_STYLE_FILL_AREA ( #9757 ) ;
#3418 = PRESENTATION_LAYER_ASSIGNMENT (  '', '', ( #5886 ) ) ;
#3419 = UNCERTAINTY_MEASURE_WITH_UNIT (LENGTH_MEASURE( 1.000000000000000082E-05 ), #2704, 'distance_accuracy_value', 'NONE');
#3420 = ORIENTED_EDGE ( 'NONE', *, *, #9146, .F. ) ;
#3421 = CARTESIAN_POINT ( 'NONE',  ( -4.184149331665847349, -2.954999999999999183, 1.484534871776029163 ) ) ;
#3422 =( GEOMETRIC_REPRESENTATION_CONTEXT ( 3 ) GLOBAL_UNCERTAINTY_ASSIGNED_CONTEXT ( ( #8832 ) ) GLOBAL_UNIT_ASSIGNED_CONTEXT ( ( #10125, #5461, #3040 ) ) REPRESENTATION_CONTEXT ( 'NONE', 'WORKASPACE' ) );
#3423 = ORIENTED_EDGE ( 'NONE', *, *, #3263, .F. ) ;
#3424 = FILL_AREA_STYLE ('',( #5740 ) ) ;
#3425 = EDGE_CURVE ( 'NONE', #8201, #5185, #4413, .T. ) ;
#3426 = LINE ( 'NONE', #6565, #9444 ) ;
#3427 = MECHANICAL_DESIGN_GEOMETRIC_PRESENTATION_REPRESENTATION (  '', ( #6237 ), #10206 ) ;
#3428 = CARTESIAN_POINT ( 'NONE',  ( -3.749999999999998668, -4.950000000000000178, 2.159807621135328759 ) ) ;
#3429 = PRESENTATION_STYLE_ASSIGNMENT (( #4225 ) ) ;
#3430 = LINE ( 'NONE', #2683, #9141 ) ;
#3431 = ORIENTED_EDGE ( 'NONE', *, *, #8815, .F. ) ;
#3432 = SURFACE_STYLE_USAGE ( .BOTH. , #9780 ) ;
#3433 = CARTESIAN_POINT ( 'NONE',  ( 3.899999999999999911, 4.949999999999999289, 1.600000000000000089 ) ) ;
#3434 = ORIENTED_EDGE ( 'NONE', *, *, #9825, .T. ) ;
#3435 =( NAMED_UNIT ( * ) PLANE_ANGLE_UNIT ( ) SI_UNIT ( $, .RADIAN. ) );
#3436 =( LENGTH_UNIT ( ) NAMED_UNIT ( * ) SI_UNIT ( .MILLI., .METRE. ) );
#3437 = CARTESIAN_POINT ( 'NONE',  ( 4.494557450338589000, 3.395000000000000462, 0.1999999999999988454 ) ) ;
#3438 = CIRCLE ( 'NONE', #3288, 0.09999999999999911737 ) ;
#3439 = ORIENTED_EDGE ( 'NONE', *, *, #7504, .T. ) ;
#3440 = ADVANCED_FACE ( 'NONE', ( #3763 ), #2921, .F. ) ;
#3441 = EDGE_LOOP ( 'NONE', ( #6615, #9113, #6345, #3233 ) ) ;
#3442 = FILL_AREA_STYLE ('',( #8822 ) ) ;
#3443 = EDGE_LOOP ( 'NONE', ( #8349, #8159, #1049, #8510 ) ) ;
#3444 = AXIS2_PLACEMENT_3D ( 'NONE', #6062, #9167, #7771 ) ;
#3445 = COLOUR_RGB ( '',0.7529411764705882248, 0.7529411764705882248, 0.7529411764705882248 ) ;
#3446 = ORIENTED_EDGE ( 'NONE', *, *, #1808, .T. ) ;
#3447 = EDGE_CURVE ( 'NONE', #5118, #431, #2291, .T. ) ;
#3448 = EDGE_CURVE ( 'NONE', #7293, #9803, #3661, .T. ) ;
#3449 = LINE ( 'NONE', #1096, #1710 ) ;
#3450 = FILL_AREA_STYLE ('',( #2610 ) ) ;
#3451 = DIRECTION ( 'NONE',  ( 1.000000000000000000, 0.0000000000000000000, 2.563936943398996305E-15 ) ) ;
#3452 = ORIENTED_EDGE ( 'NONE', *, *, #9037, .T. ) ;
#3453 = DIRECTION ( 'NONE',  ( 0.0000000000000000000, 0.0000000000000000000, -1.000000000000000000 ) ) ;
#3454 = UNCERTAINTY_MEASURE_WITH_UNIT (LENGTH_MEASURE( 1.000000000000000082E-05 ), #9209, 'distance_accuracy_value', 'NONE');
#3455 = EDGE_CURVE ( 'NONE', #5628, #8234, #522, .T. ) ;
#3456 = CARTESIAN_POINT ( 'NONE',  ( -3.888707005762188196, -1.684999999999999831, 1.432440418475948274 ) ) ;
#3457 = COLOUR_RGB ( '',0.7529411764705882248, 0.7529411764705882248, 0.7529411764705882248 ) ;
#3458 = ORIENTED_EDGE ( 'NONE', *, *, #8506, .F. ) ;
#3459 = SURFACE_STYLE_FILL_AREA ( #9807 ) ;
#3460 = DIRECTION ( 'NONE',  ( -0.0000000000000000000, -1.000000000000000000, -0.0000000000000000000 ) ) ;
#3461 = ADVANCED_FACE ( 'NONE', ( #1566 ), #5553, .F. ) ;
#3462 = DIRECTION ( 'NONE',  ( 0.0000000000000000000, 0.0000000000000000000, -1.000000000000000000 ) ) ;
#3463 = STYLED_ITEM ( 'NONE', ( #8270 ), #4524 ) ;
#3464 = SURFACE_SIDE_STYLE ('',( #998 ) ) ;
#3465 = VERTEX_POINT ( 'NONE', #7791 ) ;
#3466 = FACE_OUTER_BOUND ( 'NONE', #4043, .T. ) ;
#3467 = DIRECTION ( 'NONE',  ( -0.0000000000000000000, -0.0000000000000000000, -1.000000000000000000 ) ) ;
#3468 = ORIENTED_EDGE ( 'NONE', *, *, #3278, .T. ) ;
#3469 = PLANE ( 'NONE',  #2778 ) ;
#3470 = SURFACE_STYLE_USAGE ( .BOTH. , #8126 ) ;
#3471 = EDGE_CURVE ( 'NONE', #7621, #8854, #4665, .T. ) ;
#3472 =( NAMED_UNIT ( * ) PLANE_ANGLE_UNIT ( ) SI_UNIT ( $, .RADIAN. ) );
#3473 = DIRECTION ( 'NONE',  ( 0.9848077530122065770, -0.0000000000000000000, 0.1736481776669387689 ) ) ;
#3474 =( LENGTH_UNIT ( ) NAMED_UNIT ( * ) SI_UNIT ( .MILLI., .METRE. ) );
#3475 = CARTESIAN_POINT ( 'NONE',  ( 3.990737311234600071, -0.8549999999999998712, 1.429674850314564205 ) ) ;
#3476 = ORIENTED_EDGE ( 'NONE', *, *, #7719, .F. ) ;
#3477 = AXIS2_PLACEMENT_3D ( 'NONE', #1863, #7565, #5017 ) ;
#3478 = CARTESIAN_POINT ( 'NONE',  ( -3.899999999999999911, 4.949999999999999289, 1.600000000000000089 ) ) ;
#3479 = CARTESIAN_POINT ( 'NONE',  ( 3.990737311234599183, 3.395000000000000462, 1.429674850314564205 ) ) ;
#3480 = ORIENTED_EDGE ( 'NONE', *, *, #6667, .F. ) ;
#3481 = PLANE ( 'NONE',  #1169 ) ;
#3482 = VECTOR ( 'NONE', #6799, 1000.000000000000000 ) ;
#3483 = PLANE ( 'NONE',  #5532 ) ;
#3484 = FACE_OUTER_BOUND ( 'NONE', #8401, .T. ) ;
#3485 = COLOUR_RGB ( '',0.7529411764705882248, 0.7529411764705882248, 0.7529411764705882248 ) ;
#3486 = ORIENTED_EDGE ( 'NONE', *, *, #6231, .F. ) ;
#3487 = ORIENTED_EDGE ( 'NONE', *, *, #1364, .T. ) ;
#3488 = CARTESIAN_POINT ( 'NONE',  ( 4.494557450338585447, 3.395000000000000462, -1.084202172485504434E-15 ) ) ;
#3489 = ORIENTED_EDGE ( 'NONE', *, *, #1420, .T. ) ;
#3490 = CARTESIAN_POINT ( 'NONE',  ( -5.149999999999999467, 2.125000000000000444, 0.2000000000000016764 ) ) ;
#3491 = SURFACE_STYLE_FILL_AREA ( #8105 ) ;
#3492 =( GEOMETRIC_REPRESENTATION_CONTEXT ( 3 ) GLOBAL_UNCERTAINTY_ASSIGNED_CONTEXT ( ( #4048 ) ) GLOBAL_UNIT_ASSIGNED_CONTEXT ( ( #6553, #7444, #5100 ) ) REPRESENTATION_CONTEXT ( 'NONE', 'WORKASPACE' ) );
#3493 = ORIENTED_EDGE ( 'NONE', *, *, #1220, .T. ) ;
#3494 = DIRECTION ( 'NONE',  ( -1.000000000000000000, 0.0000000000000000000, 0.0000000000000000000 ) ) ;
#3495 = DIRECTION ( 'NONE',  ( -1.000000000000000000, 0.0000000000000000000, -4.342151275111226558E-15 ) ) ;
#3496 = VERTEX_POINT ( 'NONE', #2496 ) ;
#3497 = FILL_AREA_STYLE ('',( #3973 ) ) ;
#3498 = DIRECTION ( 'NONE',  ( 8.270764333545148132E-16, -0.0000000000000000000, 1.000000000000000000 ) ) ;
#3499 = VECTOR ( 'NONE', #7668, 1000.000000000000114 ) ;
#3500 = ORIENTED_EDGE ( 'NONE', *, *, #4006, .T. ) ;
#3501 = CARTESIAN_POINT ( 'NONE',  ( -4.494557450338588112, 2.125000000000000444, 0.2999999999999999334 ) ) ;
#3502 = FACE_OUTER_BOUND ( 'NONE', #422, .T. ) ;
#3503 = EDGE_CURVE ( 'NONE', #586, #4104, #1465, .T. ) ;
#3504 = PRESENTATION_STYLE_ASSIGNMENT (( #371 ) ) ;
#3505 = ADVANCED_FACE ( 'NONE', ( #8615 ), #7938, .F. ) ;
#3506 =( GEOMETRIC_REPRESENTATION_CONTEXT ( 3 ) GLOBAL_UNCERTAINTY_ASSIGNED_CONTEXT ( ( #5589 ) ) GLOBAL_UNIT_ASSIGNED_CONTEXT ( ( #6809, #6329, #8091 ) ) REPRESENTATION_CONTEXT ( 'NONE', 'WORKASPACE' ) );
#3507 = SURFACE_SIDE_STYLE ('',( #3417 ) ) ;
#3508 = CARTESIAN_POINT ( 'NONE',  ( -3.888707005762189528, 4.665000000000000924, 1.432440418475948274 ) ) ;
#3509 = SURFACE_STYLE_FILL_AREA ( #9100 ) ;
#3510 = ORIENTED_EDGE ( 'NONE', *, *, #6355, .F. ) ;
#3511 = SURFACE_STYLE_FILL_AREA ( #4319 ) ;
#3512 = PLANE ( 'NONE',  #2909 ) ;
#3513 = PLANE ( 'NONE',  #9948 ) ;
#3514 = EDGE_CURVE ( 'NONE', #758, #4997, #6392, .T. ) ;
#3515 = EDGE_CURVE ( 'NONE', #7794, #2945, #2449, .T. ) ;
#3516 = AXIS2_PLACEMENT_3D ( 'NONE', #10039, #3059, #6215 ) ;
#3517 = DIRECTION ( 'NONE',  ( -0.0000000000000000000, -1.000000000000000000, -0.0000000000000000000 ) ) ;
#3518 =( LENGTH_UNIT ( ) NAMED_UNIT ( * ) SI_UNIT ( .MILLI., .METRE. ) );
#3519 = EDGE_CURVE ( 'NONE', #3527, #8288, #4825, .T. ) ;
#3520 = CARTESIAN_POINT ( 'NONE',  ( 5.150000000000001243, -1.684999999999999831, 0.0000000000000000000 ) ) ;
#3521 = CARTESIAN_POINT ( 'NONE',  ( 3.888707005762189972, 3.395000000000000462, 1.732440418475945654 ) ) ;
#3522 = CARTESIAN_POINT ( 'NONE',  ( 3.888707005762189528, 4.225000000000000533, 1.432440418475947386 ) ) ;
#3523 = ORIENTED_EDGE ( 'NONE', *, *, #4152, .T. ) ;
#3524 = FILL_AREA_STYLE ('',( #4331 ) ) ;
#3525 = CARTESIAN_POINT ( 'NONE',  ( 3.899999999999999911, 4.225000000000000533, 1.600000000000000089 ) ) ;
#3526 = DIRECTION ( 'NONE',  ( 0.9659258262890680902, 1.269404702209046572E-16, 0.2588190451025213501 ) ) ;
#3527 = VERTEX_POINT ( 'NONE', #4874 ) ;
#3528 = ADVANCED_FACE ( 'NONE', ( #8047 ), #5120, .F. ) ;
#3529 = DIRECTION ( 'NONE',  ( -0.0000000000000000000, -1.000000000000000000, -0.0000000000000000000 ) ) ;
#3530 = SURFACE_SIDE_STYLE ('',( #1821 ) ) ;
#3531 = DIRECTION ( 'NONE',  ( -0.0000000000000000000, -1.000000000000000000, -0.0000000000000000000 ) ) ;
#3532 = FACE_OUTER_BOUND ( 'NONE', #3846, .T. ) ;
#3533 = STYLED_ITEM ( 'NONE', ( #1058 ), #1994 ) ;
#3534 =( LENGTH_UNIT ( ) NAMED_UNIT ( * ) SI_UNIT ( .MILLI., .METRE. ) );
#3535 = CYLINDRICAL_SURFACE ( 'NONE', #892, 0.2999999999999983791 ) ;
#3536 = CIRCLE ( 'NONE', #366, 0.2999999999999983791 ) ;
#3537 = ORIENTED_EDGE ( 'NONE', *, *, #1727, .T. ) ;
#3538 = ORIENTED_EDGE ( 'NONE', *, *, #2492, .T. ) ;
#3539 = PRESENTATION_LAYER_ASSIGNMENT (  '', '', ( #7998 ) ) ;
#3540 = DIRECTION ( 'NONE',  ( 0.0000000000000000000, 1.000000000000000000, -0.0000000000000000000 ) ) ;
#3541 = DIRECTION ( 'NONE',  ( 0.0000000000000000000, 1.000000000000000000, 0.0000000000000000000 ) ) ;
#3542 = ORIENTED_EDGE ( 'NONE', *, *, #8272, .F. ) ;
#3543 = CARTESIAN_POINT ( 'NONE',  ( -3.888707005762187752, -4.224999999999999645, 1.732440418475947430 ) ) ;
#3544 =( NAMED_UNIT ( * ) SI_UNIT ( $, .STERADIAN. ) SOLID_ANGLE_UNIT ( ) );
#3545 = PRESENTATION_LAYER_ASSIGNMENT (  '', '', ( #1553 ) ) ;
#3546 = ORIENTED_EDGE ( 'NONE', *, *, #7291, .F. ) ;
#3547 = FACE_OUTER_BOUND ( 'NONE', #8403, .T. ) ;
#3548 = PRESENTATION_LAYER_ASSIGNMENT (  '', '', ( #5524 ) ) ;
#3549 = MECHANICAL_DESIGN_GEOMETRIC_PRESENTATION_REPRESENTATION (  '', ( #2047 ), #6512 ) ;
#3550 = SURFACE_SIDE_STYLE ('',( #1837 ) ) ;
#3551 = VERTEX_POINT ( 'NONE', #3478 ) ;
#3552 = SURFACE_SIDE_STYLE ('',( #7487 ) ) ;
#3553 = UNCERTAINTY_MEASURE_WITH_UNIT (LENGTH_MEASURE( 1.000000000000000082E-05 ), #4105, 'distance_accuracy_value', 'NONE');
#3554 = DIRECTION ( 'NONE',  ( -1.000000000000000000, 0.0000000000000000000, -2.563936943398996305E-15 ) ) ;
#3555 = VECTOR ( 'NONE', #3348, 1000.000000000000000 ) ;
#3556 = VERTEX_POINT ( 'NONE', #5903 ) ;
#3557 = LINE ( 'NONE', #6038, #375 ) ;
#3558 = SURFACE_STYLE_FILL_AREA ( #368 ) ;
#3559 = COLOUR_RGB ( '',0.7529411764705882248, 0.7529411764705882248, 0.7529411764705882248 ) ;
#3560 = FACE_OUTER_BOUND ( 'NONE', #680, .T. ) ;
#3561 = CARTESIAN_POINT ( 'NONE',  ( -3.899999999999999467, 1.685000000000000275, 1.600000000000000089 ) ) ;
#3562 =( LENGTH_UNIT ( ) NAMED_UNIT ( * ) SI_UNIT ( .MILLI., .METRE. ) );
#3563 = CARTESIAN_POINT ( 'NONE',  ( 3.881702402145740916, -2.125000000000000000, 1.531712435151438845 ) ) ;
#3564 = PRESENTATION_STYLE_ASSIGNMENT (( #5105 ) ) ;
#3565 = ORIENTED_EDGE ( 'NONE', *, *, #964, .F. ) ;
#3566 = FILL_AREA_STYLE_COLOUR ( '', #597 ) ;
#3567 = MECHANICAL_DESIGN_GEOMETRIC_PRESENTATION_REPRESENTATION (  '', ( #3074 ), #7032 ) ;
#3568 = CARTESIAN_POINT ( 'NONE',  ( 5.150000000000001243, -1.684999999999999831, 0.2000000000000016764 ) ) ;
#3569 = VECTOR ( 'NONE', #9620, 1000.000000000000000 ) ;
#3570 = MECHANICAL_DESIGN_GEOMETRIC_PRESENTATION_REPRESENTATION (  '', ( #5711 ), #4208 ) ;
#3571 = LINE ( 'NONE', #2677, #8300 ) ;
#3572 = FILL_AREA_STYLE_COLOUR ( '', #4313 ) ;
#3573 = VECTOR ( 'NONE', #5959, 1000.000000000000000 ) ;
#3574 = LINE ( 'NONE', #9871, #1756 ) ;
#3575 =( NAMED_UNIT ( * ) PLANE_ANGLE_UNIT ( ) SI_UNIT ( $, .RADIAN. ) );
#3576 = SURFACE_STYLE_FILL_AREA ( #8911 ) ;
#3577 = VECTOR ( 'NONE', #7966, 1000.000000000000000 ) ;
#3578 = EDGE_CURVE ( 'NONE', #10055, #6241, #9115, .T. ) ;
#3579 = DIRECTION ( 'NONE',  ( -0.0000000000000000000, -1.000000000000000000, -0.0000000000000000000 ) ) ;
#3580 = AXIS2_PLACEMENT_3D ( 'NONE', #2569, #7232, #64 ) ;
#3581 = EDGE_CURVE ( 'NONE', #3556, #5447, #6817, .T. ) ;
#3582 = ORIENTED_EDGE ( 'NONE', *, *, #5334, .F. ) ;
#3583 = PRESENTATION_STYLE_ASSIGNMENT (( #1970 ) ) ;
#3584 = CARTESIAN_POINT ( 'NONE',  ( 4.184149331665849125, 4.225000000000000533, 1.484534871776028275 ) ) ;
#3585 = ADVANCED_FACE ( 'NONE', ( #5954 ), #4386, .F. ) ;
#3586 = FILL_AREA_STYLE_COLOUR ( '', #6995 ) ;
#3587 = LINE ( 'NONE', #9118, #166 ) ;
#3588 = VERTEX_POINT ( 'NONE', #6007 ) ;
#3589 = PLANE ( 'NONE',  #7632 ) ;
#3590 = FACE_OUTER_BOUND ( 'NONE', #103, .T. ) ;
#3591 = DIRECTION ( 'NONE',  ( 8.270764333545148132E-16, -0.0000000000000000000, 1.000000000000000000 ) ) ;
#3592 = FACE_OUTER_BOUND ( 'NONE', #6005, .T. ) ;
#3593 =( NAMED_UNIT ( * ) PLANE_ANGLE_UNIT ( ) SI_UNIT ( $, .RADIAN. ) );
#3594 = ORIENTED_EDGE ( 'NONE', *, *, #3199, .T. ) ;
#3595 = PRESENTATION_LAYER_ASSIGNMENT (  '', '', ( #9048 ) ) ;
#3596 = PRESENTATION_STYLE_ASSIGNMENT (( #349 ) ) ;
#3597 = VERTEX_POINT ( 'NONE', #2071 ) ;
#3598 = ORIENTED_EDGE ( 'NONE', *, *, #895, .F. ) ;
#3599 =( LENGTH_UNIT ( ) NAMED_UNIT ( * ) SI_UNIT ( .MILLI., .METRE. ) );
#3600 = CARTESIAN_POINT ( 'NONE',  ( 4.494557450338590776, -4.224999999999999645, 0.2999999999999988787 ) ) ;
#3601 = ORIENTED_EDGE ( 'NONE', *, *, #4454, .T. ) ;
#3602 =( NAMED_UNIT ( * ) PLANE_ANGLE_UNIT ( ) SI_UNIT ( $, .RADIAN. ) );
#3603 = ORIENTED_EDGE ( 'NONE', *, *, #4774, .T. ) ;
#3604 = ADVANCED_FACE ( 'NONE', ( #5223 ), #1281, .F. ) ;
#3605 = MECHANICAL_DESIGN_GEOMETRIC_PRESENTATION_REPRESENTATION (  '', ( #10214 ), #8716 ) ;
#3606 =( LENGTH_UNIT ( ) NAMED_UNIT ( * ) SI_UNIT ( .MILLI., .METRE. ) );
#3607 = DIRECTION ( 'NONE',  ( 0.0000000000000000000, 0.0000000000000000000, -1.000000000000000000 ) ) ;
#3608 = VERTEX_POINT ( 'NONE', #4703 ) ;
#3609 = CARTESIAN_POINT ( 'NONE',  ( 5.150000000000001243, -2.125000000000000000, 0.2000000000000016764 ) ) ;
#3610 =( NAMED_UNIT ( * ) SI_UNIT ( $, .STERADIAN. ) SOLID_ANGLE_UNIT ( ) );
#3611 = ORIENTED_EDGE ( 'NONE', *, *, #4373, .T. ) ;
#3612 = PRESENTATION_LAYER_ASSIGNMENT (  '', '', ( #8723 ) ) ;
#3613 = PRESENTATION_LAYER_ASSIGNMENT (  '', '', ( #7578 ) ) ;
#3614 = SURFACE_STYLE_FILL_AREA ( #2977 ) ;
#3615 =( LENGTH_UNIT ( ) NAMED_UNIT ( * ) SI_UNIT ( .MILLI., .METRE. ) );
#3616 = PRESENTATION_STYLE_ASSIGNMENT (( #6181 ) ) ;
#3617 = UNCERTAINTY_MEASURE_WITH_UNIT (LENGTH_MEASURE( 1.000000000000000082E-05 ), #2763, 'distance_accuracy_value', 'NONE');
#3618 = DIRECTION ( 'NONE',  ( -0.1736481776669387411, -0.0000000000000000000, 0.9848077530122064660 ) ) ;
#3619 = DIRECTION ( 'NONE',  ( 0.0000000000000000000, 0.0000000000000000000, 1.000000000000000000 ) ) ;
#3620 = ORIENTED_EDGE ( 'NONE', *, *, #7316, .F. ) ;
#3621 = CARTESIAN_POINT ( 'NONE',  ( -3.498076211353314591, 4.949999999999999289, 0.1000000000000000472 ) ) ;
#3622 =( NAMED_UNIT ( * ) SI_UNIT ( $, .STERADIAN. ) SOLID_ANGLE_UNIT ( ) );
#3623 = LINE ( 'NONE', #4321, #5346 ) ;
#3624 = LINE ( 'NONE', #7502, #2013 ) ;
#3625 = AXIS2_PLACEMENT_3D ( 'NONE', #8331, #3731, #7710 ) ;
#3626 = UNCERTAINTY_MEASURE_WITH_UNIT (LENGTH_MEASURE( 1.000000000000000082E-05 ), #100, 'distance_accuracy_value', 'NONE');
#3627 =( NAMED_UNIT ( * ) PLANE_ANGLE_UNIT ( ) SI_UNIT ( $, .RADIAN. ) );
#3628 = DIRECTION ( 'NONE',  ( 0.0000000000000000000, 0.0000000000000000000, -1.000000000000000000 ) ) ;
#3629 = EDGE_CURVE ( 'NONE', #4550, #3388, #1490, .T. ) ;
#3630 = UNCERTAINTY_MEASURE_WITH_UNIT (LENGTH_MEASURE( 1.000000000000000082E-05 ), #10076, 'distance_accuracy_value', 'NONE');
#3631 = DIRECTION ( 'NONE',  ( 0.0000000000000000000, 1.000000000000000000, -0.0000000000000000000 ) ) ;
#3632 = DIRECTION ( 'NONE',  ( -0.0000000000000000000, -1.000000000000000000, -0.0000000000000000000 ) ) ;
#3633 = ORIENTED_EDGE ( 'NONE', *, *, #7186, .F. ) ;
#3634 = ORIENTED_EDGE ( 'NONE', *, *, #7199, .F. ) ;
#3635 = DIRECTION ( 'NONE',  ( -0.0000000000000000000, -1.000000000000000000, -0.0000000000000000000 ) ) ;
#3636 = CARTESIAN_POINT ( 'NONE',  ( 4.494557450338589888, -0.4149999999999995914, 0.1999999999999988454 ) ) ;
#3637 = LINE ( 'NONE', #3833, #10228 ) ;
#3638 = AXIS2_PLACEMENT_3D ( 'NONE', #312, #3498, #1896 ) ;
#3639 = COLOUR_RGB ( '',0.1176470588235294101, 0.1176470588235294101, 0.1176470588235294101 ) ;
#3640 = SURFACE_STYLE_FILL_AREA ( #4333 ) ;
#3641 = CARTESIAN_POINT ( 'NONE',  ( 5.150000000000001243, -0.8549999999999998712, 0.2000000000000016764 ) ) ;
#3642 = ORIENTED_EDGE ( 'NONE', *, *, #9756, .F. ) ;
#3643 = DIRECTION ( 'NONE',  ( -0.0000000000000000000, -1.000000000000000000, -0.0000000000000000000 ) ) ;
#3644 = EDGE_CURVE ( 'NONE', #4559, #10012, #8040, .T. ) ;
#3645 = CARTESIAN_POINT ( 'NONE',  ( 4.494557450338589888, -0.4149999999999995914, 0.2999999999999988787 ) ) ;
#3646 = CARTESIAN_POINT ( 'NONE',  ( -3.864512696824128568, -2.954999999999999183, 1.732440418475947430 ) ) ;
#3647 = ADVANCED_FACE ( 'NONE', ( #6975 ), #6210, .F. ) ;
#3648 = CARTESIAN_POINT ( 'NONE',  ( 5.150000000000001243, 0.8550000000000007594, 0.2000000000000016764 ) ) ;
#3649 = EDGE_CURVE ( 'NONE', #3980, #6209, #571, .T. ) ;
#3650 = LINE ( 'NONE', #1292, #4109 ) ;
#3651 = ORIENTED_EDGE ( 'NONE', *, *, #3067, .T. ) ;
#3652 = SURFACE_STYLE_USAGE ( .BOTH. , #2913 ) ;
#3653 = CARTESIAN_POINT ( 'NONE',  ( -3.990737311234599183, 3.395000000000000462, 1.429674850314565093 ) ) ;
#3654 = ORIENTED_EDGE ( 'NONE', *, *, #4492, .F. ) ;
#3655 = EDGE_CURVE ( 'NONE', #8416, #5377, #6872, .T. ) ;
#3656 = EDGE_CURVE ( 'NONE', #2945, #4294, #8436, .T. ) ;
#3657 = LINE ( 'NONE', #5972, #9341 ) ;
#3658 = ORIENTED_EDGE ( 'NONE', *, *, #8762, .T. ) ;
#3659 = PRESENTATION_LAYER_ASSIGNMENT (  '', '', ( #9915 ) ) ;
#3660 = DIRECTION ( 'NONE',  ( -1.000000000000000000, 0.0000000000000000000, 2.605290765066735304E-15 ) ) ;
#3661 = LINE ( 'NONE', #4408, #5584 ) ;
#3662 = ORIENTED_EDGE ( 'NONE', *, *, #1605, .F. ) ;
#3663 = DIRECTION ( 'NONE',  ( -0.0000000000000000000, -1.000000000000000000, -0.0000000000000000000 ) ) ;
#3664 =( NAMED_UNIT ( * ) SI_UNIT ( $, .STERADIAN. ) SOLID_ANGLE_UNIT ( ) );
#3665 = EDGE_CURVE ( 'NONE', #2006, #9812, #4588, .T. ) ;
#3666 = PRESENTATION_LAYER_ASSIGNMENT (  '', '', ( #6953 ) ) ;
#3667 = CARTESIAN_POINT ( 'NONE',  ( -3.868266076183283886, -1.684999999999999831, 1.408079867214329095 ) ) ;
#3668 =( GEOMETRIC_REPRESENTATION_CONTEXT ( 3 ) GLOBAL_UNCERTAINTY_ASSIGNED_CONTEXT ( ( #520 ) ) GLOBAL_UNIT_ASSIGNED_CONTEXT ( ( #8351, #2843, #9930 ) ) REPRESENTATION_CONTEXT ( 'NONE', 'WORKASPACE' ) );
#3669 = FILL_AREA_STYLE ('',( #473 ) ) ;
#3670 = DIRECTION ( 'NONE',  ( -1.000000000000000000, -0.0000000000000000000, 8.270764333545149118E-16 ) ) ;
#3671 = STYLED_ITEM ( 'NONE', ( #965 ), #6928 ) ;
#3672 = EDGE_LOOP ( 'NONE', ( #5985, #978, #2120, #4701 ) ) ;
#3673 = DIRECTION ( 'NONE',  ( 0.9848077530122064660, 0.0000000000000000000, -0.1736481776669393240 ) ) ;
#3674 = PRESENTATION_LAYER_ASSIGNMENT (  '', '', ( #9929 ) ) ;
#3675 = DIRECTION ( 'NONE',  ( -0.0000000000000000000, -1.000000000000000000, -0.0000000000000000000 ) ) ;
#3676 =( LENGTH_UNIT ( ) NAMED_UNIT ( * ) SI_UNIT ( .MILLI., .METRE. ) );
#3677 = PRESENTATION_STYLE_ASSIGNMENT (( #9966 ) ) ;
#3678 = DIRECTION ( 'NONE',  ( -0.1736481776669387411, -0.0000000000000000000, 0.9848077530122064660 ) ) ;
#3679 = SURFACE_STYLE_USAGE ( .BOTH. , #7559 ) ;
#3680 = LINE ( 'NONE', #1320, #3197 ) ;
#3681 = CARTESIAN_POINT ( 'NONE',  ( -3.750000000000000444, 5.099999999999999645, 1.600000000000000089 ) ) ;
#3682 = AXIS2_PLACEMENT_3D ( 'NONE', #9579, #7892, #141 ) ;
#3683 = VECTOR ( 'NONE', #5515, 1000.000000000000000 ) ;
#3684 = DIRECTION ( 'NONE',  ( -0.0000000000000000000, -1.000000000000000000, -0.0000000000000000000 ) ) ;
#3685 = ORIENTED_EDGE ( 'NONE', *, *, #10089, .T. ) ;
#3686 = ORIENTED_EDGE ( 'NONE', *, *, #248, .T. ) ;
#3687 = CARTESIAN_POINT ( 'NONE',  ( -4.184149331665848237, -1.684999999999999831, 1.484534871776029163 ) ) ;
#3688 = CARTESIAN_POINT ( 'NONE',  ( -4.494557450338587223, -3.394999999999999574, 0.3000000000000000444 ) ) ;
#3689 =( GEOMETRIC_REPRESENTATION_CONTEXT ( 3 ) GLOBAL_UNCERTAINTY_ASSIGNED_CONTEXT ( ( #7563 ) ) GLOBAL_UNIT_ASSIGNED_CONTEXT ( ( #9423, #1755, #1650 ) ) REPRESENTATION_CONTEXT ( 'NONE', 'WORKASPACE' ) );
#3690 = CARTESIAN_POINT ( 'NONE',  ( 3.900000000000000799, -4.949999999999999289, 1.600000000000000089 ) ) ;
#3691 = CARTESIAN_POINT ( 'NONE',  ( 3.800269556891266998, -0.4149999999999995914, 1.732440418475946320 ) ) ;
#3692 = VERTEX_POINT ( 'NONE', #4026 ) ;
#3693 = CARTESIAN_POINT ( 'NONE',  ( -5.149999999999999467, -0.4149999999999995914, 0.0000000000000000000 ) ) ;
#3694 = FACE_OUTER_BOUND ( 'NONE', #6076, .T. ) ;
#3695 = SURFACE_STYLE_USAGE ( .BOTH. , #1530 ) ;
#3696 = SURFACE_SIDE_STYLE ('',( #9993 ) ) ;
#3697 = DIRECTION ( 'NONE',  ( 0.0000000000000000000, 0.0000000000000000000, -1.000000000000000000 ) ) ;
#3698 = LINE ( 'NONE', #1398, #10168 ) ;
#3699 = CARTESIAN_POINT ( 'NONE',  ( 4.494557450338589000, 4.225000000000000533, 0.2999999999999988787 ) ) ;
#3700 = VECTOR ( 'NONE', #235, 1000.000000000000000 ) ;
#3701 = SURFACE_SIDE_STYLE ('',( #5913 ) ) ;
#3702 = EDGE_LOOP ( 'NONE', ( #6997, #3651, #2090, #774, #3901, #3220, #5957, #7343, #1189, #10161, #3452, #6961 ) ) ;
#3703 = CARTESIAN_POINT ( 'NONE',  ( -3.899999999999999911, 4.949999999999999289, 1.600000000000000089 ) ) ;
#3704 = EDGE_CURVE ( 'NONE', #5573, #9344, #7376, .T. ) ;
#3705 = ORIENTED_EDGE ( 'NONE', *, *, #8216, .T. ) ;
#3706 = ORIENTED_EDGE ( 'NONE', *, *, #8705, .T. ) ;
#3707 = STYLED_ITEM ( 'NONE', ( #7728 ), #8192 ) ;
#3708 = EDGE_CURVE ( 'NONE', #981, #8342, #2579, .T. ) ;
#3709 = ADVANCED_FACE ( 'NONE', ( #5630 ), #3165, .F. ) ;
#3710 = ORIENTED_EDGE ( 'NONE', *, *, #6865, .T. ) ;
#3711 = FACE_OUTER_BOUND ( 'NONE', #6923, .T. ) ;
#3712 = COLOUR_RGB ( '',0.7529411764705882248, 0.7529411764705882248, 0.7529411764705882248 ) ;
#3713 = STYLED_ITEM ( 'NONE', ( #4599 ), #1537 ) ;
#3714 = CARTESIAN_POINT ( 'NONE',  ( -4.494557450338584559, -0.8549999999999998712, 1.680513367352531873E-15 ) ) ;
#3715 =( NAMED_UNIT ( * ) PLANE_ANGLE_UNIT ( ) SI_UNIT ( $, .RADIAN. ) );
#3716 = EDGE_CURVE ( 'NONE', #3135, #7769, #4725, .T. ) ;
#3717 = EDGE_LOOP ( 'NONE', ( #5475, #8913, #510, #8663 ) ) ;
#3718 = PRESENTATION_LAYER_ASSIGNMENT (  '', '', ( #3224 ) ) ;
#3719 = CARTESIAN_POINT ( 'NONE',  ( -4.494557450338588112, -0.4149999999999995914, 0.3000000000000000444 ) ) ;
#3720 = CARTESIAN_POINT ( 'NONE',  ( -3.888707005762189084, 3.395000000000000462, 1.732440418475947430 ) ) ;
#3721 = STYLED_ITEM ( 'NONE', ( #6128 ), #2369 ) ;
#3722 = AXIS2_PLACEMENT_3D ( 'NONE', #4749, #801, #9413 ) ;
#3723 = DIRECTION ( 'NONE',  ( 0.0000000000000000000, 0.0000000000000000000, 1.000000000000000000 ) ) ;
#3724 = LINE ( 'NONE', #3774, #9160 ) ;
#3725 = DIRECTION ( 'NONE',  ( -0.0000000000000000000, -1.000000000000000000, -0.0000000000000000000 ) ) ;
#3726 = AXIS2_PLACEMENT_3D ( 'NONE', #3479, #3336, #6522 ) ;
#3727 = EDGE_CURVE ( 'NONE', #2423, #407, #7711, .T. ) ;
#3728 = ORIENTED_EDGE ( 'NONE', *, *, #5143, .T. ) ;
#3729 =( LENGTH_UNIT ( ) NAMED_UNIT ( * ) SI_UNIT ( .MILLI., .METRE. ) );
#3730 = LINE ( 'NONE', #2983, #903 ) ;
#3731 = DIRECTION ( 'NONE',  ( -0.0000000000000000000, -1.000000000000000000, -0.0000000000000000000 ) ) ;
#3732 = MECHANICAL_DESIGN_GEOMETRIC_PRESENTATION_REPRESENTATION (  '', ( #8182 ), #1722 ) ;
#3733 = FILL_AREA_STYLE_COLOUR ( '', #5014 ) ;
#3734 = CARTESIAN_POINT ( 'NONE',  ( -3.888707005762188196, -1.684999999999999831, 1.432440418475948274 ) ) ;
#3735 = SURFACE_STYLE_USAGE ( .BOTH. , #10026 ) ;
#3736 = AXIS2_PLACEMENT_3D ( 'NONE', #10151, #3066, #6224 ) ;
#3737 = VECTOR ( 'NONE', #550, 1000.000000000000000 ) ;
#3738 =( GEOMETRIC_REPRESENTATION_CONTEXT ( 3 ) GLOBAL_UNCERTAINTY_ASSIGNED_CONTEXT ( ( #1774 ) ) GLOBAL_UNIT_ASSIGNED_CONTEXT ( ( #7451, #2007, #9531 ) ) REPRESENTATION_CONTEXT ( 'NONE', 'WORKASPACE' ) );
#3739 = CARTESIAN_POINT ( 'NONE',  ( -3.899999999999999911, 4.949999999999999289, 1.600000000000000089 ) ) ;
#3740 = FILL_AREA_STYLE ('',( #10030 ) ) ;
#3741 = EDGE_CURVE ( 'NONE', #2787, #4161, #10187, .T. ) ;
#3742 = ORIENTED_EDGE ( 'NONE', *, *, #1877, .T. ) ;
#3743 = ORIENTED_EDGE ( 'NONE', *, *, #4377, .F. ) ;
#3744 = AXIS2_PLACEMENT_3D ( 'NONE', #1071, #286, #391 ) ;
#3745 = CARTESIAN_POINT ( 'NONE',  ( -3.749999999999998224, -4.949999999999999289, 1.040192378864670086 ) ) ;
#3746 = CARTESIAN_POINT ( 'NONE',  ( 4.396076675037371650, -4.224999999999999645, 0.2826351822333049157 ) ) ;
#3747 = FILL_AREA_STYLE ('',( #552 ) ) ;
#3748 = LINE ( 'NONE', #3691, #7147 ) ;
#3749 = VERTEX_POINT ( 'NONE', #3981 ) ;
#3750 = DIRECTION ( 'NONE',  ( -0.0000000000000000000, 0.0000000000000000000, -1.000000000000000000 ) ) ;
#3751 =( LENGTH_UNIT ( ) NAMED_UNIT ( * ) SI_UNIT ( .MILLI., .METRE. ) );
#3752 = COLOUR_RGB ( '',0.7529411764705882248, 0.7529411764705882248, 0.7529411764705882248 ) ;
#3753 = DIRECTION ( 'NONE',  ( 0.0000000000000000000, 1.000000000000000000, 0.0000000000000000000 ) ) ;
#3754 =( NAMED_UNIT ( * ) SI_UNIT ( $, .STERADIAN. ) SOLID_ANGLE_UNIT ( ) );
#3755 =( GEOMETRIC_REPRESENTATION_CONTEXT ( 3 ) GLOBAL_UNCERTAINTY_ASSIGNED_CONTEXT ( ( #1028 ) ) GLOBAL_UNIT_ASSIGNED_CONTEXT ( ( #8231, #3472, #7352 ) ) REPRESENTATION_CONTEXT ( 'NONE', 'WORKASPACE' ) );
#3756 = DIRECTION ( 'NONE',  ( 0.0000000000000000000, 0.0000000000000000000, -1.000000000000000000 ) ) ;
#3757 = VECTOR ( 'NONE', #6302, 1000.000000000000000 ) ;
#3758 = VECTOR ( 'NONE', #3753, 1000.000000000000000 ) ;
#3759 = CARTESIAN_POINT ( 'NONE',  ( -4.396076675037368986, 2.125000000000000444, 0.2826351822333060815 ) ) ;
#3760 = ORIENTED_EDGE ( 'NONE', *, *, #1474, .F. ) ;
#3761 = UNCERTAINTY_MEASURE_WITH_UNIT (LENGTH_MEASURE( 1.000000000000000082E-05 ), #10175, 'distance_accuracy_value', 'NONE');
#3762 = VERTEX_POINT ( 'NONE', #3219 ) ;
#3763 = FACE_OUTER_BOUND ( 'NONE', #601, .T. ) ;
#3764 = VERTEX_POINT ( 'NONE', #9515 ) ;
#3765 = LINE ( 'NONE', #3026, #1614 ) ;
#3766 = CARTESIAN_POINT ( 'NONE',  ( 4.494557450338589000, 3.395000000000000462, 0.2999999999999988787 ) ) ;
#3767 = PLANE ( 'NONE',  #4851 ) ;
#3768 = ORIENTED_EDGE ( 'NONE', *, *, #3393, .F. ) ;
#3769 = DIRECTION ( 'NONE',  ( 0.0000000000000000000, 0.0000000000000000000, -1.000000000000000000 ) ) ;
#3770 = EDGE_CURVE ( 'NONE', #1538, #5611, #4803, .T. ) ;
#3771 = SURFACE_STYLE_USAGE ( .BOTH. , #6136 ) ;
#3772 =( LENGTH_UNIT ( ) NAMED_UNIT ( * ) SI_UNIT ( .MILLI., .METRE. ) );
#3773 = EDGE_CURVE ( 'NONE', #2786, #9142, #2524, .T. ) ;
#3774 = CARTESIAN_POINT ( 'NONE',  ( 3.990737311234600071, -2.125000000000000000, 1.429674850314564205 ) ) ;
#3775 =( NAMED_UNIT ( * ) SI_UNIT ( $, .STERADIAN. ) SOLID_ANGLE_UNIT ( ) );
#3776 =( NAMED_UNIT ( * ) SI_UNIT ( $, .STERADIAN. ) SOLID_ANGLE_UNIT ( ) );
#3777 = SURFACE_SIDE_STYLE ('',( #2156 ) ) ;
#3778 = AXIS2_PLACEMENT_3D ( 'NONE', #6182, #1303, #9343 ) ;
#3779 = EDGE_CURVE ( 'NONE', #5870, #7792, #8200, .T. ) ;
#3780 = AXIS2_PLACEMENT_3D ( 'NONE', #3688, #9317, #6108 ) ;
#3781 = CARTESIAN_POINT ( 'NONE',  ( 3.990737311234599183, 2.955000000000000071, 1.429674850314564205 ) ) ;
#3782 = SURFACE_STYLE_FILL_AREA ( #6868 ) ;
#3783 = CARTESIAN_POINT ( 'NONE',  ( -5.149999999999999467, 2.125000000000000444, 0.2000000000000016764 ) ) ;
#3784 = ORIENTED_EDGE ( 'NONE', *, *, #9459, .F. ) ;
#3785 = ORIENTED_EDGE ( 'NONE', *, *, #7883, .F. ) ;
#3786 = ORIENTED_EDGE ( 'NONE', *, *, #8394, .F. ) ;
#3787 = LINE ( 'NONE', #6924, #5534 ) ;
#3788 = DIRECTION ( 'NONE',  ( 0.1736481776669393240, -0.0000000000000000000, 0.9848077530122063550 ) ) ;
#3789 = CYLINDRICAL_SURFACE ( 'NONE', #6979, 0.09999999999999911737 ) ;
#3790 = ORIENTED_EDGE ( 'NONE', *, *, #8081, .T. ) ;
#3791 = STYLED_ITEM ( 'NONE', ( #10075 ), #823 ) ;
#3792 =( GEOMETRIC_REPRESENTATION_CONTEXT ( 3 ) GLOBAL_UNCERTAINTY_ASSIGNED_CONTEXT ( ( #9917 ) ) GLOBAL_UNIT_ASSIGNED_CONTEXT ( ( #8536, #8386, #9214 ) ) REPRESENTATION_CONTEXT ( 'NONE', 'WORKASPACE' ) );
#3793 = DIRECTION ( 'NONE',  ( 1.000000000000000000, 0.0000000000000000000, 0.0000000000000000000 ) ) ;
#3794 = EDGE_CURVE ( 'NONE', #5879, #6669, #8853, .T. ) ;
#3795 = PRESENTATION_STYLE_ASSIGNMENT (( #609 ) ) ;
#3796 = CYLINDRICAL_SURFACE ( 'NONE', #5846, 0.09999999999999911737 ) ;
#3797 = MECHANICAL_DESIGN_GEOMETRIC_PRESENTATION_REPRESENTATION (  '', ( #8584 ), #7922 ) ;
#3798 = ORIENTED_EDGE ( 'NONE', *, *, #9401, .T. ) ;
#3799 = VERTEX_POINT ( 'NONE', #915 ) ;
#3800 = EDGE_LOOP ( 'NONE', ( #7552, #8829, #1360, #9441 ) ) ;
#3801 = FILL_AREA_STYLE_COLOUR ( '', #569 ) ;
#3802 = EDGE_LOOP ( 'NONE', ( #3147, #10122, #7465, #6581 ) ) ;
#3803 = FILL_AREA_STYLE ('',( #1463 ) ) ;
#3804 = SURFACE_SIDE_STYLE ('',( #6946 ) ) ;
#3805 = ORIENTED_EDGE ( 'NONE', *, *, #2188, .T. ) ;
#3806 =( NAMED_UNIT ( * ) PLANE_ANGLE_UNIT ( ) SI_UNIT ( $, .RADIAN. ) );
#3807 = VECTOR ( 'NONE', #8961, 1000.000000000000227 ) ;
#3808 = SURFACE_SIDE_STYLE ('',( #7746 ) ) ;
#3809 = VERTEX_POINT ( 'NONE', #125 ) ;
#3810 = ORIENTED_EDGE ( 'NONE', *, *, #8955, .T. ) ;
#3811 = VECTOR ( 'NONE', #7953, 1000.000000000000000 ) ;
#3812 = LINE ( 'NONE', #10119, #2653 ) ;
#3813 = ORIENTED_EDGE ( 'NONE', *, *, #5907, .T. ) ;
#3814 = DIRECTION ( 'NONE',  ( -2.605290765066735304E-15, 0.0000000000000000000, -1.000000000000000000 ) ) ;
#3815 = DIRECTION ( 'NONE',  ( 1.000000000000000000, 0.0000000000000000000, -8.270764333545148132E-16 ) ) ;
#3816 = CARTESIAN_POINT ( 'NONE',  ( -3.899999999999998579, -2.954999999999999183, 1.600000000000000089 ) ) ;
#3817 = PRESENTATION_STYLE_ASSIGNMENT (( #3156 ) ) ;
#3818 = CARTESIAN_POINT ( 'NONE',  ( 3.899999999999999911, 4.949999999999999289, 1.600000000000000089 ) ) ;
#3819 = VECTOR ( 'NONE', #1424, 1000.000000000000000 ) ;
#3820 = PRESENTATION_LAYER_ASSIGNMENT (  '', '', ( #155 ) ) ;
#3821 = FACE_OUTER_BOUND ( 'NONE', #5962, .T. ) ;
#3822 = UNCERTAINTY_MEASURE_WITH_UNIT (LENGTH_MEASURE( 1.000000000000000082E-05 ), #3020, 'distance_accuracy_value', 'NONE');
#3823 =( LENGTH_UNIT ( ) NAMED_UNIT ( * ) SI_UNIT ( .MILLI., .METRE. ) );
#3824 = COLOUR_RGB ( '',0.7529411764705882248, 0.7529411764705882248, 0.7529411764705882248 ) ;
#3825 = UNCERTAINTY_MEASURE_WITH_UNIT (LENGTH_MEASURE( 1.000000000000000082E-05 ), #6584, 'distance_accuracy_value', 'NONE');
#3826 = CARTESIAN_POINT ( 'NONE',  ( -4.494557450338588112, 1.685000000000000275, 0.2000000000000008993 ) ) ;
#3827 = FACE_OUTER_BOUND ( 'NONE', #1865, .T. ) ;
#3828 = EDGE_LOOP ( 'NONE', ( #9663, #6877, #6227, #4875 ) ) ;
#3829 = EDGE_LOOP ( 'NONE', ( #4463, #4839, #4778, #832 ) ) ;
#3830 = EDGE_CURVE ( 'NONE', #7868, #3326, #1750, .T. ) ;
#3831 = VERTEX_POINT ( 'NONE', #4218 ) ;
#3832 = DIRECTION ( 'NONE',  ( 0.0000000000000000000, 0.0000000000000000000, -1.000000000000000000 ) ) ;
#3833 = CARTESIAN_POINT ( 'NONE',  ( -4.494557450338588112, -1.684999999999999831, 0.1999999999999999833 ) ) ;
#3834 = EDGE_CURVE ( 'NONE', #9332, #916, #2774, .T. ) ;
#3835 = CYLINDRICAL_SURFACE ( 'NONE', #9955, 0.09999999999999911737 ) ;
#3836 = DIRECTION ( 'NONE',  ( -0.0000000000000000000, -1.000000000000000000, -0.0000000000000000000 ) ) ;
#3837 = EDGE_LOOP ( 'NONE', ( #5650, #5391, #7893, #9700 ) ) ;
#3838 = MECHANICAL_DESIGN_GEOMETRIC_PRESENTATION_REPRESENTATION (  '', ( #2818 ), #2660 ) ;
#3839 = VECTOR ( 'NONE', #9523, 1000.000000000000000 ) ;
#3840 = CARTESIAN_POINT ( 'NONE',  ( -4.184149331665848237, 1.685000000000000275, 1.484534871776029163 ) ) ;
#3841 = FILL_AREA_STYLE_COLOUR ( '', #1204 ) ;
#3842 = DIRECTION ( 'NONE',  ( -0.0000000000000000000, -1.000000000000000000, -0.0000000000000000000 ) ) ;
#3843 = CYLINDRICAL_SURFACE ( 'NONE', #3736, 0.1243605512616186154 ) ;
#3844 = SURFACE_SIDE_STYLE ('',( #3126 ) ) ;
#3845 =( GEOMETRIC_REPRESENTATION_CONTEXT ( 3 ) GLOBAL_UNCERTAINTY_ASSIGNED_CONTEXT ( ( #8712 ) ) GLOBAL_UNIT_ASSIGNED_CONTEXT ( ( #3518, #7503, #2012 ) ) REPRESENTATION_CONTEXT ( 'NONE', 'WORKASPACE' ) );
#3846 = EDGE_LOOP ( 'NONE', ( #6934, #5360, #1236, #2798 ) ) ;
#3847 = SURFACE_SIDE_STYLE ('',( #1455 ) ) ;
#3848 = ADVANCED_FACE ( 'NONE', ( #2626 ), #1908, .F. ) ;
#3849 = EDGE_LOOP ( 'NONE', ( #627, #946, #6244, #7381 ) ) ;
#3850 = SURFACE_STYLE_FILL_AREA ( #5286 ) ;
#3851 = ORIENTED_EDGE ( 'NONE', *, *, #7588, .F. ) ;
#3852 = SURFACE_SIDE_STYLE ('',( #673 ) ) ;
#3853 = DIRECTION ( 'NONE',  ( 8.270764333545148132E-16, -0.0000000000000000000, 1.000000000000000000 ) ) ;
#3854 = SURFACE_SIDE_STYLE ('',( #8662 ) ) ;
#3855 = ORIENTED_EDGE ( 'NONE', *, *, #1427, .F. ) ;
#3856 = LINE ( 'NONE', #9345, #6257 ) ;
#3857 = SURFACE_STYLE_USAGE ( .BOTH. , #3808 ) ;
#3858 = VERTEX_POINT ( 'NONE', #9000 ) ;
#3859 = FILL_AREA_STYLE_COLOUR ( '', #8009 ) ;
#3860 = FILL_AREA_STYLE_COLOUR ( '', #4630 ) ;
#3861 = MECHANICAL_DESIGN_GEOMETRIC_PRESENTATION_REPRESENTATION (  '', ( #7833 ), #4666 ) ;
#3862 = SURFACE_SIDE_STYLE ('',( #6081 ) ) ;
#3863 = ORIENTED_EDGE ( 'NONE', *, *, #4315, .F. ) ;
#3864 = PLANE ( 'NONE',  #5661 ) ;
#3865 = CIRCLE ( 'NONE', #880, 0.1243605512616186154 ) ;
#3866 = FILL_AREA_STYLE_COLOUR ( '', #8767 ) ;
#3867 = FACE_OUTER_BOUND ( 'NONE', #6890, .T. ) ;
#3868 = CARTESIAN_POINT ( 'NONE',  ( -3.868266076183284330, 0.4150000000000004241, 1.408079867214329095 ) ) ;
#3869 = FILL_AREA_STYLE_COLOUR ( '', #2246 ) ;
#3870 = LINE ( 'NONE', #7220, #2847 ) ;
#3871 = VECTOR ( 'NONE', #3385, 1000.000000000000000 ) ;
#3872 = STYLED_ITEM ( 'NONE', ( #9852 ), #1477 ) ;
#3873 = SURFACE_STYLE_USAGE ( .BOTH. , #696 ) ;
#3874 = MECHANICAL_DESIGN_GEOMETRIC_PRESENTATION_REPRESENTATION (  '', ( #7011 ), #5858 ) ;
#3875 = CARTESIAN_POINT ( 'NONE',  ( -3.899999999999999023, -0.4149999999999995914, 1.600000000000000089 ) ) ;
#3876 = LINE ( 'NONE', #120, #5924 ) ;
#3877 = CARTESIAN_POINT ( 'NONE',  ( 4.396076675037371650, -3.394999999999999574, 0.2826351822333049157 ) ) ;
#3878 = ORIENTED_EDGE ( 'NONE', *, *, #5020, .T. ) ;
#3879 = ORIENTED_EDGE ( 'NONE', *, *, #4781, .T. ) ;
#3880 = PRESENTATION_LAYER_ASSIGNMENT (  '', '', ( #9496 ) ) ;
#3881 = EDGE_CURVE ( 'NONE', #7641, #2092, #328, .T. ) ;
#3882 = ORIENTED_EDGE ( 'NONE', *, *, #1529, .F. ) ;
#3883 = CARTESIAN_POINT ( 'NONE',  ( -5.149999999999999467, -1.684999999999999831, 0.0000000000000000000 ) ) ;
#3884 = DIRECTION ( 'NONE',  ( 0.0000000000000000000, 1.000000000000000000, 0.0000000000000000000 ) ) ;
#3885 = DIRECTION ( 'NONE',  ( -0.0000000000000000000, -1.000000000000000000, -0.0000000000000000000 ) ) ;
#3886 = ORIENTED_EDGE ( 'NONE', *, *, #6847, .F. ) ;
#3887 = MECHANICAL_DESIGN_GEOMETRIC_PRESENTATION_REPRESENTATION (  '', ( #1227 ), #2066 ) ;
#3888 = MECHANICAL_DESIGN_GEOMETRIC_PRESENTATION_REPRESENTATION (  '', ( #4711 ), #10001 ) ;
#3889 = ADVANCED_FACE ( 'NONE', ( #277 ), #7554, .F. ) ;
#3890 = PRESENTATION_STYLE_ASSIGNMENT (( #3227 ) ) ;
#3891 = LINE ( 'NONE', #6275, #5895 ) ;
#3892 = PLANE ( 'NONE',  #1740 ) ;
#3893 = AXIS2_PLACEMENT_3D ( 'NONE', #2696, #403, #1186 ) ;
#3894 = CARTESIAN_POINT ( 'NONE',  ( 5.150000000000002132, -4.665000000000000036, 0.0000000000000000000 ) ) ;
#3895 = ORIENTED_EDGE ( 'NONE', *, *, #5277, .T. ) ;
#3896 = EDGE_CURVE ( 'NONE', #172, #7844, #5995, .T. ) ;
#3897 = CARTESIAN_POINT ( 'NONE',  ( -4.494557450338588112, 1.685000000000000275, 0.3000000000000000444 ) ) ;
#3898 = COLOUR_RGB ( '',0.7529411764705882248, 0.7529411764705882248, 0.7529411764705882248 ) ;
#3899 = VERTEX_POINT ( 'NONE', #5208 ) ;
#3900 = FILL_AREA_STYLE_COLOUR ( '', #2986 ) ;
#3901 = ORIENTED_EDGE ( 'NONE', *, *, #5334, .T. ) ;
#3902 = VECTOR ( 'NONE', #6519, 1000.000000000000000 ) ;
#3903 = AXIS2_PLACEMENT_3D ( 'NONE', #3927, #7081, #1526 ) ;
#3904 = EDGE_CURVE ( 'NONE', #4303, #2501, #7344, .T. ) ;
#3905 = STYLED_ITEM ( 'NONE', ( #5493 ), #2936 ) ;
#3906 =( NAMED_UNIT ( * ) SI_UNIT ( $, .STERADIAN. ) SOLID_ANGLE_UNIT ( ) );
#3907 = LINE ( 'NONE', #781, #210 ) ;
#3908 = VECTOR ( 'NONE', #7642, 1000.000000000000000 ) ;
#3909 = ORIENTED_EDGE ( 'NONE', *, *, #5013, .T. ) ;
#3910 = SURFACE_STYLE_USAGE ( .BOTH. , #730 ) ;
#3911 = DIRECTION ( 'NONE',  ( -0.0000000000000000000, -1.000000000000000000, -0.0000000000000000000 ) ) ;
#3912 = VERTEX_POINT ( 'NONE', #6861 ) ;
#3913 = COLOUR_RGB ( '',0.7529411764705882248, 0.7529411764705882248, 0.7529411764705882248 ) ;
#3914 = ORIENTED_EDGE ( 'NONE', *, *, #6236, .F. ) ;
#3915 = CARTESIAN_POINT ( 'NONE',  ( 3.800269556891267886, -4.665000000000000036, 1.732440418475946320 ) ) ;
#3916 = CARTESIAN_POINT ( 'NONE',  ( 4.494557450338590776, -2.954999999999999183, 0.1999999999999988454 ) ) ;
#3917 = AXIS2_PLACEMENT_3D ( 'NONE', #1481, #6909, #5257 ) ;
#3918 = EDGE_CURVE ( 'NONE', #5700, #5118, #9300, .T. ) ;
#3919 = PLANE ( 'NONE',  #7354 ) ;
#3920 = ORIENTED_EDGE ( 'NONE', *, *, #6358, .F. ) ;
#3921 = DIRECTION ( 'NONE',  ( -0.9848077530122064660, 0.0000000000000000000, -0.1736481776669392962 ) ) ;
#3922 = DIRECTION ( 'NONE',  ( 0.0000000000000000000, 0.0000000000000000000, -1.000000000000000000 ) ) ;
#3923 = ORIENTED_EDGE ( 'NONE', *, *, #7889, .F. ) ;
#3924 = SURFACE_STYLE_FILL_AREA ( #7079 ) ;
#3925 =( NAMED_UNIT ( * ) SI_UNIT ( $, .STERADIAN. ) SOLID_ANGLE_UNIT ( ) );
#3926 =( GEOMETRIC_REPRESENTATION_CONTEXT ( 3 ) GLOBAL_UNCERTAINTY_ASSIGNED_CONTEXT ( ( #10027 ) ) GLOBAL_UNIT_ASSIGNED_CONTEXT ( ( #9122, #5855, #2026 ) ) REPRESENTATION_CONTEXT ( 'NONE', 'WORKASPACE' ) );
#3927 = CARTESIAN_POINT ( 'NONE',  ( -3.888707005762188640, -0.4149999999999995914, 1.432440418475948274 ) ) ;
#3928 = DIRECTION ( 'NONE',  ( 0.1736481776669392962, 0.0000000000000000000, -0.9848077530122064660 ) ) ;
#3929 = FILL_AREA_STYLE_COLOUR ( '', #1661 ) ;
#3930 =( NAMED_UNIT ( * ) SI_UNIT ( $, .STERADIAN. ) SOLID_ANGLE_UNIT ( ) );
#3931 = UNCERTAINTY_MEASURE_WITH_UNIT (LENGTH_MEASURE( 1.000000000000000082E-05 ), #6752, 'distance_accuracy_value', 'NONE');
#3932 = DIRECTION ( 'NONE',  ( 1.314184451497580520E-16, -1.000000000000000000, 3.222258569307970441E-31 ) ) ;
#3933 = CIRCLE ( 'NONE', #6412, 0.2999999999999999334 ) ;
#3934 = EDGE_LOOP ( 'NONE', ( #5338, #1103, #1079, #6643 ) ) ;
#3935 = VERTEX_POINT ( 'NONE', #9358 ) ;
#3936 =( NAMED_UNIT ( * ) PLANE_ANGLE_UNIT ( ) SI_UNIT ( $, .RADIAN. ) );
#3937 = VERTEX_POINT ( 'NONE', #5362 ) ;
#3938 = SURFACE_STYLE_USAGE ( .BOTH. , #2276 ) ;
#3939 = CARTESIAN_POINT ( 'NONE',  ( -4.396076675037368098, -2.954999999999999183, 0.2826351822333060815 ) ) ;
#3940 = SURFACE_SIDE_STYLE ('',( #4809 ) ) ;
#3941 = VECTOR ( 'NONE', #3343, 1000.000000000000000 ) ;
#3942 = FILL_AREA_STYLE ('',( #5329 ) ) ;
#3943 = PRESENTATION_LAYER_ASSIGNMENT (  '', '', ( #1106 ) ) ;
#3944 = ADVANCED_FACE ( 'NONE', ( #5413 ), #7708, .F. ) ;
#3945 = SURFACE_SIDE_STYLE ('',( #9576 ) ) ;
#3946 = DIRECTION ( 'NONE',  ( -0.0000000000000000000, -1.000000000000000000, -0.0000000000000000000 ) ) ;
#3947 =( NAMED_UNIT ( * ) PLANE_ANGLE_UNIT ( ) SI_UNIT ( $, .RADIAN. ) );
#3948 = FILL_AREA_STYLE ('',( #8132 ) ) ;
#3949 = ORIENTED_EDGE ( 'NONE', *, *, #1464, .T. ) ;
#3950 =( NAMED_UNIT ( * ) PLANE_ANGLE_UNIT ( ) SI_UNIT ( $, .RADIAN. ) );
#3951 = COLOUR_RGB ( '',0.7529411764705882248, 0.7529411764705882248, 0.7529411764705882248 ) ;
#3952 = CARTESIAN_POINT ( 'NONE',  ( 3.990737311234600071, -2.125000000000000000, 1.429674850314564205 ) ) ;
#3953 = ORIENTED_EDGE ( 'NONE', *, *, #1727, .F. ) ;
#3954 = EDGE_CURVE ( 'NONE', #1383, #9047, #7891, .T. ) ;
#3955 = CARTESIAN_POINT ( 'NONE',  ( 5.150000000000001243, -0.4149999999999995914, 0.0000000000000000000 ) ) ;
#3956 = VECTOR ( 'NONE', #3678, 1000.000000000000227 ) ;
#3957 = PRESENTATION_STYLE_ASSIGNMENT (( #778 ) ) ;
#3958 = CARTESIAN_POINT ( 'NONE',  ( 5.150000000000000355, 4.665000000000000924, 0.0000000000000000000 ) ) ;
#3959 = LINE ( 'NONE', #6242, #4750 ) ;
#3960 = ADVANCED_FACE ( 'NONE', ( #6803 ), #8632, .F. ) ;
#3961 = VERTEX_POINT ( 'NONE', #6089 ) ;
#3962 = ADVANCED_FACE ( 'NONE', ( #9252 ), #1373, .T. ) ;
#3963 = EDGE_LOOP ( 'NONE', ( #9321, #6279, #4616, #6161 ) ) ;
#3964 = CARTESIAN_POINT ( 'NONE',  ( -4.199115124434926294, -1.684999999999999831, 0.2479055466999170732 ) ) ;
#3965 = FACE_OUTER_BOUND ( 'NONE', #2295, .T. ) ;
#3966 = EDGE_CURVE ( 'NONE', #4893, #3749, #5619, .T. ) ;
#3967 = ORIENTED_EDGE ( 'NONE', *, *, #8029, .T. ) ;
#3968 = SURFACE_STYLE_USAGE ( .BOTH. , #9448 ) ;
#3969 = DIRECTION ( 'NONE',  ( -0.0000000000000000000, -1.000000000000000000, 0.0000000000000000000 ) ) ;
#3970 =( LENGTH_UNIT ( ) NAMED_UNIT ( * ) SI_UNIT ( .MILLI., .METRE. ) );
#3971 = SURFACE_SIDE_STYLE ('',( #3924 ) ) ;
#3972 = PRESENTATION_STYLE_ASSIGNMENT (( #7180 ) ) ;
#3973 = FILL_AREA_STYLE_COLOUR ( '', #1921 ) ;
#3974 = EDGE_CURVE ( 'NONE', #2022, #3231, #2511, .T. ) ;
#3975 = STYLED_ITEM ( 'NONE', ( #8575 ), #5398 ) ;
#3976 = LINE ( 'NONE', #9407, #3683 ) ;
#3977 = DIRECTION ( 'NONE',  ( 0.2588190451025213501, 0.0000000000000000000, -0.9659258262890680902 ) ) ;
#3978 = DIRECTION ( 'NONE',  ( -0.2588190451025213501, -0.0000000000000000000, 0.9659258262890680902 ) ) ;
#3979 = ORIENTED_EDGE ( 'NONE', *, *, #4901, .F. ) ;
#3980 = VERTEX_POINT ( 'NONE', #5669 ) ;
#3981 = CARTESIAN_POINT ( 'NONE',  ( 4.396076675037369874, 2.955000000000000071, 0.2826351822333049157 ) ) ;
#3982 = EDGE_LOOP ( 'NONE', ( #685, #3301, #7391, #4673 ) ) ;
#3983 = DIRECTION ( 'NONE',  ( 0.0000000000000000000, 0.0000000000000000000, 1.000000000000000000 ) ) ;
#3984 = VECTOR ( 'NONE', #57, 1000.000000000000114 ) ;
#3985 = VECTOR ( 'NONE', #7383, 1000.000000000000227 ) ;
#3986 = PLANE ( 'NONE',  #7212 ) ;
#3987 = LINE ( 'NONE', #3172, #8384 ) ;
#3988 = LINE ( 'NONE', #6475, #3569 ) ;
#3989 = EDGE_LOOP ( 'NONE', ( #1314, #3423, #803, #2489 ) ) ;
#3990 = CIRCLE ( 'NONE', #4471, 0.2999999999999983791 ) ;
#3991 = VERTEX_POINT ( 'NONE', #3260 ) ;
#3992 = LINE ( 'NONE', #97, #9763 ) ;
#3993 = AXIS2_PLACEMENT_3D ( 'NONE', #8229, #5837, #4269 ) ;
#3994 = MECHANICAL_DESIGN_GEOMETRIC_PRESENTATION_REPRESENTATION (  '', ( #8443 ), #9753 ) ;
#3995 = LINE ( 'NONE', #1621, #7015 ) ;
#3996 = VERTEX_POINT ( 'NONE', #9503 ) ;
#3997 = EDGE_CURVE ( 'NONE', #2506, #7978, #8781, .T. ) ;
#3998 = DIRECTION ( 'NONE',  ( 0.0000000000000000000, -0.0000000000000000000, -1.000000000000000000 ) ) ;
#3999 = ORIENTED_EDGE ( 'NONE', *, *, #787, .F. ) ;
#4000 =( GEOMETRIC_REPRESENTATION_CONTEXT ( 3 ) GLOBAL_UNCERTAINTY_ASSIGNED_CONTEXT ( ( #5065 ) ) GLOBAL_UNIT_ASSIGNED_CONTEXT ( ( #7247, #2529, #6656 ) ) REPRESENTATION_CONTEXT ( 'NONE', 'WORKASPACE' ) );
#4001 = ORIENTED_EDGE ( 'NONE', *, *, #5142, .T. ) ;
#4002 = LINE ( 'NONE', #6492, #1719 ) ;
#4003 = LINE ( 'NONE', #788, #8292 ) ;
#4004 = ORIENTED_EDGE ( 'NONE', *, *, #10085, .F. ) ;
#4005 = ADVANCED_FACE ( 'NONE', ( #7231 ), #6403, .F. ) ;
#4006 = EDGE_CURVE ( 'NONE', #4610, #6106, #7063, .T. ) ;
#4007 =( GEOMETRIC_REPRESENTATION_CONTEXT ( 3 ) GLOBAL_UNCERTAINTY_ASSIGNED_CONTEXT ( ( #3630 ) ) GLOBAL_UNIT_ASSIGNED_CONTEXT ( ( #10076, #4427, #8428 ) ) REPRESENTATION_CONTEXT ( 'NONE', 'WORKASPACE' ) );
#4008 = SURFACE_SIDE_STYLE ('',( #897 ) ) ;
#4009 = ORIENTED_EDGE ( 'NONE', *, *, #7762, .F. ) ;
#4010 = EDGE_CURVE ( 'NONE', #10269, #3250, #144, .T. ) ;
#4011 = VECTOR ( 'NONE', #1436, 1000.000000000000000 ) ;
#4012 = DIRECTION ( 'NONE',  ( 0.2588190451025213501, 0.0000000000000000000, 0.9659258262890680902 ) ) ;
#4013 = DIRECTION ( 'NONE',  ( -0.0000000000000000000, -0.0000000000000000000, -1.000000000000000000 ) ) ;
#4014 = CIRCLE ( 'NONE', #1528, 0.2999999999999983791 ) ;
#4015 = FILL_AREA_STYLE_COLOUR ( '', #6013 ) ;
#4016 = DIRECTION ( 'NONE',  ( 0.0000000000000000000, 0.0000000000000000000, -1.000000000000000000 ) ) ;
#4017 = VECTOR ( 'NONE', #8994, 1000.000000000000000 ) ;
#4018 = CARTESIAN_POINT ( 'NONE',  ( 4.184149331665850902, -4.224999999999999645, 1.484534871776028275 ) ) ;
#4019 = EDGE_CURVE ( 'NONE', #5805, #6125, #1134, .T. ) ;
#4020 = DIRECTION ( 'NONE',  ( 1.000000000000000000, 0.0000000000000000000, 4.342151275111226558E-15 ) ) ;
#4021 = DIRECTION ( 'NONE',  ( 0.0000000000000000000, 0.0000000000000000000, 1.000000000000000000 ) ) ;
#4022 = LINE ( 'NONE', #8738, #8324 ) ;
#4023 = PRESENTATION_STYLE_ASSIGNMENT (( #756 ) ) ;
#4024 = PRESENTATION_LAYER_ASSIGNMENT (  '', '', ( #3707 ) ) ;
#4025 = ORIENTED_EDGE ( 'NONE', *, *, #9072, .F. ) ;
#4026 = CARTESIAN_POINT ( 'NONE',  ( -3.888707005762188196, -1.684999999999999831, 1.732440418475947430 ) ) ;
#4027 = VERTEX_POINT ( 'NONE', #1979 ) ;
#4028 = PRESENTATION_STYLE_ASSIGNMENT (( #1005 ) ) ;
#4029 = DIRECTION ( 'NONE',  ( 0.0000000000000000000, 1.000000000000000000, -0.0000000000000000000 ) ) ;
#4030 = VECTOR ( 'NONE', #7801, 1000.000000000000000 ) ;
#4031 = MECHANICAL_DESIGN_GEOMETRIC_PRESENTATION_REPRESENTATION (  '', ( #7174 ), #6810 ) ;
#4032 =( NAMED_UNIT ( * ) SI_UNIT ( $, .STERADIAN. ) SOLID_ANGLE_UNIT ( ) );
#4033 = PRESENTATION_LAYER_ASSIGNMENT (  '', '', ( #3049 ) ) ;
#4034 = EDGE_CURVE ( 'NONE', #6628, #2917, #1873, .T. ) ;
#4035 = COLOUR_RGB ( '',0.7529411764705882248, 0.7529411764705882248, 0.7529411764705882248 ) ;
#4036 = LINE ( 'NONE', #7203, #2406 ) ;
#4037 =( NAMED_UNIT ( * ) SI_UNIT ( $, .STERADIAN. ) SOLID_ANGLE_UNIT ( ) );
#4038 =( LENGTH_UNIT ( ) NAMED_UNIT ( * ) SI_UNIT ( .MILLI., .METRE. ) );
#4039 = ORIENTED_EDGE ( 'NONE', *, *, #8957, .F. ) ;
#4040 = CARTESIAN_POINT ( 'NONE',  ( -4.494557450338587223, -4.224999999999999645, 0.2000000000000008993 ) ) ;
#4041 = SURFACE_STYLE_USAGE ( .BOTH. , #8189 ) ;
#4042 = AXIS2_PLACEMENT_3D ( 'NONE', #4134, #5847, #2589 ) ;
#4043 = EDGE_LOOP ( 'NONE', ( #8121, #1445, #1089, #3710 ) ) ;
#4044 = SURFACE_SIDE_STYLE ('',( #4095 ) ) ;
#4045 = FACE_OUTER_BOUND ( 'NONE', #3672, .T. ) ;
#4046 = AXIS2_PLACEMENT_3D ( 'NONE', #602, #8694, #3983 ) ;
#4047 =( LENGTH_UNIT ( ) NAMED_UNIT ( * ) SI_UNIT ( .MILLI., .METRE. ) );
#4048 = UNCERTAINTY_MEASURE_WITH_UNIT (LENGTH_MEASURE( 1.000000000000000082E-05 ), #6553, 'distance_accuracy_value', 'NONE');
#4049 = LINE ( 'NONE', #4924, #3305 ) ;
#4050 = COLOUR_RGB ( '',0.7529411764705882248, 0.7529411764705882248, 0.7529411764705882248 ) ;
#4051 = CARTESIAN_POINT ( 'NONE',  ( -3.990737311234598295, -1.684999999999999831, 1.429674850314565093 ) ) ;
#4052 = LINE ( 'NONE', #7217, #4097 ) ;
#4053 = UNCERTAINTY_MEASURE_WITH_UNIT (LENGTH_MEASURE( 1.000000000000000082E-05 ), #9011, 'distance_accuracy_value', 'NONE');
#4054 = ORIENTED_EDGE ( 'NONE', *, *, #8445, .T. ) ;
#4055 =( GEOMETRIC_REPRESENTATION_CONTEXT ( 3 ) GLOBAL_UNCERTAINTY_ASSIGNED_CONTEXT ( ( #8793 ) ) GLOBAL_UNIT_ASSIGNED_CONTEXT ( ( #5943, #7807, #747 ) ) REPRESENTATION_CONTEXT ( 'NONE', 'WORKASPACE' ) );
#4056 = CARTESIAN_POINT ( 'NONE',  ( -3.390896534380865468, 4.590896534380864757, 3.500000000000000000 ) ) ;
#4057 = VERTEX_POINT ( 'NONE', #9026 ) ;
#4058 = SURFACE_STYLE_FILL_AREA ( #4882 ) ;
#4059 = DIRECTION ( 'NONE',  ( -0.0000000000000000000, -1.000000000000000000, -0.0000000000000000000 ) ) ;
#4060 = SURFACE_STYLE_FILL_AREA ( #14 ) ;
#4061 = EDGE_CURVE ( 'NONE', #6125, #1705, #6727, .T. ) ;
#4062 = VERTEX_POINT ( 'NONE', #4284 ) ;
#4063 = VECTOR ( 'NONE', #5375, 1000.000000000000227 ) ;
#4064 = SURFACE_SIDE_STYLE ('',( #8110 ) ) ;
#4065 = DIRECTION ( 'NONE',  ( -0.0000000000000000000, -1.000000000000000000, 0.0000000000000000000 ) ) ;
#4066 = ORIENTED_EDGE ( 'NONE', *, *, #4082, .T. ) ;
#4067 = VECTOR ( 'NONE', #1179, 1000.000000000000000 ) ;
#4068 = DIRECTION ( 'NONE',  ( 0.0000000000000000000, 0.0000000000000000000, 1.000000000000000000 ) ) ;
#4069 = SURFACE_STYLE_FILL_AREA ( #63 ) ;
#4070 = ORIENTED_EDGE ( 'NONE', *, *, #7994, .F. ) ;
#4071 = AXIS2_PLACEMENT_3D ( 'NONE', #6964, #8425, #4522 ) ;
#4072 = EDGE_CURVE ( 'NONE', #7769, #2835, #8196, .T. ) ;
#4073 = DIRECTION ( 'NONE',  ( 0.0000000000000000000, 0.0000000000000000000, -1.000000000000000000 ) ) ;
#4074 = LINE ( 'NONE', #9411, #9544 ) ;
#4075 =( NAMED_UNIT ( * ) PLANE_ANGLE_UNIT ( ) SI_UNIT ( $, .RADIAN. ) );
#4076 = ORIENTED_EDGE ( 'NONE', *, *, #5199, .F. ) ;
#4077 =( LENGTH_UNIT ( ) NAMED_UNIT ( * ) SI_UNIT ( .MILLI., .METRE. ) );
#4078 = CARTESIAN_POINT ( 'NONE',  ( -4.184149331665847349, -4.665000000000000036, 1.484534871776029163 ) ) ;
#4079 = EDGE_LOOP ( 'NONE', ( #2343, #3296, #493, #7270 ) ) ;
#4080 = DIRECTION ( 'NONE',  ( -1.314184451497581259E-16, 1.000000000000000000, -0.0000000000000000000 ) ) ;
#4081 = SURFACE_SIDE_STYLE ('',( #9571 ) ) ;
#4082 = EDGE_CURVE ( 'NONE', #5439, #3608, #6772, .T. ) ;
#4083 =( LENGTH_UNIT ( ) NAMED_UNIT ( * ) SI_UNIT ( .MILLI., .METRE. ) );
#4084 = PRESENTATION_LAYER_ASSIGNMENT (  '', '', ( #10214 ) ) ;
#4085 = DIRECTION ( 'NONE',  ( -0.1736481776669392962, 0.0000000000000000000, 0.9848077530122064660 ) ) ;
#4086 = CARTESIAN_POINT ( 'NONE',  ( 5.150000000000002132, -2.954999999999999183, 0.0000000000000000000 ) ) ;
#4087 =( LENGTH_UNIT ( ) NAMED_UNIT ( * ) SI_UNIT ( .MILLI., .METRE. ) );
#4088 = CARTESIAN_POINT ( 'NONE',  ( 4.184149331665849125, 3.395000000000000462, 1.484534871776028275 ) ) ;
#4089 = DIRECTION ( 'NONE',  ( -0.0000000000000000000, -1.000000000000000000, -0.0000000000000000000 ) ) ;
#4090 = FILL_AREA_STYLE_COLOUR ( '', #8356 ) ;
#4091 = ORIENTED_EDGE ( 'NONE', *, *, #5399, .T. ) ;
#4092 = EDGE_CURVE ( 'NONE', #4514, #7195, #5127, .T. ) ;
#4093 = COLOUR_RGB ( '',0.7529411764705882248, 0.7529411764705882248, 0.7529411764705882248 ) ;
#4094 = AXIS2_PLACEMENT_3D ( 'NONE', #3023, #4355, #3607 ) ;
#4095 = SURFACE_STYLE_FILL_AREA ( #8039 ) ;
#4096 = DIRECTION ( 'NONE',  ( 0.0000000000000000000, 0.0000000000000000000, -1.000000000000000000 ) ) ;
#4097 = VECTOR ( 'NONE', #104, 1000.000000000000000 ) ;
#4098 = VECTOR ( 'NONE', #3977, 1000.000000000000000 ) ;
#4099 = DIRECTION ( 'NONE',  ( 0.0000000000000000000, 0.0000000000000000000, 1.000000000000000000 ) ) ;
#4100 = VERTEX_POINT ( 'NONE', #3646 ) ;
#4101 = DIRECTION ( 'NONE',  ( -0.0000000000000000000, 0.2588190451025212946, -0.9659258262890680902 ) ) ;
#4102 = ORIENTED_EDGE ( 'NONE', *, *, #2122, .T. ) ;
#4103 = DIRECTION ( 'NONE',  ( 1.000000000000000000, -0.0000000000000000000, -2.605290765066735698E-15 ) ) ;
#4104 = VERTEX_POINT ( 'NONE', #9788 ) ;
#4105 =( LENGTH_UNIT ( ) NAMED_UNIT ( * ) SI_UNIT ( .MILLI., .METRE. ) );
#4106 = CARTESIAN_POINT ( 'NONE',  ( 5.150000000000001243, -0.4149999999999995914, 0.2000000000000016764 ) ) ;
#4107 = DIRECTION ( 'NONE',  ( 0.0000000000000000000, 0.0000000000000000000, -1.000000000000000000 ) ) ;
#4108 = ORIENTED_EDGE ( 'NONE', *, *, #8531, .T. ) ;
#4109 = VECTOR ( 'NONE', #7629, 1000.000000000000227 ) ;
#4110 = ORIENTED_EDGE ( 'NONE', *, *, #10135, .T. ) ;
#4111 = CARTESIAN_POINT ( 'NONE',  ( 5.150000000000001243, 2.125000000000000444, 0.2000000000000016764 ) ) ;
#4112 = SURFACE_STYLE_USAGE ( .BOTH. , #2517 ) ;
#4113 = AXIS2_PLACEMENT_3D ( 'NONE', #4918, #4382, #8186 ) ;
#4114 = DIRECTION ( 'NONE',  ( -0.0000000000000000000, -1.000000000000000000, 0.0000000000000000000 ) ) ;
#4115 = DIRECTION ( 'NONE',  ( 0.0000000000000000000, 0.0000000000000000000, -1.000000000000000000 ) ) ;
#4116 = FACE_OUTER_BOUND ( 'NONE', #804, .T. ) ;
#4117 = DIRECTION ( 'NONE',  ( -1.000000000000000000, 0.0000000000000000000, -2.451907390652843255E-15 ) ) ;
#4118 = FACE_OUTER_BOUND ( 'NONE', #5477, .T. ) ;
#4119 = VERTEX_POINT ( 'NONE', #6015 ) ;
#4120 = FILL_AREA_STYLE ('',( #1597 ) ) ;
#4121 = ORIENTED_EDGE ( 'NONE', *, *, #503, .F. ) ;
#4122 = CARTESIAN_POINT ( 'NONE',  ( 4.494557450338589888, 0.4150000000000004241, 0.2999999999999988787 ) ) ;
#4123 = CIRCLE ( 'NONE', #8277, 0.2999999999999999334 ) ;
#4124 = DIRECTION ( 'NONE',  ( 0.0000000000000000000, -0.0000000000000000000, 1.000000000000000000 ) ) ;
#4125 = CARTESIAN_POINT ( 'NONE',  ( 4.184149331665850013, 2.125000000000000444, 1.484534871776028275 ) ) ;
#4126 = VECTOR ( 'NONE', #7284, 1000.000000000000000 ) ;
#4127 = PLANE ( 'NONE',  #7055 ) ;
#4128 =( GEOMETRIC_REPRESENTATION_CONTEXT ( 3 ) GLOBAL_UNCERTAINTY_ASSIGNED_CONTEXT ( ( #5813 ) ) GLOBAL_UNIT_ASSIGNED_CONTEXT ( ( #3599, #1142, #5917 ) ) REPRESENTATION_CONTEXT ( 'NONE', 'WORKASPACE' ) );
#4129 = LINE ( 'NONE', #967, #3902 ) ;
#4130 = ADVANCED_FACE ( 'NONE', ( #5960 ), #8140, .F. ) ;
#4131 = CARTESIAN_POINT ( 'NONE',  ( 3.750000000000000000, 4.949999999999999289, 1.600000000000000089 ) ) ;
#4132 = EDGE_CURVE ( 'NONE', #1330, #7074, #5031, .T. ) ;
#4133 = ORIENTED_EDGE ( 'NONE', *, *, #2576, .T. ) ;
#4134 = CARTESIAN_POINT ( 'NONE',  ( -4.184149331665848237, -1.684999999999999831, 1.484534871776029163 ) ) ;
#4135 = ADVANCED_FACE ( 'NONE', ( #5076 ), #1084, .F. ) ;
#4136 = PRESENTATION_STYLE_ASSIGNMENT (( #7259 ) ) ;
#4137 = ORIENTED_EDGE ( 'NONE', *, *, #5457, .F. ) ;
#4138 = MECHANICAL_DESIGN_GEOMETRIC_PRESENTATION_REPRESENTATION (  '', ( #8611 ), #5299 ) ;
#4139 = MECHANICAL_DESIGN_GEOMETRIC_PRESENTATION_REPRESENTATION (  '', ( #2332 ), #4971 ) ;
#4140 =( NAMED_UNIT ( * ) SI_UNIT ( $, .STERADIAN. ) SOLID_ANGLE_UNIT ( ) );
#4141 = SURFACE_SIDE_STYLE ('',( #4824 ) ) ;
#4142 = ADVANCED_FACE ( 'NONE', ( #6987 ), #10094, .F. ) ;
#4143 =( GEOMETRIC_REPRESENTATION_CONTEXT ( 3 ) GLOBAL_UNCERTAINTY_ASSIGNED_CONTEXT ( ( #7899 ) ) GLOBAL_UNIT_ASSIGNED_CONTEXT ( ( #132, #7200, #1604 ) ) REPRESENTATION_CONTEXT ( 'NONE', 'WORKASPACE' ) );
#4144 = EDGE_LOOP ( 'NONE', ( #9274, #9633, #9195, #3706 ) ) ;
#4145 = CARTESIAN_POINT ( 'NONE',  ( 3.899999999999999911, 4.949999999999999289, 1.600000000000000089 ) ) ;
#4146 = ORIENTED_EDGE ( 'NONE', *, *, #797, .F. ) ;
#4147 =( NAMED_UNIT ( * ) PLANE_ANGLE_UNIT ( ) SI_UNIT ( $, .RADIAN. ) );
#4148 = PRESENTATION_LAYER_ASSIGNMENT (  '', '', ( #5472 ) ) ;
#4149 = CARTESIAN_POINT ( 'NONE',  ( 4.494557450338590776, -2.954999999999999183, 0.2999999999999988787 ) ) ;
#4150 = ORIENTED_EDGE ( 'NONE', *, *, #8787, .T. ) ;
#4151 = UNCERTAINTY_MEASURE_WITH_UNIT (LENGTH_MEASURE( 1.000000000000000082E-05 ), #4038, 'distance_accuracy_value', 'NONE');
#4152 = EDGE_CURVE ( 'NONE', #3135, #5573, #3891, .T. ) ;
#4153 = ORIENTED_EDGE ( 'NONE', *, *, #1094, .T. ) ;
#4154 = ORIENTED_EDGE ( 'NONE', *, *, #10017, .F. ) ;
#4155 = COLOUR_RGB ( '',0.7529411764705882248, 0.7529411764705882248, 0.7529411764705882248 ) ;
#4156 = LINE ( 'NONE', #5001, #6671 ) ;
#4157 = VECTOR ( 'NONE', #768, 1000.000000000000000 ) ;
#4158 = DIRECTION ( 'NONE',  ( 1.000000000000000000, 0.0000000000000000000, 0.0000000000000000000 ) ) ;
#4159 = PRESENTATION_STYLE_ASSIGNMENT (( #430 ) ) ;
#4160 = ORIENTED_EDGE ( 'NONE', *, *, #10146, .F. ) ;
#4161 = VERTEX_POINT ( 'NONE', #6827 ) ;
#4162 = CARTESIAN_POINT ( 'NONE',  ( -3.800269556891265665, 3.395000000000000462, 1.732440418475947208 ) ) ;
#4163 = VECTOR ( 'NONE', #2009, 1000.000000000000000 ) ;
#4164 = LINE ( 'NONE', #3373, #7322 ) ;
#4165 = PRESENTATION_STYLE_ASSIGNMENT (( #3470 ) ) ;
#4166 = DIRECTION ( 'NONE',  ( -0.0000000000000000000, -1.000000000000000000, -0.0000000000000000000 ) ) ;
#4167 = MECHANICAL_DESIGN_GEOMETRIC_PRESENTATION_REPRESENTATION (  '', ( #2043 ), #5503 ) ;
#4168 = PLANE ( 'NONE',  #9237 ) ;
#4169 = SURFACE_STYLE_USAGE ( .BOTH. , #9723 ) ;
#4170 = ADVANCED_FACE ( 'NONE', ( #9994 ), #2182, .T. ) ;
#4171 = AXIS2_PLACEMENT_3D ( 'NONE', #6400, #8776, #9548 ) ;
#4172 =( GEOMETRIC_REPRESENTATION_CONTEXT ( 3 ) GLOBAL_UNCERTAINTY_ASSIGNED_CONTEXT ( ( #9856 ) ) GLOBAL_UNIT_ASSIGNED_CONTEXT ( ( #6883, #1400, #9041 ) ) REPRESENTATION_CONTEXT ( 'NONE', 'WORKASPACE' ) );
#4173 =( NAMED_UNIT ( * ) PLANE_ANGLE_UNIT ( ) SI_UNIT ( $, .RADIAN. ) );
#4174 = FILL_AREA_STYLE_COLOUR ( '', #5982 ) ;
#4175 = EDGE_LOOP ( 'NONE', ( #1773, #4647, #8769, #4275, #1893, #468, #2439, #4801, #2037, #5287, #1716, #6264 ) ) ;
#4176 = AXIS2_PLACEMENT_3D ( 'NONE', #3719, #8266, #470 ) ;
#4177 =( LENGTH_UNIT ( ) NAMED_UNIT ( * ) SI_UNIT ( .MILLI., .METRE. ) );
#4178 = EDGE_CURVE ( 'NONE', #8342, #4027, #7395, .T. ) ;
#4179 = EDGE_CURVE ( 'NONE', #5653, #354, #2534, .T. ) ;
#4180 = PRESENTATION_LAYER_ASSIGNMENT (  '', '', ( #6022 ) ) ;
#4181 = DIRECTION ( 'NONE',  ( -0.1736481776669387411, 0.0000000000000000000, -0.9848077530122064660 ) ) ;
#4182 = DIRECTION ( 'NONE',  ( -0.0000000000000000000, -1.000000000000000000, -0.0000000000000000000 ) ) ;
#4184 = EDGE_CURVE ( 'NONE', #1297, #8053, #3987, .T. ) ;
#4183 = DIRECTION ( 'NONE',  ( 1.000000000000000000, 0.0000000000000000000, 2.451907390652843649E-15 ) ) ;
#4185 = CARTESIAN_POINT ( 'NONE',  ( -3.868266076183285218, 4.225000000000000533, 1.408079867214329095 ) ) ;
#4186 = CIRCLE ( 'NONE', #2229, 0.2999999999999983791 ) ;
#4187 = LINE ( 'NONE', #4928, #1889 ) ;
#4188 = ORIENTED_EDGE ( 'NONE', *, *, #4706, .T. ) ;
#4189 = DIRECTION ( 'NONE',  ( 0.1736481776669393240, -0.0000000000000000000, 0.9848077530122063550 ) ) ;
#4190 = MECHANICAL_DESIGN_GEOMETRIC_PRESENTATION_REPRESENTATION (  '', ( #557 ), #8020 ) ;
#4191 = PLANE ( 'NONE',  #3216 ) ;
#4192 = ORIENTED_EDGE ( 'NONE', *, *, #1344, .T. ) ;
#4193 =( GEOMETRIC_REPRESENTATION_CONTEXT ( 3 ) GLOBAL_UNCERTAINTY_ASSIGNED_CONTEXT ( ( #1354 ) ) GLOBAL_UNIT_ASSIGNED_CONTEXT ( ( #7370, #7424, #245 ) ) REPRESENTATION_CONTEXT ( 'NONE', 'WORKASPACE' ) );
#4194 = VECTOR ( 'NONE', #2901, 1000.000000000000114 ) ;
#4195 = EDGE_CURVE ( 'NONE', #9980, #9184, #5063, .T. ) ;
#4196 = PRESENTATION_STYLE_ASSIGNMENT (( #3398 ) ) ;
#4197 = AXIS2_PLACEMENT_3D ( 'NONE', #5718, #1782, #7166 ) ;
#4198 = ORIENTED_EDGE ( 'NONE', *, *, #3079, .T. ) ;
#4199 = LINE ( 'NONE', #7388, #1209 ) ;
#4200 = CIRCLE ( 'NONE', #3404, 0.2999999999999999889 ) ;
#4201 = AXIS2_PLACEMENT_3D ( 'NONE', #1129, #2838, #6719 ) ;
#4202 =( LENGTH_UNIT ( ) NAMED_UNIT ( * ) SI_UNIT ( .MILLI., .METRE. ) );
#4203 = PRESENTATION_STYLE_ASSIGNMENT (( #6459 ) ) ;
#4204 = PRESENTATION_LAYER_ASSIGNMENT (  '', '', ( #7371 ) ) ;
#4205 = ORIENTED_EDGE ( 'NONE', *, *, #4132, .F. ) ;
#4206 = EDGE_CURVE ( 'NONE', #9826, #2950, #6427, .T. ) ;
#4207 = PRESENTATION_STYLE_ASSIGNMENT (( #1050 ) ) ;
#4208 =( GEOMETRIC_REPRESENTATION_CONTEXT ( 3 ) GLOBAL_UNCERTAINTY_ASSIGNED_CONTEXT ( ( #5056 ) ) GLOBAL_UNIT_ASSIGNED_CONTEXT ( ( #10025, #1482, #2155 ) ) REPRESENTATION_CONTEXT ( 'NONE', 'WORKASPACE' ) );
#4209 = CARTESIAN_POINT ( 'NONE',  ( -4.494557450338589000, 4.225000000000000533, 0.2000000000000008993 ) ) ;
#4210 = FILL_AREA_STYLE ('',( #5102 ) ) ;
#4211 = CARTESIAN_POINT ( 'NONE',  ( -4.494557450338589000, 4.665000000000000924, 0.2999999999999999334 ) ) ;
#4212 = VECTOR ( 'NONE', #390, 1000.000000000000000 ) ;
#4213 = UNCERTAINTY_MEASURE_WITH_UNIT (LENGTH_MEASURE( 1.000000000000000082E-05 ), #991, 'distance_accuracy_value', 'NONE');
#4214 = DIRECTION ( 'NONE',  ( 0.0000000000000000000, 1.000000000000000000, 0.0000000000000000000 ) ) ;
#4215 = ORIENTED_EDGE ( 'NONE', *, *, #7458, .T. ) ;
#4216 = FACE_OUTER_BOUND ( 'NONE', #5319, .T. ) ;
#4217 = SURFACE_SIDE_STYLE ('',( #327 ) ) ;
#4218 = CARTESIAN_POINT ( 'NONE',  ( 3.888707005762189972, 2.125000000000000444, 1.732440418475945654 ) ) ;
#4219 = MECHANICAL_DESIGN_GEOMETRIC_PRESENTATION_REPRESENTATION (  '', ( #418 ), #5231 ) ;
#4220 = ORIENTED_EDGE ( 'NONE', *, *, #6309, .F. ) ;
#4221 = CARTESIAN_POINT ( 'NONE',  ( 4.184149331665850013, -1.684999999999999831, 1.484534871776028275 ) ) ;
#4222 = AXIS2_PLACEMENT_3D ( 'NONE', #1839, #796, #4012 ) ;
#4223 = DIRECTION ( 'NONE',  ( -0.0000000000000000000, -1.000000000000000000, -0.0000000000000000000 ) ) ;
#4224 = FILL_AREA_STYLE_COLOUR ( '', #10106 ) ;
#4225 = SURFACE_STYLE_USAGE ( .BOTH. , #6570 ) ;
#4226 = CARTESIAN_POINT ( 'NONE',  ( -4.494557450338587223, -4.665000000000000036, 0.1999999999999999833 ) ) ;
#4227 = ORIENTED_EDGE ( 'NONE', *, *, #3400, .T. ) ;
#4228 =( NAMED_UNIT ( * ) SI_UNIT ( $, .STERADIAN. ) SOLID_ANGLE_UNIT ( ) );
#4229 = EDGE_LOOP ( 'NONE', ( #7093, #6976, #6551, #2473 ) ) ;
#4230 = FACE_OUTER_BOUND ( 'NONE', #3284, .T. ) ;
#4231 = EDGE_CURVE ( 'NONE', #1632, #336, #7301, .T. ) ;
#4232 = STYLED_ITEM ( 'NONE', ( #9102 ), #85 ) ;
#4233 = CARTESIAN_POINT ( 'NONE',  ( 4.494557450338589888, 0.8550000000000007594, 0.2999999999999988787 ) ) ;
#4234 = FILL_AREA_STYLE_COLOUR ( '', #1576 ) ;
#4235 = DIRECTION ( 'NONE',  ( -0.0000000000000000000, -1.000000000000000000, -0.0000000000000000000 ) ) ;
#4236 = DIRECTION ( 'NONE',  ( 0.0000000000000000000, 0.0000000000000000000, -1.000000000000000000 ) ) ;
#4237 = SURFACE_SIDE_STYLE ('',( #348 ) ) ;
#4238 =( NAMED_UNIT ( * ) SI_UNIT ( $, .STERADIAN. ) SOLID_ANGLE_UNIT ( ) );
#4239 = EDGE_LOOP ( 'NONE', ( #7574, #6822, #5388, #6815 ) ) ;
#4240 = UNCERTAINTY_MEASURE_WITH_UNIT (LENGTH_MEASURE( 1.000000000000000082E-05 ), #9733, 'distance_accuracy_value', 'NONE');
#4241 = ORIENTED_EDGE ( 'NONE', *, *, #5775, .T. ) ;
#4242 = EDGE_CURVE ( 'NONE', #8577, #6589, #4917, .T. ) ;
#4243 = CARTESIAN_POINT ( 'NONE',  ( 4.494557450338586335, -1.684999999999999831, -1.084202172485504434E-15 ) ) ;
#4244 = ADVANCED_FACE ( 'NONE', ( #1653 ), #4712, .F. ) ;
#4245 = VERTEX_POINT ( 'NONE', #10260 ) ;
#4246 = CARTESIAN_POINT ( 'NONE',  ( -5.150000000000000355, 3.395000000000000462, 0.0000000000000000000 ) ) ;
#4247 = LINE ( 'NONE', #9035, #1175 ) ;
#4248 = ORIENTED_EDGE ( 'NONE', *, *, #895, .T. ) ;
#4249 = UNCERTAINTY_MEASURE_WITH_UNIT (LENGTH_MEASURE( 1.000000000000000082E-05 ), #8013, 'distance_accuracy_value', 'NONE');
#4250 = FACE_OUTER_BOUND ( 'NONE', #7324, .T. ) ;
#4251 = FILL_AREA_STYLE_COLOUR ( '', #1498 ) ;
#4252 = ADVANCED_FACE ( 'NONE', ( #7507 ), #8339, .T. ) ;
#4253 = ORIENTED_EDGE ( 'NONE', *, *, #7688, .T. ) ;
#4254 = UNCERTAINTY_MEASURE_WITH_UNIT (LENGTH_MEASURE( 1.000000000000000082E-05 ), #4981, 'distance_accuracy_value', 'NONE');
#4255 =( LENGTH_UNIT ( ) NAMED_UNIT ( * ) SI_UNIT ( .MILLI., .METRE. ) );
#4256 = VECTOR ( 'NONE', #4021, 1000.000000000000000 ) ;
#4257 = VERTEX_POINT ( 'NONE', #3520 ) ;
#4258 = VECTOR ( 'NONE', #10186, 1000.000000000000000 ) ;
#4259 = SURFACE_STYLE_USAGE ( .BOTH. , #1107 ) ;
#4260 = LINE ( 'NONE', #9098, #5931 ) ;
#4261 = MECHANICAL_DESIGN_GEOMETRIC_PRESENTATION_REPRESENTATION (  '', ( #291 ), #2463 ) ;
#4262 = EDGE_CURVE ( 'NONE', #6265, #223, #928, .T. ) ;
#4263 = EDGE_LOOP ( 'NONE', ( #1887, #3768, #2856, #3487 ) ) ;
#4264 = DIRECTION ( 'NONE',  ( 0.0000000000000000000, 0.0000000000000000000, -1.000000000000000000 ) ) ;
#4265 = CARTESIAN_POINT ( 'NONE',  ( -3.899999999999999911, 4.949999999999999289, 1.600000000000000089 ) ) ;
#4266 = DIRECTION ( 'NONE',  ( -0.2588190451025213501, -0.0000000000000000000, 0.9659258262890680902 ) ) ;
#4267 = PRESENTATION_LAYER_ASSIGNMENT (  '', '', ( #4440 ) ) ;
#4268 = FACE_OUTER_BOUND ( 'NONE', #6455, .T. ) ;
#4269 = DIRECTION ( 'NONE',  ( 0.0000000000000000000, 0.0000000000000000000, -1.000000000000000000 ) ) ;
#4270 =( NAMED_UNIT ( * ) SI_UNIT ( $, .STERADIAN. ) SOLID_ANGLE_UNIT ( ) );
#4271 = CARTESIAN_POINT ( 'NONE',  ( 5.150000000000000355, 3.395000000000000462, 0.2000000000000016764 ) ) ;
#4272 = CARTESIAN_POINT ( 'NONE',  ( 4.494557450338586335, 2.125000000000000444, 5.421010862427522170E-16 ) ) ;
#4273 = FACE_OUTER_BOUND ( 'NONE', #2759, .T. ) ;
#4274 = LINE ( 'NONE', #7464, #6451 ) ;
#4275 = ORIENTED_EDGE ( 'NONE', *, *, #8751, .T. ) ;
#4276 = STYLED_ITEM ( 'NONE', ( #4023 ), #5271 ) ;
#4277 =( NAMED_UNIT ( * ) SI_UNIT ( $, .STERADIAN. ) SOLID_ANGLE_UNIT ( ) );
#4278 = LINE ( 'NONE', #3636, #4367 ) ;
#4279 = DIRECTION ( 'NONE',  ( -1.752245935330107442E-16, 1.000000000000000000, 4.296344759077295089E-31 ) ) ;
#4280 = ORIENTED_EDGE ( 'NONE', *, *, #7327, .T. ) ;
#4281 = VECTOR ( 'NONE', #9960, 1000.000000000000000 ) ;
#4282 = CARTESIAN_POINT ( 'NONE',  ( 4.396076675037370762, -0.8549999999999998712, 0.2826351822333049157 ) ) ;
#4283 = DIRECTION ( 'NONE',  ( -0.0000000000000000000, -1.000000000000000000, -0.0000000000000000000 ) ) ;
#4284 = CARTESIAN_POINT ( 'NONE',  ( -5.149999999999999467, -1.684999999999999831, 0.0000000000000000000 ) ) ;
#4285 = PRESENTATION_STYLE_ASSIGNMENT (( #9123 ) ) ;
#4286 = CARTESIAN_POINT ( 'NONE',  ( 4.494557450338589888, -2.125000000000000000, 0.2999999999999988787 ) ) ;
#4287 = CARTESIAN_POINT ( 'NONE',  ( -3.868266076183283886, -2.954999999999999183, 1.408079867214329095 ) ) ;
#4288 = MECHANICAL_DESIGN_GEOMETRIC_PRESENTATION_REPRESENTATION (  '', ( #5794 ), #4464 ) ;
#4289 = AXIS2_PLACEMENT_3D ( 'NONE', #8534, #4579, #3046 ) ;
#4290 = ORIENTED_EDGE ( 'NONE', *, *, #1987, .T. ) ;
#4291 = MECHANICAL_DESIGN_GEOMETRIC_PRESENTATION_REPRESENTATION (  '', ( #9915 ), #4128 ) ;
#4292 = VERTEX_POINT ( 'NONE', #1012 ) ;
#4293 = LINE ( 'NONE', #1091, #317 ) ;
#4294 = VERTEX_POINT ( 'NONE', #3428 ) ;
#4295 = CARTESIAN_POINT ( 'NONE',  ( 5.150000000000002132, -2.954999999999999183, 0.0000000000000000000 ) ) ;
#4296 = LINE ( 'NONE', #9797, #6471 ) ;
#4297 = MECHANICAL_DESIGN_GEOMETRIC_PRESENTATION_REPRESENTATION (  '', ( #1833 ), #5131 ) ;
#4298 = COLOUR_RGB ( '',0.7529411764705882248, 0.7529411764705882248, 0.7529411764705882248 ) ;
#4299 = ORIENTED_EDGE ( 'NONE', *, *, #6538, .T. ) ;
#4300 = CARTESIAN_POINT ( 'NONE',  ( -3.899999999999999023, 0.4150000000000004241, 1.600000000000000089 ) ) ;
#4301 = ADVANCED_FACE ( 'NONE', ( #1226 ), #4168, .F. ) ;
#4302 = CARTESIAN_POINT ( 'NONE',  ( -3.899999999999999911, 4.949999999999999289, 1.600000000000000089 ) ) ;
#4303 = VERTEX_POINT ( 'NONE', #4271 ) ;
#4304 = FILL_AREA_STYLE_COLOUR ( '', #4412 ) ;
#4305 = PRESENTATION_STYLE_ASSIGNMENT (( #1101 ) ) ;
#4306 = FILL_AREA_STYLE_COLOUR ( '', #7763 ) ;
#4307 = VECTOR ( 'NONE', #6424, 1000.000000000000000 ) ;
#4308 = MECHANICAL_DESIGN_GEOMETRIC_PRESENTATION_REPRESENTATION (  '', ( #9929 ), #2342 ) ;
#4309 = ORIENTED_EDGE ( 'NONE', *, *, #7612, .F. ) ;
#4310 = EDGE_CURVE ( 'NONE', #9142, #172, #7412, .T. ) ;
#4311 = EDGE_CURVE ( 'NONE', #9344, #5132, #2681, .T. ) ;
#4312 = CARTESIAN_POINT ( 'NONE',  ( -3.888707005762188196, -2.954999999999999183, 1.432440418475948274 ) ) ;
#4313 = COLOUR_RGB ( '',0.7529411764705882248, 0.7529411764705882248, 0.7529411764705882248 ) ;
#4314 =( NAMED_UNIT ( * ) SI_UNIT ( $, .STERADIAN. ) SOLID_ANGLE_UNIT ( ) );
#4315 = EDGE_CURVE ( 'NONE', #669, #3980, #9007, .T. ) ;
#4316 = PLANE ( 'NONE',  #6017 ) ;
#4317 = CYLINDRICAL_SURFACE ( 'NONE', #4794, 0.2999999999999983791 ) ;
#4318 = VERTEX_POINT ( 'NONE', #2164 ) ;
#4319 = FILL_AREA_STYLE ('',( #1115 ) ) ;
#4320 = SURFACE_STYLE_USAGE ( .BOTH. , #6605 ) ;
#4321 = CARTESIAN_POINT ( 'NONE',  ( -3.864512696824129012, -0.1300000000000007816, 1.732440418475947430 ) ) ;
#4322 = FACE_OUTER_BOUND ( 'NONE', #3443, .T. ) ;
#4323 = CARTESIAN_POINT ( 'NONE',  ( -3.800269556891265665, 2.125000000000000444, 1.732440418475947208 ) ) ;
#4324 = EDGE_CURVE ( 'NONE', #7965, #9335, #4635, .T. ) ;
#4325 = SURFACE_STYLE_FILL_AREA ( #7456 ) ;
#4326 = MECHANICAL_DESIGN_GEOMETRIC_PRESENTATION_REPRESENTATION (  '', ( #4998 ), #521 ) ;
#4327 = LINE ( 'NONE', #7506, #4212 ) ;
#4328 =( LENGTH_UNIT ( ) NAMED_UNIT ( * ) SI_UNIT ( .MILLI., .METRE. ) );
#4329 = CARTESIAN_POINT ( 'NONE',  ( -3.899999999999998579, -2.125000000000000000, 1.600000000000000089 ) ) ;
#4330 = EDGE_LOOP ( 'NONE', ( #2718, #7068, #8291, #2298 ) ) ;
#4331 = FILL_AREA_STYLE_COLOUR ( '', #8733 ) ;
#4332 = CARTESIAN_POINT ( 'NONE',  ( -3.864512696824129900, 4.225000000000000533, 1.732440418475947430 ) ) ;
#4333 = FILL_AREA_STYLE ('',( #3586 ) ) ;
#4334 = DIRECTION ( 'NONE',  ( -0.0000000000000000000, -1.000000000000000000, 0.0000000000000000000 ) ) ;
#4335 = ORIENTED_EDGE ( 'NONE', *, *, #845, .T. ) ;
#4336 = SURFACE_STYLE_FILL_AREA ( #1080 ) ;
#4337 = AXIS2_PLACEMENT_3D ( 'NONE', #4777, #7218, #935 ) ;
#4338 = ADVANCED_FACE ( 'NONE', ( #7715 ), #9260, .F. ) ;
#4339 = CARTESIAN_POINT ( 'NONE',  ( -3.749999999999998668, -5.099999999999999645, 1.600000000000000089 ) ) ;
#4340 = LINE ( 'NONE', #2694, #4543 ) ;
#4341 = SURFACE_SIDE_STYLE ('',( #346 ) ) ;
#4342 = CARTESIAN_POINT ( 'NONE',  ( -5.149999999999999467, -0.8549999999999998712, 0.2000000000000016764 ) ) ;
#4343 = UNCERTAINTY_MEASURE_WITH_UNIT (LENGTH_MEASURE( 1.000000000000000082E-05 ), #2333, 'distance_accuracy_value', 'NONE');
#4344 = DIRECTION ( 'NONE',  ( 0.0000000000000000000, -0.0000000000000000000, -1.000000000000000000 ) ) ;
#4345 =( LENGTH_UNIT ( ) NAMED_UNIT ( * ) SI_UNIT ( .MILLI., .METRE. ) );
#4346 = ORIENTED_EDGE ( 'NONE', *, *, #10077, .T. ) ;
#4347 = ORIENTED_EDGE ( 'NONE', *, *, #5467, .F. ) ;
#4348 = AXIS2_PLACEMENT_3D ( 'NONE', #790, #3097, #18 ) ;
#4349 = SURFACE_STYLE_USAGE ( .BOTH. , #9846 ) ;
#4350 = EDGE_LOOP ( 'NONE', ( #3091, #5971, #7058, #8432 ) ) ;
#4351 = FILL_AREA_STYLE ('',( #6733 ) ) ;
#4352 = CARTESIAN_POINT ( 'NONE',  ( 4.494557450338589888, 0.8550000000000007594, 0.2999999999999988787 ) ) ;
#4353 = ORIENTED_EDGE ( 'NONE', *, *, #406, .T. ) ;
#4354 = LINE ( 'NONE', #7537, #1885 ) ;
#4355 = DIRECTION ( 'NONE',  ( -0.0000000000000000000, -1.000000000000000000, -0.0000000000000000000 ) ) ;
#4356 = ORIENTED_EDGE ( 'NONE', *, *, #4900, .F. ) ;
#4357 = DIRECTION ( 'NONE',  ( -0.0000000000000000000, -1.000000000000000000, -0.0000000000000000000 ) ) ;
#4358 = UNCERTAINTY_MEASURE_WITH_UNIT (LENGTH_MEASURE( 1.000000000000000082E-05 ), #4813, 'distance_accuracy_value', 'NONE');
#4359 = SURFACE_SIDE_STYLE ('',( #2040 ) ) ;
#4360 = AXIS2_PLACEMENT_3D ( 'NONE', #9084, #6782, #1144 ) ;
#4361 = ORIENTED_EDGE ( 'NONE', *, *, #2135, .T. ) ;
#4362 = AXIS2_PLACEMENT_3D ( 'NONE', #2259, #5409, #1475 ) ;
#4363 = CARTESIAN_POINT ( 'NONE',  ( 5.150000000000000355, 3.395000000000000462, 0.0000000000000000000 ) ) ;
#4364 = VECTOR ( 'NONE', #667, 1000.000000000000000 ) ;
#4365 = EDGE_CURVE ( 'NONE', #9826, #8484, #2269, .T. ) ;
#4366 = AXIS2_PLACEMENT_3D ( 'NONE', #7731, #8448, #5282 ) ;
#4367 = VECTOR ( 'NONE', #1282, 1000.000000000000000 ) ;
#4368 = PRESENTATION_STYLE_ASSIGNMENT (( #9201 ) ) ;
#4369 = CARTESIAN_POINT ( 'NONE',  ( 4.396076675037370762, -1.684999999999999831, 0.2826351822333049157 ) ) ;
#4370 = VERTEX_POINT ( 'NONE', #5369 ) ;
#4371 = PRESENTATION_LAYER_ASSIGNMENT (  '', '', ( #4711 ) ) ;
#4372 = ADVANCED_FACE ( 'NONE', ( #2065 ), #2892, .F. ) ;
#4373 = EDGE_CURVE ( 'NONE', #336, #7726, #1381, .T. ) ;
#4374 = SURFACE_STYLE_FILL_AREA ( #5892 ) ;
#4375 = SURFACE_STYLE_USAGE ( .BOTH. , #5417 ) ;
#4376 = CIRCLE ( 'NONE', #8523, 0.1243605512616186154 ) ;
#4377 = EDGE_CURVE ( 'NONE', #6033, #5525, #3050, .T. ) ;
#4378 = DIRECTION ( 'NONE',  ( 1.000000000000000000, 0.0000000000000000000, 0.0000000000000000000 ) ) ;
#4379 = SURFACE_SIDE_STYLE ('',( #6711 ) ) ;
#4380 =( GEOMETRIC_REPRESENTATION_CONTEXT ( 3 ) GLOBAL_UNCERTAINTY_ASSIGNED_CONTEXT ( ( #2609 ) ) GLOBAL_UNIT_ASSIGNED_CONTEXT ( ( #6561, #7452, #1959 ) ) REPRESENTATION_CONTEXT ( 'NONE', 'WORKASPACE' ) );
#4381 = PRESENTATION_STYLE_ASSIGNMENT (( #8131 ) ) ;
#4382 = DIRECTION ( 'NONE',  ( -0.0000000000000000000, -0.0000000000000000000, 1.000000000000000000 ) ) ;
#4383 =( GEOMETRIC_REPRESENTATION_CONTEXT ( 3 ) GLOBAL_UNCERTAINTY_ASSIGNED_CONTEXT ( ( #8106 ) ) GLOBAL_UNIT_ASSIGNED_CONTEXT ( ( #525, #8564, #6292 ) ) REPRESENTATION_CONTEXT ( 'NONE', 'WORKASPACE' ) );
#4384 = ORIENTED_EDGE ( 'NONE', *, *, #6770, .T. ) ;
#4385 = VERTEX_POINT ( 'NONE', #9363 ) ;
#4386 = CYLINDRICAL_SURFACE ( 'NONE', #8568, 0.1243605512616186154 ) ;
#4387 = EDGE_CURVE ( 'NONE', #1018, #9742, #3876, .T. ) ;
#4388 = PRESENTATION_STYLE_ASSIGNMENT (( #6107 ) ) ;
#4389 = CARTESIAN_POINT ( 'NONE',  ( 3.749999999999999556, 4.949999999999998401, 2.159807621135331868 ) ) ;
#4390 = EDGE_CURVE ( 'NONE', #847, #9243, #2321, .T. ) ;
#4391 = LINE ( 'NONE', #5760, #1196 ) ;
#4392 = SURFACE_STYLE_FILL_AREA ( #4969 ) ;
#4393 = ORIENTED_EDGE ( 'NONE', *, *, #137, .F. ) ;
#4394 = CARTESIAN_POINT ( 'NONE',  ( -4.184149331665850013, 4.665000000000000924, 1.484534871776029386 ) ) ;
#4395 = VECTOR ( 'NONE', #3531, 1000.000000000000000 ) ;
#4396 = SURFACE_SIDE_STYLE ('',( #8243 ) ) ;
#4397 = PRESENTATION_STYLE_ASSIGNMENT (( #2087 ) ) ;
#4398 = ORIENTED_EDGE ( 'NONE', *, *, #2996, .F. ) ;
#4399 = MECHANICAL_DESIGN_GEOMETRIC_PRESENTATION_REPRESENTATION (  '', ( #5235 ), #9533 ) ;
#4400 = CARTESIAN_POINT ( 'NONE',  ( -3.899999999999998135, -4.224999999999999645, 1.600000000000000089 ) ) ;
#4401 = EDGE_CURVE ( 'NONE', #2092, #2450, #5679, .T. ) ;
#4402 = ORIENTED_EDGE ( 'NONE', *, *, #5268, .F. ) ;
#4403 = ORIENTED_EDGE ( 'NONE', *, *, #7315, .T. ) ;
#4404 = DIRECTION ( 'NONE',  ( -2.451907390652843255E-15, 0.0000000000000000000, -1.000000000000000000 ) ) ;
#4405 = EDGE_LOOP ( 'NONE', ( #9192, #8100, #7604, #8689 ) ) ;
#4406 = CLOSED_SHELL ( 'NONE', ( #4956, #6725, #7266, #4718, #6587, #5660, #9351, #9818, #9940, #6980, #1016, #2951, #9271, #5593, #3092, #2824, #1554, #2334, #6109, #9704, #4372, #5283, #9721, #8198, #6620, #2359, #7947, #1102, #6594, #4632, #1675, #1148, #7306, #7492, #10162, #4005, #7307, #85, #135, #5398, #3140, #2699, #4688, #1139, #8124, #1088, #9449, #1994, #9450, #8636, #140, #1301, #6546, #2243, #9768, #5785, #3709, #2125, #5765, #6526, #9947, #9701, #8703, #9695, #6045, #7071, #592, #7816, #9133, #4445, #2936, #331, #2435, #5271, #5919, #6491, #2315, #860, #6916, #4770, #9446, #3647, #7905, #1929, #3604, #4301, #4252, #2803, #2890, #9092, #4142, #3962, #8192, #9326, #6172, #9904, #7501, #3225, #6928, #7256, #4852, #3105, #4338, #3163, #2111, #6547, #2554, #4570, #9524, #1405, #4913, #2963, #452, #5260, #1537, #8369, #3889, #7941, #3384, #1271, #6301, #7436, #9568, #1010, #10226, #1090, #2793, #4244, #5342, #5096, #9211, #1817, #1022, #7111, #7134, #3146, #5841, #6436, #775, #6860, #4170, #7405, #96, #6420, #128, #9263, #7819, #8251, #10217, #3585, #9024, #3960, #4513, #9945, #3440, #2747, #8154, #2928, #5600, #8917, #6912, #8492, #8586, #921, #9147, #4633, #6190, #3134, #2671, #2738, #9575, #7831, #5736, #9392, #146, #8392, #9280, #4524, #8656, #8065, #16, #4135, #5586, #2564, #3461, #823, #4130, #8133, #10156, #2543, #3848, #3944, #3276, #717, #5968, #7123, #8435, #3505, #1477, #8249, #9212, #7379, #4619, #3390, #1798, #1118, #2369, #7393, #3528, #216, #6421, #692, #10224 ) ) ;
#4407 = FACE_OUTER_BOUND ( 'NONE', #4614, .T. ) ;
#4408 = CARTESIAN_POINT ( 'NONE',  ( 4.184149331665850013, -0.8549999999999998712, 1.484534871776028275 ) ) ;
#4409 = ORIENTED_EDGE ( 'NONE', *, *, #306, .T. ) ;
#4410 = DIRECTION ( 'NONE',  ( 0.0000000000000000000, -1.000000000000000000, 0.0000000000000000000 ) ) ;
#4411 = ORIENTED_EDGE ( 'NONE', *, *, #1715, .T. ) ;
#4412 = COLOUR_RGB ( '',0.7529411764705882248, 0.7529411764705882248, 0.7529411764705882248 ) ;
#4413 = CIRCLE ( 'NONE', #5575, 0.2999999999999999889 ) ;
#4414 =( NAMED_UNIT ( * ) SI_UNIT ( $, .STERADIAN. ) SOLID_ANGLE_UNIT ( ) );
#4415 = FACE_OUTER_BOUND ( 'NONE', #3800, .T. ) ;
#4416 = DIRECTION ( 'NONE',  ( -0.1736481776669393240, 0.0000000000000000000, -0.9848077530122064660 ) ) ;
#4417 = SURFACE_STYLE_USAGE ( .BOTH. , #8525 ) ;
#4418 = LINE ( 'NONE', #634, #2148 ) ;
#4419 = CIRCLE ( 'NONE', #1110, 0.2999999999999983791 ) ;
#4420 = VERTEX_POINT ( 'NONE', #1745 ) ;
#4421 =( LENGTH_UNIT ( ) NAMED_UNIT ( * ) SI_UNIT ( .MILLI., .METRE. ) );
#4422 = STYLED_ITEM ( 'NONE', ( #2999 ), #3604 ) ;
#4423 = VECTOR ( 'NONE', #8017, 1000.000000000000000 ) ;
#4424 = DIRECTION ( 'NONE',  ( 0.0000000000000000000, -0.0000000000000000000, 1.000000000000000000 ) ) ;
#4425 =( NAMED_UNIT ( * ) SI_UNIT ( $, .STERADIAN. ) SOLID_ANGLE_UNIT ( ) );
#4426 = DIRECTION ( 'NONE',  ( 0.0000000000000000000, 0.0000000000000000000, -1.000000000000000000 ) ) ;
#4427 =( NAMED_UNIT ( * ) PLANE_ANGLE_UNIT ( ) SI_UNIT ( $, .RADIAN. ) );
#4428 = CARTESIAN_POINT ( 'NONE',  ( -4.494557450338588112, 2.125000000000000444, 0.3000000000000000444 ) ) ;
#4429 = AXIS2_PLACEMENT_3D ( 'NONE', #2427, #10254, #1540 ) ;
#4430 = UNCERTAINTY_MEASURE_WITH_UNIT (LENGTH_MEASURE( 1.000000000000000082E-05 ), #2131, 'distance_accuracy_value', 'NONE');
#4431 = DIRECTION ( 'NONE',  ( -0.0000000000000000000, -1.000000000000000000, -0.0000000000000000000 ) ) ;
#4432 = CYLINDRICAL_SURFACE ( 'NONE', #3722, 0.09999999999999911737 ) ;
#4433 = LINE ( 'NONE', #7034, #7445 ) ;
#4434 = EDGE_LOOP ( 'NONE', ( #7756, #274, #1937 ) ) ;
#4435 = EDGE_CURVE ( 'NONE', #1092, #5668, #1641, .T. ) ;
#4436 = FILL_AREA_STYLE_COLOUR ( '', #8907 ) ;
#4437 = LINE ( 'NONE', #10036, #3737 ) ;
#4438 = CARTESIAN_POINT ( 'NONE',  ( 4.199115124434926294, 2.125000000000000444, 0.2479055466999157964 ) ) ;
#4439 = AXIS2_PLACEMENT_3D ( 'NONE', #2513, #8939, #1047 ) ;
#4440 = STYLED_ITEM ( 'NONE', ( #815 ), #4956 ) ;
#4441 = CARTESIAN_POINT ( 'NONE',  ( -3.868266076183283886, -3.394999999999999574, 1.408079867214329095 ) ) ;
#4442 =( NAMED_UNIT ( * ) PLANE_ANGLE_UNIT ( ) SI_UNIT ( $, .RADIAN. ) );
#4443 = VERTEX_POINT ( 'NONE', #5626 ) ;
#4445 = ADVANCED_FACE ( 'NONE', ( #7130 ), #5571, .F. ) ;
#4444 = FILL_AREA_STYLE ('',( #9410 ) ) ;
#4446 = EDGE_CURVE ( 'NONE', #43, #9962, #4904, .T. ) ;
#4447 = VECTOR ( 'NONE', #802, 1000.000000000000000 ) ;
#4448 = EDGE_CURVE ( 'NONE', #9182, #8265, #8908, .T. ) ;
#4449 =( LENGTH_UNIT ( ) NAMED_UNIT ( * ) SI_UNIT ( .MILLI., .METRE. ) );
#4450 = VERTEX_POINT ( 'NONE', #4849 ) ;
#4451 = COLOUR_RGB ( '',0.7529411764705882248, 0.7529411764705882248, 0.7529411764705882248 ) ;
#4452 = PRESENTATION_STYLE_ASSIGNMENT (( #4349 ) ) ;
#4453 = ORIENTED_EDGE ( 'NONE', *, *, #1862, .T. ) ;
#4454 = EDGE_CURVE ( 'NONE', #9442, #8053, #73, .T. ) ;
#4455 = EDGE_LOOP ( 'NONE', ( #1466, #8518, #4704, #8874, #6152, #6339, #7178, #8620, #7689, #9710, #6503, #3370 ) ) ;
#4456 = CIRCLE ( 'NONE', #1662, 0.2999999999999999889 ) ;
#4457 =( NAMED_UNIT ( * ) SI_UNIT ( $, .STERADIAN. ) SOLID_ANGLE_UNIT ( ) );
#4458 = DIRECTION ( 'NONE',  ( 0.1736481776669392962, 0.0000000000000000000, -0.9848077530122064660 ) ) ;
#4459 = VERTEX_POINT ( 'NONE', #27 ) ;
#4460 = DIRECTION ( 'NONE',  ( -0.2588190451025213501, 0.0000000000000000000, -0.9659258262890680902 ) ) ;
#4461 = UNCERTAINTY_MEASURE_WITH_UNIT (LENGTH_MEASURE( 1.000000000000000082E-05 ), #1416, 'distance_accuracy_value', 'NONE');
#4462 = SURFACE_STYLE_USAGE ( .BOTH. , #7693 ) ;
#4463 = ORIENTED_EDGE ( 'NONE', *, *, #2016, .F. ) ;
#4464 =( GEOMETRIC_REPRESENTATION_CONTEXT ( 3 ) GLOBAL_UNCERTAINTY_ASSIGNED_CONTEXT ( ( #8837 ) ) GLOBAL_UNIT_ASSIGNED_CONTEXT ( ( #8849, #8070, #167 ) ) REPRESENTATION_CONTEXT ( 'NONE', 'WORKASPACE' ) );
#4465 = VECTOR ( 'NONE', #5764, 1000.000000000000000 ) ;
#4466 = COLOUR_RGB ( '',0.7529411764705882248, 0.7529411764705882248, 0.7529411764705882248 ) ;
#4467 = CARTESIAN_POINT ( 'NONE',  ( -3.990737311234598295, -1.684999999999999831, 1.429674850314565093 ) ) ;
#4468 = DIRECTION ( 'NONE',  ( -0.0000000000000000000, -1.000000000000000000, -0.0000000000000000000 ) ) ;
#4469 = STYLED_ITEM ( 'NONE', ( #8206 ), #6860 ) ;
#4470 = ORIENTED_EDGE ( 'NONE', *, *, #2393, .F. ) ;
#4471 = AXIS2_PLACEMENT_3D ( 'NONE', #2479, #6470, #7297 ) ;
#4472 = SURFACE_STYLE_FILL_AREA ( #587 ) ;
#4473 = SURFACE_STYLE_FILL_AREA ( #589 ) ;
#4474 =( NAMED_UNIT ( * ) PLANE_ANGLE_UNIT ( ) SI_UNIT ( $, .RADIAN. ) );
#4475 = CARTESIAN_POINT ( 'NONE',  ( -5.149999999999999467, -1.684999999999999831, 0.2000000000000016764 ) ) ;
#4476 = CYLINDRICAL_SURFACE ( 'NONE', #9135, 0.1243605512616186154 ) ;
#4477 = DIRECTION ( 'NONE',  ( 1.000000000000000000, 0.0000000000000000000, 4.342151275111226558E-15 ) ) ;
#4478 =( GEOMETRIC_REPRESENTATION_CONTEXT ( 3 ) GLOBAL_UNCERTAINTY_ASSIGNED_CONTEXT ( ( #7051 ) ) GLOBAL_UNIT_ASSIGNED_CONTEXT ( ( #1224, #5999, #2731 ) ) REPRESENTATION_CONTEXT ( 'NONE', 'WORKASPACE' ) );
#4479 = SURFACE_STYLE_FILL_AREA ( #9671 ) ;
#4480 = SURFACE_STYLE_USAGE ( .BOTH. , #4532 ) ;
#4481 = CARTESIAN_POINT ( 'NONE',  ( 4.184149331665850013, -2.125000000000000000, 1.484534871776028275 ) ) ;
#4482 = DIRECTION ( 'NONE',  ( -0.2588190451025213501, -0.0000000000000000000, 0.9659258262890680902 ) ) ;
#4483 = ORIENTED_EDGE ( 'NONE', *, *, #7001, .T. ) ;
#4484 = ORIENTED_EDGE ( 'NONE', *, *, #3471, .F. ) ;
#4485 =( NAMED_UNIT ( * ) SI_UNIT ( $, .STERADIAN. ) SOLID_ANGLE_UNIT ( ) );
#4486 =( LENGTH_UNIT ( ) NAMED_UNIT ( * ) SI_UNIT ( .MILLI., .METRE. ) );
#4487 = STYLED_ITEM ( 'NONE', ( #8856 ), #7393 ) ;
#4488 = PLANE ( 'NONE',  #6176 ) ;
#4489 =( LENGTH_UNIT ( ) NAMED_UNIT ( * ) SI_UNIT ( .MILLI., .METRE. ) );
#4490 = SURFACE_SIDE_STYLE ('',( #6162 ) ) ;
#4491 =( NAMED_UNIT ( * ) SI_UNIT ( $, .STERADIAN. ) SOLID_ANGLE_UNIT ( ) );
#4492 = EDGE_CURVE ( 'NONE', #8120, #1538, #3213, .T. ) ;
#4493 = AXIS2_PLACEMENT_3D ( 'NONE', #3734, #2935, #6967 ) ;
#4494 = SURFACE_SIDE_STYLE ('',( #662 ) ) ;
#4495 = DIRECTION ( 'NONE',  ( 0.0000000000000000000, 0.0000000000000000000, 1.000000000000000000 ) ) ;
#4496 = FACE_OUTER_BOUND ( 'NONE', #4699, .T. ) ;
#4497 = STYLED_ITEM ( 'NONE', ( #491 ), #1798 ) ;
#4498 = VERTEX_POINT ( 'NONE', #3266 ) ;
#4499 = EDGE_CURVE ( 'NONE', #5668, #4606, #6261, .T. ) ;
#4500 = PRESENTATION_LAYER_ASSIGNMENT (  '', '', ( #1020 ) ) ;
#4501 = SURFACE_SIDE_STYLE ('',( #10052 ) ) ;
#4502 = ORIENTED_EDGE ( 'NONE', *, *, #2853, .T. ) ;
#4503 = EDGE_CURVE ( 'NONE', #4514, #6296, #2616, .T. ) ;
#4504 = VERTEX_POINT ( 'NONE', #9412 ) ;
#4505 = VECTOR ( 'NONE', #6294, 1000.000000000000000 ) ;
#4506 = FILL_AREA_STYLE_COLOUR ( '', #9648 ) ;
#4507 = CARTESIAN_POINT ( 'NONE',  ( 4.494557450338589888, -0.8549999999999998712, 0.2999999999999988787 ) ) ;
#4508 = ORIENTED_EDGE ( 'NONE', *, *, #4262, .T. ) ;
#4509 =( LENGTH_UNIT ( ) NAMED_UNIT ( * ) SI_UNIT ( .MILLI., .METRE. ) );
#4510 = VECTOR ( 'NONE', #5563, 1000.000000000000000 ) ;
#4511 = VECTOR ( 'NONE', #1764, 1000.000000000000000 ) ;
#4512 = CARTESIAN_POINT ( 'NONE',  ( -3.990737311234599183, 3.395000000000000462, 1.429674850314565093 ) ) ;
#4513 = ADVANCED_FACE ( 'NONE', ( #4695 ), #2374, .T. ) ;
#4514 = VERTEX_POINT ( 'NONE', #5938 ) ;
#4515 = AXIS2_PLACEMENT_3D ( 'NONE', #579, #1574, #3769 ) ;
#4516 =( LENGTH_UNIT ( ) NAMED_UNIT ( * ) SI_UNIT ( .MILLI., .METRE. ) );
#4517 = PLANE ( 'NONE',  #4362 ) ;
#4518 = CARTESIAN_POINT ( 'NONE',  ( 3.888707005762190860, -3.394999999999999574, 1.732440418475945654 ) ) ;
#4519 = FACE_OUTER_BOUND ( 'NONE', #7591, .T. ) ;
#4520 = VECTOR ( 'NONE', #1706, 1000.000000000000114 ) ;
#4521 = EDGE_LOOP ( 'NONE', ( #6800, #8668, #6992, #1983 ) ) ;
#4522 = DIRECTION ( 'NONE',  ( 0.0000000000000000000, 0.0000000000000000000, 1.000000000000000000 ) ) ;
#4523 = SURFACE_STYLE_USAGE ( .BOTH. , #9155 ) ;
#4524 = ADVANCED_FACE ( 'NONE', ( #4116 ), #9706, .T. ) ;
#4525 = CIRCLE ( 'NONE', #7685, 0.1243605512616186154 ) ;
#4526 = MECHANICAL_DESIGN_GEOMETRIC_PRESENTATION_REPRESENTATION (  '', ( #9009 ), #5364 ) ;
#4527 = DIRECTION ( 'NONE',  ( -0.0000000000000000000, -1.000000000000000000, -0.0000000000000000000 ) ) ;
#4528 = STYLED_ITEM ( 'NONE', ( #9995 ), #9450 ) ;
#4529 =( GEOMETRIC_REPRESENTATION_CONTEXT ( 3 ) GLOBAL_UNCERTAINTY_ASSIGNED_CONTEXT ( ( #9707 ) ) GLOBAL_UNIT_ASSIGNED_CONTEXT ( ( #9615, #7346, #7294 ) ) REPRESENTATION_CONTEXT ( 'NONE', 'WORKASPACE' ) );
#4530 = CARTESIAN_POINT ( 'NONE',  ( -3.990737311234598295, 2.125000000000000444, 1.429674850314565093 ) ) ;
#4531 = DIRECTION ( 'NONE',  ( -1.000000000000000000, 0.0000000000000000000, 2.605290765066735304E-15 ) ) ;
#4532 = SURFACE_SIDE_STYLE ('',( #5317 ) ) ;
#4533 = CIRCLE ( 'NONE', #5705, 0.09999999999999911737 ) ;
#4534 = DIRECTION ( 'NONE',  ( -0.2505628070857321421, 0.2505628070857321421, 0.9351131265310290708 ) ) ;
#4535 =( NAMED_UNIT ( * ) PLANE_ANGLE_UNIT ( ) SI_UNIT ( $, .RADIAN. ) );
#4536 = VERTEX_POINT ( 'NONE', #8166 ) ;
#4537 = EDGE_LOOP ( 'NONE', ( #6293, #6948, #9219, #7102 ) ) ;
#4538 = COLOUR_RGB ( '',0.7529411764705882248, 0.7529411764705882248, 0.7529411764705882248 ) ;
#4539 = ORIENTED_EDGE ( 'NONE', *, *, #6530, .F. ) ;
#4540 = DIRECTION ( 'NONE',  ( 0.0000000000000000000, 1.000000000000000000, -0.0000000000000000000 ) ) ;
#4541 =( NAMED_UNIT ( * ) PLANE_ANGLE_UNIT ( ) SI_UNIT ( $, .RADIAN. ) );
#4542 = VERTEX_POINT ( 'NONE', #9862 ) ;
#4543 = VECTOR ( 'NONE', #4283, 1000.000000000000000 ) ;
#4544 = DIRECTION ( 'NONE',  ( 0.0000000000000000000, 0.0000000000000000000, 1.000000000000000000 ) ) ;
#4545 = SURFACE_STYLE_USAGE ( .BOTH. , #7825 ) ;
#4546 = VECTOR ( 'NONE', #7194, 1000.000000000000000 ) ;
#4547 = STYLED_ITEM ( 'NONE', ( #4305 ), #9326 ) ;
#4548 = CARTESIAN_POINT ( 'NONE',  ( 3.881702402145740027, 1.685000000000000275, 1.531712435151438845 ) ) ;
#4549 = CARTESIAN_POINT ( 'NONE',  ( 5.150000000000002132, -2.954999999999999183, 0.2000000000000016764 ) ) ;
#4550 = VERTEX_POINT ( 'NONE', #1057 ) ;
#4551 = COLOUR_RGB ( '',0.7529411764705882248, 0.7529411764705882248, 0.7529411764705882248 ) ;
#4552 = ORIENTED_EDGE ( 'NONE', *, *, #9538, .F. ) ;
#4553 =( NAMED_UNIT ( * ) PLANE_ANGLE_UNIT ( ) SI_UNIT ( $, .RADIAN. ) );
#4554 = VERTEX_POINT ( 'NONE', #9809 ) ;
#4555 = UNCERTAINTY_MEASURE_WITH_UNIT (LENGTH_MEASURE( 1.000000000000000082E-05 ), #824, 'distance_accuracy_value', 'NONE');
#4556 = ORIENTED_EDGE ( 'NONE', *, *, #3974, .T. ) ;
#4557 = DIRECTION ( 'NONE',  ( -2.605290765066735304E-15, 0.0000000000000000000, -1.000000000000000000 ) ) ;
#4558 =( NAMED_UNIT ( * ) PLANE_ANGLE_UNIT ( ) SI_UNIT ( $, .RADIAN. ) );
#4559 = VERTEX_POINT ( 'NONE', #1108 ) ;
#4560 = EDGE_CURVE ( 'NONE', #2967, #9566, #458, .T. ) ;
#4561 = CARTESIAN_POINT ( 'NONE',  ( -4.494557450338588112, -0.8549999999999998712, 0.2999999999999999334 ) ) ;
#4562 = EDGE_CURVE ( 'NONE', #4104, #3935, #5826, .T. ) ;
#4563 = FILL_AREA_STYLE ('',( #6186 ) ) ;
#4564 = ORIENTED_EDGE ( 'NONE', *, *, #7742, .T. ) ;
#4565 = SURFACE_STYLE_FILL_AREA ( #7009 ) ;
#4566 = ORIENTED_EDGE ( 'NONE', *, *, #8638, .T. ) ;
#4567 = CARTESIAN_POINT ( 'NONE',  ( 4.199115124434925406, 4.665000000000000924, 0.2479055466999157964 ) ) ;
#4568 =( GEOMETRIC_REPRESENTATION_CONTEXT ( 3 ) GLOBAL_UNCERTAINTY_ASSIGNED_CONTEXT ( ( #5728 ) ) GLOBAL_UNIT_ASSIGNED_CONTEXT ( ( #3729, #1582, #3203 ) ) REPRESENTATION_CONTEXT ( 'NONE', 'WORKASPACE' ) );
#4569 = EDGE_CURVE ( 'NONE', #1568, #3312, #4260, .T. ) ;
#4570 = ADVANCED_FACE ( 'NONE', ( #6746 ), #1211, .F. ) ;
#4571 = LINE ( 'NONE', #7753, #3984 ) ;
#4572 = UNCERTAINTY_MEASURE_WITH_UNIT (LENGTH_MEASURE( 1.000000000000000082E-05 ), #5519, 'distance_accuracy_value', 'NONE');
#4573 = PRESENTATION_STYLE_ASSIGNMENT (( #4417 ) ) ;
#4574 = LINE ( 'NONE', #2107, #4281 ) ;
#4575 =( LENGTH_UNIT ( ) NAMED_UNIT ( * ) SI_UNIT ( .MILLI., .METRE. ) );
#4576 = FILL_AREA_STYLE ('',( #6050 ) ) ;
#4577 = STYLED_ITEM ( 'NONE', ( #2163 ), #3276 ) ;
#4578 = CARTESIAN_POINT ( 'NONE',  ( 5.150000000000000355, 4.665000000000000924, 0.2000000000000016764 ) ) ;
#4579 = DIRECTION ( 'NONE',  ( -2.451907390652843255E-15, 0.0000000000000000000, -1.000000000000000000 ) ) ;
#4580 = EDGE_CURVE ( 'NONE', #6316, #8359, #7095, .T. ) ;
#4581 =( NAMED_UNIT ( * ) SI_UNIT ( $, .STERADIAN. ) SOLID_ANGLE_UNIT ( ) );
#4582 = FILL_AREA_STYLE_COLOUR ( '', #1123 ) ;
#4583 = COLOUR_RGB ( '',0.7529411764705882248, 0.7529411764705882248, 0.7529411764705882248 ) ;
#4584 = CARTESIAN_POINT ( 'NONE',  ( 3.899999999999999911, 4.949999999999999289, 1.600000000000000089 ) ) ;
#4585 = LINE ( 'NONE', #2995, #1985 ) ;
#4586 = EDGE_LOOP ( 'NONE', ( #2141, #3979, #7163, #1000 ) ) ;
#4587 = ORIENTED_EDGE ( 'NONE', *, *, #8336, .T. ) ;
#4588 = LINE ( 'NONE', #8021, #2580 ) ;
#4589 = ORIENTED_EDGE ( 'NONE', *, *, #2308, .T. ) ;
#4590 = LINE ( 'NONE', #654, #1055 ) ;
#4591 = CARTESIAN_POINT ( 'NONE',  ( -5.149999999999999467, 2.125000000000000444, 0.0000000000000000000 ) ) ;
#4592 = EDGE_LOOP ( 'NONE', ( #3196, #513, #6235, #9416, #5080, #671, #9290, #4470, #8367, #757, #3099, #163 ) ) ;
#4593 = PRESENTATION_LAYER_ASSIGNMENT (  '', '', ( #2952 ) ) ;
#4594 = CIRCLE ( 'NONE', #7258, 0.1243605512616186154 ) ;
#4595 = CARTESIAN_POINT ( 'NONE',  ( 4.494557450338587223, -3.394999999999999574, 5.421010862427522170E-16 ) ) ;
#4596 = DIRECTION ( 'NONE',  ( -2.605290765066735304E-15, 0.0000000000000000000, -1.000000000000000000 ) ) ;
#4597 = DIRECTION ( 'NONE',  ( 0.0000000000000000000, 1.000000000000000000, -0.0000000000000000000 ) ) ;
#4598 = PRESENTATION_STYLE_ASSIGNMENT (( #9325 ) ) ;
#4599 = PRESENTATION_STYLE_ASSIGNMENT (( #1452 ) ) ;
#4600 = LINE ( 'NONE', #8449, #5607 ) ;
#4601 = COLOUR_RGB ( '',0.1176470588235294101, 0.1176470588235294101, 0.1176470588235294101 ) ;
#4602 = ORIENTED_EDGE ( 'NONE', *, *, #3514, .F. ) ;
#4603 = FILL_AREA_STYLE ('',( #6174 ) ) ;
#4604 = EDGE_LOOP ( 'NONE', ( #6534, #1167, #7596, #9038 ) ) ;
#4605 = FILL_AREA_STYLE ('',( #3900 ) ) ;
#4606 = VERTEX_POINT ( 'NONE', #1265 ) ;
#4607 = VECTOR ( 'NONE', #2271, 1000.000000000000000 ) ;
#4608 = DIRECTION ( 'NONE',  ( 0.0000000000000000000, 0.0000000000000000000, 1.000000000000000000 ) ) ;
#4609 =( NAMED_UNIT ( * ) PLANE_ANGLE_UNIT ( ) SI_UNIT ( $, .RADIAN. ) );
#4610 = VERTEX_POINT ( 'NONE', #9907 ) ;
#4611 = CARTESIAN_POINT ( 'NONE',  ( -5.150000000000000355, 3.395000000000000462, 0.0000000000000000000 ) ) ;
#4612 = COLOUR_RGB ( '',0.7529411764705882248, 0.7529411764705882248, 0.7529411764705882248 ) ;
#4613 =( NAMED_UNIT ( * ) SI_UNIT ( $, .STERADIAN. ) SOLID_ANGLE_UNIT ( ) );
#4614 = EDGE_LOOP ( 'NONE', ( #2457, #3420, #8199, #1897 ) ) ;
#4615 = CARTESIAN_POINT ( 'NONE',  ( -3.888707005762189084, 2.955000000000000071, 1.732440418475947430 ) ) ;
#4616 = ORIENTED_EDGE ( 'NONE', *, *, #7050, .F. ) ;
#4617 = SURFACE_STYLE_USAGE ( .BOTH. , #8569 ) ;
#4618 = SURFACE_STYLE_USAGE ( .BOTH. , #3862 ) ;
#4619 = ADVANCED_FACE ( 'NONE', ( #2816 ), #3138, .F. ) ;
#4620 = ORIENTED_EDGE ( 'NONE', *, *, #5228, .F. ) ;
#4621 = LINE ( 'NONE', #4740, #9463 ) ;
#4622 = CARTESIAN_POINT ( 'NONE',  ( 4.494557450338589888, 1.685000000000000275, 0.2999999999999988787 ) ) ;
#4623 = LINE ( 'NONE', #6139, #9267 ) ;
#4624 = ORIENTED_EDGE ( 'NONE', *, *, #1949, .F. ) ;
#4625 = FILL_AREA_STYLE_COLOUR ( '', #102 ) ;
#4626 = CARTESIAN_POINT ( 'NONE',  ( 3.881702402145740916, -2.954999999999999183, 1.531712435151438845 ) ) ;
#4627 =( NAMED_UNIT ( * ) SI_UNIT ( $, .STERADIAN. ) SOLID_ANGLE_UNIT ( ) );
#4628 = LINE ( 'NONE', #2417, #6915 ) ;
#4629 = STYLED_ITEM ( 'NONE', ( #8321 ), #1139 ) ;
#4630 = COLOUR_RGB ( '',0.7529411764705882248, 0.7529411764705882248, 0.7529411764705882248 ) ;
#4631 = CARTESIAN_POINT ( 'NONE',  ( -3.899999999999998135, -4.949999999999999289, 1.600000000000000089 ) ) ;
#4632 = ADVANCED_FACE ( 'NONE', ( #9434 ), #2349, .T. ) ;
#4633 = ADVANCED_FACE ( 'NONE', ( #3290 ), #4975, .T. ) ;
#4634 =( GEOMETRIC_REPRESENTATION_CONTEXT ( 3 ) GLOBAL_UNCERTAINTY_ASSIGNED_CONTEXT ( ( #4343 ) ) GLOBAL_UNIT_ASSIGNED_CONTEXT ( ( #2333, #3602, #1394 ) ) REPRESENTATION_CONTEXT ( 'NONE', 'WORKASPACE' ) );
#4635 = LINE ( 'NONE', #7811, #7916 ) ;
#4636 = PRESENTATION_LAYER_ASSIGNMENT (  '', '', ( #6777 ) ) ;
#4637 = UNCERTAINTY_MEASURE_WITH_UNIT (LENGTH_MEASURE( 1.000000000000000082E-05 ), #8417, 'distance_accuracy_value', 'NONE');
#4638 = DIRECTION ( 'NONE',  ( 0.0000000000000000000, 1.000000000000000000, 0.0000000000000000000 ) ) ;
#4639 = DIRECTION ( 'NONE',  ( -1.314184451497581259E-16, 1.000000000000000000, -0.0000000000000000000 ) ) ;
#4640 = VERTEX_POINT ( 'NONE', #6389 ) ;
#4641 = VERTEX_POINT ( 'NONE', #8871 ) ;
#4642 = DIRECTION ( 'NONE',  ( -0.0000000000000000000, -1.000000000000000000, -0.0000000000000000000 ) ) ;
#4643 = ORIENTED_EDGE ( 'NONE', *, *, #6646, .F. ) ;
#4644 = LINE ( 'NONE', #10200, #898 ) ;
#4645 = CARTESIAN_POINT ( 'NONE',  ( -4.199115124434926294, -0.8549999999999998712, 0.2479055466999170732 ) ) ;
#4646 = CARTESIAN_POINT ( 'NONE',  ( -3.864512696824128124, -4.224999999999999645, 1.732440418475947430 ) ) ;
#4647 = ORIENTED_EDGE ( 'NONE', *, *, #382, .T. ) ;
#4648 = EDGE_CURVE ( 'NONE', #8768, #3270, #4049, .T. ) ;
#4649 = COLOUR_RGB ( '',0.7529411764705882248, 0.7529411764705882248, 0.7529411764705882248 ) ;
#4650 =( LENGTH_UNIT ( ) NAMED_UNIT ( * ) SI_UNIT ( .MILLI., .METRE. ) );
#4651 = FILL_AREA_STYLE ('',( #7046 ) ) ;
#4652 = SURFACE_STYLE_USAGE ( .BOTH. , #3945 ) ;
#4653 = SURFACE_SIDE_STYLE ('',( #7626 ) ) ;
#4654 = CARTESIAN_POINT ( 'NONE',  ( 3.864512696824130789, 1.685000000000000275, 1.732440418475946320 ) ) ;
#4655 = VECTOR ( 'NONE', #4279, 1000.000000000000000 ) ;
#4656 = ORIENTED_EDGE ( 'NONE', *, *, #633, .T. ) ;
#4657 =( LENGTH_UNIT ( ) NAMED_UNIT ( * ) SI_UNIT ( .MILLI., .METRE. ) );
#4658 = ORIENTED_EDGE ( 'NONE', *, *, #67, .T. ) ;
#4659 = EDGE_CURVE ( 'NONE', #4550, #3764, #4594, .T. ) ;
#4660 = ORIENTED_EDGE ( 'NONE', *, *, #971, .T. ) ;
#4661 =( GEOMETRIC_REPRESENTATION_CONTEXT ( 3 ) GLOBAL_UNCERTAINTY_ASSIGNED_CONTEXT ( ( #594 ) ) GLOBAL_UNIT_ASSIGNED_CONTEXT ( ( #8178, #9868, #5010 ) ) REPRESENTATION_CONTEXT ( 'NONE', 'WORKASPACE' ) );
#4662 = CYLINDRICAL_SURFACE ( 'NONE', #2710, 0.09999999999999911737 ) ;
#4663 = DIRECTION ( 'NONE',  ( -1.000000000000000000, 0.0000000000000000000, 0.0000000000000000000 ) ) ;
#4664 = CIRCLE ( 'NONE', #5026, 0.2999999999999999334 ) ;
#4665 = LINE ( 'NONE', #3958, #1288 ) ;
#4666 =( GEOMETRIC_REPRESENTATION_CONTEXT ( 3 ) GLOBAL_UNCERTAINTY_ASSIGNED_CONTEXT ( ( #9215 ) ) GLOBAL_UNIT_ASSIGNED_CONTEXT ( ( #7140, #4807, #10140 ) ) REPRESENTATION_CONTEXT ( 'NONE', 'WORKASPACE' ) );
#4667 = ORIENTED_EDGE ( 'NONE', *, *, #3425, .F. ) ;
#4668 = FACE_OUTER_BOUND ( 'NONE', #6897, .T. ) ;
#4669 = UNCERTAINTY_MEASURE_WITH_UNIT (LENGTH_MEASURE( 1.000000000000000082E-05 ), #8018, 'distance_accuracy_value', 'NONE');
#4670 = LINE ( 'NONE', #4512, #82 ) ;
#4671 = ORIENTED_EDGE ( 'NONE', *, *, #320, .T. ) ;
#4672 = SURFACE_SIDE_STYLE ('',( #4565 ) ) ;
#4673 = ORIENTED_EDGE ( 'NONE', *, *, #1529, .T. ) ;
#4674 = CARTESIAN_POINT ( 'NONE',  ( 3.900000000000000799, 0.4150000000000004241, 1.600000000000000089 ) ) ;
#4675 = DIRECTION ( 'NONE',  ( -0.9848077530122065770, 0.0000000000000000000, 0.1736481776669387689 ) ) ;
#4676 = ORIENTED_EDGE ( 'NONE', *, *, #2234, .F. ) ;
#4677 =( NAMED_UNIT ( * ) PLANE_ANGLE_UNIT ( ) SI_UNIT ( $, .RADIAN. ) );
#4678 = MECHANICAL_DESIGN_GEOMETRIC_PRESENTATION_REPRESENTATION (  '', ( #9484 ), #10152 ) ;
#4679 = UNCERTAINTY_MEASURE_WITH_UNIT (LENGTH_MEASURE( 1.000000000000000082E-05 ), #6361, 'distance_accuracy_value', 'NONE');
#4680 = SURFACE_STYLE_USAGE ( .BOTH. , #4008 ) ;
#4681 = CARTESIAN_POINT ( 'NONE',  ( 3.990737311234600959, -4.665000000000000036, 1.429674850314564205 ) ) ;
#4682 = ORIENTED_EDGE ( 'NONE', *, *, #5654, .T. ) ;
#4683 = DIRECTION ( 'NONE',  ( -0.0000000000000000000, -0.0000000000000000000, -1.000000000000000000 ) ) ;
#4684 = DIRECTION ( 'NONE',  ( -0.2588190451025213501, -0.0000000000000000000, 0.9659258262890680902 ) ) ;
#4685 = DIRECTION ( 'NONE',  ( 0.0000000000000000000, 0.0000000000000000000, -1.000000000000000000 ) ) ;
#4686 = CARTESIAN_POINT ( 'NONE',  ( 3.900000000000000355, 2.125000000000000444, 1.600000000000000089 ) ) ;
#4687 = AXIS2_PLACEMENT_3D ( 'NONE', #3600, #7581, #461 ) ;
#4688 = ADVANCED_FACE ( 'NONE', ( #9582 ), #8097, .T. ) ;
#4689 = CARTESIAN_POINT ( 'NONE',  ( 4.494557450338589000, 3.395000000000000462, 0.2999999999999988787 ) ) ;
#4690 = VECTOR ( 'NONE', #6387, 1000.000000000000000 ) ;
#4691 =( LENGTH_UNIT ( ) NAMED_UNIT ( * ) SI_UNIT ( .MILLI., .METRE. ) );
#4692 = AXIS2_PLACEMENT_3D ( 'NONE', #5192, #1255, #6075 ) ;
#4693 = PRESENTATION_STYLE_ASSIGNMENT (( #8295 ) ) ;
#4694 = MECHANICAL_DESIGN_GEOMETRIC_PRESENTATION_REPRESENTATION (  '', ( #3224 ), #2054 ) ;
#4695 = FACE_OUTER_BOUND ( 'NONE', #1989, .T. ) ;
#4696 = SURFACE_STYLE_USAGE ( .BOTH. , #4850 ) ;
#4697 = FILL_AREA_STYLE ('',( #7133 ) ) ;
#4698 = EDGE_CURVE ( 'NONE', #9812, #1732, #7931, .T. ) ;
#4699 = EDGE_LOOP ( 'NONE', ( #705, #2792, #8778, #9266 ) ) ;
#4700 = VECTOR ( 'NONE', #4902, 1000.000000000000000 ) ;
#4701 = ORIENTED_EDGE ( 'NONE', *, *, #3966, .T. ) ;
#4702 = VECTOR ( 'NONE', #7149, 1000.000000000000000 ) ;
#4703 = CARTESIAN_POINT ( 'NONE',  ( 3.990737311234600959, -2.954999999999999183, 1.429674850314564205 ) ) ;
#4704 = ORIENTED_EDGE ( 'NONE', *, *, #6855, .T. ) ;
#4705 = CARTESIAN_POINT ( 'NONE',  ( -4.199115124434927182, 3.395000000000000462, 0.2479055466999170732 ) ) ;
#4706 = EDGE_CURVE ( 'NONE', #9844, #4559, #9838, .T. ) ;
#4707 = EDGE_CURVE ( 'NONE', #7221, #2423, #1935, .T. ) ;
#4708 = CARTESIAN_POINT ( 'NONE',  ( -4.494557450338587223, -4.224999999999999645, 0.2999999999999999334 ) ) ;
#4709 =( GEOMETRIC_REPRESENTATION_CONTEXT ( 3 ) GLOBAL_UNCERTAINTY_ASSIGNED_CONTEXT ( ( #3825 ) ) GLOBAL_UNIT_ASSIGNED_CONTEXT ( ( #6584, #2652, #891 ) ) REPRESENTATION_CONTEXT ( 'NONE', 'WORKASPACE' ) );
#4710 = CARTESIAN_POINT ( 'NONE',  ( -5.150000000000000355, 4.665000000000000924, 0.0000000000000000000 ) ) ;
#4711 = STYLED_ITEM ( 'NONE', ( #535 ), #2803 ) ;
#4712 = PLANE ( 'NONE',  #8547 ) ;
#4713 = DIRECTION ( 'NONE',  ( -0.1736481776669387411, 0.0000000000000000000, -0.9848077530122064660 ) ) ;
#4714 = EDGE_CURVE ( 'NONE', #6241, #9243, #8244, .T. ) ;
#4715 = CARTESIAN_POINT ( 'NONE',  ( 5.150000000000001243, -1.684999999999999831, 0.0000000000000000000 ) ) ;
#4716 = LINE ( 'NONE', #6884, #9086 ) ;
#4717 = CIRCLE ( 'NONE', #2566, 0.2999999999999983791 ) ;
#4718 = ADVANCED_FACE ( 'NONE', ( #7425 ), #9409, .T. ) ;
#4719 = VERTEX_POINT ( 'NONE', #1243 ) ;
#4720 = DIRECTION ( 'NONE',  ( -2.605290765066735304E-15, 0.0000000000000000000, -1.000000000000000000 ) ) ;
#4721 = DIRECTION ( 'NONE',  ( -1.000000000000000000, 0.0000000000000000000, -2.563936943398996305E-15 ) ) ;
#4722 = ORIENTED_EDGE ( 'NONE', *, *, #6165, .F. ) ;
#4723 = PRESENTATION_STYLE_ASSIGNMENT (( #2244 ) ) ;
#4724 = VERTEX_POINT ( 'NONE', #5857 ) ;
#4725 = CIRCLE ( 'NONE', #408, 0.2999999999999999334 ) ;
#4726 = COLOUR_RGB ( '',0.7529411764705882248, 0.7529411764705882248, 0.7529411764705882248 ) ;
#4727 = CARTESIAN_POINT ( 'NONE',  ( -4.494557450338589000, 4.665000000000000924, 0.2999999999999999334 ) ) ;
#4728 =( GEOMETRIC_REPRESENTATION_CONTEXT ( 3 ) GLOBAL_UNCERTAINTY_ASSIGNED_CONTEXT ( ( #8303 ) ) GLOBAL_UNIT_ASSIGNED_CONTEXT ( ( #9722, #9774, #4270 ) ) REPRESENTATION_CONTEXT ( 'NONE', 'WORKASPACE' ) );
#4729 = SURFACE_STYLE_FILL_AREA ( #5494 ) ;
#4730 = COLOUR_RGB ( '',0.7529411764705882248, 0.7529411764705882248, 0.7529411764705882248 ) ;
#4731 = ORIENTED_EDGE ( 'NONE', *, *, #261, .T. ) ;
#4732 =( NAMED_UNIT ( * ) SI_UNIT ( $, .STERADIAN. ) SOLID_ANGLE_UNIT ( ) );
#4733 =( NAMED_UNIT ( * ) PLANE_ANGLE_UNIT ( ) SI_UNIT ( $, .RADIAN. ) );
#4734 = ORIENTED_EDGE ( 'NONE', *, *, #1939, .T. ) ;
#4735 = ORIENTED_EDGE ( 'NONE', *, *, #6857, .T. ) ;
#4736 = LINE ( 'NONE', #3915, #7517 ) ;
#4737 = CARTESIAN_POINT ( 'NONE',  ( 5.150000000000000355, 3.395000000000000462, 0.0000000000000000000 ) ) ;
#4738 = FACE_OUTER_BOUND ( 'NONE', #7813, .T. ) ;
#4739 = ORIENTED_EDGE ( 'NONE', *, *, #3665, .F. ) ;
#4740 = CARTESIAN_POINT ( 'NONE',  ( -4.494557450338585447, 3.395000000000000462, 1.680513367352531873E-15 ) ) ;
#4741 = CARTESIAN_POINT ( 'NONE',  ( -3.864512696824128568, -1.400000000000001021, 1.732440418475947430 ) ) ;
#4742 = CARTESIAN_POINT ( 'NONE',  ( -4.494557450338585447, 2.955000000000000071, 1.680513367352531873E-15 ) ) ;
#4743 =( NAMED_UNIT ( * ) PLANE_ANGLE_UNIT ( ) SI_UNIT ( $, .RADIAN. ) );
#4744 = SURFACE_STYLE_FILL_AREA ( #8679 ) ;
#4745 = AXIS2_PLACEMENT_3D ( 'NONE', #4854, #8075, #1853 ) ;
#4746 = CARTESIAN_POINT ( 'NONE',  ( -3.868266076183284330, 0.8550000000000007594, 1.408079867214329095 ) ) ;
#4747 = CARTESIAN_POINT ( 'NONE',  ( 3.881702402145740027, 2.955000000000000071, 1.531712435151438845 ) ) ;
#4748 = DIRECTION ( 'NONE',  ( -0.0000000000000000000, -1.000000000000000000, -0.0000000000000000000 ) ) ;
#4749 = CARTESIAN_POINT ( 'NONE',  ( -4.494557450338589000, 3.395000000000000462, 0.3000000000000000444 ) ) ;
#4750 = VECTOR ( 'NONE', #2199, 1000.000000000000000 ) ;
#4751 = ORIENTED_EDGE ( 'NONE', *, *, #8762, .F. ) ;
#4752 = ORIENTED_EDGE ( 'NONE', *, *, #3079, .F. ) ;
#4753 = DIRECTION ( 'NONE',  ( -0.0000000000000000000, -1.000000000000000000, -0.0000000000000000000 ) ) ;
#4754 = CARTESIAN_POINT ( 'NONE',  ( -3.888707005762188640, 0.8550000000000007594, 1.432440418475948274 ) ) ;
#4755 = SURFACE_SIDE_STYLE ('',( #761 ) ) ;
#4756 =( LENGTH_UNIT ( ) NAMED_UNIT ( * ) SI_UNIT ( .MILLI., .METRE. ) );
#4757 = AXIS2_PLACEMENT_3D ( 'NONE', #4876, #1234, #6765 ) ;
#4758 = CARTESIAN_POINT ( 'NONE',  ( -4.494557450338585447, 3.395000000000000462, 1.680513367352531873E-15 ) ) ;
#4759 = DIRECTION ( 'NONE',  ( -0.0000000000000000000, -1.000000000000000000, -0.0000000000000000000 ) ) ;
#4760 = CARTESIAN_POINT ( 'NONE',  ( 4.184149331665850013, -2.125000000000000000, 1.484534871776028275 ) ) ;
#4761 = CARTESIAN_POINT ( 'NONE',  ( -4.494557450338584559, -1.684999999999999831, 1.680513367352531873E-15 ) ) ;
#4762 = ORIENTED_EDGE ( 'NONE', *, *, #4499, .F. ) ;
#4763 = DIRECTION ( 'NONE',  ( 0.0000000000000000000, 1.000000000000000000, -0.0000000000000000000 ) ) ;
#4764 = AXIS2_PLACEMENT_3D ( 'NONE', #10130, #5419, #1435 ) ;
#4765 =( NAMED_UNIT ( * ) SI_UNIT ( $, .STERADIAN. ) SOLID_ANGLE_UNIT ( ) );
#4766 = ORIENTED_EDGE ( 'NONE', *, *, #3021, .F. ) ;
#4767 = CARTESIAN_POINT ( 'NONE',  ( -3.881702402145739583, 2.125000000000000444, 1.531712435151439733 ) ) ;
#4768 = ORIENTED_EDGE ( 'NONE', *, *, #5991, .F. ) ;
#4769 = EDGE_CURVE ( 'NONE', #8865, #629, #3650, .T. ) ;
#4770 = ADVANCED_FACE ( 'NONE', ( #6774 ), #9934, .T. ) ;
#4771 = SURFACE_STYLE_USAGE ( .BOTH. , #3183 ) ;
#4772 = STYLED_ITEM ( 'NONE', ( #5731 ), #1022 ) ;
#4773 = CARTESIAN_POINT ( 'NONE',  ( 4.494557450338589888, -2.125000000000000000, 0.1999999999999988454 ) ) ;
#4774 = EDGE_CURVE ( 'NONE', #2272, #32, #1401, .T. ) ;
#4775 = FACE_OUTER_BOUND ( 'NONE', #9136, .T. ) ;
#4776 = DIRECTION ( 'NONE',  ( 2.451907390652843255E-15, 0.0000000000000000000, -1.000000000000000000 ) ) ;
#4777 = CARTESIAN_POINT ( 'NONE',  ( -4.494557450338589000, 3.395000000000000462, 0.2999999999999999334 ) ) ;
#4778 = ORIENTED_EDGE ( 'NONE', *, *, #5332, .F. ) ;
#4779 = VECTOR ( 'NONE', #4089, 1000.000000000000000 ) ;
#4780 = VERTEX_POINT ( 'NONE', #4549 ) ;
#4781 = EDGE_CURVE ( 'NONE', #5525, #1718, #6277, .T. ) ;
#4782 = DIRECTION ( 'NONE',  ( -0.0000000000000000000, -1.000000000000000000, -0.0000000000000000000 ) ) ;
#4783 =( NAMED_UNIT ( * ) SI_UNIT ( $, .STERADIAN. ) SOLID_ANGLE_UNIT ( ) );
#4784 = ORIENTED_EDGE ( 'NONE', *, *, #588, .T. ) ;
#4785 = UNCERTAINTY_MEASURE_WITH_UNIT (LENGTH_MEASURE( 1.000000000000000082E-05 ), #9872, 'distance_accuracy_value', 'NONE');
#4786 = PRESENTATION_LAYER_ASSIGNMENT (  '', '', ( #3152 ) ) ;
#4787 =( NAMED_UNIT ( * ) PLANE_ANGLE_UNIT ( ) SI_UNIT ( $, .RADIAN. ) );
#4788 = CARTESIAN_POINT ( 'NONE',  ( -4.199115124434926294, 0.4150000000000004241, 0.2479055466999170732 ) ) ;
#4789 = VERTEX_POINT ( 'NONE', #6831 ) ;
#4790 = CARTESIAN_POINT ( 'NONE',  ( 4.494557450338589000, 3.395000000000000462, 0.2999999999999988787 ) ) ;
#4791 = CARTESIAN_POINT ( 'NONE',  ( -3.888707005762189084, 2.125000000000000444, 1.732440418475947430 ) ) ;
#4792 = CARTESIAN_POINT ( 'NONE',  ( 3.750000000000000000, 5.099999999999998757, 1.599999999999999867 ) ) ;
#4793 =( GEOMETRIC_REPRESENTATION_CONTEXT ( 3 ) GLOBAL_UNCERTAINTY_ASSIGNED_CONTEXT ( ( #6456 ) ) GLOBAL_UNIT_ASSIGNED_CONTEXT ( ( #7593, #3715, #8264 ) ) REPRESENTATION_CONTEXT ( 'NONE', 'WORKASPACE' ) );
#4794 = AXIS2_PLACEMENT_3D ( 'NONE', #6700, #7341, #8220 ) ;
#4795 = DIRECTION ( 'NONE',  ( -0.0000000000000000000, -1.000000000000000000, -0.0000000000000000000 ) ) ;
#4796 = CARTESIAN_POINT ( 'NONE',  ( 4.494557450338589888, 0.8550000000000007594, 0.2999999999999988787 ) ) ;
#4797 = CARTESIAN_POINT ( 'NONE',  ( 4.494557450338586335, -0.4149999999999995914, -1.084202172485504434E-15 ) ) ;
#4798 = MECHANICAL_DESIGN_GEOMETRIC_PRESENTATION_REPRESENTATION (  '', ( #4629 ), #983 ) ;
#4799 = MECHANICAL_DESIGN_GEOMETRIC_PRESENTATION_REPRESENTATION (  '', ( #3185 ), #6792 ) ;
#4800 = ORIENTED_EDGE ( 'NONE', *, *, #6231, .T. ) ;
#4801 = ORIENTED_EDGE ( 'NONE', *, *, #1984, .T. ) ;
#4802 =( GEOMETRIC_REPRESENTATION_CONTEXT ( 3 ) GLOBAL_UNCERTAINTY_ASSIGNED_CONTEXT ( ( #389 ) ) GLOBAL_UNIT_ASSIGNED_CONTEXT ( ( #308, #3406, #3355 ) ) REPRESENTATION_CONTEXT ( 'NONE', 'WORKASPACE' ) );
#4803 = LINE ( 'NONE', #6416, #3577 ) ;
#4804 = ORIENTED_EDGE ( 'NONE', *, *, #4231, .F. ) ;
#4805 = DIRECTION ( 'NONE',  ( -0.0000000000000000000, -1.000000000000000000, -0.0000000000000000000 ) ) ;
#4806 = DIRECTION ( 'NONE',  ( 1.000000000000000000, 0.0000000000000000000, 0.0000000000000000000 ) ) ;
#4807 =( NAMED_UNIT ( * ) PLANE_ANGLE_UNIT ( ) SI_UNIT ( $, .RADIAN. ) );
#4808 = PLANE ( 'NONE',  #8637 ) ;
#4809 = SURFACE_STYLE_FILL_AREA ( #6370 ) ;
#4810 = SURFACE_SIDE_STYLE ('',( #8803 ) ) ;
#4811 =( NAMED_UNIT ( * ) PLANE_ANGLE_UNIT ( ) SI_UNIT ( $, .RADIAN. ) );
#4812 = SURFACE_STYLE_USAGE ( .BOTH. , #8701 ) ;
#4813 =( LENGTH_UNIT ( ) NAMED_UNIT ( * ) SI_UNIT ( .MILLI., .METRE. ) );
#4814 = CARTESIAN_POINT ( 'NONE',  ( 4.184149331665850902, -2.954999999999999183, 1.484534871776028275 ) ) ;
#4815 = EDGE_LOOP ( 'NONE', ( #6721, #4133, #2960, #6631, #4660, #7567, #4833, #10216, #9752, #1626, #10110, #8485, #6679, #6155, #4110, #9676, #8252, #4920, #7108, #2262, #3999, #2804, #1904, #8891, #2377, #3855, #8590, #6833, #7954, #8074, #5562, #3686, #7332, #785, #3805, #8108, #9179, #9851 ) ) ;
#4816 = DIRECTION ( 'NONE',  ( 0.0000000000000000000, -1.000000000000000000, 0.0000000000000000000 ) ) ;
#4817 = FACE_OUTER_BOUND ( 'NONE', #677, .T. ) ;
#4818 =( GEOMETRIC_REPRESENTATION_CONTEXT ( 3 ) GLOBAL_UNCERTAINTY_ASSIGNED_CONTEXT ( ( #6943 ) ) GLOBAL_UNIT_ASSIGNED_CONTEXT ( ( #5836, #9004, #2827 ) ) REPRESENTATION_CONTEXT ( 'NONE', 'WORKASPACE' ) );
#4819 = CARTESIAN_POINT ( 'NONE',  ( 4.494557450338590776, -4.665000000000000036, 0.1999999999999988454 ) ) ;
#4820 = EDGE_LOOP ( 'NONE', ( #5326, #249, #8810, #1076 ) ) ;
#4821 = EDGE_CURVE ( 'NONE', #957, #3899, #4600, .T. ) ;
#4822 = LINE ( 'NONE', #4923, #7840 ) ;
#4823 = AXIS2_PLACEMENT_3D ( 'NONE', #1739, #751, #2466 ) ;
#4824 = SURFACE_STYLE_FILL_AREA ( #7983 ) ;
#4825 = LINE ( 'NONE', #9066, #8549 ) ;
#4826 = ORIENTED_EDGE ( 'NONE', *, *, #9138, .T. ) ;
#4827 = LINE ( 'NONE', #9879, #949 ) ;
#4828 = DIRECTION ( 'NONE',  ( 0.0000000000000000000, -1.000000000000000000, 0.0000000000000000000 ) ) ;
#4829 = VECTOR ( 'NONE', #3329, 1000.000000000000000 ) ;
#4830 = VERTEX_POINT ( 'NONE', #4654 ) ;
#4831 =( LENGTH_UNIT ( ) NAMED_UNIT ( * ) SI_UNIT ( .MILLI., .METRE. ) );
#4832 = PRESENTATION_STYLE_ASSIGNMENT (( #941 ) ) ;
#4833 = ORIENTED_EDGE ( 'NONE', *, *, #3656, .F. ) ;
#4834 = STYLED_ITEM ( 'NONE', ( #9256 ), #7501 ) ;
#4835 = CARTESIAN_POINT ( 'NONE',  ( -3.888707005762189084, 1.685000000000000275, 1.432440418475948274 ) ) ;
#4836 = DIRECTION ( 'NONE',  ( -0.0000000000000000000, -1.000000000000000000, -0.0000000000000000000 ) ) ;
#4837 = DIRECTION ( 'NONE',  ( 0.0000000000000000000, 0.0000000000000000000, 1.000000000000000000 ) ) ;
#4838 = EDGE_CURVE ( 'NONE', #376, #7621, #2288, .T. ) ;
#4839 = ORIENTED_EDGE ( 'NONE', *, *, #2678, .T. ) ;
#4840 = CARTESIAN_POINT ( 'NONE',  ( 5.150000000000001243, 2.125000000000000444, 0.0000000000000000000 ) ) ;
#4841 = CONICAL_SURFACE ( 'NONE', #9985, 0.1499999999999995226, 0.2617993877991500740 ) ;
#4842 = SURFACE_STYLE_FILL_AREA ( #5511 ) ;
#4843 = DIRECTION ( 'NONE',  ( 1.000000000000000000, 0.0000000000000000000, 2.451907390652843649E-15 ) ) ;
#4844 = ORIENTED_EDGE ( 'NONE', *, *, #1364, .F. ) ;
#4845 = CIRCLE ( 'NONE', #6814, 0.1243605512616186154 ) ;
#4846 = LINE ( 'NONE', #8788, #9334 ) ;
#4847 = SURFACE_STYLE_USAGE ( .BOTH. , #8682 ) ;
#4848 = DIRECTION ( 'NONE',  ( -0.0000000000000000000, -1.000000000000000000, -0.0000000000000000000 ) ) ;
#4849 = CARTESIAN_POINT ( 'NONE',  ( -3.881702402145739583, 2.125000000000000444, 1.531712435151439733 ) ) ;
#4850 = SURFACE_SIDE_STYLE ('',( #2520 ) ) ;
#4851 = AXIS2_PLACEMENT_3D ( 'NONE', #9393, #2303, #1572 ) ;
#4852 = ADVANCED_FACE ( 'NONE', ( #4496 ), #1453, .F. ) ;
#4853 = ORIENTED_EDGE ( 'NONE', *, *, #538, .T. ) ;
#4854 = CARTESIAN_POINT ( 'NONE',  ( -4.494557450338588112, 2.125000000000000444, 0.3000000000000000444 ) ) ;
#4855 = DIRECTION ( 'NONE',  ( -0.1736481776669392962, 0.0000000000000000000, 0.9848077530122064660 ) ) ;
#4856 = LINE ( 'NONE', #2378, #448 ) ;
#4857 = VECTOR ( 'NONE', #9785, 1000.000000000000000 ) ;
#4858 = PRESENTATION_STYLE_ASSIGNMENT (( #10257 ) ) ;
#4859 = FACE_OUTER_BOUND ( 'NONE', #2724, .T. ) ;
#4860 = VECTOR ( 'NONE', #5880, 1000.000000000000000 ) ;
#4861 = LINE ( 'NONE', #1812, #162 ) ;
#4862 = CARTESIAN_POINT ( 'NONE',  ( -3.990737311234598295, 2.125000000000000444, 1.429674850314565093 ) ) ;
#4863 =( NAMED_UNIT ( * ) PLANE_ANGLE_UNIT ( ) SI_UNIT ( $, .RADIAN. ) );
#4864 = SURFACE_STYLE_FILL_AREA ( #136 ) ;
#4865 = ORIENTED_EDGE ( 'NONE', *, *, #10008, .T. ) ;
#4866 = VECTOR ( 'NONE', #1194, 1000.000000000000000 ) ;
#4867 = CARTESIAN_POINT ( 'NONE',  ( -3.899999999999998135, -4.664999999999999147, 1.600000000000000089 ) ) ;
#4868 = ORIENTED_EDGE ( 'NONE', *, *, #9134, .F. ) ;
#4869 = PRESENTATION_LAYER_ASSIGNMENT (  '', '', ( #9342 ) ) ;
#4870 = CARTESIAN_POINT ( 'NONE',  ( 4.494557450338586335, -2.125000000000000000, -1.084202172485504434E-15 ) ) ;
#4871 = CIRCLE ( 'NONE', #5366, 0.09999999999999911737 ) ;
#4872 =( NAMED_UNIT ( * ) SI_UNIT ( $, .STERADIAN. ) SOLID_ANGLE_UNIT ( ) );
#4873 = MECHANICAL_DESIGN_GEOMETRIC_PRESENTATION_REPRESENTATION (  '', ( #2238 ), #7367 ) ;
#4874 = CARTESIAN_POINT ( 'NONE',  ( -4.396076675037368098, -3.394999999999999574, 0.2826351822333060815 ) ) ;
#4875 = ORIENTED_EDGE ( 'NONE', *, *, #6842, .T. ) ;
#4876 = CARTESIAN_POINT ( 'NONE',  ( 5.150000000000002132, -2.954999999999999183, 0.0000000000000000000 ) ) ;
#4877 = DIRECTION ( 'NONE',  ( -2.563936943398996305E-15, 0.0000000000000000000, 1.000000000000000000 ) ) ;
#4878 = VERTEX_POINT ( 'NONE', #2958 ) ;
#4879 = PRESENTATION_LAYER_ASSIGNMENT (  '', '', ( #5048 ) ) ;
#4880 = LINE ( 'NONE', #7380, #5998 ) ;
#4881 = ORIENTED_EDGE ( 'NONE', *, *, #4262, .F. ) ;
#4882 = FILL_AREA_STYLE ('',( #7222 ) ) ;
#4883 = CARTESIAN_POINT ( 'NONE',  ( 3.990737311234600071, 0.8550000000000007594, 1.429674850314564205 ) ) ;
#4884 = COLOUR_RGB ( '',0.7529411764705882248, 0.7529411764705882248, 0.7529411764705882248 ) ;
#4885 = VERTEX_POINT ( 'NONE', #1550 ) ;
#4886 = UNCERTAINTY_MEASURE_WITH_UNIT (LENGTH_MEASURE( 1.000000000000000082E-05 ), #1564, 'distance_accuracy_value', 'NONE');
#4887 =( GEOMETRIC_REPRESENTATION_CONTEXT ( 3 ) GLOBAL_UNCERTAINTY_ASSIGNED_CONTEXT ( ( #3617 ) ) GLOBAL_UNIT_ASSIGNED_CONTEXT ( ( #2763, #1258, #8213 ) ) REPRESENTATION_CONTEXT ( 'NONE', 'WORKASPACE' ) );
#4888 = CARTESIAN_POINT ( 'NONE',  ( 3.990737311234600959, -2.954999999999999183, 1.429674850314564205 ) ) ;
#4889 = EDGE_CURVE ( 'NONE', #4554, #409, #4716, .T. ) ;
#4890 = EDGE_CURVE ( 'NONE', #2092, #4885, #10154, .T. ) ;
#4891 = UNCERTAINTY_MEASURE_WITH_UNIT (LENGTH_MEASURE( 1.000000000000000082E-05 ), #850, 'distance_accuracy_value', 'NONE');
#4892 = FILL_AREA_STYLE_COLOUR ( '', #3158 ) ;
#4893 = VERTEX_POINT ( 'NONE', #926 ) ;
#4894 = PRESENTATION_LAYER_ASSIGNMENT (  '', '', ( #3090 ) ) ;
#4895 = UNCERTAINTY_MEASURE_WITH_UNIT (LENGTH_MEASURE( 1.000000000000000082E-05 ), #5877, 'distance_accuracy_value', 'NONE');
#4896 = PLANE ( 'NONE',  #3580 ) ;
#4897 = SURFACE_SIDE_STYLE ('',( #2570 ) ) ;
#4898 = ORIENTED_EDGE ( 'NONE', *, *, #4707, .T. ) ;
#4899 = PRESENTATION_LAYER_ASSIGNMENT (  '', '', ( #581 ) ) ;
#4900 = EDGE_CURVE ( 'NONE', #1855, #7726, #6428, .T. ) ;
#4901 = EDGE_CURVE ( 'NONE', #7965, #5762, #5541, .T. ) ;
#4902 = DIRECTION ( 'NONE',  ( 1.000000000000000000, -0.0000000000000000000, -2.605290765066735698E-15 ) ) ;
#4903 = CARTESIAN_POINT ( 'NONE',  ( -4.184149331665849125, 4.665000000000000924, 1.484534871776029163 ) ) ;
#4904 = LINE ( 'NONE', #856, #4098 ) ;
#4905 = COLOUR_RGB ( '',0.7529411764705882248, 0.7529411764705882248, 0.7529411764705882248 ) ;
#4906 = DIRECTION ( 'NONE',  ( -0.0000000000000000000, -0.0000000000000000000, -1.000000000000000000 ) ) ;
#4907 = LINE ( 'NONE', #7239, #2796 ) ;
#4908 = CARTESIAN_POINT ( 'NONE',  ( 3.900000000000001243, -2.954999999999999183, 1.600000000000000089 ) ) ;
#4909 = CARTESIAN_POINT ( 'NONE',  ( 5.150000000000002132, -4.224999999999999645, 0.0000000000000000000 ) ) ;
#4910 = ORIENTED_EDGE ( 'NONE', *, *, #272, .T. ) ;
#4911 = PRESENTATION_LAYER_ASSIGNMENT (  '', '', ( #5923 ) ) ;
#4912 = PLANE ( 'NONE',  #9786 ) ;
#4913 = ADVANCED_FACE ( 'NONE', ( #9674 ), #3283, .T. ) ;
#4914 = PRESENTATION_STYLE_ASSIGNMENT (( #7143 ) ) ;
#4915 = COLOUR_RGB ( '',0.7529411764705882248, 0.7529411764705882248, 0.7529411764705882248 ) ;
#4916 = DIRECTION ( 'NONE',  ( 0.0000000000000000000, -0.0000000000000000000, -1.000000000000000000 ) ) ;
#4917 = LINE ( 'NONE', #4086, #2751 ) ;
#4918 = CARTESIAN_POINT ( 'NONE',  ( -2.899999999999999911, 4.150000000000000355, 3.500000000000000000 ) ) ;
#4919 = VERTEX_POINT ( 'NONE', #4761 ) ;
#4920 = ORIENTED_EDGE ( 'NONE', *, *, #6245, .F. ) ;
#4921 = MECHANICAL_DESIGN_GEOMETRIC_PRESENTATION_REPRESENTATION (  '', ( #4577 ), #780 ) ;
#4922 = EDGE_CURVE ( 'NONE', #3937, #2078, #4966, .T. ) ;
#4923 = CARTESIAN_POINT ( 'NONE',  ( 3.899999999999999911, 4.949999999999999289, 1.600000000000000089 ) ) ;
#4924 = CARTESIAN_POINT ( 'NONE',  ( -3.864512696824129012, 1.139999999999999458, 1.732440418475947430 ) ) ;
#4925 = CIRCLE ( 'NONE', #615, 0.2999999999999983791 ) ;
#4926 = MECHANICAL_DESIGN_GEOMETRIC_PRESENTATION_REPRESENTATION (  '', ( #7087 ), #1957 ) ;
#4927 = VECTOR ( 'NONE', #3162, 1000.000000000000000 ) ;
#4928 = CARTESIAN_POINT ( 'NONE',  ( -3.899999999999998135, -4.665000000000000036, 1.600000000000000089 ) ) ;
#4929 = SURFACE_SIDE_STYLE ('',( #934 ) ) ;
#4930 = DIRECTION ( 'NONE',  ( -0.0000000000000000000, -1.000000000000000000, -0.0000000000000000000 ) ) ;
#4931 = ORIENTED_EDGE ( 'NONE', *, *, #7291, .T. ) ;
#4932 = VECTOR ( 'NONE', #1217, 1000.000000000000000 ) ;
#4933 = PRESENTATION_STYLE_ASSIGNMENT (( #5658 ) ) ;
#4934 = PLANE ( 'NONE',  #9443 ) ;
#4935 = STYLED_ITEM ( 'NONE', ( #3957 ), #4632 ) ;
#4936 = ORIENTED_EDGE ( 'NONE', *, *, #8812, .T. ) ;
#4937 = DIRECTION ( 'NONE',  ( 0.2588190451025213501, 0.0000000000000000000, -0.9659258262890680902 ) ) ;
#4938 =( NAMED_UNIT ( * ) PLANE_ANGLE_UNIT ( ) SI_UNIT ( $, .RADIAN. ) );
#4939 = FACE_OUTER_BOUND ( 'NONE', #1294, .T. ) ;
#4940 =( GEOMETRIC_REPRESENTATION_CONTEXT ( 3 ) GLOBAL_UNCERTAINTY_ASSIGNED_CONTEXT ( ( #3454 ) ) GLOBAL_UNIT_ASSIGNED_CONTEXT ( ( #9209, #8476, #9302 ) ) REPRESENTATION_CONTEXT ( 'NONE', 'WORKASPACE' ) );
#4941 = ORIENTED_EDGE ( 'NONE', *, *, #8310, .F. ) ;
#4942 = CARTESIAN_POINT ( 'NONE',  ( 5.150000000000001243, -0.4149999999999995914, 0.2000000000000016764 ) ) ;
#4943 = VERTEX_POINT ( 'NONE', #2388 ) ;
#4944 =( NAMED_UNIT ( * ) SI_UNIT ( $, .STERADIAN. ) SOLID_ANGLE_UNIT ( ) );
#4945 = EDGE_CURVE ( 'NONE', #5707, #3381, #5639, .T. ) ;
#4946 = MECHANICAL_DESIGN_GEOMETRIC_PRESENTATION_REPRESENTATION (  '', ( #4276 ), #6595 ) ;
#4947 = PRESENTATION_STYLE_ASSIGNMENT (( #1054 ) ) ;
#4948 = PLANE ( 'NONE',  #8766 ) ;
#4949 = UNCERTAINTY_MEASURE_WITH_UNIT (LENGTH_MEASURE( 1.000000000000000082E-05 ), #10172, 'distance_accuracy_value', 'NONE');
#4950 =( NAMED_UNIT ( * ) PLANE_ANGLE_UNIT ( ) SI_UNIT ( $, .RADIAN. ) );
#4951 = ORIENTED_EDGE ( 'NONE', *, *, #3716, .T. ) ;
#4952 =( NAMED_UNIT ( * ) SI_UNIT ( $, .STERADIAN. ) SOLID_ANGLE_UNIT ( ) );
#4953 = ORIENTED_EDGE ( 'NONE', *, *, #3655, .T. ) ;
#4954 = PLANE ( 'NONE',  #9023 ) ;
#4955 = FILL_AREA_STYLE_COLOUR ( '', #7257 ) ;
#4956 = ADVANCED_FACE ( 'NONE', ( #7304 ), #2144, .F. ) ;
#4957 = VECTOR ( 'NONE', #2312, 1000.000000000000000 ) ;
#4958 = SURFACE_STYLE_FILL_AREA ( #6514 ) ;
#4959 = DIRECTION ( 'NONE',  ( 0.0000000000000000000, 0.0000000000000000000, 1.000000000000000000 ) ) ;
#4960 = EDGE_CURVE ( 'NONE', #5185, #2617, #288, .T. ) ;
#4961 = DIRECTION ( 'NONE',  ( 0.2505628070857321421, 0.2505628070857321421, -0.9351131265310291818 ) ) ;
#4962 = LINE ( 'NONE', #1760, #2414 ) ;
#4963 = AXIS2_PLACEMENT_3D ( 'NONE', #1505, #5340, #3076 ) ;
#4964 = PLANE ( 'NONE',  #567 ) ;
#4965 = SURFACE_STYLE_FILL_AREA ( #1968 ) ;
#4966 = LINE ( 'NONE', #2537, #6926 ) ;
#4967 = ORIENTED_EDGE ( 'NONE', *, *, #5081, .T. ) ;
#4968 = CARTESIAN_POINT ( 'NONE',  ( 3.900000000000001243, -2.954999999999999183, 1.600000000000000089 ) ) ;
#4969 = FILL_AREA_STYLE ('',( #4174 ) ) ;
#4970 = ORIENTED_EDGE ( 'NONE', *, *, #10135, .F. ) ;
#4971 =( GEOMETRIC_REPRESENTATION_CONTEXT ( 3 ) GLOBAL_UNCERTAINTY_ASSIGNED_CONTEXT ( ( #9737 ) ) GLOBAL_UNIT_ASSIGNED_CONTEXT ( ( #4516, #6956, #6795 ) ) REPRESENTATION_CONTEXT ( 'NONE', 'WORKASPACE' ) );
#4972 = VECTOR ( 'NONE', #9121, 1000.000000000000000 ) ;
#4973 = SURFACE_SIDE_STYLE ('',( #1977 ) ) ;
#4974 = DIRECTION ( 'NONE',  ( -1.000000000000000000, 1.156482317317871725E-16, 0.0000000000000000000 ) ) ;
#4975 = PLANE ( 'NONE',  #1964 ) ;
#4976 = AXIS2_PLACEMENT_3D ( 'NONE', #7433, #8054, #2557 ) ;
#4977 = CIRCLE ( 'NONE', #1177, 0.09999999999999911737 ) ;
#4978 = CARTESIAN_POINT ( 'NONE',  ( 5.150000000000000355, 3.395000000000000462, 0.0000000000000000000 ) ) ;
#4979 = EDGE_CURVE ( 'NONE', #2617, #9093, #1305, .T. ) ;
#4980 = ORIENTED_EDGE ( 'NONE', *, *, #6354, .F. ) ;
#4981 =( LENGTH_UNIT ( ) NAMED_UNIT ( * ) SI_UNIT ( .MILLI., .METRE. ) );
#4982 = CARTESIAN_POINT ( 'NONE',  ( -4.494557450338588112, -0.4149999999999995914, 0.2999999999999999334 ) ) ;
#4983 = CARTESIAN_POINT ( 'NONE',  ( 5.150000000000002132, -4.224999999999999645, 0.2000000000000016764 ) ) ;
#4984 = ORIENTED_EDGE ( 'NONE', *, *, #977, .T. ) ;
#4985 = VECTOR ( 'NONE', #1068, 1000.000000000000000 ) ;
#4986 = LINE ( 'NONE', #8931, #3555 ) ;
#4987 = CARTESIAN_POINT ( 'NONE',  ( 3.900000000000001243, -2.125000000000000000, 1.600000000000000089 ) ) ;
#4988 = UNCERTAINTY_MEASURE_WITH_UNIT (LENGTH_MEASURE( 1.000000000000000082E-05 ), #219, 'distance_accuracy_value', 'NONE');
#4989 = VERTEX_POINT ( 'NONE', #6661 ) ;
#4990 =( NAMED_UNIT ( * ) PLANE_ANGLE_UNIT ( ) SI_UNIT ( $, .RADIAN. ) );
#4991 = FILL_AREA_STYLE ('',( #4892 ) ) ;
#4992 = MECHANICAL_DESIGN_GEOMETRIC_PRESENTATION_REPRESENTATION (  '', ( #681 ), #7485 ) ;
#4993 = EDGE_LOOP ( 'NONE', ( #6841, #8458, #1573 ) ) ;
#4994 = FILL_AREA_STYLE_COLOUR ( '', #5750 ) ;
#4995 = CARTESIAN_POINT ( 'NONE',  ( -3.990737311234598295, -0.4149999999999995914, 1.429674850314565093 ) ) ;
#4996 =( NAMED_UNIT ( * ) PLANE_ANGLE_UNIT ( ) SI_UNIT ( $, .RADIAN. ) );
#4997 = VERTEX_POINT ( 'NONE', #6614 ) ;
#4998 = STYLED_ITEM ( 'NONE', ( #7122 ), #1301 ) ;
#4999 = FILL_AREA_STYLE ('',( #8989 ) ) ;
#5000 =( GEOMETRIC_REPRESENTATION_CONTEXT ( 3 ) GLOBAL_UNCERTAINTY_ASSIGNED_CONTEXT ( ( #8089 ) ) GLOBAL_UNIT_ASSIGNED_CONTEXT ( ( #8666, #4733, #8820 ) ) REPRESENTATION_CONTEXT ( 'NONE', 'WORKASPACE' ) );
#5001 = CARTESIAN_POINT ( 'NONE',  ( -4.199115124434926294, 2.125000000000000444, 0.2479055466999170732 ) ) ;
#5002 = DIRECTION ( 'NONE',  ( 0.0000000000000000000, -0.0000000000000000000, 1.000000000000000000 ) ) ;
#5003 = VECTOR ( 'NONE', #1704, 1000.000000000000114 ) ;
#5004 = DIRECTION ( 'NONE',  ( -1.000000000000000000, 0.0000000000000000000, -2.563936943398996305E-15 ) ) ;
#5005 = ORIENTED_EDGE ( 'NONE', *, *, #9654, .F. ) ;
#5006 = DIRECTION ( 'NONE',  ( 0.0000000000000000000, 1.000000000000000000, 0.0000000000000000000 ) ) ;
#5007 = ORIENTED_EDGE ( 'NONE', *, *, #323, .F. ) ;
#5008 = CARTESIAN_POINT ( 'NONE',  ( 4.184149331665850013, -1.684999999999999831, 1.484534871776028275 ) ) ;
#5009 = CARTESIAN_POINT ( 'NONE',  ( -3.899999999999999911, 4.665000000000000924, 1.600000000000000089 ) ) ;
#5010 =( NAMED_UNIT ( * ) SI_UNIT ( $, .STERADIAN. ) SOLID_ANGLE_UNIT ( ) );
#5011 = LINE ( 'NONE', #4323, #7638 ) ;
#5012 = FACE_OUTER_BOUND ( 'NONE', #6330, .T. ) ;
#5013 = EDGE_CURVE ( 'NONE', #8359, #10102, #8287, .T. ) ;
#5014 = COLOUR_RGB ( '',0.7529411764705882248, 0.7529411764705882248, 0.7529411764705882248 ) ;
#5015 = FILL_AREA_STYLE_COLOUR ( '', #3457 ) ;
#5016 = PLANE ( 'NONE',  #5046 ) ;
#5017 = DIRECTION ( 'NONE',  ( 1.000000000000000000, 0.0000000000000000000, 0.0000000000000000000 ) ) ;
#5018 = ORIENTED_EDGE ( 'NONE', *, *, #7170, .T. ) ;
#5019 = STYLED_ITEM ( 'NONE', ( #5458 ), #2125 ) ;
#5020 = EDGE_CURVE ( 'NONE', #5592, #4420, #3328, .T. ) ;
#5021 = ORIENTED_EDGE ( 'NONE', *, *, #3263, .T. ) ;
#5022 = AXIS2_PLACEMENT_3D ( 'NONE', #8567, #1472, #6134 ) ;
#5023 = LINE ( 'NONE', #2023, #1668 ) ;
#5024 = STYLED_ITEM ( 'NONE', ( #6826 ), #9945 ) ;
#5025 = AXIS2_PLACEMENT_3D ( 'NONE', #8661, #5442, #6238 ) ;
#5026 = AXIS2_PLACEMENT_3D ( 'NONE', #9776, #1919, #334 ) ;
#5028 = EDGE_CURVE ( 'NONE', #2819, #1504, #1127, .T. ) ;
#5027 = CARTESIAN_POINT ( 'NONE',  ( -5.149999999999999467, 0.8550000000000007594, 0.2000000000000016764 ) ) ;
#5029 = EDGE_CURVE ( 'NONE', #2450, #3912, #9877, .T. ) ;
#5030 =( NAMED_UNIT ( * ) SI_UNIT ( $, .STERADIAN. ) SOLID_ANGLE_UNIT ( ) );
#5031 = LINE ( 'NONE', #5910, #8215 ) ;
#5032 = CARTESIAN_POINT ( 'NONE',  ( 3.800269556891266554, 3.395000000000000462, 1.732440418475946320 ) ) ;
#5033 = MECHANICAL_DESIGN_GEOMETRIC_PRESENTATION_REPRESENTATION (  '', ( #1048 ), #7682 ) ;
#5034 = EDGE_CURVE ( 'NONE', #4989, #5543, #2684, .T. ) ;
#5035 = ORIENTED_EDGE ( 'NONE', *, *, #1438, .F. ) ;
#5036 = PRESENTATION_LAYER_ASSIGNMENT (  '', '', ( #6520 ) ) ;
#5037 = ORIENTED_EDGE ( 'NONE', *, *, #2688, .T. ) ;
#5038 = CARTESIAN_POINT ( 'NONE',  ( 5.150000000000000355, 4.225000000000000533, 0.2000000000000016764 ) ) ;
#5039 = ORIENTED_EDGE ( 'NONE', *, *, #8572, .F. ) ;
#5040 = VECTOR ( 'NONE', #3010, 1000.000000000000000 ) ;
#5041 = SURFACE_SIDE_STYLE ('',( #413 ) ) ;
#5042 = EDGE_CURVE ( 'NONE', #5682, #5870, #4274, .T. ) ;
#5043 = AXIS2_PLACEMENT_3D ( 'NONE', #4790, #6402, #21 ) ;
#5044 = ORIENTED_EDGE ( 'NONE', *, *, #1094, .F. ) ;
#5045 = LINE ( 'NONE', #4300, #372 ) ;
#5046 = AXIS2_PLACEMENT_3D ( 'NONE', #7355, #8183, #8233 ) ;
#5047 = CARTESIAN_POINT ( 'NONE',  ( -3.749999999999998668, -4.949999999999999289, 1.600000000000000089 ) ) ;
#5048 = STYLED_ITEM ( 'NONE', ( #1805 ), #9092 ) ;
#5049 = ORIENTED_EDGE ( 'NONE', *, *, #512, .F. ) ;
#5050 = PLANE ( 'NONE',  #4439 ) ;
#5051 =( GEOMETRIC_REPRESENTATION_CONTEXT ( 3 ) GLOBAL_UNCERTAINTY_ASSIGNED_CONTEXT ( ( #2700 ) ) GLOBAL_UNIT_ASSIGNED_CONTEXT ( ( #3436, #3386, #5909 ) ) REPRESENTATION_CONTEXT ( 'NONE', 'WORKASPACE' ) );
#5052 = ORIENTED_EDGE ( 'NONE', *, *, #8625, .T. ) ;
#5053 = AXIS2_PLACEMENT_3D ( 'NONE', #5476, #2274, #6060 ) ;
#5054 = DIRECTION ( 'NONE',  ( -1.000000000000000000, 0.0000000000000000000, -4.342151275111226558E-15 ) ) ;
#5055 = PRESENTATION_LAYER_ASSIGNMENT (  '', '', ( #2741 ) ) ;
#5056 = UNCERTAINTY_MEASURE_WITH_UNIT (LENGTH_MEASURE( 1.000000000000000082E-05 ), #10025, 'distance_accuracy_value', 'NONE');
#5057 = VERTEX_POINT ( 'NONE', #335 ) ;
#5058 = LINE ( 'NONE', #8222, #2106 ) ;
#5059 = FILL_AREA_STYLE_COLOUR ( '', #3752 ) ;
#5060 = AXIS2_PLACEMENT_3D ( 'NONE', #3868, #10024, #4424 ) ;
#5061 = STYLED_ITEM ( 'NONE', ( #4285 ), #9449 ) ;
#5062 = CARTESIAN_POINT ( 'NONE',  ( 5.150000000000001243, 1.685000000000000275, 0.2000000000000016764 ) ) ;
#5063 = CIRCLE ( 'NONE', #763, 0.09999999999999911737 ) ;
#5064 = FILL_AREA_STYLE ('',( #2636 ) ) ;
#5065 = UNCERTAINTY_MEASURE_WITH_UNIT (LENGTH_MEASURE( 1.000000000000000082E-05 ), #7247, 'distance_accuracy_value', 'NONE');
#5066 =( NAMED_UNIT ( * ) PLANE_ANGLE_UNIT ( ) SI_UNIT ( $, .RADIAN. ) );
#5067 = ORIENTED_EDGE ( 'NONE', *, *, #6779, .F. ) ;
#5068 =( NAMED_UNIT ( * ) PLANE_ANGLE_UNIT ( ) SI_UNIT ( $, .RADIAN. ) );
#5069 = LINE ( 'NONE', #7514, #9502 ) ;
#5070 = LINE ( 'NONE', #8237, #4655 ) ;
#5071 = EDGE_LOOP ( 'NONE', ( #7894, #2474, #341, #7476 ) ) ;
#5072 = FILL_AREA_STYLE_COLOUR ( '', #4298 ) ;
#5073 = COLOUR_RGB ( '',0.7529411764705882248, 0.7529411764705882248, 0.7529411764705882248 ) ;
#5074 = EDGE_CURVE ( 'NONE', #2950, #586, #2972, .T. ) ;
#5075 = CARTESIAN_POINT ( 'NONE',  ( -5.149999999999999467, 0.8550000000000007594, 0.0000000000000000000 ) ) ;
#5076 = FACE_OUTER_BOUND ( 'NONE', #7121, .T. ) ;
#5077 = CARTESIAN_POINT ( 'NONE',  ( -3.899999999999998579, -2.125000000000000000, 1.600000000000000089 ) ) ;
#5078 = CARTESIAN_POINT ( 'NONE',  ( -3.899999999999998135, -4.665000000000000036, 1.600000000000000089 ) ) ;
#5079 = CIRCLE ( 'NONE', #2112, 0.1243605512616186154 ) ;
#5080 = ORIENTED_EDGE ( 'NONE', *, *, #55, .F. ) ;
#5081 = EDGE_CURVE ( 'NONE', #9442, #3025, #1181, .T. ) ;
#5082 = ORIENTED_EDGE ( 'NONE', *, *, #8894, .T. ) ;
#5083 = EDGE_CURVE ( 'NONE', #1256, #8466, #9921, .T. ) ;
#5084 = LINE ( 'NONE', #3703, #1159 ) ;
#5085 = ORIENTED_EDGE ( 'NONE', *, *, #4010, .F. ) ;
#5086 = CARTESIAN_POINT ( 'NONE',  ( -3.864512696824128568, -3.394999999999999574, 1.732440418475947430 ) ) ;
#5087 = CARTESIAN_POINT ( 'NONE',  ( 4.184149331665850013, 0.8550000000000007594, 1.484534871776028275 ) ) ;
#5088 = EDGE_CURVE ( 'NONE', #1350, #8865, #4585, .T. ) ;
#5089 = ORIENTED_EDGE ( 'NONE', *, *, #3770, .T. ) ;
#5090 = UNCERTAINTY_MEASURE_WITH_UNIT (LENGTH_MEASURE( 1.000000000000000082E-05 ), #7738, 'distance_accuracy_value', 'NONE');
#5091 = CARTESIAN_POINT ( 'NONE',  ( -3.800269556891264777, -2.954999999999999183, 1.732440418475947208 ) ) ;
#5092 = VERTEX_POINT ( 'NONE', #3783 ) ;
#5093 = LINE ( 'NONE', #9901, #2440 ) ;
#5094 = UNCERTAINTY_MEASURE_WITH_UNIT (LENGTH_MEASURE( 1.000000000000000082E-05 ), #4486, 'distance_accuracy_value', 'NONE');
#5095 = SURFACE_STYLE_FILL_AREA ( #1947 ) ;
#5096 = ADVANCED_FACE ( 'NONE', ( #3827 ), #9978, .T. ) ;
#5097 = PRESENTATION_LAYER_ASSIGNMENT (  '', '', ( #3791 ) ) ;
#5098 = MECHANICAL_DESIGN_GEOMETRIC_PRESENTATION_REPRESENTATION (  '', ( #9720 ), #1973 ) ;
#5099 = ORIENTED_EDGE ( 'NONE', *, *, #9339, .F. ) ;
#5100 =( NAMED_UNIT ( * ) SI_UNIT ( $, .STERADIAN. ) SOLID_ANGLE_UNIT ( ) );
#5101 = MECHANICAL_DESIGN_GEOMETRIC_PRESENTATION_REPRESENTATION (  '', ( #8745 ), #6434 ) ;
#5102 = FILL_AREA_STYLE_COLOUR ( '', #5621 ) ;
#5103 = SURFACE_STYLE_USAGE ( .BOTH. , #9051 ) ;
#5104 = COLOUR_RGB ( '',0.7529411764705882248, 0.7529411764705882248, 0.7529411764705882248 ) ;
#5105 = SURFACE_STYLE_USAGE ( .BOTH. , #2004 ) ;
#5106 = ORIENTED_EDGE ( 'NONE', *, *, #8770, .F. ) ;
#5107 = PRESENTATION_STYLE_ASSIGNMENT (( #6703 ) ) ;
#5108 = CYLINDRICAL_SURFACE ( 'NONE', #3903, 0.2999999999999983791 ) ;
#5109 = PRESENTATION_STYLE_ASSIGNMENT (( #4320 ) ) ;
#5110 = FILL_AREA_STYLE_COLOUR ( '', #2197 ) ;
#5111 = COLOUR_RGB ( '',0.7529411764705882248, 0.7529411764705882248, 0.7529411764705882248 ) ;
#5112 = DIRECTION ( 'NONE',  ( 0.2588190451025213501, -0.0000000000000000000, 0.9659258262890680902 ) ) ;
#5113 = CARTESIAN_POINT ( 'NONE',  ( -5.150000000000000355, 3.395000000000000462, 0.0000000000000000000 ) ) ;
#5114 = LINE ( 'NONE', #8909, #4067 ) ;
#5115 = PRESENTATION_STYLE_ASSIGNMENT (( #333 ) ) ;
#5116 = DIRECTION ( 'NONE',  ( -0.0000000000000000000, -1.000000000000000000, -0.0000000000000000000 ) ) ;
#5117 = CARTESIAN_POINT ( 'NONE',  ( -4.494557450338588112, 0.8550000000000007594, 0.3000000000000000444 ) ) ;
#5118 = VERTEX_POINT ( 'NONE', #6919 ) ;
#5119 = AXIS2_PLACEMENT_3D ( 'NONE', #5117, #3579, #5219 ) ;
#5120 = PLANE ( 'NONE',  #3130 ) ;
#5121 = LINE ( 'NONE', #3525, #6043 ) ;
#5122 =( LENGTH_UNIT ( ) NAMED_UNIT ( * ) SI_UNIT ( .MILLI., .METRE. ) );
#5123 = ORIENTED_EDGE ( 'NONE', *, *, #8318, .T. ) ;
#5124 = FILL_AREA_STYLE_COLOUR ( '', #326 ) ;
#5125 = PRESENTATION_LAYER_ASSIGNMENT (  '', '', ( #10261 ) ) ;
#5126 = DIRECTION ( 'NONE',  ( -0.0000000000000000000, -1.000000000000000000, -0.0000000000000000000 ) ) ;
#5127 = LINE ( 'NONE', #9734, #4395 ) ;
#5128 = FILL_AREA_STYLE ('',( #6729 ) ) ;
#5129 = ORIENTED_EDGE ( 'NONE', *, *, #8317, .F. ) ;
#5130 =( NAMED_UNIT ( * ) PLANE_ANGLE_UNIT ( ) SI_UNIT ( $, .RADIAN. ) );
#5131 =( GEOMETRIC_REPRESENTATION_CONTEXT ( 3 ) GLOBAL_UNCERTAINTY_ASSIGNED_CONTEXT ( ( #5911 ) ) GLOBAL_UNIT_ASSIGNED_CONTEXT ( ( #4831, #8932, #1093 ) ) REPRESENTATION_CONTEXT ( 'NONE', 'WORKASPACE' ) );
#5132 = VERTEX_POINT ( 'NONE', #7718 ) ;
#5133 = STYLED_ITEM ( 'NONE', ( #4452 ), #5736 ) ;
#5134 = EDGE_CURVE ( 'NONE', #7817, #3597, #649, .T. ) ;
#5135 = ORIENTED_EDGE ( 'NONE', *, *, #670, .F. ) ;
#5136 = ORIENTED_EDGE ( 'NONE', *, *, #242, .T. ) ;
#5137 = CARTESIAN_POINT ( 'NONE',  ( -3.800269556891265221, 0.8550000000000007594, 1.732440418475947208 ) ) ;
#5138 = CYLINDRICAL_SURFACE ( 'NONE', #9606, 0.09999999999999911737 ) ;
#5139 = COLOUR_RGB ( '',0.7529411764705882248, 0.7529411764705882248, 0.7529411764705882248 ) ;
#5140 =( GEOMETRIC_REPRESENTATION_CONTEXT ( 3 ) GLOBAL_UNCERTAINTY_ASSIGNED_CONTEXT ( ( #2607 ) ) GLOBAL_UNIT_ASSIGNED_CONTEXT ( ( #4177, #8138, #821 ) ) REPRESENTATION_CONTEXT ( 'NONE', 'WORKASPACE' ) );
#5141 = VERTEX_POINT ( 'NONE', #10081 ) ;
#5142 = EDGE_CURVE ( 'NONE', #6681, #5156, #8761, .T. ) ;
#5143 = EDGE_CURVE ( 'NONE', #8304, #8362, #4433, .T. ) ;
#5144 = LINE ( 'NONE', #1197, #8831 ) ;
#5145 = CARTESIAN_POINT ( 'NONE',  ( 4.494557450338589888, 2.125000000000000444, 0.1999999999999988454 ) ) ;
#5146 = ORIENTED_EDGE ( 'NONE', *, *, #8516, .T. ) ;
#5147 = PRESENTATION_LAYER_ASSIGNMENT (  '', '', ( #681 ) ) ;
#5148 = AXIS2_PLACEMENT_3D ( 'NONE', #7560, #330, #2777 ) ;
#5149 = ORIENTED_EDGE ( 'NONE', *, *, #8378, .F. ) ;
#5150 = SURFACE_STYLE_USAGE ( .BOTH. , #9049 ) ;
#5151 = CARTESIAN_POINT ( 'NONE',  ( 3.868266076183286550, -2.954999999999999183, 1.408079867214328207 ) ) ;
#5152 = SURFACE_STYLE_FILL_AREA ( #5883 ) ;
#5153 = EDGE_CURVE ( 'NONE', #2501, #5673, #7614, .T. ) ;
#5154 = COLOUR_RGB ( '',0.1176470588235294101, 0.1176470588235294101, 0.1176470588235294101 ) ;
#5155 = CARTESIAN_POINT ( 'NONE',  ( -3.899999999999998579, -3.394999999999998685, 1.600000000000000089 ) ) ;
#5156 = VERTEX_POINT ( 'NONE', #1486 ) ;
#5157 = CARTESIAN_POINT ( 'NONE',  ( -4.184149331665850013, 4.665000000000000924, 1.484534871776029386 ) ) ;
#5158 =( NAMED_UNIT ( * ) SI_UNIT ( $, .STERADIAN. ) SOLID_ANGLE_UNIT ( ) );
#5159 =( NAMED_UNIT ( * ) SI_UNIT ( $, .STERADIAN. ) SOLID_ANGLE_UNIT ( ) );
#5160 = DIRECTION ( 'NONE',  ( -1.000000000000000000, -0.0000000000000000000, 8.270764333545149118E-16 ) ) ;
#5161 = SURFACE_STYLE_USAGE ( .BOTH. , #281 ) ;
#5162 = DIRECTION ( 'NONE',  ( -1.000000000000000000, 1.156482317317871478E-16, -0.0000000000000000000 ) ) ;
#5163 = CARTESIAN_POINT ( 'NONE',  ( 4.396076675037370762, 1.685000000000000275, 0.2826351822333049157 ) ) ;
#5164 = VECTOR ( 'NONE', #6450, 1000.000000000000000 ) ;
#5165 = UNCERTAINTY_MEASURE_WITH_UNIT (LENGTH_MEASURE( 1.000000000000000082E-05 ), #3823, 'distance_accuracy_value', 'NONE');
#5166 = EDGE_CURVE ( 'NONE', #7091, #3762, #492, .T. ) ;
#5167 = SURFACE_SIDE_STYLE ('',( #6569 ) ) ;
#5168 = LINE ( 'NONE', #8286, #3700 ) ;
#5169 = VECTOR ( 'NONE', #693, 1000.000000000000000 ) ;
#5170 = ORIENTED_EDGE ( 'NONE', *, *, #7441, .T. ) ;
#5171 = ORIENTED_EDGE ( 'NONE', *, *, #1220, .F. ) ;
#5172 = FILL_AREA_STYLE ('',( #338 ) ) ;
#5173 =( NAMED_UNIT ( * ) PLANE_ANGLE_UNIT ( ) SI_UNIT ( $, .RADIAN. ) );
#5174 = SURFACE_STYLE_USAGE ( .BOTH. , #8136 ) ;
#5175 = ORIENTED_EDGE ( 'NONE', *, *, #9831, .T. ) ;
#5176 =( NAMED_UNIT ( * ) PLANE_ANGLE_UNIT ( ) SI_UNIT ( $, .RADIAN. ) );
#5177 = MECHANICAL_DESIGN_GEOMETRIC_PRESENTATION_REPRESENTATION (  '', ( #2855 ), #6654 ) ;
#5178 = DIRECTION ( 'NONE',  ( -0.1736481776669387411, -0.0000000000000000000, 0.9848077530122064660 ) ) ;
#5179 =( LENGTH_UNIT ( ) NAMED_UNIT ( * ) SI_UNIT ( .MILLI., .METRE. ) );
#5180 = VECTOR ( 'NONE', #9597, 1000.000000000000000 ) ;
#5181 = DIRECTION ( 'NONE',  ( -1.000000000000000000, 0.0000000000000000000, 0.0000000000000000000 ) ) ;
#5182 = ORIENTED_EDGE ( 'NONE', *, *, #5393, .F. ) ;
#5183 = CARTESIAN_POINT ( 'NONE',  ( 3.990737311234600071, 0.4150000000000004241, 1.429674850314564205 ) ) ;
#5184 = MECHANICAL_DESIGN_GEOMETRIC_PRESENTATION_REPRESENTATION (  '', ( #7991 ), #5353 ) ;
#5185 = VERTEX_POINT ( 'NONE', #699 ) ;
#5186 = AXIS2_PLACEMENT_3D ( 'NONE', #8639, #3211, #24 ) ;
#5187 = MECHANICAL_DESIGN_GEOMETRIC_PRESENTATION_REPRESENTATION (  '', ( #3055 ), #10160 ) ;
#5188 = ORIENTED_EDGE ( 'NONE', *, *, #2624, .F. ) ;
#5189 = DIRECTION ( 'NONE',  ( -0.0000000000000000000, -1.000000000000000000, -0.0000000000000000000 ) ) ;
#5190 = VERTEX_POINT ( 'NONE', #3877 ) ;
#5191 = CIRCLE ( 'NONE', #8672, 0.09999999999999911737 ) ;
#5192 = CARTESIAN_POINT ( 'NONE',  ( 5.150000000000001243, 0.8550000000000007594, 0.0000000000000000000 ) ) ;
#5193 = DIRECTION ( 'NONE',  ( -0.0000000000000000000, -1.000000000000000000, -0.0000000000000000000 ) ) ;
#5194 = ORIENTED_EDGE ( 'NONE', *, *, #5654, .F. ) ;
#5195 = DIRECTION ( 'NONE',  ( 0.0000000000000000000, -0.0000000000000000000, -1.000000000000000000 ) ) ;
#5196 = EDGE_LOOP ( 'NONE', ( #351, #2171, #7244, #5240 ) ) ;
#5197 = CARTESIAN_POINT ( 'NONE',  ( 4.494557450338589888, -1.684999999999999831, 0.1999999999999988454 ) ) ;
#5198 = PRESENTATION_LAYER_ASSIGNMENT (  '', '', ( #563 ) ) ;
#5199 = EDGE_CURVE ( 'NONE', #2375, #4550, #2896, .T. ) ;
#5200 = AXIS2_PLACEMENT_3D ( 'NONE', #8861, #814, #2535 ) ;
#5201 = COLOUR_RGB ( '',0.7529411764705882248, 0.7529411764705882248, 0.7529411764705882248 ) ;
#5202 = PRESENTATION_STYLE_ASSIGNMENT (( #9148 ) ) ;
#5203 = LINE ( 'NONE', #2209, #150 ) ;
#5204 = ORIENTED_EDGE ( 'NONE', *, *, #1208, .T. ) ;
#5205 = SURFACE_STYLE_FILL_AREA ( #2055 ) ;
#5206 = AXIS2_PLACEMENT_3D ( 'NONE', #2919, #5395, #6072 ) ;
#5207 = CARTESIAN_POINT ( 'NONE',  ( 4.494557450338590776, -4.224999999999999645, 0.2999999999999988787 ) ) ;
#5208 = CARTESIAN_POINT ( 'NONE',  ( -3.864512696824129456, 2.125000000000000444, 1.732440418475947430 ) ) ;
#5209 = SURFACE_SIDE_STYLE ('',( #7653 ) ) ;
#5210 = DIRECTION ( 'NONE',  ( -0.0000000000000000000, -1.000000000000000000, -0.0000000000000000000 ) ) ;
#5211 = MECHANICAL_DESIGN_GEOMETRIC_PRESENTATION_REPRESENTATION (  '', ( #1238 ), #7677 ) ;
#5212 = EDGE_CURVE ( 'NONE', #6761, #1625, #6263, .T. ) ;
#5213 = EDGE_CURVE ( 'NONE', #109, #4878, #545, .T. ) ;
#5214 = FILL_AREA_STYLE_COLOUR ( '', #7948 ) ;
#5215 = CARTESIAN_POINT ( 'NONE',  ( 4.494557450338589888, 2.125000000000000444, 0.1999999999999988454 ) ) ;
#5216 = AXIS2_PLACEMENT_3D ( 'NONE', #9286, #4663, #4608 ) ;
#5217 = CARTESIAN_POINT ( 'NONE',  ( -3.864512696824129012, 0.8550000000000007594, 1.732440418475947430 ) ) ;
#5218 = VECTOR ( 'NONE', #3467, 1000.000000000000000 ) ;
#5219 = DIRECTION ( 'NONE',  ( 0.0000000000000000000, 0.0000000000000000000, 1.000000000000000000 ) ) ;
#5220 = MECHANICAL_DESIGN_GEOMETRIC_PRESENTATION_REPRESENTATION (  '', ( #5723 ), #3396 ) ;
#5221 = ORIENTED_EDGE ( 'NONE', *, *, #7246, .F. ) ;
#5222 = ORIENTED_EDGE ( 'NONE', *, *, #514, .T. ) ;
#5223 = FACE_OUTER_BOUND ( 'NONE', #2756, .T. ) ;
#5224 = CARTESIAN_POINT ( 'NONE',  ( 4.494557450338590776, -4.665000000000000036, 0.2999999999999988787 ) ) ;
#5225 = CARTESIAN_POINT ( 'NONE',  ( -4.184149331665848237, -0.4149999999999995914, 1.484534871776029163 ) ) ;
#5226 = LINE ( 'NONE', #3690, #9632 ) ;
#5227 = ORIENTED_EDGE ( 'NONE', *, *, #320, .F. ) ;
#5228 = EDGE_CURVE ( 'NONE', #7902, #7510, #5270, .T. ) ;
#5229 = CARTESIAN_POINT ( 'NONE',  ( -5.149999999999999467, 1.685000000000000275, 0.0000000000000000000 ) ) ;
#5230 = DIRECTION ( 'NONE',  ( -1.000000000000000000, -0.0000000000000000000, 8.270764333545149118E-16 ) ) ;
#5231 =( GEOMETRIC_REPRESENTATION_CONTEXT ( 3 ) GLOBAL_UNCERTAINTY_ASSIGNED_CONTEXT ( ( #944 ) ) GLOBAL_UNIT_ASSIGNED_CONTEXT ( ( #5567, #4743, #9553 ) ) REPRESENTATION_CONTEXT ( 'NONE', 'WORKASPACE' ) );
#5232 = FILL_AREA_STYLE_COLOUR ( '', #7385 ) ;
#5233 = SURFACE_STYLE_FILL_AREA ( #2085 ) ;
#5234 = CARTESIAN_POINT ( 'NONE',  ( -4.199115124434926294, -0.4149999999999995914, 0.2479055466999170732 ) ) ;
#5235 = STYLED_ITEM ( 'NONE', ( #4598 ), #4170 ) ;
#5236 =( NAMED_UNIT ( * ) PLANE_ANGLE_UNIT ( ) SI_UNIT ( $, .RADIAN. ) );
#5237 = VERTEX_POINT ( 'NONE', #7963 ) ;
#5238 = STYLED_ITEM ( 'NONE', ( #9963 ), #128 ) ;
#5239 = DIRECTION ( 'NONE',  ( 1.752245935330108428E-16, -1.000000000000000000, 0.0000000000000000000 ) ) ;
#5240 = ORIENTED_EDGE ( 'NONE', *, *, #5332, .T. ) ;
#5241 = ORIENTED_EDGE ( 'NONE', *, *, #7441, .F. ) ;
#5242 = CIRCLE ( 'NONE', #6567, 0.09999999999999911737 ) ;
#5243 = PRESENTATION_STYLE_ASSIGNMENT (( #8509 ) ) ;
#5244 = ORIENTED_EDGE ( 'NONE', *, *, #8184, .F. ) ;
#5245 = SURFACE_STYLE_FILL_AREA ( #2973 ) ;
#5246 = PLANE ( 'NONE',  #9083 ) ;
#5247 = VECTOR ( 'NONE', #3788, 1000.000000000000114 ) ;
#5248 = CARTESIAN_POINT ( 'NONE',  ( -3.990737311234599183, 2.955000000000000071, 1.429674850314565093 ) ) ;
#5249 = MECHANICAL_DESIGN_GEOMETRIC_PRESENTATION_REPRESENTATION (  '', ( #1106 ), #2441 ) ;
#5250 = DIRECTION ( 'NONE',  ( -0.0000000000000000000, -1.000000000000000000, 0.0000000000000000000 ) ) ;
#5251 = CARTESIAN_POINT ( 'NONE',  ( -5.149999999999999467, -1.684999999999999831, 0.2000000000000016764 ) ) ;
#5252 = VECTOR ( 'NONE', #4080, 1000.000000000000000 ) ;
#5253 = ORIENTED_EDGE ( 'NONE', *, *, #1038, .T. ) ;
#5254 = SURFACE_STYLE_USAGE ( .BOTH. , #9250 ) ;
#5255 = PRESENTATION_LAYER_ASSIGNMENT (  '', '', ( #9720 ) ) ;
#5256 = FACE_OUTER_BOUND ( 'NONE', #6793, .T. ) ;
#5257 = DIRECTION ( 'NONE',  ( 0.0000000000000000000, 0.0000000000000000000, -1.000000000000000000 ) ) ;
#5258 = CARTESIAN_POINT ( 'NONE',  ( 3.990737311234600959, -3.394999999999999574, 1.429674850314564205 ) ) ;
#5259 = DIRECTION ( 'NONE',  ( -1.000000000000000000, 0.0000000000000000000, -4.342151275111226558E-15 ) ) ;
#5260 = ADVANCED_FACE ( 'NONE', ( #4118 ), #7285, .F. ) ;
#5261 =( NAMED_UNIT ( * ) SI_UNIT ( $, .STERADIAN. ) SOLID_ANGLE_UNIT ( ) );
#5262 = CARTESIAN_POINT ( 'NONE',  ( 4.494557450338589000, 4.665000000000000924, 0.1999999999999988454 ) ) ;
#5263 = PRESENTATION_LAYER_ASSIGNMENT (  '', '', ( #10237 ) ) ;
#5264 = UNCERTAINTY_MEASURE_WITH_UNIT (LENGTH_MEASURE( 1.000000000000000082E-05 ), #9708, 'distance_accuracy_value', 'NONE');
#5265 =( NAMED_UNIT ( * ) SI_UNIT ( $, .STERADIAN. ) SOLID_ANGLE_UNIT ( ) );
#5266 = DIRECTION ( 'NONE',  ( 0.0000000000000000000, 0.0000000000000000000, 1.000000000000000000 ) ) ;
#5267 = UNCERTAINTY_MEASURE_WITH_UNIT (LENGTH_MEASURE( 1.000000000000000082E-05 ), #2825, 'distance_accuracy_value', 'NONE');
#5268 = EDGE_CURVE ( 'NONE', #2917, #7305, #4907, .T. ) ;
#5269 = CARTESIAN_POINT ( 'NONE',  ( -3.800269556891264333, -4.665000000000000036, 1.732440418475947208 ) ) ;
#5270 = LINE ( 'NONE', #3269, #4447 ) ;
#5271 = ADVANCED_FACE ( 'NONE', ( #29 ), #123, .F. ) ;
#5272 = ORIENTED_EDGE ( 'NONE', *, *, #7458, .F. ) ;
#5273 = EDGE_LOOP ( 'NONE', ( #9530, #3493, #7644, #8064, #4253, #8137, #8247, #5914, #1140, #10249, #4335, #6381 ) ) ;
#5274 = DIRECTION ( 'NONE',  ( -0.0000000000000000000, -1.000000000000000000, -0.0000000000000000000 ) ) ;
#5275 = SURFACE_STYLE_USAGE ( .BOTH. , #9270 ) ;
#5276 = VECTOR ( 'NONE', #2184, 1000.000000000000000 ) ;
#5277 = EDGE_CURVE ( 'NONE', #6316, #417, #8850, .T. ) ;
#5278 = ORIENTED_EDGE ( 'NONE', *, *, #9767, .T. ) ;
#5279 = DIRECTION ( 'NONE',  ( -1.000000000000000000, 0.0000000000000000000, 0.0000000000000000000 ) ) ;
#5280 = FACE_OUTER_BOUND ( 'NONE', #7943, .T. ) ;
#5281 = COLOUR_RGB ( '',0.7529411764705882248, 0.7529411764705882248, 0.7529411764705882248 ) ;
#5282 = DIRECTION ( 'NONE',  ( 0.0000000000000000000, 0.0000000000000000000, -1.000000000000000000 ) ) ;
#5283 = ADVANCED_FACE ( 'NONE', ( #1954 ), #1165, .F. ) ;
#5284 = ORIENTED_EDGE ( 'NONE', *, *, #5268, .T. ) ;
#5285 = ORIENTED_EDGE ( 'NONE', *, *, #8352, .F. ) ;
#5286 = FILL_AREA_STYLE ('',( #3133 ) ) ;
#5287 = ORIENTED_EDGE ( 'NONE', *, *, #5729, .T. ) ;
#5288 = UNCERTAINTY_MEASURE_WITH_UNIT (LENGTH_MEASURE( 1.000000000000000082E-05 ), #9245, 'distance_accuracy_value', 'NONE');
#5289 = ORIENTED_EDGE ( 'NONE', *, *, #2307, .F. ) ;
#5290 = UNCERTAINTY_MEASURE_WITH_UNIT (LENGTH_MEASURE( 1.000000000000000082E-05 ), #5598, 'distance_accuracy_value', 'NONE');
#5291 = AXIS2_PLACEMENT_3D ( 'NONE', #6356, #9458, #4016 ) ;
#5292 = VECTOR ( 'NONE', #2137, 1000.000000000000000 ) ;
#5293 = PLANE ( 'NONE',  #8343 ) ;
#5294 = FILL_AREA_STYLE_COLOUR ( '', #7419 ) ;
#5295 = ORIENTED_EDGE ( 'NONE', *, *, #4889, .T. ) ;
#5296 = UNCERTAINTY_MEASURE_WITH_UNIT (LENGTH_MEASURE( 1.000000000000000082E-05 ), #8405, 'distance_accuracy_value', 'NONE');
#5297 = LINE ( 'NONE', #3714, #3908 ) ;
#5298 = FILL_AREA_STYLE ('',( #4306 ) ) ;
#5299 =( GEOMETRIC_REPRESENTATION_CONTEXT ( 3 ) GLOBAL_UNCERTAINTY_ASSIGNED_CONTEXT ( ( #3359 ) ) GLOBAL_UNIT_ASSIGNED_CONTEXT ( ( #2309, #4677, #5613 ) ) REPRESENTATION_CONTEXT ( 'NONE', 'WORKASPACE' ) );
#5300 = COLOUR_RGB ( '',0.7529411764705882248, 0.7529411764705882248, 0.7529411764705882248 ) ;
#5301 = CARTESIAN_POINT ( 'NONE',  ( -4.184149331665848237, -3.394999999999999574, 1.484534871776029386 ) ) ;
#5302 = DIRECTION ( 'NONE',  ( 0.0000000000000000000, -0.0000000000000000000, -1.000000000000000000 ) ) ;
#5303 = PRESENTATION_STYLE_ASSIGNMENT (( #3771 ) ) ;
#5304 =( NAMED_UNIT ( * ) SI_UNIT ( $, .STERADIAN. ) SOLID_ANGLE_UNIT ( ) );
#5305 = UNCERTAINTY_MEASURE_WITH_UNIT (LENGTH_MEASURE( 1.000000000000000082E-05 ), #6763, 'distance_accuracy_value', 'NONE');
#5306 = LINE ( 'NONE', #6083, #7172 ) ;
#5307 = CARTESIAN_POINT ( 'NONE',  ( -5.149999999999999467, -0.4149999999999995914, 0.2000000000000016764 ) ) ;
#5308 = CIRCLE ( 'NONE', #4976, 0.1243605512616186154 ) ;
#5309 = VECTOR ( 'NONE', #6755, 1000.000000000000000 ) ;
#5310 = CYLINDRICAL_SURFACE ( 'NONE', #6040, 0.09999999999999911737 ) ;
#5311 = FILL_AREA_STYLE_COLOUR ( '', #5390 ) ;
#5312 = CYLINDRICAL_SURFACE ( 'NONE', #741, 0.2999999999999983791 ) ;
#5313 = DIRECTION ( 'NONE',  ( 1.000000000000000000, 0.0000000000000000000, 4.342151275111226558E-15 ) ) ;
#5314 = SURFACE_STYLE_FILL_AREA ( #9971 ) ;
#5315 = VECTOR ( 'NONE', #6146, 1000.000000000000000 ) ;
#5316 =( NAMED_UNIT ( * ) PLANE_ANGLE_UNIT ( ) SI_UNIT ( $, .RADIAN. ) );
#5317 = SURFACE_STYLE_FILL_AREA ( #9976 ) ;
#5318 =( NAMED_UNIT ( * ) SI_UNIT ( $, .STERADIAN. ) SOLID_ANGLE_UNIT ( ) );
#5319 = EDGE_LOOP ( 'NONE', ( #7568, #441, #41, #5565 ) ) ;
#5320 = VERTEX_POINT ( 'NONE', #8117 ) ;
#5321 = EDGE_LOOP ( 'NONE', ( #2702, #7228, #8238, #2186 ) ) ;
#5322 = CARTESIAN_POINT ( 'NONE',  ( -4.494557450338588112, 0.8550000000000007594, 0.2999999999999999334 ) ) ;
#5323 = AXIS2_PLACEMENT_3D ( 'NONE', #498, #3836, #2127 ) ;
#5324 = CARTESIAN_POINT ( 'NONE',  ( 5.150000000000001243, -2.125000000000000000, 0.0000000000000000000 ) ) ;
#5325 = DIRECTION ( 'NONE',  ( -0.2588190451025213501, 0.0000000000000000000, -0.9659258262890680902 ) ) ;
#5326 = ORIENTED_EDGE ( 'NONE', *, *, #272, .F. ) ;
#5327 =( NAMED_UNIT ( * ) SI_UNIT ( $, .STERADIAN. ) SOLID_ANGLE_UNIT ( ) );
#5328 = PRESENTATION_LAYER_ASSIGNMENT (  '', '', ( #4998 ) ) ;
#5329 = FILL_AREA_STYLE_COLOUR ( '', #6310 ) ;
#5330 = VECTOR ( 'NONE', #9590, 1000.000000000000000 ) ;
#5331 =( NAMED_UNIT ( * ) PLANE_ANGLE_UNIT ( ) SI_UNIT ( $, .RADIAN. ) );
#5332 = EDGE_CURVE ( 'NONE', #5156, #889, #7551, .T. ) ;
#5333 = SURFACE_SIDE_STYLE ('',( #6118 ) ) ;
#5334 = EDGE_CURVE ( 'NONE', #5237, #2031, #6762, .T. ) ;
#5335 = DIRECTION ( 'NONE',  ( -1.000000000000000000, 0.0000000000000000000, -2.563936943398996305E-15 ) ) ;
#5336 = COLOUR_RGB ( '',0.7529411764705882248, 0.7529411764705882248, 0.7529411764705882248 ) ;
#5337 = LINE ( 'NONE', #2240, #4702 ) ;
#5338 = ORIENTED_EDGE ( 'NONE', *, *, #670, .T. ) ;
#5339 = COLOUR_RGB ( '',0.7529411764705882248, 0.7529411764705882248, 0.7529411764705882248 ) ;
#5340 = DIRECTION ( 'NONE',  ( 0.0000000000000000000, 1.000000000000000000, 0.0000000000000000000 ) ) ;
#5341 = ORIENTED_EDGE ( 'NONE', *, *, #8812, .F. ) ;
#5342 = ADVANCED_FACE ( 'NONE', ( #2669 ), #4317, .T. ) ;
#5343 = AXIS2_PLACEMENT_3D ( 'NONE', #10195, #3110, #4117 ) ;
#5344 = EDGE_CURVE ( 'NONE', #2022, #6575, #2978, .T. ) ;
#5345 = EDGE_LOOP ( 'NONE', ( #2098, #2193, #9077, #4556 ) ) ;
#5346 = VECTOR ( 'NONE', #384, 1000.000000000000000 ) ;
#5347 = SURFACE_STYLE_FILL_AREA ( #2862 ) ;
#5348 = ORIENTED_EDGE ( 'NONE', *, *, #8258, .F. ) ;
#5349 = DIRECTION ( 'NONE',  ( 0.0000000000000000000, 1.000000000000000000, 0.0000000000000000000 ) ) ;
#5350 = CARTESIAN_POINT ( 'NONE',  ( 3.750000000000000444, -4.949999999999999289, 1.600000000000000089 ) ) ;
#5351 = ORIENTED_EDGE ( 'NONE', *, *, #6938, .F. ) ;
#5352 = VERTEX_POINT ( 'NONE', #5155 ) ;
#5353 =( GEOMETRIC_REPRESENTATION_CONTEXT ( 3 ) GLOBAL_UNCERTAINTY_ASSIGNED_CONTEXT ( ( #1013 ) ) GLOBAL_UNIT_ASSIGNED_CONTEXT ( ( #3751, #2178, #217 ) ) REPRESENTATION_CONTEXT ( 'NONE', 'WORKASPACE' ) );
#5354 = EDGE_CURVE ( 'NONE', #8965, #4610, #6123, .T. ) ;
#5355 = CARTESIAN_POINT ( 'NONE',  ( -3.899999999999999467, 1.685000000000000275, 1.600000000000000089 ) ) ;
#5356 = AXIS2_PLACEMENT_3D ( 'NONE', #6359, #3264, #9508 ) ;
#5357 = PRESENTATION_LAYER_ASSIGNMENT (  '', '', ( #8503 ) ) ;
#5358 = PLANE ( 'NONE',  #9593 ) ;
#5359 = STYLED_ITEM ( 'NONE', ( #4388 ), #8703 ) ;
#5360 = ORIENTED_EDGE ( 'NONE', *, *, #9261, .F. ) ;
#5361 = CARTESIAN_POINT ( 'NONE',  ( 4.494557450338589888, -1.684999999999999831, 0.1999999999999988454 ) ) ;
#5362 = CARTESIAN_POINT ( 'NONE',  ( 4.494557450338586335, 2.125000000000000444, -1.084202172485504434E-15 ) ) ;
#5363 = CARTESIAN_POINT ( 'NONE',  ( 3.990737311234600071, -1.684999999999999831, 1.429674850314564205 ) ) ;
#5364 =( GEOMETRIC_REPRESENTATION_CONTEXT ( 3 ) GLOBAL_UNCERTAINTY_ASSIGNED_CONTEXT ( ( #9635 ) ) GLOBAL_UNIT_ASSIGNED_CONTEXT ( ( #8329, #6560, #8754 ) ) REPRESENTATION_CONTEXT ( 'NONE', 'WORKASPACE' ) );
#5365 = CARTESIAN_POINT ( 'NONE',  ( 5.150000000000001243, 0.8550000000000007594, 0.2000000000000016764 ) ) ;
#5366 = AXIS2_PLACEMENT_3D ( 'NONE', #1823, #8197, #4236 ) ;
#5367 = AXIS2_PLACEMENT_3D ( 'NONE', #5322, #8644, #8486 ) ;
#5368 = UNCERTAINTY_MEASURE_WITH_UNIT (LENGTH_MEASURE( 1.000000000000000082E-05 ), #8736, 'distance_accuracy_value', 'NONE');
#5369 = CARTESIAN_POINT ( 'NONE',  ( 3.864512696824131233, -0.4149999999999995914, 1.732440418475946542 ) ) ;
#5370 = PRESENTATION_LAYER_ASSIGNMENT (  '', '', ( #9181 ) ) ;
#5371 =( LENGTH_UNIT ( ) NAMED_UNIT ( * ) SI_UNIT ( .MILLI., .METRE. ) );
#5372 = DIRECTION ( 'NONE',  ( -0.0000000000000000000, -1.000000000000000000, -0.0000000000000000000 ) ) ;
#5373 = VERTEX_POINT ( 'NONE', #6905 ) ;
#5374 = ORIENTED_EDGE ( 'NONE', *, *, #2191, .T. ) ;
#5375 = DIRECTION ( 'NONE',  ( -0.1736481776669387411, -0.0000000000000000000, 0.9848077530122064660 ) ) ;
#5376 = VECTOR ( 'NONE', #1608, 1000.000000000000000 ) ;
#5377 = VERTEX_POINT ( 'NONE', #1267 ) ;
#5378 = CARTESIAN_POINT ( 'NONE',  ( -4.199115124434925406, -4.224999999999999645, 0.2479055466999170732 ) ) ;
#5379 = SURFACE_STYLE_FILL_AREA ( #2226 ) ;
#5380 = LINE ( 'NONE', #6981, #178 ) ;
#5381 = ORIENTED_EDGE ( 'NONE', *, *, #5970, .T. ) ;
#5382 = VECTOR ( 'NONE', #10148, 1000.000000000000000 ) ;
#5383 = CARTESIAN_POINT ( 'NONE',  ( -4.494557450338589000, 4.665000000000000924, 0.2000000000000008993 ) ) ;
#5384 = FACE_OUTER_BOUND ( 'NONE', #299, .T. ) ;
#5385 = PRESENTATION_LAYER_ASSIGNMENT (  '', '', ( #6696 ) ) ;
#5386 = SURFACE_SIDE_STYLE ('',( #2284 ) ) ;
#5387 = FILL_AREA_STYLE_COLOUR ( '', #881 ) ;
#5388 = ORIENTED_EDGE ( 'NONE', *, *, #5134, .F. ) ;
#5389 = CARTESIAN_POINT ( 'NONE',  ( 3.864512696824131233, -3.394999999999998685, 1.732440418475946320 ) ) ;
#5390 = COLOUR_RGB ( '',0.7529411764705882248, 0.7529411764705882248, 0.7529411764705882248 ) ;
#5391 = ORIENTED_EDGE ( 'NONE', *, *, #6806, .F. ) ;
#5392 = DIRECTION ( 'NONE',  ( 0.0000000000000000000, 0.0000000000000000000, -1.000000000000000000 ) ) ;
#5393 = EDGE_CURVE ( 'NONE', #5844, #2920, #4418, .T. ) ;
#5394 = EDGE_LOOP ( 'NONE', ( #2915, #1138, #6399, #9748 ) ) ;
#5395 = DIRECTION ( 'NONE',  ( 1.000000000000000000, 0.0000000000000000000, 0.0000000000000000000 ) ) ;
#5396 =( GEOMETRIC_REPRESENTATION_CONTEXT ( 3 ) GLOBAL_UNCERTAINTY_ASSIGNED_CONTEXT ( ( #2160 ) ) GLOBAL_UNIT_ASSIGNED_CONTEXT ( ( #6223, #7730, #7048 ) ) REPRESENTATION_CONTEXT ( 'NONE', 'WORKASPACE' ) );
#5397 = CARTESIAN_POINT ( 'NONE',  ( -3.899999999999999911, 4.225000000000000533, 1.600000000000000089 ) ) ;
#5398 = ADVANCED_FACE ( 'NONE', ( #2053 ), #7802, .T. ) ;
#5399 = EDGE_CURVE ( 'NONE', #5879, #2672, #6084, .T. ) ;
#5400 = PRESENTATION_LAYER_ASSIGNMENT (  '', '', ( #8240 ) ) ;
#5401 = VERTEX_POINT ( 'NONE', #2151 ) ;
#5402 = CARTESIAN_POINT ( 'NONE',  ( -4.184149331665848237, -2.125000000000000000, 1.484534871776029163 ) ) ;
#5403 = UNCERTAINTY_MEASURE_WITH_UNIT (LENGTH_MEASURE( 1.000000000000000082E-05 ), #8257, 'distance_accuracy_value', 'NONE');
#5404 = ORIENTED_EDGE ( 'NONE', *, *, #4580, .F. ) ;
#5405 = EDGE_CURVE ( 'NONE', #4057, #457, #9248, .T. ) ;
#5406 = ORIENTED_EDGE ( 'NONE', *, *, #6972, .F. ) ;
#5407 = CARTESIAN_POINT ( 'NONE',  ( 3.900000000000001243, -3.394999999999999574, 1.600000000000000089 ) ) ;
#5408 =( GEOMETRIC_REPRESENTATION_CONTEXT ( 3 ) GLOBAL_UNCERTAINTY_ASSIGNED_CONTEXT ( ( #1584 ) ) GLOBAL_UNIT_ASSIGNED_CONTEXT ( ( #4421, #534, #6141 ) ) REPRESENTATION_CONTEXT ( 'NONE', 'WORKASPACE' ) );
#5409 = DIRECTION ( 'NONE',  ( 0.0000000000000000000, 0.0000000000000000000, 1.000000000000000000 ) ) ;
#5410 = DIRECTION ( 'NONE',  ( -0.1736481776669387411, 0.0000000000000000000, -0.9848077530122064660 ) ) ;
#5411 = CARTESIAN_POINT ( 'NONE',  ( 3.864512696824131233, -2.670000000000000373, 1.732440418475946542 ) ) ;
#5412 = EDGE_CURVE ( 'NONE', #4610, #7641, #10072, .T. ) ;
#5413 = FACE_OUTER_BOUND ( 'NONE', #3089, .T. ) ;
#5414 = CARTESIAN_POINT ( 'NONE',  ( -4.494557450338587223, -2.954999999999999183, 0.2000000000000008993 ) ) ;
#5415 = VECTOR ( 'NONE', #9045, 1000.000000000000000 ) ;
#5416 = VECTOR ( 'NONE', #2014, 1000.000000000000227 ) ;
#5417 = SURFACE_SIDE_STYLE ('',( #2059 ) ) ;
#5418 = PRESENTATION_STYLE_ASSIGNMENT (( #2268 ) ) ;
#5419 = DIRECTION ( 'NONE',  ( -0.0000000000000000000, -1.000000000000000000, -0.0000000000000000000 ) ) ;
#5420 =( GEOMETRIC_REPRESENTATION_CONTEXT ( 3 ) GLOBAL_UNCERTAINTY_ASSIGNED_CONTEXT ( ( #2781 ) ) GLOBAL_UNIT_ASSIGNED_CONTEXT ( ( #9672, #5898, #9063 ) ) REPRESENTATION_CONTEXT ( 'NONE', 'WORKASPACE' ) );
#5421 = DIRECTION ( 'NONE',  ( 0.0000000000000000000, 0.0000000000000000000, 1.000000000000000000 ) ) ;
#5422 = VERTEX_POINT ( 'NONE', #5307 ) ;
#5423 = DIRECTION ( 'NONE',  ( 0.0000000000000000000, 1.000000000000000000, 0.0000000000000000000 ) ) ;
#5424 = ORIENTED_EDGE ( 'NONE', *, *, #1351, .F. ) ;
#5425 = PRESENTATION_STYLE_ASSIGNMENT (( #8594 ) ) ;
#5426 = LINE ( 'NONE', #809, #4829 ) ;
#5427 = ORIENTED_EDGE ( 'NONE', *, *, #3503, .T. ) ;
#5428 = COLOUR_RGB ( '',0.7529411764705882248, 0.7529411764705882248, 0.7529411764705882248 ) ;
#5429 = COLOUR_RGB ( '',0.7529411764705882248, 0.7529411764705882248, 0.7529411764705882248 ) ;
#5430 = DIRECTION ( 'NONE',  ( 0.1736481776669392962, 0.0000000000000000000, -0.9848077530122064660 ) ) ;
#5431 =( NAMED_UNIT ( * ) PLANE_ANGLE_UNIT ( ) SI_UNIT ( $, .RADIAN. ) );
#5432 = SURFACE_STYLE_FILL_AREA ( #3942 ) ;
#5433 = DIRECTION ( 'NONE',  ( -0.0000000000000000000, -1.000000000000000000, -0.0000000000000000000 ) ) ;
#5434 = FILL_AREA_STYLE ('',( #5387 ) ) ;
#5435 = ORIENTED_EDGE ( 'NONE', *, *, #4019, .T. ) ;
#5436 = AXIS2_PLACEMENT_3D ( 'NONE', #8652, #7053, #5484 ) ;
#5437 = ORIENTED_EDGE ( 'NONE', *, *, #5042, .F. ) ;
#5438 = CARTESIAN_POINT ( 'NONE',  ( 3.888707005762189972, 2.125000000000000444, 1.432440418475947386 ) ) ;
#5439 = VERTEX_POINT ( 'NONE', #9150 ) ;
#5440 = VECTOR ( 'NONE', #6003, 1000.000000000000000 ) ;
#5441 = EDGE_CURVE ( 'NONE', #2375, #8786, #4623, .T. ) ;
#5442 = DIRECTION ( 'NONE',  ( -0.0000000000000000000, -1.000000000000000000, -0.0000000000000000000 ) ) ;
#5443 = EDGE_LOOP ( 'NONE', ( #1491, #4025, #8540, #9017 ) ) ;
#5444 = DIRECTION ( 'NONE',  ( 0.0000000000000000000, 0.0000000000000000000, -1.000000000000000000 ) ) ;
#5445 = AXIS2_PLACEMENT_3D ( 'NONE', #5827, #4214, #3619 ) ;
#5446 = CYLINDRICAL_SURFACE ( 'NONE', #9499, 0.1243605512616186154 ) ;
#5447 = VERTEX_POINT ( 'NONE', #9203 ) ;
#5448 = FILL_AREA_STYLE_COLOUR ( '', #8160 ) ;
#5449 = ORIENTED_EDGE ( 'NONE', *, *, #3834, .F. ) ;
#5450 = LINE ( 'NONE', #10230, #7287 ) ;
#5451 = EDGE_CURVE ( 'NONE', #7902, #3556, #5203, .T. ) ;
#5452 = EDGE_CURVE ( 'NONE', #1944, #6580, #4574, .T. ) ;
#5453 = MECHANICAL_DESIGN_GEOMETRIC_PRESENTATION_REPRESENTATION (  '', ( #6937 ), #4793 ) ;
#5454 = FACE_OUTER_BOUND ( 'NONE', #9125, .T. ) ;
#5455 = ORIENTED_EDGE ( 'NONE', *, *, #7896, .T. ) ;
#5456 = FILL_AREA_STYLE ('',( #6193 ) ) ;
#5457 = EDGE_CURVE ( 'NONE', #1308, #3231, #2878, .T. ) ;
#5458 = PRESENTATION_STYLE_ASSIGNMENT (( #4680 ) ) ;
#5459 = LINE ( 'NONE', #5667, #7785 ) ;
#5460 = SURFACE_STYLE_FILL_AREA ( #2314 ) ;
#5461 =( NAMED_UNIT ( * ) PLANE_ANGLE_UNIT ( ) SI_UNIT ( $, .RADIAN. ) );
#5462 = CARTESIAN_POINT ( 'NONE',  ( -3.888707005762187752, -4.224999999999999645, 1.432440418475948274 ) ) ;
#5463 = CARTESIAN_POINT ( 'NONE',  ( 3.900000000000000799, 0.8550000000000007594, 1.600000000000000089 ) ) ;
#5464 = CIRCLE ( 'NONE', #8119, 0.1243605512616186154 ) ;
#5465 = STYLED_ITEM ( 'NONE', ( #1818 ), #5841 ) ;
#5466 = LINE ( 'NONE', #8635, #5330 ) ;
#5467 = EDGE_CURVE ( 'NONE', #7673, #3749, #1370, .T. ) ;
#5468 = EDGE_CURVE ( 'NONE', #5092, #7775, #1684, .T. ) ;
#5469 = SURFACE_STYLE_FILL_AREA ( #4444 ) ;
#5470 = CARTESIAN_POINT ( 'NONE',  ( 3.899999999999999911, 4.949999999999999289, 1.600000000000000089 ) ) ;
#5471 = PRESENTATION_STYLE_ASSIGNMENT (( #7915 ) ) ;
#5472 = STYLED_ITEM ( 'NONE', ( #3277 ), #6172 ) ;
#5473 = CARTESIAN_POINT ( 'NONE',  ( -4.494557450338588112, -1.684999999999999831, 0.2000000000000008993 ) ) ;
#5474 = ORIENTED_EDGE ( 'NONE', *, *, #4446, .F. ) ;
#5475 = ORIENTED_EDGE ( 'NONE', *, *, #7327, .F. ) ;
#5476 = CARTESIAN_POINT ( 'NONE',  ( -3.888707005762188196, -2.954999999999999183, 1.432440418475948274 ) ) ;
#5477 = EDGE_LOOP ( 'NONE', ( #5284, #936, #10073, #10003 ) ) ;
#5478 = DIRECTION ( 'NONE',  ( 0.0000000000000000000, 0.0000000000000000000, -1.000000000000000000 ) ) ;
#5479 = CARTESIAN_POINT ( 'NONE',  ( -5.150000000000000355, 4.665000000000000924, 0.2000000000000016764 ) ) ;
#5480 = AXIS2_PLACEMENT_3D ( 'NONE', #5215, #9719, #8958 ) ;
#5481 = COLOUR_RGB ( '',0.7529411764705882248, 0.7529411764705882248, 0.7529411764705882248 ) ;
#5482 = PRESENTATION_STYLE_ASSIGNMENT (( #10091 ) ) ;
#5483 = DIRECTION ( 'NONE',  ( 0.0000000000000000000, 0.0000000000000000000, -1.000000000000000000 ) ) ;
#5484 = DIRECTION ( 'NONE',  ( 0.0000000000000000000, 0.0000000000000000000, 1.000000000000000000 ) ) ;
#5485 = COLOUR_RGB ( '',0.7529411764705882248, 0.7529411764705882248, 0.7529411764705882248 ) ;
#5486 = ORIENTED_EDGE ( 'NONE', *, *, #7623, .T. ) ;
#5487 = ORIENTED_EDGE ( 'NONE', *, *, #1484, .T. ) ;
#5488 = FILL_AREA_STYLE_COLOUR ( '', #7624 ) ;
#5489 = PRESENTATION_STYLE_ASSIGNMENT (( #8758 ) ) ;
#5490 = VERTEX_POINT ( 'NONE', #1633 ) ;
#5491 = VECTOR ( 'NONE', #5712, 1000.000000000000000 ) ;
#5492 = SURFACE_STYLE_FILL_AREA ( #2443 ) ;
#5493 = PRESENTATION_STYLE_ASSIGNMENT (( #7981 ) ) ;
#5494 = FILL_AREA_STYLE ('',( #626 ) ) ;
#5495 =( NAMED_UNIT ( * ) PLANE_ANGLE_UNIT ( ) SI_UNIT ( $, .RADIAN. ) );
#5496 = VECTOR ( 'NONE', #5160, 1000.000000000000000 ) ;
#5497 = EDGE_LOOP ( 'NONE', ( #1725, #3027, #2389, #7834 ) ) ;
#5498 = DIRECTION ( 'NONE',  ( 0.0000000000000000000, 0.0000000000000000000, 1.000000000000000000 ) ) ;
#5499 = UNCERTAINTY_MEASURE_WITH_UNIT (LENGTH_MEASURE( 1.000000000000000082E-05 ), #5508, 'distance_accuracy_value', 'NONE');
#5500 = SURFACE_STYLE_USAGE ( .BOTH. , #7987 ) ;
#5501 = ORIENTED_EDGE ( 'NONE', *, *, #836, .F. ) ;
#5502 = DIRECTION ( 'NONE',  ( 0.0000000000000000000, 1.000000000000000000, 0.0000000000000000000 ) ) ;
#5503 =( GEOMETRIC_REPRESENTATION_CONTEXT ( 3 ) GLOBAL_UNCERTAINTY_ASSIGNED_CONTEXT ( ( #6713 ) ) GLOBAL_UNIT_ASSIGNED_CONTEXT ( ( #786, #577, #5866 ) ) REPRESENTATION_CONTEXT ( 'NONE', 'WORKASPACE' ) );
#5504 = ORIENTED_EDGE ( 'NONE', *, *, #5451, .T. ) ;
#5505 = DIRECTION ( 'NONE',  ( -1.000000000000000000, 0.0000000000000000000, -2.563936943398996305E-15 ) ) ;
#5506 = CIRCLE ( 'NONE', #8497, 0.1660900368822722240 ) ;
#5507 = UNCERTAINTY_MEASURE_WITH_UNIT (LENGTH_MEASURE( 1.000000000000000082E-05 ), #7687, 'distance_accuracy_value', 'NONE');
#5508 =( LENGTH_UNIT ( ) NAMED_UNIT ( * ) SI_UNIT ( .MILLI., .METRE. ) );
#5509 = LINE ( 'NONE', #6350, #472 ) ;
#5510 = CARTESIAN_POINT ( 'NONE',  ( -4.494557450338587223, -4.665000000000000036, 0.3000000000000000444 ) ) ;
#5511 = FILL_AREA_STYLE ('',( #1585 ) ) ;
#5512 = FILL_AREA_STYLE ('',( #3869 ) ) ;
#5513 = DIRECTION ( 'NONE',  ( 0.2588190451025212946, 3.401359648251847407E-17, 0.9659258262890680902 ) ) ;
#5514 = VECTOR ( 'NONE', #5126, 1000.000000000000000 ) ;
#5515 = DIRECTION ( 'NONE',  ( -0.0000000000000000000, -1.000000000000000000, -0.0000000000000000000 ) ) ;
#5516 = EDGE_CURVE ( 'NONE', #3180, #9128, #6252, .T. ) ;
#5517 = MECHANICAL_DESIGN_GEOMETRIC_PRESENTATION_REPRESENTATION (  '', ( #4497 ), #2201 ) ;
#5518 = DIRECTION ( 'NONE',  ( 0.0000000000000000000, 1.000000000000000000, 0.0000000000000000000 ) ) ;
#5519 =( LENGTH_UNIT ( ) NAMED_UNIT ( * ) SI_UNIT ( .MILLI., .METRE. ) );
#5520 = CARTESIAN_POINT ( 'NONE',  ( 4.494557450338589000, 4.225000000000000533, 0.1999999999999988454 ) ) ;
#5521 = FILL_AREA_STYLE_COLOUR ( '', #5336 ) ;
#5522 =( NAMED_UNIT ( * ) SI_UNIT ( $, .STERADIAN. ) SOLID_ANGLE_UNIT ( ) );
#5523 = ORIENTED_EDGE ( 'NONE', *, *, #9636, .T. ) ;
#5524 = STYLED_ITEM ( 'NONE', ( #1516 ), #10217 ) ;
#5525 = VERTEX_POINT ( 'NONE', #10235 ) ;
#5526 =( GEOMETRIC_REPRESENTATION_CONTEXT ( 3 ) GLOBAL_UNCERTAINTY_ASSIGNED_CONTEXT ( ( #5604 ) ) GLOBAL_UNIT_ASSIGNED_CONTEXT ( ( #4449, #5236, #1348 ) ) REPRESENTATION_CONTEXT ( 'NONE', 'WORKASPACE' ) );
#5527 = DIRECTION ( 'NONE',  ( -0.0000000000000000000, -1.000000000000000000, -0.0000000000000000000 ) ) ;
#5528 = EDGE_CURVE ( 'NONE', #2250, #8724, #5564, .T. ) ;
#5529 = DIRECTION ( 'NONE',  ( -0.0000000000000000000, -1.000000000000000000, -0.0000000000000000000 ) ) ;
#5530 = CARTESIAN_POINT ( 'NONE',  ( -3.990737311234597406, -4.224999999999999645, 1.429674850314565093 ) ) ;
#5531 = EDGE_CURVE ( 'NONE', #515, #5644, #4123, .T. ) ;
#5532 = AXIS2_PLACEMENT_3D ( 'NONE', #455, #9736, #9789 ) ;
#5533 = SURFACE_STYLE_USAGE ( .BOTH. , #3118 ) ;
#5534 = VECTOR ( 'NONE', #2225, 1000.000000000000000 ) ;
#5535 = CARTESIAN_POINT ( 'NONE',  ( -3.990737311234597406, -4.224999999999999645, 1.429674850314565093 ) ) ;
#5536 = EDGE_CURVE ( 'NONE', #4719, #4830, #5459, .T. ) ;
#5537 = AXIS2_PLACEMENT_3D ( 'NONE', #8424, #637, #3815 ) ;
#5538 = FILL_AREA_STYLE_COLOUR ( '', #6054 ) ;
#5539 = DIRECTION ( 'NONE',  ( 0.0000000000000000000, 0.0000000000000000000, 1.000000000000000000 ) ) ;
#5540 = LINE ( 'NONE', #8033, #5003 ) ;
#5541 = LINE ( 'NONE', #4814, #963 ) ;
#5542 = COLOUR_RGB ( '',0.7529411764705882248, 0.7529411764705882248, 0.7529411764705882248 ) ;
#5543 = VERTEX_POINT ( 'NONE', #7019 ) ;
#5544 = FILL_AREA_STYLE ('',( #9427 ) ) ;
#5545 = MECHANICAL_DESIGN_GEOMETRIC_PRESENTATION_REPRESENTATION (  '', ( #7707 ), #5051 ) ;
#5546 = ORIENTED_EDGE ( 'NONE', *, *, #2062, .F. ) ;
#5547 = DIRECTION ( 'NONE',  ( 0.2588190451025213501, -0.0000000000000000000, 0.9659258262890680902 ) ) ;
#5548 = AXIS2_PLACEMENT_3D ( 'NONE', #10034, #4642, #6104 ) ;
#5549 = LINE ( 'NONE', #3136, #10177 ) ;
#5550 = CYLINDRICAL_SURFACE ( 'NONE', #1244, 0.2999999999999983791 ) ;
#5551 = VECTOR ( 'NONE', #8354, 1000.000000000000114 ) ;
#5552 = LINE ( 'NONE', #1669, #3383 ) ;
#5553 = PLANE ( 'NONE',  #1769 ) ;
#5554 = VECTOR ( 'NONE', #1417, 1000.000000000000000 ) ;
#5555 = EDGE_CURVE ( 'NONE', #4303, #6639, #3098, .T. ) ;
#5556 = ORIENTED_EDGE ( 'NONE', *, *, #8759, .T. ) ;
#5557 = DIRECTION ( 'NONE',  ( -0.0000000000000000000, -0.0000000000000000000, -1.000000000000000000 ) ) ;
#5558 = VERTEX_POINT ( 'NONE', #4681 ) ;
#5559 = VERTEX_POINT ( 'NONE', #9549 ) ;
#5560 = SURFACE_SIDE_STYLE ('',( #9294 ) ) ;
#5561 = STYLED_ITEM ( 'NONE', ( #7670 ), #4142 ) ;
#5562 = ORIENTED_EDGE ( 'NONE', *, *, #5722, .T. ) ;
#5563 = DIRECTION ( 'NONE',  ( -1.752245935330107442E-16, 1.000000000000000000, 4.296344759077295089E-31 ) ) ;
#5564 = LINE ( 'NONE', #10180, #5958 ) ;
#5565 = ORIENTED_EDGE ( 'NONE', *, *, #5978, .T. ) ;
#5566 = DIRECTION ( 'NONE',  ( -0.2588190451025213501, 0.0000000000000000000, -0.9659258262890680902 ) ) ;
#5567 =( LENGTH_UNIT ( ) NAMED_UNIT ( * ) SI_UNIT ( .MILLI., .METRE. ) );
#5568 = FILL_AREA_STYLE_COLOUR ( '', #6535 ) ;
#5569 = MECHANICAL_DESIGN_GEOMETRIC_PRESENTATION_REPRESENTATION (  '', ( #8227 ), #5408 ) ;
#5570 = SURFACE_STYLE_FILL_AREA ( #8067 ) ;
#5571 = PLANE ( 'NONE',  #1289 ) ;
#5572 = DIRECTION ( 'NONE',  ( -0.1736481776669387411, 0.0000000000000000000, -0.9848077530122064660 ) ) ;
#5573 = VERTEX_POINT ( 'NONE', #4788 ) ;
#5574 = ORIENTED_EDGE ( 'NONE', *, *, #2493, .T. ) ;
#5575 = AXIS2_PLACEMENT_3D ( 'NONE', #4507, #2196, #6737 ) ;
#5576 = EDGE_CURVE ( 'NONE', #4062, #8554, #5509, .T. ) ;
#5577 = ORIENTED_EDGE ( 'NONE', *, *, #9853, .F. ) ;
#5578 = CARTESIAN_POINT ( 'NONE',  ( 3.899999999999999911, 4.949999999999999289, 1.600000000000000089 ) ) ;
#5579 =( NAMED_UNIT ( * ) SI_UNIT ( $, .STERADIAN. ) SOLID_ANGLE_UNIT ( ) );
#5580 = DIRECTION ( 'NONE',  ( -0.0000000000000000000, -1.000000000000000000, -0.0000000000000000000 ) ) ;
#5581 = CARTESIAN_POINT ( 'NONE',  ( -3.888707005762188196, -2.954999999999999183, 1.732440418475947430 ) ) ;
#5582 = VECTOR ( 'NONE', #9586, 1000.000000000000227 ) ;
#5583 = DIRECTION ( 'NONE',  ( -0.2588190451025213501, 0.0000000000000000000, 0.9659258262890680902 ) ) ;
#5584 = VECTOR ( 'NONE', #4458, 1000.000000000000000 ) ;
#5585 = EDGE_CURVE ( 'NONE', #9898, #10040, #9587, .T. ) ;
#5586 = ADVANCED_FACE ( 'NONE', ( #8777 ), #7227, .F. ) ;
#5587 = CARTESIAN_POINT ( 'NONE',  ( 4.199115124434925406, 3.395000000000000462, 0.2479055466999157964 ) ) ;
#5588 =( LENGTH_UNIT ( ) NAMED_UNIT ( * ) SI_UNIT ( .MILLI., .METRE. ) );
#5589 = UNCERTAINTY_MEASURE_WITH_UNIT (LENGTH_MEASURE( 1.000000000000000082E-05 ), #6809, 'distance_accuracy_value', 'NONE');
#5590 = SURFACE_SIDE_STYLE ('',( #9529 ) ) ;
#5591 = FILL_AREA_STYLE_COLOUR ( '', #6110 ) ;
#5592 = VERTEX_POINT ( 'NONE', #6454 ) ;
#5593 = ADVANCED_FACE ( 'NONE', ( #2509 ), #6612, .T. ) ;
#5594 =( GEOMETRIC_REPRESENTATION_CONTEXT ( 3 ) GLOBAL_UNCERTAINTY_ASSIGNED_CONTEXT ( ( #9137 ) ) GLOBAL_UNIT_ASSIGNED_CONTEXT ( ( #227, #9715, #9616 ) ) REPRESENTATION_CONTEXT ( 'NONE', 'WORKASPACE' ) );
#5595 = AXIS2_PLACEMENT_3D ( 'NONE', #698, #3320, #9608 ) ;
#5596 = DIRECTION ( 'NONE',  ( -0.0000000000000000000, -1.000000000000000000, -0.0000000000000000000 ) ) ;
#5597 = VERTEX_POINT ( 'NONE', #7276 ) ;
#5598 =( LENGTH_UNIT ( ) NAMED_UNIT ( * ) SI_UNIT ( .MILLI., .METRE. ) );
#5599 = DIRECTION ( 'NONE',  ( 1.314184451497580520E-16, -1.000000000000000000, 3.222258569307970441E-31 ) ) ;
#5600 = ADVANCED_FACE ( 'NONE', ( #9747 ), #1151, .F. ) ;
#5601 =( GEOMETRIC_REPRESENTATION_CONTEXT ( 3 ) GLOBAL_UNCERTAINTY_ASSIGNED_CONTEXT ( ( #9552 ) ) GLOBAL_UNIT_ASSIGNED_CONTEXT ( ( #8731, #6352, #9505 ) ) REPRESENTATION_CONTEXT ( 'NONE', 'WORKASPACE' ) );
#5602 = SURFACE_STYLE_FILL_AREA ( #975 ) ;
#5603 = CARTESIAN_POINT ( 'NONE',  ( -3.390896534380865468, 4.949999999999999289, 3.500000000000000000 ) ) ;
#5604 = UNCERTAINTY_MEASURE_WITH_UNIT (LENGTH_MEASURE( 1.000000000000000082E-05 ), #4449, 'distance_accuracy_value', 'NONE');
#5605 =( NAMED_UNIT ( * ) SI_UNIT ( $, .STERADIAN. ) SOLID_ANGLE_UNIT ( ) );
#5606 = ORIENTED_EDGE ( 'NONE', *, *, #5452, .F. ) ;
#5607 = VECTOR ( 'NONE', #7828, 1000.000000000000000 ) ;
#5608 = CARTESIAN_POINT ( 'NONE',  ( -3.899999999999999911, 4.949999999999999289, 1.600000000000000089 ) ) ;
#5609 = PRESENTATION_STYLE_ASSIGNMENT (( #2456 ) ) ;
#5610 = EDGE_CURVE ( 'NONE', #3858, #7794, #2657, .T. ) ;
#5611 = VERTEX_POINT ( 'NONE', #1993 ) ;
#5612 = APPLICATION_CONTEXT ( 'automotive_design' ) ;
#5613 =( NAMED_UNIT ( * ) SI_UNIT ( $, .STERADIAN. ) SOLID_ANGLE_UNIT ( ) );
#5614 = PRESENTATION_LAYER_ASSIGNMENT (  '', '', ( #4276 ) ) ;
#5615 = DIRECTION ( 'NONE',  ( 0.0000000000000000000, 0.0000000000000000000, -1.000000000000000000 ) ) ;
#5616 = CARTESIAN_POINT ( 'NONE',  ( 5.150000000000000355, 3.395000000000000462, 0.2000000000000016764 ) ) ;
#5617 = ORIENTED_EDGE ( 'NONE', *, *, #8851, .F. ) ;
#5618 = SURFACE_STYLE_USAGE ( .BOTH. , #3971 ) ;
#5619 = LINE ( 'NONE', #10239, #88 ) ;
#5620 = ORIENTED_EDGE ( 'NONE', *, *, #1278, .F. ) ;
#5621 = COLOUR_RGB ( '',0.7529411764705882248, 0.7529411764705882248, 0.7529411764705882248 ) ;
#5622 = FILL_AREA_STYLE_COLOUR ( '', #1037 ) ;
#5623 = VECTOR ( 'NONE', #8676, 1000.000000000000227 ) ;
#5624 = DIRECTION ( 'NONE',  ( -0.0000000000000000000, -1.000000000000000000, -0.0000000000000000000 ) ) ;
#5625 = LINE ( 'NONE', #8735, #7913 ) ;
#5626 = CARTESIAN_POINT ( 'NONE',  ( 4.494557450338589888, -0.8549999999999998712, 0.1999999999999988454 ) ) ;
#5627 = VECTOR ( 'NONE', #4477, 1000.000000000000000 ) ;
#5628 = VERTEX_POINT ( 'NONE', #5145 ) ;
#5629 = LINE ( 'NONE', #3218, #8388 ) ;
#5630 = FACE_OUTER_BOUND ( 'NONE', #6490, .T. ) ;
#5631 = ORIENTED_EDGE ( 'NONE', *, *, #1352, .T. ) ;
#5632 = CARTESIAN_POINT ( 'NONE',  ( 4.494557450338589888, 2.125000000000000444, 0.2999999999999988787 ) ) ;
#5633 = CARTESIAN_POINT ( 'NONE',  ( -5.150000000000000355, 2.955000000000000071, 0.0000000000000000000 ) ) ;
#5634 = PRESENTATION_LAYER_ASSIGNMENT (  '', '', ( #661 ) ) ;
#5635 = VECTOR ( 'NONE', #9071, 1000.000000000000000 ) ;
#5636 = DIRECTION ( 'NONE',  ( -1.000000000000000000, 0.0000000000000000000, -4.342151275111226558E-15 ) ) ;
#5637 =( NAMED_UNIT ( * ) PLANE_ANGLE_UNIT ( ) SI_UNIT ( $, .RADIAN. ) );
#5638 = DIRECTION ( 'NONE',  ( -0.0000000000000000000, -1.000000000000000000, -0.0000000000000000000 ) ) ;
#5639 = LINE ( 'NONE', #9623, #8096 ) ;
#5640 = EDGE_LOOP ( 'NONE', ( #2221, #2146, #3342, #1443 ) ) ;
#5641 = STYLED_ITEM ( 'NONE', ( #4914 ), #6980 ) ;
#5642 = PRESENTATION_LAYER_ASSIGNMENT (  '', '', ( #6626 ) ) ;
#5643 = CARTESIAN_POINT ( 'NONE',  ( -4.494557450338584559, -1.684999999999999831, 1.680513367352531873E-15 ) ) ;
#5644 = VERTEX_POINT ( 'NONE', #5816 ) ;
#5645 = DIRECTION ( 'NONE',  ( -0.9848077530122065770, 0.0000000000000000000, 0.1736481776669387689 ) ) ;
#5646 = DIRECTION ( 'NONE',  ( -2.451907390652843255E-15, 0.0000000000000000000, -1.000000000000000000 ) ) ;
#5647 = VECTOR ( 'NONE', #292, 1000.000000000000000 ) ;
#5648 = MECHANICAL_DESIGN_GEOMETRIC_PRESENTATION_REPRESENTATION (  '', ( #6634 ), #6944 ) ;
#5649 = CARTESIAN_POINT ( 'NONE',  ( 3.881702402145741360, -4.224999999999999645, 1.531712435151438845 ) ) ;
#5650 = ORIENTED_EDGE ( 'NONE', *, *, #2664, .T. ) ;
#5651 = CARTESIAN_POINT ( 'NONE',  ( 3.888707005762190860, -2.125000000000000000, 1.732440418475945654 ) ) ;
#5652 = EDGE_CURVE ( 'NONE', #9591, #9479, #4456, .T. ) ;
#5653 = VERTEX_POINT ( 'NONE', #1892 ) ;
#5654 = EDGE_CURVE ( 'NONE', #9742, #1881, #159, .T. ) ;
#5655 = STYLED_ITEM ( 'NONE', ( #2841 ), #7307 ) ;
#5656 = CARTESIAN_POINT ( 'NONE',  ( -4.494557450338589000, 2.955000000000000071, 0.2000000000000008993 ) ) ;
#5657 = ORIENTED_EDGE ( 'NONE', *, *, #6726, .F. ) ;
#5658 = SURFACE_STYLE_USAGE ( .BOTH. , #9541 ) ;
#5659 = SURFACE_SIDE_STYLE ('',( #3148 ) ) ;
#5660 = ADVANCED_FACE ( 'NONE', ( #4939 ), #2490, .T. ) ;
#5661 = AXIS2_PLACEMENT_3D ( 'NONE', #9646, #3308, #6498 ) ;
#5662 = SURFACE_SIDE_STYLE ('',( #4060 ) ) ;
#5663 = ORIENTED_EDGE ( 'NONE', *, *, #3065, .T. ) ;
#5664 = CIRCLE ( 'NONE', #4493, 0.2999999999999983791 ) ;
#5665 = DIRECTION ( 'NONE',  ( 0.0000000000000000000, 0.0000000000000000000, 1.000000000000000000 ) ) ;
#5666 = PRESENTATION_STYLE_ASSIGNMENT (( #8209 ) ) ;
#5667 = CARTESIAN_POINT ( 'NONE',  ( 3.864512696824130344, 2.409999999999999254, 1.732440418475946542 ) ) ;
#5668 = VERTEX_POINT ( 'NONE', #5038 ) ;
#5669 = CARTESIAN_POINT ( 'NONE',  ( -4.184149331665848237, -2.954999999999999183, 1.484534871776029386 ) ) ;
#5670 =( NAMED_UNIT ( * ) PLANE_ANGLE_UNIT ( ) SI_UNIT ( $, .RADIAN. ) );
#5671 = FACE_OUTER_BOUND ( 'NONE', #4405, .T. ) ;
#5672 = EDGE_CURVE ( 'NONE', #462, #3809, #9081, .T. ) ;
#5673 = VERTEX_POINT ( 'NONE', #3488 ) ;
#5674 = LINE ( 'NONE', #7280, #7342 ) ;
#5675 =( NAMED_UNIT ( * ) PLANE_ANGLE_UNIT ( ) SI_UNIT ( $, .RADIAN. ) );
#5676 = PRESENTATION_LAYER_ASSIGNMENT (  '', '', ( #9972 ) ) ;
#5677 = DIRECTION ( 'NONE',  ( -1.000000000000000000, 0.0000000000000000000, -2.563936943398996305E-15 ) ) ;
#5678 = FACE_OUTER_BOUND ( 'NONE', #4229, .T. ) ;
#5679 = LINE ( 'NONE', #6461, #6907 ) ;
#5680 = DIRECTION ( 'NONE',  ( 0.1736481776669387411, 0.0000000000000000000, -0.9848077530122064660 ) ) ;
#5681 = STYLED_ITEM ( 'NONE', ( #5489 ), #8154 ) ;
#5682 = VERTEX_POINT ( 'NONE', #4243 ) ;
#5683 = DIRECTION ( 'NONE',  ( 0.2588190451025213501, 0.0000000000000000000, -0.9659258262890680902 ) ) ;
#5684 = CARTESIAN_POINT ( 'NONE',  ( 4.494557450338589888, -2.125000000000000000, 0.2999999999999988787 ) ) ;
#5685 = ORIENTED_EDGE ( 'NONE', *, *, #8905, .F. ) ;
#5686 = LINE ( 'NONE', #6366, #1731 ) ;
#5687 = DIRECTION ( 'NONE',  ( -2.451907390652843255E-15, 0.0000000000000000000, -1.000000000000000000 ) ) ;
#5688 = EDGE_CURVE ( 'NONE', #5809, #237, #4293, .T. ) ;
#5689 = CIRCLE ( 'NONE', #8176, 0.09999999999999911737 ) ;
#5690 = CIRCLE ( 'NONE', #6829, 0.09999999999999911737 ) ;
#5691 = MECHANICAL_DESIGN_GEOMETRIC_PRESENTATION_REPRESENTATION (  '', ( #1548 ), #2049 ) ;
#5692 = DIRECTION ( 'NONE',  ( 0.0000000000000000000, 1.000000000000000000, 0.0000000000000000000 ) ) ;
#5693 = VECTOR ( 'NONE', #9143, 1000.000000000000000 ) ;
#5694 = VECTOR ( 'NONE', #427, 1000.000000000000114 ) ;
#5695 = SURFACE_STYLE_USAGE ( .BOTH. , #9478 ) ;
#5696 = AXIS2_PLACEMENT_3D ( 'NONE', #4287, #6019, #1296 ) ;
#5697 = FILL_AREA_STYLE ('',( #6479 ) ) ;
#5698 = VECTOR ( 'NONE', #5189, 1000.000000000000000 ) ;
#5699 = CARTESIAN_POINT ( 'NONE',  ( -3.800269556891266109, 4.665000000000000924, 1.732440418475947208 ) ) ;
#5700 = VERTEX_POINT ( 'NONE', #411 ) ;
#5701 = PRESENTATION_LAYER_ASSIGNMENT (  '', '', ( #8674 ) ) ;
#5702 =( NAMED_UNIT ( * ) PLANE_ANGLE_UNIT ( ) SI_UNIT ( $, .RADIAN. ) );
#5703 = VECTOR ( 'NONE', #9220, 1000.000000000000000 ) ;
#5704 = DIRECTION ( 'NONE',  ( 0.0000000000000000000, 1.000000000000000000, 0.0000000000000000000 ) ) ;
#5705 = AXIS2_PLACEMENT_3D ( 'NONE', #9404, #8678, #7230 ) ;
#5706 = CARTESIAN_POINT ( 'NONE',  ( 4.199115124434926294, -0.4149999999999995914, 0.2479055466999157964 ) ) ;
#5707 = VERTEX_POINT ( 'NONE', #9794 ) ;
#5708 = FILL_AREA_STYLE ('',( #8049 ) ) ;
#5709 = UNCERTAINTY_MEASURE_WITH_UNIT (LENGTH_MEASURE( 1.000000000000000082E-05 ), #8950, 'distance_accuracy_value', 'NONE');
#5710 = EDGE_CURVE ( 'NONE', #3465, #2617, #353, .T. ) ;
#5711 = STYLED_ITEM ( 'NONE', ( #3817 ), #9211 ) ;
#5712 = DIRECTION ( 'NONE',  ( 0.0000000000000000000, 0.0000000000000000000, 1.000000000000000000 ) ) ;
#5713 = ORIENTED_EDGE ( 'NONE', *, *, #382, .F. ) ;
#5714 = CARTESIAN_POINT ( 'NONE',  ( -3.990737311234597406, -2.954999999999999183, 1.429674850314565093 ) ) ;
#5715 = DIRECTION ( 'NONE',  ( -0.1736481776669387411, 0.0000000000000000000, -0.9848077530122064660 ) ) ;
#5716 = UNCERTAINTY_MEASURE_WITH_UNIT (LENGTH_MEASURE( 1.000000000000000082E-05 ), #6932, 'distance_accuracy_value', 'NONE');
#5717 = AXIS2_PLACEMENT_3D ( 'NONE', #6014, #1341, #7729 ) ;
#5718 = CARTESIAN_POINT ( 'NONE',  ( 0.0000000000000000000, 0.0000000000000000000, 0.0000000000000000000 ) ) ;
#5719 = VERTEX_POINT ( 'NONE', #7478 ) ;
#5720 = AXIS2_PLACEMENT_3D ( 'NONE', #3421, #8224, #8951 ) ;
#5721 = UNCERTAINTY_MEASURE_WITH_UNIT (LENGTH_MEASURE( 1.000000000000000082E-05 ), #3970, 'distance_accuracy_value', 'NONE');
#5722 = EDGE_CURVE ( 'NONE', #9891, #43, #5084, .T. ) ;
#5723 = STYLED_ITEM ( 'NONE', ( #10112 ), #9392 ) ;
#5724 = CARTESIAN_POINT ( 'NONE',  ( 3.888707005762190860, -1.684999999999999831, 1.732440418475945654 ) ) ;
#5725 = FILL_AREA_STYLE ('',( #2563 ) ) ;
#5726 = DIRECTION ( 'NONE',  ( -2.563936943398996305E-15, 0.0000000000000000000, 1.000000000000000000 ) ) ;
#5727 = ORIENTED_EDGE ( 'NONE', *, *, #7776, .T. ) ;
#5728 = UNCERTAINTY_MEASURE_WITH_UNIT (LENGTH_MEASURE( 1.000000000000000082E-05 ), #3729, 'distance_accuracy_value', 'NONE');
#5729 = EDGE_CURVE ( 'NONE', #5543, #6845, #9112, .T. ) ;
#5730 = DIRECTION ( 'NONE',  ( -0.0000000000000000000, -1.000000000000000000, -0.0000000000000000000 ) ) ;
#5731 = PRESENTATION_STYLE_ASSIGNMENT (( #9653 ) ) ;
#5732 = ORIENTED_EDGE ( 'NONE', *, *, #3447, .T. ) ;
#5733 = MECHANICAL_DESIGN_GEOMETRIC_PRESENTATION_REPRESENTATION (  '', ( #3262 ), #3926 ) ;
#5734 =( NAMED_UNIT ( * ) SI_UNIT ( $, .STERADIAN. ) SOLID_ANGLE_UNIT ( ) );
#5735 = CARTESIAN_POINT ( 'NONE',  ( 3.888707005762189972, 2.955000000000000071, 1.732440418475945654 ) ) ;
#5736 = ADVANCED_FACE ( 'NONE', ( #1192 ), #1250, .F. ) ;
#5737 = LINE ( 'NONE', #8269, #4126 ) ;
#5738 = ORIENTED_EDGE ( 'NONE', *, *, #1726, .F. ) ;
#5739 = ORIENTED_EDGE ( 'NONE', *, *, #4315, .T. ) ;
#5740 = FILL_AREA_STYLE_COLOUR ( '', #5542 ) ;
#5741 = VECTOR ( 'NONE', #3369, 1000.000000000000000 ) ;
#5742 = SURFACE_STYLE_FILL_AREA ( #1006 ) ;
#5743 = DIRECTION ( 'NONE',  ( 0.0000000000000000000, 0.0000000000000000000, 1.000000000000000000 ) ) ;
#5744 = MECHANICAL_DESIGN_GEOMETRIC_PRESENTATION_REPRESENTATION (  '', ( #8230 ), #9543 ) ;
#5745 = DIRECTION ( 'NONE',  ( 0.0000000000000000000, 0.0000000000000000000, 1.000000000000000000 ) ) ;
#5746 = LINE ( 'NONE', #3521, #2900 ) ;
#5747 = ORIENTED_EDGE ( 'NONE', *, *, #2799, .F. ) ;
#5748 = CARTESIAN_POINT ( 'NONE',  ( 3.900000000000001688, -4.665000000000000036, 1.600000000000000089 ) ) ;
#5749 = ORIENTED_EDGE ( 'NONE', *, *, #4311, .T. ) ;
#5750 = COLOUR_RGB ( '',0.7529411764705882248, 0.7529411764705882248, 0.7529411764705882248 ) ;
#5751 = DIRECTION ( 'NONE',  ( 0.6427876096865404731, 0.0000000000000000000, 0.7660444431189771253 ) ) ;
#5752 = CARTESIAN_POINT ( 'NONE',  ( -3.750000000000000444, 4.950000000000000178, 1.040192378864671419 ) ) ;
#5753 = CARTESIAN_POINT ( 'NONE',  ( -4.199115124434927182, 4.665000000000000924, 0.2479055466999170732 ) ) ;
#5754 = CARTESIAN_POINT ( 'NONE',  ( 3.990737311234600071, 0.8550000000000007594, 1.429674850314564205 ) ) ;
#5755 =( NAMED_UNIT ( * ) SI_UNIT ( $, .STERADIAN. ) SOLID_ANGLE_UNIT ( ) );
#5756 = VECTOR ( 'NONE', #6214, 1000.000000000000000 ) ;
#5757 = VECTOR ( 'NONE', #10245, 1000.000000000000000 ) ;
#5758 = ORIENTED_EDGE ( 'NONE', *, *, #4178, .F. ) ;
#5759 = CARTESIAN_POINT ( 'NONE',  ( 4.494557450338589000, 4.665000000000000924, 0.1999999999999988454 ) ) ;
#5760 = CARTESIAN_POINT ( 'NONE',  ( 5.150000000000002132, -3.394999999999999574, 0.0000000000000000000 ) ) ;
#5761 = CARTESIAN_POINT ( 'NONE',  ( -4.184149331665849125, -0.4149999999999995914, 1.484534871776029386 ) ) ;
#5762 = VERTEX_POINT ( 'NONE', #1559 ) ;
#5763 = PRESENTATION_LAYER_ASSIGNMENT (  '', '', ( #2128 ) ) ;
#5764 = DIRECTION ( 'NONE',  ( -0.0000000000000000000, -1.000000000000000000, -0.0000000000000000000 ) ) ;
#5765 = ADVANCED_FACE ( 'NONE', ( #9337 ), #6996, .T. ) ;
#5766 = ORIENTED_EDGE ( 'NONE', *, *, #5672, .F. ) ;
#5767 = CARTESIAN_POINT ( 'NONE',  ( 3.990737311234600959, -4.224999999999999645, 1.429674850314564205 ) ) ;
#5768 = VECTOR ( 'NONE', #3554, 1000.000000000000000 ) ;
#5769 = ORIENTED_EDGE ( 'NONE', *, *, #9773, .F. ) ;
#5770 = ORIENTED_EDGE ( 'NONE', *, *, #3448, .F. ) ;
#5771 = EDGE_CURVE ( 'NONE', #5597, #5373, #2294, .T. ) ;
#5772 = FACE_OUTER_BOUND ( 'NONE', #6690, .T. ) ;
#5773 = VECTOR ( 'NONE', #9052, 1000.000000000000000 ) ;
#5774 = LINE ( 'NONE', #8847, #3389 ) ;
#5775 = EDGE_CURVE ( 'NONE', #3143, #237, #7949, .T. ) ;
#5776 = FILL_AREA_STYLE ('',( #6506 ) ) ;
#5777 = FILL_AREA_STYLE_COLOUR ( '', #7923 ) ;
#5778 = LINE ( 'NONE', #5887, #2207 ) ;
#5779 = ORIENTED_EDGE ( 'NONE', *, *, #7944, .F. ) ;
#5780 = CARTESIAN_POINT ( 'NONE',  ( -3.899999999999998579, -1.684999999999999831, 1.600000000000000089 ) ) ;
#5781 = FILL_AREA_STYLE_COLOUR ( '', #3559 ) ;
#5782 = ORIENTED_EDGE ( 'NONE', *, *, #4377, .T. ) ;
#5783 = SURFACE_SIDE_STYLE ('',( #865 ) ) ;
#5784 =( LENGTH_UNIT ( ) NAMED_UNIT ( * ) SI_UNIT ( .MILLI., .METRE. ) );
#5785 = ADVANCED_FACE ( 'NONE', ( #8504 ), #6234, .T. ) ;
#5786 = LINE ( 'NONE', #4530, #5315 ) ;
#5787 = SURFACE_STYLE_USAGE ( .BOTH. , #9006 ) ;
#5788 = AXIS2_PLACEMENT_3D ( 'NONE', #8834, #9043, #2565 ) ;
#5789 =( NAMED_UNIT ( * ) SI_UNIT ( $, .STERADIAN. ) SOLID_ANGLE_UNIT ( ) );
#5790 = CARTESIAN_POINT ( 'NONE',  ( 4.494557450338589888, -0.4149999999999995914, 0.1999999999999988454 ) ) ;
#5791 = ORIENTED_EDGE ( 'NONE', *, *, #4390, .T. ) ;
#5792 =( LENGTH_UNIT ( ) NAMED_UNIT ( * ) SI_UNIT ( .MILLI., .METRE. ) );
#5793 = ORIENTED_EDGE ( 'NONE', *, *, #3578, .F. ) ;
#5794 = STYLED_ITEM ( 'NONE', ( #3319 ), #1118 ) ;
#5795 = VECTOR ( 'NONE', #304, 1000.000000000000000 ) ;
#5796 = MECHANICAL_DESIGN_GEOMETRIC_PRESENTATION_REPRESENTATION (  '', ( #489 ), #6619 ) ;
#5797 = CARTESIAN_POINT ( 'NONE',  ( 5.150000000000001243, 2.125000000000000444, 0.0000000000000000000 ) ) ;
#5798 = FILL_AREA_STYLE_COLOUR ( '', #1547 ) ;
#5799 = PRESENTATION_STYLE_ASSIGNMENT (( #2594 ) ) ;
#5800 = DIRECTION ( 'NONE',  ( -2.451907390652843255E-15, 0.0000000000000000000, -1.000000000000000000 ) ) ;
#5801 = CARTESIAN_POINT ( 'NONE',  ( -3.749999999999998668, -5.099999999999999645, 1.600000000000000089 ) ) ;
#5802 = SURFACE_SIDE_STYLE ('',( #9738 ) ) ;
#5803 = PRESENTATION_LAYER_ASSIGNMENT (  '', '', ( #12 ) ) ;
#5804 = DIRECTION ( 'NONE',  ( -1.000000000000000000, 0.0000000000000000000, -2.563936943398996305E-15 ) ) ;
#5805 = VERTEX_POINT ( 'NONE', #3759 ) ;
#5806 = UNCERTAINTY_MEASURE_WITH_UNIT (LENGTH_MEASURE( 1.000000000000000082E-05 ), #7925, 'distance_accuracy_value', 'NONE');
#5807 = ORIENTED_EDGE ( 'NONE', *, *, #10019, .T. ) ;
#5808 = LINE ( 'NONE', #3394, #6808 ) ;
#5809 = VERTEX_POINT ( 'NONE', #10103 ) ;
#5810 = STYLED_ITEM ( 'NONE', ( #2829 ), #7111 ) ;
#5811 = LINE ( 'NONE', #9130, #4866 ) ;
#5812 = ORIENTED_EDGE ( 'NONE', *, *, #2181, .T. ) ;
#5813 = UNCERTAINTY_MEASURE_WITH_UNIT (LENGTH_MEASURE( 1.000000000000000082E-05 ), #3599, 'distance_accuracy_value', 'NONE');
#5814 = PLANE ( 'NONE',  #6665 ) ;
#5815 = CARTESIAN_POINT ( 'NONE',  ( 4.184149331665850902, -4.224999999999999645, 1.484534871776028275 ) ) ;
#5816 = CARTESIAN_POINT ( 'NONE',  ( -4.494557450338583671, -2.954999999999999183, 1.680513367352531873E-15 ) ) ;
#5817 = MECHANICAL_DESIGN_GEOMETRIC_PRESENTATION_REPRESENTATION (  '', ( #6486 ), #4000 ) ;
#5818 = SURFACE_STYLE_USAGE ( .BOTH. , #1789 ) ;
#5819 = UNCERTAINTY_MEASURE_WITH_UNIT (LENGTH_MEASURE( 1.000000000000000082E-05 ), #1367, 'distance_accuracy_value', 'NONE');
#5820 = CARTESIAN_POINT ( 'NONE',  ( 4.494557450338589888, -1.684999999999999831, 0.2999999999999988787 ) ) ;
#5821 = FILL_AREA_STYLE_COLOUR ( '', #4601 ) ;
#5822 = ORIENTED_EDGE ( 'NONE', *, *, #4562, .F. ) ;
#5823 = DIRECTION ( 'NONE',  ( 0.0000000000000000000, -0.0000000000000000000, 1.000000000000000000 ) ) ;
#5824 = CIRCLE ( 'NONE', #6332, 0.2999999999999999889 ) ;
#5825 = FILL_AREA_STYLE_COLOUR ( '', #8844 ) ;
#5826 = LINE ( 'NONE', #7399, #8746 ) ;
#5827 = CARTESIAN_POINT ( 'NONE',  ( -4.494557450338588112, -0.4149999999999995914, 0.2999999999999999334 ) ) ;
#5828 = ORIENTED_EDGE ( 'NONE', *, *, #8455, .T. ) ;
#5829 = PRESENTATION_STYLE_ASSIGNMENT (( #2578 ) ) ;
#5830 = SURFACE_STYLE_FILL_AREA ( #9764 ) ;
#5831 = EDGE_LOOP ( 'NONE', ( #6832, #4643, #1203, #4784 ) ) ;
#5832 = LINE ( 'NONE', #5890, #236 ) ;
#5833 = COLOUR_RGB ( '',0.7529411764705882248, 0.7529411764705882248, 0.7529411764705882248 ) ;
#5834 = EDGE_CURVE ( 'NONE', #6209, #1253, #6070, .T. ) ;
#5835 = FILL_AREA_STYLE_COLOUR ( '', #6497 ) ;
#5836 =( LENGTH_UNIT ( ) NAMED_UNIT ( * ) SI_UNIT ( .MILLI., .METRE. ) );
#5837 = DIRECTION ( 'NONE',  ( -0.0000000000000000000, -1.000000000000000000, 0.0000000000000000000 ) ) ;
#5838 = FILL_AREA_STYLE_COLOUR ( '', #10191 ) ;
#5839 = DIRECTION ( 'NONE',  ( -1.000000000000000000, 0.0000000000000000000, -2.563936943398996305E-15 ) ) ;
#5840 = FILL_AREA_STYLE_COLOUR ( '', #4538 ) ;
#5841 = ADVANCED_FACE ( 'NONE', ( #9234 ), #9383, .F. ) ;
#5842 = DIRECTION ( 'NONE',  ( -0.2588190451025212946, -4.535146197669130904E-17, 0.9659258262890680902 ) ) ;
#5843 = EDGE_CURVE ( 'NONE', #90, #1793, #3181, .T. ) ;
#5844 = VERTEX_POINT ( 'NONE', #1663 ) ;
#5845 = VECTOR ( 'NONE', #9042, 1000.000000000000000 ) ;
#5846 = AXIS2_PLACEMENT_3D ( 'NONE', #7928, #7303, #7146 ) ;
#5847 = DIRECTION ( 'NONE',  ( 0.9848077530122064660, 0.0000000000000000000, -0.1736481776669393240 ) ) ;
#5848 = EDGE_CURVE ( 'NONE', #2787, #4450, #7261, .T. ) ;
#5849 = DIRECTION ( 'NONE',  ( -1.314184451497581259E-16, 1.000000000000000000, -0.0000000000000000000 ) ) ;
#5850 = ORIENTED_EDGE ( 'NONE', *, *, #9894, .F. ) ;
#5851 =( GEOMETRIC_REPRESENTATION_CONTEXT ( 3 ) GLOBAL_UNCERTAINTY_ASSIGNED_CONTEXT ( ( #4949 ) ) GLOBAL_UNIT_ASSIGNED_CONTEXT ( ( #10172, #3093, #1365 ) ) REPRESENTATION_CONTEXT ( 'NONE', 'WORKASPACE' ) );
#5852 = CARTESIAN_POINT ( 'NONE',  ( -4.494557450338583671, -2.954999999999999183, 1.680513367352531873E-15 ) ) ;
#5853 = VECTOR ( 'NONE', #8614, 1000.000000000000000 ) ;
#5854 = CARTESIAN_POINT ( 'NONE',  ( 4.396076675037370762, -2.125000000000000000, 0.2826351822333049157 ) ) ;
#5855 =( NAMED_UNIT ( * ) PLANE_ANGLE_UNIT ( ) SI_UNIT ( $, .RADIAN. ) );
#5856 = FILL_AREA_STYLE_COLOUR ( '', #7692 ) ;
#5857 = CARTESIAN_POINT ( 'NONE',  ( 5.150000000000001243, 0.4150000000000004241, 0.0000000000000000000 ) ) ;
#5858 =( GEOMETRIC_REPRESENTATION_CONTEXT ( 3 ) GLOBAL_UNCERTAINTY_ASSIGNED_CONTEXT ( ( #9512 ) ) GLOBAL_UNIT_ASSIGNED_CONTEXT ( ( #7382, #4147, #6396 ) ) REPRESENTATION_CONTEXT ( 'NONE', 'WORKASPACE' ) );
#5859 = EDGE_CURVE ( 'NONE', #10055, #847, #3992, .T. ) ;
#5860 = SURFACE_STYLE_USAGE ( .BOTH. , #7318 ) ;
#5861 = ORIENTED_EDGE ( 'NONE', *, *, #3649, .T. ) ;
#5862 = MECHANICAL_DESIGN_GEOMETRIC_PRESENTATION_REPRESENTATION (  '', ( #3234 ), #1051 ) ;
#5863 = PRESENTATION_LAYER_ASSIGNMENT (  '', '', ( #9009 ) ) ;
#5864 = ORIENTED_EDGE ( 'NONE', *, *, #4387, .T. ) ;
#5865 = CARTESIAN_POINT ( 'NONE',  ( 3.990737311234600071, -0.4149999999999995914, 1.429674850314564205 ) ) ;
#5866 =( NAMED_UNIT ( * ) SI_UNIT ( $, .STERADIAN. ) SOLID_ANGLE_UNIT ( ) );
#5867 = ORIENTED_EDGE ( 'NONE', *, *, #2810, .F. ) ;
#5868 = VECTOR ( 'NONE', #279, 1000.000000000000000 ) ;
#5869 = CIRCLE ( 'NONE', #5043, 0.2999999999999999889 ) ;
#5870 = VERTEX_POINT ( 'NONE', #4870 ) ;
#5871 = LINE ( 'NONE', #3403, #2195 ) ;
#5872 = EDGE_CURVE ( 'NONE', #188, #3270, #2442, .T. ) ;
#5873 = MECHANICAL_DESIGN_GEOMETRIC_PRESENTATION_REPRESENTATION (  '', ( #10004 ), #7038 ) ;
#5874 = CIRCLE ( 'NONE', #7205, 0.2999999999999999889 ) ;
#5875 = ORIENTED_EDGE ( 'NONE', *, *, #10079, .T. ) ;
#5876 = LINE ( 'NONE', #9046, #2091 ) ;
#5877 =( LENGTH_UNIT ( ) NAMED_UNIT ( * ) SI_UNIT ( .MILLI., .METRE. ) );
#5878 = AXIS2_PLACEMENT_3D ( 'NONE', #3645, #6167, #505 ) ;
#5879 = VERTEX_POINT ( 'NONE', #8709 ) ;
#5880 = DIRECTION ( 'NONE',  ( -0.0000000000000000000, -1.000000000000000000, -0.0000000000000000000 ) ) ;
#5881 = VECTOR ( 'NONE', #8591, 999.9999999999998863 ) ;
#5882 = VECTOR ( 'NONE', #679, 1000.000000000000000 ) ;
#5883 = FILL_AREA_STYLE ('',( #5825 ) ) ;
#5884 = CARTESIAN_POINT ( 'NONE',  ( -3.899999999999999467, 2.955000000000000071, 1.600000000000000089 ) ) ;
#5885 = DIRECTION ( 'NONE',  ( -0.0000000000000000000, -1.000000000000000000, -0.0000000000000000000 ) ) ;
#5886 = STYLED_ITEM ( 'NONE', ( #923 ), #3134 ) ;
#5887 = CARTESIAN_POINT ( 'NONE',  ( -4.494557450338585447, 4.665000000000000924, 1.680513367352531873E-15 ) ) ;
#5888 =( NAMED_UNIT ( * ) PLANE_ANGLE_UNIT ( ) SI_UNIT ( $, .RADIAN. ) );
#5889 = VECTOR ( 'NONE', #7897, 1000.000000000000000 ) ;
#5890 = CARTESIAN_POINT ( 'NONE',  ( -4.494557450338589000, 4.665000000000000924, 0.2000000000000008993 ) ) ;
#5891 = DIRECTION ( 'NONE',  ( -1.752245935330107442E-16, 1.000000000000000000, 4.296344759077295089E-31 ) ) ;
#5892 = FILL_AREA_STYLE ('',( #3733 ) ) ;
#5893 = SURFACE_STYLE_USAGE ( .BOTH. , #8125 ) ;
#5894 = DIRECTION ( 'NONE',  ( 0.0000000000000000000, 0.0000000000000000000, -1.000000000000000000 ) ) ;
#5895 = VECTOR ( 'NONE', #3009, 1000.000000000000000 ) ;
#5896 = UNCERTAINTY_MEASURE_WITH_UNIT (LENGTH_MEASURE( 1.000000000000000082E-05 ), #1313, 'distance_accuracy_value', 'NONE');
#5897 = PRESENTATION_STYLE_ASSIGNMENT (( #2733 ) ) ;
#5898 =( NAMED_UNIT ( * ) PLANE_ANGLE_UNIT ( ) SI_UNIT ( $, .RADIAN. ) );
#5899 = EDGE_CURVE ( 'NONE', #9402, #393, #6307, .T. ) ;
#5900 = UNCERTAINTY_MEASURE_WITH_UNIT (LENGTH_MEASURE( 1.000000000000000082E-05 ), #5784, 'distance_accuracy_value', 'NONE');
#5901 = CARTESIAN_POINT ( 'NONE',  ( 4.494557450338586335, 0.8550000000000007594, 5.421010862427522170E-16 ) ) ;
#5902 = ORIENTED_EDGE ( 'NONE', *, *, #960, .T. ) ;
#5903 = CARTESIAN_POINT ( 'NONE',  ( 3.881702402145741360, -4.224999999999999645, 1.531712435151438845 ) ) ;
#5904 = DIRECTION ( 'NONE',  ( 0.0000000000000000000, 0.0000000000000000000, -1.000000000000000000 ) ) ;
#5905 = DIRECTION ( 'NONE',  ( 0.2588190451025213501, 0.0000000000000000000, -0.9659258262890680902 ) ) ;
#5906 = ORIENTED_EDGE ( 'NONE', *, *, #5976, .T. ) ;
#5907 = EDGE_CURVE ( 'NONE', #10267, #7482, #878, .T. ) ;
#5908 = PRESENTATION_LAYER_ASSIGNMENT (  '', '', ( #9382 ) ) ;
#5909 =( NAMED_UNIT ( * ) SI_UNIT ( $, .STERADIAN. ) SOLID_ANGLE_UNIT ( ) );
#5910 = CARTESIAN_POINT ( 'NONE',  ( 4.396076675037370762, 2.125000000000000444, 0.2826351822333049157 ) ) ;
#5911 = UNCERTAINTY_MEASURE_WITH_UNIT (LENGTH_MEASURE( 1.000000000000000082E-05 ), #4831, 'distance_accuracy_value', 'NONE');
#5912 =( NAMED_UNIT ( * ) PLANE_ANGLE_UNIT ( ) SI_UNIT ( $, .RADIAN. ) );
#5913 = SURFACE_STYLE_FILL_AREA ( #9841 ) ;
#5914 = ORIENTED_EDGE ( 'NONE', *, *, #1249, .T. ) ;
#5915 = VECTOR ( 'NONE', #2469, 1000.000000000000000 ) ;
#5916 = ORIENTED_EDGE ( 'NONE', *, *, #9037, .F. ) ;
#5917 =( NAMED_UNIT ( * ) SI_UNIT ( $, .STERADIAN. ) SOLID_ANGLE_UNIT ( ) );
#5918 = ORIENTED_EDGE ( 'NONE', *, *, #2005, .F. ) ;
#5919 = ADVANCED_FACE ( 'NONE', ( #1768 ), #8093, .T. ) ;
#5920 = CARTESIAN_POINT ( 'NONE',  ( -5.149999999999999467, -2.125000000000000000, 0.0000000000000000000 ) ) ;
#5921 = LINE ( 'NONE', #4987, #9761 ) ;
#5922 = CIRCLE ( 'NONE', #6576, 0.2999999999999999889 ) ;
#5923 = STYLED_ITEM ( 'NONE', ( #3583 ), #3528 ) ;
#5924 = VECTOR ( 'NONE', #9510, 1000.000000000000000 ) ;
#5925 = ORIENTED_EDGE ( 'NONE', *, *, #10017, .T. ) ;
#5926 = DIRECTION ( 'NONE',  ( 0.0000000000000000000, 0.0000000000000000000, 1.000000000000000000 ) ) ;
#5927 = EDGE_LOOP ( 'NONE', ( #8984, #15, #6414, #1748 ) ) ;
#5928 = CARTESIAN_POINT ( 'NONE',  ( -3.800269556891265221, -0.4149999999999995914, 1.732440418475947208 ) ) ;
#5929 = UNCERTAINTY_MEASURE_WITH_UNIT (LENGTH_MEASURE( 1.000000000000000082E-05 ), #7780, 'distance_accuracy_value', 'NONE');
#5930 = CIRCLE ( 'NONE', #2454, 0.09999999999999911737 ) ;
#5931 = VECTOR ( 'NONE', #5885, 1000.000000000000000 ) ;
#5932 = ORIENTED_EDGE ( 'NONE', *, *, #1412, .T. ) ;
#5933 = EDGE_CURVE ( 'NONE', #5592, #5141, #191, .T. ) ;
#5934 = CARTESIAN_POINT ( 'NONE',  ( -4.494557450338588112, -0.4149999999999995914, 0.2000000000000008993 ) ) ;
#5935 =( NAMED_UNIT ( * ) PLANE_ANGLE_UNIT ( ) SI_UNIT ( $, .RADIAN. ) );
#5936 = STYLED_ITEM ( 'NONE', ( #8582 ), #921 ) ;
#5937 = CARTESIAN_POINT ( 'NONE',  ( 3.800269556891266109, 4.665000000000000924, 1.732440418475946320 ) ) ;
#5938 = CARTESIAN_POINT ( 'NONE',  ( 3.990737311234600071, -1.684999999999999831, 1.429674850314564205 ) ) ;
#5939 = STYLED_ITEM ( 'NONE', ( #4397 ), #4718 ) ;
#5940 = CARTESIAN_POINT ( 'NONE',  ( 4.184149331665850013, 1.685000000000000275, 1.484534871776028275 ) ) ;
#5941 = ORIENTED_EDGE ( 'NONE', *, *, #4179, .F. ) ;
#5942 = CARTESIAN_POINT ( 'NONE',  ( -3.888707005762189084, 1.685000000000000275, 1.732440418475947430 ) ) ;
#5943 =( LENGTH_UNIT ( ) NAMED_UNIT ( * ) SI_UNIT ( .MILLI., .METRE. ) );
#5944 = CARTESIAN_POINT ( 'NONE',  ( 4.494557450338589888, 0.4150000000000004241, 0.1999999999999988454 ) ) ;
#5945 = CARTESIAN_POINT ( 'NONE',  ( 3.864512696824130344, 4.665000000000000924, 1.732440418475946542 ) ) ;
#5946 = DIRECTION ( 'NONE',  ( 0.1736481776669392962, 0.0000000000000000000, -0.9848077530122064660 ) ) ;
#5947 = VECTOR ( 'NONE', #6759, 1000.000000000000000 ) ;
#5948 = CARTESIAN_POINT ( 'NONE',  ( -5.149999999999998579, -2.954999999999999183, 0.2000000000000016764 ) ) ;
#5949 = CARTESIAN_POINT ( 'NONE',  ( -4.494557450338587223, -2.954999999999999183, 0.1999999999999999833 ) ) ;
#5950 = CARTESIAN_POINT ( 'NONE',  ( 3.868266076183286106, -0.8549999999999998712, 1.408079867214328207 ) ) ;
#5951 = VERTEX_POINT ( 'NONE', #4394 ) ;
#5952 = EDGE_LOOP ( 'NONE', ( #8952, #1195, #4070, #8035 ) ) ;
#5953 = MECHANICAL_DESIGN_GEOMETRIC_PRESENTATION_REPRESENTATION (  '', ( #10261 ), #6290 ) ;
#5954 = FACE_OUTER_BOUND ( 'NONE', #5394, .T. ) ;
#5955 = PLANE ( 'NONE',  #4757 ) ;
#5956 = DIRECTION ( 'NONE',  ( 0.0000000000000000000, 0.0000000000000000000, -1.000000000000000000 ) ) ;
#5957 = ORIENTED_EDGE ( 'NONE', *, *, #7235, .T. ) ;
#5958 = VECTOR ( 'NONE', #19, 1000.000000000000000 ) ;
#5959 = DIRECTION ( 'NONE',  ( -1.000000000000000000, -0.0000000000000000000, 8.270764333545149118E-16 ) ) ;
#5960 = FACE_OUTER_BOUND ( 'NONE', #8641, .T. ) ;
#5961 = DIRECTION ( 'NONE',  ( 0.0000000000000000000, 0.0000000000000000000, 1.000000000000000000 ) ) ;
#5962 = EDGE_LOOP ( 'NONE', ( #3395, #5374, #10225, #3489 ) ) ;
#5963 = DIRECTION ( 'NONE',  ( 0.0000000000000000000, 0.0000000000000000000, -1.000000000000000000 ) ) ;
#5964 = PRESENTATION_LAYER_ASSIGNMENT (  '', '', ( #5794 ) ) ;
#5965 =( GEOMETRIC_REPRESENTATION_CONTEXT ( 3 ) GLOBAL_UNCERTAINTY_ASSIGNED_CONTEXT ( ( #7473 ) ) GLOBAL_UNIT_ASSIGNED_CONTEXT ( ( #6342, #6397, #4783 ) ) REPRESENTATION_CONTEXT ( 'NONE', 'WORKASPACE' ) );
#5966 = MECHANICAL_DESIGN_GEOMETRIC_PRESENTATION_REPRESENTATION (  '', ( #8942 ), #9754 ) ;
#5967 = ORIENTED_EDGE ( 'NONE', *, *, #9401, .F. ) ;
#5968 = ADVANCED_FACE ( 'NONE', ( #9019 ), #3589, .F. ) ;
#5969 =( NAMED_UNIT ( * ) SI_UNIT ( $, .STERADIAN. ) SOLID_ANGLE_UNIT ( ) );
#5970 = EDGE_CURVE ( 'NONE', #4450, #913, #9436, .T. ) ;
#5971 = ORIENTED_EDGE ( 'NONE', *, *, #588, .F. ) ;
#5972 = CARTESIAN_POINT ( 'NONE',  ( -4.494557450338589000, 4.665000000000000924, 0.1999999999999999833 ) ) ;
#5973 = VECTOR ( 'NONE', #10143, 1000.000000000000000 ) ;
#5974 = ORIENTED_EDGE ( 'NONE', *, *, #9839, .F. ) ;
#5975 = DIRECTION ( 'NONE',  ( 0.0000000000000000000, -0.2588190451025213501, 0.9659258262890680902 ) ) ;
#5976 = EDGE_CURVE ( 'NONE', #393, #2088, #2079, .T. ) ;
#5977 = DIRECTION ( 'NONE',  ( 0.0000000000000000000, 0.0000000000000000000, 1.000000000000000000 ) ) ;
#5978 = EDGE_CURVE ( 'NONE', #8416, #4536, #7575, .T. ) ;
#5979 = EDGE_LOOP ( 'NONE', ( #8204, #4154, #5769, #4671 ) ) ;
#5980 = FILL_AREA_STYLE_COLOUR ( '', #10016 ) ;
#5981 = SURFACE_STYLE_FILL_AREA ( #5298 ) ;
#5982 = COLOUR_RGB ( '',0.7529411764705882248, 0.7529411764705882248, 0.7529411764705882248 ) ;
#5983 = AXIS2_PLACEMENT_3D ( 'NONE', #8747, #8082, #8802 ) ;
#5984 = EDGE_CURVE ( 'NONE', #2854, #8710, #6670, .T. ) ;
#5985 = ORIENTED_EDGE ( 'NONE', *, *, #526, .T. ) ;
#5986 = DIRECTION ( 'NONE',  ( -0.0000000000000000000, -1.000000000000000000, -0.0000000000000000000 ) ) ;
#5987 = DIRECTION ( 'NONE',  ( 0.0000000000000000000, 0.2588190451025213501, 0.9659258262890680902 ) ) ;
#5988 = STYLED_ITEM ( 'NONE', ( #8080 ), #7379 ) ;
#5989 = SURFACE_STYLE_FILL_AREA ( #3803 ) ;
#5990 = CARTESIAN_POINT ( 'NONE',  ( 3.888707005762189528, 4.665000000000000924, 1.432440418475947386 ) ) ;
#5991 = EDGE_CURVE ( 'NONE', #8577, #8842, #8966, .T. ) ;
#5992 = VERTEX_POINT ( 'NONE', #1976 ) ;
#5993 = PLANE ( 'NONE',  #9218 ) ;
#5994 = CARTESIAN_POINT ( 'NONE',  ( -3.881702402145739583, 1.685000000000000275, 1.531712435151439733 ) ) ;
#5995 = LINE ( 'NONE', #9154, #1758 ) ;
#5996 = SURFACE_STYLE_FILL_AREA ( #4576 ) ;
#5997 =( NAMED_UNIT ( * ) PLANE_ANGLE_UNIT ( ) SI_UNIT ( $, .RADIAN. ) );
#5998 = VECTOR ( 'NONE', #4101, 1000.000000000000114 ) ;
#5999 =( NAMED_UNIT ( * ) PLANE_ANGLE_UNIT ( ) SI_UNIT ( $, .RADIAN. ) );
#6000 =( GEOMETRIC_REPRESENTATION_CONTEXT ( 3 ) GLOBAL_UNCERTAINTY_ASSIGNED_CONTEXT ( ( #4053 ) ) GLOBAL_UNIT_ASSIGNED_CONTEXT ( ( #9011, #5066, #1014 ) ) REPRESENTATION_CONTEXT ( 'NONE', 'WORKASPACE' ) );
#6001 = CARTESIAN_POINT ( 'NONE',  ( -5.149999999999999467, 0.8550000000000007594, 0.2000000000000016764 ) ) ;
#6002 = PLANE ( 'NONE',  #7154 ) ;
#6003 = DIRECTION ( 'NONE',  ( 0.2505628070857321976, -0.2505628070857321421, 0.9351131265310290708 ) ) ;
#6004 = AXIS2_PLACEMENT_3D ( 'NONE', #4982, #1389, #8145 ) ;
#6005 = EDGE_LOOP ( 'NONE', ( #4220, #2224, #5556, #3053 ) ) ;
#6006 = VERTEX_POINT ( 'NONE', #1926 ) ;
#6007 = CARTESIAN_POINT ( 'NONE',  ( -3.881702402145739583, 3.395000000000000462, 1.531712435151439733 ) ) ;
#6008 = LINE ( 'NONE', #9829, #1402 ) ;
#6009 = CARTESIAN_POINT ( 'NONE',  ( 5.150000000000001243, 0.8550000000000007594, 0.0000000000000000000 ) ) ;
#6010 =( LENGTH_UNIT ( ) NAMED_UNIT ( * ) SI_UNIT ( .MILLI., .METRE. ) );
#6011 = ORIENTED_EDGE ( 'NONE', *, *, #5354, .F. ) ;
#6012 = SURFACE_STYLE_FILL_AREA ( #2844 ) ;
#6013 = COLOUR_RGB ( '',0.7529411764705882248, 0.7529411764705882248, 0.7529411764705882248 ) ;
#6014 = CARTESIAN_POINT ( 'NONE',  ( -3.749999999999998668, -5.099999999999999645, 1.600000000000000089 ) ) ;
#6015 = CARTESIAN_POINT ( 'NONE',  ( 3.390896534380866800, -4.590896534380864757, 3.500000000000000000 ) ) ;
#6016 = SURFACE_STYLE_USAGE ( .BOTH. , #6068 ) ;
#6017 = AXIS2_PLACEMENT_3D ( 'NONE', #532, #9247, #9149 ) ;
#6018 = FILL_AREA_STYLE ('',( #2850 ) ) ;
#6019 = DIRECTION ( 'NONE',  ( 0.0000000000000000000, 1.000000000000000000, 0.0000000000000000000 ) ) ;
#6020 = PRESENTATION_LAYER_ASSIGNMENT (  '', '', ( #5681 ) ) ;
#6021 = ORIENTED_EDGE ( 'NONE', *, *, #7822, .T. ) ;
#6022 = STYLED_ITEM ( 'NONE', ( #1239 ), #9940 ) ;
#6023 = COLOUR_RGB ( '',0.7529411764705882248, 0.7529411764705882248, 0.7529411764705882248 ) ;
#6024 = DIRECTION ( 'NONE',  ( 0.1736481776669387411, 0.0000000000000000000, 0.9848077530122064660 ) ) ;
#6025 = ORIENTED_EDGE ( 'NONE', *, *, #3830, .T. ) ;
#6026 = LINE ( 'NONE', #9187, #5698 ) ;
#6027 = UNCERTAINTY_MEASURE_WITH_UNIT (LENGTH_MEASURE( 1.000000000000000082E-05 ), #5179, 'distance_accuracy_value', 'NONE');
#6028 = ORIENTED_EDGE ( 'NONE', *, *, #5610, .T. ) ;
#6029 = VECTOR ( 'NONE', #7236, 1000.000000000000000 ) ;
#6030 = AXIS2_PLACEMENT_3D ( 'NONE', #6379, #719, #6935 ) ;
#6031 = EDGE_CURVE ( 'NONE', #8854, #4606, #5023, .T. ) ;
#6032 =( NAMED_UNIT ( * ) PLANE_ANGLE_UNIT ( ) SI_UNIT ( $, .RADIAN. ) );
#6033 = VERTEX_POINT ( 'NONE', #5229 ) ;
#6034 = DIRECTION ( 'NONE',  ( 0.0000000000000000000, -0.2588190451025212946, 0.9659258262890680902 ) ) ;
#6035 = COLOUR_RGB ( '',0.7529411764705882248, 0.7529411764705882248, 0.7529411764705882248 ) ;
#6036 =( LENGTH_UNIT ( ) NAMED_UNIT ( * ) SI_UNIT ( .MILLI., .METRE. ) );
#6037 = COLOUR_RGB ( '',0.7529411764705882248, 0.7529411764705882248, 0.7529411764705882248 ) ;
#6038 = CARTESIAN_POINT ( 'NONE',  ( -3.899999999999999023, 0.8550000000000007594, 1.600000000000000089 ) ) ;
#6039 = FILL_AREA_STYLE ('',( #7597 ) ) ;
#6040 = AXIS2_PLACEMENT_3D ( 'NONE', #5207, #8580, #9912 ) ;
#6041 = EDGE_CURVE ( 'NONE', #4370, #1625, #8191, .T. ) ;
#6042 = PRESENTATION_LAYER_ASSIGNMENT (  '', '', ( #1238 ) ) ;
#6043 = VECTOR ( 'NONE', #6061, 1000.000000000000000 ) ;
#6044 = CARTESIAN_POINT ( 'NONE',  ( 4.494557450338589000, 2.955000000000000071, 0.2999999999999988787 ) ) ;
#6045 = ADVANCED_FACE ( 'NONE', ( #4230 ), #3481, .F. ) ;
#6046 = DIRECTION ( 'NONE',  ( -0.0000000000000000000, -1.000000000000000000, -0.0000000000000000000 ) ) ;
#6047 = ORIENTED_EDGE ( 'NONE', *, *, #5468, .T. ) ;
#6048 = LINE ( 'NONE', #5157, #9697 ) ;
#6049 = DIRECTION ( 'NONE',  ( -0.0000000000000000000, -0.0000000000000000000, -1.000000000000000000 ) ) ;
#6050 = FILL_AREA_STYLE_COLOUR ( '', #8576 ) ;
#6051 = PRESENTATION_LAYER_ASSIGNMENT (  '', '', ( #3251 ) ) ;
#6052 =( NAMED_UNIT ( * ) SI_UNIT ( $, .STERADIAN. ) SOLID_ANGLE_UNIT ( ) );
#6053 = EDGE_CURVE ( 'NONE', #6850, #7373, #8546, .T. ) ;
#6054 = COLOUR_RGB ( '',0.7529411764705882248, 0.7529411764705882248, 0.7529411764705882248 ) ;
#6055 = CARTESIAN_POINT ( 'NONE',  ( -5.149999999999999467, 1.685000000000000275, 0.0000000000000000000 ) ) ;
#6056 = VECTOR ( 'NONE', #3102, 1000.000000000000000 ) ;
#6057 = DIRECTION ( 'NONE',  ( 0.2588190451025213501, 0.0000000000000000000, -0.9659258262890680902 ) ) ;
#6058 = MECHANICAL_DESIGN_GEOMETRIC_PRESENTATION_REPRESENTATION (  '', ( #410 ), #8371 ) ;
#6059 = ORIENTED_EDGE ( 'NONE', *, *, #9340, .F. ) ;
#6060 = DIRECTION ( 'NONE',  ( 0.0000000000000000000, 0.0000000000000000000, -1.000000000000000000 ) ) ;
#6061 = DIRECTION ( 'NONE',  ( -0.2588190451025213501, -0.0000000000000000000, 0.9659258262890680902 ) ) ;
#6062 = CARTESIAN_POINT ( 'NONE',  ( 4.494557450338589000, 2.955000000000000071, 0.2999999999999988787 ) ) ;
#6063 = CARTESIAN_POINT ( 'NONE',  ( -3.800269556891265221, 0.4150000000000004241, 1.732440418475947208 ) ) ;
#6064 = ORIENTED_EDGE ( 'NONE', *, *, #3708, .F. ) ;
#6065 = AXIS2_PLACEMENT_3D ( 'NONE', #10045, #3124, #3697 ) ;
#6066 = EDGE_CURVE ( 'NONE', #6589, #4385, #6273, .T. ) ;
#6067 = DIRECTION ( 'NONE',  ( 0.2588190451025213501, 0.0000000000000000000, -0.9659258262890680902 ) ) ;
#6068 = SURFACE_SIDE_STYLE ('',( #6773 ) ) ;
#6069 = EDGE_LOOP ( 'NONE', ( #5253, #6183, #2042, #9694 ) ) ;
#6070 = LINE ( 'NONE', #1458, #9603 ) ;
#6071 = ORIENTED_EDGE ( 'NONE', *, *, #6309, .T. ) ;
#6072 = DIRECTION ( 'NONE',  ( 0.0000000000000000000, 0.0000000000000000000, -1.000000000000000000 ) ) ;
#6073 = ORIENTED_EDGE ( 'NONE', *, *, #8572, .T. ) ;
#6074 =( GEOMETRIC_REPRESENTATION_CONTEXT ( 3 ) GLOBAL_UNCERTAINTY_ASSIGNED_CONTEXT ( ( #7392 ) ) GLOBAL_UNIT_ASSIGNED_CONTEXT ( ( #9599, #8985, #6549 ) ) REPRESENTATION_CONTEXT ( 'NONE', 'WORKASPACE' ) );
#6075 = DIRECTION ( 'NONE',  ( 0.0000000000000000000, 0.0000000000000000000, 1.000000000000000000 ) ) ;
#6076 = EDGE_LOOP ( 'NONE', ( #4346, #3914, #4624, #7135 ) ) ;
#6077 =( LENGTH_UNIT ( ) NAMED_UNIT ( * ) SI_UNIT ( .MILLI., .METRE. ) );
#6078 = ORIENTED_EDGE ( 'NONE', *, *, #3455, .T. ) ;
#6079 = DIRECTION ( 'NONE',  ( -0.1736481776669387411, 0.0000000000000000000, -0.9848077530122064660 ) ) ;
#6080 = EDGE_CURVE ( 'NONE', #1625, #8657, #7727, .T. ) ;
#6081 = SURFACE_STYLE_FILL_AREA ( #7701 ) ;
#6082 = CARTESIAN_POINT ( 'NONE',  ( -4.494557450338589000, 4.665000000000000924, 0.3000000000000000444 ) ) ;
#6083 = CARTESIAN_POINT ( 'NONE',  ( -3.990737311234597406, -4.665000000000000036, 1.429674850314565093 ) ) ;
#6084 = LINE ( 'NONE', #5411, #3482 ) ;
#6085 = AXIS2_PLACEMENT_3D ( 'NONE', #7041, #6367, #4806 ) ;
#6086 = ORIENTED_EDGE ( 'NONE', *, *, #8705, .F. ) ;
#6087 = SURFACE_STYLE_FILL_AREA ( #2931 ) ;
#6088 = AXIS2_PLACEMENT_3D ( 'NONE', #8959, #1916, #8284 ) ;
#6089 = CARTESIAN_POINT ( 'NONE',  ( -4.184149331665849125, -2.125000000000000000, 1.484534871776029386 ) ) ;
#6090 = FACE_OUTER_BOUND ( 'NONE', #6216, .T. ) ;
#6091 = CARTESIAN_POINT ( 'NONE',  ( -5.149999999999998579, -3.394999999999999574, 0.0000000000000000000 ) ) ;
#6092 = CARTESIAN_POINT ( 'NONE',  ( -4.494557450338588112, -1.684999999999999831, 0.3000000000000000444 ) ) ;
#6093 = FILL_AREA_STYLE ('',( #5214 ) ) ;
#6094 = EDGE_CURVE ( 'NONE', #5439, #3180, #3006, .T. ) ;
#6095 = MECHANICAL_DESIGN_GEOMETRIC_PRESENTATION_REPRESENTATION (  '', ( #4772 ), #9408 ) ;
#6096 = AXIS2_PLACEMENT_3D ( 'NONE', #10163, #7600, #4416 ) ;
#6097 = UNCERTAINTY_MEASURE_WITH_UNIT (LENGTH_MEASURE( 1.000000000000000082E-05 ), #196, 'distance_accuracy_value', 'NONE');
#6098 = CARTESIAN_POINT ( 'NONE',  ( 4.396076675037371650, -2.954999999999999183, 0.2826351822333049157 ) ) ;
#6099 = FILL_AREA_STYLE_COLOUR ( '', #6425 ) ;
#6100 = UNCERTAINTY_MEASURE_WITH_UNIT (LENGTH_MEASURE( 1.000000000000000082E-05 ), #6592, 'distance_accuracy_value', 'NONE');
#6101 = DIRECTION ( 'NONE',  ( 0.0000000000000000000, 0.0000000000000000000, -1.000000000000000000 ) ) ;
#6102 = DIRECTION ( 'NONE',  ( -0.0000000000000000000, -1.000000000000000000, -0.0000000000000000000 ) ) ;
#6103 = ORIENTED_EDGE ( 'NONE', *, *, #8600, .F. ) ;
#6104 = DIRECTION ( 'NONE',  ( 0.0000000000000000000, 0.0000000000000000000, -1.000000000000000000 ) ) ;
#6105 = EDGE_CURVE ( 'NONE', #3352, #3809, #8293, .T. ) ;
#6106 = VERTEX_POINT ( 'NONE', #2129 ) ;
#6107 = SURFACE_STYLE_USAGE ( .BOTH. , #6818 ) ;
#6108 = DIRECTION ( 'NONE',  ( 0.0000000000000000000, 0.0000000000000000000, 1.000000000000000000 ) ) ;
#6109 = ADVANCED_FACE ( 'NONE', ( #8597, #6929 ), #2230, .F. ) ;
#6110 = COLOUR_RGB ( '',0.7529411764705882248, 0.7529411764705882248, 0.7529411764705882248 ) ;
#6111 = DIRECTION ( 'NONE',  ( -0.0000000000000000000, -1.000000000000000000, -0.0000000000000000000 ) ) ;
#6112 = FACE_OUTER_BOUND ( 'NONE', #2690, .T. ) ;
#6113 = ORIENTED_EDGE ( 'NONE', *, *, #1664, .F. ) ;
#6114 = CARTESIAN_POINT ( 'NONE',  ( 3.899999999999999911, 4.949999999999999289, 1.600000000000000089 ) ) ;
#6115 =( NAMED_UNIT ( * ) PLANE_ANGLE_UNIT ( ) SI_UNIT ( $, .RADIAN. ) );
#6116 = LINE ( 'NONE', #7625, #5382 ) ;
#6117 =( GEOMETRIC_REPRESENTATION_CONTEXT ( 3 ) GLOBAL_UNCERTAINTY_ASSIGNED_CONTEXT ( ( #3353 ) ) GLOBAL_UNIT_ASSIGNED_CONTEXT ( ( #1328, #4535, #5318 ) ) REPRESENTATION_CONTEXT ( 'NONE', 'WORKASPACE' ) );
#6118 = SURFACE_STYLE_FILL_AREA ( #611 ) ;
#6119 = CARTESIAN_POINT ( 'NONE',  ( 4.494557450338589888, -0.8549999999999998712, 0.2999999999999988787 ) ) ;
#6120 = VERTEX_POINT ( 'NONE', #5383 ) ;
#6121 = EDGE_CURVE ( 'NONE', #8552, #7167, #502, .T. ) ;
#6122 = ORIENTED_EDGE ( 'NONE', *, *, #9414, .F. ) ;
#6123 = CIRCLE ( 'NONE', #7454, 0.2999999999999999334 ) ;
#6124 = ORIENTED_EDGE ( 'NONE', *, *, #9532, .F. ) ;
#6125 = VERTEX_POINT ( 'NONE', #1446 ) ;
#6126 = COLOUR_RGB ( '',0.7529411764705882248, 0.7529411764705882248, 0.7529411764705882248 ) ;
#6127 = AXIS2_PLACEMENT_3D ( 'NONE', #7484, #5726, #3451 ) ;
#6128 = PRESENTATION_STYLE_ASSIGNMENT (( #10057 ) ) ;
#6129 = VERTEX_POINT ( 'NONE', #6823 ) ;
#6130 = UNCERTAINTY_MEASURE_WITH_UNIT (LENGTH_MEASURE( 1.000000000000000082E-05 ), #6579, 'distance_accuracy_value', 'NONE');
#6131 = SURFACE_STYLE_FILL_AREA ( #9140 ) ;
#6132 = VERTEX_POINT ( 'NONE', #9991 ) ;
#6133 = MECHANICAL_DESIGN_GEOMETRIC_PRESENTATION_REPRESENTATION (  '', ( #661 ), #2162 ) ;
#6134 = DIRECTION ( 'NONE',  ( 0.0000000000000000000, -0.0000000000000000000, -1.000000000000000000 ) ) ;
#6135 = AXIS2_PLACEMENT_3D ( 'NONE', #7152, #7979, #8757 ) ;
#6136 = SURFACE_SIDE_STYLE ('',( #582 ) ) ;
#6137 = DIRECTION ( 'NONE',  ( 2.451907390652843255E-15, 0.0000000000000000000, -1.000000000000000000 ) ) ;
#6138 = DIRECTION ( 'NONE',  ( 1.000000000000000000, -0.0000000000000000000, -2.605290765066735698E-15 ) ) ;
#6139 = CARTESIAN_POINT ( 'NONE',  ( -3.899999999999999911, 4.225000000000000533, 1.600000000000000089 ) ) ;
#6140 = ORIENTED_EDGE ( 'NONE', *, *, #7944, .T. ) ;
#6141 =( NAMED_UNIT ( * ) SI_UNIT ( $, .STERADIAN. ) SOLID_ANGLE_UNIT ( ) );
#6142 = CARTESIAN_POINT ( 'NONE',  ( 5.150000000000000355, 3.395000000000000462, 0.0000000000000000000 ) ) ;
#6143 = SURFACE_STYLE_USAGE ( .BOTH. , #8475 ) ;
#6144 =( NAMED_UNIT ( * ) PLANE_ANGLE_UNIT ( ) SI_UNIT ( $, .RADIAN. ) );
#6145 = VECTOR ( 'NONE', #6524, 1000.000000000000227 ) ;
#6146 = DIRECTION ( 'NONE',  ( -0.0000000000000000000, -1.000000000000000000, -0.0000000000000000000 ) ) ;
#6147 = CARTESIAN_POINT ( 'NONE',  ( 3.900000000000001243, -4.949999999999999289, 1.600000000000000311 ) ) ;
#6148 = CARTESIAN_POINT ( 'NONE',  ( 4.494557450338589888, -1.684999999999999831, 0.2999999999999988787 ) ) ;
#6149 = DIRECTION ( 'NONE',  ( -0.2588190451025212946, -4.535146197669130904E-17, -0.9659258262890680902 ) ) ;
#6150 = PRESENTATION_STYLE_ASSIGNMENT (( #2943 ) ) ;
#6151 = ORIENTED_EDGE ( 'NONE', *, *, #5213, .F. ) ;
#6152 = ORIENTED_EDGE ( 'NONE', *, *, #5354, .T. ) ;
#6153 = EDGE_CURVE ( 'NONE', #8727, #1705, #6218, .T. ) ;
#6154 = CARTESIAN_POINT ( 'NONE',  ( -3.881702402145740027, 4.665000000000000924, 1.531712435151439733 ) ) ;
#6155 = ORIENTED_EDGE ( 'NONE', *, *, #5441, .F. ) ;
#6156 = CARTESIAN_POINT ( 'NONE',  ( -5.149999999999999467, -2.125000000000000000, 0.0000000000000000000 ) ) ;
#6157 = LINE ( 'NONE', #5225, #5247 ) ;
#6158 = VECTOR ( 'NONE', #9766, 1000.000000000000000 ) ;
#6159 =( NAMED_UNIT ( * ) SI_UNIT ( $, .STERADIAN. ) SOLID_ANGLE_UNIT ( ) );
#6160 = CARTESIAN_POINT ( 'NONE',  ( 4.494557450338585447, 4.665000000000000924, 5.421010862427522170E-16 ) ) ;
#6161 = ORIENTED_EDGE ( 'NONE', *, *, #9630, .T. ) ;
#6162 = SURFACE_STYLE_FILL_AREA ( #3062 ) ;
#6163 = LINE ( 'NONE', #3063, #8456 ) ;
#6164 = EDGE_CURVE ( 'NONE', #376, #1092, #6878, .T. ) ;
#6165 = EDGE_CURVE ( 'NONE', #10035, #6761, #9372, .T. ) ;
#6166 = STYLED_ITEM ( 'NONE', ( #8099 ), #7816 ) ;
#6167 = DIRECTION ( 'NONE',  ( -0.0000000000000000000, -1.000000000000000000, 0.0000000000000000000 ) ) ;
#6168 =( NAMED_UNIT ( * ) SI_UNIT ( $, .STERADIAN. ) SOLID_ANGLE_UNIT ( ) );
#6169 = SURFACE_STYLE_USAGE ( .BOTH. , #5333 ) ;
#6170 = LINE ( 'NONE', #3894, #9973 ) ;
#6171 = ORIENTED_EDGE ( 'NONE', *, *, #1809, .T. ) ;
#6172 = ADVANCED_FACE ( 'NONE', ( #4859 ), #3167, .T. ) ;
#6173 = VECTOR ( 'NONE', #544, 1000.000000000000000 ) ;
#6174 = FILL_AREA_STYLE_COLOUR ( '', #3235 ) ;
#6175 = ORIENTED_EDGE ( 'NONE', *, *, #2746, .F. ) ;
#6176 = AXIS2_PLACEMENT_3D ( 'NONE', #808, #9319, #1543 ) ;
#6177 = PRESENTATION_STYLE_ASSIGNMENT (( #8608 ) ) ;
#6178 = VERTEX_POINT ( 'NONE', #4125 ) ;
#6179 = STYLED_ITEM ( 'NONE', ( #7033 ), #1929 ) ;
#6180 = EDGE_CURVE ( 'NONE', #653, #8965, #131, .T. ) ;
#6181 = SURFACE_STYLE_USAGE ( .BOTH. , #7064 ) ;
#6182 = CARTESIAN_POINT ( 'NONE',  ( -4.184149331665848237, 0.8550000000000007594, 1.484534871776029163 ) ) ;
#6183 = ORIENTED_EDGE ( 'NONE', *, *, #5576, .F. ) ;
#6184 = PRESENTATION_LAYER_ASSIGNMENT (  '', '', ( #1888 ) ) ;
#6185 = PRESENTATION_LAYER_ASSIGNMENT (  '', '', ( #3713 ) ) ;
#6186 = FILL_AREA_STYLE_COLOUR ( '', #4730 ) ;
#6187 = VERTEX_POINT ( 'NONE', #7198 ) ;
#6188 = ORIENTED_EDGE ( 'NONE', *, *, #7061, .F. ) ;
#6189 = DIRECTION ( 'NONE',  ( -0.0000000000000000000, -1.000000000000000000, -0.0000000000000000000 ) ) ;
#6190 = ADVANCED_FACE ( 'NONE', ( #9473 ), #2530, .F. ) ;
#6191 =( GEOMETRIC_REPRESENTATION_CONTEXT ( 3 ) GLOBAL_UNCERTAINTY_ASSIGNED_CONTEXT ( ( #5403 ) ) GLOBAL_UNIT_ASSIGNED_CONTEXT ( ( #8257, #4938, #3405 ) ) REPRESENTATION_CONTEXT ( 'NONE', 'WORKASPACE' ) );
#6192 = FILL_AREA_STYLE ('',( #10118 ) ) ;
#6193 = FILL_AREA_STYLE_COLOUR ( '', #2811 ) ;
#6194 = AXIS2_PLACEMENT_3D ( 'NONE', #8878, #1720, #9743 ) ;
#6195 = ORIENTED_EDGE ( 'NONE', *, *, #3515, .T. ) ;
#6196 =( NAMED_UNIT ( * ) SI_UNIT ( $, .STERADIAN. ) SOLID_ANGLE_UNIT ( ) );
#6197 = CARTESIAN_POINT ( 'NONE',  ( 3.888707005762191304, -4.665000000000000036, 1.732440418475945654 ) ) ;
#6198 = FILL_AREA_STYLE_COLOUR ( '', #1470 ) ;
#6199 = AXIS2_PLACEMENT_3D ( 'NONE', #8654, #4720, #7890 ) ;
#6200 = DIRECTION ( 'NONE',  ( 0.0000000000000000000, 1.000000000000000000, -0.0000000000000000000 ) ) ;
#6201 = FILL_AREA_STYLE ('',( #695 ) ) ;
#6202 = STYLED_ITEM ( 'NONE', ( #1025 ), #9446 ) ;
#6203 = VECTOR ( 'NONE', #1064, 1000.000000000000000 ) ;
#6204 = UNCERTAINTY_MEASURE_WITH_UNIT (LENGTH_MEASURE( 1.000000000000000082E-05 ), #9027, 'distance_accuracy_value', 'NONE');
#6205 = SURFACE_STYLE_FILL_AREA ( #8430 ) ;
#6206 = COLOUR_RGB ( '',0.1176470588235294101, 0.1176470588235294101, 0.1176470588235294101 ) ;
#6207 = UNCERTAINTY_MEASURE_WITH_UNIT (LENGTH_MEASURE( 1.000000000000000082E-05 ), #1332, 'distance_accuracy_value', 'NONE');
#6208 = ORIENTED_EDGE ( 'NONE', *, *, #4706, .F. ) ;
#6209 = VERTEX_POINT ( 'NONE', #5581 ) ;
#6210 = PLANE ( 'NONE',  #6695 ) ;
#6211 = ORIENTED_EDGE ( 'NONE', *, *, #248, .F. ) ;
#6212 = CYLINDRICAL_SURFACE ( 'NONE', #5367, 0.2999999999999999334 ) ;
#6214 = DIRECTION ( 'NONE',  ( -0.0000000000000000000, -1.000000000000000000, -0.0000000000000000000 ) ) ;
#6213 = COLOUR_RGB ( '',0.7529411764705882248, 0.7529411764705882248, 0.7529411764705882248 ) ;
#6215 = DIRECTION ( 'NONE',  ( 0.0000000000000000000, 0.0000000000000000000, -1.000000000000000000 ) ) ;
#6216 = EDGE_LOOP ( 'NONE', ( #8038, #2138, #2538, #7394 ) ) ;
#6217 = AXIS2_PLACEMENT_3D ( 'NONE', #8353, #3591, #2794 ) ;
#6218 = LINE ( 'NONE', #3840, #3499 ) ;
#6219 = PLANE ( 'NONE',  #6825 ) ;
#6220 = EDGE_CURVE ( 'NONE', #6669, #7965, #3990, .T. ) ;
#6221 = PRESENTATION_LAYER_ASSIGNMENT (  '', '', ( #4422 ) ) ;
#6222 = FILL_AREA_STYLE_COLOUR ( '', #2247 ) ;
#6223 =( LENGTH_UNIT ( ) NAMED_UNIT ( * ) SI_UNIT ( .MILLI., .METRE. ) );
#6224 = DIRECTION ( 'NONE',  ( 0.0000000000000000000, 0.0000000000000000000, -1.000000000000000000 ) ) ;
#6225 = DIRECTION ( 'NONE',  ( -0.0000000000000000000, -1.000000000000000000, -0.0000000000000000000 ) ) ;
#6226 = CARTESIAN_POINT ( 'NONE',  ( -4.494557450338588112, 1.685000000000000275, 0.1999999999999999833 ) ) ;
#6227 = ORIENTED_EDGE ( 'NONE', *, *, #575, .F. ) ;
#6228 = PRESENTATION_LAYER_ASSIGNMENT (  '', '', ( #9522 ) ) ;
#6229 = SURFACE_STYLE_USAGE ( .BOTH. , #3847 ) ;
#6230 = PRESENTATION_LAYER_ASSIGNMENT (  '', '', ( #418 ) ) ;
#6231 = EDGE_CURVE ( 'NONE', #1063, #7867, #179, .T. ) ;
#6232 = ORIENTED_EDGE ( 'NONE', *, *, #1934, .F. ) ;
#6233 = EDGE_CURVE ( 'NONE', #9069, #6106, #1841, .T. ) ;
#6234 = PLANE ( 'NONE',  #8785 ) ;
#6235 = ORIENTED_EDGE ( 'NONE', *, *, #7933, .F. ) ;
#6236 = EDGE_CURVE ( 'NONE', #8940, #10269, #8904, .T. ) ;
#6237 = STYLED_ITEM ( 'NONE', ( #8860 ), #4244 ) ;
#6238 = DIRECTION ( 'NONE',  ( 0.0000000000000000000, 0.0000000000000000000, 1.000000000000000000 ) ) ;
#6239 = DIRECTION ( 'NONE',  ( -0.0000000000000000000, -0.0000000000000000000, -1.000000000000000000 ) ) ;
#6240 = VECTOR ( 'NONE', #9924, 1000.000000000000000 ) ;
#6241 = VERTEX_POINT ( 'NONE', #5948 ) ;
#6242 = CARTESIAN_POINT ( 'NONE',  ( 5.150000000000002132, -4.224999999999999645, 0.0000000000000000000 ) ) ;
#6243 = EDGE_CURVE ( 'NONE', #3809, #6365, #3571, .T. ) ;
#6244 = ORIENTED_EDGE ( 'NONE', *, *, #7315, .F. ) ;
#6245 = EDGE_CURVE ( 'NONE', #1111, #1538, #3426, .T. ) ;
#6246 = FACE_OUTER_BOUND ( 'NONE', #2588, .T. ) ;
#6247 = SURFACE_STYLE_USAGE ( .BOTH. , #5659 ) ;
#6248 = SURFACE_STYLE_FILL_AREA ( #6192 ) ;
#6249 = VERTEX_POINT ( 'NONE', #8956 ) ;
#6250 = UNCERTAINTY_MEASURE_WITH_UNIT (LENGTH_MEASURE( 1.000000000000000082E-05 ), #8338, 'distance_accuracy_value', 'NONE');
#6251 = DIRECTION ( 'NONE',  ( 1.000000000000000000, -0.0000000000000000000, -2.605290765066735698E-15 ) ) ;
#6252 = LINE ( 'NONE', #3201, #5623 ) ;
#6253 = ORIENTED_EDGE ( 'NONE', *, *, #1208, .F. ) ;
#6254 = FILL_AREA_STYLE_COLOUR ( '', #7201 ) ;
#6255 = FILL_AREA_STYLE ('',( #3103 ) ) ;
#6256 = EDGE_CURVE ( 'NONE', #4245, #3899, #5011, .T. ) ;
#6257 = VECTOR ( 'NONE', #6, 1000.000000000000000 ) ;
#6258 = VECTOR ( 'NONE', #7862, 1000.000000000000000 ) ;
#6259 =( NAMED_UNIT ( * ) SI_UNIT ( $, .STERADIAN. ) SOLID_ANGLE_UNIT ( ) );
#6260 = FACE_OUTER_BOUND ( 'NONE', #5497, .T. ) ;
#6261 = LINE ( 'NONE', #2470, #4423 ) ;
#6262 = VECTOR ( 'NONE', #6611, 1000.000000000000000 ) ;
#6263 = LINE ( 'NONE', #9217, #7269 ) ;
#6264 = ORIENTED_EDGE ( 'NONE', *, *, #5899, .T. ) ;
#6265 = VERTEX_POINT ( 'NONE', #2010 ) ;
#6266 = ORIENTED_EDGE ( 'NONE', *, *, #5199, .T. ) ;
#6267 = SURFACE_STYLE_FILL_AREA ( #7770 ) ;
#6268 = DIRECTION ( 'NONE',  ( 1.000000000000000000, 0.0000000000000000000, 0.0000000000000000000 ) ) ;
#6269 = SURFACE_SIDE_STYLE ('',( #3117 ) ) ;
#6270 = SURFACE_STYLE_FILL_AREA ( #35 ) ;
#6271 = ORIENTED_EDGE ( 'NONE', *, *, #9200, .F. ) ;
#6272 = VECTOR ( 'NONE', #480, 1000.000000000000000 ) ;
#6273 = LINE ( 'NONE', #4595, #6955 ) ;
#6274 = CARTESIAN_POINT ( 'NONE',  ( -3.990737311234598295, 0.8550000000000007594, 1.429674850314565093 ) ) ;
#6275 = CARTESIAN_POINT ( 'NONE',  ( -4.199115124434926294, 0.8550000000000007594, 0.2479055466999170732 ) ) ;
#6276 = DIRECTION ( 'NONE',  ( 0.0000000000000000000, 1.000000000000000000, -0.0000000000000000000 ) ) ;
#6277 = LINE ( 'NONE', #6226, #3318 ) ;
#6278 = MECHANICAL_DESIGN_GEOMETRIC_PRESENTATION_REPRESENTATION (  '', ( #5936 ), #5601 ) ;
#6279 = ORIENTED_EDGE ( 'NONE', *, *, #1420, .F. ) ;
#6280 = AXIS2_PLACEMENT_3D ( 'NONE', #6119, #10210, #2132 ) ;
#6281 = DIRECTION ( 'NONE',  ( 1.000000000000000000, 0.0000000000000000000, 0.0000000000000000000 ) ) ;
#6282 = ORIENTED_EDGE ( 'NONE', *, *, #184, .F. ) ;
#6283 = SURFACE_SIDE_STYLE ('',( #3850 ) ) ;
#6284 = ORIENTED_EDGE ( 'NONE', *, *, #7776, .F. ) ;
#6285 = PRESENTATION_LAYER_ASSIGNMENT (  '', '', ( #8101 ) ) ;
#6286 = CARTESIAN_POINT ( 'NONE',  ( -4.494557450338587223, -2.954999999999999183, 0.1999999999999999833 ) ) ;
#6287 = CARTESIAN_POINT ( 'NONE',  ( -4.494557450338583671, -4.224999999999999645, 1.680513367352531873E-15 ) ) ;
#6288 = FILL_AREA_STYLE ('',( #10108 ) ) ;
#6289 =( NAMED_UNIT ( * ) SI_UNIT ( $, .STERADIAN. ) SOLID_ANGLE_UNIT ( ) );
#6290 =( GEOMETRIC_REPRESENTATION_CONTEXT ( 3 ) GLOBAL_UNCERTAINTY_ASSIGNED_CONTEXT ( ( #5721 ) ) GLOBAL_UNIT_ASSIGNED_CONTEXT ( ( #3970, #7177, #59 ) ) REPRESENTATION_CONTEXT ( 'NONE', 'WORKASPACE' ) );
#6291 = EDGE_CURVE ( 'NONE', #6669, #1187, #9717, .T. ) ;
#6292 =( NAMED_UNIT ( * ) SI_UNIT ( $, .STERADIAN. ) SOLID_ANGLE_UNIT ( ) );
#6293 = ORIENTED_EDGE ( 'NONE', *, *, #4448, .T. ) ;
#6294 = DIRECTION ( 'NONE',  ( -0.0000000000000000000, -1.000000000000000000, -0.0000000000000000000 ) ) ;
#6295 = MECHANICAL_DESIGN_GEOMETRIC_PRESENTATION_REPRESENTATION (  '', ( #156 ), #4 ) ;
#6296 = VERTEX_POINT ( 'NONE', #2730 ) ;
#6297 = EDGE_CURVE ( 'NONE', #7782, #1308, #4977, .T. ) ;
#6298 = EDGE_CURVE ( 'NONE', #5422, #190, #7408, .T. ) ;
#6299 = CARTESIAN_POINT ( 'NONE',  ( -3.750000000000000000, 4.949999999999999289, 2.159807621135330091 ) ) ;
#6300 = CARTESIAN_POINT ( 'NONE',  ( 3.868266076183285218, 4.225000000000000533, 1.408079867214328207 ) ) ;
#6301 = ADVANCED_FACE ( 'NONE', ( #4268 ), #7455, .F. ) ;
#6302 = DIRECTION ( 'NONE',  ( -0.0000000000000000000, -1.000000000000000000, -0.0000000000000000000 ) ) ;
#6303 = SURFACE_STYLE_FILL_AREA ( #5512 ) ;
#6304 = PLANE ( 'NONE',  #3638 ) ;
#6305 = PRESENTATION_LAYER_ASSIGNMENT (  '', '', ( #8118 ) ) ;
#6306 = PRESENTATION_LAYER_ASSIGNMENT (  '', '', ( #1833 ) ) ;
#6307 = CIRCLE ( 'NONE', #6135, 0.1243605512616186154 ) ;
#6308 = PRESENTATION_STYLE_ASSIGNMENT (( #4112 ) ) ;
#6309 = EDGE_CURVE ( 'NONE', #4943, #3381, #6606, .T. ) ;
#6310 = COLOUR_RGB ( '',0.7529411764705882248, 0.7529411764705882248, 0.7529411764705882248 ) ;
#6311 = FILL_AREA_STYLE ('',( #7129 ) ) ;
#6312 = FILL_AREA_STYLE ('',( #7863 ) ) ;
#6313 =( NAMED_UNIT ( * ) SI_UNIT ( $, .STERADIAN. ) SOLID_ANGLE_UNIT ( ) );
#6314 = EDGE_LOOP ( 'NONE', ( #2324, #6315, #3054, #1816 ) ) ;
#6315 = ORIENTED_EDGE ( 'NONE', *, *, #6865, .F. ) ;
#6316 = VERTEX_POINT ( 'NONE', #6657 ) ;
#6317 = DIRECTION ( 'NONE',  ( 0.0000000000000000000, 0.0000000000000000000, 1.000000000000000000 ) ) ;
#6318 = PRESENTATION_STYLE_ASSIGNMENT (( #7921 ) ) ;
#6319 = FILL_AREA_STYLE ('',( #2478 ) ) ;
#6320 = MECHANICAL_DESIGN_GEOMETRIC_PRESENTATION_REPRESENTATION (  '', ( #2185 ), #3506 ) ;
#6321 = MECHANICAL_DESIGN_GEOMETRIC_PRESENTATION_REPRESENTATION (  '', ( #2647 ), #10115 ) ;
#6322 = EDGE_CURVE ( 'NONE', #8724, #160, #674, .T. ) ;
#6323 = FILL_AREA_STYLE ('',( #5538 ) ) ;
#6324 =( NAMED_UNIT ( * ) SI_UNIT ( $, .STERADIAN. ) SOLID_ANGLE_UNIT ( ) );
#6325 = CARTESIAN_POINT ( 'NONE',  ( -4.494557450338587223, -4.224999999999999645, 0.3000000000000000444 ) ) ;
#6326 = ORIENTED_EDGE ( 'NONE', *, *, #9581, .T. ) ;
#6327 = SURFACE_SIDE_STYLE ('',( #1552 ) ) ;
#6328 = VECTOR ( 'NONE', #2709, 1000.000000000000000 ) ;
#6329 =( NAMED_UNIT ( * ) PLANE_ANGLE_UNIT ( ) SI_UNIT ( $, .RADIAN. ) );
#6330 = EDGE_LOOP ( 'NONE', ( #3813, #8221, #30, #1948 ) ) ;
#6331 = CARTESIAN_POINT ( 'NONE',  ( -3.990737311234599183, 3.395000000000000462, 1.429674850314565093 ) ) ;
#6332 = AXIS2_PLACEMENT_3D ( 'NONE', #2114, #6200, #2159 ) ;
#6333 = SURFACE_SIDE_STYLE ('',( #2347 ) ) ;
#6334 = SURFACE_STYLE_FILL_AREA ( #6288 ) ;
#6335 = DIRECTION ( 'NONE',  ( -0.0000000000000000000, -1.000000000000000000, -0.0000000000000000000 ) ) ;
#6336 = CARTESIAN_POINT ( 'NONE',  ( -3.881702402145738695, -2.954999999999999183, 1.531712435151439733 ) ) ;
#6337 = UNCERTAINTY_MEASURE_WITH_UNIT (LENGTH_MEASURE( 1.000000000000000082E-05 ), #3606, 'distance_accuracy_value', 'NONE');
#6338 = SURFACE_STYLE_FILL_AREA ( #2354 ) ;
#6339 = ORIENTED_EDGE ( 'NONE', *, *, #5412, .T. ) ;
#6340 = COLOUR_RGB ( '',0.7529411764705882248, 0.7529411764705882248, 0.7529411764705882248 ) ;
#6341 = ORIENTED_EDGE ( 'NONE', *, *, #3351, .T. ) ;
#6342 =( LENGTH_UNIT ( ) NAMED_UNIT ( * ) SI_UNIT ( .MILLI., .METRE. ) );
#6343 =( GEOMETRIC_REPRESENTATION_CONTEXT ( 3 ) GLOBAL_UNCERTAINTY_ASSIGNED_CONTEXT ( ( #185 ) ) GLOBAL_UNIT_ASSIGNED_CONTEXT ( ( #6077, #10116, #10064 ) ) REPRESENTATION_CONTEXT ( 'NONE', 'WORKASPACE' ) );
#6344 = EDGE_CURVE ( 'NONE', #5401, #10252, #3624, .T. ) ;
#6345 = ORIENTED_EDGE ( 'NONE', *, *, #3773, .F. ) ;
#6346 = DIRECTION ( 'NONE',  ( -0.0000000000000000000, -1.000000000000000000, -0.0000000000000000000 ) ) ;
#6347 = VECTOR ( 'NONE', #9909, 1000.000000000000000 ) ;
#6348 = AXIS2_PLACEMENT_3D ( 'NONE', #8309, #2287, #5926 ) ;
#6349 = CARTESIAN_POINT ( 'NONE',  ( 3.900000000000001243, -1.684999999999999831, 1.600000000000000089 ) ) ;
#6350 = CARTESIAN_POINT ( 'NONE',  ( -5.149999999999999467, -1.684999999999999831, 0.0000000000000000000 ) ) ;
#6351 = CARTESIAN_POINT ( 'NONE',  ( 3.900000000000000355, 1.685000000000000275, 1.600000000000000089 ) ) ;
#6352 =( NAMED_UNIT ( * ) PLANE_ANGLE_UNIT ( ) SI_UNIT ( $, .RADIAN. ) );
#6353 = AXIS2_PLACEMENT_3D ( 'NONE', #7117, #3193, #1422 ) ;
#6354 = EDGE_CURVE ( 'NONE', #739, #6921, #1811, .T. ) ;
#6355 = EDGE_CURVE ( 'NONE', #7726, #1092, #3349, .T. ) ;
#6356 = CARTESIAN_POINT ( 'NONE',  ( -3.888707005762188640, 0.4150000000000004241, 1.432440418475948274 ) ) ;
#6357 = VECTOR ( 'NONE', #6149, 1000.000000000000114 ) ;
#6358 = EDGE_CURVE ( 'NONE', #916, #1256, #8334, .T. ) ;
#6359 = CARTESIAN_POINT ( 'NONE',  ( 4.494557450338589888, -1.684999999999999831, 0.2999999999999988787 ) ) ;
#6360 = STYLED_ITEM ( 'NONE', ( #4196 ), #8492 ) ;
#6361 =( LENGTH_UNIT ( ) NAMED_UNIT ( * ) SI_UNIT ( .MILLI., .METRE. ) );
#6362 = ORIENTED_EDGE ( 'NONE', *, *, #7635, .T. ) ;
#6363 = ORIENTED_EDGE ( 'NONE', *, *, #3519, .T. ) ;
#6364 = DIRECTION ( 'NONE',  ( 0.0000000000000000000, 0.0000000000000000000, 1.000000000000000000 ) ) ;
#6365 = VERTEX_POINT ( 'NONE', #3681 ) ;
#6366 = CARTESIAN_POINT ( 'NONE',  ( -4.199115124434925406, -4.224999999999999645, 0.2479055466999170732 ) ) ;
#6367 = DIRECTION ( 'NONE',  ( -0.0000000000000000000, -0.0000000000000000000, 1.000000000000000000 ) ) ;
#6368 = MECHANICAL_DESIGN_GEOMETRIC_PRESENTATION_REPRESENTATION (  '', ( #5061 ), #9828 ) ;
#6369 = STYLED_ITEM ( 'NONE', ( #4028 ), #9024 ) ;
#6370 = FILL_AREA_STYLE ('',( #10258 ) ) ;
#6371 = VECTOR ( 'NONE', #901, 1000.000000000000000 ) ;
#6372 = DIRECTION ( 'NONE',  ( 4.342151275111226558E-15, 0.0000000000000000000, -1.000000000000000000 ) ) ;
#6373 = CARTESIAN_POINT ( 'NONE',  ( -4.494557450338588112, 0.8550000000000007594, 0.1999999999999999833 ) ) ;
#6374 = FILL_AREA_STYLE ('',( #3281 ) ) ;
#6375 = MECHANICAL_DESIGN_GEOMETRIC_PRESENTATION_REPRESENTATION (  '', ( #6689 ), #3243 ) ;
#6376 = FILL_AREA_STYLE_COLOUR ( '', #1378 ) ;
#6377 = STYLED_ITEM ( 'NONE', ( #536 ), #9212 ) ;
#6378 = ORIENTED_EDGE ( 'NONE', *, *, #2739, .F. ) ;
#6379 = CARTESIAN_POINT ( 'NONE',  ( -4.494557450338589000, 2.955000000000000071, 0.2999999999999999334 ) ) ;
#6380 = LINE ( 'NONE', #7311, #6145 ) ;
#6381 = ORIENTED_EDGE ( 'NONE', *, *, #4503, .T. ) ;
#6382 = EDGE_CURVE ( 'NONE', #2423, #10252, #10190, .T. ) ;
#6383 = FILL_AREA_STYLE_COLOUR ( '', #3824 ) ;
#6384 = SURFACE_SIDE_STYLE ('',( #822 ) ) ;
#6385 = MECHANICAL_DESIGN_GEOMETRIC_PRESENTATION_REPRESENTATION (  '', ( #2411 ), #1751 ) ;
#6386 =( GEOMETRIC_REPRESENTATION_CONTEXT ( 3 ) GLOBAL_UNCERTAINTY_ASSIGNED_CONTEXT ( ( #4213 ) ) GLOBAL_UNIT_ASSIGNED_CONTEXT ( ( #991, #5670, #1734 ) ) REPRESENTATION_CONTEXT ( 'NONE', 'WORKASPACE' ) );
#6387 = DIRECTION ( 'NONE',  ( -1.000000000000000000, -0.0000000000000000000, 8.270764333545149118E-16 ) ) ;
#6388 =( GEOMETRIC_REPRESENTATION_CONTEXT ( 3 ) GLOBAL_UNCERTAINTY_ASSIGNED_CONTEXT ( ( #9031 ) ) GLOBAL_UNIT_ASSIGNED_CONTEXT ( ( #8749, #4811, #3331 ) ) REPRESENTATION_CONTEXT ( 'NONE', 'WORKASPACE' ) );
#6389 = CARTESIAN_POINT ( 'NONE',  ( 3.750000000000000888, 4.949999999999999289, 1.040192378864673195 ) ) ;
#6390 = MECHANICAL_DESIGN_GEOMETRIC_PRESENTATION_REPRESENTATION (  '', ( #581 ), #7214 ) ;
#6391 = DIRECTION ( 'NONE',  ( -0.1736481776669387411, 0.0000000000000000000, -0.9848077530122064660 ) ) ;
#6392 = LINE ( 'NONE', #48, #9375 ) ;
#6393 = ORIENTED_EDGE ( 'NONE', *, *, #4019, .F. ) ;
#6394 = ORIENTED_EDGE ( 'NONE', *, *, #1414, .F. ) ;
#6395 = ORIENTED_EDGE ( 'NONE', *, *, #6358, .T. ) ;
#6396 =( NAMED_UNIT ( * ) SI_UNIT ( $, .STERADIAN. ) SOLID_ANGLE_UNIT ( ) );
#6397 =( NAMED_UNIT ( * ) PLANE_ANGLE_UNIT ( ) SI_UNIT ( $, .RADIAN. ) );
#6398 = MECHANICAL_DESIGN_GEOMETRIC_PRESENTATION_REPRESENTATION (  '', ( #5561 ), #8880 ) ;
#6399 = ORIENTED_EDGE ( 'NONE', *, *, #7116, .F. ) ;
#6400 = CARTESIAN_POINT ( 'NONE',  ( -4.494557450338588112, -0.8549999999999998712, 0.3000000000000000444 ) ) ;
#6401 = ORIENTED_EDGE ( 'NONE', *, *, #9979, .F. ) ;
#6402 = DIRECTION ( 'NONE',  ( 0.0000000000000000000, 1.000000000000000000, -0.0000000000000000000 ) ) ;
#6403 = PLANE ( 'NONE',  #8537 ) ;
#6404 = SURFACE_SIDE_STYLE ('',( #8007 ) ) ;
#6405 = CARTESIAN_POINT ( 'NONE',  ( 5.150000000000000355, 2.955000000000000071, 0.0000000000000000000 ) ) ;
#6406 = CIRCLE ( 'NONE', #4745, 0.09999999999999911737 ) ;
#6407 = LINE ( 'NONE', #2468, #1395 ) ;
#6408 = CARTESIAN_POINT ( 'NONE',  ( 5.150000000000002132, -4.224999999999999645, 0.0000000000000000000 ) ) ;
#6409 = UNCERTAINTY_MEASURE_WITH_UNIT (LENGTH_MEASURE( 1.000000000000000082E-05 ), #8122, 'distance_accuracy_value', 'NONE');
#6410 = CARTESIAN_POINT ( 'NONE',  ( 3.864512696824131233, -1.400000000000001021, 1.732440418475946542 ) ) ;
#6411 = FILL_AREA_STYLE_COLOUR ( '', #5281 ) ;
#6412 = AXIS2_PLACEMENT_3D ( 'NONE', #4561, #10167, #5498 ) ;
#6413 = EDGE_LOOP ( 'NONE', ( #6573, #124, #8794, #7017 ) ) ;
#6414 = ORIENTED_EDGE ( 'NONE', *, *, #6256, .F. ) ;
#6415 = MECHANICAL_DESIGN_GEOMETRIC_PRESENTATION_REPRESENTATION (  '', ( #9231 ), #1620 ) ;
#6416 = CARTESIAN_POINT ( 'NONE',  ( -3.864512696824129456, 3.679999999999999272, 1.732440418475947430 ) ) ;
#6417 = ORIENTED_EDGE ( 'NONE', *, *, #323, .T. ) ;
#6418 = SURFACE_STYLE_FILL_AREA ( #3424 ) ;
#6419 = CARTESIAN_POINT ( 'NONE',  ( -3.888707005762188640, -0.8549999999999998712, 1.432440418475948274 ) ) ;
#6420 = ADVANCED_FACE ( 'NONE', ( #2060 ), #1274, .F. ) ;
#6421 = ADVANCED_FACE ( 'NONE', ( #3821 ), #10078, .F. ) ;
#6422 =( LENGTH_UNIT ( ) NAMED_UNIT ( * ) SI_UNIT ( .MILLI., .METRE. ) );
#6423 = VECTOR ( 'NONE', #8744, 1000.000000000000000 ) ;
#6424 = DIRECTION ( 'NONE',  ( -0.0000000000000000000, -1.000000000000000000, -0.0000000000000000000 ) ) ;
#6425 = COLOUR_RGB ( '',0.7529411764705882248, 0.7529411764705882248, 0.7529411764705882248 ) ;
#6426 =( NAMED_UNIT ( * ) SI_UNIT ( $, .STERADIAN. ) SOLID_ANGLE_UNIT ( ) );
#6427 = LINE ( 'NONE', #6373, #7224 ) ;
#6428 = LINE ( 'NONE', #3175, #4779 ) ;
#6429 = EDGE_CURVE ( 'NONE', #837, #5320, #7761, .T. ) ;
#6430 = MECHANICAL_DESIGN_GEOMETRIC_PRESENTATION_REPRESENTATION (  '', ( #3791 ), #953 ) ;
#6431 = EDGE_LOOP ( 'NONE', ( #8821, #5974, #5738, #9391 ) ) ;
#6432 = CARTESIAN_POINT ( 'NONE',  ( 4.494557450338585447, 4.665000000000000924, -1.084202172485504434E-15 ) ) ;
#6433 = CARTESIAN_POINT ( 'NONE',  ( 4.494557450338587223, -4.224999999999999645, 5.421010862427522170E-16 ) ) ;
#6434 =( GEOMETRIC_REPRESENTATION_CONTEXT ( 3 ) GLOBAL_UNCERTAINTY_ASSIGNED_CONTEXT ( ( #8728 ) ) GLOBAL_UNIT_ASSIGNED_CONTEXT ( ( #7278, #213, #9601 ) ) REPRESENTATION_CONTEXT ( 'NONE', 'WORKASPACE' ) );
#6435 = AXIS2_PLACEMENT_3D ( 'NONE', #2596, #8763, #1824 ) ;
#6436 = ADVANCED_FACE ( 'NONE', ( #645 ), #7028, .F. ) ;
#6437 = CARTESIAN_POINT ( 'NONE',  ( -3.800269556891266109, 4.225000000000000533, 1.732440418475947208 ) ) ;
#6438 = PRESENTATION_STYLE_ASSIGNMENT (( #101 ) ) ;
#6439 = ORIENTED_EDGE ( 'NONE', *, *, #4061, .F. ) ;
#6440 = DIRECTION ( 'NONE',  ( 0.0000000000000000000, 0.0000000000000000000, -1.000000000000000000 ) ) ;
#6441 = SURFACE_STYLE_FILL_AREA ( #7114 ) ;
#6442 = ORIENTED_EDGE ( 'NONE', *, *, #1205, .T. ) ;
#6443 = VECTOR ( 'NONE', #1345, 1000.000000000000000 ) ;
#6444 = LINE ( 'NONE', #3300, #9793 ) ;
#6445 = EDGE_LOOP ( 'NONE', ( #4734, #9982, #7829, #6548 ) ) ;
#6446 = DIRECTION ( 'NONE',  ( 1.752245935330108428E-16, -1.000000000000000000, 0.0000000000000000000 ) ) ;
#6447 = DIRECTION ( 'NONE',  ( 0.0000000000000000000, 0.0000000000000000000, 1.000000000000000000 ) ) ;
#6448 = VERTEX_POINT ( 'NONE', #853 ) ;
#6449 = UNCERTAINTY_MEASURE_WITH_UNIT (LENGTH_MEASURE( 1.000000000000000082E-05 ), #271, 'distance_accuracy_value', 'NONE');
#6450 = DIRECTION ( 'NONE',  ( -0.0000000000000000000, -1.000000000000000000, -0.0000000000000000000 ) ) ;
#6451 = VECTOR ( 'NONE', #3632, 1000.000000000000000 ) ;
#6452 = UNCERTAINTY_MEASURE_WITH_UNIT (LENGTH_MEASURE( 1.000000000000000082E-05 ), #3676, 'distance_accuracy_value', 'NONE');
#6453 = PLANE ( 'NONE',  #541 ) ;
#6454 = CARTESIAN_POINT ( 'NONE',  ( -2.733909963117727493, 4.150000000000000355, 3.400000000000000355 ) ) ;
#6455 = EDGE_LOOP ( 'NONE', ( #9888, #9439, #8836, #3685 ) ) ;
#6456 = UNCERTAINTY_MEASURE_WITH_UNIT (LENGTH_MEASURE( 1.000000000000000082E-05 ), #7593, 'distance_accuracy_value', 'NONE');
#6457 = CARTESIAN_POINT ( 'NONE',  ( 4.494557450338589888, -2.125000000000000000, 0.2999999999999988787 ) ) ;
#6458 = FILL_AREA_STYLE ('',( #902 ) ) ;
#6459 = SURFACE_STYLE_USAGE ( .BOTH. , #8063 ) ;
#6460 = FILL_AREA_STYLE ('',( #7398 ) ) ;
#6461 = CARTESIAN_POINT ( 'NONE',  ( -5.149999999999998579, -4.224999999999999645, 0.2000000000000016764 ) ) ;
#6462 = SURFACE_STYLE_FILL_AREA ( #7089 ) ;
#6463 = COLOUR_RGB ( '',0.7529411764705882248, 0.7529411764705882248, 0.7529411764705882248 ) ;
#6464 = EDGE_LOOP ( 'NONE', ( #2355, #9428, #365 ) ) ;
#6465 = FILL_AREA_STYLE ('',( #7036 ) ) ;
#6466 = STYLED_ITEM ( 'NONE', ( #4723 ), #5765 ) ;
#6467 = CARTESIAN_POINT ( 'NONE',  ( -4.494557450338588112, 0.4150000000000004241, 0.2999999999999999334 ) ) ;
#6468 = EDGE_LOOP ( 'NONE', ( #2425, #8609, #7919, #3016 ) ) ;
#6469 = CARTESIAN_POINT ( 'NONE',  ( 3.888707005762191304, -4.224999999999999645, 1.732440418475945654 ) ) ;
#6470 = DIRECTION ( 'NONE',  ( 0.0000000000000000000, 1.000000000000000000, 0.0000000000000000000 ) ) ;
#6471 = VECTOR ( 'NONE', #5715, 1000.000000000000227 ) ;
#6472 =( NAMED_UNIT ( * ) PLANE_ANGLE_UNIT ( ) SI_UNIT ( $, .RADIAN. ) );
#6473 = STYLED_ITEM ( 'NONE', ( #3236 ), #5919 ) ;
#6474 = CARTESIAN_POINT ( 'NONE',  ( -4.199115124434926294, 1.685000000000000275, 0.2479055466999170732 ) ) ;
#6475 = CARTESIAN_POINT ( 'NONE',  ( 3.990737311234600071, 0.8550000000000007594, 1.429674850314564205 ) ) ;
#6476 = CARTESIAN_POINT ( 'NONE',  ( -4.494557450338588112, -2.125000000000000000, 0.2999999999999999334 ) ) ;
#6477 = DIRECTION ( 'NONE',  ( -0.0000000000000000000, -1.000000000000000000, -0.0000000000000000000 ) ) ;
#6478 = EDGE_LOOP ( 'NONE', ( #4384, #4941, #8299, #8693 ) ) ;
#6479 = FILL_AREA_STYLE_COLOUR ( '', #2888 ) ;
#6480 = MECHANICAL_DESIGN_GEOMETRIC_PRESENTATION_REPRESENTATION (  '', ( #1685 ), #3845 ) ;
#6481 = AXIS2_PLACEMENT_3D ( 'NONE', #9110, #9820, #5894 ) ;
#6482 = ORIENTED_EDGE ( 'NONE', *, *, #3644, .T. ) ;
#6483 =( LENGTH_UNIT ( ) NAMED_UNIT ( * ) SI_UNIT ( .MILLI., .METRE. ) );
#6484 = EDGE_CURVE ( 'NONE', #3935, #4498, #1184, .T. ) ;
#6485 = DIRECTION ( 'NONE',  ( -0.0000000000000000000, -1.000000000000000000, -0.0000000000000000000 ) ) ;
#6486 = STYLED_ITEM ( 'NONE', ( #4858 ), #7405 ) ;
#6487 = EDGE_CURVE ( 'NONE', #2031, #6650, #3976, .T. ) ;
#6488 = DIRECTION ( 'NONE',  ( 0.0000000000000000000, 1.000000000000000000, -0.0000000000000000000 ) ) ;
#6489 = SURFACE_SIDE_STYLE ('',( #6441 ) ) ;
#6490 = EDGE_LOOP ( 'NONE', ( #3075, #4205, #5501, #987 ) ) ;
#6491 = ADVANCED_FACE ( 'NONE', ( #8845 ), #8789, .F. ) ;
#6492 = CARTESIAN_POINT ( 'NONE',  ( -3.749999999999998668, -5.099999999999999645, 1.600000000000000089 ) ) ;
#6493 = CARTESIAN_POINT ( 'NONE',  ( -4.494557450338588112, -0.8549999999999998712, 0.1999999999999999833 ) ) ;
#6494 = COLOUR_RGB ( '',0.7529411764705882248, 0.7529411764705882248, 0.7529411764705882248 ) ;
#6495 = CARTESIAN_POINT ( 'NONE',  ( 5.150000000000002132, -4.224999999999999645, 0.0000000000000000000 ) ) ;
#6496 = EDGE_LOOP ( 'NONE', ( #9927, #4309, #8930, #3411 ) ) ;
#6497 = COLOUR_RGB ( '',0.7529411764705882248, 0.7529411764705882248, 0.7529411764705882248 ) ;
#6498 = DIRECTION ( 'NONE',  ( 1.000000000000000000, 0.0000000000000000000, -8.270764333545148132E-16 ) ) ;
#6499 = CARTESIAN_POINT ( 'NONE',  ( 4.494557450338589000, 3.395000000000000462, 0.1999999999999988454 ) ) ;
#6500 = ORIENTED_EDGE ( 'NONE', *, *, #8823, .F. ) ;
#6501 = DIRECTION ( 'NONE',  ( -0.0000000000000000000, -1.000000000000000000, -0.0000000000000000000 ) ) ;
#6502 = VECTOR ( 'NONE', #6699, 1000.000000000000000 ) ;
#6503 = ORIENTED_EDGE ( 'NONE', *, *, #7050, .T. ) ;
#6504 =( GEOMETRIC_REPRESENTATION_CONTEXT ( 3 ) GLOBAL_UNCERTAINTY_ASSIGNED_CONTEXT ( ( #9309 ) ) GLOBAL_UNIT_ASSIGNED_CONTEXT ( ( #3391, #2498, #50 ) ) REPRESENTATION_CONTEXT ( 'NONE', 'WORKASPACE' ) );
#6505 = DIRECTION ( 'NONE',  ( 0.0000000000000000000, 0.0000000000000000000, -1.000000000000000000 ) ) ;
#6506 = FILL_AREA_STYLE_COLOUR ( '', #6463 ) ;
#6507 =( NAMED_UNIT ( * ) SI_UNIT ( $, .STERADIAN. ) SOLID_ANGLE_UNIT ( ) );
#6508 = MECHANICAL_DESIGN_GEOMETRIC_PRESENTATION_REPRESENTATION (  '', ( #44 ), #6343 ) ;
#6509 = ORIENTED_EDGE ( 'NONE', *, *, #9666, .F. ) ;
#6510 = LINE ( 'NONE', #8079, #5868 ) ;
#6511 = CARTESIAN_POINT ( 'NONE',  ( 3.868266076183285662, 3.395000000000000462, 1.408079867214328207 ) ) ;
#6512 =( GEOMETRIC_REPRESENTATION_CONTEXT ( 3 ) GLOBAL_UNCERTAINTY_ASSIGNED_CONTEXT ( ( #1569 ) ) GLOBAL_UNIT_ASSIGNED_CONTEXT ( ( #6892, #1302, #4457 ) ) REPRESENTATION_CONTEXT ( 'NONE', 'WORKASPACE' ) );
#6513 = PRESENTATION_LAYER_ASSIGNMENT (  '', '', ( #3872 ) ) ;
#6514 = FILL_AREA_STYLE ('',( #5110 ) ) ;
#6515 = CARTESIAN_POINT ( 'NONE',  ( -4.494557450338587223, -4.665000000000000036, 0.2999999999999999334 ) ) ;
#6516 = AXIS2_PLACEMENT_3D ( 'NONE', #3501, #5986, #8368 ) ;
#6517 = CARTESIAN_POINT ( 'NONE',  ( -4.184149331665849125, 4.665000000000000924, 1.484534871776029163 ) ) ;
#6518 = MECHANICAL_DESIGN_GEOMETRIC_PRESENTATION_REPRESENTATION (  '', ( #5524 ), #2058 ) ;
#6519 = DIRECTION ( 'NONE',  ( 1.000000000000000000, -0.0000000000000000000, -2.451907390652843649E-15 ) ) ;
#6520 = STYLED_ITEM ( 'NONE', ( #9076 ), #2554 ) ;
#6521 = ORIENTED_EDGE ( 'NONE', *, *, #4659, .T. ) ;
#6522 = DIRECTION ( 'NONE',  ( 0.1736481776669387411, 0.0000000000000000000, -0.9848077530122064660 ) ) ;
#6523 = CIRCLE ( 'NONE', #4360, 0.1243605512616186154 ) ;
#6524 = DIRECTION ( 'NONE',  ( -0.1736481776669387411, -0.0000000000000000000, 0.9848077530122064660 ) ) ;
#6525 = ORIENTED_EDGE ( 'NONE', *, *, #3704, .T. ) ;
#6526 = ADVANCED_FACE ( 'NONE', ( #1691 ), #9605, .F. ) ;
#6527 = PRESENTATION_LAYER_ASSIGNMENT (  '', '', ( #3078 ) ) ;
#6528 = CARTESIAN_POINT ( 'NONE',  ( -4.494557450338589000, 4.225000000000000533, 0.2999999999999999334 ) ) ;
#6529 = COLOUR_RGB ( '',0.1176470588235294101, 0.1176470588235294101, 0.1176470588235294101 ) ;
#6530 = EDGE_CURVE ( 'NONE', #3608, #10082, #7643, .T. ) ;
#6531 = ORIENTED_EDGE ( 'NONE', *, *, #8955, .F. ) ;
#6532 =( GEOMETRIC_REPRESENTATION_CONTEXT ( 3 ) GLOBAL_UNCERTAINTY_ASSIGNED_CONTEXT ( ( #7076 ) ) GLOBAL_UNIT_ASSIGNED_CONTEXT ( ( #2327, #7815, #4485 ) ) REPRESENTATION_CONTEXT ( 'NONE', 'WORKASPACE' ) );
#6533 =( NAMED_UNIT ( * ) PLANE_ANGLE_UNIT ( ) SI_UNIT ( $, .RADIAN. ) );
#6534 = ORIENTED_EDGE ( 'NONE', *, *, #5393, .T. ) ;
#6535 = COLOUR_RGB ( '',0.7529411764705882248, 0.7529411764705882248, 0.7529411764705882248 ) ;
#6536 = PRODUCT_DEFINITION ( 'UNKNOWN', '', #3240, #7384 ) ;
#6537 = DIRECTION ( 'NONE',  ( 1.752245935330108428E-16, -1.000000000000000000, 0.0000000000000000000 ) ) ;
#6538 = EDGE_CURVE ( 'NONE', #5809, #7328, #218, .T. ) ;
#6539 = ORIENTED_EDGE ( 'NONE', *, *, #643, .F. ) ;
#6540 = DIRECTION ( 'NONE',  ( -0.1736481776669387411, 0.0000000000000000000, -0.9848077530122064660 ) ) ;
#6541 = APPLICATION_PROTOCOL_DEFINITION ( 'draft international standard', 'automotive_design', 1998, #1240 ) ;
#6542 = ORIENTED_EDGE ( 'NONE', *, *, #1733, .T. ) ;
#6543 = PRESENTATION_LAYER_ASSIGNMENT (  '', '', ( #749 ) ) ;
#6544 = LINE ( 'NONE', #9696, #8659 ) ;
#6545 =( LENGTH_UNIT ( ) NAMED_UNIT ( * ) SI_UNIT ( .MILLI., .METRE. ) );
#6546 = ADVANCED_FACE ( 'NONE', ( #8162 ), #8990, .F. ) ;
#6547 = ADVANCED_FACE ( 'NONE', ( #3502 ), #7339, .F. ) ;
#6548 = ORIENTED_EDGE ( 'NONE', *, *, #9538, .T. ) ;
#6549 =( NAMED_UNIT ( * ) SI_UNIT ( $, .STERADIAN. ) SOLID_ANGLE_UNIT ( ) );
#6550 = FILL_AREA_STYLE_COLOUR ( '', #2788 ) ;
#6551 = ORIENTED_EDGE ( 'NONE', *, *, #3881, .F. ) ;
#6552 = MECHANICAL_DESIGN_GEOMETRIC_PRESENTATION_REPRESENTATION (  '', ( #9525 ), #1588 ) ;
#6553 =( LENGTH_UNIT ( ) NAMED_UNIT ( * ) SI_UNIT ( .MILLI., .METRE. ) );
#6554 = CARTESIAN_POINT ( 'NONE',  ( -4.494557450338585447, 4.225000000000000533, 1.680513367352531873E-15 ) ) ;
#6555 = FACE_OUTER_BOUND ( 'NONE', #7434, .T. ) ;
#6556 = VECTOR ( 'NONE', #9619, 1000.000000000000000 ) ;
#6557 = CARTESIAN_POINT ( 'NONE',  ( -3.888707005762189084, 3.395000000000000462, 1.432440418475948274 ) ) ;
#6558 = EDGE_CURVE ( 'NONE', #8842, #5439, #9283, .T. ) ;
#6559 = ORIENTED_EDGE ( 'NONE', *, *, #4698, .T. ) ;
#6560 =( NAMED_UNIT ( * ) PLANE_ANGLE_UNIT ( ) SI_UNIT ( $, .RADIAN. ) );
#6561 =( LENGTH_UNIT ( ) NAMED_UNIT ( * ) SI_UNIT ( .MILLI., .METRE. ) );
#6562 = SURFACE_SIDE_STYLE ('',( #6418 ) ) ;
#6563 =( GEOMETRIC_REPRESENTATION_CONTEXT ( 3 ) GLOBAL_UNCERTAINTY_ASSIGNED_CONTEXT ( ( #8315 ) ) GLOBAL_UNIT_ASSIGNED_CONTEXT ( ( #9403, #8111, #3313 ) ) REPRESENTATION_CONTEXT ( 'NONE', 'WORKASPACE' ) );
#6564 = PRESENTATION_STYLE_ASSIGNMENT (( #5893 ) ) ;
#6565 = CARTESIAN_POINT ( 'NONE',  ( -3.899999999999999467, 2.955000000000000071, 1.600000000000000089 ) ) ;
#6566 = PLANE ( 'NONE',  #1346 ) ;
#6567 = AXIS2_PLACEMENT_3D ( 'NONE', #3188, #1467, #5444 ) ;
#6568 = FILL_AREA_STYLE ('',( #5838 ) ) ;
#6569 = SURFACE_STYLE_FILL_AREA ( #2783 ) ;
#6570 = SURFACE_SIDE_STYLE ('',( #3576 ) ) ;
#6571 = DIRECTION ( 'NONE',  ( 0.0000000000000000000, -0.0000000000000000000, 1.000000000000000000 ) ) ;
#6572 =( NAMED_UNIT ( * ) PLANE_ANGLE_UNIT ( ) SI_UNIT ( $, .RADIAN. ) );
#6573 = ORIENTED_EDGE ( 'NONE', *, *, #9875, .T. ) ;
#6574 = CARTESIAN_POINT ( 'NONE',  ( 5.150000000000002132, -4.665000000000000036, 0.2000000000000016764 ) ) ;
#6575 = VERTEX_POINT ( 'NONE', #3720 ) ;
#6576 = AXIS2_PLACEMENT_3D ( 'NONE', #1826, #6488, #6440 ) ;
#6577 = DIRECTION ( 'NONE',  ( -2.563936943398996305E-15, 0.0000000000000000000, 1.000000000000000000 ) ) ;
#6578 = PRESENTATION_STYLE_ASSIGNMENT (( #9021 ) ) ;
#6579 =( LENGTH_UNIT ( ) NAMED_UNIT ( * ) SI_UNIT ( .MILLI., .METRE. ) );
#6580 = VERTEX_POINT ( 'NONE', #9197 ) ;
#6581 = ORIENTED_EDGE ( 'NONE', *, *, #7116, .T. ) ;
#6582 = SURFACE_STYLE_FILL_AREA ( #3442 ) ;
#6583 = ORIENTED_EDGE ( 'NONE', *, *, #9517, .T. ) ;
#6584 =( LENGTH_UNIT ( ) NAMED_UNIT ( * ) SI_UNIT ( .MILLI., .METRE. ) );
#6585 = EDGE_LOOP ( 'NONE', ( #6788, #10181, #4768, #3141 ) ) ;
#6586 = DIRECTION ( 'NONE',  ( 0.1736481776669387411, 0.0000000000000000000, -0.9848077530122064660 ) ) ;
#6587 = ADVANCED_FACE ( 'NONE', ( #2926 ), #7699, .T. ) ;
#6588 = FACE_OUTER_BOUND ( 'NONE', #6445, .T. ) ;
#6589 = VERTEX_POINT ( 'NONE', #10067 ) ;
#6590 = SURFACE_STYLE_FILL_AREA ( #2659 ) ;
#6591 = VERTEX_POINT ( 'NONE', #5355 ) ;
#6592 =( LENGTH_UNIT ( ) NAMED_UNIT ( * ) SI_UNIT ( .MILLI., .METRE. ) );
#6593 = EDGE_CURVE ( 'NONE', #5992, #3381, #5464, .T. ) ;
#6594 = ADVANCED_FACE ( 'NONE', ( #1473 ), #3031, .T. ) ;
#6595 =( GEOMETRIC_REPRESENTATION_CONTEXT ( 3 ) GLOBAL_UNCERTAINTY_ASSIGNED_CONTEXT ( ( #110 ) ) GLOBAL_UNIT_ASSIGNED_CONTEXT ( ( #10248, #3215, #8739 ) ) REPRESENTATION_CONTEXT ( 'NONE', 'WORKASPACE' ) );
#6596 = LINE ( 'NONE', #7446, #8508 ) ;
#6597 = FILL_AREA_STYLE_COLOUR ( '', #7126 ) ;
#6598 = SURFACE_SIDE_STYLE ('',( #9758 ) ) ;
#6599 =( LENGTH_UNIT ( ) NAMED_UNIT ( * ) SI_UNIT ( .MILLI., .METRE. ) );
#6600 = ORIENTED_EDGE ( 'NONE', *, *, #4979, .F. ) ;
#6601 = FILL_AREA_STYLE_COLOUR ( '', #3898 ) ;
#6602 = SURFACE_STYLE_USAGE ( .BOTH. , #9712 ) ;
#6603 = ORIENTED_EDGE ( 'NONE', *, *, #10089, .F. ) ;
#6604 = LINE ( 'NONE', #8330, #7874 ) ;
#6605 = SURFACE_SIDE_STYLE ('',( #1909 ) ) ;
#6606 = LINE ( 'NONE', #1008, #9609 ) ;
#6607 = EDGE_CURVE ( 'NONE', #8842, #4385, #425, .T. ) ;
#6608 = CARTESIAN_POINT ( 'NONE',  ( -3.888707005762187752, -4.224999999999999645, 1.432440418475948274 ) ) ;
#6609 = AXIS2_PLACEMENT_3D ( 'NONE', #8893, #8267, #1795 ) ;
#6610 = SURFACE_STYLE_FILL_AREA ( #6568 ) ;
#6611 = DIRECTION ( 'NONE',  ( -0.0000000000000000000, -1.000000000000000000, -0.0000000000000000000 ) ) ;
#6612 = CONICAL_SURFACE ( 'NONE', #5788, 0.1499999999999995226, 0.2617993877991500740 ) ;
#6613 = FACE_OUTER_BOUND ( 'NONE', #5952, .T. ) ;
#6614 = CARTESIAN_POINT ( 'NONE',  ( 3.990737311234600071, 1.685000000000000275, 1.429674850314564205 ) ) ;
#6615 = ORIENTED_EDGE ( 'NONE', *, *, #2937, .T. ) ;
#6616 = SURFACE_STYLE_FILL_AREA ( #7513 ) ;
#6617 = LINE ( 'NONE', #4968, #7360 ) ;
#6618 = ORIENTED_EDGE ( 'NONE', *, *, #9875, .F. ) ;
#6619 =( GEOMETRIC_REPRESENTATION_CONTEXT ( 3 ) GLOBAL_UNCERTAINTY_ASSIGNED_CONTEXT ( ( #9745 ) ) GLOBAL_UNIT_ASSIGNED_CONTEXT ( ( #6722, #5176, #5327 ) ) REPRESENTATION_CONTEXT ( 'NONE', 'WORKASPACE' ) );
#6620 = ADVANCED_FACE ( 'NONE', ( #107 ), #2306, .F. ) ;
#6621 = DIRECTION ( 'NONE',  ( 0.0000000000000000000, 0.0000000000000000000, 1.000000000000000000 ) ) ;
#6622 = PLANE ( 'NONE',  #6217 ) ;
#6623 = DIRECTION ( 'NONE',  ( -0.0000000000000000000, -1.000000000000000000, -0.0000000000000000000 ) ) ;
#6624 = FACE_OUTER_BOUND ( 'NONE', #8975, .T. ) ;
#6625 = PRESENTATION_LAYER_ASSIGNMENT (  '', '', ( #2818 ) ) ;
#6626 = STYLED_ITEM ( 'NONE', ( #4165 ), #6301 ) ;
#6627 = CARTESIAN_POINT ( 'NONE',  ( -3.899999999999998579, -3.394999999999999574, 1.600000000000000089 ) ) ;
#6628 = VERTEX_POINT ( 'NONE', #3916 ) ;
#6629 = UNCERTAINTY_MEASURE_WITH_UNIT (LENGTH_MEASURE( 1.000000000000000082E-05 ), #8447, 'distance_accuracy_value', 'NONE');
#6630 = VERTEX_POINT ( 'NONE', #8826 ) ;
#6631 = ORIENTED_EDGE ( 'NONE', *, *, #2446, .F. ) ;
#6632 = COLOUR_RGB ( '',0.7529411764705882248, 0.7529411764705882248, 0.7529411764705882248 ) ;
#6633 = CARTESIAN_POINT ( 'NONE',  ( -3.888707005762189084, 2.125000000000000444, 1.432440418475948274 ) ) ;
#6634 = STYLED_ITEM ( 'NONE', ( #2887 ), #6420 ) ;
#6635 = CARTESIAN_POINT ( 'NONE',  ( 3.899999999999999911, 4.949999999999999289, 1.600000000000000089 ) ) ;
#6636 = EDGE_LOOP ( 'NONE', ( #6559, #5285, #4004, #1842 ) ) ;
#6637 = CARTESIAN_POINT ( 'NONE',  ( 4.396076675037370762, 2.125000000000000444, 0.2826351822333049157 ) ) ;
#6638 = SURFACE_STYLE_USAGE ( .BOTH. , #3550 ) ;
#6639 = VERTEX_POINT ( 'NONE', #9445 ) ;
#6640 = UNCERTAINTY_MEASURE_WITH_UNIT (LENGTH_MEASURE( 1.000000000000000082E-05 ), #9520, 'distance_accuracy_value', 'NONE');
#6641 = SURFACE_STYLE_USAGE ( .BOTH. , #1688 ) ;
#6642 = SURFACE_SIDE_STYLE ('',( #5095 ) ) ;
#6643 = ORIENTED_EDGE ( 'NONE', *, *, #6121, .T. ) ;
#6644 = LINE ( 'NONE', #5934, #214 ) ;
#6645 = CARTESIAN_POINT ( 'NONE',  ( 4.494557450338590776, -2.954999999999999183, 0.2999999999999988787 ) ) ;
#6646 = EDGE_CURVE ( 'NONE', #160, #7918, #3194, .T. ) ;
#6647 = MECHANICAL_DESIGN_GEOMETRIC_PRESENTATION_REPRESENTATION (  '', ( #3372 ), #4661 ) ;
#6648 = PRESENTATION_LAYER_ASSIGNMENT (  '', '', ( #869 ) ) ;
#6649 = CARTESIAN_POINT ( 'NONE',  ( 5.150000000000001243, 0.8550000000000007594, 0.0000000000000000000 ) ) ;
#6650 = VERTEX_POINT ( 'NONE', #13 ) ;
#6651 = CARTESIAN_POINT ( 'NONE',  ( -5.149999999999999467, -0.4149999999999995914, 0.0000000000000000000 ) ) ;
#6652 = SURFACE_SIDE_STYLE ('',( #3511 ) ) ;
#6653 = LINE ( 'NONE', #9815, #9561 ) ;
#6654 =( GEOMETRIC_REPRESENTATION_CONTEXT ( 3 ) GLOBAL_UNCERTAINTY_ASSIGNED_CONTEXT ( ( #2784 ) ) GLOBAL_UNIT_ASSIGNED_CONTEXT ( ( #2429, #10256, #6159 ) ) REPRESENTATION_CONTEXT ( 'NONE', 'WORKASPACE' ) );
#6655 = DIRECTION ( 'NONE',  ( 1.752245935330108428E-16, -1.000000000000000000, 0.0000000000000000000 ) ) ;
#6656 =( NAMED_UNIT ( * ) SI_UNIT ( $, .STERADIAN. ) SOLID_ANGLE_UNIT ( ) );
#6657 = CARTESIAN_POINT ( 'NONE',  ( -4.494557450338588112, -1.684999999999999831, 0.2000000000000008993 ) ) ;
#6658 = EDGE_CURVE ( 'NONE', #6628, #4780, #4003, .T. ) ;
#6659 = FACE_OUTER_BOUND ( 'NONE', #1287, .T. ) ;
#6660 = DIRECTION ( 'NONE',  ( 0.0000000000000000000, 1.000000000000000000, 0.0000000000000000000 ) ) ;
#6661 = CARTESIAN_POINT ( 'NONE',  ( 5.150000000000001243, 0.8550000000000007594, 0.0000000000000000000 ) ) ;
#6662 = ORIENTED_EDGE ( 'NONE', *, *, #9087, .T. ) ;
#6663 = VECTOR ( 'NONE', #8885, 1000.000000000000000 ) ;
#6664 = PRESENTATION_STYLE_ASSIGNMENT (( #9827 ) ) ;
#6665 = AXIS2_PLACEMENT_3D ( 'NONE', #4888, #7330, #6586 ) ;
#6666 = DIRECTION ( 'NONE',  ( -0.0000000000000000000, -1.000000000000000000, -0.0000000000000000000 ) ) ;
#6667 = EDGE_CURVE ( 'NONE', #61, #5879, #5450, .T. ) ;
#6668 = DIRECTION ( 'NONE',  ( 8.270764333545148132E-16, -0.0000000000000000000, 1.000000000000000000 ) ) ;
#6669 = VERTEX_POINT ( 'NONE', #8722 ) ;
#6670 = LINE ( 'NONE', #5797, #4972 ) ;
#6671 = VECTOR ( 'NONE', #8068, 1000.000000000000000 ) ;
#6672 = PRESENTATION_LAYER_ASSIGNMENT (  '', '', ( #3055 ) ) ;
#6673 = LINE ( 'NONE', #2643, #5514 ) ;
#6674 = MECHANICAL_DESIGN_GEOMETRIC_PRESENTATION_REPRESENTATION (  '', ( #5359 ), #1571 ) ;
#6675 = FILL_AREA_STYLE ('',( #9180 ) ) ;
#6676 = EDGE_CURVE ( 'NONE', #3025, #9962, #1575, .T. ) ;
#6677 = ORIENTED_EDGE ( 'NONE', *, *, #5344, .T. ) ;
#6678 = AXIS2_PLACEMENT_3D ( 'NONE', #1657, #4816, #876 ) ;
#6679 = ORIENTED_EDGE ( 'NONE', *, *, #7, .F. ) ;
#6680 = SURFACE_STYLE_FILL_AREA ( #9183 ) ;
#6681 = VERTEX_POINT ( 'NONE', #7072 ) ;
#6682 = VECTOR ( 'NONE', #4183, 1000.000000000000000 ) ;
#6683 = AXIS2_PLACEMENT_3D ( 'NONE', #81, #917, #3327 ) ;
#6684 = PRESENTATION_STYLE_ASSIGNMENT (( #9896 ) ) ;
#6685 = FILL_AREA_STYLE_COLOUR ( '', #9602 ) ;
#6686 = AXIS2_PLACEMENT_3D ( 'NONE', #10238, #4683, #7022 ) ;
#6687 = ORIENTED_EDGE ( 'NONE', *, *, #8815, .T. ) ;
#6688 = DIRECTION ( 'NONE',  ( -2.451907390652843255E-15, 0.0000000000000000000, -1.000000000000000000 ) ) ;
#6689 = STYLED_ITEM ( 'NONE', ( #2832 ), #9704 ) ;
#6690 = EDGE_LOOP ( 'NONE', ( #528, #1421, #1828, #5758, #6064, #9313, #9238, #2601, #7784, #113, #5918, #10051 ) ) ;
#6691 =( NAMED_UNIT ( * ) PLANE_ANGLE_UNIT ( ) SI_UNIT ( $, .RADIAN. ) );
#6692 = MECHANICAL_DESIGN_GEOMETRIC_PRESENTATION_REPRESENTATION (  '', ( #9356 ), #10183 ) ;
#6693 = ORIENTED_EDGE ( 'NONE', *, *, #9146, .T. ) ;
#6694 = CARTESIAN_POINT ( 'NONE',  ( -3.990737311234599183, 4.665000000000000924, 1.429674850314565093 ) ) ;
#6695 = AXIS2_PLACEMENT_3D ( 'NONE', #2946, #549, #6922 ) ;
#6696 = STYLED_ITEM ( 'NONE', ( #9750 ), #9280 ) ;
#6697 = LINE ( 'NONE', #9050, #6843 ) ;
#6698 = SURFACE_STYLE_FILL_AREA ( #5776 ) ;
#6699 = DIRECTION ( 'NONE',  ( 0.1736481776669392962, 0.0000000000000000000, -0.9848077530122064660 ) ) ;
#6700 = CARTESIAN_POINT ( 'NONE',  ( -3.888707005762189084, 3.395000000000000462, 1.432440418475948274 ) ) ;
#6701 = ORIENTED_EDGE ( 'NONE', *, *, #836, .T. ) ;
#6702 = CARTESIAN_POINT ( 'NONE',  ( 4.494557450338585447, 4.665000000000000924, -1.084202172485504434E-15 ) ) ;
#6703 = SURFACE_STYLE_USAGE ( .BOTH. , #6652 ) ;
#6704 = STYLED_ITEM ( 'NONE', ( #7023 ), #3960 ) ;
#6705 = DIRECTION ( 'NONE',  ( -1.000000000000000000, 0.0000000000000000000, -4.342151275111226558E-15 ) ) ;
#6706 = SURFACE_STYLE_USAGE ( .BOTH. , #3777 ) ;
#6707 = CARTESIAN_POINT ( 'NONE',  ( 4.494557450338586335, 2.125000000000000444, 5.421010862427522170E-16 ) ) ;
#6708 = LINE ( 'NONE', #1911, #2685 ) ;
#6709 = CARTESIAN_POINT ( 'NONE',  ( 3.900000000000000799, -4.949999999999999289, 1.600000000000000089 ) ) ;
#6710 = AXIS2_PLACEMENT_3D ( 'NONE', #1932, #5800, #1024 ) ;
#6711 = SURFACE_STYLE_FILL_AREA ( #1070 ) ;
#6712 = DIRECTION ( 'NONE',  ( -0.0000000000000000000, -1.000000000000000000, -0.0000000000000000000 ) ) ;
#6713 = UNCERTAINTY_MEASURE_WITH_UNIT (LENGTH_MEASURE( 1.000000000000000082E-05 ), #786, 'distance_accuracy_value', 'NONE');
#6714 = VECTOR ( 'NONE', #8765, 1000.000000000000000 ) ;
#6715 = EDGE_LOOP ( 'NONE', ( #2714, #7667, #3439, #5487, #8151, #8313, #2944, #8092, #4403, #4353, #4953, #7378 ) ) ;
#6716 = EDGE_CURVE ( 'NONE', #6580, #3799, #9435, .T. ) ;
#6717 = EDGE_LOOP ( 'NONE', ( #5766, #9713, #152 ) ) ;
#6718 = EDGE_CURVE ( 'NONE', #2501, #5844, #8670, .T. ) ;
#6719 = DIRECTION ( 'NONE',  ( 0.0000000000000000000, 0.0000000000000000000, -1.000000000000000000 ) ) ;
#6720 = FILL_AREA_STYLE_COLOUR ( '', #5154 ) ;
#6721 = ORIENTED_EDGE ( 'NONE', *, *, #2307, .T. ) ;
#6722 =( LENGTH_UNIT ( ) NAMED_UNIT ( * ) SI_UNIT ( .MILLI., .METRE. ) );
#6723 = MECHANICAL_DESIGN_GEOMETRIC_PRESENTATION_REPRESENTATION (  '', ( #5238 ), #4568 ) ;
#6725 = ADVANCED_FACE ( 'NONE', ( #3965 ), #7118, .T. ) ;
#6724 = FILL_AREA_STYLE_COLOUR ( '', #2872 ) ;
#6726 = EDGE_CURVE ( 'NONE', #6129, #3764, #2604, .T. ) ;
#6727 = LINE ( 'NONE', #9932, #2419 ) ;
#6728 = CYLINDRICAL_SURFACE ( 'NONE', #4366, 0.1243605512616186154 ) ;
#6729 = FILL_AREA_STYLE_COLOUR ( '', #3639 ) ;
#6730 = EDGE_LOOP ( 'NONE', ( #7993, #2176, #7681, #1671 ) ) ;
#6731 =( GEOMETRIC_REPRESENTATION_CONTEXT ( 3 ) GLOBAL_UNCERTAINTY_ASSIGNED_CONTEXT ( ( #4679 ) ) GLOBAL_UNIT_ASSIGNED_CONTEXT ( ( #6361, #6032, #8460 ) ) REPRESENTATION_CONTEXT ( 'NONE', 'WORKASPACE' ) );
#6732 = ORIENTED_EDGE ( 'NONE', *, *, #4373, .F. ) ;
#6733 = FILL_AREA_STYLE_COLOUR ( '', #6037 ) ;
#6734 = MECHANICAL_DESIGN_GEOMETRIC_PRESENTATION_REPRESENTATION (  '', ( #7410 ), #10050 ) ;
#6735 = ORIENTED_EDGE ( 'NONE', *, *, #9223, .T. ) ;
#6736 = CARTESIAN_POINT ( 'NONE',  ( -3.750000000000000444, 5.099999999999999645, 1.600000000000000089 ) ) ;
#6737 = DIRECTION ( 'NONE',  ( 0.0000000000000000000, 0.0000000000000000000, -1.000000000000000000 ) ) ;
#6738 = ORIENTED_EDGE ( 'NONE', *, *, #6344, .F. ) ;
#6739 = DIRECTION ( 'NONE',  ( 0.0000000000000000000, -0.0000000000000000000, -1.000000000000000000 ) ) ;
#6740 = MECHANICAL_DESIGN_GEOMETRIC_PRESENTATION_REPRESENTATION (  '', ( #2780 ), #7263 ) ;
#6741 = ORIENTED_EDGE ( 'NONE', *, *, #3335, .T. ) ;
#6742 = DIRECTION ( 'NONE',  ( -0.0000000000000000000, -1.000000000000000000, 0.0000000000000000000 ) ) ;
#6743 = SURFACE_SIDE_STYLE ('',( #471 ) ) ;
#6744 = EDGE_CURVE ( 'NONE', #2031, #8552, #3399, .T. ) ;
#6745 = SURFACE_STYLE_FILL_AREA ( #3669 ) ;
#6746 = FACE_OUTER_BOUND ( 'NONE', #7043, .T. ) ;
#6747 = STYLED_ITEM ( 'NONE', ( #874 ), #4913 ) ;
#6748 = CARTESIAN_POINT ( 'NONE',  ( -5.149999999999998579, -4.224999999999999645, 0.2000000000000016764 ) ) ;
#6749 =( NAMED_UNIT ( * ) PLANE_ANGLE_UNIT ( ) SI_UNIT ( $, .RADIAN. ) );
#6750 = ORIENTED_EDGE ( 'NONE', *, *, #3335, .F. ) ;
#6751 = CARTESIAN_POINT ( 'NONE',  ( 4.184149331665850902, -4.224999999999999645, 1.484534871776028275 ) ) ;
#6752 =( LENGTH_UNIT ( ) NAMED_UNIT ( * ) SI_UNIT ( .MILLI., .METRE. ) );
#6753 = LINE ( 'NONE', #2776, #6272 ) ;
#6754 = PRESENTATION_STYLE_ASSIGNMENT (( #3679 ) ) ;
#6755 = DIRECTION ( 'NONE',  ( -0.0000000000000000000, -1.000000000000000000, -0.0000000000000000000 ) ) ;
#6756 = LINE ( 'NONE', #7611, #4985 ) ;
#6757 = SURFACE_SIDE_STYLE ('',( #8088 ) ) ;
#6758 = SURFACE_STYLE_USAGE ( .BOTH. , #2895 ) ;
#6759 = DIRECTION ( 'NONE',  ( 0.2588190451025213501, 0.0000000000000000000, -0.9659258262890680902 ) ) ;
#6760 = ORIENTED_EDGE ( 'NONE', *, *, #3644, .F. ) ;
#6761 = VERTEX_POINT ( 'NONE', #9849 ) ;
#6762 = CIRCLE ( 'NONE', #5445, 0.2999999999999999334 ) ;
#6763 =( LENGTH_UNIT ( ) NAMED_UNIT ( * ) SI_UNIT ( .MILLI., .METRE. ) );
#6764 =( NAMED_UNIT ( * ) SI_UNIT ( $, .STERADIAN. ) SOLID_ANGLE_UNIT ( ) );
#6765 = DIRECTION ( 'NONE',  ( 0.0000000000000000000, 0.0000000000000000000, 1.000000000000000000 ) ) ;
#6766 = PRESENTATION_STYLE_ASSIGNMENT (( #445 ) ) ;
#6767 = ORIENTED_EDGE ( 'NONE', *, *, #4560, .T. ) ;
#6768 = PRESENTATION_STYLE_ASSIGNMENT (( #450 ) ) ;
#6769 = AXIS2_PLACEMENT_3D ( 'NONE', #7580, #460, #6024 ) ;
#6770 = EDGE_CURVE ( 'NONE', #9418, #8642, #982, .T. ) ;
#6771 = CARTESIAN_POINT ( 'NONE',  ( 3.881702402145740027, 2.125000000000000444, 1.531712435151438845 ) ) ;
#6772 = LINE ( 'NONE', #2848, #7057 ) ;
#6773 = SURFACE_STYLE_FILL_AREA ( #1343 ) ;
#6774 = FACE_OUTER_BOUND ( 'NONE', #1699, .T. ) ;
#6775 = VECTOR ( 'NONE', #10179, 1000.000000000000227 ) ;
#6776 = PRESENTATION_LAYER_ASSIGNMENT (  '', '', ( #2332 ) ) ;
#6777 = STYLED_ITEM ( 'NONE', ( #1132 ), #5968 ) ;
#6778 = ORIENTED_EDGE ( 'NONE', *, *, #5610, .F. ) ;
#6779 = EDGE_CURVE ( 'NONE', #6845, #9402, #7271, .T. ) ;
#6780 = FACE_OUTER_BOUND ( 'NONE', #6314, .T. ) ;
#6781 = ORIENTED_EDGE ( 'NONE', *, *, #9388, .F. ) ;
#6782 = DIRECTION ( 'NONE',  ( -0.0000000000000000000, -1.000000000000000000, -0.0000000000000000000 ) ) ;
#6783 = EDGE_CURVE ( 'NONE', #1502, #1936, #5921, .T. ) ;
#6784 = VECTOR ( 'NONE', #9574, 1000.000000000000114 ) ;
#6785 = ORIENTED_EDGE ( 'NONE', *, *, #7061, .T. ) ;
#6786 = PRESENTATION_STYLE_ASSIGNMENT (( #8311 ) ) ;
#6787 = DIRECTION ( 'NONE',  ( 0.0000000000000000000, 1.000000000000000000, -0.0000000000000000000 ) ) ;
#6788 = ORIENTED_EDGE ( 'NONE', *, *, #6066, .T. ) ;
#6789 = LINE ( 'NONE', #2865, #5415 ) ;
#6790 = LINE ( 'NONE', #1155, #9732 ) ;
#6791 = EDGE_CURVE ( 'NONE', #9030, #9182, #254, .T. ) ;
#6792 =( GEOMETRIC_REPRESENTATION_CONTEXT ( 3 ) GLOBAL_UNCERTAINTY_ASSIGNED_CONTEXT ( ( #3019 ) ) GLOBAL_UNIT_ASSIGNED_CONTEXT ( ( #8943, #1844, #1052 ) ) REPRESENTATION_CONTEXT ( 'NONE', 'WORKASPACE' ) );
#6793 = EDGE_LOOP ( 'NONE', ( #7721, #4766, #5194, #9740 ) ) ;
#6794 = FACE_OUTER_BOUND ( 'NONE', #3187, .T. ) ;
#6795 =( NAMED_UNIT ( * ) SI_UNIT ( $, .STERADIAN. ) SOLID_ANGLE_UNIT ( ) );
#6796 = DIRECTION ( 'NONE',  ( -1.000000000000000000, 0.0000000000000000000, 0.0000000000000000000 ) ) ;
#6797 = LINE ( 'NONE', #3561, #8282 ) ;
#6798 = LINE ( 'NONE', #5251, #707 ) ;
#6799 = DIRECTION ( 'NONE',  ( 1.314184451497580520E-16, -1.000000000000000000, 3.222258569307970441E-31 ) ) ;
#6800 = ORIENTED_EDGE ( 'NONE', *, *, #2502, .T. ) ;
#6801 = SURFACE_STYLE_USAGE ( .BOTH. , #8376 ) ;
#6802 =( LENGTH_UNIT ( ) NAMED_UNIT ( * ) SI_UNIT ( .MILLI., .METRE. ) );
#6803 = FACE_OUTER_BOUND ( 'NONE', #4592, .T. ) ;
#6804 = DIRECTION ( 'NONE',  ( -0.9848077530122064660, 0.0000000000000000000, -0.1736481776669392962 ) ) ;
#6805 = PLANE ( 'NONE',  #3144 ) ;
#6806 = EDGE_CURVE ( 'NONE', #3692, #1297, #4247, .T. ) ;
#6807 = DIRECTION ( 'NONE',  ( 4.342151275111226558E-15, 0.0000000000000000000, -1.000000000000000000 ) ) ;
#6808 = VECTOR ( 'NONE', #6537, 1000.000000000000000 ) ;
#6809 =( LENGTH_UNIT ( ) NAMED_UNIT ( * ) SI_UNIT ( .MILLI., .METRE. ) );
#6810 =( GEOMETRIC_REPRESENTATION_CONTEXT ( 3 ) GLOBAL_UNCERTAINTY_ASSIGNED_CONTEXT ( ( #4358 ) ) GLOBAL_UNIT_ASSIGNED_CONTEXT ( ( #4813, #4863, #4037 ) ) REPRESENTATION_CONTEXT ( 'NONE', 'WORKASPACE' ) );
#6811 = UNCERTAINTY_MEASURE_WITH_UNIT (LENGTH_MEASURE( 1.000000000000000082E-05 ), #7972, 'distance_accuracy_value', 'NONE');
#6812 = UNCERTAINTY_MEASURE_WITH_UNIT (LENGTH_MEASURE( 1.000000000000000082E-05 ), #10092, 'distance_accuracy_value', 'NONE');
#6813 = CARTESIAN_POINT ( 'NONE',  ( 4.494557450338585447, 3.395000000000000462, 5.421010862427522170E-16 ) ) ;
#6814 = AXIS2_PLACEMENT_3D ( 'NONE', #4441, #2174, #9926 ) ;
#6815 = ORIENTED_EDGE ( 'NONE', *, *, #3209, .T. ) ;
#6816 = ORIENTED_EDGE ( 'NONE', *, *, #6243, .F. ) ;
#6817 = LINE ( 'NONE', #5649, #6240 ) ;
#6818 = SURFACE_SIDE_STYLE ('',( #7663 ) ) ;
#6819 = LINE ( 'NONE', #3746, #5756 ) ;
#6820 = CARTESIAN_POINT ( 'NONE',  ( -4.494557450338589000, 3.395000000000000462, 0.2000000000000008993 ) ) ;
#6821 = SURFACE_STYLE_FILL_AREA ( #1390 ) ;
#6822 = ORIENTED_EDGE ( 'NONE', *, *, #9630, .F. ) ;
#6823 = CARTESIAN_POINT ( 'NONE',  ( -3.990737311234599183, 4.665000000000000924, 1.429674850314565093 ) ) ;
#6824 = SURFACE_STYLE_USAGE ( .BOTH. , #9172 ) ;
#6825 = AXIS2_PLACEMENT_3D ( 'NONE', #8598, #7824, #2130 ) ;
#6826 = PRESENTATION_STYLE_ASSIGNMENT (( #3695 ) ) ;
#6827 = CARTESIAN_POINT ( 'NONE',  ( -3.990737311234598295, 1.685000000000000275, 1.429674850314565093 ) ) ;
#6828 = LINE ( 'NONE', #5234, #896 ) ;
#6829 = AXIS2_PLACEMENT_3D ( 'NONE', #4622, #4065, #5615 ) ;
#6830 = CIRCLE ( 'NONE', #6348, 0.2999999999999983791 ) ;
#6831 = CARTESIAN_POINT ( 'NONE',  ( -4.184149331665849125, -1.684999999999999831, 1.484534871776029386 ) ) ;
#6832 = ORIENTED_EDGE ( 'NONE', *, *, #8760, .T. ) ;
#6833 = ORIENTED_EDGE ( 'NONE', *, *, #517, .T. ) ;
#6834 = COLOUR_RGB ( '',0.7529411764705882248, 0.7529411764705882248, 0.7529411764705882248 ) ;
#6835 = STYLED_ITEM ( 'NONE', ( #3022 ), #2435 ) ;
#6836 = FILL_AREA_STYLE_COLOUR ( '', #6945 ) ;
#6837 = ORIENTED_EDGE ( 'NONE', *, *, #8317, .T. ) ;
#6838 = UNCERTAINTY_MEASURE_WITH_UNIT (LENGTH_MEASURE( 1.000000000000000082E-05 ), #8444, 'distance_accuracy_value', 'NONE');
#6839 = AXIS2_PLACEMENT_3D ( 'NONE', #8721, #4782, #3303 ) ;
#6840 = CARTESIAN_POINT ( 'NONE',  ( -3.888707005762189528, 4.665000000000000924, 1.732440418475947430 ) ) ;
#6841 = ORIENTED_EDGE ( 'NONE', *, *, #8446, .F. ) ;
#6842 = EDGE_CURVE ( 'NONE', #7932, #7782, #9085, .T. ) ;
#6843 = VECTOR ( 'NONE', #9956, 1000.000000000000000 ) ;
#6844 = FILL_AREA_STYLE_COLOUR ( '', #9983 ) ;
#6845 = VERTEX_POINT ( 'NONE', #939 ) ;
#6846 = UNCERTAINTY_MEASURE_WITH_UNIT (LENGTH_MEASURE( 1.000000000000000082E-05 ), #8457, 'distance_accuracy_value', 'NONE');
#6847 = EDGE_CURVE ( 'NONE', #9335, #6628, #7637, .T. ) ;
#6848 = COLOUR_RGB ( '',0.7529411764705882248, 0.7529411764705882248, 0.7529411764705882248 ) ;
#6849 = VECTOR ( 'NONE', #4805, 1000.000000000000000 ) ;
#6850 = VERTEX_POINT ( 'NONE', #5087 ) ;
#6851 =( NAMED_UNIT ( * ) SI_UNIT ( $, .STERADIAN. ) SOLID_ANGLE_UNIT ( ) );
#6852 = AXIS2_PLACEMENT_3D ( 'NONE', #276, #9103, #2727 ) ;
#6853 = CARTESIAN_POINT ( 'NONE',  ( -3.149999999999999911, 4.150000000000000355, 3.500000000000000000 ) ) ;
#6854 =( GEOMETRIC_REPRESENTATION_CONTEXT ( 3 ) GLOBAL_UNCERTAINTY_ASSIGNED_CONTEXT ( ( #2093 ) ) GLOBAL_UNIT_ASSIGNED_CONTEXT ( ( #4328, #1861, #5789 ) ) REPRESENTATION_CONTEXT ( 'NONE', 'WORKASPACE' ) );
#6855 = EDGE_CURVE ( 'NONE', #10252, #653, #5308, .T. ) ;
#6856 = PRESENTATION_LAYER_ASSIGNMENT (  '', '', ( #6377 ) ) ;
#6857 = EDGE_CURVE ( 'NONE', #5156, #3135, #4296, .T. ) ;
#6858 = ORIENTED_EDGE ( 'NONE', *, *, #1412, .F. ) ;
#6859 =( NAMED_UNIT ( * ) SI_UNIT ( $, .STERADIAN. ) SOLID_ANGLE_UNIT ( ) );
#6860 = ADVANCED_FACE ( 'NONE', ( #8879 ), #4934, .F. ) ;
#6861 = CARTESIAN_POINT ( 'NONE',  ( -4.494557450338587223, -4.665000000000000036, 0.2000000000000008993 ) ) ;
#6862 = AXIS2_PLACEMENT_3D ( 'NONE', #2376, #1698, #4855 ) ;
#6863 =( NAMED_UNIT ( * ) PLANE_ANGLE_UNIT ( ) SI_UNIT ( $, .RADIAN. ) );
#6864 = DIRECTION ( 'NONE',  ( 1.000000000000000000, 0.0000000000000000000, 0.0000000000000000000 ) ) ;
#6865 = EDGE_CURVE ( 'NONE', #2950, #6132, #6984, .T. ) ;
#6866 = PRESENTATION_STYLE_ASSIGNMENT (( #8385 ) ) ;
#6867 = VECTOR ( 'NONE', #6623, 1000.000000000000000 ) ;
#6868 = FILL_AREA_STYLE ('',( #8588 ) ) ;
#6869 = DIRECTION ( 'NONE',  ( 0.0000000000000000000, -0.0000000000000000000, 1.000000000000000000 ) ) ;
#6870 = ORIENTED_EDGE ( 'NONE', *, *, #4781, .F. ) ;
#6871 = ORIENTED_EDGE ( 'NONE', *, *, #2115, .F. ) ;
#6872 = LINE ( 'NONE', #2223, #4063 ) ;
#6873 = DIRECTION ( 'NONE',  ( 0.0000000000000000000, 0.0000000000000000000, 1.000000000000000000 ) ) ;
#6874 = CARTESIAN_POINT ( 'NONE',  ( 3.800269556891266109, 4.225000000000000533, 1.732440418475946320 ) ) ;
#6875 = SURFACE_STYLE_FILL_AREA ( #3747 ) ;
#6876 = DIRECTION ( 'NONE',  ( 1.000000000000000000, 0.0000000000000000000, 2.451907390652843649E-15 ) ) ;
#6877 = ORIENTED_EDGE ( 'NONE', *, *, #1237, .F. ) ;
#6878 = LINE ( 'NONE', #10041, #8631 ) ;
#6879 =( GEOMETRIC_REPRESENTATION_CONTEXT ( 3 ) GLOBAL_UNCERTAINTY_ASSIGNED_CONTEXT ( ( #4785 ) ) GLOBAL_UNIT_ASSIGNED_CONTEXT ( ( #9872, #3575, #438 ) ) REPRESENTATION_CONTEXT ( 'NONE', 'WORKASPACE' ) );
#6880 = DIRECTION ( 'NONE',  ( -0.0000000000000000000, -1.000000000000000000, -0.0000000000000000000 ) ) ;
#6881 = CARTESIAN_POINT ( 'NONE',  ( 4.199115124434926294, -1.684999999999999831, 0.2479055466999157964 ) ) ;
#6882 = CARTESIAN_POINT ( 'NONE',  ( 4.494557450338586335, -0.8549999999999998712, 5.421010862427522170E-16 ) ) ;
#6883 =( LENGTH_UNIT ( ) NAMED_UNIT ( * ) SI_UNIT ( .MILLI., .METRE. ) );
#6884 = CARTESIAN_POINT ( 'NONE',  ( 3.800269556891267442, -2.125000000000000000, 1.732440418475946320 ) ) ;
#6885 = ORIENTED_EDGE ( 'NONE', *, *, #8310, .T. ) ;
#6886 = LINE ( 'NONE', #10049, #2545 ) ;
#6887 = ORIENTED_EDGE ( 'NONE', *, *, #204, .F. ) ;
#6888 = VECTOR ( 'NONE', #173, 1000.000000000000000 ) ;
#6889 = FILL_AREA_STYLE ('',( #5488 ) ) ;
#6890 = EDGE_LOOP ( 'NONE', ( #6073, #5406, #7846, #7442 ) ) ;
#6891 = VERTEX_POINT ( 'NONE', #9374 ) ;
#6892 =( LENGTH_UNIT ( ) NAMED_UNIT ( * ) SI_UNIT ( .MILLI., .METRE. ) );
#6893 = ORIENTED_EDGE ( 'NONE', *, *, #9127, .F. ) ;
#6894 = LINE ( 'NONE', #7745, #2597 ) ;
#6895 = CARTESIAN_POINT ( 'NONE',  ( 4.396076675037371650, -2.954999999999999183, 0.2826351822333049157 ) ) ;
#6896 = LINE ( 'NONE', #8517, #4505 ) ;
#6897 = EDGE_LOOP ( 'NONE', ( #10176, #5486, #5136, #5606 ) ) ;
#6898 = AXIS2_PLACEMENT_3D ( 'NONE', #655, #551, #2173 ) ;
#6899 = PLANE ( 'NONE',  #6353 ) ;
#6900 = MECHANICAL_DESIGN_GEOMETRIC_PRESENTATION_REPRESENTATION (  '', ( #8240 ), #449 ) ;
#6901 = DIRECTION ( 'NONE',  ( 1.117076137943961358E-16, 0.9659258262890680902, -0.2588190451025213501 ) ) ;
#6902 = EDGE_CURVE ( 'NONE', #5352, #7358, #10259, .T. ) ;
#6903 = SURFACE_SIDE_STYLE ('',( #6698 ) ) ;
#6904 = SURFACE_STYLE_FILL_AREA ( #585 ) ;
#6905 = CARTESIAN_POINT ( 'NONE',  ( 3.881702402145740471, -0.4149999999999995914, 1.531712435151438845 ) ) ;
#6906 = CIRCLE ( 'NONE', #4429, 0.2999999999999983791 ) ;
#6907 = VECTOR ( 'NONE', #4748, 1000.000000000000000 ) ;
#6908 = SURFACE_SIDE_STYLE ('',( #4472 ) ) ;
#6909 = DIRECTION ( 'NONE',  ( -0.0000000000000000000, -1.000000000000000000, -0.0000000000000000000 ) ) ;
#6910 = PRODUCT ( 'AF7D0B7D-6941-4E12-9BE3-131492E48411', 'AF7D0B7D-6941-4E12-9BE3-131492E48411', '', ( #2605 ) ) ;
#6911 = DIRECTION ( 'NONE',  ( 0.0000000000000000000, 0.0000000000000000000, 1.000000000000000000 ) ) ;
#6912 = ADVANCED_FACE ( 'NONE', ( #3122 ), #10145, .F. ) ;
#6913 = EDGE_CURVE ( 'NONE', #5628, #10267, #6163, .T. ) ;
#6914 = SURFACE_SIDE_STYLE ('',( #5314 ) ) ;
#6915 = VECTOR ( 'NONE', #3928, 1000.000000000000000 ) ;
#6916 = ADVANCED_FACE ( 'NONE', ( #8599 ), #5138, .F. ) ;
#6917 = FILL_AREA_STYLE_COLOUR ( '', #10222 ) ;
#6918 =( NAMED_UNIT ( * ) PLANE_ANGLE_UNIT ( ) SI_UNIT ( $, .RADIAN. ) );
#6919 = CARTESIAN_POINT ( 'NONE',  ( -3.881702402145738695, -2.954999999999999183, 1.531712435151439733 ) ) ;
#6920 = ORIENTED_EDGE ( 'NONE', *, *, #700, .F. ) ;
#6921 = VERTEX_POINT ( 'NONE', #2955 ) ;
#6922 = DIRECTION ( 'NONE',  ( 0.0000000000000000000, -0.0000000000000000000, -1.000000000000000000 ) ) ;
#6923 = EDGE_LOOP ( 'NONE', ( #9792, #1131, #2136, #157 ) ) ;
#6924 = CARTESIAN_POINT ( 'NONE',  ( -3.990737311234599183, 3.395000000000000462, 1.429674850314565093 ) ) ;
#6925 = DIRECTION ( 'NONE',  ( -0.0000000000000000000, -1.000000000000000000, 0.0000000000000000000 ) ) ;
#6926 = VECTOR ( 'NONE', #6477, 1000.000000000000000 ) ;
#6927 = ORIENTED_EDGE ( 'NONE', *, *, #242, .F. ) ;
#6928 = ADVANCED_FACE ( 'NONE', ( #5384 ), #1447, .T. ) ;
#6929 = FACE_OUTER_BOUND ( 'NONE', #1975, .T. ) ;
#6930 = DIRECTION ( 'NONE',  ( 0.0000000000000000000, -0.0000000000000000000, 1.000000000000000000 ) ) ;
#6931 = COLOUR_RGB ( '',0.7529411764705882248, 0.7529411764705882248, 0.7529411764705882248 ) ;
#6932 =( LENGTH_UNIT ( ) NAMED_UNIT ( * ) SI_UNIT ( .MILLI., .METRE. ) );
#6933 = CARTESIAN_POINT ( 'NONE',  ( -2.899999999999999911, 4.150000000000000355, 3.400000000000000355 ) ) ;
#6934 = ORIENTED_EDGE ( 'NONE', *, *, #3448, .T. ) ;
#6935 = DIRECTION ( 'NONE',  ( 0.0000000000000000000, 0.0000000000000000000, 1.000000000000000000 ) ) ;
#6936 = ORIENTED_EDGE ( 'NONE', *, *, #831, .T. ) ;
#6937 = STYLED_ITEM ( 'NONE', ( #8464 ), #1090 ) ;
#6938 = EDGE_CURVE ( 'NONE', #6448, #709, #2586, .T. ) ;
#6939 =( GEOMETRIC_REPRESENTATION_CONTEXT ( 3 ) GLOBAL_UNCERTAINTY_ASSIGNED_CONTEXT ( ( #5896 ) ) GLOBAL_UNIT_ASSIGNED_CONTEXT ( ( #1313, #10121, #3775 ) ) REPRESENTATION_CONTEXT ( 'NONE', 'WORKASPACE' ) );
#6940 =( NAMED_UNIT ( * ) SI_UNIT ( $, .STERADIAN. ) SOLID_ANGLE_UNIT ( ) );
#6941 = VERTEX_POINT ( 'NONE', #87 ) ;
#6942 = ORIENTED_EDGE ( 'NONE', *, *, #4206, .T. ) ;
#6943 = UNCERTAINTY_MEASURE_WITH_UNIT (LENGTH_MEASURE( 1.000000000000000082E-05 ), #5836, 'distance_accuracy_value', 'NONE');
#6944 =( GEOMETRIC_REPRESENTATION_CONTEXT ( 3 ) GLOBAL_UNCERTAINTY_ASSIGNED_CONTEXT ( ( #7587 ) ) GLOBAL_UNIT_ASSIGNED_CONTEXT ( ( #7656, #6144, #6052 ) ) REPRESENTATION_CONTEXT ( 'NONE', 'WORKASPACE' ) );
#6945 = COLOUR_RGB ( '',0.7529411764705882248, 0.7529411764705882248, 0.7529411764705882248 ) ;
#6946 = SURFACE_STYLE_FILL_AREA ( #7937 ) ;
#6947 = DIRECTION ( 'NONE',  ( -0.0000000000000000000, -1.000000000000000000, -0.0000000000000000000 ) ) ;
#6948 = ORIENTED_EDGE ( 'NONE', *, *, #9961, .F. ) ;
#6949 = SURFACE_STYLE_FILL_AREA ( #2971 ) ;
#6950 = UNCERTAINTY_MEASURE_WITH_UNIT (LENGTH_MEASURE( 1.000000000000000082E-05 ), #6545, 'distance_accuracy_value', 'NONE');
#6951 = CARTESIAN_POINT ( 'NONE',  ( -3.800269556891265665, 3.395000000000000462, 1.732440418475947208 ) ) ;
#6952 = ORIENTED_EDGE ( 'NONE', *, *, #4889, .F. ) ;
#6953 = STYLED_ITEM ( 'NONE', ( #7013 ), #6620 ) ;
#6954 = DIRECTION ( 'NONE',  ( 1.000000000000000000, 0.0000000000000000000, 2.451907390652843649E-15 ) ) ;
#6955 = VECTOR ( 'NONE', #9224, 1000.000000000000000 ) ;
#6956 =( NAMED_UNIT ( * ) PLANE_ANGLE_UNIT ( ) SI_UNIT ( $, .RADIAN. ) );
#6957 = PLANE ( 'NONE',  #8520 ) ;
#6958 = DIRECTION ( 'NONE',  ( -0.1736481776669387411, -0.0000000000000000000, 0.9848077530122064660 ) ) ;
#6959 = SURFACE_SIDE_STYLE ('',( #9299 ) ) ;
#6960 = VECTOR ( 'NONE', #1831, 1000.000000000000000 ) ;
#6961 = ORIENTED_EDGE ( 'NONE', *, *, #7628, .T. ) ;
#6962 = MECHANICAL_DESIGN_GEOMETRIC_PRESENTATION_REPRESENTATION (  '', ( #6626 ), #4818 ) ;
#6963 = CARTESIAN_POINT ( 'NONE',  ( -3.899999999999998135, -4.949999999999999289, 1.600000000000000089 ) ) ;
#6964 = CARTESIAN_POINT ( 'NONE',  ( 3.888707005762190860, -1.684999999999999831, 1.432440418475947386 ) ) ;
#6965 = LINE ( 'NONE', #9405, #4258 ) ;
#6966 = EDGE_CURVE ( 'NONE', #3858, #462, #4861, .T. ) ;
#6967 = DIRECTION ( 'NONE',  ( 0.0000000000000000000, 0.0000000000000000000, -1.000000000000000000 ) ) ;
#6968 =( LENGTH_UNIT ( ) NAMED_UNIT ( * ) SI_UNIT ( .MILLI., .METRE. ) );
#6969 = STYLED_ITEM ( 'NONE', ( #23 ), #6491 ) ;
#6970 = FILL_AREA_STYLE ('',( #6917 ) ) ;
#6971 = SURFACE_SIDE_STYLE ('',( #7659 ) ) ;
#6972 = EDGE_CURVE ( 'NONE', #9742, #573, #1702, .T. ) ;
#6973 = ORIENTED_EDGE ( 'NONE', *, *, #5933, .T. ) ;
#6974 = ORIENTED_EDGE ( 'NONE', *, *, #8884, .T. ) ;
#6975 = FACE_OUTER_BOUND ( 'NONE', #9941, .T. ) ;
#6976 = ORIENTED_EDGE ( 'NONE', *, *, #4401, .F. ) ;
#6977 = DIRECTION ( 'NONE',  ( 0.0000000000000000000, 0.0000000000000000000, -1.000000000000000000 ) ) ;
#6978 = DIRECTION ( 'NONE',  ( 0.0000000000000000000, 1.000000000000000000, 0.0000000000000000000 ) ) ;
#6979 = AXIS2_PLACEMENT_3D ( 'NONE', #2227, #3885, #2175 ) ;
#6980 = ADVANCED_FACE ( 'NONE', ( #1009 ), #1757, .T. ) ;
#6981 = CARTESIAN_POINT ( 'NONE',  ( 3.899999999999999911, 4.225000000000000533, 1.600000000000000089 ) ) ;
#6982 = ORIENTED_EDGE ( 'NONE', *, *, #2619, .T. ) ;
#6983 = VECTOR ( 'NONE', #1785, 1000.000000000000000 ) ;
#6984 = LINE ( 'NONE', #1497, #7795 ) ;
#6985 = VECTOR ( 'NONE', #6911, 1000.000000000000000 ) ;
#6986 = PRESENTATION_STYLE_ASSIGNMENT (( #9277 ) ) ;
#6987 = FACE_OUTER_BOUND ( 'NONE', #2962, .T. ) ;
#6988 = CARTESIAN_POINT ( 'NONE',  ( 4.199115124434926294, 0.4150000000000004241, 0.2479055466999157964 ) ) ;
#6989 = CARTESIAN_POINT ( 'NONE',  ( -3.990737311234598295, -2.125000000000000000, 1.429674850314565093 ) ) ;
#6990 = CARTESIAN_POINT ( 'NONE',  ( 4.494557450338589000, 4.665000000000000924, 0.1999999999999988454 ) ) ;
#6991 = EDGE_CURVE ( 'NONE', #9990, #5951, #8748, .T. ) ;
#6992 = ORIENTED_EDGE ( 'NONE', *, *, #1178, .F. ) ;
#6993 = PRESENTATION_LAYER_ASSIGNMENT (  '', '', ( #6179 ) ) ;
#6994 = ORIENTED_EDGE ( 'NONE', *, *, #4648, .T. ) ;
#6995 = COLOUR_RGB ( '',0.7529411764705882248, 0.7529411764705882248, 0.7529411764705882248 ) ;
#6996 = CYLINDRICAL_SURFACE ( 'NONE', #9429, 0.2999999999999983791 ) ;
#6997 = ORIENTED_EDGE ( 'NONE', *, *, #517, .F. ) ;
#6998 = VECTOR ( 'NONE', #1425, 1000.000000000000000 ) ;
#6999 = SURFACE_SIDE_STYLE ('',( #5989 ) ) ;
#7000 = MECHANICAL_DESIGN_GEOMETRIC_PRESENTATION_REPRESENTATION (  '', ( #3707 ), #7165 ) ;
#7001 = EDGE_CURVE ( 'NONE', #7328, #5092, #1652, .T. ) ;
#7002 =( NAMED_UNIT ( * ) PLANE_ANGLE_UNIT ( ) SI_UNIT ( $, .RADIAN. ) );
#7003 = DIRECTION ( 'NONE',  ( 0.1736481776669393240, -0.0000000000000000000, 0.9848077530122063550 ) ) ;
#7004 = ORIENTED_EDGE ( 'NONE', *, *, #2620, .F. ) ;
#7005 = CARTESIAN_POINT ( 'NONE',  ( -3.149999999999999911, 4.150000000000000355, 3.500000000000000000 ) ) ;
#7006 = VECTOR ( 'NONE', #1712, 1000.000000000000000 ) ;
#7007 =( LENGTH_UNIT ( ) NAMED_UNIT ( * ) SI_UNIT ( .MILLI., .METRE. ) );
#7008 = ORIENTED_EDGE ( 'NONE', *, *, #4774, .F. ) ;
#7009 = FILL_AREA_STYLE ('',( #9350 ) ) ;
#7010 = VERTEX_POINT ( 'NONE', #9771 ) ;
#7011 = STYLED_ITEM ( 'NONE', ( #4933 ), #8435 ) ;
#7012 = DIRECTION ( 'NONE',  ( -0.2588190451025213501, 0.0000000000000000000, -0.9659258262890680902 ) ) ;
#7013 = PRESENTATION_STYLE_ASSIGNMENT (( #6247 ) ) ;
#7014 = AXIS2_PLACEMENT_3D ( 'NONE', #4746, #5518, #1291 ) ;
#7015 = VECTOR ( 'NONE', #10109, 1000.000000000000000 ) ;
#7016 = FILL_AREA_STYLE ('',( #7850 ) ) ;
#7017 = ORIENTED_EDGE ( 'NONE', *, *, #6726, .T. ) ;
#7018 = FILL_AREA_STYLE_COLOUR ( '', #9791 ) ;
#7019 = CARTESIAN_POINT ( 'NONE',  ( 4.494557450338586335, 0.8550000000000007594, -1.084202172485504434E-15 ) ) ;
#7020 = MECHANICAL_DESIGN_GEOMETRIC_PRESENTATION_REPRESENTATION (  '', ( #388 ), #2061 ) ;
#7021 = SURFACE_SIDE_STYLE ('',( #2313 ) ) ;
#7022 = DIRECTION ( 'NONE',  ( 1.000000000000000000, 0.0000000000000000000, 0.0000000000000000000 ) ) ;
#7023 = PRESENTATION_STYLE_ASSIGNMENT (( #8474 ) ) ;
#7024 = CARTESIAN_POINT ( 'NONE',  ( -4.184149331665849125, 3.395000000000000462, 1.484534871776029163 ) ) ;
#7025 = DIRECTION ( 'NONE',  ( -0.0000000000000000000, -1.000000000000000000, -0.0000000000000000000 ) ) ;
#7026 = AXIS2_PLACEMENT_3D ( 'NONE', #817, #4763, #2340 ) ;
#7027 = DIRECTION ( 'NONE',  ( 0.1736481776669392962, 0.0000000000000000000, -0.9848077530122064660 ) ) ;
#7028 = CYLINDRICAL_SURFACE ( 'NONE', #4823, 0.1243605512616186154 ) ;
#7029 = PRESENTATION_STYLE_ASSIGNMENT (( #3873 ) ) ;
#7030 = FACE_OUTER_BOUND ( 'NONE', #2198, .T. ) ;
#7031 = SURFACE_SIDE_STYLE ('',( #754 ) ) ;
#7032 =( GEOMETRIC_REPRESENTATION_CONTEXT ( 3 ) GLOBAL_UNCERTAINTY_ASSIGNED_CONTEXT ( ( #6846 ) ) GLOBAL_UNIT_ASSIGNED_CONTEXT ( ( #8457, #568, #1461 ) ) REPRESENTATION_CONTEXT ( 'NONE', 'WORKASPACE' ) );
#7033 = PRESENTATION_STYLE_ASSIGNMENT (( #4696 ) ) ;
#7034 = CARTESIAN_POINT ( 'NONE',  ( -3.990737311234599183, 2.955000000000000071, 1.429674850314565093 ) ) ;
#7035 = EDGE_LOOP ( 'NONE', ( #7586, #5437, #735, #8173 ) ) ;
#7036 = FILL_AREA_STYLE_COLOUR ( '', #4915 ) ;
#7037 = SURFACE_STYLE_FILL_AREA ( #7618 ) ;
#7038 =( GEOMETRIC_REPRESENTATION_CONTEXT ( 3 ) GLOBAL_UNCERTAINTY_ASSIGNED_CONTEXT ( ( #8505 ) ) GLOBAL_UNIT_ASSIGNED_CONTEXT ( ( #5588, #3947, #6324 ) ) REPRESENTATION_CONTEXT ( 'NONE', 'WORKASPACE' ) );
#7039 = ORIENTED_EDGE ( 'NONE', *, *, #6031, .F. ) ;
#7040 = CARTESIAN_POINT ( 'NONE',  ( -4.184149331665849125, 3.395000000000000462, 1.484534871776029163 ) ) ;
#7041 = CARTESIAN_POINT ( 'NONE',  ( -2.899999999999999911, 4.150000000000000355, 3.500000000000000000 ) ) ;
#7042 = SURFACE_STYLE_USAGE ( .BOTH. , #7774 ) ;
#7043 = EDGE_LOOP ( 'NONE', ( #1214, #4091, #10134, #7528 ) ) ;
#7044 = CONICAL_SURFACE ( 'NONE', #405, 0.1499999999999995226, 0.2617993877991500740 ) ;
#7045 = CARTESIAN_POINT ( 'NONE',  ( 5.150000000000001243, 2.125000000000000444, 0.0000000000000000000 ) ) ;
#7046 = FILL_AREA_STYLE_COLOUR ( '', #5139 ) ;
#7047 = VECTOR ( 'NONE', #1062, 1000.000000000000000 ) ;
#7048 =( NAMED_UNIT ( * ) SI_UNIT ( $, .STERADIAN. ) SOLID_ANGLE_UNIT ( ) );
#7049 = LINE ( 'NONE', #4862, #1910 ) ;
#7050 = EDGE_CURVE ( 'NONE', #3597, #8545, #8127, .T. ) ;
#7051 = UNCERTAINTY_MEASURE_WITH_UNIT (LENGTH_MEASURE( 1.000000000000000082E-05 ), #1224, 'distance_accuracy_value', 'NONE');
#7052 = DIRECTION ( 'NONE',  ( -1.000000000000000000, 0.0000000000000000000, 2.451907390652843255E-15 ) ) ;
#7053 = DIRECTION ( 'NONE',  ( -1.000000000000000000, 0.0000000000000000000, 0.0000000000000000000 ) ) ;
#7054 = ORIENTED_EDGE ( 'NONE', *, *, #4945, .F. ) ;
#7055 = AXIS2_PLACEMENT_3D ( 'NONE', #9918, #488, #10028 ) ;
#7056 = DIRECTION ( 'NONE',  ( -0.0000000000000000000, -1.000000000000000000, -0.0000000000000000000 ) ) ;
#7057 = VECTOR ( 'NONE', #5178, 1000.000000000000227 ) ;
#7058 = ORIENTED_EDGE ( 'NONE', *, *, #5528, .F. ) ;
#7059 = CARTESIAN_POINT ( 'NONE',  ( 4.494557450338589888, 1.685000000000000275, 0.2999999999999988787 ) ) ;
#7060 = EDGE_LOOP ( 'NONE', ( #651, #1622, #6973, #4656 ) ) ;
#7061 = EDGE_CURVE ( 'NONE', #3111, #2088, #2665, .T. ) ;
#7062 = DIRECTION ( 'NONE',  ( -1.000000000000000000, 0.0000000000000000000, 2.451907390652843255E-15 ) ) ;
#7063 = LINE ( 'NONE', #6287, #8872 ) ;
#7064 = SURFACE_SIDE_STYLE ('',( #6334 ) ) ;
#7065 = ORIENTED_EDGE ( 'NONE', *, *, #9414, .T. ) ;
#7066 = PRESENTATION_STYLE_ASSIGNMENT (( #3910 ) ) ;
#7067 = DIRECTION ( 'NONE',  ( -0.1736481776669387411, 0.0000000000000000000, -0.9848077530122064660 ) ) ;
#7068 = ORIENTED_EDGE ( 'NONE', *, *, #8531, .F. ) ;
#7069 = PRESENTATION_STYLE_ASSIGNMENT (( #1514 ) ) ;
#7070 = ORIENTED_EDGE ( 'NONE', *, *, #6245, .T. ) ;
#7071 = ADVANCED_FACE ( 'NONE', ( #5012 ), #1176, .F. ) ;
#7072 = CARTESIAN_POINT ( 'NONE',  ( -3.881702402145739139, 0.8550000000000007594, 1.531712435151439733 ) ) ;
#7073 = CARTESIAN_POINT ( 'NONE',  ( -3.990737311234598295, 2.125000000000000444, 1.429674850314565093 ) ) ;
#7074 = VERTEX_POINT ( 'NONE', #5163 ) ;
#7075 = PLANE ( 'NONE',  #1322 ) ;
#7076 = UNCERTAINTY_MEASURE_WITH_UNIT (LENGTH_MEASURE( 1.000000000000000082E-05 ), #2327, 'distance_accuracy_value', 'NONE');
#7077 = DIRECTION ( 'NONE',  ( -2.563936943398996305E-15, 0.0000000000000000000, 1.000000000000000000 ) ) ;
#7078 = ORIENTED_EDGE ( 'NONE', *, *, #2493, .F. ) ;
#7079 = FILL_AREA_STYLE ('',( #62 ) ) ;
#7080 = DIRECTION ( 'NONE',  ( 0.0000000000000000000, -1.000000000000000000, 0.0000000000000000000 ) ) ;
#7081 = DIRECTION ( 'NONE',  ( -0.0000000000000000000, -1.000000000000000000, -0.0000000000000000000 ) ) ;
#7082 = MECHANICAL_DESIGN_GEOMETRIC_PRESENTATION_REPRESENTATION (  '', ( #9709 ), #8399 ) ;
#7083 = EDGE_CURVE ( 'NONE', #9844, #9585, #6756, .T. ) ;
#7084 =( NAMED_UNIT ( * ) PLANE_ANGLE_UNIT ( ) SI_UNIT ( $, .RADIAN. ) );
#7085 = CARTESIAN_POINT ( 'NONE',  ( -4.199115124434927182, 4.665000000000000924, 0.2479055466999170732 ) ) ;
#7086 =( NAMED_UNIT ( * ) SI_UNIT ( $, .STERADIAN. ) SOLID_ANGLE_UNIT ( ) );
#7087 = STYLED_ITEM ( 'NONE', ( #6438 ), #3461 ) ;
#7088 = STYLED_ITEM ( 'NONE', ( #1813 ), #4301 ) ;
#7089 = FILL_AREA_STYLE ('',( #6411 ) ) ;
#7090 = ORIENTED_EDGE ( 'NONE', *, *, #2371, .T. ) ;
#7091 = VERTEX_POINT ( 'NONE', #6709 ) ;
#7092 = CARTESIAN_POINT ( 'NONE',  ( 3.888707005762189972, 3.395000000000000462, 1.432440418475947386 ) ) ;
#7093 = ORIENTED_EDGE ( 'NONE', *, *, #9106, .T. ) ;
#7094 = CARTESIAN_POINT ( 'NONE',  ( -5.150000000000000355, 3.395000000000000462, 0.2000000000000016764 ) ) ;
#7095 = CIRCLE ( 'NONE', #955, 0.09999999999999911737 ) ;
#7096 = SURFACE_STYLE_USAGE ( .BOTH. , #3940 ) ;
#7097 = DIRECTION ( 'NONE',  ( 0.0000000000000000000, -0.0000000000000000000, 1.000000000000000000 ) ) ;
#7098 = CARTESIAN_POINT ( 'NONE',  ( -4.494557450338585447, 4.665000000000000924, 1.680513367352531873E-15 ) ) ;
#7099 = DIRECTION ( 'NONE',  ( -0.0000000000000000000, -0.0000000000000000000, -1.000000000000000000 ) ) ;
#7100 = SURFACE_STYLE_FILL_AREA ( #3948 ) ;
#7101 = PRESENTATION_LAYER_ASSIGNMENT (  '', '', ( #3311 ) ) ;
#7102 = ORIENTED_EDGE ( 'NONE', *, *, #6791, .T. ) ;
#7103 = COLOUR_RGB ( '',0.7529411764705882248, 0.7529411764705882248, 0.7529411764705882248 ) ;
#7104 = DIRECTION ( 'NONE',  ( -0.0000000000000000000, -1.000000000000000000, -0.0000000000000000000 ) ) ;
#7105 = ORIENTED_EDGE ( 'NONE', *, *, #10147, .F. ) ;
#7106 = DIRECTION ( 'NONE',  ( -0.0000000000000000000, -1.000000000000000000, -0.0000000000000000000 ) ) ;
#7107 = EDGE_CURVE ( 'NONE', #1111, #957, #2634, .T. ) ;
#7108 = ORIENTED_EDGE ( 'NONE', *, *, #7107, .T. ) ;
#7109 =( GEOMETRIC_REPRESENTATION_CONTEXT ( 3 ) GLOBAL_UNCERTAINTY_ASSIGNED_CONTEXT ( ( #2889 ) ) GLOBAL_UNIT_ASSIGNED_CONTEXT ( ( #40, #6572, #9725 ) ) REPRESENTATION_CONTEXT ( 'NONE', 'WORKASPACE' ) );
#7110 = CARTESIAN_POINT ( 'NONE',  ( -4.184149331665850013, 4.225000000000000533, 1.484534871776029386 ) ) ;
#7111 = ADVANCED_FACE ( 'NONE', ( #9005 ), #6566, .F. ) ;
#7112 = ORIENTED_EDGE ( 'NONE', *, *, #2105, .T. ) ;
#7113 = PRESENTATION_LAYER_ASSIGNMENT (  '', '', ( #1310 ) ) ;
#7114 = FILL_AREA_STYLE ('',( #3298 ) ) ;
#7115 = EDGE_LOOP ( 'NONE', ( #7386, #2970, #10002, #8341 ) ) ;
#7116 = EDGE_CURVE ( 'NONE', #913, #4161, #5786, .T. ) ;
#7117 = CARTESIAN_POINT ( 'NONE',  ( -3.868266076183283886, -2.125000000000000000, 1.408079867214329095 ) ) ;
#7118 = PLANE ( 'NONE',  #7631 ) ;
#7119 =( GEOMETRIC_REPRESENTATION_CONTEXT ( 3 ) GLOBAL_UNCERTAINTY_ASSIGNED_CONTEXT ( ( #9040 ) ) GLOBAL_UNIT_ASSIGNED_CONTEXT ( ( #2755, #9892, #5969 ) ) REPRESENTATION_CONTEXT ( 'NONE', 'WORKASPACE' ) );
#7120 =( NAMED_UNIT ( * ) SI_UNIT ( $, .STERADIAN. ) SOLID_ANGLE_UNIT ( ) );
#7121 = EDGE_LOOP ( 'NONE', ( #8514, #1385, #9033, #278 ) ) ;
#7122 = PRESENTATION_STYLE_ASSIGNMENT (( #3968 ) ) ;
#7123 = ADVANCED_FACE ( 'NONE', ( #2216 ), #646, .T. ) ;
#7124 = FACE_OUTER_BOUND ( 'NONE', #309, .T. ) ;
#7125 = CARTESIAN_POINT ( 'NONE',  ( -3.899999999999999911, 4.949999999999999289, 1.600000000000000089 ) ) ;
#7126 = COLOUR_RGB ( '',0.7529411764705882248, 0.7529411764705882248, 0.7529411764705882248 ) ;
#7127 = MECHANICAL_DESIGN_GEOMETRIC_PRESENTATION_REPRESENTATION (  '', ( #6473 ), #2993 ) ;
#7128 = PRESENTATION_LAYER_ASSIGNMENT (  '', '', ( #1503 ) ) ;
#7129 = FILL_AREA_STYLE_COLOUR ( '', #3445 ) ;
#7130 = FACE_OUTER_BOUND ( 'NONE', #4175, .T. ) ;
#7131 = COLOUR_RGB ( '',0.7529411764705882248, 0.7529411764705882248, 0.7529411764705882248 ) ;
#7132 = DIRECTION ( 'NONE',  ( -0.2588190451025213501, -0.0000000000000000000, 0.9659258262890680902 ) ) ;
#7133 = FILL_AREA_STYLE_COLOUR ( '', #8595 ) ;
#7134 = ADVANCED_FACE ( 'NONE', ( #3179 ), #8755, .F. ) ;
#7135 = ORIENTED_EDGE ( 'NONE', *, *, #9233, .T. ) ;
#7136 = PRESENTATION_STYLE_ASSIGNMENT (( #3325 ) ) ;
#7137 = ORIENTED_EDGE ( 'NONE', *, *, #2265, .F. ) ;
#7138 = FILL_AREA_STYLE_COLOUR ( '', #9998 ) ;
#7139 = CARTESIAN_POINT ( 'NONE',  ( -4.494557450338585447, 2.955000000000000071, 1.680513367352531873E-15 ) ) ;
#7140 =( LENGTH_UNIT ( ) NAMED_UNIT ( * ) SI_UNIT ( .MILLI., .METRE. ) );
#7141 = AXIS2_PLACEMENT_3D ( 'NONE', #7361, #6668, #1974 ) ;
#7142 = SURFACE_STYLE_FILL_AREA ( #8026 ) ;
#7143 = SURFACE_STYLE_USAGE ( .BOTH. , #4810 ) ;
#7144 = SURFACE_STYLE_FILL_AREA ( #9527 ) ;
#7145 = CARTESIAN_POINT ( 'NONE',  ( -4.494557450338589000, 4.225000000000000533, 0.3000000000000000444 ) ) ;
#7146 = DIRECTION ( 'NONE',  ( 0.0000000000000000000, 0.0000000000000000000, -1.000000000000000000 ) ) ;
#7147 = VECTOR ( 'NONE', #6876, 1000.000000000000000 ) ;
#7148 = EDGE_LOOP ( 'NONE', ( #1517, #2754, #7414, #2095 ) ) ;
#7149 = DIRECTION ( 'NONE',  ( 1.000000000000000000, -0.0000000000000000000, -2.451907390652843649E-15 ) ) ;
#7150 =( LENGTH_UNIT ( ) NAMED_UNIT ( * ) SI_UNIT ( .MILLI., .METRE. ) );
#7151 = ORIENTED_EDGE ( 'NONE', *, *, #5771, .T. ) ;
#7152 = CARTESIAN_POINT ( 'NONE',  ( 3.868266076183286106, 0.8550000000000007594, 1.408079867214328207 ) ) ;
#7153 = PRESENTATION_LAYER_ASSIGNMENT (  '', '', ( #3372 ) ) ;
#7154 = AXIS2_PLACEMENT_3D ( 'NONE', #10029, #2167, #9364 ) ;
#7155 = DIRECTION ( 'NONE',  ( 0.0000000000000000000, 0.0000000000000000000, -1.000000000000000000 ) ) ;
#7156 = STYLED_ITEM ( 'NONE', ( #2552 ), #7831 ) ;
#7157 = ORIENTED_EDGE ( 'NONE', *, *, #6429, .T. ) ;
#7158 = CARTESIAN_POINT ( 'NONE',  ( -3.990737311234597406, -4.665000000000000036, 1.429674850314565093 ) ) ;
#7159 = UNCERTAINTY_MEASURE_WITH_UNIT (LENGTH_MEASURE( 1.000000000000000082E-05 ), #8558, 'distance_accuracy_value', 'NONE');
#7160 = CARTESIAN_POINT ( 'NONE',  ( -4.494557450338584559, 2.125000000000000444, 1.680513367352531873E-15 ) ) ;
#7161 = ORIENTED_EDGE ( 'NONE', *, *, #5081, .F. ) ;
#7162 =( GEOMETRIC_REPRESENTATION_CONTEXT ( 3 ) GLOBAL_UNCERTAINTY_ASSIGNED_CONTEXT ( ( #4669 ) ) GLOBAL_UNIT_ASSIGNED_CONTEXT ( ( #8018, #4075, #9610 ) ) REPRESENTATION_CONTEXT ( 'NONE', 'WORKASPACE' ) );
#7163 = ORIENTED_EDGE ( 'NONE', *, *, #6220, .F. ) ;
#7164 = FILL_AREA_STYLE_COLOUR ( '', #1323 ) ;
#7165 =( GEOMETRIC_REPRESENTATION_CONTEXT ( 3 ) GLOBAL_UNCERTAINTY_ASSIGNED_CONTEXT ( ( #6812 ) ) GLOBAL_UNIT_ASSIGNED_CONTEXT ( ( #10092, #5431, #9323 ) ) REPRESENTATION_CONTEXT ( 'NONE', 'WORKASPACE' ) );
#7166 = DIRECTION ( 'NONE',  ( 1.000000000000000000, 0.0000000000000000000, 0.0000000000000000000 ) ) ;
#7167 = VERTEX_POINT ( 'NONE', #94 ) ;
#7168 = UNCERTAINTY_MEASURE_WITH_UNIT (LENGTH_MEASURE( 1.000000000000000082E-05 ), #3534, 'distance_accuracy_value', 'NONE');
#7169 = PRESENTATION_STYLE_ASSIGNMENT (( #8627 ) ) ;
#7170 = EDGE_CURVE ( 'NONE', #2487, #3465, #6380, .T. ) ;
#7171 = VECTOR ( 'NONE', #243, 1000.000000000000000 ) ;
#7172 = VECTOR ( 'NONE', #7550, 1000.000000000000227 ) ;
#7173 = EDGE_CURVE ( 'NONE', #2924, #6921, #2590, .T. ) ;
#7174 = STYLED_ITEM ( 'NONE', ( #1655 ), #1554 ) ;
#7175 = UNCERTAINTY_MEASURE_WITH_UNIT (LENGTH_MEASURE( 1.000000000000000082E-05 ), #1434, 'distance_accuracy_value', 'NONE');
#7176 = LINE ( 'NONE', #3255, #8658 ) ;
#7177 =( NAMED_UNIT ( * ) PLANE_ANGLE_UNIT ( ) SI_UNIT ( $, .RADIAN. ) );
#7178 = ORIENTED_EDGE ( 'NONE', *, *, #3881, .T. ) ;
#7179 = UNCERTAINTY_MEASURE_WITH_UNIT (LENGTH_MEASURE( 1.000000000000000082E-05 ), #2462, 'distance_accuracy_value', 'NONE');
#7180 = SURFACE_STYLE_USAGE ( .BOTH. , #2366 ) ;
#7181 = SURFACE_STYLE_FILL_AREA ( #6458 ) ;
#7182 = SURFACE_SIDE_STYLE ('',( #1638 ) ) ;
#7183 = AXIS2_PLACEMENT_3D ( 'NONE', #7338, #7233, #1738 ) ;
#7184 = AXIS2_PLACEMENT_3D ( 'NONE', #1825, #7372, #8046 ) ;
#7185 = EDGE_CURVE ( 'NONE', #4919, #4062, #1555, .T. ) ;
#7186 = EDGE_CURVE ( 'NONE', #5490, #10040, #8809, .T. ) ;
#7187 = CARTESIAN_POINT ( 'NONE',  ( 3.900000000000001243, -1.684999999999999831, 1.600000000000000089 ) ) ;
#7188 = AXIS2_PLACEMENT_3D ( 'NONE', #5137, #4404, #9943 ) ;
#7189 = CARTESIAN_POINT ( 'NONE',  ( 3.990737311234600959, -4.665000000000000036, 1.429674850314564205 ) ) ;
#7190 = ORIENTED_EDGE ( 'NONE', *, *, #2502, .F. ) ;
#7191 = MECHANICAL_DESIGN_GEOMETRIC_PRESENTATION_REPRESENTATION (  '', ( #1557 ), #556 ) ;
#7192 = ORIENTED_EDGE ( 'NONE', *, *, #3065, .F. ) ;
#7193 = CIRCLE ( 'NONE', #7026, 0.2999999999999983791 ) ;
#7194 = DIRECTION ( 'NONE',  ( 1.000000000000000000, 0.0000000000000000000, 4.342151275111226558E-15 ) ) ;
#7195 = VERTEX_POINT ( 'NONE', #3952 ) ;
#7196 = FILL_AREA_STYLE ('',( #866 ) ) ;
#7197 = VECTOR ( 'NONE', #6666, 1000.000000000000000 ) ;
#7198 = CARTESIAN_POINT ( 'NONE',  ( -3.899999999999999467, 3.395000000000000462, 1.600000000000000089 ) ) ;
#7199 = EDGE_CURVE ( 'NONE', #7918, #7267, #1658, .T. ) ;
#7200 =( NAMED_UNIT ( * ) PLANE_ANGLE_UNIT ( ) SI_UNIT ( $, .RADIAN. ) );
#7201 = COLOUR_RGB ( '',0.7529411764705882248, 0.7529411764705882248, 0.7529411764705882248 ) ;
#7202 =( NAMED_UNIT ( * ) SI_UNIT ( $, .STERADIAN. ) SOLID_ANGLE_UNIT ( ) );
#7203 = CARTESIAN_POINT ( 'NONE',  ( -4.184149331665848237, -4.224999999999999645, 1.484534871776029386 ) ) ;
#7204 = AXIS2_PLACEMENT_3D ( 'NONE', #4727, #7980, #4096 ) ;
#7205 = AXIS2_PLACEMENT_3D ( 'NONE', #7709, #7758, #1431 ) ;
#7206 = ORIENTED_EDGE ( 'NONE', *, *, #715, .F. ) ;
#7207 = DIRECTION ( 'NONE',  ( 0.0000000000000000000, 0.0000000000000000000, -1.000000000000000000 ) ) ;
#7208 = CARTESIAN_POINT ( 'NONE',  ( -4.494557450338588112, -0.8549999999999998712, 0.2000000000000008993 ) ) ;
#7209 = CIRCLE ( 'NONE', #2732, 0.2999999999999999889 ) ;
#7210 = ORIENTED_EDGE ( 'NONE', *, *, #8816, .T. ) ;
#7211 = FILL_AREA_STYLE ('',( #620 ) ) ;
#7212 = AXIS2_PLACEMENT_3D ( 'NONE', #1703, #8030, #4085 ) ;
#7213 = PRESENTATION_STYLE_ASSIGNMENT (( #3340 ) ) ;
#7214 =( GEOMETRIC_REPRESENTATION_CONTEXT ( 3 ) GLOBAL_UNCERTAINTY_ASSIGNED_CONTEXT ( ( #4891 ) ) GLOBAL_UNIT_ASSIGNED_CONTEXT ( ( #850, #8838, #3925 ) ) REPRESENTATION_CONTEXT ( 'NONE', 'WORKASPACE' ) );
#7215 = DIRECTION ( 'NONE',  ( -0.9848077530122065770, 0.0000000000000000000, 0.1736481776669387689 ) ) ;
#7216 = ORIENTED_EDGE ( 'NONE', *, *, #1743, .T. ) ;
#7217 = CARTESIAN_POINT ( 'NONE',  ( 4.494557450338586335, -2.125000000000000000, 5.421010862427522170E-16 ) ) ;
#7218 = DIRECTION ( 'NONE',  ( 0.0000000000000000000, 1.000000000000000000, 0.0000000000000000000 ) ) ;
#7219 = ORIENTED_EDGE ( 'NONE', *, *, #7186, .T. ) ;
#7220 = CARTESIAN_POINT ( 'NONE',  ( 4.184149331665850013, -1.684999999999999831, 1.484534871776028275 ) ) ;
#7221 = VERTEX_POINT ( 'NONE', #4867 ) ;
#7222 = FILL_AREA_STYLE_COLOUR ( '', #8848 ) ;
#7223 = CARTESIAN_POINT ( 'NONE',  ( 4.494557450338590776, -4.224999999999999645, 0.1999999999999988454 ) ) ;
#7224 = VECTOR ( 'NONE', #812, 1000.000000000000000 ) ;
#7225 = FILL_AREA_STYLE_COLOUR ( '', #6494 ) ;
#7226 = DIRECTION ( 'NONE',  ( 0.0000000000000000000, -1.000000000000000000, 0.0000000000000000000 ) ) ;
#7227 = PLANE ( 'NONE',  #1819 ) ;
#7228 = ORIENTED_EDGE ( 'NONE', *, *, #9080, .F. ) ;
#7229 = FACE_OUTER_BOUND ( 'NONE', #2242, .T. ) ;
#7230 = DIRECTION ( 'NONE',  ( 0.0000000000000000000, 0.0000000000000000000, 1.000000000000000000 ) ) ;
#7231 = FACE_OUTER_BOUND ( 'NONE', #3849, .T. ) ;
#7232 = DIRECTION ( 'NONE',  ( 1.000000000000000000, 0.0000000000000000000, 0.0000000000000000000 ) ) ;
#7233 = DIRECTION ( 'NONE',  ( -2.563936943398996305E-15, 0.0000000000000000000, 1.000000000000000000 ) ) ;
#7234 = CARTESIAN_POINT ( 'NONE',  ( 4.494557450338586335, 0.8550000000000007594, 5.421010862427522170E-16 ) ) ;
#7235 = EDGE_CURVE ( 'NONE', #8552, #5422, #8037, .T. ) ;
#7236 = DIRECTION ( 'NONE',  ( -0.0000000000000000000, -1.000000000000000000, -0.0000000000000000000 ) ) ;
#7237 = SURFACE_STYLE_FILL_AREA ( #8016 ) ;
#7238 =( NAMED_UNIT ( * ) PLANE_ANGLE_UNIT ( ) SI_UNIT ( $, .RADIAN. ) );
#7239 = CARTESIAN_POINT ( 'NONE',  ( 4.494557450338590776, -3.394999999999999574, 0.1999999999999988454 ) ) ;
#7240 =( GEOMETRIC_REPRESENTATION_CONTEXT ( 3 ) GLOBAL_UNCERTAINTY_ASSIGNED_CONTEXT ( ( #7179 ) ) GLOBAL_UNIT_ASSIGNED_CONTEXT ( ( #2462, #2762, #8314 ) ) REPRESENTATION_CONTEXT ( 'NONE', 'WORKASPACE' ) );
#7241 = ORIENTED_EDGE ( 'NONE', *, *, #5848, .T. ) ;
#7242 = MECHANICAL_DESIGN_GEOMETRIC_PRESENTATION_REPRESENTATION (  '', ( #7578 ), #6731 ) ;
#7243 = DIRECTION ( 'NONE',  ( 0.0000000000000000000, 0.0000000000000000000, -1.000000000000000000 ) ) ;
#7244 = ORIENTED_EDGE ( 'NONE', *, *, #6857, .F. ) ;
#7245 = CARTESIAN_POINT ( 'NONE',  ( -4.494557450338587223, -3.394999999999999574, 0.2999999999999999334 ) ) ;
#7246 = EDGE_CURVE ( 'NONE', #5377, #5490, #1846, .T. ) ;
#7247 =( LENGTH_UNIT ( ) NAMED_UNIT ( * ) SI_UNIT ( .MILLI., .METRE. ) );
#7248 = EDGE_CURVE ( 'NONE', #5373, #9093, #3587, .T. ) ;
#7249 = VECTOR ( 'NONE', #9925, 1000.000000000000000 ) ;
#7250 = FILL_AREA_STYLE ('',( #2480 ) ) ;
#7251 = VECTOR ( 'NONE', #8792, 1000.000000000000000 ) ;
#7252 = FILL_AREA_STYLE ('',( #3375 ) ) ;
#7253 = CARTESIAN_POINT ( 'NONE',  ( -5.149999999999999467, -0.4149999999999995914, 0.2000000000000016764 ) ) ;
#7254 = DIRECTION ( 'NONE',  ( 0.0000000000000000000, 0.0000000000000000000, -1.000000000000000000 ) ) ;
#7255 = FILL_AREA_STYLE ('',( #4090 ) ) ;
#7256 = ADVANCED_FACE ( 'NONE', ( #8348 ), #446, .F. ) ;
#7257 = COLOUR_RGB ( '',0.7529411764705882248, 0.7529411764705882248, 0.7529411764705882248 ) ;
#7258 = AXIS2_PLACEMENT_3D ( 'NONE', #4185, #2445, #1666 ) ;
#7259 = SURFACE_STYLE_USAGE ( .BOTH. , #10266 ) ;
#7260 = VERTEX_POINT ( 'NONE', #3641 ) ;
#7261 = LINE ( 'NONE', #4767, #668 ) ;
#7262 =( NAMED_UNIT ( * ) PLANE_ANGLE_UNIT ( ) SI_UNIT ( $, .RADIAN. ) );
#7263 =( GEOMETRIC_REPRESENTATION_CONTEXT ( 3 ) GLOBAL_UNCERTAINTY_ASSIGNED_CONTEXT ( ( #6204 ) ) GLOBAL_UNIT_ASSIGNED_CONTEXT ( ( #9027, #3593, #2750 ) ) REPRESENTATION_CONTEXT ( 'NONE', 'WORKASPACE' ) );
#7264 = FILL_AREA_STYLE_COLOUR ( '', #2711 ) ;
#7265 = SURFACE_SIDE_STYLE ('',( #6616 ) ) ;
#7266 = ADVANCED_FACE ( 'NONE', ( #2742 ), #239, .T. ) ;
#7267 = VERTEX_POINT ( 'NONE', #6574 ) ;
#7268 = CYLINDRICAL_SURFACE ( 'NONE', #6004, 0.2999999999999999334 ) ;
#7269 = VECTOR ( 'NONE', #4482, 1000.000000000000000 ) ;
#7270 = ORIENTED_EDGE ( 'NONE', *, *, #10174, .T. ) ;
#7271 = LINE ( 'NONE', #4883, #3985 ) ;
#7272 = ORIENTED_EDGE ( 'NONE', *, *, #6322, .T. ) ;
#7273 = PRESENTATION_STYLE_ASSIGNMENT (( #111 ) ) ;
#7274 = STYLED_ITEM ( 'NONE', ( #4159 ), #5342 ) ;
#7275 = CARTESIAN_POINT ( 'NONE',  ( 3.881702402145740916, -1.684999999999999831, 1.531712435151438845 ) ) ;
#7276 = CARTESIAN_POINT ( 'NONE',  ( 3.900000000000000799, -0.4149999999999995914, 1.600000000000000089 ) ) ;
#7277 = ORIENTED_EDGE ( 'NONE', *, *, #7299, .T. ) ;
#7278 =( LENGTH_UNIT ( ) NAMED_UNIT ( * ) SI_UNIT ( .MILLI., .METRE. ) );
#7279 = ORIENTED_EDGE ( 'NONE', *, *, #767, .T. ) ;
#7280 = CARTESIAN_POINT ( 'NONE',  ( -4.494557450338588112, -2.125000000000000000, 0.1999999999999999833 ) ) ;
#7281 = MECHANICAL_DESIGN_GEOMETRIC_PRESENTATION_REPRESENTATION (  '', ( #5133 ), #7119 ) ;
#7282 =( LENGTH_UNIT ( ) NAMED_UNIT ( * ) SI_UNIT ( .MILLI., .METRE. ) );
#7283 = DIRECTION ( 'NONE',  ( -0.0000000000000000000, -1.000000000000000000, -0.0000000000000000000 ) ) ;
#7284 = DIRECTION ( 'NONE',  ( -1.314184451497581259E-16, 1.000000000000000000, -0.0000000000000000000 ) ) ;
#7285 = PLANE ( 'NONE',  #10255 ) ;
#7286 = VECTOR ( 'NONE', #3253, 1000.000000000000000 ) ;
#7287 = VECTOR ( 'NONE', #7946, 1000.000000000000000 ) ;
#7288 = ORIENTED_EDGE ( 'NONE', *, *, #3011, .F. ) ;
#7289 = LINE ( 'NONE', #9813, #5741 ) ;
#7290 = AXIS2_PLACEMENT_3D ( 'NONE', #1883, #1986, #1938 ) ;
#7291 = EDGE_CURVE ( 'NONE', #3996, #1428, #9728, .T. ) ;
#7292 = SURFACE_STYLE_FILL_AREA ( #4120 ) ;
#7293 = VERTEX_POINT ( 'NONE', #1925 ) ;
#7294 =( NAMED_UNIT ( * ) SI_UNIT ( $, .STERADIAN. ) SOLID_ANGLE_UNIT ( ) );
#7295 = DIRECTION ( 'NONE',  ( 0.0000000000000000000, 0.0000000000000000000, -1.000000000000000000 ) ) ;
#7296 = CARTESIAN_POINT ( 'NONE',  ( -3.990737311234597406, -2.954999999999999183, 1.429674850314565093 ) ) ;
#7297 = DIRECTION ( 'NONE',  ( 0.0000000000000000000, 0.0000000000000000000, 1.000000000000000000 ) ) ;
#7298 = PRESENTATION_LAYER_ASSIGNMENT (  '', '', ( #5641 ) ) ;
#7299 = EDGE_CURVE ( 'NONE', #8626, #4100, #5070, .T. ) ;
#7300 = FILL_AREA_STYLE_COLOUR ( '', #3913 ) ;
#7301 = LINE ( 'NONE', #182, #6556 ) ;
#7302 = CARTESIAN_POINT ( 'NONE',  ( 4.494557450338590776, -3.394999999999999574, 0.2999999999999988787 ) ) ;
#7303 = DIRECTION ( 'NONE',  ( -0.0000000000000000000, -1.000000000000000000, -0.0000000000000000000 ) ) ;
#7304 = FACE_OUTER_BOUND ( 'NONE', #1616, .T. ) ;
#7305 = VERTEX_POINT ( 'NONE', #8290 ) ;
#7306 = ADVANCED_FACE ( 'NONE', ( #6112 ), #3789, .F. ) ;
#7307 = ADVANCED_FACE ( 'NONE', ( #2077 ), #7820, .T. ) ;
#7308 = LINE ( 'NONE', #5748, #7854 ) ;
#7309 = PRESENTATION_LAYER_ASSIGNMENT (  '', '', ( #5810 ) ) ;
#7310 = COLOUR_RGB ( '',0.1176470588235294101, 0.1176470588235294101, 0.1176470588235294101 ) ;
#7311 = CARTESIAN_POINT ( 'NONE',  ( 3.990737311234600071, -0.4149999999999995914, 1.429674850314564205 ) ) ;
#7312 = ORIENTED_EDGE ( 'NONE', *, *, #5083, .T. ) ;
#7313 = DIRECTION ( 'NONE',  ( 0.0000000000000000000, 0.0000000000000000000, -1.000000000000000000 ) ) ;
#7315 = EDGE_CURVE ( 'NONE', #8854, #90, #8440, .T. ) ;
#7314 = DIRECTION ( 'NONE',  ( 0.0000000000000000000, -0.9659258262890680902, -0.2588190451025213501 ) ) ;
#7316 = EDGE_CURVE ( 'NONE', #1428, #10040, #5380, .T. ) ;
#7317 = PRESENTATION_STYLE_ASSIGNMENT (( #8139 ) ) ;
#7318 = SURFACE_SIDE_STYLE ('',( #9790 ) ) ;
#7319 = VERTEX_POINT ( 'NONE', #8544 ) ;
#7320 = LINE ( 'NONE', #8925, #3941 ) ;
#7321 = ORIENTED_EDGE ( 'NONE', *, *, #7924, .T. ) ;
#7322 = VECTOR ( 'NONE', #4223, 1000.000000000000000 ) ;
#7323 = LINE ( 'NONE', #4983, #2528 ) ;
#7324 = EDGE_LOOP ( 'NONE', ( #3658, #8875, #2930, #6982 ) ) ;
#7325 =( LENGTH_UNIT ( ) NAMED_UNIT ( * ) SI_UNIT ( .MILLI., .METRE. ) );
#7326 = AXIS2_PLACEMENT_3D ( 'NONE', #8538, #3631, #6101 ) ;
#7327 = EDGE_CURVE ( 'NONE', #4370, #6265, #3748, .T. ) ;
#7328 = VERTEX_POINT ( 'NONE', #4591 ) ;
#7329 = AXIS2_PLACEMENT_3D ( 'NONE', #9688, #6111, #9168 ) ;
#7330 = DIRECTION ( 'NONE',  ( 0.9848077530122065770, -0.0000000000000000000, 0.1736481776669387689 ) ) ;
#7331 = FILL_AREA_STYLE ('',( #9699 ) ) ;
#7332 = ORIENTED_EDGE ( 'NONE', *, *, #2135, .F. ) ;
#7333 = LINE ( 'NONE', #947, #1772 ) ;
#7334 = LINE ( 'NONE', #161, #10011 ) ;
#7335 = SURFACE_STYLE_USAGE ( .BOTH. , #6642 ) ;
#7336 = VERTEX_POINT ( 'NONE', #4646 ) ;
#7337 = COLOUR_RGB ( '',0.7529411764705882248, 0.7529411764705882248, 0.7529411764705882248 ) ;
#7338 = CARTESIAN_POINT ( 'NONE',  ( -4.494557450338585447, 4.665000000000000924, 1.680513367352531873E-15 ) ) ;
#7339 = PLANE ( 'NONE',  #8612 ) ;
#7340 = CIRCLE ( 'NONE', #4348, 0.2999999999999983791 ) ;
#7341 = DIRECTION ( 'NONE',  ( -0.0000000000000000000, -1.000000000000000000, -0.0000000000000000000 ) ) ;
#7342 = VECTOR ( 'NONE', #2516, 1000.000000000000000 ) ;
#7343 = ORIENTED_EDGE ( 'NONE', *, *, #6298, .T. ) ;
#7344 = LINE ( 'NONE', #6142, #922 ) ;
#7345 = EDGE_LOOP ( 'NONE', ( #2743, #10233, #3378, #8774 ) ) ;
#7346 =( NAMED_UNIT ( * ) PLANE_ANGLE_UNIT ( ) SI_UNIT ( $, .RADIAN. ) );
#7347 = SURFACE_STYLE_FILL_AREA ( #8276 ) ;
#7348 = VECTOR ( 'NONE', #1871, 1000.000000000000000 ) ;
#7349 = COLOUR_RGB ( '',0.1176470588235294101, 0.1176470588235294101, 0.1176470588235294101 ) ;
#7350 = CARTESIAN_POINT ( 'NONE',  ( -4.494557450338589000, 2.955000000000000071, 0.3000000000000000444 ) ) ;
#7351 = MECHANICAL_DESIGN_GEOMETRIC_PRESENTATION_REPRESENTATION (  '', ( #1553 ), #5851 ) ;
#7352 =( NAMED_UNIT ( * ) SI_UNIT ( $, .STERADIAN. ) SOLID_ANGLE_UNIT ( ) );
#7353 = CARTESIAN_POINT ( 'NONE',  ( 3.990737311234600071, -0.4149999999999995914, 1.429674850314564205 ) ) ;
#7354 = AXIS2_PLACEMENT_3D ( 'NONE', #7073, #4675, #2927 ) ;
#7355 = CARTESIAN_POINT ( 'NONE',  ( 3.990737311234600071, 2.125000000000000444, 1.429674850314564205 ) ) ;
#7356 = MECHANICAL_DESIGN_GEOMETRIC_PRESENTATION_REPRESENTATION (  '', ( #9496 ), #1053 ) ;
#7357 = DIRECTION ( 'NONE',  ( 0.0000000000000000000, 1.000000000000000000, 0.0000000000000000000 ) ) ;
#7358 = VERTEX_POINT ( 'NONE', #10141 ) ;
#7359 =( NAMED_UNIT ( * ) SI_UNIT ( $, .STERADIAN. ) SOLID_ANGLE_UNIT ( ) );
#7360 = VECTOR ( 'NONE', #9578, 1000.000000000000000 ) ;
#7361 = CARTESIAN_POINT ( 'NONE',  ( 4.494557450338586335, -1.684999999999999831, 5.421010862427522170E-16 ) ) ;
#7362 = ORIENTED_EDGE ( 'NONE', *, *, #5722, .F. ) ;
#7363 = COLOUR_RGB ( '',0.7529411764705882248, 0.7529411764705882248, 0.7529411764705882248 ) ;
#7364 = CIRCLE ( 'NONE', #6852, 0.2999999999999999889 ) ;
#7365 = EDGE_CURVE ( 'NONE', #1330, #5628, #9942, .T. ) ;
#7366 = LINE ( 'NONE', #8194, #7171 ) ;
#7367 =( GEOMETRIC_REPRESENTATION_CONTEXT ( 3 ) GLOBAL_UNCERTAINTY_ASSIGNED_CONTEXT ( ( #7865 ) ) GLOBAL_UNIT_ASSIGNED_CONTEXT ( ( #33, #9269, #9469 ) ) REPRESENTATION_CONTEXT ( 'NONE', 'WORKASPACE' ) );
#7368 = DIRECTION ( 'NONE',  ( -0.0000000000000000000, -0.0000000000000000000, -1.000000000000000000 ) ) ;
#7369 = FILL_AREA_STYLE ('',( #9176 ) ) ;
#7370 =( LENGTH_UNIT ( ) NAMED_UNIT ( * ) SI_UNIT ( .MILLI., .METRE. ) );
#7371 = STYLED_ITEM ( 'NONE', ( #7317 ), #2963 ) ;
#7372 = DIRECTION ( 'NONE',  ( -0.0000000000000000000, -1.000000000000000000, -0.0000000000000000000 ) ) ;
#7373 = VERTEX_POINT ( 'NONE', #2277 ) ;
#7374 =( NAMED_UNIT ( * ) SI_UNIT ( $, .STERADIAN. ) SOLID_ANGLE_UNIT ( ) );
#7375 = UNCERTAINTY_MEASURE_WITH_UNIT (LENGTH_MEASURE( 1.000000000000000082E-05 ), #1449, 'distance_accuracy_value', 'NONE');
#7376 = CIRCLE ( 'NONE', #1918, 0.2999999999999999334 ) ;
#7377 = EDGE_CURVE ( 'NONE', #8710, #2078, #5426, .T. ) ;
#7378 = ORIENTED_EDGE ( 'NONE', *, *, #7246, .T. ) ;
#7379 = ADVANCED_FACE ( 'NONE', ( #2430 ), #4808, .T. ) ;
#7380 = CARTESIAN_POINT ( 'NONE',  ( -3.750000000000000444, 5.099999999999999645, 1.600000000000000089 ) ) ;
#7381 = ORIENTED_EDGE ( 'NONE', *, *, #6031, .T. ) ;
#7382 =( LENGTH_UNIT ( ) NAMED_UNIT ( * ) SI_UNIT ( .MILLI., .METRE. ) );
#7383 = DIRECTION ( 'NONE',  ( -0.1736481776669387411, -0.0000000000000000000, 0.9848077530122064660 ) ) ;
#7384 = PRODUCT_DEFINITION_CONTEXT ( 'detailed design', #5612, 'design' ) ;
#7385 = COLOUR_RGB ( '',0.7529411764705882248, 0.7529411764705882248, 0.7529411764705882248 ) ;
#7386 = ORIENTED_EDGE ( 'NONE', *, *, #7504, .F. ) ;
#7387 = AXIS2_PLACEMENT_3D ( 'NONE', #6457, #7080, #1525 ) ;
#7388 = CARTESIAN_POINT ( 'NONE',  ( 3.900000000000000799, -0.4149999999999995914, 1.600000000000000089 ) ) ;
#7389 = LINE ( 'NONE', #258, #6663 ) ;
#7390 = FILL_AREA_STYLE ('',( #4251 ) ) ;
#7391 = ORIENTED_EDGE ( 'NONE', *, *, #1541, .F. ) ;
#7392 = UNCERTAINTY_MEASURE_WITH_UNIT (LENGTH_MEASURE( 1.000000000000000082E-05 ), #9599, 'distance_accuracy_value', 'NONE');
#7393 = ADVANCED_FACE ( 'NONE', ( #1544 ), #10203, .T. ) ;
#7394 = ORIENTED_EDGE ( 'NONE', *, *, #1237, .T. ) ;
#7395 = CIRCLE ( 'NONE', #93, 0.2999999999999983791 ) ;
#7396 =( LENGTH_UNIT ( ) NAMED_UNIT ( * ) SI_UNIT ( .MILLI., .METRE. ) );
#7397 = PRESENTATION_STYLE_ASSIGNMENT (( #3413 ) ) ;
#7398 = FILL_AREA_STYLE_COLOUR ( '', #4035 ) ;
#7399 = CARTESIAN_POINT ( 'NONE',  ( -4.184149331665849125, 0.8550000000000007594, 1.484534871776029386 ) ) ;
#7400 = LINE ( 'NONE', #1801, #4017 ) ;
#7401 = ORIENTED_EDGE ( 'NONE', *, *, #1857, .F. ) ;
#7402 = PLANE ( 'NONE',  #2592 ) ;
#7403 = ORIENTED_EDGE ( 'NONE', *, *, #8647, .F. ) ;
#7404 = DIRECTION ( 'NONE',  ( 0.0000000000000000000, 1.000000000000000000, 0.0000000000000000000 ) ) ;
#7405 = ADVANCED_FACE ( 'NONE', ( #762 ), #4912, .T. ) ;
#7406 = CIRCLE ( 'NONE', #257, 0.2999999999999983791 ) ;
#7407 = CARTESIAN_POINT ( 'NONE',  ( -3.800269556891264777, -1.684999999999999831, 1.732440418475947208 ) ) ;
#7408 = LINE ( 'NONE', #2633, #501 ) ;
#7409 = SURFACE_SIDE_STYLE ('',( #9869 ) ) ;
#7410 = STYLED_ITEM ( 'NONE', ( #7066 ), #331 ) ;
#7411 = CYLINDRICAL_SURFACE ( 'NONE', #8535, 0.2999999999999999334 ) ;
#7412 = LINE ( 'NONE', #285, #6262 ) ;
#7413 = DIRECTION ( 'NONE',  ( -0.0000000000000000000, -1.000000000000000000, 0.0000000000000000000 ) ) ;
#7414 = ORIENTED_EDGE ( 'NONE', *, *, #6558, .F. ) ;
#7415 = FACE_OUTER_BOUND ( 'NONE', #2339, .T. ) ;
#7416 = PRESENTATION_STYLE_ASSIGNMENT (( #2640 ) ) ;
#7417 = EDGE_LOOP ( 'NONE', ( #3633, #5221, #1830, #9101 ) ) ;
#7418 = AXIS2_PLACEMENT_3D ( 'NONE', #2075, #6925, #8393 ) ;
#7419 = COLOUR_RGB ( '',0.7529411764705882248, 0.7529411764705882248, 0.7529411764705882248 ) ;
#7420 = DIRECTION ( 'NONE',  ( 0.0000000000000000000, 0.0000000000000000000, 1.000000000000000000 ) ) ;
#7421 = DIRECTION ( 'NONE',  ( 0.0000000000000000000, 0.0000000000000000000, -1.000000000000000000 ) ) ;
#7422 = SURFACE_STYLE_FILL_AREA ( #2748 ) ;
#7423 = FILL_AREA_STYLE_COLOUR ( '', #590 ) ;
#7424 =( NAMED_UNIT ( * ) PLANE_ANGLE_UNIT ( ) SI_UNIT ( $, .RADIAN. ) );
#7425 = FACE_OUTER_BOUND ( 'NONE', #6464, .T. ) ;
#7426 = VECTOR ( 'NONE', #7453, 1000.000000000000000 ) ;
#7427 = MECHANICAL_DESIGN_GEOMETRIC_PRESENTATION_REPRESENTATION (  '', ( #7088 ), #5420 ) ;
#7428 = EDGE_LOOP ( 'NONE', ( #5749, #9, #9900, #9729 ) ) ;
#7429 = EDGE_CURVE ( 'NONE', #431, #893, #9667, .T. ) ;
#7430 = VERTEX_POINT ( 'NONE', #2584 ) ;
#7431 = ORIENTED_EDGE ( 'NONE', *, *, #1794, .F. ) ;
#7432 = CARTESIAN_POINT ( 'NONE',  ( 3.868266076183285662, 2.125000000000000444, 1.408079867214328207 ) ) ;
#7433 = CARTESIAN_POINT ( 'NONE',  ( -3.868266076183283442, -4.224999999999999645, 1.408079867214329095 ) ) ;
#7434 = EDGE_LOOP ( 'NONE', ( #5241, #1015, #2658, #8473, #1027, #5182, #3598, #4751, #10198, #4347, #8824, #2670 ) ) ;
#7435 = EDGE_CURVE ( 'NONE', #3799, #3245, #7499, .T. ) ;
#7436 = ADVANCED_FACE ( 'NONE', ( #2630 ), #1173, .F. ) ;
#7437 = CARTESIAN_POINT ( 'NONE',  ( -4.396076675037369874, 2.955000000000000071, 0.2826351822333060815 ) ) ;
#7438 = DIRECTION ( 'NONE',  ( 0.0000000000000000000, 0.0000000000000000000, 1.000000000000000000 ) ) ;
#7439 = PRESENTATION_STYLE_ASSIGNMENT (( #260 ) ) ;
#7440 = ORIENTED_EDGE ( 'NONE', *, *, #3198, .F. ) ;
#7441 = EDGE_CURVE ( 'NONE', #5707, #9585, #6708, .T. ) ;
#7442 = ORIENTED_EDGE ( 'NONE', *, *, #2254, .T. ) ;
#7443 = DIRECTION ( 'NONE',  ( -0.0000000000000000000, -1.000000000000000000, -0.0000000000000000000 ) ) ;
#7444 =( NAMED_UNIT ( * ) PLANE_ANGLE_UNIT ( ) SI_UNIT ( $, .RADIAN. ) );
#7445 = VECTOR ( 'NONE', #3052, 1000.000000000000227 ) ;
#7446 = CARTESIAN_POINT ( 'NONE',  ( 5.150000000000000355, 4.665000000000000924, 0.2000000000000016764 ) ) ;
#7447 = EDGE_CURVE ( 'NONE', #5644, #2152, #4164, .T. ) ;
#7448 =( LENGTH_UNIT ( ) NAMED_UNIT ( * ) SI_UNIT ( .MILLI., .METRE. ) );
#7449 = ORIENTED_EDGE ( 'NONE', *, *, #8823, .T. ) ;
#7450 =( NAMED_UNIT ( * ) SI_UNIT ( $, .STERADIAN. ) SOLID_ANGLE_UNIT ( ) );
#7451 =( LENGTH_UNIT ( ) NAMED_UNIT ( * ) SI_UNIT ( .MILLI., .METRE. ) );
#7452 =( NAMED_UNIT ( * ) PLANE_ANGLE_UNIT ( ) SI_UNIT ( $, .RADIAN. ) );
#7453 = DIRECTION ( 'NONE',  ( -0.0000000000000000000, -1.000000000000000000, -0.0000000000000000000 ) ) ;
#7454 = AXIS2_PLACEMENT_3D ( 'NONE', #1851, #688, #3036 ) ;
#7455 = CYLINDRICAL_SURFACE ( 'NONE', #5148, 0.1243605512616186154 ) ;
#7456 = FILL_AREA_STYLE ('',( #3572 ) ) ;
#7457 = AXIS2_PLACEMENT_3D ( 'NONE', #6044, #7649, #474 ) ;
#7458 = EDGE_CURVE ( 'NONE', #3692, #1776, #229, .T. ) ;
#7459 = PRESENTATION_LAYER_ASSIGNMENT (  '', '', ( #6634 ) ) ;
#7460 = FILL_AREA_STYLE ('',( #8130 ) ) ;
#7461 = DIRECTION ( 'NONE',  ( 0.1736481776669393240, -0.0000000000000000000, 0.9848077530122063550 ) ) ;
#7462 = MECHANICAL_DESIGN_GEOMETRIC_PRESENTATION_REPRESENTATION (  '', ( #1310 ), #4802 ) ;
#7463 = DIRECTION ( 'NONE',  ( 8.270764333545148132E-16, -0.0000000000000000000, 1.000000000000000000 ) ) ;
#7464 = CARTESIAN_POINT ( 'NONE',  ( 4.494557450338586335, -1.684999999999999831, -1.084202172485504434E-15 ) ) ;
#7465 = ORIENTED_EDGE ( 'NONE', *, *, #9581, .F. ) ;
#7466 = LINE ( 'NONE', #8289, #5703 ) ;
#7467 = DIRECTION ( 'NONE',  ( -0.0000000000000000000, -1.000000000000000000, -0.0000000000000000000 ) ) ;
#7468 = ORIENTED_EDGE ( 'NONE', *, *, #6558, .T. ) ;
#7469 = VECTOR ( 'NONE', #5751, 1000.000000000000227 ) ;
#7470 = PLANE ( 'NONE',  #5186 ) ;
#7471 = CARTESIAN_POINT ( 'NONE',  ( 4.494557450338586335, -0.4149999999999995914, -1.084202172485504434E-15 ) ) ;
#7472 = CARTESIAN_POINT ( 'NONE',  ( -4.494557450338584559, 0.8550000000000007594, 1.680513367352531873E-15 ) ) ;
#7473 = UNCERTAINTY_MEASURE_WITH_UNIT (LENGTH_MEASURE( 1.000000000000000082E-05 ), #6342, 'distance_accuracy_value', 'NONE');
#7474 = DIRECTION ( 'NONE',  ( -0.0000000000000000000, -1.000000000000000000, -0.0000000000000000000 ) ) ;
#7475 = VECTOR ( 'NONE', #4166, 1000.000000000000000 ) ;
#7476 = ORIENTED_EDGE ( 'NONE', *, *, #4132, .T. ) ;
#7477 = EDGE_LOOP ( 'NONE', ( #5791, #8507, #5793, #1522 ) ) ;
#7478 = CARTESIAN_POINT ( 'NONE',  ( -3.899999999999999023, 0.4150000000000004241, 1.600000000000000089 ) ) ;
#7479 = ORIENTED_EDGE ( 'NONE', *, *, #3351, .F. ) ;
#7480 = PRESENTATION_LAYER_ASSIGNMENT (  '', '', ( #8443 ) ) ;
#7481 = CARTESIAN_POINT ( 'NONE',  ( -3.990737311234599183, 4.665000000000000924, 1.429674850314565093 ) ) ;
#7482 = VERTEX_POINT ( 'NONE', #5062 ) ;
#7483 = CARTESIAN_POINT ( 'NONE',  ( -4.199115124434927182, 4.225000000000000533, 0.2479055466999170732 ) ) ;
#7484 = CARTESIAN_POINT ( 'NONE',  ( -4.494557450338584559, 0.8550000000000007594, 1.680513367352531873E-15 ) ) ;
#7485 =( GEOMETRIC_REPRESENTATION_CONTEXT ( 3 ) GLOBAL_UNCERTAINTY_ASSIGNED_CONTEXT ( ( #2286 ) ) GLOBAL_UNIT_ASSIGNED_CONTEXT ( ( #5792, #9016, #9832 ) ) REPRESENTATION_CONTEXT ( 'NONE', 'WORKASPACE' ) );
#7486 = ORIENTED_EDGE ( 'NONE', *, *, #4435, .F. ) ;
#7487 = SURFACE_STYLE_FILL_AREA ( #2923 ) ;
#7488 = UNCERTAINTY_MEASURE_WITH_UNIT (LENGTH_MEASURE( 1.000000000000000082E-05 ), #9498, 'distance_accuracy_value', 'NONE');
#7489 = ORIENTED_EDGE ( 'NONE', *, *, #9517, .F. ) ;
#7490 = FILL_AREA_STYLE_COLOUR ( '', #10100 ) ;
#7491 = MECHANICAL_DESIGN_GEOMETRIC_PRESENTATION_REPRESENTATION (  '', ( #6166 ), #5000 ) ;
#7492 = ADVANCED_FACE ( 'NONE', ( #4322 ), #3513, .F. ) ;
#7493 = PLANE ( 'NONE',  #2220 ) ;
#7494 = CARTESIAN_POINT ( 'NONE',  ( 3.900000000000001243, -1.684999999999999831, 1.600000000000000089 ) ) ;
#7495 =( LENGTH_UNIT ( ) NAMED_UNIT ( * ) SI_UNIT ( .MILLI., .METRE. ) );
#7496 = STYLED_ITEM ( 'NONE', ( #4381 ), #1675 ) ;
#7497 =( LENGTH_UNIT ( ) NAMED_UNIT ( * ) SI_UNIT ( .MILLI., .METRE. ) );
#7498 = DIRECTION ( 'NONE',  ( 0.0000000000000000000, 0.0000000000000000000, 1.000000000000000000 ) ) ;
#7499 = LINE ( 'NONE', #329, #2021 ) ;
#7500 = EDGE_CURVE ( 'NONE', #669, #3527, #8380, .T. ) ;
#7501 = ADVANCED_FACE ( 'NONE', ( #3044 ), #4476, .F. ) ;
#7502 = CARTESIAN_POINT ( 'NONE',  ( -3.899999999999998135, -4.224999999999999645, 1.600000000000000089 ) ) ;
#7503 =( NAMED_UNIT ( * ) PLANE_ANGLE_UNIT ( ) SI_UNIT ( $, .RADIAN. ) );
#7504 = EDGE_CURVE ( 'NONE', #7978, #4057, #3680, .T. ) ;
#7505 = STYLED_ITEM ( 'NONE', ( #6754 ), #8065 ) ;
#7506 = CARTESIAN_POINT ( 'NONE',  ( -3.899999999999999911, 4.665000000000000924, 1.600000000000000089 ) ) ;
#7507 = FACE_OUTER_BOUND ( 'NONE', #6431, .T. ) ;
#7508 = CARTESIAN_POINT ( 'NONE',  ( 4.184149331665850013, 1.685000000000000275, 1.484534871776028275 ) ) ;
#7509 = CARTESIAN_POINT ( 'NONE',  ( 3.900000000000000355, 1.685000000000000275, 1.600000000000000089 ) ) ;
#7510 = VERTEX_POINT ( 'NONE', #9970 ) ;
#7511 = VECTOR ( 'NONE', #4181, 1000.000000000000227 ) ;
#7512 = COLOUR_RGB ( '',0.7529411764705882248, 0.7529411764705882248, 0.7529411764705882248 ) ;
#7513 = FILL_AREA_STYLE ('',( #495 ) ) ;
#7514 = CARTESIAN_POINT ( 'NONE',  ( 3.888707005762190416, -0.4149999999999995914, 1.732440418475945654 ) ) ;
#7515 = SURFACE_SIDE_STYLE ('',( #3640 ) ) ;
#7516 = ORIENTED_EDGE ( 'NONE', *, *, #6847, .T. ) ;
#7517 = VECTOR ( 'NONE', #6954, 1000.000000000000000 ) ;
#7518 = EDGE_CURVE ( 'NONE', #5377, #9898, #10127, .T. ) ;
#7519 = SURFACE_SIDE_STYLE ('',( #8241 ) ) ;
#7520 = VECTOR ( 'NONE', #5677, 1000.000000000000000 ) ;
#7521 =( GEOMETRIC_REPRESENTATION_CONTEXT ( 3 ) GLOBAL_UNCERTAINTY_ASSIGNED_CONTEXT ( ( #6130 ) ) GLOBAL_UNIT_ASSIGNED_CONTEXT ( ( #6579, #1878, #4238 ) ) REPRESENTATION_CONTEXT ( 'NONE', 'WORKASPACE' ) );
#7522 = DIRECTION ( 'NONE',  ( -0.0000000000000000000, -1.000000000000000000, 0.0000000000000000000 ) ) ;
#7523 = LINE ( 'NONE', #8195, #9028 ) ;
#7524 = SURFACE_STYLE_USAGE ( .BOTH. , #4341 ) ;
#7525 = FILL_AREA_STYLE ('',( #5856 ) ) ;
#7526 =( NAMED_UNIT ( * ) SI_UNIT ( $, .STERADIAN. ) SOLID_ANGLE_UNIT ( ) );
#7527 =( NAMED_UNIT ( * ) SI_UNIT ( $, .STERADIAN. ) SOLID_ANGLE_UNIT ( ) );
#7528 = ORIENTED_EDGE ( 'NONE', *, *, #6291, .F. ) ;
#7529 = ORIENTED_EDGE ( 'NONE', *, *, #2016, .T. ) ;
#7530 = DIRECTION ( 'NONE',  ( -0.0000000000000000000, -1.000000000000000000, -0.0000000000000000000 ) ) ;
#7531 = CARTESIAN_POINT ( 'NONE',  ( -3.868266076183283886, -3.394999999999999574, 1.408079867214329095 ) ) ;
#7532 = ORIENTED_EDGE ( 'NONE', *, *, #5984, .F. ) ;
#7533 = VECTOR ( 'NONE', #5529, 1000.000000000000000 ) ;
#7534 = DIRECTION ( 'NONE',  ( 0.0000000000000000000, 1.000000000000000000, -0.0000000000000000000 ) ) ;
#7535 =( LENGTH_UNIT ( ) NAMED_UNIT ( * ) SI_UNIT ( .MILLI., .METRE. ) );
#7536 = ORIENTED_EDGE ( 'NONE', *, *, #1664, .T. ) ;
#7537 = CARTESIAN_POINT ( 'NONE',  ( 4.184149331665849125, 3.395000000000000462, 1.484534871776028275 ) ) ;
#7538 = CIRCLE ( 'NONE', #3744, 0.1243605512616186154 ) ;
#7539 = SURFACE_SIDE_STYLE ('',( #2096 ) ) ;
#7540 = CARTESIAN_POINT ( 'NONE',  ( 4.494557450338589000, 2.955000000000000071, 0.2999999999999988787 ) ) ;
#7541 = ORIENTED_EDGE ( 'NONE', *, *, #5083, .F. ) ;
#7542 = DIRECTION ( 'NONE',  ( 0.0000000000000000000, 0.0000000000000000000, -1.000000000000000000 ) ) ;
#7543 = DIRECTION ( 'NONE',  ( -2.605290765066735304E-15, 0.0000000000000000000, -1.000000000000000000 ) ) ;
#7544 = VECTOR ( 'NONE', #7935, 1000.000000000000000 ) ;
#7545 = VERTEX_POINT ( 'NONE', #5365 ) ;
#7546 = LINE ( 'NONE', #9905, #5693 ) ;
#7547 = PRESENTATION_LAYER_ASSIGNMENT (  '', '', ( #1411 ) ) ;
#7548 = CARTESIAN_POINT ( 'NONE',  ( -3.899999999999999911, 4.949999999999999289, 1.600000000000000089 ) ) ;
#7549 = LINE ( 'NONE', #2003, #6775 ) ;
#7550 = DIRECTION ( 'NONE',  ( -0.1736481776669387411, 0.0000000000000000000, -0.9848077530122064660 ) ) ;
#7551 = LINE ( 'NONE', #8326, #1991 ) ;
#7552 = ORIENTED_EDGE ( 'NONE', *, *, #2170, .T. ) ;
#7553 = CARTESIAN_POINT ( 'NONE',  ( 3.990737311234599183, 4.665000000000000924, 1.429674850314564205 ) ) ;
#7554 = PLANE ( 'NONE',  #9198 ) ;
#7555 = COLOUR_RGB ( '',0.7529411764705882248, 0.7529411764705882248, 0.7529411764705882248 ) ;
#7556 = DIRECTION ( 'NONE',  ( 0.0000000000000000000, 0.0000000000000000000, 1.000000000000000000 ) ) ;
#7557 = FACE_OUTER_BOUND ( 'NONE', #3127, .T. ) ;
#7558 = EDGE_CURVE ( 'NONE', #4789, #3692, #5664, .T. ) ;
#7559 = SURFACE_SIDE_STYLE ('',( #4374 ) ) ;
#7560 = CARTESIAN_POINT ( 'NONE',  ( 3.868266076183286994, -4.224999999999999645, 1.408079867214328207 ) ) ;
#7561 = SURFACE_STYLE_USAGE ( .BOTH. , #8180 ) ;
#7562 =( NAMED_UNIT ( * ) PLANE_ANGLE_UNIT ( ) SI_UNIT ( $, .RADIAN. ) );
#7563 = UNCERTAINTY_MEASURE_WITH_UNIT (LENGTH_MEASURE( 1.000000000000000082E-05 ), #9423, 'distance_accuracy_value', 'NONE');
#7564 = SURFACE_SIDE_STYLE ('',( #4965 ) ) ;
#7565 = DIRECTION ( 'NONE',  ( 0.0000000000000000000, 0.0000000000000000000, 1.000000000000000000 ) ) ;
#7566 = AXIS2_PLACEMENT_3D ( 'NONE', #467, #6947, #5977 ) ;
#7567 = ORIENTED_EDGE ( 'NONE', *, *, #7636, .F. ) ;
#7568 = ORIENTED_EDGE ( 'NONE', *, *, #1023, .T. ) ;
#7569 = CARTESIAN_POINT ( 'NONE',  ( -3.868266076183284774, 2.125000000000000444, 1.408079867214329095 ) ) ;
#7570 = LINE ( 'NONE', #6009, #9882 ) ;
#7571 = EDGE_CURVE ( 'NONE', #3937, #1363, #5824, .T. ) ;
#7572 = DIRECTION ( 'NONE',  ( -0.0000000000000000000, -1.000000000000000000, -0.0000000000000000000 ) ) ;
#7573 = CARTESIAN_POINT ( 'NONE',  ( 3.868266076183285218, 4.665000000000000924, 1.408079867214328207 ) ) ;
#7574 = ORIENTED_EDGE ( 'NONE', *, *, #3708, .T. ) ;
#7575 = LINE ( 'NONE', #9730, #8452 ) ;
#7576 = EDGE_CURVE ( 'NONE', #160, #7868, #1376, .T. ) ;
#7577 = CARTESIAN_POINT ( 'NONE',  ( -4.494557450338588112, -1.684999999999999831, 0.2999999999999999334 ) ) ;
#7578 = STYLED_ITEM ( 'NONE', ( #3265 ), #3390 ) ;
#7579 = ORIENTED_EDGE ( 'NONE', *, *, #9261, .T. ) ;
#7580 = CARTESIAN_POINT ( 'NONE',  ( -3.990737311234598295, -0.4149999999999995914, 1.429674850314565093 ) ) ;
#7581 = DIRECTION ( 'NONE',  ( 0.0000000000000000000, 1.000000000000000000, -0.0000000000000000000 ) ) ;
#7582 = ORIENTED_EDGE ( 'NONE', *, *, #8469, .T. ) ;
#7583 = CARTESIAN_POINT ( 'NONE',  ( -3.749999999999998668, -5.099999999999999645, 1.600000000000000089 ) ) ;
#7584 = UNCERTAINTY_MEASURE_WITH_UNIT (LENGTH_MEASURE( 1.000000000000000082E-05 ), #2082, 'distance_accuracy_value', 'NONE');
#7585 =( GEOMETRIC_REPRESENTATION_CONTEXT ( 3 ) GLOBAL_UNCERTAINTY_ASSIGNED_CONTEXT ( ( #5305 ) ) GLOBAL_UNIT_ASSIGNED_CONTEXT ( ( #6763, #5068, #337 ) ) REPRESENTATION_CONTEXT ( 'NONE', 'WORKASPACE' ) );
#7586 = ORIENTED_EDGE ( 'NONE', *, *, #387, .T. ) ;
#7587 = UNCERTAINTY_MEASURE_WITH_UNIT (LENGTH_MEASURE( 1.000000000000000082E-05 ), #7656, 'distance_accuracy_value', 'NONE');
#7588 = EDGE_CURVE ( 'NONE', #8940, #9550, #8477, .T. ) ;
#7589 = CARTESIAN_POINT ( 'NONE',  ( -4.494557450338589000, 4.665000000000000924, 0.1999999999999999833 ) ) ;
#7590 = DIRECTION ( 'NONE',  ( 0.0000000000000000000, 0.0000000000000000000, -1.000000000000000000 ) ) ;
#7591 = EDGE_LOOP ( 'NONE', ( #5828, #1329, #9999, #8019 ) ) ;
#7592 = DIRECTION ( 'NONE',  ( 0.0000000000000000000, 0.0000000000000000000, -1.000000000000000000 ) ) ;
#7593 =( LENGTH_UNIT ( ) NAMED_UNIT ( * ) SI_UNIT ( .MILLI., .METRE. ) );
#7594 = STYLED_ITEM ( 'NONE', ( #9104 ), #860 ) ;
#7595 = PRESENTATION_LAYER_ASSIGNMENT (  '', '', ( #4935 ) ) ;
#7596 = ORIENTED_EDGE ( 'NONE', *, *, #5153, .F. ) ;
#7597 = FILL_AREA_STYLE_COLOUR ( '', #2000 ) ;
#7598 = PRESENTATION_LAYER_ASSIGNMENT (  '', '', ( #8584 ) ) ;
#7599 = DIRECTION ( 'NONE',  ( -1.000000000000000000, 0.0000000000000000000, -2.563936943398996305E-15 ) ) ;
#7600 = DIRECTION ( 'NONE',  ( 0.9848077530122064660, 0.0000000000000000000, -0.1736481776669393240 ) ) ;
#7601 = PRESENTATION_LAYER_ASSIGNMENT (  '', '', ( #6747 ) ) ;
#7602 =( NAMED_UNIT ( * ) PLANE_ANGLE_UNIT ( ) SI_UNIT ( $, .RADIAN. ) );
#7603 = DIRECTION ( 'NONE',  ( 0.2588190451025213501, -0.0000000000000000000, 0.9659258262890680902 ) ) ;
#7604 = ORIENTED_EDGE ( 'NONE', *, *, #2180, .F. ) ;
#7605 =( LENGTH_UNIT ( ) NAMED_UNIT ( * ) SI_UNIT ( .MILLI., .METRE. ) );
#7606 = PRESENTATION_STYLE_ASSIGNMENT (( #9964 ) ) ;
#7607 = LINE ( 'NONE', #2113, #7837 ) ;
#7608 = CARTESIAN_POINT ( 'NONE',  ( 3.868266076183286550, -1.684999999999999831, 1.408079867214328207 ) ) ;
#7609 = VECTOR ( 'NONE', #2118, 1000.000000000000000 ) ;
#7610 = DIRECTION ( 'NONE',  ( -0.0000000000000000000, -1.000000000000000000, -0.0000000000000000000 ) ) ;
#7611 = CARTESIAN_POINT ( 'NONE',  ( 3.864512696824130344, 3.679999999999999272, 1.732440418475946542 ) ) ;
#7612 = EDGE_CURVE ( 'NONE', #1371, #5558, #2988, .T. ) ;
#7613 = CARTESIAN_POINT ( 'NONE',  ( -3.890582741955797452, 5.090582741955796742, 1.564854314511050726 ) ) ;
#7614 = LINE ( 'NONE', #6813, #4607 ) ;
#7615 = ORIENTED_EDGE ( 'NONE', *, *, #2418, .F. ) ;
#7616 = ORIENTED_EDGE ( 'NONE', *, *, #1949, .T. ) ;
#7617 = VECTOR ( 'NONE', #7754, 1000.000000000000000 ) ;
#7618 = FILL_AREA_STYLE ('',( #4436 ) ) ;
#7619 = CARTESIAN_POINT ( 'NONE',  ( -3.864512696824129012, 0.4150000000000004241, 1.732440418475947430 ) ) ;
#7620 = CARTESIAN_POINT ( 'NONE',  ( 5.150000000000001243, -0.8549999999999998712, 0.0000000000000000000 ) ) ;
#7621 = VERTEX_POINT ( 'NONE', #4578 ) ;
#7622 = DIRECTION ( 'NONE',  ( -1.000000000000000000, 0.0000000000000000000, 0.0000000000000000000 ) ) ;
#7623 = EDGE_CURVE ( 'NONE', #7010, #4292, #7760, .T. ) ;
#7624 = COLOUR_RGB ( '',0.7529411764705882248, 0.7529411764705882248, 0.7529411764705882248 ) ;
#7625 = CARTESIAN_POINT ( 'NONE',  ( -4.494557450338584559, -1.684999999999999831, 1.680513367352531873E-15 ) ) ;
#7626 = SURFACE_STYLE_FILL_AREA ( #295 ) ;
#7627 = LINE ( 'NONE', #6882, #5040 ) ;
#7628 = EDGE_CURVE ( 'NONE', #1713, #4542, #7858, .T. ) ;
#7629 = DIRECTION ( 'NONE',  ( -0.1736481776669387411, 0.0000000000000000000, -0.9848077530122064660 ) ) ;
#7630 = VECTOR ( 'NONE', #6346, 1000.000000000000000 ) ;
#7631 = AXIS2_PLACEMENT_3D ( 'NONE', #6635, #3350, #8254 ) ;
#7632 = AXIS2_PLACEMENT_3D ( 'NONE', #5852, #6577, #1870 ) ;
#7633 = ORIENTED_EDGE ( 'NONE', *, *, #971, .F. ) ;
#7634 = SURFACE_SIDE_STYLE ('',( #2611 ) ) ;
#7635 = EDGE_CURVE ( 'NONE', #4893, #2119, #3363, .T. ) ;
#7636 = EDGE_CURVE ( 'NONE', #4294, #2806, #151, .T. ) ;
#7637 = CIRCLE ( 'NONE', #8298, 0.09999999999999911737 ) ;
#7638 = VECTOR ( 'NONE', #1120, 1000.000000000000000 ) ;
#7639 = ORIENTED_EDGE ( 'NONE', *, *, #5834, .T. ) ;
#7640 =( NAMED_UNIT ( * ) SI_UNIT ( $, .STERADIAN. ) SOLID_ANGLE_UNIT ( ) );
#7641 = VERTEX_POINT ( 'NONE', #9406 ) ;
#7642 = DIRECTION ( 'NONE',  ( -1.000000000000000000, 0.0000000000000000000, -2.563936943398996305E-15 ) ) ;
#7643 = CIRCLE ( 'NONE', #2348, 0.1243605512616186154 ) ;
#7644 = ORIENTED_EDGE ( 'NONE', *, *, #10147, .T. ) ;
#7645 = EDGE_CURVE ( 'NONE', #2169, #6365, #4880, .T. ) ;
#7646 = SURFACE_STYLE_USAGE ( .BOTH. , #6743 ) ;
#7647 =( NAMED_UNIT ( * ) PLANE_ANGLE_UNIT ( ) SI_UNIT ( $, .RADIAN. ) );
#7648 = PRESENTATION_LAYER_ASSIGNMENT (  '', '', ( #6486 ) ) ;
#7649 = DIRECTION ( 'NONE',  ( 0.0000000000000000000, -1.000000000000000000, 0.0000000000000000000 ) ) ;
#7650 = UNCERTAINTY_MEASURE_WITH_UNIT (LENGTH_MEASURE( 1.000000000000000082E-05 ), #9504, 'distance_accuracy_value', 'NONE');
#7651 = VERTEX_POINT ( 'NONE', #3345 ) ;
#7652 = FILL_AREA_STYLE ('',( #10185 ) ) ;
#7653 = SURFACE_STYLE_FILL_AREA ( #1317 ) ;
#7654 = CARTESIAN_POINT ( 'NONE',  ( -4.494557450338589000, 4.665000000000000924, 0.3000000000000000444 ) ) ;
#7655 = VECTOR ( 'NONE', #177, 1000.000000000000000 ) ;
#7656 =( LENGTH_UNIT ( ) NAMED_UNIT ( * ) SI_UNIT ( .MILLI., .METRE. ) );
#7657 = AXIS2_PLACEMENT_3D ( 'NONE', #3522, #6660, #5421 ) ;
#7658 = SURFACE_STYLE_USAGE ( .BOTH. , #593 ) ;
#7659 = SURFACE_STYLE_FILL_AREA ( #3740 ) ;
#7660 = COLOUR_RGB ( '',0.7529411764705882248, 0.7529411764705882248, 0.7529411764705882248 ) ;
#7661 = ORIENTED_EDGE ( 'NONE', *, *, #4769, .F. ) ;
#7662 = ORIENTED_EDGE ( 'NONE', *, *, #8760, .F. ) ;
#7663 = SURFACE_STYLE_FILL_AREA ( #5172 ) ;
#7664 = DIRECTION ( 'NONE',  ( 0.2588190451025213501, -0.0000000000000000000, 0.9659258262890680902 ) ) ;
#7665 = CARTESIAN_POINT ( 'NONE',  ( -4.184149331665849125, -1.684999999999999831, 1.484534871776029386 ) ) ;
#7666 =( NAMED_UNIT ( * ) SI_UNIT ( $, .STERADIAN. ) SOLID_ANGLE_UNIT ( ) );
#7667 = ORIENTED_EDGE ( 'NONE', *, *, #3997, .T. ) ;
#7668 = DIRECTION ( 'NONE',  ( 0.1736481776669393240, -0.0000000000000000000, 0.9848077530122063550 ) ) ;
#7669 =( GEOMETRIC_REPRESENTATION_CONTEXT ( 3 ) GLOBAL_UNCERTAINTY_ASSIGNED_CONTEXT ( ( #490 ) ) GLOBAL_UNIT_ASSIGNED_CONTEXT ( ( #6483, #3435, #4491 ) ) REPRESENTATION_CONTEXT ( 'NONE', 'WORKASPACE' ) );
#7670 = PRESENTATION_STYLE_ASSIGNMENT (( #9227 ) ) ;
#7671 = DIRECTION ( 'NONE',  ( -0.0000000000000000000, -0.2588190451025212946, -0.9659258262890680902 ) ) ;
#7672 = SURFACE_STYLE_FILL_AREA ( #7733 ) ;
#7673 = VERTEX_POINT ( 'NONE', #2650 ) ;
#7674 = CARTESIAN_POINT ( 'NONE',  ( 3.888707005762190860, -2.954999999999999183, 1.432440418475947386 ) ) ;
#7675 = COLOUR_RGB ( '',0.7529411764705882248, 0.7529411764705882248, 0.7529411764705882248 ) ;
#7676 = ORIENTED_EDGE ( 'NONE', *, *, #306, .F. ) ;
#7677 =( GEOMETRIC_REPRESENTATION_CONTEXT ( 3 ) GLOBAL_UNCERTAINTY_ASSIGNED_CONTEXT ( ( #8933 ) ) GLOBAL_UNIT_ASSIGNED_CONTEXT ( ( #98, #7262, #3339 ) ) REPRESENTATION_CONTEXT ( 'NONE', 'WORKASPACE' ) );
#7678 = VECTOR ( 'NONE', #8923, 1000.000000000000000 ) ;
#7679 =( NAMED_UNIT ( * ) PLANE_ANGLE_UNIT ( ) SI_UNIT ( $, .RADIAN. ) );
#7680 = EDGE_CURVE ( 'NONE', #7868, #7267, #7323, .T. ) ;
#7681 = ORIENTED_EDGE ( 'NONE', *, *, #5531, .F. ) ;
#7682 =( GEOMETRIC_REPRESENTATION_CONTEXT ( 3 ) GLOBAL_UNCERTAINTY_ASSIGNED_CONTEXT ( ( #10246 ) ) GLOBAL_UNIT_ASSIGNED_CONTEXT ( ( #1866, #970, #2488 ) ) REPRESENTATION_CONTEXT ( 'NONE', 'WORKASPACE' ) );
#7683 = ORIENTED_EDGE ( 'NONE', *, *, #4922, .T. ) ;
#7684 = UNCERTAINTY_MEASURE_WITH_UNIT (LENGTH_MEASURE( 1.000000000000000082E-05 ), #4691, 'distance_accuracy_value', 'NONE');
#7685 = AXIS2_PLACEMENT_3D ( 'NONE', #9659, #4114, #6505 ) ;
#7686 = VECTOR ( 'NONE', #10098, 1000.000000000000000 ) ;
#7687 =( LENGTH_UNIT ( ) NAMED_UNIT ( * ) SI_UNIT ( .MILLI., .METRE. ) );
#7688 = EDGE_CURVE ( 'NONE', #9047, #2006, #3870, .T. ) ;
#7689 = ORIENTED_EDGE ( 'NONE', *, *, #1596, .T. ) ;
#7690 = CARTESIAN_POINT ( 'NONE',  ( -4.494557450338588112, -0.4149999999999995914, 0.2000000000000008993 ) ) ;
#7691 = UNCERTAINTY_MEASURE_WITH_UNIT (LENGTH_MEASURE( 1.000000000000000082E-05 ), #3268, 'distance_accuracy_value', 'NONE');
#7692 = COLOUR_RGB ( '',0.7529411764705882248, 0.7529411764705882248, 0.7529411764705882248 ) ;
#7693 = SURFACE_SIDE_STYLE ('',( #5245 ) ) ;
#7694 = DIRECTION ( 'NONE',  ( -1.000000000000000000, 0.0000000000000000000, 2.605290765066735304E-15 ) ) ;
#7695 = CIRCLE ( 'NONE', #396, 0.2999999999999999334 ) ;
#7696 = EDGE_CURVE ( 'NONE', #8616, #8988, #202, .T. ) ;
#7697 = FILL_AREA_STYLE ('',( #5448 ) ) ;
#7698 = PRESENTATION_LAYER_ASSIGNMENT (  '', '', ( #2402 ) ) ;
#7699 = PLANE ( 'NONE',  #3168 ) ;
#7700 = CIRCLE ( 'NONE', #3241, 0.09999999999999911737 ) ;
#7701 = FILL_AREA_STYLE ('',( #3033 ) ) ;
#7702 = LINE ( 'NONE', #9297, #3819 ) ;
#7703 = DIRECTION ( 'NONE',  ( -0.0000000000000000000, -1.000000000000000000, -0.0000000000000000000 ) ) ;
#7704 = FILL_AREA_STYLE ('',( #3866 ) ) ;
#7705 = EDGE_CURVE ( 'NONE', #237, #6033, #6444, .T. ) ;
#7706 = ORIENTED_EDGE ( 'NONE', *, *, #7688, .F. ) ;
#7707 = STYLED_ITEM ( 'NONE', ( #5799 ), #2951 ) ;
#7708 = CYLINDRICAL_SURFACE ( 'NONE', #3917, 0.09999999999999911737 ) ;
#7709 = CARTESIAN_POINT ( 'NONE',  ( 4.494557450338589888, -1.684999999999999831, 0.2999999999999988787 ) ) ;
#7710 = DIRECTION ( 'NONE',  ( 0.0000000000000000000, 0.0000000000000000000, -1.000000000000000000 ) ) ;
#7711 = CIRCLE ( 'NONE', #2081, 0.1243605512616186154 ) ;
#7712 = CARTESIAN_POINT ( 'NONE',  ( -5.150000000000000355, 4.665000000000000924, 0.0000000000000000000 ) ) ;
#7713 =( NAMED_UNIT ( * ) SI_UNIT ( $, .STERADIAN. ) SOLID_ANGLE_UNIT ( ) );
#7714 = LINE ( 'NONE', #3781, #5416 ) ;
#7715 = FACE_OUTER_BOUND ( 'NONE', #6636, .T. ) ;
#7716 = PRESENTATION_LAYER_ASSIGNMENT (  '', '', ( #6704 ) ) ;
#7717 = LINE ( 'NONE', #4481, #8479 ) ;
#7718 = CARTESIAN_POINT ( 'NONE',  ( -5.149999999999999467, 0.4150000000000004241, 0.0000000000000000000 ) ) ;
#7719 = EDGE_CURVE ( 'NONE', #5719, #3357, #5808, .T. ) ;
#7720 = ORIENTED_EDGE ( 'NONE', *, *, #2549, .T. ) ;
#7721 = ORIENTED_EDGE ( 'NONE', *, *, #9475, .T. ) ;
#7722 = FILL_AREA_STYLE ('',( #3056 ) ) ;
#7723 = ORIENTED_EDGE ( 'NONE', *, *, #9767, .F. ) ;
#7724 = LINE ( 'NONE', #4705, #7533 ) ;
#7725 = CARTESIAN_POINT ( 'NONE',  ( 5.150000000000002132, -4.224999999999999645, 0.2000000000000016764 ) ) ;
#7726 = VERTEX_POINT ( 'NONE', #8052 ) ;
#7727 = LINE ( 'NONE', #605, #5973 ) ;
#7728 = PRESENTATION_STYLE_ASSIGNMENT (( #2231 ) ) ;
#7729 = DIRECTION ( 'NONE',  ( 0.0000000000000000000, -0.2588190451025213501, -0.9659258262890680902 ) ) ;
#7730 =( NAMED_UNIT ( * ) PLANE_ANGLE_UNIT ( ) SI_UNIT ( $, .RADIAN. ) );
#7731 = CARTESIAN_POINT ( 'NONE',  ( 3.868266076183285662, 3.395000000000000462, 1.408079867214328207 ) ) ;
#7732 = DIRECTION ( 'NONE',  ( -0.0000000000000000000, -1.000000000000000000, -0.0000000000000000000 ) ) ;
#7733 = FILL_AREA_STYLE ('',( #8603 ) ) ;
#7734 = ORIENTED_EDGE ( 'NONE', *, *, #25, .T. ) ;
#7735 = LINE ( 'NONE', #7830, #7686 ) ;
#7736 = VERTEX_POINT ( 'NONE', #937 ) ;
#7737 = PRESENTATION_LAYER_ASSIGNMENT (  '', '', ( #8227 ) ) ;
#7738 =( LENGTH_UNIT ( ) NAMED_UNIT ( * ) SI_UNIT ( .MILLI., .METRE. ) );
#7739 = ORIENTED_EDGE ( 'NONE', *, *, #6243, .T. ) ;
#7740 = ORIENTED_EDGE ( 'NONE', *, *, #7628, .F. ) ;
#7741 = COLOUR_RGB ( '',0.7529411764705882248, 0.7529411764705882248, 0.7529411764705882248 ) ;
#7742 = EDGE_CURVE ( 'NONE', #7747, #7430, #3104, .T. ) ;
#7743 =( LENGTH_UNIT ( ) NAMED_UNIT ( * ) SI_UNIT ( .MILLI., .METRE. ) );
#7744 = ORIENTED_EDGE ( 'NONE', *, *, #1987, .F. ) ;
#7745 = CARTESIAN_POINT ( 'NONE',  ( 5.150000000000001243, 1.685000000000000275, 0.0000000000000000000 ) ) ;
#7746 = SURFACE_STYLE_FILL_AREA ( #4563 ) ;
#7747 = VERTEX_POINT ( 'NONE', #1031 ) ;
#7748 = ORIENTED_EDGE ( 'NONE', *, *, #6153, .F. ) ;
#7749 = COLOUR_RGB ( '',0.1176470588235294101, 0.1176470588235294101, 0.1176470588235294101 ) ;
#7750 =( GEOMETRIC_REPRESENTATION_CONTEXT ( 3 ) GLOBAL_UNCERTAINTY_ASSIGNED_CONTEXT ( ( #743 ) ) GLOBAL_UNIT_ASSIGNED_CONTEXT ( ( #443, #9779, #4277 ) ) REPRESENTATION_CONTEXT ( 'NONE', 'WORKASPACE' ) );
#7751 = MECHANICAL_DESIGN_GEOMETRIC_PRESENTATION_REPRESENTATION (  '', ( #2953 ), #3792 ) ;
#7752 = EDGE_CURVE ( 'NONE', #1459, #3588, #251, .T. ) ;
#7753 = CARTESIAN_POINT ( 'NONE',  ( 3.750000000000000444, -5.099999999999999645, 1.600000000000000089 ) ) ;
#7754 = DIRECTION ( 'NONE',  ( 0.1736481776669392962, 0.0000000000000000000, -0.9848077530122064660 ) ) ;
#7755 = CONICAL_SURFACE ( 'NONE', #6085, 0.2500000000000002220, 0.6981317007977333455 ) ;
#7756 = ORIENTED_EDGE ( 'NONE', *, *, #1783, .F. ) ;
#7757 = PRESENTATION_LAYER_ASSIGNMENT (  '', '', ( #10063 ) ) ;
#7758 = DIRECTION ( 'NONE',  ( 0.0000000000000000000, 1.000000000000000000, -0.0000000000000000000 ) ) ;
#7759 = LINE ( 'NONE', #640, #623 ) ;
#7760 = LINE ( 'NONE', #641, #1191 ) ;
#7761 = LINE ( 'NONE', #1321, #5627 ) ;
#7762 = EDGE_CURVE ( 'NONE', #7510, #1044, #5466, .T. ) ;
#7763 = COLOUR_RGB ( '',0.7529411764705882248, 0.7529411764705882248, 0.7529411764705882248 ) ;
#7764 =( GEOMETRIC_REPRESENTATION_CONTEXT ( 3 ) GLOBAL_UNCERTAINTY_ASSIGNED_CONTEXT ( ( #3626 ) ) GLOBAL_UNIT_ASSIGNED_CONTEXT ( ( #100, #9631, #5755 ) ) REPRESENTATION_CONTEXT ( 'NONE', 'WORKASPACE' ) );
#7765 = FACE_OUTER_BOUND ( 'NONE', #8527, .T. ) ;
#7766 = DIRECTION ( 'NONE',  ( 0.1736481776669392962, 0.0000000000000000000, -0.9848077530122064660 ) ) ;
#7767 = ORIENTED_EDGE ( 'NONE', *, *, #5976, .F. ) ;
#7768 = DIRECTION ( 'NONE',  ( 0.0000000000000000000, 0.0000000000000000000, 1.000000000000000000 ) ) ;
#7769 = VERTEX_POINT ( 'NONE', #8929 ) ;
#7770 = FILL_AREA_STYLE ('',( #7138 ) ) ;
#7771 = DIRECTION ( 'NONE',  ( 0.0000000000000000000, 0.0000000000000000000, -1.000000000000000000 ) ) ;
#7772 =( GEOMETRIC_REPRESENTATION_CONTEXT ( 3 ) GLOBAL_UNCERTAINTY_ASSIGNED_CONTEXT ( ( #7168 ) ) GLOBAL_UNIT_ASSIGNED_CONTEXT ( ( #3534, #5912, #7526 ) ) REPRESENTATION_CONTEXT ( 'NONE', 'WORKASPACE' ) );
#7773 = SURFACE_STYLE_USAGE ( .BOTH. , #6269 ) ;
#7774 = SURFACE_SIDE_STYLE ('',( #8488 ) ) ;
#7775 = VERTEX_POINT ( 'NONE', #8876 ) ;
#7776 = EDGE_CURVE ( 'NONE', #61, #1502, #2500, .T. ) ;
#7777 = PRESENTATION_STYLE_ASSIGNMENT (( #2232 ) ) ;
#7778 = AXIS2_PLACEMENT_3D ( 'NONE', #5950, #7413, #440 ) ;
#7779 = UNCERTAINTY_MEASURE_WITH_UNIT (LENGTH_MEASURE( 1.000000000000000082E-05 ), #5122, 'distance_accuracy_value', 'NONE');
#7780 =( LENGTH_UNIT ( ) NAMED_UNIT ( * ) SI_UNIT ( .MILLI., .METRE. ) );
#7781 = DIRECTION ( 'NONE',  ( 1.000000000000000000, 0.0000000000000000000, 2.451907390652843649E-15 ) ) ;
#7782 = VERTEX_POINT ( 'NONE', #5656 ) ;
#7783 = CARTESIAN_POINT ( 'NONE',  ( 3.750000000000000444, -4.949999999999999289, 1.600000000000000089 ) ) ;
#7784 = ORIENTED_EDGE ( 'NONE', *, *, #1495, .F. ) ;
#7785 = VECTOR ( 'NONE', #1521, 1000.000000000000000 ) ;
#7786 = ORIENTED_EDGE ( 'NONE', *, *, #538, .F. ) ;
#7787 = FILL_AREA_STYLE ('',( #3801 ) ) ;
#7788 = CARTESIAN_POINT ( 'NONE',  ( 4.494557450338585447, 4.665000000000000924, 5.421010862427522170E-16 ) ) ;
#7789 =( NAMED_UNIT ( * ) PLANE_ANGLE_UNIT ( ) SI_UNIT ( $, .RADIAN. ) );
#7790 = AXIS2_PLACEMENT_3D ( 'NONE', #6082, #4468, #3723 ) ;
#7791 = CARTESIAN_POINT ( 'NONE',  ( 3.990737311234600071, -0.4149999999999995914, 1.429674850314564205 ) ) ;
#7792 = VERTEX_POINT ( 'NONE', #1527 ) ;
#7793 = ORIENTED_EDGE ( 'NONE', *, *, #5212, .T. ) ;
#7794 = VERTEX_POINT ( 'NONE', #4056 ) ;
#7795 = VECTOR ( 'NONE', #764, 1000.000000000000000 ) ;
#7796 = FILL_AREA_STYLE_COLOUR ( '', #7847 ) ;
#7797 = VECTOR ( 'NONE', #2691, 1000.000000000000000 ) ;
#7798 = DIRECTION ( 'NONE',  ( -0.0000000000000000000, -1.000000000000000000, -0.0000000000000000000 ) ) ;
#7799 = ORIENTED_EDGE ( 'NONE', *, *, #1939, .F. ) ;
#7800 = DIRECTION ( 'NONE',  ( -0.0000000000000000000, -0.0000000000000000000, -1.000000000000000000 ) ) ;
#7801 = DIRECTION ( 'NONE',  ( -0.2588190451025213501, 0.0000000000000000000, -0.9659258262890680902 ) ) ;
#7802 = CYLINDRICAL_SURFACE ( 'NONE', #9424, 0.2999999999999983791 ) ;
#7803 = EDGE_LOOP ( 'NONE', ( #9569, #6175, #10083, #666 ) ) ;
#7804 = VECTOR ( 'NONE', #5112, 1000.000000000000000 ) ;
#7805 = UNCERTAINTY_MEASURE_WITH_UNIT (LENGTH_MEASURE( 1.000000000000000082E-05 ), #4077, 'distance_accuracy_value', 'NONE');
#7806 = FILL_AREA_STYLE_COLOUR ( '', #4050 ) ;
#7807 =( NAMED_UNIT ( * ) PLANE_ANGLE_UNIT ( ) SI_UNIT ( $, .RADIAN. ) );
#7808 = CARTESIAN_POINT ( 'NONE',  ( -3.498076211353312814, -4.698076211353313880, 0.1000000000000000472 ) ) ;
#7809 = PRESENTATION_LAYER_ASSIGNMENT (  '', '', ( #5988 ) ) ;
#7810 = SURFACE_STYLE_FILL_AREA ( #3048 ) ;
#7811 = CARTESIAN_POINT ( 'NONE',  ( 4.184149331665850902, -2.954999999999999183, 1.484534871776028275 ) ) ;
#7812 = CARTESIAN_POINT ( 'NONE',  ( 3.899999999999999911, 4.949999999999999289, 1.600000000000000089 ) ) ;
#7813 = EDGE_LOOP ( 'NONE', ( #2510, #5227, #1279, #211 ) ) ;
#7814 = ORIENTED_EDGE ( 'NONE', *, *, #4698, .F. ) ;
#7815 =( NAMED_UNIT ( * ) PLANE_ANGLE_UNIT ( ) SI_UNIT ( $, .RADIAN. ) );
#7816 = ADVANCED_FACE ( 'NONE', ( #9639 ), #784, .T. ) ;
#7817 = VERTEX_POINT ( 'NONE', #9588 ) ;
#7818 = FILL_AREA_STYLE ('',( #1648 ) ) ;
#7819 = ADVANCED_FACE ( 'NONE', ( #2451 ), #834, .F. ) ;
#7820 = CYLINDRICAL_SURFACE ( 'NONE', #5323, 0.2999999999999999889 ) ;
#7821 = ORIENTED_EDGE ( 'NONE', *, *, #259, .F. ) ;
#7822 = EDGE_CURVE ( 'NONE', #1570, #6448, #2034, .T. ) ;
#7823 = CIRCLE ( 'NONE', #1362, 0.2999999999999999889 ) ;
#7824 = DIRECTION ( 'NONE',  ( -0.9848077530122064660, 0.0000000000000000000, -0.1736481776669392962 ) ) ;
#7825 = SURFACE_SIDE_STYLE ('',( #8548 ) ) ;
#7826 = AXIS2_PLACEMENT_3D ( 'NONE', #9059, #1807, #385 ) ;
#7827 =( NAMED_UNIT ( * ) SI_UNIT ( $, .STERADIAN. ) SOLID_ANGLE_UNIT ( ) );
#7828 = DIRECTION ( 'NONE',  ( 0.2588190451025213501, -0.0000000000000000000, 0.9659258262890680902 ) ) ;
#7829 = ORIENTED_EDGE ( 'NONE', *, *, #1984, .F. ) ;
#7830 = CARTESIAN_POINT ( 'NONE',  ( -3.888707005762188640, -0.4149999999999995914, 1.732440418475947430 ) ) ;
#7831 = ADVANCED_FACE ( 'NONE', ( #3244 ), #7268, .T. ) ;
#7832 = ORIENTED_EDGE ( 'NONE', *, *, #8193, .T. ) ;
#7833 = STYLED_ITEM ( 'NONE', ( #1601 ), #7947 ) ;
#7834 = ORIENTED_EDGE ( 'NONE', *, *, #2746, .T. ) ;
#7835 = CIRCLE ( 'NONE', #3222, 0.1243605512616186154 ) ;
#7836 = CARTESIAN_POINT ( 'NONE',  ( -4.494557450338588112, -1.684999999999999831, 0.3000000000000000444 ) ) ;
#7837 = VECTOR ( 'NONE', #8333, 1000.000000000000000 ) ;
#7838 =( LENGTH_UNIT ( ) NAMED_UNIT ( * ) SI_UNIT ( .MILLI., .METRE. ) );
#7839 = ORIENTED_EDGE ( 'NONE', *, *, #259, .T. ) ;
#7840 = VECTOR ( 'NONE', #8094, 1000.000000000000000 ) ;
#7841 = FILL_AREA_STYLE_COLOUR ( '', #7741 ) ;
#7842 = CIRCLE ( 'NONE', #5025, 0.1243605512616186154 ) ;
#7843 = MECHANICAL_DESIGN_GEOMETRIC_PRESENTATION_REPRESENTATION (  '', ( #3872 ), #4172 ) ;
#7844 = VERTEX_POINT ( 'NONE', #5324 ) ;
#7845 = PRESENTATION_STYLE_ASSIGNMENT (( #10015 ) ) ;
#7846 = ORIENTED_EDGE ( 'NONE', *, *, #4387, .F. ) ;
#7847 = COLOUR_RGB ( '',0.7529411764705882248, 0.7529411764705882248, 0.7529411764705882248 ) ;
#7848 = LINE ( 'NONE', #5407, #8996 ) ;
#7849 = PRESENTATION_LAYER_ASSIGNMENT (  '', '', ( #1557 ) ) ;
#7850 = FILL_AREA_STYLE_COLOUR ( '', #9992 ) ;
#7851 = ORIENTED_EDGE ( 'NONE', *, *, #8625, .F. ) ;
#7852 = LINE ( 'NONE', #4741, #4510 ) ;
#7853 = DIRECTION ( 'NONE',  ( -0.0000000000000000000, -1.000000000000000000, 0.0000000000000000000 ) ) ;
#7854 = VECTOR ( 'NONE', #7976, 1000.000000000000000 ) ;
#7855 = ORIENTED_EDGE ( 'NONE', *, *, #2035, .F. ) ;
#7856 = LINE ( 'NONE', #2416, #1075 ) ;
#7857 = LINE ( 'NONE', #7125, #2959 ) ;
#7858 = LINE ( 'NONE', #10188, #5169 ) ;
#7859 = PRESENTATION_LAYER_ASSIGNMENT (  '', '', ( #6689 ) ) ;
#7860 = CIRCLE ( 'NONE', #10170, 0.09999999999999911737 ) ;
#7861 =( LENGTH_UNIT ( ) NAMED_UNIT ( * ) SI_UNIT ( .MILLI., .METRE. ) );
#7862 = DIRECTION ( 'NONE',  ( -0.2588190451025213501, 0.0000000000000000000, -0.9659258262890680902 ) ) ;
#7863 = FILL_AREA_STYLE_COLOUR ( '', #2773 ) ;
#7864 = PRESENTATION_LAYER_ASSIGNMENT (  '', '', ( #7707 ) ) ;
#7865 = UNCERTAINTY_MEASURE_WITH_UNIT (LENGTH_MEASURE( 1.000000000000000082E-05 ), #33, 'distance_accuracy_value', 'NONE');
#7866 = DIRECTION ( 'NONE',  ( 4.342151275111226558E-15, 0.0000000000000000000, -1.000000000000000000 ) ) ;
#7867 = VERTEX_POINT ( 'NONE', #2904 ) ;
#7868 = VERTEX_POINT ( 'NONE', #7725 ) ;
#7869 = EDGE_CURVE ( 'NONE', #4789, #3961, #8347, .T. ) ;
#7870 =( LENGTH_UNIT ( ) NAMED_UNIT ( * ) SI_UNIT ( .MILLI., .METRE. ) );
#7871 =( GEOMETRIC_REPRESENTATION_CONTEXT ( 3 ) GLOBAL_UNCERTAINTY_ASSIGNED_CONTEXT ( ( #1368 ) ) GLOBAL_UNIT_ASSIGNED_CONTEXT ( ( #7870, #3936, #9417 ) ) REPRESENTATION_CONTEXT ( 'NONE', 'WORKASPACE' ) );
#7872 = ORIENTED_EDGE ( 'NONE', *, *, #464, .F. ) ;
#7873 = LINE ( 'NONE', #6156, #8515 ) ;
#7875 = DIRECTION ( 'NONE',  ( 0.0000000000000000000, 0.0000000000000000000, 1.000000000000000000 ) ) ;
#7874 = VECTOR ( 'NONE', #9814, 1000.000000000000227 ) ;
#7876 = SURFACE_SIDE_STYLE ('',( #6875 ) ) ;
#7877 = SURFACE_STYLE_USAGE ( .BOTH. , #4081 ) ;
#7878 = MECHANICAL_DESIGN_GEOMETRIC_PRESENTATION_REPRESENTATION (  '', ( #3090 ), #4728 ) ;
#7879 = SURFACE_SIDE_STYLE ('',( #7142 ) ) ;
#7880 = MECHANICAL_DESIGN_GEOMETRIC_PRESENTATION_REPRESENTATION (  '', ( #6704 ), #3422 ) ;
#7881 = EDGE_CURVE ( 'NONE', #3496, #8389, #603, .T. ) ;
#7882 =( GEOMETRIC_REPRESENTATION_CONTEXT ( 3 ) GLOBAL_UNCERTAINTY_ASSIGNED_CONTEXT ( ( #9908 ) ) GLOBAL_UNIT_ASSIGNED_CONTEXT ( ( #4255, #9090, #3610 ) ) REPRESENTATION_CONTEXT ( 'NONE', 'WORKASPACE' ) );
#7883 = EDGE_CURVE ( 'NONE', #7358, #893, #4845, .T. ) ;
#7884 = CARTESIAN_POINT ( 'NONE',  ( -3.868266076183284774, 2.955000000000000071, 1.408079867214329095 ) ) ;
#7885 = DIRECTION ( 'NONE',  ( -0.0000000000000000000, -1.000000000000000000, -0.0000000000000000000 ) ) ;
#7886 = FILL_AREA_STYLE ('',( #6376 ) ) ;
#7887 = SURFACE_STYLE_USAGE ( .BOTH. , #5802 ) ;
#7888 = ORIENTED_EDGE ( 'NONE', *, *, #6791, .F. ) ;
#7889 = EDGE_CURVE ( 'NONE', #3231, #8120, #4014, .T. ) ;
#7890 = DIRECTION ( 'NONE',  ( -1.000000000000000000, 0.0000000000000000000, 2.605290765066735304E-15 ) ) ;
#7891 = CIRCLE ( 'NONE', #4071, 0.2999999999999983791 ) ;
#7892 = DIRECTION ( 'NONE',  ( -0.0000000000000000000, -1.000000000000000000, -0.0000000000000000000 ) ) ;
#7893 = ORIENTED_EDGE ( 'NONE', *, *, #7558, .F. ) ;
#7894 = ORIENTED_EDGE ( 'NONE', *, *, #2115, .T. ) ;
#7895 = LINE ( 'NONE', #6286, #905 ) ;
#7896 = EDGE_CURVE ( 'NONE', #7305, #6589, #4391, .T. ) ;
#7897 = DIRECTION ( 'NONE',  ( 0.0000000000000000000, 0.0000000000000000000, 1.000000000000000000 ) ) ;
#7898 = MECHANICAL_DESIGN_GEOMETRIC_PRESENTATION_REPRESENTATION (  '', ( #9048 ), #5396 ) ;
#7899 = UNCERTAINTY_MEASURE_WITH_UNIT (LENGTH_MEASURE( 1.000000000000000082E-05 ), #132, 'distance_accuracy_value', 'NONE');
#7900 = SURFACE_SIDE_STYLE ('',( #4729 ) ) ;
#7901 = PRESENTATION_LAYER_ASSIGNMENT (  '', '', ( #4232 ) ) ;
#7902 = VERTEX_POINT ( 'NONE', #2600 ) ;
#7903 = ORIENTED_EDGE ( 'NONE', *, *, #5516, .F. ) ;
#7904 = ORIENTED_EDGE ( 'NONE', *, *, #8600, .T. ) ;
#7905 = ADVANCED_FACE ( 'NONE', ( #9117 ), #2840, .T. ) ;
#7906 = VECTOR ( 'NONE', #2353, 1000.000000000000000 ) ;
#7907 = APPLICATION_PROTOCOL_DEFINITION ( 'draft international standard', 'automotive_design', 1998, #5612 ) ;
#7908 = FACE_OUTER_BOUND ( 'NONE', #4604, .T. ) ;
#7909 = UNCERTAINTY_MEASURE_WITH_UNIT (LENGTH_MEASURE( 1.000000000000000082E-05 ), #8796, 'distance_accuracy_value', 'NONE');
#7910 = CARTESIAN_POINT ( 'NONE',  ( -4.494557450338589000, 3.395000000000000462, 0.1999999999999999833 ) ) ;
#7911 = VERTEX_POINT ( 'NONE', #9272 ) ;
#7912 = VECTOR ( 'NONE', #7664, 1000.000000000000000 ) ;
#7913 = VECTOR ( 'NONE', #10244, 1000.000000000000000 ) ;
#7914 = SURFACE_STYLE_USAGE ( .BOTH. , #9509 ) ;
#7915 = SURFACE_STYLE_USAGE ( .BOTH. , #7031 ) ;
#7916 = VECTOR ( 'NONE', #7766, 1000.000000000000000 ) ;
#7917 =( LENGTH_UNIT ( ) NAMED_UNIT ( * ) SI_UNIT ( .MILLI., .METRE. ) );
#7918 = VERTEX_POINT ( 'NONE', #1285 ) ;
#7919 = ORIENTED_EDGE ( 'NONE', *, *, #7576, .F. ) ;
#7920 = CARTESIAN_POINT ( 'NONE',  ( 4.494557450338587223, -2.954999999999999183, -1.084202172485504434E-15 ) ) ;
#7921 = SURFACE_STYLE_USAGE ( .BOTH. , #7876 ) ;
#7922 =( GEOMETRIC_REPRESENTATION_CONTEXT ( 3 ) GLOBAL_UNCERTAINTY_ASSIGNED_CONTEXT ( ( #4895 ) ) GLOBAL_UNIT_ASSIGNED_CONTEXT ( ( #5877, #4996, #8890 ) ) REPRESENTATION_CONTEXT ( 'NONE', 'WORKASPACE' ) );
#7923 = COLOUR_RGB ( '',0.7529411764705882248, 0.7529411764705882248, 0.7529411764705882248 ) ;
#7924 = EDGE_CURVE ( 'NONE', #8466, #7091, #5226, .T. ) ;
#7925 =( LENGTH_UNIT ( ) NAMED_UNIT ( * ) SI_UNIT ( .MILLI., .METRE. ) );
#7926 = SURFACE_STYLE_FILL_AREA ( #7252 ) ;
#7927 = SURFACE_STYLE_FILL_AREA ( #134 ) ;
#7928 = CARTESIAN_POINT ( 'NONE',  ( 4.494557450338590776, -2.954999999999999183, 0.2999999999999988787 ) ) ;
#7929 = SURFACE_STYLE_USAGE ( .BOTH. , #10264 ) ;
#7930 = ORIENTED_EDGE ( 'NONE', *, *, #4092, .T. ) ;
#7931 = CIRCLE ( 'NONE', #2632, 0.09999999999999911737 ) ;
#7932 = VERTEX_POINT ( 'NONE', #6820 ) ;
#7933 = EDGE_CURVE ( 'NONE', #4498, #8768, #9988, .T. ) ;
#7934 = PRESENTATION_STYLE_ASSIGNMENT (( #9485 ) ) ;
#7935 = DIRECTION ( 'NONE',  ( 1.000000000000000000, 0.0000000000000000000, 4.342151275111226558E-15 ) ) ;
#7936 =( NAMED_UNIT ( * ) SI_UNIT ( $, .STERADIAN. ) SOLID_ANGLE_UNIT ( ) );
#7937 = FILL_AREA_STYLE ('',( #1509 ) ) ;
#7938 = CYLINDRICAL_SURFACE ( 'NONE', #929, 0.1243605512616186154 ) ;
#7939 = ORIENTED_EDGE ( 'NONE', *, *, #2758, .F. ) ;
#7940 = MECHANICAL_DESIGN_GEOMETRIC_PRESENTATION_REPRESENTATION (  '', ( #3975 ), #6939 ) ;
#7941 = ADVANCED_FACE ( 'NONE', ( #8439 ), #4488, .F. ) ;
#7942 =( NAMED_UNIT ( * ) PLANE_ANGLE_UNIT ( ) SI_UNIT ( $, .RADIAN. ) );
#7943 = EDGE_LOOP ( 'NONE', ( #2408, #4739, #7706, #3217 ) ) ;
#7944 = EDGE_CURVE ( 'NONE', #1941, #2672, #8543, .T. ) ;
#7945 = LINE ( 'NONE', #5608, #2879 ) ;
#7946 = DIRECTION ( 'NONE',  ( -0.2588190451025213501, -0.0000000000000000000, 0.9659258262890680902 ) ) ;
#7947 = ADVANCED_FACE ( 'NONE', ( #656 ), #3835, .F. ) ;
#7948 = COLOUR_RGB ( '',0.7529411764705882248, 0.7529411764705882248, 0.7529411764705882248 ) ;
#7949 = CIRCLE ( 'NONE', #4963, 0.2999999999999999334 ) ;
#7950 = ORIENTED_EDGE ( 'NONE', *, *, #8647, .T. ) ;
#7951 =( NAMED_UNIT ( * ) SI_UNIT ( $, .STERADIAN. ) SOLID_ANGLE_UNIT ( ) );
#7952 = DIRECTION ( 'NONE',  ( 1.752245935330108428E-16, -1.000000000000000000, 0.0000000000000000000 ) ) ;
#7953 = DIRECTION ( 'NONE',  ( -0.0000000000000000000, -1.000000000000000000, -0.0000000000000000000 ) ) ;
#7954 = ORIENTED_EDGE ( 'NONE', *, *, #8056, .F. ) ;
#7955 = DIRECTION ( 'NONE',  ( -0.0000000000000000000, -1.000000000000000000, -0.0000000000000000000 ) ) ;
#7956 = AXIS2_PLACEMENT_3D ( 'NONE', #4363, #9860, #9095 ) ;
#7957 = VECTOR ( 'NONE', #5547, 1000.000000000000000 ) ;
#7958 =( NAMED_UNIT ( * ) SI_UNIT ( $, .STERADIAN. ) SOLID_ANGLE_UNIT ( ) );
#7959 = CARTESIAN_POINT ( 'NONE',  ( 3.900000000000000355, 3.395000000000000462, 1.600000000000000089 ) ) ;
#7960 = DIRECTION ( 'NONE',  ( 0.0000000000000000000, -1.000000000000000000, 0.0000000000000000000 ) ) ;
#7961 = VECTOR ( 'NONE', #1337, 1000.000000000000000 ) ;
#7962 = DIRECTION ( 'NONE',  ( -0.1736481776669387411, -0.0000000000000000000, 0.9848077530122064660 ) ) ;
#7963 = CARTESIAN_POINT ( 'NONE',  ( -4.199115124434926294, -0.4149999999999995914, 0.2479055466999170732 ) ) ;
#7964 = ORIENTED_EDGE ( 'NONE', *, *, #6538, .F. ) ;
#7965 = VERTEX_POINT ( 'NONE', #9157 ) ;
#7966 = DIRECTION ( 'NONE',  ( -1.752245935330107442E-16, 1.000000000000000000, 4.296344759077295089E-31 ) ) ;
#7967 = ORIENTED_EDGE ( 'NONE', *, *, #6783, .F. ) ;
#7968 = FACE_OUTER_BOUND ( 'NONE', #5927, .T. ) ;
#7969 = PLANE ( 'NONE',  #10054 ) ;
#7970 = FILL_AREA_STYLE ('',( #961 ) ) ;
#7971 = FILL_AREA_STYLE ('',( #9476 ) ) ;
#7972 =( LENGTH_UNIT ( ) NAMED_UNIT ( * ) SI_UNIT ( .MILLI., .METRE. ) );
#7973 = DIRECTION ( 'NONE',  ( -2.563936943398996305E-15, 0.0000000000000000000, 1.000000000000000000 ) ) ;
#7974 = DIRECTION ( 'NONE',  ( -0.0000000000000000000, -1.000000000000000000, -0.0000000000000000000 ) ) ;
#7975 = EDGE_LOOP ( 'NONE', ( #7739, #10166, #4398, #6778, #2345, #8248 ) ) ;
#7976 = DIRECTION ( 'NONE',  ( -0.2588190451025213501, -0.0000000000000000000, 0.9659258262890680902 ) ) ;
#7977 = DIRECTION ( 'NONE',  ( 1.000000000000000000, 0.0000000000000000000, 4.342151275111226558E-15 ) ) ;
#7978 = VERTEX_POINT ( 'NONE', #5945 ) ;
#7979 = DIRECTION ( 'NONE',  ( -0.0000000000000000000, -1.000000000000000000, 0.0000000000000000000 ) ) ;
#7980 = DIRECTION ( 'NONE',  ( -0.0000000000000000000, -1.000000000000000000, -0.0000000000000000000 ) ) ;
#7981 = SURFACE_STYLE_USAGE ( .BOTH. , #6333 ) ;
#7982 = COLOUR_RGB ( '',0.7529411764705882248, 0.7529411764705882248, 0.7529411764705882248 ) ;
#7983 = FILL_AREA_STYLE ('',( #8814 ) ) ;
#7984 = DIRECTION ( 'NONE',  ( 1.000000000000000000, 0.0000000000000000000, 4.342151275111226558E-15 ) ) ;
#7985 = CARTESIAN_POINT ( 'NONE',  ( 3.990737311234600071, 2.125000000000000444, 1.429674850314564205 ) ) ;
#7986 = EDGE_CURVE ( 'NONE', #223, #7293, #9108, .T. ) ;
#7987 = SURFACE_SIDE_STYLE ('',( #6338 ) ) ;
#7988 = ORIENTED_EDGE ( 'NONE', *, *, #3285, .F. ) ;
#7989 = CIRCLE ( 'NONE', #1875, 0.2500000000000002220 ) ;
#7990 = EDGE_LOOP ( 'NONE', ( #6525, #3542, #138, #3523 ) ) ;
#7991 = STYLED_ITEM ( 'NONE', ( #1338 ), #8198 ) ;
#7992 =( NAMED_UNIT ( * ) PLANE_ANGLE_UNIT ( ) SI_UNIT ( $, .RADIAN. ) );
#7993 = ORIENTED_EDGE ( 'NONE', *, *, #659, .T. ) ;
#7994 = EDGE_CURVE ( 'NONE', #2854, #3937, #8278, .T. ) ;
#7995 = EDGE_CURVE ( 'NONE', #653, #407, #435, .T. ) ;
#7996 = CARTESIAN_POINT ( 'NONE',  ( 4.199115124434926294, -1.684999999999999831, 0.2479055466999157964 ) ) ;
#7997 = PRESENTATION_LAYER_ASSIGNMENT (  '', '', ( #5024 ) ) ;
#7998 = STYLED_ITEM ( 'NONE', ( #1043 ), #2315 ) ;
#7999 = MECHANICAL_DESIGN_GEOMETRIC_PRESENTATION_REPRESENTATION (  '', ( #3713 ), #9330 ) ;
#8000 = FILL_AREA_STYLE_COLOUR ( '', #10139 ) ;
#8001 = SURFACE_STYLE_FILL_AREA ( #2364 ) ;
#8002 = ORIENTED_EDGE ( 'NONE', *, *, #4503, .F. ) ;
#8003 = UNCERTAINTY_MEASURE_WITH_UNIT (LENGTH_MEASURE( 1.000000000000000082E-05 ), #6036, 'distance_accuracy_value', 'NONE');
#8004 = CARTESIAN_POINT ( 'NONE',  ( 3.800269556891266998, 0.8550000000000007594, 1.732440418475946320 ) ) ;
#8005 = EDGE_CURVE ( 'NONE', #1646, #1018, #7607, .T. ) ;
#8006 = SURFACE_STYLE_USAGE ( .BOTH. , #795 ) ;
#8007 = SURFACE_STYLE_FILL_AREA ( #212 ) ;
#8008 = LINE ( 'NONE', #3818, #129 ) ;
#8009 = COLOUR_RGB ( '',0.7529411764705882248, 0.7529411764705882248, 0.7529411764705882248 ) ;
#8010 = EDGE_LOOP ( 'NONE', ( #2976, #9923, #4054, #1410, #3256, #7272, #1594, #6025, #9293, #8973, #1556, #2143 ) ) ;
#8011 = SURFACE_STYLE_FILL_AREA ( #4999 ) ;
#8012 = COLOUR_RGB ( '',0.7529411764705882248, 0.7529411764705882248, 0.7529411764705882248 ) ;
#8013 =( LENGTH_UNIT ( ) NAMED_UNIT ( * ) SI_UNIT ( .MILLI., .METRE. ) );
#8014 = LINE ( 'NONE', #8115, #6029 ) ;
#8015 = MECHANICAL_DESIGN_GEOMETRIC_PRESENTATION_REPRESENTATION (  '', ( #6360 ), #4709 ) ;
#8016 = FILL_AREA_STYLE ('',( #8587 ) ) ;
#8017 = DIRECTION ( 'NONE',  ( -0.0000000000000000000, -0.0000000000000000000, -1.000000000000000000 ) ) ;
#8018 =( LENGTH_UNIT ( ) NAMED_UNIT ( * ) SI_UNIT ( .MILLI., .METRE. ) );
#8019 = ORIENTED_EDGE ( 'NONE', *, *, #4901, .T. ) ;
#8020 =( GEOMETRIC_REPRESENTATION_CONTEXT ( 3 ) GLOBAL_UNCERTAINTY_ASSIGNED_CONTEXT ( ( #105 ) ) GLOBAL_UNIT_ASSIGNED_CONTEXT ( ( #4657, #3950, #2390 ) ) REPRESENTATION_CONTEXT ( 'NONE', 'WORKASPACE' ) );
#8021 = CARTESIAN_POINT ( 'NONE',  ( 4.396076675037370762, -1.684999999999999831, 0.2826351822333049157 ) ) ;
#8022 = VERTEX_POINT ( 'NONE', #8379 ) ;
#8023 = FILL_AREA_STYLE ('',( #8855 ) ) ;
#8024 = LINE ( 'NONE', #5479, #6423 ) ;
#8025 = VECTOR ( 'NONE', #958, 1000.000000000000000 ) ;
#8026 = FILL_AREA_STYLE ('',( #868 ) ) ;
#8027 = DIRECTION ( 'NONE',  ( -0.0000000000000000000, -1.000000000000000000, -0.0000000000000000000 ) ) ;
#8028 = PRESENTATION_LAYER_ASSIGNMENT (  '', '', ( #3074 ) ) ;
#8029 = EDGE_CURVE ( 'NONE', #8657, #7293, #3536, .T. ) ;
#8030 = DIRECTION ( 'NONE',  ( -0.9848077530122064660, 0.0000000000000000000, -0.1736481776669392962 ) ) ;
#8031 = LINE ( 'NONE', #7253, #5376 ) ;
#8032 = PRESENTATION_LAYER_ASSIGNMENT (  '', '', ( #228 ) ) ;
#8033 = CARTESIAN_POINT ( 'NONE',  ( -3.750000000000000444, 5.099999999999999645, 1.600000000000000089 ) ) ;
#8034 = PRESENTATION_LAYER_ASSIGNMENT (  '', '', ( #9507 ) ) ;
#8035 = ORIENTED_EDGE ( 'NONE', *, *, #5984, .T. ) ;
#8036 = CYLINDRICAL_SURFACE ( 'NONE', #4201, 0.2999999999999999889 ) ;
#8037 = LINE ( 'NONE', #1078, #5647 ) ;
#8038 = ORIENTED_EDGE ( 'NONE', *, *, #5457, .T. ) ;
#8039 = FILL_AREA_STYLE ('',( #6383 ) ) ;
#8040 = CIRCLE ( 'NONE', #234, 0.2999999999999983791 ) ;
#8041 = COLOUR_RGB ( '',0.1176470588235294101, 0.1176470588235294101, 0.1176470588235294101 ) ;
#8042 = CARTESIAN_POINT ( 'NONE',  ( -3.800269556891266109, 4.665000000000000924, 1.732440418475947208 ) ) ;
#8043 = MECHANICAL_DESIGN_GEOMETRIC_PRESENTATION_REPRESENTATION (  '', ( #5886 ), #2255 ) ;
#8044 =( NAMED_UNIT ( * ) PLANE_ANGLE_UNIT ( ) SI_UNIT ( $, .RADIAN. ) );
#8045 = COLOUR_RGB ( '',0.7529411764705882248, 0.7529411764705882248, 0.7529411764705882248 ) ;
#8046 = DIRECTION ( 'NONE',  ( 0.0000000000000000000, 0.0000000000000000000, -1.000000000000000000 ) ) ;
#8047 = FACE_OUTER_BOUND ( 'NONE', #5321, .T. ) ;
#8048 = EDGE_LOOP ( 'NONE', ( #3728, #5617, #6059, #3810 ) ) ;
#8049 = FILL_AREA_STYLE_COLOUR ( '', #1456 ) ;
#8050 = CARTESIAN_POINT ( 'NONE',  ( 4.494557450338589888, 0.4150000000000004241, 0.2999999999999988787 ) ) ;
#8051 = EDGE_LOOP ( 'NONE', ( #3784, #842, #927, #6509 ) ) ;
#8052 = CARTESIAN_POINT ( 'NONE',  ( 4.396076675037369874, 4.225000000000000533, 0.2826351822333049157 ) ) ;
#8053 = VERTEX_POINT ( 'NONE', #9819 ) ;
#8054 = DIRECTION ( 'NONE',  ( -0.0000000000000000000, -1.000000000000000000, -0.0000000000000000000 ) ) ;
#8055 = PRESENTATION_LAYER_ASSIGNMENT (  '', '', ( #5235 ) ) ;
#8056 = EDGE_CURVE ( 'NONE', #32, #4542, #3623, .T. ) ;
#8057 = VERTEX_POINT ( 'NONE', #1272 ) ;
#8058 = DIRECTION ( 'NONE',  ( 0.0000000000000000000, 0.0000000000000000000, -1.000000000000000000 ) ) ;
#8059 = PRESENTATION_LAYER_ASSIGNMENT (  '', '', ( #7087 ) ) ;
#8060 = EDGE_LOOP ( 'NONE', ( #5175, #3000, #8877, #8214 ) ) ;
#8061 = DIRECTION ( 'NONE',  ( -1.314184451497581259E-16, 1.000000000000000000, 0.0000000000000000000 ) ) ;
#8062 = SURFACE_STYLE_USAGE ( .BOTH. , #9652 ) ;
#8063 = SURFACE_SIDE_STYLE ('',( #4744 ) ) ;
#8064 = ORIENTED_EDGE ( 'NONE', *, *, #3954, .T. ) ;
#8065 = ADVANCED_FACE ( 'NONE', ( #1219 ), #2934, .F. ) ;
#8066 = AXIS2_PLACEMENT_3D ( 'NONE', #8423, #3673, #2108 ) ;
#8067 = FILL_AREA_STYLE ('',( #3929 ) ) ;
#8068 = DIRECTION ( 'NONE',  ( -0.0000000000000000000, -1.000000000000000000, -0.0000000000000000000 ) ) ;
#8069 = EDGE_CURVE ( 'NONE', #6591, #188, #1119, .T. ) ;
#8070 =( NAMED_UNIT ( * ) PLANE_ANGLE_UNIT ( ) SI_UNIT ( $, .RADIAN. ) );
#8071 =( NAMED_UNIT ( * ) PLANE_ANGLE_UNIT ( ) SI_UNIT ( $, .RADIAN. ) );
#8072 = DIRECTION ( 'NONE',  ( 0.0000000000000000000, 0.0000000000000000000, 1.000000000000000000 ) ) ;
#8073 = AXIS2_PLACEMENT_3D ( 'NONE', #900, #6501, #1045 ) ;
#8074 = ORIENTED_EDGE ( 'NONE', *, *, #25, .F. ) ;
#8075 = DIRECTION ( 'NONE',  ( -0.0000000000000000000, -1.000000000000000000, -0.0000000000000000000 ) ) ;
#8076 = AXIS2_PLACEMENT_3D ( 'NONE', #5949, #1380, #4531 ) ;
#8077 = DIRECTION ( 'NONE',  ( 0.1736481776669393240, -0.0000000000000000000, 0.9848077530122063550 ) ) ;
#8078 = ORIENTED_EDGE ( 'NONE', *, *, #6716, .F. ) ;
#8079 = CARTESIAN_POINT ( 'NONE',  ( -3.888707005762189528, 4.665000000000000924, 1.732440418475947430 ) ) ;
#8080 = PRESENTATION_STYLE_ASSIGNMENT (( #5533 ) ) ;
#8081 = EDGE_CURVE ( 'NONE', #9922, #1504, #6896, .T. ) ;
#8082 = DIRECTION ( 'NONE',  ( -0.0000000000000000000, -1.000000000000000000, -0.0000000000000000000 ) ) ;
#8083 = AXIS2_PLACEMENT_3D ( 'NONE', #1623, #4776, #574 ) ;
#8084 = CARTESIAN_POINT ( 'NONE',  ( -3.899999999999999911, 4.949999999999999289, 1.600000000000000089 ) ) ;
#8085 = COLOUR_RGB ( '',0.7529411764705882248, 0.7529411764705882248, 0.7529411764705882248 ) ;
#8086 = MECHANICAL_DESIGN_GEOMETRIC_PRESENTATION_REPRESENTATION (  '', ( #1792 ), #3131 ) ;
#8087 = DIRECTION ( 'NONE',  ( -0.0000000000000000000, -1.000000000000000000, -0.0000000000000000000 ) ) ;
#8088 = SURFACE_STYLE_FILL_AREA ( #2734 ) ;
#8089 = UNCERTAINTY_MEASURE_WITH_UNIT (LENGTH_MEASURE( 1.000000000000000082E-05 ), #8666, 'distance_accuracy_value', 'NONE');
#8090 = ORIENTED_EDGE ( 'NONE', *, *, #6094, .T. ) ;
#8091 =( NAMED_UNIT ( * ) SI_UNIT ( $, .STERADIAN. ) SOLID_ANGLE_UNIT ( ) );
#8092 = ORIENTED_EDGE ( 'NONE', *, *, #3471, .T. ) ;
#8093 = CYLINDRICAL_SURFACE ( 'NONE', #1326, 0.2999999999999999889 ) ;
#8094 = DIRECTION ( 'NONE',  ( -1.314184451497581259E-16, 1.000000000000000000, -0.0000000000000000000 ) ) ;
#8095 = AXIS2_PLACEMENT_3D ( 'NONE', #1483, #748, #1689 ) ;
#8096 = VECTOR ( 'NONE', #8863, 1000.000000000000000 ) ;
#8097 = PLANE ( 'NONE',  #2789 ) ;
#8098 = UNCERTAINTY_MEASURE_WITH_UNIT (LENGTH_MEASURE( 1.000000000000000082E-05 ), #6802, 'distance_accuracy_value', 'NONE');
#8099 = PRESENTATION_STYLE_ASSIGNMENT (( #8718 ) ) ;
#8100 = ORIENTED_EDGE ( 'NONE', *, *, #6842, .F. ) ;
#8101 = STYLED_ITEM ( 'NONE', ( #1696 ), #5260 ) ;
#8102 = DIRECTION ( 'NONE',  ( 0.0000000000000000000, 1.000000000000000000, 0.0000000000000000000 ) ) ;
#8103 = ORIENTED_EDGE ( 'NONE', *, *, #8029, .F. ) ;
#8104 = CARTESIAN_POINT ( 'NONE',  ( 4.184149331665850902, -3.394999999999999574, 1.484534871776028275 ) ) ;
#8105 = FILL_AREA_STYLE ('',( #6685 ) ) ;
#8106 = UNCERTAINTY_MEASURE_WITH_UNIT (LENGTH_MEASURE( 1.000000000000000082E-05 ), #525, 'distance_accuracy_value', 'NONE');
#8107 = DIRECTION ( 'NONE',  ( -1.000000000000000000, 0.0000000000000000000, 0.0000000000000000000 ) ) ;
#8108 = ORIENTED_EDGE ( 'NONE', *, *, #2428, .T. ) ;
#8109 = UNCERTAINTY_MEASURE_WITH_UNIT (LENGTH_MEASURE( 1.000000000000000082E-05 ), #9997, 'distance_accuracy_value', 'NONE');
#8110 = SURFACE_STYLE_FILL_AREA ( #158 ) ;
#8111 =( NAMED_UNIT ( * ) PLANE_ANGLE_UNIT ( ) SI_UNIT ( $, .RADIAN. ) );
#8112 =( NAMED_UNIT ( * ) SI_UNIT ( $, .STERADIAN. ) SOLID_ANGLE_UNIT ( ) );
#8113 = ORIENTED_EDGE ( 'NONE', *, *, #5978, .F. ) ;
#8114 = PRESENTATION_LAYER_ASSIGNMENT (  '', '', ( #5133 ) ) ;
#8115 = CARTESIAN_POINT ( 'NONE',  ( -3.888707005762188640, 0.8550000000000007594, 1.732440418475947430 ) ) ;
#8116 = CARTESIAN_POINT ( 'NONE',  ( -2.899999999999999911, 4.150000000000000355, 3.500000000000000000 ) ) ;
#8117 = CARTESIAN_POINT ( 'NONE',  ( 5.150000000000001243, 0.4150000000000004241, 0.2000000000000016764 ) ) ;
#8118 = STYLED_ITEM ( 'NONE', ( #4368 ), #1148 ) ;
#8119 = AXIS2_PLACEMENT_3D ( 'NONE', #9954, #5250, #8418 ) ;
#8120 = VERTEX_POINT ( 'NONE', #4615 ) ;
#8121 = ORIENTED_EDGE ( 'NONE', *, *, #777, .T. ) ;
#8122 =( LENGTH_UNIT ( ) NAMED_UNIT ( * ) SI_UNIT ( .MILLI., .METRE. ) );
#8123 = SURFACE_STYLE_USAGE ( .BOTH. , #2527 ) ;
#8124 = ADVANCED_FACE ( 'NONE', ( #10227 ), #3767, .F. ) ;
#8125 = SURFACE_SIDE_STYLE ('',( #4958 ) ) ;
#8126 = SURFACE_SIDE_STYLE ('',( #9769 ) ) ;
#8127 = CIRCLE ( 'NONE', #8800, 0.2999999999999983791 ) ;
#8128 = DIRECTION ( 'NONE',  ( 0.0000000000000000000, 0.0000000000000000000, -1.000000000000000000 ) ) ;
#8129 = MECHANICAL_DESIGN_GEOMETRIC_PRESENTATION_REPRESENTATION (  '', ( #12 ), #1336 ) ;
#8130 = FILL_AREA_STYLE_COLOUR ( '', #4551 ) ;
#8131 = SURFACE_STYLE_USAGE ( .BOTH. , #7564 ) ;
#8132 = FILL_AREA_STYLE_COLOUR ( '', #8920 ) ;
#8133 = ADVANCED_FACE ( 'NONE', ( #2975 ), #2145, .F. ) ;
#8134 = VERTEX_POINT ( 'NONE', #1251 ) ;
#8135 = PRESENTATION_STYLE_ASSIGNMENT (( #3432 ) ) ;
#8136 = SURFACE_SIDE_STYLE ('',( #4392 ) ) ;
#8137 = ORIENTED_EDGE ( 'NONE', *, *, #10085, .T. ) ;
#8138 =( NAMED_UNIT ( * ) PLANE_ANGLE_UNIT ( ) SI_UNIT ( $, .RADIAN. ) );
#8139 = SURFACE_STYLE_USAGE ( .BOTH. , #1978 ) ;
#8140 = PLANE ( 'NONE',  #6710 ) ;
#8141 = FILL_AREA_STYLE ('',( #8921 ) ) ;
#8142 = EDGE_CURVE ( 'NONE', #4459, #8057, #1534, .T. ) ;
#8143 = CARTESIAN_POINT ( 'NONE',  ( -4.494557450338583671, -3.394999999999999574, 1.680513367352531873E-15 ) ) ;
#8144 = LINE ( 'NONE', #7985, #5582 ) ;
#8145 = DIRECTION ( 'NONE',  ( 0.0000000000000000000, 0.0000000000000000000, -1.000000000000000000 ) ) ;
#8146 = ORIENTED_EDGE ( 'NONE', *, *, #3918, .T. ) ;
#8147 = CARTESIAN_POINT ( 'NONE',  ( -5.150000000000000355, 3.395000000000000462, 0.0000000000000000000 ) ) ;
#8148 = VERTEX_POINT ( 'NONE', #3653 ) ;
#8149 = CARTESIAN_POINT ( 'NONE',  ( -4.494557450338584559, -0.4149999999999995914, 1.680513367352531873E-15 ) ) ;
#8150 = AXIS2_PLACEMENT_3D ( 'NONE', #6325, #925, #3334 ) ;
#8151 = ORIENTED_EDGE ( 'NONE', *, *, #9823, .T. ) ;
#8152 = PRESENTATION_LAYER_ASSIGNMENT (  '', '', ( #2855 ) ) ;
#8153 = CARTESIAN_POINT ( 'NONE',  ( -4.494557450338588112, 2.125000000000000444, 0.2000000000000008993 ) ) ;
#8154 = ADVANCED_FACE ( 'NONE', ( #6780 ), #4191, .F. ) ;
#8155 = DIRECTION ( 'NONE',  ( 0.0000000000000000000, 0.0000000000000000000, 1.000000000000000000 ) ) ;
#8156 =( NAMED_UNIT ( * ) PLANE_ANGLE_UNIT ( ) SI_UNIT ( $, .RADIAN. ) );
#8157 = ORIENTED_EDGE ( 'NONE', *, *, #4580, .T. ) ;
#8158 = PLANE ( 'NONE',  #9845 ) ;
#8159 = ORIENTED_EDGE ( 'NONE', *, *, #10207, .F. ) ;
#8160 = COLOUR_RGB ( '',0.7529411764705882248, 0.7529411764705882248, 0.7529411764705882248 ) ;
#8161 = SURFACE_SIDE_STYLE ('',( #8011 ) ) ;
#8162 = FACE_OUTER_BOUND ( 'NONE', #10113, .T. ) ;
#8163 = AXIS2_PLACEMENT_3D ( 'NONE', #687, #3921, #3200 ) ;
#8164 = SURFACE_SIDE_STYLE ('',( #1640 ) ) ;
#8165 = FACE_OUTER_BOUND ( 'NONE', #8979, .T. ) ;
#8166 = CARTESIAN_POINT ( 'NONE',  ( 4.199115124434925406, 4.225000000000000533, 0.2479055466999157964 ) ) ;
#8167 = FACE_OUTER_BOUND ( 'NONE', #1686, .T. ) ;
#8168 = SURFACE_SIDE_STYLE ('',( #999 ) ) ;
#8169 = VECTOR ( 'NONE', #6079, 1000.000000000000227 ) ;
#8170 = ORIENTED_EDGE ( 'NONE', *, *, #6487, .T. ) ;
#8171 = DIRECTION ( 'NONE',  ( 0.0000000000000000000, 0.0000000000000000000, 1.000000000000000000 ) ) ;
#8172 = DIRECTION ( 'NONE',  ( 1.000000000000000000, 0.0000000000000000000, 0.0000000000000000000 ) ) ;
#8173 = ORIENTED_EDGE ( 'NONE', *, *, #1617, .T. ) ;
#8174 = DIRECTION ( 'NONE',  ( 0.0000000000000000000, 1.000000000000000000, -0.0000000000000000000 ) ) ;
#8175 =( NAMED_UNIT ( * ) PLANE_ANGLE_UNIT ( ) SI_UNIT ( $, .RADIAN. ) );
#8176 = AXIS2_PLACEMENT_3D ( 'NONE', #4233, #7522, #7421 ) ;
#8177 = MECHANICAL_DESIGN_GEOMETRIC_PRESENTATION_REPRESENTATION (  '', ( #869 ), #1042 ) ;
#8178 =( LENGTH_UNIT ( ) NAMED_UNIT ( * ) SI_UNIT ( .MILLI., .METRE. ) );
#8179 = VECTOR ( 'NONE', #463, 1000.000000000000000 ) ;
#8180 = SURFACE_SIDE_STYLE ('',( #4325 ) ) ;
#8181 = DIRECTION ( 'NONE',  ( 0.0000000000000000000, -1.000000000000000000, 0.0000000000000000000 ) ) ;
#8182 = STYLED_ITEM ( 'NONE', ( #5303 ), #10224 ) ;
#8183 = DIRECTION ( 'NONE',  ( 0.9848077530122065770, -0.0000000000000000000, 0.1736481776669387689 ) ) ;
#8184 = EDGE_CURVE ( 'NONE', #4724, #9591, #2907, .T. ) ;
#8185 = LINE ( 'NONE', #1126, #1867 ) ;
#8186 = DIRECTION ( 'NONE',  ( 1.000000000000000000, 0.0000000000000000000, 0.0000000000000000000 ) ) ;
#8187 = ORIENTED_EDGE ( 'NONE', *, *, #708, .T. ) ;
#8188 = COLOUR_RGB ( '',0.7529411764705882248, 0.7529411764705882248, 0.7529411764705882248 ) ;
#8189 = SURFACE_SIDE_STYLE ('',( #2639 ) ) ;
#8190 = VERTEX_POINT ( 'NONE', #3007 ) ;
#8191 = LINE ( 'NONE', #8395, #5635 ) ;
#8192 = ADVANCED_FACE ( 'NONE', ( #5280 ), #6219, .F. ) ;
#8193 = EDGE_CURVE ( 'NONE', #3388, #6129, #197, .T. ) ;
#8194 = CARTESIAN_POINT ( 'NONE',  ( 3.900000000000001688, -4.665000000000000036, 1.600000000000000089 ) ) ;
#8195 = CARTESIAN_POINT ( 'NONE',  ( -3.890582741955797452, 5.090582741955796742, 1.635145685488949674 ) ) ;
#8196 = LINE ( 'NONE', #7472, #1927 ) ;
#8198 = ADVANCED_FACE ( 'NONE', ( #3694 ), #710, .F. ) ;
#8197 = DIRECTION ( 'NONE',  ( -0.0000000000000000000, -1.000000000000000000, 0.0000000000000000000 ) ) ;
#8199 = ORIENTED_EDGE ( 'NONE', *, *, #8563, .F. ) ;
#8200 = CIRCLE ( 'NONE', #1579, 0.2999999999999999889 ) ;
#8201 = VERTEX_POINT ( 'NONE', #9559 ) ;
#8202 = PRESENTATION_LAYER_ASSIGNMENT (  '', '', ( #4547 ) ) ;
#8203 = SURFACE_STYLE_USAGE ( .BOTH. , #7634 ) ;
#8204 = ORIENTED_EDGE ( 'NONE', *, *, #17, .T. ) ;
#8205 = EDGE_CURVE ( 'NONE', #4606, #1793, #4846, .T. ) ;
#8206 = PRESENTATION_STYLE_ASSIGNMENT (( #356 ) ) ;
#8207 = ORIENTED_EDGE ( 'NONE', *, *, #4184, .F. ) ;
#8208 = UNCERTAINTY_MEASURE_WITH_UNIT (LENGTH_MEASURE( 1.000000000000000082E-05 ), #6422, 'distance_accuracy_value', 'NONE');
#8209 = SURFACE_STYLE_USAGE ( .BOTH. , #1836 ) ;
#8210 = CARTESIAN_POINT ( 'NONE',  ( 4.494557450338586335, -0.4149999999999995914, 5.421010862427522170E-16 ) ) ;
#8211 = VERTEX_POINT ( 'NONE', #164 ) ;
#8212 = CYLINDRICAL_SURFACE ( 'NONE', #1104, 0.2999999999999999889 ) ;
#8213 =( NAMED_UNIT ( * ) SI_UNIT ( $, .STERADIAN. ) SOLID_ANGLE_UNIT ( ) );
#8214 = ORIENTED_EDGE ( 'NONE', *, *, #3330, .T. ) ;
#8215 = VECTOR ( 'NONE', #4235, 1000.000000000000000 ) ;
#8216 = EDGE_CURVE ( 'NONE', #6941, #417, #5674, .T. ) ;
#8217 =( NAMED_UNIT ( * ) SI_UNIT ( $, .STERADIAN. ) SOLID_ANGLE_UNIT ( ) );
#8218 = CARTESIAN_POINT ( 'NONE',  ( 4.494557450338589000, 4.225000000000000533, 0.1999999999999988454 ) ) ;
#8219 =( NAMED_UNIT ( * ) PLANE_ANGLE_UNIT ( ) SI_UNIT ( $, .RADIAN. ) );
#8220 = DIRECTION ( 'NONE',  ( 0.0000000000000000000, 0.0000000000000000000, -1.000000000000000000 ) ) ;
#8221 = ORIENTED_EDGE ( 'NONE', *, *, #767, .F. ) ;
#8222 = CARTESIAN_POINT ( 'NONE',  ( -4.184149331665848237, 0.4150000000000004241, 1.484534871776029163 ) ) ;
#8223 = PLANE ( 'NONE',  #1565 ) ;
#8224 = DIRECTION ( 'NONE',  ( 0.9848077530122064660, 0.0000000000000000000, -0.1736481776669393240 ) ) ;
#8225 =( NAMED_UNIT ( * ) SI_UNIT ( $, .STERADIAN. ) SOLID_ANGLE_UNIT ( ) );
#8226 = CARTESIAN_POINT ( 'NONE',  ( -5.149999999999998579, -2.954999999999999183, 0.0000000000000000000 ) ) ;
#8227 = STYLED_ITEM ( 'NONE', ( #1168 ), #96 ) ;
#8228 = DIRECTION ( 'NONE',  ( 0.0000000000000000000, 0.0000000000000000000, -1.000000000000000000 ) ) ;
#8229 = CARTESIAN_POINT ( 'NONE',  ( 3.868266076183286106, 0.4150000000000004241, 1.408079867214328207 ) ) ;
#8230 = STYLED_ITEM ( 'NONE', ( #2099 ), #216 ) ;
#8231 =( LENGTH_UNIT ( ) NAMED_UNIT ( * ) SI_UNIT ( .MILLI., .METRE. ) );
#8232 = CARTESIAN_POINT ( 'NONE',  ( -4.494557450338584559, 0.4150000000000004241, 1.680513367352531873E-15 ) ) ;
#8233 = DIRECTION ( 'NONE',  ( 0.1736481776669387411, 0.0000000000000000000, -0.9848077530122064660 ) ) ;
#8234 = VERTEX_POINT ( 'NONE', #4111 ) ;
#8235 = CARTESIAN_POINT ( 'NONE',  ( -3.990737311234597406, -4.224999999999999645, 1.429674850314565093 ) ) ;
#8236 = DIRECTION ( 'NONE',  ( -0.0000000000000000000, -1.000000000000000000, -0.0000000000000000000 ) ) ;
#8237 = CARTESIAN_POINT ( 'NONE',  ( -3.864512696824128568, -2.670000000000000373, 1.732440418475947430 ) ) ;
#8238 = ORIENTED_EDGE ( 'NONE', *, *, #6180, .F. ) ;
#8239 = CIRCLE ( 'NONE', #3444, 0.09999999999999911737 ) ;
#8240 = STYLED_ITEM ( 'NONE', ( #2404 ), #3505 ) ;
#8241 = SURFACE_STYLE_FILL_AREA ( #8294 ) ;
#8242 = LINE ( 'NONE', #193, #3871 ) ;
#8243 = SURFACE_STYLE_FILL_AREA ( #8141 ) ;
#8244 = LINE ( 'NONE', #404, #130 ) ;
#8245 =( GEOMETRIC_REPRESENTATION_CONTEXT ( 3 ) GLOBAL_UNCERTAINTY_ASSIGNED_CONTEXT ( ( #6640 ) ) GLOBAL_UNIT_ASSIGNED_CONTEXT ( ( #9520, #807, #5579 ) ) REPRESENTATION_CONTEXT ( 'NONE', 'WORKASPACE' ) );
#8246 = VECTOR ( 'NONE', #5839, 1000.000000000000000 ) ;
#8247 = ORIENTED_EDGE ( 'NONE', *, *, #3773, .T. ) ;
#8248 = ORIENTED_EDGE ( 'NONE', *, *, #5672, .T. ) ;
#8249 = ADVANCED_FACE ( 'NONE', ( #5772 ), #8941, .F. ) ;
#8250 = CARTESIAN_POINT ( 'NONE',  ( 4.494557450338589888, 0.8550000000000007594, 0.2999999999999988787 ) ) ;
#8251 = ADVANCED_FACE ( 'NONE', ( #2572 ), #8892, .T. ) ;
#8252 = ORIENTED_EDGE ( 'NONE', *, *, #3770, .F. ) ;
#8253 = CARTESIAN_POINT ( 'NONE',  ( -5.149999999999999467, -0.4149999999999995914, 0.0000000000000000000 ) ) ;
#8254 = DIRECTION ( 'NONE',  ( -0.2588190451025213501, 0.0000000000000000000, -0.9659258262890680902 ) ) ;
#8255 = ORIENTED_EDGE ( 'NONE', *, *, #8638, .F. ) ;
#8256 = CARTESIAN_POINT ( 'NONE',  ( 3.899999999999999911, 4.225000000000000533, 1.600000000000000089 ) ) ;
#8257 =( LENGTH_UNIT ( ) NAMED_UNIT ( * ) SI_UNIT ( .MILLI., .METRE. ) );
#8258 = EDGE_CURVE ( 'NONE', #190, #1568, #9170, .T. ) ;
#8259 = EDGE_CURVE ( 'NONE', #9128, #6630, #2381, .T. ) ;
#8260 = EDGE_LOOP ( 'NONE', ( #3879, #4844, #2029, #5052 ) ) ;
#8261 = CARTESIAN_POINT ( 'NONE',  ( -3.749999999999998668, -5.099999999999999645, 1.600000000000000089 ) ) ;
#8262 = STYLED_ITEM ( 'NONE', ( #769 ), #4770 ) ;
#8263 = DIRECTION ( 'NONE',  ( 0.2588190451025213501, -0.0000000000000000000, 0.9659258262890680902 ) ) ;
#8264 =( NAMED_UNIT ( * ) SI_UNIT ( $, .STERADIAN. ) SOLID_ANGLE_UNIT ( ) );
#8265 = VERTEX_POINT ( 'NONE', #2765 ) ;
#8266 = DIRECTION ( 'NONE',  ( -0.0000000000000000000, -1.000000000000000000, -0.0000000000000000000 ) ) ;
#8267 = DIRECTION ( 'NONE',  ( 2.451907390652843255E-15, 0.0000000000000000000, -1.000000000000000000 ) ) ;
#8268 = PRESENTATION_LAYER_ASSIGNMENT (  '', '', ( #2477 ) ) ;
#8269 = CARTESIAN_POINT ( 'NONE',  ( 3.390896534380865468, 4.950000000000000178, 3.500000000000000000 ) ) ;
#8270 = PRESENTATION_STYLE_ASSIGNMENT (( #5103 ) ) ;
#8271 = FILL_AREA_STYLE_COLOUR ( '', #6931 ) ;
#8272 = EDGE_CURVE ( 'NONE', #7769, #9344, #2925, .T. ) ;
#8273 = ORIENTED_EDGE ( 'NONE', *, *, #4492, .T. ) ;
#8274 = FACE_OUTER_BOUND ( 'NONE', #3934, .T. ) ;
#8275 =( NAMED_UNIT ( * ) PLANE_ANGLE_UNIT ( ) SI_UNIT ( $, .RADIAN. ) );
#8276 = FILL_AREA_STYLE ('',( #4955 ) ) ;
#8277 = AXIS2_PLACEMENT_3D ( 'NONE', #1730, #8629, #4837 ) ;
#8278 = LINE ( 'NONE', #6707, #5496 ) ;
#8279 = CARTESIAN_POINT ( 'NONE',  ( 4.494557450338589000, 4.225000000000000533, 0.2999999999999988787 ) ) ;
#8280 = FILL_AREA_STYLE_COLOUR ( '', #996 ) ;
#8281 = UNCERTAINTY_MEASURE_WITH_UNIT (LENGTH_MEASURE( 1.000000000000000082E-05 ), #716, 'distance_accuracy_value', 'NONE');
#8282 = VECTOR ( 'NONE', #9957, 1000.000000000000000 ) ;
#8283 = FACE_OUTER_BOUND ( 'NONE', #8441, .T. ) ;
#8284 = DIRECTION ( 'NONE',  ( 0.0000000000000000000, 0.0000000000000000000, -1.000000000000000000 ) ) ;
#8285 = VECTOR ( 'NONE', #9032, 1000.000000000000000 ) ;
#8286 = CARTESIAN_POINT ( 'NONE',  ( -3.800269556891264777, -3.394999999999999574, 1.732440418475947208 ) ) ;
#8287 = LINE ( 'NONE', #9777, #2310 ) ;
#8288 = VERTEX_POINT ( 'NONE', #5301 ) ;
#8289 = CARTESIAN_POINT ( 'NONE',  ( 5.150000000000002132, -2.954999999999999183, 0.0000000000000000000 ) ) ;
#8290 = CARTESIAN_POINT ( 'NONE',  ( 5.150000000000002132, -3.394999999999999574, 0.2000000000000016764 ) ) ;
#8291 = ORIENTED_EDGE ( 'NONE', *, *, #3011, .T. ) ;
#8292 = VECTOR ( 'NONE', #3094, 1000.000000000000000 ) ;
#8293 = CIRCLE ( 'NONE', #2177, 0.1499999999999995226 ) ;
#8294 = FILL_AREA_STYLE ('',( #5072 ) ) ;
#8295 = SURFACE_STYLE_USAGE ( .BOTH. , #9073 ) ;
#8296 = CYLINDRICAL_SURFACE ( 'NONE', #3893, 0.2999999999999983791 ) ;
#8297 = UNCERTAINTY_MEASURE_WITH_UNIT (LENGTH_MEASURE( 1.000000000000000082E-05 ), #7535, 'distance_accuracy_value', 'NONE');
#8298 = AXIS2_PLACEMENT_3D ( 'NONE', #4149, #2705, #153 ) ;
#8299 = ORIENTED_EDGE ( 'NONE', *, *, #6298, .F. ) ;
#8300 = VECTOR ( 'NONE', #5162, 1000.000000000000000 ) ;
#8301 = FILL_AREA_STYLE_COLOUR ( '', #2558 ) ;
#8302 = ORIENTED_EDGE ( 'NONE', *, *, #1414, .T. ) ;
#8303 = UNCERTAINTY_MEASURE_WITH_UNIT (LENGTH_MEASURE( 1.000000000000000082E-05 ), #9722, 'distance_accuracy_value', 'NONE');
#8304 = VERTEX_POINT ( 'NONE', #5248 ) ;
#8305 = ORIENTED_EDGE ( 'NONE', *, *, #8506, .T. ) ;
#8306 = PRESENTATION_STYLE_ASSIGNMENT (( #4545 ) ) ;
#8307 = ORIENTED_EDGE ( 'NONE', *, *, #3067, .F. ) ;
#8308 = UNCERTAINTY_MEASURE_WITH_UNIT (LENGTH_MEASURE( 1.000000000000000082E-05 ), #4650, 'distance_accuracy_value', 'NONE');
#8309 = CARTESIAN_POINT ( 'NONE',  ( 3.888707005762189528, 4.665000000000000924, 1.432440418475947386 ) ) ;
#8310 = EDGE_CURVE ( 'NONE', #190, #8642, #6644, .T. ) ;
#8311 = SURFACE_STYLE_USAGE ( .BOTH. , #7539 ) ;
#8312 = DIRECTION ( 'NONE',  ( 0.0000000000000000000, 1.000000000000000000, -0.0000000000000000000 ) ) ;
#8313 = ORIENTED_EDGE ( 'NONE', *, *, #263, .T. ) ;
#8314 =( NAMED_UNIT ( * ) SI_UNIT ( $, .STERADIAN. ) SOLID_ANGLE_UNIT ( ) );
#8315 = UNCERTAINTY_MEASURE_WITH_UNIT (LENGTH_MEASURE( 1.000000000000000082E-05 ), #9403, 'distance_accuracy_value', 'NONE');
#8316 =( NAMED_UNIT ( * ) SI_UNIT ( $, .STERADIAN. ) SOLID_ANGLE_UNIT ( ) );
#8317 = EDGE_CURVE ( 'NONE', #188, #6681, #3557, .T. ) ;
#8318 = EDGE_CURVE ( 'NONE', #9962, #3496, #10157, .T. ) ;
#8319 = VECTOR ( 'NONE', #4930, 1000.000000000000000 ) ;
#8320 = SURFACE_STYLE_USAGE ( .BOTH. , #2002 ) ;
#8321 = PRESENTATION_STYLE_ASSIGNMENT (( #9861 ) ) ;
#8322 =( NAMED_UNIT ( * ) SI_UNIT ( $, .STERADIAN. ) SOLID_ANGLE_UNIT ( ) );
#8323 = EDGE_CURVE ( 'NONE', #7867, #7782, #7546, .T. ) ;
#8324 = VECTOR ( 'NONE', #1747, 1000.000000000000000 ) ;
#8325 = LINE ( 'NONE', #2208, #2379 ) ;
#8326 = CARTESIAN_POINT ( 'NONE',  ( -3.990737311234598295, 0.8550000000000007594, 1.429674850314565093 ) ) ;
#8327 = ORIENTED_EDGE ( 'NONE', *, *, #3578, .T. ) ;
#8328 = DIRECTION ( 'NONE',  ( 0.9848077530122065770, -0.0000000000000000000, 0.1736481776669387689 ) ) ;
#8329 =( LENGTH_UNIT ( ) NAMED_UNIT ( * ) SI_UNIT ( .MILLI., .METRE. ) );
#8330 = CARTESIAN_POINT ( 'NONE',  ( 3.990737311234599183, 3.395000000000000462, 1.429674850314564205 ) ) ;
#8331 = CARTESIAN_POINT ( 'NONE',  ( -3.868266076183283886, -1.684999999999999831, 1.408079867214329095 ) ) ;
#8332 = COLOUR_RGB ( '',0.7529411764705882248, 0.7529411764705882248, 0.7529411764705882248 ) ;
#8333 = DIRECTION ( 'NONE',  ( 1.000000000000000000, 0.0000000000000000000, 4.342151275111226558E-15 ) ) ;
#8334 = LINE ( 'NONE', #9213, #848 ) ;
#8335 = MECHANICAL_DESIGN_GEOMETRIC_PRESENTATION_REPRESENTATION (  '', ( #9972 ), #46 ) ;
#8336 = EDGE_CURVE ( 'NONE', #6129, #2967, #8467, .T. ) ;
#8337 = PRESENTATION_LAYER_ASSIGNMENT (  '', '', ( #7991 ) ) ;
#8338 =( LENGTH_UNIT ( ) NAMED_UNIT ( * ) SI_UNIT ( .MILLI., .METRE. ) );
#8339 = CYLINDRICAL_SURFACE ( 'NONE', #6088, 0.2999999999999999889 ) ;
#8340 =( LENGTH_UNIT ( ) NAMED_UNIT ( * ) SI_UNIT ( .MILLI., .METRE. ) );
#8341 = ORIENTED_EDGE ( 'NONE', *, *, #5405, .F. ) ;
#8342 = VERTEX_POINT ( 'NONE', #2719 ) ;
#8343 = AXIS2_PLACEMENT_3D ( 'NONE', #6736, #2861, #5975 ) ;
#8344 = VECTOR ( 'NONE', #6225, 1000.000000000000000 ) ;
#8345 = DIRECTION ( 'NONE',  ( -0.2588190451025212946, 0.0000000000000000000, 0.9659258262890680902 ) ) ;
#8346 = CARTESIAN_POINT ( 'NONE',  ( 3.888707005762190860, -2.125000000000000000, 1.432440418475947386 ) ) ;
#8347 = LINE ( 'NONE', #7665, #8817 ) ;
#8348 = FACE_OUTER_BOUND ( 'NONE', #7035, .T. ) ;
#8349 = ORIENTED_EDGE ( 'NONE', *, *, #4435, .T. ) ;
#8350 = PRESENTATION_LAYER_ASSIGNMENT (  '', '', ( #7011 ) ) ;
#8351 =( LENGTH_UNIT ( ) NAMED_UNIT ( * ) SI_UNIT ( .MILLI., .METRE. ) );
#8352 = EDGE_CURVE ( 'NONE', #2786, #1732, #2044, .T. ) ;
#8353 = CARTESIAN_POINT ( 'NONE',  ( 4.494557450338587223, -2.954999999999999183, 5.421010862427522170E-16 ) ) ;
#8354 = DIRECTION ( 'NONE',  ( 0.1736481776669393240, -0.0000000000000000000, 0.9848077530122063550 ) ) ;
#8355 = DIRECTION ( 'NONE',  ( 1.000000000000000000, 0.0000000000000000000, 2.451907390652843649E-15 ) ) ;
#8356 = COLOUR_RGB ( '',0.7529411764705882248, 0.7529411764705882248, 0.7529411764705882248 ) ;
#8357 = DIRECTION ( 'NONE',  ( -0.1736481776669387411, -0.0000000000000000000, 0.9848077530122064660 ) ) ;
#8358 = AXIS2_PLACEMENT_3D ( 'NONE', #7577, #9890, #5963 ) ;
#8359 = VERTEX_POINT ( 'NONE', #9806 ) ;
#8360 = ORIENTED_EDGE ( 'NONE', *, *, #7924, .F. ) ;
#8361 = COLOUR_RGB ( '',0.7529411764705882248, 0.7529411764705882248, 0.7529411764705882248 ) ;
#8362 = VERTEX_POINT ( 'NONE', #9859 ) ;
#8363 = MECHANICAL_DESIGN_GEOMETRIC_PRESENTATION_REPRESENTATION (  '', ( #2072 ), #1407 ) ;
#8364 =( GEOMETRIC_REPRESENTATION_CONTEXT ( 3 ) GLOBAL_UNCERTAINTY_ASSIGNED_CONTEXT ( ( #1746 ) ) GLOBAL_UNIT_ASSIGNED_CONTEXT ( ( #1374, #2367, #4627 ) ) REPRESENTATION_CONTEXT ( 'NONE', 'WORKASPACE' ) );
#8365 = ORIENTED_EDGE ( 'NONE', *, *, #7429, .T. ) ;
#8366 = DIRECTION ( 'NONE',  ( -0.1736481776669387411, -0.0000000000000000000, 0.9848077530122064660 ) ) ;
#8367 = ORIENTED_EDGE ( 'NONE', *, *, #4311, .F. ) ;
#8368 = DIRECTION ( 'NONE',  ( 0.0000000000000000000, 0.0000000000000000000, -1.000000000000000000 ) ) ;
#8369 = ADVANCED_FACE ( 'NONE', ( #6794 ), #9953, .T. ) ;
#8370 = VECTOR ( 'NONE', #1170, 1000.000000000000000 ) ;
#8371 =( GEOMETRIC_REPRESENTATION_CONTEXT ( 3 ) GLOBAL_UNCERTAINTY_ASSIGNED_CONTEXT ( ( #7650 ) ) GLOBAL_UNIT_ASSIGNED_CONTEXT ( ( #9504, #8889, #8112 ) ) REPRESENTATION_CONTEXT ( 'NONE', 'WORKASPACE' ) );
#8372 = DIRECTION ( 'NONE',  ( -0.0000000000000000000, -1.000000000000000000, -0.0000000000000000000 ) ) ;
#8373 = CARTESIAN_POINT ( 'NONE',  ( 3.881702402145740471, 0.4150000000000004241, 1.531712435151438845 ) ) ;
#8374 = SURFACE_STYLE_USAGE ( .BOTH. , #6959 ) ;
#8375 = ORIENTED_EDGE ( 'NONE', *, *, #7185, .T. ) ;
#8376 = SURFACE_SIDE_STYLE ('',( #5205 ) ) ;
#8377 = LINE ( 'NONE', #2728, #8864 ) ;
#8378 = EDGE_CURVE ( 'NONE', #9739, #5057, #884, .T. ) ;
#8379 = CARTESIAN_POINT ( 'NONE',  ( -4.494557450338587223, -3.394999999999999574, 0.2000000000000008993 ) ) ;
#8380 = LINE ( 'NONE', #2826, #9629 ) ;
#8381 = EDGE_CURVE ( 'NONE', #1044, #9182, #4736, .T. ) ;
#8382 = CARTESIAN_POINT ( 'NONE',  ( -3.881702402145738695, -4.224999999999999645, 1.531712435151439733 ) ) ;
#8383 = EDGE_CURVE ( 'NONE', #599, #2088, #11, .T. ) ;
#8384 = VECTOR ( 'NONE', #1607, 1000.000000000000000 ) ;
#8385 = SURFACE_STYLE_USAGE ( .BOTH. , #543 ) ;
#8386 =( NAMED_UNIT ( * ) PLANE_ANGLE_UNIT ( ) SI_UNIT ( $, .RADIAN. ) );
#8387 = DIRECTION ( 'NONE',  ( -0.2505628070857321421, -0.2505628070857321976, 0.9351131265310291818 ) ) ;
#8388 = VECTOR ( 'NONE', #10250, 1000.000000000000000 ) ;
#8389 = VERTEX_POINT ( 'NONE', #3964 ) ;
#8390 = VERTEX_POINT ( 'NONE', #3030 ) ;
#8391 = SURFACE_STYLE_FILL_AREA ( #3524 ) ;
#8392 = ADVANCED_FACE ( 'NONE', ( #6246 ), #6899, .F. ) ;
#8393 = DIRECTION ( 'NONE',  ( 0.0000000000000000000, 0.0000000000000000000, -1.000000000000000000 ) ) ;
#8394 = EDGE_CURVE ( 'NONE', #1941, #6630, #7848, .T. ) ;
#8395 = CARTESIAN_POINT ( 'NONE',  ( 3.864512696824130789, -0.1300000000000007816, 1.732440418475946542 ) ) ;
#8396 = DIRECTION ( 'NONE',  ( -1.000000000000000000, 0.0000000000000000000, 2.605290765066735304E-15 ) ) ;
#8397 = FILL_AREA_STYLE ('',( #10243 ) ) ;
#8398 = ORIENTED_EDGE ( 'NONE', *, *, #3896, .F. ) ;
#8399 =( GEOMETRIC_REPRESENTATION_CONTEXT ( 3 ) GLOBAL_UNCERTAINTY_ASSIGNED_CONTEXT ( ( #4254 ) ) GLOBAL_UNIT_ASSIGNED_CONTEXT ( ( #4981, #250, #7374 ) ) REPRESENTATION_CONTEXT ( 'NONE', 'WORKASPACE' ) );
#8400 = VECTOR ( 'NONE', #4020, 1000.000000000000000 ) ;
#8401 = EDGE_LOOP ( 'NONE', ( #9082, #8146, #5732, #7582, #1128, #1815, #8327, #5278, #1643, #5739, #5861, #78 ) ) ;
#8402 = PRESENTATION_STYLE_ASSIGNMENT (( #8203 ) ) ;
#8403 = EDGE_LOOP ( 'NONE', ( #9385, #7277, #2253, #7639 ) ) ;
#8404 = MECHANICAL_DESIGN_GEOMETRIC_PRESENTATION_REPRESENTATION (  '', ( #7594 ), #4940 ) ;
#8405 =( LENGTH_UNIT ( ) NAMED_UNIT ( * ) SI_UNIT ( .MILLI., .METRE. ) );
#8406 = AXIS2_PLACEMENT_3D ( 'NONE', #911, #9462, #1531 ) ;
#8407 = ORIENTED_EDGE ( 'NONE', *, *, #2674, .F. ) ;
#8408 = FACE_OUTER_BOUND ( 'NONE', #9858, .T. ) ;
#8409 = LINE ( 'NONE', #9946, #1781 ) ;
#8410 = ORIENTED_EDGE ( 'NONE', *, *, #8851, .T. ) ;
#8411 =( NAMED_UNIT ( * ) PLANE_ANGLE_UNIT ( ) SI_UNIT ( $, .RADIAN. ) );
#8412 = DIRECTION ( 'NONE',  ( 1.000000000000000000, 0.0000000000000000000, 0.0000000000000000000 ) ) ;
#8413 = SURFACE_STYLE_USAGE ( .BOTH. , #2041 ) ;
#8414 = PRESENTATION_LAYER_ASSIGNMENT (  '', '', ( #9070 ) ) ;
#8415 = COLOUR_RGB ( '',0.7529411764705882248, 0.7529411764705882248, 0.7529411764705882248 ) ;
#8416 = VERTEX_POINT ( 'NONE', #4567 ) ;
#8417 =( LENGTH_UNIT ( ) NAMED_UNIT ( * ) SI_UNIT ( .MILLI., .METRE. ) );
#8418 = DIRECTION ( 'NONE',  ( 0.0000000000000000000, 0.0000000000000000000, -1.000000000000000000 ) ) ;
#8419 = DIRECTION ( 'NONE',  ( 0.0000000000000000000, 0.0000000000000000000, 1.000000000000000000 ) ) ;
#8420 = PRESENTATION_LAYER_ASSIGNMENT (  '', '', ( #5936 ) ) ;
#8421 = MECHANICAL_DESIGN_GEOMETRIC_PRESENTATION_REPRESENTATION (  '', ( #5939 ), #7772 ) ;
#8422 = ORIENTED_EDGE ( 'NONE', *, *, #2624, .T. ) ;
#8423 = CARTESIAN_POINT ( 'NONE',  ( -4.184149331665848237, 2.125000000000000444, 1.484534871776029163 ) ) ;
#8424 = CARTESIAN_POINT ( 'NONE',  ( 4.494557450338586335, -0.4149999999999995914, 5.421010862427522170E-16 ) ) ;
#8425 = DIRECTION ( 'NONE',  ( 0.0000000000000000000, 1.000000000000000000, 0.0000000000000000000 ) ) ;
#8426 = LINE ( 'NONE', #2110, #1580 ) ;
#8427 = CYLINDRICAL_SURFACE ( 'NONE', #3625, 0.1243605512616186154 ) ;
#8428 =( NAMED_UNIT ( * ) SI_UNIT ( $, .STERADIAN. ) SOLID_ANGLE_UNIT ( ) );
#8429 = AXIS2_PLACEMENT_3D ( 'NONE', #2472, #3321, #5680 ) ;
#8430 = FILL_AREA_STYLE ('',( #6099 ) ) ;
#8431 = LINE ( 'NONE', #8481, #4011 ) ;
#8432 = ORIENTED_EDGE ( 'NONE', *, *, #9961, .T. ) ;
#8433 = ORIENTED_EDGE ( 'NONE', *, *, #4324, .T. ) ;
#8434 =( GEOMETRIC_REPRESENTATION_CONTEXT ( 3 ) GLOBAL_UNCERTAINTY_ASSIGNED_CONTEXT ( ( #6449 ) ) GLOBAL_UNIT_ASSIGNED_CONTEXT ( ( #271, #4950, #374 ) ) REPRESENTATION_CONTEXT ( 'NONE', 'WORKASPACE' ) );
#8435 = ADVANCED_FACE ( 'NONE', ( #631 ), #683, .F. ) ;
#8436 = LINE ( 'NONE', #1442, #5881 ) ;
#8437 = LINE ( 'NONE', #2948, #7197 ) ;
#8438 = PRESENTATION_STYLE_ASSIGNMENT (( #5275 ) ) ;
#8439 = FACE_OUTER_BOUND ( 'NONE', #8010, .T. ) ;
#8440 = LINE ( 'NONE', #6160, #9129 ) ;
#8441 = EDGE_LOOP ( 'NONE', ( #5779, #1969, #942, #7903, #5005, #1349, #8560, #4402, #5967, #1441, #9348, #10213 ) ) ;
#8442 = CARTESIAN_POINT ( 'NONE',  ( -3.868266076183285218, 4.665000000000000924, 1.408079867214329095 ) ) ;
#8443 = STYLED_ITEM ( 'NONE', ( #6308 ), #6526 ) ;
#8445 = EDGE_CURVE ( 'NONE', #7510, #9030, #4986, .T. ) ;
#8444 =( LENGTH_UNIT ( ) NAMED_UNIT ( * ) SI_UNIT ( .MILLI., .METRE. ) );
#8446 = EDGE_CURVE ( 'NONE', #4294, #9447, #4002, .T. ) ;
#8447 =( LENGTH_UNIT ( ) NAMED_UNIT ( * ) SI_UNIT ( .MILLI., .METRE. ) );
#8448 = DIRECTION ( 'NONE',  ( -0.0000000000000000000, -1.000000000000000000, -0.0000000000000000000 ) ) ;
#8449 = CARTESIAN_POINT ( 'NONE',  ( -3.899999999999999467, 2.125000000000000444, 1.600000000000000089 ) ) ;
#8450 = DIRECTION ( 'NONE',  ( -1.314184451497581259E-16, 1.000000000000000000, -0.0000000000000000000 ) ) ;
#8451 = VECTOR ( 'NONE', #4103, 1000.000000000000000 ) ;
#8452 = VECTOR ( 'NONE', #3529, 1000.000000000000000 ) ;
#8453 = ORIENTED_EDGE ( 'NONE', *, *, #4184, .T. ) ;
#8454 = ORIENTED_EDGE ( 'NONE', *, *, #9823, .F. ) ;
#8455 = EDGE_CURVE ( 'NONE', #5762, #5190, #8825, .T. ) ;
#8456 = VECTOR ( 'NONE', #3842, 1000.000000000000000 ) ;
#8457 =( LENGTH_UNIT ( ) NAMED_UNIT ( * ) SI_UNIT ( .MILLI., .METRE. ) );
#8458 = ORIENTED_EDGE ( 'NONE', *, *, #7636, .T. ) ;
#8459 = SURFACE_SIDE_STYLE ('',( #10010 ) ) ;
#8460 =( NAMED_UNIT ( * ) SI_UNIT ( $, .STERADIAN. ) SOLID_ANGLE_UNIT ( ) );
#8461 = ORIENTED_EDGE ( 'NONE', *, *, #8502, .F. ) ;
#8462 = DIRECTION ( 'NONE',  ( 1.000000000000000000, 0.0000000000000000000, 4.342151275111226558E-15 ) ) ;
#8463 = PRESENTATION_STYLE_ASSIGNMENT (( #4462 ) ) ;
#8464 = PRESENTATION_STYLE_ASSIGNMENT (( #8413 ) ) ;
#8465 = STYLED_ITEM ( 'NONE', ( #4136 ), #7134 ) ;
#8466 = VERTEX_POINT ( 'NONE', #9641 ) ;
#8467 = LINE ( 'NONE', #6694, #8169 ) ;
#8468 = DIRECTION ( 'NONE',  ( 0.0000000000000000000, 1.000000000000000000, -0.0000000000000000000 ) ) ;
#8469 = EDGE_CURVE ( 'NONE', #431, #515, #1034, .T. ) ;
#8470 =( NAMED_UNIT ( * ) PLANE_ANGLE_UNIT ( ) SI_UNIT ( $, .RADIAN. ) );
#8471 = CARTESIAN_POINT ( 'NONE',  ( -4.494557450338584559, -0.4149999999999995914, 1.680513367352531873E-15 ) ) ;
#8472 = CARTESIAN_POINT ( 'NONE',  ( -4.184149331665849125, 2.955000000000000071, 1.484534871776029163 ) ) ;
#8473 = ORIENTED_EDGE ( 'NONE', *, *, #3278, .F. ) ;
#8474 = SURFACE_STYLE_USAGE ( .BOTH. , #8530 ) ;
#8475 = SURFACE_SIDE_STYLE ('',( #2932 ) ) ;
#8476 =( NAMED_UNIT ( * ) PLANE_ANGLE_UNIT ( ) SI_UNIT ( $, .RADIAN. ) );
#8477 = LINE ( 'NONE', #7712, #6985 ) ;
#8478 = STYLED_ITEM ( 'NONE', ( #6564 ), #7492 ) ;
#8479 = VECTOR ( 'NONE', #9977, 1000.000000000000000 ) ;
#8480 = PLANE ( 'NONE',  #8076 ) ;
#8481 = CARTESIAN_POINT ( 'NONE',  ( -3.899999999999999467, 1.685000000000000275, 1.600000000000000089 ) ) ;
#8482 = DIRECTION ( 'NONE',  ( 0.1736481776669393240, -0.0000000000000000000, 0.9848077530122063550 ) ) ;
#8483 = EDGE_LOOP ( 'NONE', ( #554, #5351, #702, #8410 ) ) ;
#8484 = VERTEX_POINT ( 'NONE', #1628 ) ;
#8485 = ORIENTED_EDGE ( 'NONE', *, *, #6354, .T. ) ;
#8486 = DIRECTION ( 'NONE',  ( 0.0000000000000000000, 0.0000000000000000000, -1.000000000000000000 ) ) ;
#8487 =( LENGTH_UNIT ( ) NAMED_UNIT ( * ) SI_UNIT ( .MILLI., .METRE. ) );
#8488 = SURFACE_STYLE_FILL_AREA ( #9320 ) ;
#8489 = ORIENTED_EDGE ( 'NONE', *, *, #1344, .F. ) ;
#8490 = SURFACE_STYLE_FILL_AREA ( #10042 ) ;
#8491 = AXIS2_PLACEMENT_3D ( 'NONE', #7531, #3541, #412 ) ;
#8492 = ADVANCED_FACE ( 'NONE', ( #1777 ), #253, .F. ) ;
#8493 =( NAMED_UNIT ( * ) SI_UNIT ( $, .STERADIAN. ) SOLID_ANGLE_UNIT ( ) );
#8494 = DIRECTION ( 'NONE',  ( 0.0000000000000000000, 0.0000000000000000000, -1.000000000000000000 ) ) ;
#8495 =( GEOMETRIC_REPRESENTATION_CONTEXT ( 3 ) GLOBAL_UNCERTAINTY_ASSIGNED_CONTEXT ( ( #6838 ) ) GLOBAL_UNIT_ASSIGNED_CONTEXT ( ( #8444, #697, #2846 ) ) REPRESENTATION_CONTEXT ( 'NONE', 'WORKASPACE' ) );
#8496 = PRESENTATION_STYLE_ASSIGNMENT (( #6169 ) ) ;
#8497 = AXIS2_PLACEMENT_3D ( 'NONE', #6933, #3069, #664 ) ;
#8498 = CARTESIAN_POINT ( 'NONE',  ( 3.900000000000001243, -2.125000000000000000, 1.600000000000000089 ) ) ;
#8499 = CARTESIAN_POINT ( 'NONE',  ( -3.800269556891265221, -0.8549999999999998712, 1.732440418475947208 ) ) ;
#8500 = VECTOR ( 'NONE', #7012, 1000.000000000000000 ) ;
#8501 = ORIENTED_EDGE ( 'NONE', *, *, #584, .F. ) ;
#8502 = EDGE_CURVE ( 'NONE', #3551, #739, #7945, .T. ) ;
#8503 = STYLED_ITEM ( 'NONE', ( #3387 ), #2543 ) ;
#8504 = FACE_OUTER_BOUND ( 'NONE', #533, .T. ) ;
#8505 = UNCERTAINTY_MEASURE_WITH_UNIT (LENGTH_MEASURE( 1.000000000000000082E-05 ), #5588, 'distance_accuracy_value', 'NONE');
#8506 = EDGE_CURVE ( 'NONE', #3608, #9128, #938, .T. ) ;
#8507 = ORIENTED_EDGE ( 'NONE', *, *, #4714, .F. ) ;
#8508 = VECTOR ( 'NONE', #1577, 1000.000000000000000 ) ;
#8509 = SURFACE_STYLE_USAGE ( .BOTH. , #2036 ) ;
#8510 = ORIENTED_EDGE ( 'NONE', *, *, #6164, .T. ) ;
#8511 = CARTESIAN_POINT ( 'NONE',  ( -4.494557450338588112, -2.125000000000000000, 0.3000000000000000444 ) ) ;
#8512 = VECTOR ( 'NONE', #7885, 1000.000000000000000 ) ;
#8513 = CARTESIAN_POINT ( 'NONE',  ( 3.900000000000000355, 1.685000000000000275, 1.600000000000000089 ) ) ;
#8514 = ORIENTED_EDGE ( 'NONE', *, *, #8963, .T. ) ;
#8515 = VECTOR ( 'NONE', #3115, 1000.000000000000000 ) ;
#8516 = EDGE_CURVE ( 'NONE', #6125, #4245, #4186, .T. ) ;
#8517 = CARTESIAN_POINT ( 'NONE',  ( 3.881702402145740027, 2.125000000000000444, 1.531712435151438845 ) ) ;
#8518 = ORIENTED_EDGE ( 'NONE', *, *, #6344, .T. ) ;
#8519 = SURFACE_STYLE_USAGE ( .BOTH. , #5560 ) ;
#8520 = AXIS2_PLACEMENT_3D ( 'NONE', #6495, #8107, #6447 ) ;
#8521 =( GEOMETRIC_REPRESENTATION_CONTEXT ( 3 ) GLOBAL_UNCERTAINTY_ASSIGNED_CONTEXT ( ( #5709 ) ) GLOBAL_UNIT_ASSIGNED_CONTEXT ( ( #8950, #5888, #5158 ) ) REPRESENTATION_CONTEXT ( 'NONE', 'WORKASPACE' ) );
#8522 = MECHANICAL_DESIGN_GEOMETRIC_PRESENTATION_REPRESENTATION (  '', ( #228 ), #2245 ) ;
#8523 = AXIS2_PLACEMENT_3D ( 'NONE', #9057, #2057, #7556 ) ;
#8524 = FACE_OUTER_BOUND ( 'NONE', #7115, .T. ) ;
#8525 = SURFACE_SIDE_STYLE ('',( #6904 ) ) ;
#8526 = DIRECTION ( 'NONE',  ( 0.1736481776669393240, -0.0000000000000000000, 0.9848077530122063550 ) ) ;
#8527 = EDGE_LOOP ( 'NONE', ( #5875, #9415, #7723, #1300 ) ) ;
#8528 = CIRCLE ( 'NONE', #5878, 0.09999999999999911737 ) ;
#8529 = LINE ( 'NONE', #4626, #3401 ) ;
#8530 = SURFACE_SIDE_STYLE ('',( #4473 ) ) ;
#8531 = EDGE_CURVE ( 'NONE', #2070, #9922, #3397, .T. ) ;
#8532 = CARTESIAN_POINT ( 'NONE',  ( 3.990737311234600959, -4.224999999999999645, 1.429674850314564205 ) ) ;
#8533 = MECHANICAL_DESIGN_GEOMETRIC_PRESENTATION_REPRESENTATION (  '', ( #6696 ), #4887 ) ;
#8534 = CARTESIAN_POINT ( 'NONE',  ( -3.800269556891264333, -4.224999999999999645, 1.732440418475947208 ) ) ;
#8535 = AXIS2_PLACEMENT_3D ( 'NONE', #1011, #1069, #232 ) ;
#8536 =( LENGTH_UNIT ( ) NAMED_UNIT ( * ) SI_UNIT ( .MILLI., .METRE. ) );
#8537 = AXIS2_PLACEMENT_3D ( 'NONE', #7788, #3853, #3082 ) ;
#8538 = CARTESIAN_POINT ( 'NONE',  ( 4.494557450338589888, -0.4149999999999995914, 0.2999999999999988787 ) ) ;
#8539 = ORIENTED_EDGE ( 'NONE', *, *, #700, .T. ) ;
#8540 = ORIENTED_EDGE ( 'NONE', *, *, #1992, .F. ) ;
#8541 = CARTESIAN_POINT ( 'NONE',  ( 5.150000000000000355, 4.665000000000000924, 0.0000000000000000000 ) ) ;
#8542 = DIRECTION ( 'NONE',  ( -0.0000000000000000000, -1.000000000000000000, -0.0000000000000000000 ) ) ;
#8543 = LINE ( 'NONE', #9422, #359 ) ;
#8544 = CARTESIAN_POINT ( 'NONE',  ( 4.396076675037370762, -0.4149999999999995914, 0.2826351822333049157 ) ) ;
#8545 = VERTEX_POINT ( 'NONE', #3543 ) ;
#8546 = LINE ( 'NONE', #1393, #2165 ) ;
#8547 = AXIS2_PLACEMENT_3D ( 'NONE', #7884, #3332, #7097 ) ;
#8548 = SURFACE_STYLE_FILL_AREA ( #4651 ) ;
#8549 = VECTOR ( 'NONE', #9984, 1000.000000000000114 ) ;
#8550 = SURFACE_SIDE_STYLE ('',( #5233 ) ) ;
#8551 = SURFACE_SIDE_STYLE ('',( #8602 ) ) ;
#8552 = VERTEX_POINT ( 'NONE', #8253 ) ;
#8553 = DIRECTION ( 'NONE',  ( 0.0000000000000000000, 0.0000000000000000000, 1.000000000000000000 ) ) ;
#8554 = VERTEX_POINT ( 'NONE', #5920 ) ;
#8555 =( LENGTH_UNIT ( ) NAMED_UNIT ( * ) SI_UNIT ( .MILLI., .METRE. ) );
#8556 = ORIENTED_EDGE ( 'NONE', *, *, #1862, .F. ) ;
#8557 = PRESENTATION_STYLE_ASSIGNMENT (( #1299 ) ) ;
#8558 =( LENGTH_UNIT ( ) NAMED_UNIT ( * ) SI_UNIT ( .MILLI., .METRE. ) );
#8559 = CARTESIAN_POINT ( 'NONE',  ( -4.184149331665848237, 0.8550000000000007594, 1.484534871776029163 ) ) ;
#8560 = ORIENTED_EDGE ( 'NONE', *, *, #7896, .F. ) ;
#8561 = EDGE_CURVE ( 'NONE', #3025, #1515, #6523, .T. ) ;
#8562 = DIRECTION ( 'NONE',  ( 0.1736481776669393240, -0.0000000000000000000, 0.9848077530122063550 ) ) ;
#8563 = EDGE_CURVE ( 'NONE', #9550, #6120, #3657, .T. ) ;
#8564 =( NAMED_UNIT ( * ) PLANE_ANGLE_UNIT ( ) SI_UNIT ( $, .RADIAN. ) );
#8565 = EDGE_LOOP ( 'NONE', ( #5341, #1260, #1995, #979, #4752, #2771, #4762, #7486, #3510, #6732, #9558, #3072 ) ) ;
#8566 = ORIENTED_EDGE ( 'NONE', *, *, #6718, .F. ) ;
#8567 = CARTESIAN_POINT ( 'NONE',  ( 4.494557450338590776, -4.665000000000000036, 0.2999999999999988787 ) ) ;
#8568 = AXIS2_PLACEMENT_3D ( 'NONE', #7569, #3635, #2837 ) ;
#8569 = SURFACE_SIDE_STYLE ('',( #3614 ) ) ;
#8570 =( LENGTH_UNIT ( ) NAMED_UNIT ( * ) SI_UNIT ( .MILLI., .METRE. ) );
#8571 = EDGE_CURVE ( 'NONE', #8057, #2069, #6026, .T. ) ;
#8572 = EDGE_CURVE ( 'NONE', #7260, #573, #5811, .T. ) ;
#8573 = SURFACE_SIDE_STYLE ('',( #9399 ) ) ;
#8574 =( NAMED_UNIT ( * ) SI_UNIT ( $, .STERADIAN. ) SOLID_ANGLE_UNIT ( ) );
#8575 = PRESENTATION_STYLE_ASSIGNMENT (( #8374 ) ) ;
#8576 = COLOUR_RGB ( '',0.7529411764705882248, 0.7529411764705882248, 0.7529411764705882248 ) ;
#8577 = VERTEX_POINT ( 'NONE', #4295 ) ;
#8578 = CYLINDRICAL_SURFACE ( 'NONE', #8073, 0.1243605512616186154 ) ;
#8579 = PRESENTATION_LAYER_ASSIGNMENT (  '', '', ( #2780 ) ) ;
#8580 = DIRECTION ( 'NONE',  ( -0.0000000000000000000, -1.000000000000000000, -0.0000000000000000000 ) ) ;
#8581 = PLANE ( 'NONE',  #9354 ) ;
#8582 = PRESENTATION_STYLE_ASSIGNMENT (( #3042 ) ) ;
#8583 = FILL_AREA_STYLE ('',( #9158 ) ) ;
#8584 = STYLED_ITEM ( 'NONE', ( #4203 ), #1010 ) ;
#8585 = PRESENTATION_LAYER_ASSIGNMENT (  '', '', ( #5939 ) ) ;
#8586 = ADVANCED_FACE ( 'NONE', ( #1886 ), #2801, .F. ) ;
#8587 = FILL_AREA_STYLE_COLOUR ( '', #2283 ) ;
#8588 = FILL_AREA_STYLE_COLOUR ( '', #9952 ) ;
#8589 = CARTESIAN_POINT ( 'NONE',  ( -4.184149331665847349, -4.224999999999999645, 1.484534871776029163 ) ) ;
#8590 = ORIENTED_EDGE ( 'NONE', *, *, #7719, .T. ) ;
#8591 = DIRECTION ( 'NONE',  ( -0.2505628070857321421, -0.2505628070857321976, -0.9351131265310291818 ) ) ;
#8592 = ORIENTED_EDGE ( 'NONE', *, *, #10079, .F. ) ;
#8593 = CARTESIAN_POINT ( 'NONE',  ( -5.150000000000000355, 4.665000000000000924, 0.0000000000000000000 ) ) ;
#8594 = SURFACE_STYLE_USAGE ( .BOTH. , #4755 ) ;
#8595 = COLOUR_RGB ( '',0.7529411764705882248, 0.7529411764705882248, 0.7529411764705882248 ) ;
#8596 = PRESENTATION_STYLE_ASSIGNMENT (( #9273 ) ) ;
#8597 = FACE_BOUND ( 'NONE', #494, .T. ) ;
#8598 = CARTESIAN_POINT ( 'NONE',  ( 4.184149331665850013, -1.684999999999999831, 1.484534871776028275 ) ) ;
#8599 = FACE_OUTER_BOUND ( 'NONE', #469, .T. ) ;
#8600 = EDGE_CURVE ( 'NONE', #9447, #2859, #8976, .T. ) ;
#8601 = VECTOR ( 'NONE', #6046, 1000.000000000000000 ) ;
#8602 = SURFACE_STYLE_FILL_AREA ( #5434 ) ;
#8603 = FILL_AREA_STYLE_COLOUR ( '', #7103 ) ;
#8604 = ORIENTED_EDGE ( 'NONE', *, *, #2758, .T. ) ;
#8605 = CARTESIAN_POINT ( 'NONE',  ( -3.868266076183284330, 0.4150000000000004241, 1.408079867214329095 ) ) ;
#8606 = EDGE_LOOP ( 'NONE', ( #9222, #7321, #5188 ) ) ;
#8607 = PRESENTATION_LAYER_ASSIGNMENT (  '', '', ( #8942 ) ) ;
#8608 = SURFACE_STYLE_USAGE ( .BOTH. , #3015 ) ;
#8609 = ORIENTED_EDGE ( 'NONE', *, *, #7680, .F. ) ;
#8610 =( NAMED_UNIT ( * ) SI_UNIT ( $, .STERADIAN. ) SOLID_ANGLE_UNIT ( ) );
#8611 = STYLED_ITEM ( 'NONE', ( #7169 ), #1271 ) ;
#8612 = AXIS2_PLACEMENT_3D ( 'NONE', #6645, #2147, #5302 ) ;
#8613 = MECHANICAL_DESIGN_GEOMETRIC_PRESENTATION_REPRESENTATION (  '', ( #6777 ), #3668 ) ;
#8614 = DIRECTION ( 'NONE',  ( 0.0000000000000000000, 0.0000000000000000000, 1.000000000000000000 ) ) ;
#8615 = FACE_OUTER_BOUND ( 'NONE', #4820, .T. ) ;
#8616 = VERTEX_POINT ( 'NONE', #4246 ) ;
#8617 = CARTESIAN_POINT ( 'NONE',  ( 3.990737311234599183, 3.395000000000000462, 1.429674850314564205 ) ) ;
#8618 = UNCERTAINTY_MEASURE_WITH_UNIT (LENGTH_MEASURE( 1.000000000000000082E-05 ), #5371, 'distance_accuracy_value', 'NONE');
#8619 = CARTESIAN_POINT ( 'NONE',  ( -3.868266076183284330, -0.4149999999999995914, 1.408079867214329095 ) ) ;
#8620 = ORIENTED_EDGE ( 'NONE', *, *, #4890, .T. ) ;
#8621 = SURFACE_SIDE_STYLE ('',( #2256 ) ) ;
#8622 = ORIENTED_EDGE ( 'NONE', *, *, #9013, .F. ) ;
#8623 =( GEOMETRIC_REPRESENTATION_CONTEXT ( 3 ) GLOBAL_UNCERTAINTY_ASSIGNED_CONTEXT ( ( #2400 ) ) GLOBAL_UNIT_ASSIGNED_CONTEXT ( ( #4083, #6472, #3226 ) ) REPRESENTATION_CONTEXT ( 'NONE', 'WORKASPACE' ) );
#8624 = CARTESIAN_POINT ( 'NONE',  ( 3.888707005762190416, 0.4150000000000004241, 1.432440418475947386 ) ) ;
#8625 = EDGE_CURVE ( 'NONE', #5092, #5525, #303, .T. ) ;
#8626 = VERTEX_POINT ( 'NONE', #5086 ) ;
#8627 = SURFACE_STYLE_USAGE ( .BOTH. , #8573 ) ;
#8628 = DIRECTION ( 'NONE',  ( 0.0000000000000000000, -0.0000000000000000000, -1.000000000000000000 ) ) ;
#8629 = DIRECTION ( 'NONE',  ( 0.0000000000000000000, 1.000000000000000000, 0.0000000000000000000 ) ) ;
#8630 = MECHANICAL_DESIGN_GEOMETRIC_PRESENTATION_REPRESENTATION (  '', ( #1507 ), #8964 ) ;
#8631 = VECTOR ( 'NONE', #2954, 1000.000000000000000 ) ;
#8632 = PLANE ( 'NONE',  #5060 ) ;
#8633 = DIRECTION ( 'NONE',  ( -0.0000000000000000000, -1.000000000000000000, -0.0000000000000000000 ) ) ;
#8634 = CARTESIAN_POINT ( 'NONE',  ( -3.899999999999999467, 2.125000000000000444, 1.600000000000000089 ) ) ;
#8635 = CARTESIAN_POINT ( 'NONE',  ( 3.864512696824131233, -3.940000000000000835, 1.732440418475946542 ) ) ;
#8636 = ADVANCED_FACE ( 'NONE', ( #7415 ), #238, .F. ) ;
#8637 = AXIS2_PLACEMENT_3D ( 'NONE', #8646, #5692, #4124 ) ;
#8638 = EDGE_CURVE ( 'NONE', #3762, #1044, #7308, .T. ) ;
#8639 = CARTESIAN_POINT ( 'NONE',  ( 3.800269556891267442, -1.684999999999999831, 1.732440418475946320 ) ) ;
#8640 = LINE ( 'NONE', #7189, #2858 ) ;
#8641 = EDGE_LOOP ( 'NONE', ( #8453, #4361, #5272, #1487 ) ) ;
#8642 = VERTEX_POINT ( 'NONE', #7208 ) ;
#8643 = ORIENTED_EDGE ( 'NONE', *, *, #2860, .T. ) ;
#8644 = DIRECTION ( 'NONE',  ( -0.0000000000000000000, -1.000000000000000000, -0.0000000000000000000 ) ) ;
#8645 = CARTESIAN_POINT ( 'NONE',  ( 3.899999999999999911, 4.949999999999999289, 1.600000000000000089 ) ) ;
#8646 = CARTESIAN_POINT ( 'NONE',  ( -3.868266076183283442, -4.224999999999999645, 1.408079867214329095 ) ) ;
#8647 = EDGE_CURVE ( 'NONE', #61, #10082, #6617, .T. ) ;
#8648 = DIRECTION ( 'NONE',  ( 0.0000000000000000000, 0.0000000000000000000, 1.000000000000000000 ) ) ;
#8649 =( NAMED_UNIT ( * ) SI_UNIT ( $, .STERADIAN. ) SOLID_ANGLE_UNIT ( ) );
#8650 = FILL_AREA_STYLE_COLOUR ( '', #8188 ) ;
#8651 = LINE ( 'NONE', #4715, #4157 ) ;
#8652 = CARTESIAN_POINT ( 'NONE',  ( 5.150000000000001243, -1.684999999999999831, 0.0000000000000000000 ) ) ;
#8653 = ORIENTED_EDGE ( 'NONE', *, *, #2549, .F. ) ;
#8654 = CARTESIAN_POINT ( 'NONE',  ( -4.494557450338588112, -0.4149999999999995914, 0.1999999999999999833 ) ) ;
#8655 = ORIENTED_EDGE ( 'NONE', *, *, #8142, .F. ) ;
#8656 = ADVANCED_FACE ( 'NONE', ( #139 ), #8962, .F. ) ;
#8657 = VERTEX_POINT ( 'NONE', #8808 ) ;
#8658 = VECTOR ( 'NONE', #5410, 1000.000000000000227 ) ;
#8659 = VECTOR ( 'NONE', #2608, 1000.000000000000000 ) ;
#8660 =( GEOMETRIC_REPRESENTATION_CONTEXT ( 3 ) GLOBAL_UNCERTAINTY_ASSIGNED_CONTEXT ( ( #6100 ) ) GLOBAL_UNIT_ASSIGNED_CONTEXT ( ( #6592, #3412, #4944 ) ) REPRESENTATION_CONTEXT ( 'NONE', 'WORKASPACE' ) );
#8661 = CARTESIAN_POINT ( 'NONE',  ( -3.868266076183284774, 3.395000000000000462, 1.408079867214329095 ) ) ;
#8662 = SURFACE_STYLE_FILL_AREA ( #9584 ) ;
#8663 = ORIENTED_EDGE ( 'NONE', *, *, #8787, .F. ) ;
#8664 = PRESENTATION_LAYER_ASSIGNMENT (  '', '', ( #10150 ) ) ;
#8665 = PRESENTATION_LAYER_ASSIGNMENT (  '', '', ( #4497 ) ) ;
#8666 =( LENGTH_UNIT ( ) NAMED_UNIT ( * ) SI_UNIT ( .MILLI., .METRE. ) );
#8667 = ORIENTED_EDGE ( 'NONE', *, *, #6991, .T. ) ;
#8668 = ORIENTED_EDGE ( 'NONE', *, *, #5859, .F. ) ;
#8669 = VECTOR ( 'NONE', #2504, 1000.000000000000000 ) ;
#8670 = LINE ( 'NONE', #4737, #8784 ) ;
#8671 = VECTOR ( 'NONE', #2149, 1000.000000000000227 ) ;
#8672 = AXIS2_PLACEMENT_3D ( 'NONE', #3897, #7056, #3128 ) ;
#8673 = EDGE_LOOP ( 'NONE', ( #4241, #8852, #9483, #4865 ) ) ;
#8674 = STYLED_ITEM ( 'NONE', ( #8496 ), #9524 ) ;
#8675 = PLANE ( 'NONE',  #1201 ) ;
#8676 = DIRECTION ( 'NONE',  ( -0.1736481776669387411, -0.0000000000000000000, 0.9848077530122064660 ) ) ;
#8677 = VECTOR ( 'NONE', #2455, 1000.000000000000000 ) ;
#8678 = DIRECTION ( 'NONE',  ( -0.0000000000000000000, -1.000000000000000000, -0.0000000000000000000 ) ) ;
#8679 = FILL_AREA_STYLE ('',( #6198 ) ) ;
#8680 = MECHANICAL_DESIGN_GEOMETRIC_PRESENTATION_REPRESENTATION (  '', ( #563 ), #3738 ) ;
#8681 = EDGE_CURVE ( 'NONE', #462, #3352, #9015, .T. ) ;
#8682 = SURFACE_SIDE_STYLE ('',( #1590 ) ) ;
#8683 = MECHANICAL_DESIGN_GEOMETRIC_PRESENTATION_REPRESENTATION (  '', ( #3078 ), #6854 ) ;
#8684 = SURFACE_SIDE_STYLE ('',( #2024 ) ) ;
#8685 = DIRECTION ( 'NONE',  ( 1.000000000000000000, -0.0000000000000000000, -2.451907390652843649E-15 ) ) ;
#8686 = FILL_AREA_STYLE_COLOUR ( '', #3951 ) ;
#8687 =( GEOMETRIC_REPRESENTATION_CONTEXT ( 3 ) GLOBAL_UNCERTAINTY_ASSIGNED_CONTEXT ( ( #2200 ) ) GLOBAL_UNIT_ASSIGNED_CONTEXT ( ( #4047, #10220, #1563 ) ) REPRESENTATION_CONTEXT ( 'NONE', 'WORKASPACE' ) );
#8688 = SURFACE_STYLE_FILL_AREA ( #1532 ) ;
#8689 = ORIENTED_EDGE ( 'NONE', *, *, #8957, .T. ) ;
#8690 = ORIENTED_EDGE ( 'NONE', *, *, #7705, .T. ) ;
#8691 = CARTESIAN_POINT ( 'NONE',  ( -3.868266076183284774, 1.685000000000000275, 1.408079867214329095 ) ) ;
#8692 = PRESENTATION_LAYER_ASSIGNMENT (  '', '', ( #2411 ) ) ;
#8693 = ORIENTED_EDGE ( 'NONE', *, *, #9594, .T. ) ;
#8694 = DIRECTION ( 'NONE',  ( 0.0000000000000000000, 1.000000000000000000, 0.0000000000000000000 ) ) ;
#8695 = CARTESIAN_POINT ( 'NONE',  ( -5.149999999999999467, -0.8549999999999998712, 0.0000000000000000000 ) ) ;
#8696 = MECHANICAL_DESIGN_GEOMETRIC_PRESENTATION_REPRESENTATION (  '', ( #2741 ), #3755 ) ;
#8697 =( NAMED_UNIT ( * ) PLANE_ANGLE_UNIT ( ) SI_UNIT ( $, .RADIAN. ) );
#8698 = VECTOR ( 'NONE', #4684, 1000.000000000000000 ) ;
#8699 =( GEOMETRIC_REPRESENTATION_CONTEXT ( 3 ) GLOBAL_UNCERTAINTY_ASSIGNED_CONTEXT ( ( #10020 ) ) GLOBAL_UNIT_ASSIGNED_CONTEXT ( ( #4202, #2808, #2716 ) ) REPRESENTATION_CONTEXT ( 'NONE', 'WORKASPACE' ) );
#8700 = FACE_OUTER_BOUND ( 'NONE', #9488, .T. ) ;
#8701 = SURFACE_SIDE_STYLE ('',( #7926 ) ) ;
#8702 = CARTESIAN_POINT ( 'NONE',  ( 3.864512696824130789, 2.955000000000000071, 1.732440418475946320 ) ) ;
#8703 = ADVANCED_FACE ( 'NONE', ( #4817 ), #8036, .T. ) ;
#8704 =( NAMED_UNIT ( * ) SI_UNIT ( $, .STERADIAN. ) SOLID_ANGLE_UNIT ( ) );
#8705 = EDGE_CURVE ( 'NONE', #1646, #4443, #4278, .T. ) ;
#8706 = ORIENTED_EDGE ( 'NONE', *, *, #5441, .T. ) ;
#8707 = PRESENTATION_LAYER_ASSIGNMENT (  '', '', ( #6237 ) ) ;
#8708 = ORIENTED_EDGE ( 'NONE', *, *, #319, .T. ) ;
#8709 = CARTESIAN_POINT ( 'NONE',  ( 3.864512696824131233, -2.954999999999999183, 1.732440418475946542 ) ) ;
#8710 = VERTEX_POINT ( 'NONE', #9116 ) ;
#8711 = DIRECTION ( 'NONE',  ( 0.0000000000000000000, 0.0000000000000000000, -1.000000000000000000 ) ) ;
#8712 = UNCERTAINTY_MEASURE_WITH_UNIT (LENGTH_MEASURE( 1.000000000000000082E-05 ), #3518, 'distance_accuracy_value', 'NONE');
#8713 = EDGE_CURVE ( 'NONE', #9854, #3551, #6008, .T. ) ;
#8714 = CARTESIAN_POINT ( 'NONE',  ( -3.881702402145738695, -4.664999999999999147, 1.531712435151439733 ) ) ;
#8715 = DIRECTION ( 'NONE',  ( 0.1736481776669387411, 0.0000000000000000000, 0.9848077530122064660 ) ) ;
#8716 =( GEOMETRIC_REPRESENTATION_CONTEXT ( 3 ) GLOBAL_UNCERTAINTY_ASSIGNED_CONTEXT ( ( #7805 ) ) GLOBAL_UNIT_ASSIGNED_CONTEXT ( ( #4077, #1803, #7450 ) ) REPRESENTATION_CONTEXT ( 'NONE', 'WORKASPACE' ) );
#8717 = DIRECTION ( 'NONE',  ( -0.0000000000000000000, -1.000000000000000000, 0.0000000000000000000 ) ) ;
#8718 = SURFACE_STYLE_USAGE ( .BOTH. , #9741 ) ;
#8719 = VERTEX_POINT ( 'NONE', #1971 ) ;
#8720 = ORIENTED_EDGE ( 'NONE', *, *, #6667, .T. ) ;
#8721 = CARTESIAN_POINT ( 'NONE',  ( -3.868266076183284330, 0.8550000000000007594, 1.408079867214329095 ) ) ;
#8722 = CARTESIAN_POINT ( 'NONE',  ( 3.888707005762190860, -2.954999999999999183, 1.732440418475945654 ) ) ;
#8723 = STYLED_ITEM ( 'NONE', ( #1894 ), #146 ) ;
#8724 = VERTEX_POINT ( 'NONE', #2123 ) ;
#8725 =( NAMED_UNIT ( * ) PLANE_ANGLE_UNIT ( ) SI_UNIT ( $, .RADIAN. ) );
#8726 = LINE ( 'NONE', #1478, #1882 ) ;
#8727 = VERTEX_POINT ( 'NONE', #1183 ) ;
#8728 = UNCERTAINTY_MEASURE_WITH_UNIT (LENGTH_MEASURE( 1.000000000000000082E-05 ), #7278, 'distance_accuracy_value', 'NONE');
#8729 =( NAMED_UNIT ( * ) SI_UNIT ( $, .STERADIAN. ) SOLID_ANGLE_UNIT ( ) );
#8730 = PLANE ( 'NONE',  #4222 ) ;
#8731 =( LENGTH_UNIT ( ) NAMED_UNIT ( * ) SI_UNIT ( .MILLI., .METRE. ) );
#8732 = AXIS2_PLACEMENT_3D ( 'NONE', #9470, #6317, #6268 ) ;
#8733 = COLOUR_RGB ( '',0.7529411764705882248, 0.7529411764705882248, 0.7529411764705882248 ) ;
#8734 = LINE ( 'NONE', #267, #9008 ) ;
#8735 = CARTESIAN_POINT ( 'NONE',  ( 4.494557450338586335, 0.8550000000000007594, -1.084202172485504434E-15 ) ) ;
#8736 =( LENGTH_UNIT ( ) NAMED_UNIT ( * ) SI_UNIT ( .MILLI., .METRE. ) );
#8737 = PRESENTATION_LAYER_ASSIGNMENT (  '', '', ( #1958 ) ) ;
#8738 = CARTESIAN_POINT ( 'NONE',  ( 5.150000000000001243, 2.125000000000000444, 0.0000000000000000000 ) ) ;
#8739 =( NAMED_UNIT ( * ) SI_UNIT ( $, .STERADIAN. ) SOLID_ANGLE_UNIT ( ) );
#8740 = ORIENTED_EDGE ( 'NONE', *, *, #4179, .T. ) ;
#8741 = DIRECTION ( 'NONE',  ( -0.0000000000000000000, -1.000000000000000000, -0.0000000000000000000 ) ) ;
#8742 = ORIENTED_EDGE ( 'NONE', *, *, #3954, .F. ) ;
#8743 = LINE ( 'NONE', #5008, #6849 ) ;
#8744 = DIRECTION ( 'NONE',  ( -0.0000000000000000000, -1.000000000000000000, -0.0000000000000000000 ) ) ;
#8745 = STYLED_ITEM ( 'NONE', ( #2717 ), #1016 ) ;
#8746 = VECTOR ( 'NONE', #1163, 1000.000000000000000 ) ;
#8747 = CARTESIAN_POINT ( 'NONE',  ( 3.888707005762190860, -1.684999999999999831, 1.432440418475947386 ) ) ;
#8748 = LINE ( 'NONE', #6517, #6784 ) ;
#8749 =( LENGTH_UNIT ( ) NAMED_UNIT ( * ) SI_UNIT ( .MILLI., .METRE. ) );
#8750 =( NAMED_UNIT ( * ) PLANE_ANGLE_UNIT ( ) SI_UNIT ( $, .RADIAN. ) );
#8751 = EDGE_CURVE ( 'NONE', #1944, #6850, #4717, .T. ) ;
#8752 = CARTESIAN_POINT ( 'NONE',  ( -3.864512696824129456, 2.955000000000000071, 1.732440418475947430 ) ) ;
#8753 = ORIENTED_EDGE ( 'NONE', *, *, #2515, .T. ) ;
#8754 =( NAMED_UNIT ( * ) SI_UNIT ( $, .STERADIAN. ) SOLID_ANGLE_UNIT ( ) );
#8755 = PLANE ( 'NONE',  #3347 ) ;
#8756 = VERTEX_POINT ( 'NONE', #9166 ) ;
#8757 = DIRECTION ( 'NONE',  ( 0.0000000000000000000, 0.0000000000000000000, -1.000000000000000000 ) ) ;
#8758 = SURFACE_STYLE_USAGE ( .BOTH. , #6384 ) ;
#8759 = EDGE_CURVE ( 'NONE', #293, #5992, #1232, .T. ) ;
#8760 = EDGE_CURVE ( 'NONE', #8134, #7918, #9349, .T. ) ;
#8761 = CIRCLE ( 'NONE', #8928, 0.1243605512616186154 ) ;
#8762 = EDGE_CURVE ( 'NONE', #5559, #6639, #4437, .T. ) ;
#8763 = DIRECTION ( 'NONE',  ( 0.0000000000000000000, 1.000000000000000000, 0.0000000000000000000 ) ) ;
#8764 = CARTESIAN_POINT ( 'NONE',  ( -5.149999999999999467, 0.4150000000000004241, 0.0000000000000000000 ) ) ;
#8765 = DIRECTION ( 'NONE',  ( 1.752245935330108921E-16, -1.000000000000000000, -0.0000000000000000000 ) ) ;
#8766 = AXIS2_PLACEMENT_3D ( 'NONE', #2621, #9607, #5054 ) ;
#8767 = COLOUR_RGB ( '',0.7529411764705882248, 0.7529411764705882248, 0.7529411764705882248 ) ;
#8768 = VERTEX_POINT ( 'NONE', #7619 ) ;
#8769 = ORIENTED_EDGE ( 'NONE', *, *, #2867, .T. ) ;
#8770 = EDGE_CURVE ( 'NONE', #8359, #4789, #496, .T. ) ;
#8771 = SURFACE_SIDE_STYLE ('',( #4058 ) ) ;
#8772 = AXIS2_PLACEMENT_3D ( 'NONE', #4428, #7610, #9258 ) ;
#8773 = MECHANICAL_DESIGN_GEOMETRIC_PRESENTATION_REPRESENTATION (  '', ( #6466 ), #1827 ) ;
#8774 = ORIENTED_EDGE ( 'NONE', *, *, #4569, .T. ) ;
#8775 = DIRECTION ( 'NONE',  ( 2.451907390652843255E-15, 0.0000000000000000000, -1.000000000000000000 ) ) ;
#8776 = DIRECTION ( 'NONE',  ( -0.0000000000000000000, -1.000000000000000000, -0.0000000000000000000 ) ) ;
#8777 = FACE_OUTER_BOUND ( 'NONE', #6069, .T. ) ;
#8778 = ORIENTED_EDGE ( 'NONE', *, *, #1249, .F. ) ;
#8779 = DIRECTION ( 'NONE',  ( -0.0000000000000000000, -1.000000000000000000, -0.0000000000000000000 ) ) ;
#8780 =( NAMED_UNIT ( * ) PLANE_ANGLE_UNIT ( ) SI_UNIT ( $, .RADIAN. ) );
#8781 = LINE ( 'NONE', #9456, #8698 ) ;
#8782 = SURFACE_STYLE_FILL_AREA ( #9554 ) ;
#8783 = PLANE ( 'NONE',  #8095 ) ;
#8784 = VECTOR ( 'NONE', #4059, 1000.000000000000000 ) ;
#8785 = AXIS2_PLACEMENT_3D ( 'NONE', #7059, #10215, #10268 ) ;
#8786 = VERTEX_POINT ( 'NONE', #4332 ) ;
#8787 = EDGE_CURVE ( 'NONE', #6265, #8657, #5069, .T. ) ;
#8788 = CARTESIAN_POINT ( 'NONE',  ( 4.494557450338585447, 4.225000000000000533, 5.421010862427522170E-16 ) ) ;
#8789 = PLANE ( 'NONE',  #511 ) ;
#8790 = AXIS2_PLACEMENT_3D ( 'NONE', #9670, #8027, #8128 ) ;
#8791 = CARTESIAN_POINT ( 'NONE',  ( -3.881702402145740027, 4.665000000000000924, 1.531712435151439733 ) ) ;
#8792 = DIRECTION ( 'NONE',  ( 1.000000000000000000, 0.0000000000000000000, 4.342151275111226558E-15 ) ) ;
#8793 = UNCERTAINTY_MEASURE_WITH_UNIT (LENGTH_MEASURE( 1.000000000000000082E-05 ), #5943, 'distance_accuracy_value', 'NONE');
#8794 = ORIENTED_EDGE ( 'NONE', *, *, #8336, .F. ) ;
#8795 = ORIENTED_EDGE ( 'NONE', *, *, #8216, .F. ) ;
#8796 =( LENGTH_UNIT ( ) NAMED_UNIT ( * ) SI_UNIT ( .MILLI., .METRE. ) );
#8797 = ORIENTED_EDGE ( 'NONE', *, *, #1002, .T. ) ;
#8798 = CARTESIAN_POINT ( 'NONE',  ( 3.800269556891267442, -3.394999999999999574, 1.732440418475946320 ) ) ;
#8799 = SURFACE_STYLE_FILL_AREA ( #6319 ) ;
#8800 = AXIS2_PLACEMENT_3D ( 'NONE', #6608, #1122, #2779 ) ;
#8801 = VECTOR ( 'NONE', #2989, 1000.000000000000000 ) ;
#8802 = DIRECTION ( 'NONE',  ( 0.0000000000000000000, 0.0000000000000000000, -1.000000000000000000 ) ) ;
#8803 = SURFACE_STYLE_FILL_AREA ( #7971 ) ;
#8804 = DIRECTION ( 'NONE',  ( -0.0000000000000000000, -1.000000000000000000, -0.0000000000000000000 ) ) ;
#8805 =( NAMED_UNIT ( * ) SI_UNIT ( $, .STERADIAN. ) SOLID_ANGLE_UNIT ( ) );
#8806 =( GEOMETRIC_REPRESENTATION_CONTEXT ( 3 ) GLOBAL_UNCERTAINTY_ASSIGNED_CONTEXT ( ( #1763 ) ) GLOBAL_UNIT_ASSIGNED_CONTEXT ( ( #4756, #920, #4032 ) ) REPRESENTATION_CONTEXT ( 'NONE', 'WORKASPACE' ) );
#8807 = VERTEX_POINT ( 'NONE', #3745 ) ;
#8808 = CARTESIAN_POINT ( 'NONE',  ( 3.888707005762190416, -0.8549999999999998712, 1.732440418475945654 ) ) ;
#8809 = LINE ( 'NONE', #1707, #3012 ) ;
#8810 = ORIENTED_EDGE ( 'NONE', *, *, #7429, .F. ) ;
#8811 = DIRECTION ( 'NONE',  ( 0.1736481776669387411, 0.0000000000000000000, 0.9848077530122064660 ) ) ;
#8812 = EDGE_CURVE ( 'NONE', #1428, #3368, #5121, .T. ) ;
#8813 = MECHANICAL_DESIGN_GEOMETRIC_PRESENTATION_REPRESENTATION (  '', ( #8478 ), #9304 ) ;
#8814 = FILL_AREA_STYLE_COLOUR ( '', #5429 ) ;
#8815 = EDGE_CURVE ( 'NONE', #4780, #8577, #7466, .T. ) ;
#8816 = EDGE_CURVE ( 'NONE', #4780, #7305, #8437, .T. ) ;
#8817 = VECTOR ( 'NONE', #7572, 1000.000000000000000 ) ;
#8818 = ORIENTED_EDGE ( 'NONE', *, *, #7696, .F. ) ;
#8819 = CARTESIAN_POINT ( 'NONE',  ( -4.494557450338588112, -2.125000000000000000, 0.2000000000000008993 ) ) ;
#8820 =( NAMED_UNIT ( * ) SI_UNIT ( $, .STERADIAN. ) SOLID_ANGLE_UNIT ( ) );
#8821 = ORIENTED_EDGE ( 'NONE', *, *, #3425, .T. ) ;
#8822 = FILL_AREA_STYLE_COLOUR ( '', #352 ) ;
#8823 = EDGE_CURVE ( 'NONE', #9803, #4443, #7860, .T. ) ;
#8824 = ORIENTED_EDGE ( 'NONE', *, *, #708, .F. ) ;
#8825 = LINE ( 'NONE', #8104, #8677 ) ;
#8826 = CARTESIAN_POINT ( 'NONE',  ( 3.881702402145740916, -3.394999999999999574, 1.531712435151438845 ) ) ;
#8827 = MECHANICAL_DESIGN_GEOMETRIC_PRESENTATION_REPRESENTATION (  '', ( #5681 ), #7669 ) ;
#8828 =( NAMED_UNIT ( * ) SI_UNIT ( $, .STERADIAN. ) SOLID_ANGLE_UNIT ( ) );
#8829 = ORIENTED_EDGE ( 'NONE', *, *, #5834, .F. ) ;
#8830 =( GEOMETRIC_REPRESENTATION_CONTEXT ( 3 ) GLOBAL_UNCERTAINTY_ASSIGNED_CONTEXT ( ( #10060 ) ) GLOBAL_UNIT_ASSIGNED_CONTEXT ( ( #6599, #8219, #1164 ) ) REPRESENTATION_CONTEXT ( 'NONE', 'WORKASPACE' ) );
#8831 = VECTOR ( 'NONE', #5335, 1000.000000000000000 ) ;
#8832 = UNCERTAINTY_MEASURE_WITH_UNIT (LENGTH_MEASURE( 1.000000000000000082E-05 ), #10125, 'distance_accuracy_value', 'NONE');
#8833 = DIRECTION ( 'NONE',  ( 1.752245935330108428E-16, -1.000000000000000000, 0.0000000000000000000 ) ) ;
#8834 = CARTESIAN_POINT ( 'NONE',  ( -3.749999999999998668, -4.949999999999999289, 1.600000000000000089 ) ) ;
#8835 = EDGE_CURVE ( 'NONE', #1371, #3556, #230, .T. ) ;
#8836 = ORIENTED_EDGE ( 'NONE', *, *, #7612, .T. ) ;
#8837 = UNCERTAINTY_MEASURE_WITH_UNIT (LENGTH_MEASURE( 1.000000000000000082E-05 ), #8849, 'distance_accuracy_value', 'NONE');
#8838 =( NAMED_UNIT ( * ) PLANE_ANGLE_UNIT ( ) SI_UNIT ( $, .RADIAN. ) );
#8839 = LINE ( 'NONE', #2464, #1066 ) ;
#8840 = PLANE ( 'NONE',  #1972 ) ;
#8841 = MECHANICAL_DESIGN_GEOMETRIC_PRESENTATION_REPRESENTATION (  '', ( #9487 ), #8660 ) ;
#8842 = VERTEX_POINT ( 'NONE', #7920 ) ;
#8843 = DIRECTION ( 'NONE',  ( -1.000000000000000000, -0.0000000000000000000, 8.270764333545149118E-16 ) ) ;
#8844 = COLOUR_RGB ( '',0.7529411764705882248, 0.7529411764705882248, 0.7529411764705882248 ) ;
#8845 = FACE_OUTER_BOUND ( 'NONE', #215, .T. ) ;
#8846 = VECTOR ( 'NONE', #8873, 1000.000000000000000 ) ;
#8847 = CARTESIAN_POINT ( 'NONE',  ( -5.149999999999998579, -4.224999999999999645, 0.0000000000000000000 ) ) ;
#8848 = COLOUR_RGB ( '',0.7529411764705882248, 0.7529411764705882248, 0.7529411764705882248 ) ;
#8849 =( LENGTH_UNIT ( ) NAMED_UNIT ( * ) SI_UNIT ( .MILLI., .METRE. ) );
#8850 = LINE ( 'NONE', #5473, #5773 ) ;
#8851 = EDGE_CURVE ( 'NONE', #1570, #8362, #7724, .T. ) ;
#8852 = ORIENTED_EDGE ( 'NONE', *, *, #5688, .F. ) ;
#8853 = LINE ( 'NONE', #3271, #2908 ) ;
#8854 = VERTEX_POINT ( 'NONE', #8541 ) ;
#8855 = FILL_AREA_STYLE_COLOUR ( '', #5201 ) ;
#8856 = PRESENTATION_STYLE_ASSIGNMENT (( #7877 ) ) ;
#8857 = CIRCLE ( 'NONE', #2902, 0.2999999999999983791 ) ;
#8858 =( NAMED_UNIT ( * ) PLANE_ANGLE_UNIT ( ) SI_UNIT ( $, .RADIAN. ) );
#8859 = CARTESIAN_POINT ( 'NONE',  ( 3.498076211353314591, 4.698076211353313880, 0.1000000000000000472 ) ) ;
#8860 = PRESENTATION_STYLE_ASSIGNMENT (( #4812 ) ) ;
#8861 = CARTESIAN_POINT ( 'NONE',  ( 4.494557450338590776, -4.224999999999999645, 0.2999999999999988787 ) ) ;
#8862 = COLOUR_RGB ( '',0.7529411764705882248, 0.7529411764705882248, 0.7529411764705882248 ) ;
#8863 = DIRECTION ( 'NONE',  ( -0.2588190451025213501, 0.0000000000000000000, -0.9659258262890680902 ) ) ;
#8864 = VECTOR ( 'NONE', #1171, 1000.000000000000000 ) ;
#8865 = VERTEX_POINT ( 'NONE', #2329 ) ;
#8866 = SURFACE_STYLE_FILL_AREA ( #5697 ) ;
#8867 = DIRECTION ( 'NONE',  ( 1.000000000000000000, 0.0000000000000000000, 2.563936943398996305E-15 ) ) ;
#8868 = PRESENTATION_LAYER_ASSIGNMENT (  '', '', ( #3086 ) ) ;
#8869 = CYLINDRICAL_SURFACE ( 'NONE', #7204, 0.2999999999999999334 ) ;
#8870 = AXIS2_PLACEMENT_3D ( 'NONE', #332, #8181, #4916 ) ;
#8871 = CARTESIAN_POINT ( 'NONE',  ( 3.750000000000001332, -4.949999999999999289, 2.159807621135330091 ) ) ;
#8872 = VECTOR ( 'NONE', #9433, 1000.000000000000000 ) ;
#8873 = DIRECTION ( 'NONE',  ( 1.000000000000000000, 0.0000000000000000000, 4.342151275111226558E-15 ) ) ;
#8874 = ORIENTED_EDGE ( 'NONE', *, *, #6180, .T. ) ;
#8875 = ORIENTED_EDGE ( 'NONE', *, *, #5555, .F. ) ;
#8876 = CARTESIAN_POINT ( 'NONE',  ( -4.494557450338588112, 2.125000000000000444, 0.2000000000000008993 ) ) ;
#8877 = ORIENTED_EDGE ( 'NONE', *, *, #4560, .F. ) ;
#8878 = CARTESIAN_POINT ( 'NONE',  ( -3.990737311234597406, -2.954999999999999183, 1.429674850314565093 ) ) ;
#8879 = FACE_OUTER_BOUND ( 'NONE', #887, .T. ) ;
#8880 =( GEOMETRIC_REPRESENTATION_CONTEXT ( 3 ) GLOBAL_UNCERTAINTY_ASSIGNED_CONTEXT ( ( #4430 ) ) GLOBAL_UNIT_ASSIGNED_CONTEXT ( ( #2131, #1397, #6168 ) ) REPRESENTATION_CONTEXT ( 'NONE', 'WORKASPACE' ) );
#8881 = CARTESIAN_POINT ( 'NONE',  ( -5.150000000000000355, 4.225000000000000533, 0.0000000000000000000 ) ) ;
#8882 = VERTEX_POINT ( 'NONE', #9369 ) ;
#8883 = LINE ( 'NONE', #8153, #5164 ) ;
#8884 = EDGE_CURVE ( 'NONE', #9799, #2022, #10137, .T. ) ;
#8885 = DIRECTION ( 'NONE',  ( -0.0000000000000000000, -1.000000000000000000, -0.0000000000000000000 ) ) ;
#8886 = DIRECTION ( 'NONE',  ( -1.000000000000000000, 1.156482317317871725E-16, -0.0000000000000000000 ) ) ;
#8887 = ORIENTED_EDGE ( 'NONE', *, *, #7994, .T. ) ;
#8888 = SURFACE_STYLE_FILL_AREA ( #9749 ) ;
#8889 =( NAMED_UNIT ( * ) PLANE_ANGLE_UNIT ( ) SI_UNIT ( $, .RADIAN. ) );
#8890 =( NAMED_UNIT ( * ) SI_UNIT ( $, .STERADIAN. ) SOLID_ANGLE_UNIT ( ) );
#8891 = ORIENTED_EDGE ( 'NONE', *, *, #5872, .T. ) ;
#8892 = CYLINDRICAL_SURFACE ( 'NONE', #6516, 0.2999999999999999334 ) ;
#8893 = CARTESIAN_POINT ( 'NONE',  ( 3.800269556891266554, 2.125000000000000444, 1.732440418475946320 ) ) ;
#8894 = EDGE_CURVE ( 'NONE', #4104, #8211, #8857, .T. ) ;
#8895 = CARTESIAN_POINT ( 'NONE',  ( 3.881702402145739583, 4.225000000000000533, 1.531712435151438845 ) ) ;
#8896 = CARTESIAN_POINT ( 'NONE',  ( -5.149999999999998579, -4.224999999999999645, 0.0000000000000000000 ) ) ;
#8897 =( NAMED_UNIT ( * ) PLANE_ANGLE_UNIT ( ) SI_UNIT ( $, .RADIAN. ) );
#8898 = FILL_AREA_STYLE ('',( #8995 ) ) ;
#8899 = EDGE_LOOP ( 'NONE', ( #6122, #2228, #4984, #6858 ) ) ;
#8900 = DIRECTION ( 'NONE',  ( 0.0000000000000000000, 1.000000000000000000, 0.0000000000000000000 ) ) ;
#8901 = ORIENTED_EDGE ( 'NONE', *, *, #1605, .T. ) ;
#8902 = SURFACE_STYLE_USAGE ( .BOTH. , #6562 ) ;
#8903 =( LENGTH_UNIT ( ) NAMED_UNIT ( * ) SI_UNIT ( .MILLI., .METRE. ) );
#8904 = LINE ( 'NONE', #4710, #3005 ) ;
#8905 = EDGE_CURVE ( 'NONE', #3831, #6178, #9668, .T. ) ;
#8906 = PRESENTATION_LAYER_ASSIGNMENT (  '', '', ( #9556 ) ) ;
#8907 = COLOUR_RGB ( '',0.7529411764705882248, 0.7529411764705882248, 0.7529411764705882248 ) ;
#8908 = CIRCLE ( 'NONE', #5595, 0.2999999999999983791 ) ;
#8909 = CARTESIAN_POINT ( 'NONE',  ( 4.184149331665850013, 2.125000000000000444, 1.484534871776028275 ) ) ;
#8910 = SURFACE_STYLE_USAGE ( .BOTH. , #4379 ) ;
#8911 = FILL_AREA_STYLE ('',( #5840 ) ) ;
#8912 =( NAMED_UNIT ( * ) PLANE_ANGLE_UNIT ( ) SI_UNIT ( $, .RADIAN. ) );
#8913 = ORIENTED_EDGE ( 'NONE', *, *, #6041, .T. ) ;
#8914 = MECHANICAL_DESIGN_GEOMETRIC_PRESENTATION_REPRESENTATION (  '', ( #3463 ), #793 ) ;
#8915 = ORIENTED_EDGE ( 'NONE', *, *, #5710, .T. ) ;
#8916 =( NAMED_UNIT ( * ) SI_UNIT ( $, .STERADIAN. ) SOLID_ANGLE_UNIT ( ) );
#8917 = ADVANCED_FACE ( 'NONE', ( #2172 ), #6212, .T. ) ;
#8918 = LINE ( 'NONE', #5075, #4857 ) ;
#8919 = FILL_AREA_STYLE ('',( #244 ) ) ;
#8920 = COLOUR_RGB ( '',0.1176470588235294101, 0.1176470588235294101, 0.1176470588235294101 ) ;
#8921 = FILL_AREA_STYLE_COLOUR ( '', #8361 ) ;
#8922 = SURFACE_STYLE_USAGE ( .BOTH. , #4141 ) ;
#8923 = DIRECTION ( 'NONE',  ( 0.2588190451025213501, -0.0000000000000000000, 0.9659258262890680902 ) ) ;
#8924 = ORIENTED_EDGE ( 'NONE', *, *, #2241, .T. ) ;
#8925 = CARTESIAN_POINT ( 'NONE',  ( 3.900000000000000799, 0.8550000000000007594, 1.600000000000000089 ) ) ;
#8926 = UNCERTAINTY_MEASURE_WITH_UNIT (LENGTH_MEASURE( 1.000000000000000082E-05 ), #3259, 'distance_accuracy_value', 'NONE');
#8927 = DIRECTION ( 'NONE',  ( -0.0000000000000000000, -0.0000000000000000000, -1.000000000000000000 ) ) ;
#8928 = AXIS2_PLACEMENT_3D ( 'NONE', #9311, #5372, #596 ) ;
#8929 = CARTESIAN_POINT ( 'NONE',  ( -4.494557450338584559, 0.8550000000000007594, 1.680513367352531873E-15 ) ) ;
#8930 = ORIENTED_EDGE ( 'NONE', *, *, #2080, .F. ) ;
#8931 = CARTESIAN_POINT ( 'NONE',  ( 3.800269556891267886, -4.224999999999999645, 1.732440418475946320 ) ) ;
#8932 =( NAMED_UNIT ( * ) PLANE_ANGLE_UNIT ( ) SI_UNIT ( $, .RADIAN. ) );
#8933 = UNCERTAINTY_MEASURE_WITH_UNIT (LENGTH_MEASURE( 1.000000000000000082E-05 ), #98, 'distance_accuracy_value', 'NONE');
#8934 = ORIENTED_EDGE ( 'NONE', *, *, #6938, .T. ) ;
#8935 = LINE ( 'NONE', #9800, #6328 ) ;
#8936 = MECHANICAL_DESIGN_GEOMETRIC_PRESENTATION_REPRESENTATION (  '', ( #2477 ), #8434 ) ;
#8937 = UNCERTAINTY_MEASURE_WITH_UNIT (LENGTH_MEASURE( 1.000000000000000082E-05 ), #7497, 'distance_accuracy_value', 'NONE');
#8938 = EDGE_LOOP ( 'NONE', ( #635, #7288, #2453, #56 ) ) ;
#8939 = DIRECTION ( 'NONE',  ( -0.0000000000000000000, 0.0000000000000000000, -1.000000000000000000 ) ) ;
#8940 = VERTEX_POINT ( 'NONE', #8593 ) ;
#8941 = PLANE ( 'NONE',  #1379 ) ;
#8942 = STYLED_ITEM ( 'NONE', ( #7439 ), #5600 ) ;
#8943 =( LENGTH_UNIT ( ) NAMED_UNIT ( * ) SI_UNIT ( .MILLI., .METRE. ) );
#8944 = EDGE_CURVE ( 'NONE', #4062, #806, #1387, .T. ) ;
#8945 = PRESENTATION_STYLE_ASSIGNMENT (( #4259 ) ) ;
#8946 = DIRECTION ( 'NONE',  ( 0.0000000000000000000, 1.000000000000000000, -0.0000000000000000000 ) ) ;
#8947 = ORIENTED_EDGE ( 'NONE', *, *, #1495, .T. ) ;
#8948 = DIRECTION ( 'NONE',  ( 0.1736481776669393240, -0.0000000000000000000, 0.9848077530122063550 ) ) ;
#8949 = AXIS2_PLACEMENT_3D ( 'NONE', #6331, #5645, #8811 ) ;
#8950 =( LENGTH_UNIT ( ) NAMED_UNIT ( * ) SI_UNIT ( .MILLI., .METRE. ) );
#8951 = DIRECTION ( 'NONE',  ( -0.1736481776669393240, 0.0000000000000000000, -0.9848077530122064660 ) ) ;
#8952 = ORIENTED_EDGE ( 'NONE', *, *, #7377, .T. ) ;
#8953 = DIRECTION ( 'NONE',  ( 0.0000000000000000000, 0.0000000000000000000, -1.000000000000000000 ) ) ;
#8954 = DIRECTION ( 'NONE',  ( 0.0000000000000000000, 0.0000000000000000000, 1.000000000000000000 ) ) ;
#8955 = EDGE_CURVE ( 'NONE', #8148, #8304, #3787, .T. ) ;
#8956 = CARTESIAN_POINT ( 'NONE',  ( 4.494557450338587223, -4.665000000000000036, -1.084202172485504434E-15 ) ) ;
#8957 = EDGE_CURVE ( 'NONE', #8988, #7867, #4644, .T. ) ;
#8958 = DIRECTION ( 'NONE',  ( -1.000000000000000000, 0.0000000000000000000, -4.342151275111226558E-15 ) ) ;
#8959 = CARTESIAN_POINT ( 'NONE',  ( 4.494557450338589888, -0.4149999999999995914, 0.2999999999999988787 ) ) ;
#8960 = CARTESIAN_POINT ( 'NONE',  ( -4.184149331665848237, -2.954999999999999183, 1.484534871776029386 ) ) ;
#8961 = DIRECTION ( 'NONE',  ( -0.1736481776669387411, -0.0000000000000000000, 0.9848077530122064660 ) ) ;
#8962 = PLANE ( 'NONE',  #4042 ) ;
#8963 = EDGE_CURVE ( 'NONE', #8554, #6941, #7873, .T. ) ;
#8964 =( GEOMETRIC_REPRESENTATION_CONTEXT ( 3 ) GLOBAL_UNCERTAINTY_ASSIGNED_CONTEXT ( ( #7779 ) ) GLOBAL_UNIT_ASSIGNED_CONTEXT ( ( #5122, #1868, #4228 ) ) REPRESENTATION_CONTEXT ( 'NONE', 'WORKASPACE' ) );
#8965 = VERTEX_POINT ( 'NONE', #5378 ) ;
#8966 = LINE ( 'NONE', #9834, #3341 ) ;
#8967 = CARTESIAN_POINT ( 'NONE',  ( 3.864512696824130789, 3.395000000000000462, 1.732440418475946542 ) ) ;
#8968 = PRESENTATION_LAYER_ASSIGNMENT (  '', '', ( #5655 ) ) ;
#8969 = FACE_OUTER_BOUND ( 'NONE', #6585, .T. ) ;
#8970 = SURFACE_STYLE_FILL_AREA ( #7525 ) ;
#8971 = EDGE_CURVE ( 'NONE', #6761, #9093, #4590, .T. ) ;
#8972 = ORIENTED_EDGE ( 'NONE', *, *, #6676, .T. ) ;
#8973 = ORIENTED_EDGE ( 'NONE', *, *, #8142, .T. ) ;
#8974 = VECTOR ( 'NONE', #4527, 1000.000000000000000 ) ;
#8975 = EDGE_LOOP ( 'NONE', ( #8187, #3882, #6760, #2560 ) ) ;
#8976 = LINE ( 'NONE', #7583, #8179 ) ;
#8977 = DIRECTION ( 'NONE',  ( -0.0000000000000000000, -1.000000000000000000, -0.0000000000000000000 ) ) ;
#8978 = VECTOR ( 'NONE', #1327, 1000.000000000000000 ) ;
#8979 = EDGE_LOOP ( 'NONE', ( #9625, #951, #1229, #9368 ) ) ;
#8980 = AXIS2_PLACEMENT_3D ( 'NONE', #7160, #4877, #9440 ) ;
#8981 = DIRECTION ( 'NONE',  ( -0.0000000000000000000, -1.000000000000000000, -0.0000000000000000000 ) ) ;
#8982 = LINE ( 'NONE', #4106, #5180 ) ;
#8983 = CARTESIAN_POINT ( 'NONE',  ( 4.494557450338589888, 0.4150000000000004241, 0.2999999999999988787 ) ) ;
#8984 = ORIENTED_EDGE ( 'NONE', *, *, #5213, .T. ) ;
#8985 =( NAMED_UNIT ( * ) PLANE_ANGLE_UNIT ( ) SI_UNIT ( $, .RADIAN. ) );
#8986 = COLOUR_RGB ( '',0.7529411764705882248, 0.7529411764705882248, 0.7529411764705882248 ) ;
#8987 = LINE ( 'NONE', #4995, #2249 ) ;
#8988 = VERTEX_POINT ( 'NONE', #7094 ) ;
#8989 = FILL_AREA_STYLE_COLOUR ( '', #2707 ) ;
#8990 = PLANE ( 'NONE',  #7956 ) ;
#8991 = VECTOR ( 'NONE', #843, 1000.000000000000000 ) ;
#8992 = DIRECTION ( 'NONE',  ( 0.0000000000000000000, 0.0000000000000000000, -1.000000000000000000 ) ) ;
#8993 = FILL_AREA_STYLE ('',( #5777 ) ) ;
#8994 = DIRECTION ( 'NONE',  ( -0.0000000000000000000, -0.0000000000000000000, -1.000000000000000000 ) ) ;
#8995 = FILL_AREA_STYLE_COLOUR ( '', #974 ) ;
#8996 = VECTOR ( 'NONE', #10066, 1000.000000000000000 ) ;
#8997 = ORIENTED_EDGE ( 'NONE', *, *, #977, .F. ) ;
#8998 = SURFACE_STYLE_USAGE ( .BOTH. , #9055 ) ;
#8999 = EDGE_CURVE ( 'NONE', #2922, #5809, #7695, .T. ) ;
#9000 = CARTESIAN_POINT ( 'NONE',  ( 3.390896534380865468, 4.590896534380863869, 3.500000000000000000 ) ) ;
#9001 = FILL_AREA_STYLE_COLOUR ( '', #6213 ) ;
#9002 =( GEOMETRIC_REPRESENTATION_CONTEXT ( 3 ) GLOBAL_UNCERTAINTY_ASSIGNED_CONTEXT ( ( #622 ) ) GLOBAL_UNIT_ASSIGNED_CONTEXT ( ( #7861, #752, #3930 ) ) REPRESENTATION_CONTEXT ( 'NONE', 'WORKASPACE' ) );
#9003 = AXIS2_PLACEMENT_3D ( 'NONE', #7589, #4557, #3660 ) ;
#9004 =( NAMED_UNIT ( * ) PLANE_ANGLE_UNIT ( ) SI_UNIT ( $, .RADIAN. ) );
#9005 = FACE_OUTER_BOUND ( 'NONE', #1304, .T. ) ;
#9006 = SURFACE_SIDE_STYLE ('',( #2635 ) ) ;
#9007 = LINE ( 'NONE', #1124, #617 ) ;
#9008 = VECTOR ( 'NONE', #4795, 1000.000000000000000 ) ;
#9009 = STYLED_ITEM ( 'NONE', ( #9380 ), #2699 ) ;
#9010 = UNCERTAINTY_MEASURE_WITH_UNIT (LENGTH_MEASURE( 1.000000000000000082E-05 ), #3189, 'distance_accuracy_value', 'NONE');
#9011 =( LENGTH_UNIT ( ) NAMED_UNIT ( * ) SI_UNIT ( .MILLI., .METRE. ) );
#9012 = ORIENTED_EDGE ( 'NONE', *, *, #9460, .T. ) ;
#9013 = EDGE_CURVE ( 'NONE', #2506, #3352, #9714, .T. ) ;
#9014 = PRESENTATION_LAYER_ASSIGNMENT (  '', '', ( #4528 ) ) ;
#9015 = LINE ( 'NONE', #9677, #4520 ) ;
#9016 =( NAMED_UNIT ( * ) PLANE_ANGLE_UNIT ( ) SI_UNIT ( $, .RADIAN. ) );
#9017 = ORIENTED_EDGE ( 'NONE', *, *, #127, .T. ) ;
#9018 = COLOUR_RGB ( '',0.7960784313725489669, 0.8235294117647058432, 0.9372549019607843146 ) ;
#9019 = FACE_OUTER_BOUND ( 'NONE', #4521, .T. ) ;
#9020 = PRESENTATION_LAYER_ASSIGNMENT (  '', '', ( #2072 ) ) ;
#9022 = EDGE_CURVE ( 'NONE', #9047, #9627, #8743, .T. ) ;
#9021 = SURFACE_STYLE_USAGE ( .BOTH. , #4973 ) ;
#9023 = AXIS2_PLACEMENT_3D ( 'NONE', #1216, #9208, #6705 ) ;
#9024 = ADVANCED_FACE ( 'NONE', ( #7968 ), #2426, .F. ) ;
#9025 = LINE ( 'NONE', #7471, #74 ) ;
#9026 = CARTESIAN_POINT ( 'NONE',  ( 3.888707005762189528, 4.665000000000000924, 1.732440418475945654 ) ) ;
#9027 =( LENGTH_UNIT ( ) NAMED_UNIT ( * ) SI_UNIT ( .MILLI., .METRE. ) );
#9028 = VECTOR ( 'NONE', #1083, 1000.000000000000000 ) ;
#9029 = CARTESIAN_POINT ( 'NONE',  ( 3.899999999999999911, 4.665000000000000924, 1.600000000000000089 ) ) ;
#9030 = VERTEX_POINT ( 'NONE', #6469 ) ;
#9031 = UNCERTAINTY_MEASURE_WITH_UNIT (LENGTH_MEASURE( 1.000000000000000082E-05 ), #8749, 'distance_accuracy_value', 'NONE');
#9032 = DIRECTION ( 'NONE',  ( -0.0000000000000000000, -1.000000000000000000, -0.0000000000000000000 ) ) ;
#9033 = ORIENTED_EDGE ( 'NONE', *, *, #8944, .F. ) ;
#9034 =( NAMED_UNIT ( * ) PLANE_ANGLE_UNIT ( ) SI_UNIT ( $, .RADIAN. ) );
#9035 = CARTESIAN_POINT ( 'NONE',  ( -3.888707005762188196, -1.684999999999999831, 1.732440418475947430 ) ) ;
#9036 = UNCERTAINTY_MEASURE_WITH_UNIT (LENGTH_MEASURE( 1.000000000000000082E-05 ), #2559, 'distance_accuracy_value', 'NONE');
#9037 = EDGE_CURVE ( 'NONE', #7747, #1713, #60, .T. ) ;
#9038 = ORIENTED_EDGE ( 'NONE', *, *, #6718, .T. ) ;
#9039 = PRESENTATION_LAYER_ASSIGNMENT (  '', '', ( #9525 ) ) ;
#9040 = UNCERTAINTY_MEASURE_WITH_UNIT (LENGTH_MEASURE( 1.000000000000000082E-05 ), #2755, 'distance_accuracy_value', 'NONE');
#9041 =( NAMED_UNIT ( * ) SI_UNIT ( $, .STERADIAN. ) SOLID_ANGLE_UNIT ( ) );
#9042 = DIRECTION ( 'NONE',  ( -0.0000000000000000000, -1.000000000000000000, -0.0000000000000000000 ) ) ;
#9043 = DIRECTION ( 'NONE',  ( -0.0000000000000000000, -0.0000000000000000000, -1.000000000000000000 ) ) ;
#9044 = ORIENTED_EDGE ( 'NONE', *, *, #9885, .T. ) ;
#9045 = DIRECTION ( 'NONE',  ( 1.000000000000000000, -0.0000000000000000000, -2.605290765066735698E-15 ) ) ;
#9046 = CARTESIAN_POINT ( 'NONE',  ( -3.899999999999999467, 3.395000000000000462, 1.600000000000000089 ) ) ;
#9047 = VERTEX_POINT ( 'NONE', #4221 ) ;
#9048 = STYLED_ITEM ( 'NONE', ( #2911 ), #4135 ) ;
#9049 = SURFACE_SIDE_STYLE ('',( #1950 ) ) ;
#9050 = CARTESIAN_POINT ( 'NONE',  ( 3.800269556891267442, -1.684999999999999831, 1.732440418475946320 ) ) ;
#9051 = SURFACE_SIDE_STYLE ('',( #2574 ) ) ;
#9052 = DIRECTION ( 'NONE',  ( -0.0000000000000000000, -1.000000000000000000, -0.0000000000000000000 ) ) ;
#9053 = ORIENTED_EDGE ( 'NONE', *, *, #9437, .T. ) ;
#9054 = DIRECTION ( 'NONE',  ( -1.000000000000000000, 0.0000000000000000000, 2.605290765066735304E-15 ) ) ;
#9055 = SURFACE_SIDE_STYLE ('',( #5830 ) ) ;
#9056 = PRESENTATION_STYLE_ASSIGNMENT (( #6602 ) ) ;
#9057 = CARTESIAN_POINT ( 'NONE',  ( -3.868266076183284330, -0.8549999999999998712, 1.408079867214329095 ) ) ;
#9058 = DIRECTION ( 'NONE',  ( -0.0000000000000000000, -1.000000000000000000, -0.0000000000000000000 ) ) ;
#9059 = CARTESIAN_POINT ( 'NONE',  ( 3.990737311234600959, -4.224999999999999645, 1.429674850314564205 ) ) ;
#9060 = DIRECTION ( 'NONE',  ( 0.2588190451025213501, 0.0000000000000000000, -0.9659258262890680902 ) ) ;
#9061 = VECTOR ( 'NONE', #6034, 1000.000000000000114 ) ;
#9062 = PLANE ( 'NONE',  #8870 ) ;
#9063 =( NAMED_UNIT ( * ) SI_UNIT ( $, .STERADIAN. ) SOLID_ANGLE_UNIT ( ) );
#9064 = CARTESIAN_POINT ( 'NONE',  ( 3.864512696824131233, -0.8549999999999998712, 1.732440418475946320 ) ) ;
#9065 = ORIENTED_EDGE ( 'NONE', *, *, #4390, .F. ) ;
#9066 = CARTESIAN_POINT ( 'NONE',  ( -4.184149331665847349, -3.394999999999999574, 1.484534871776029163 ) ) ;
#9067 = DIRECTION ( 'NONE',  ( -0.0000000000000000000, -1.000000000000000000, 0.0000000000000000000 ) ) ;
#9068 = SURFACE_SIDE_STYLE ('',( #2791 ) ) ;
#9069 = VERTEX_POINT ( 'NONE', #2526 ) ;
#9070 = STYLED_ITEM ( 'NONE', ( #5425 ), #692 ) ;
#9071 = DIRECTION ( 'NONE',  ( 1.314184451497580520E-16, -1.000000000000000000, 3.222258569307970441E-31 ) ) ;
#9072 = EDGE_CURVE ( 'NONE', #2924, #5057, #6510, .T. ) ;
#9073 = SURFACE_SIDE_STYLE ('',( #9835 ) ) ;
#9074 =( NAMED_UNIT ( * ) SI_UNIT ( $, .STERADIAN. ) SOLID_ANGLE_UNIT ( ) );
#9075 = COLOUR_RGB ( '',0.7529411764705882248, 0.7529411764705882248, 0.7529411764705882248 ) ;
#9076 = PRESENTATION_STYLE_ASSIGNMENT (( #3652 ) ) ;
#9077 = ORIENTED_EDGE ( 'NONE', *, *, #5344, .F. ) ;
#9078 = EDGE_CURVE ( 'NONE', #2672, #1187, #9664, .T. ) ;
#9079 = ORIENTED_EDGE ( 'NONE', *, *, #9885, .F. ) ;
#9080 = EDGE_CURVE ( 'NONE', #8965, #9069, #5686, .T. ) ;
#9081 = LINE ( 'NONE', #301, #1319 ) ;
#9082 = ORIENTED_EDGE ( 'NONE', *, *, #2428, .F. ) ;
#9083 = AXIS2_PLACEMENT_3D ( 'NONE', #3766, #4410, #6739 ) ;
#9084 = CARTESIAN_POINT ( 'NONE',  ( -3.868266076183283886, -2.125000000000000000, 1.408079867214329095 ) ) ;
#9085 = LINE ( 'NONE', #9642, #6960 ) ;
#9086 = VECTOR ( 'NONE', #7781, 1000.000000000000000 ) ;
#9087 = EDGE_CURVE ( 'NONE', #3245, #837, #3407, .T. ) ;
#9088 = ORIENTED_EDGE ( 'NONE', *, *, #8446, .T. ) ;
#9089 = STYLED_ITEM ( 'NONE', ( #665 ), #4852 ) ;
#9090 =( NAMED_UNIT ( * ) PLANE_ANGLE_UNIT ( ) SI_UNIT ( $, .RADIAN. ) );
#9091 = CARTESIAN_POINT ( 'NONE',  ( 3.864512696824131233, -4.664999999999999147, 1.732440418475946320 ) ) ;
#9092 = ADVANCED_FACE ( 'NONE', ( #2628 ), #4954, .F. ) ;
#9093 = VERTEX_POINT ( 'NONE', #2673 ) ;
#9094 = DIRECTION ( 'NONE',  ( 0.0000000000000000000, 0.0000000000000000000, -1.000000000000000000 ) ) ;
#9095 = DIRECTION ( 'NONE',  ( 0.0000000000000000000, 0.0000000000000000000, 1.000000000000000000 ) ) ;
#9096 = VECTOR ( 'NONE', #2068, 1000.000000000000000 ) ;
#9097 = DIRECTION ( 'NONE',  ( -0.2588190451025213501, -0.0000000000000000000, 0.9659258262890680902 ) ) ;
#9098 = CARTESIAN_POINT ( 'NONE',  ( -4.396076675037368986, -0.4149999999999995914, 0.2826351822333060815 ) ) ;
#9099 = CARTESIAN_POINT ( 'NONE',  ( 3.900000000000001243, -3.394999999999999574, 1.600000000000000089 ) ) ;
#9100 = FILL_AREA_STYLE ('',( #8271 ) ) ;
#9101 = ORIENTED_EDGE ( 'NONE', *, *, #5585, .T. ) ;
#9102 = PRESENTATION_STYLE_ASSIGNMENT (( #5254 ) ) ;
#9103 = DIRECTION ( 'NONE',  ( 0.0000000000000000000, 1.000000000000000000, -0.0000000000000000000 ) ) ;
#9104 = PRESENTATION_STYLE_ASSIGNMENT (( #6706 ) ) ;
#9105 = COLOUR_RGB ( '',0.7529411764705882248, 0.7529411764705882248, 0.7529411764705882248 ) ;
#9106 = EDGE_CURVE ( 'NONE', #6006, #2450, #8426, .T. ) ;
#9107 = PRESENTATION_LAYER_ASSIGNMENT (  '', '', ( #3975 ) ) ;
#9108 = LINE ( 'NONE', #539, #4163 ) ;
#9109 = CARTESIAN_POINT ( 'NONE',  ( -3.868266076183284774, 2.125000000000000444, 1.408079867214329095 ) ) ;
#9110 = CARTESIAN_POINT ( 'NONE',  ( 4.494557450338590776, -4.224999999999999645, 0.2999999999999988787 ) ) ;
#9111 = DIRECTION ( 'NONE',  ( 0.0000000000000000000, 1.000000000000000000, 0.0000000000000000000 ) ) ;
#9112 = CIRCLE ( 'NONE', #9595, 0.2999999999999999889 ) ;
#9113 = ORIENTED_EDGE ( 'NONE', *, *, #4310, .F. ) ;
#9114 = ORIENTED_EDGE ( 'NONE', *, *, #1992, .T. ) ;
#9115 = LINE ( 'NONE', #9878, #426 ) ;
#9116 = CARTESIAN_POINT ( 'NONE',  ( 5.150000000000001243, 1.685000000000000275, 0.0000000000000000000 ) ) ;
#9117 = FACE_OUTER_BOUND ( 'NONE', #2598, .T. ) ;
#9118 = CARTESIAN_POINT ( 'NONE',  ( 3.881702402145740471, -0.4149999999999995914, 1.531712435151438845 ) ) ;
#9119 = PRESENTATION_LAYER_ASSIGNMENT (  '', '', ( #3671 ) ) ;
#9120 = PRESENTATION_LAYER_ASSIGNMENT (  '', '', ( #5465 ) ) ;
#9121 = DIRECTION ( 'NONE',  ( -0.0000000000000000000, -1.000000000000000000, -0.0000000000000000000 ) ) ;
#9122 =( LENGTH_UNIT ( ) NAMED_UNIT ( * ) SI_UNIT ( .MILLI., .METRE. ) );
#9123 = SURFACE_STYLE_USAGE ( .BOTH. , #1874 ) ;
#9124 = AXIS2_PLACEMENT_3D ( 'NONE', #7573, #4334, #5956 ) ;
#9125 = EDGE_LOOP ( 'NONE', ( #3878, #2627 ) ) ;
#9126 = AXIS2_PLACEMENT_3D ( 'NONE', #8279, #1174, #386 ) ;
#9127 = EDGE_CURVE ( 'NONE', #8190, #8865, #4376, .T. ) ;
#9128 = VERTEX_POINT ( 'NONE', #5258 ) ;
#9129 = VECTOR ( 'NONE', #553, 1000.000000000000000 ) ;
#9130 = CARTESIAN_POINT ( 'NONE',  ( 5.150000000000001243, -0.8549999999999998712, 0.0000000000000000000 ) ) ;
#9131 = EDGE_LOOP ( 'NONE', ( #1152, #6994, #7479, #5807 ) ) ;
#9132 = UNCERTAINTY_MEASURE_WITH_UNIT (LENGTH_MEASURE( 1.000000000000000082E-05 ), #2431, 'distance_accuracy_value', 'NONE');
#9133 = ADVANCED_FACE ( 'NONE', ( #1116 ), #3512, .F. ) ;
#9134 = EDGE_CURVE ( 'NONE', #5653, #293, #6604, .T. ) ;
#9135 = AXIS2_PLACEMENT_3D ( 'NONE', #7608, #2266, #483 ) ;
#9136 = EDGE_LOOP ( 'NONE', ( #7767, #3037, #5523, #6785 ) ) ;
#9137 = UNCERTAINTY_MEASURE_WITH_UNIT (LENGTH_MEASURE( 1.000000000000000082E-05 ), #227, 'distance_accuracy_value', 'NONE');
#9138 = EDGE_CURVE ( 'NONE', #5673, #2920, #8377, .T. ) ;
#9139 = FILL_AREA_STYLE ('',( #5980 ) ) ;
#9140 = FILL_AREA_STYLE ('',( #10062 ) ) ;
#9141 = VECTOR ( 'NONE', #1073, 1000.000000000000000 ) ;
#9142 = VERTEX_POINT ( 'NONE', #3568 ) ;
#9143 = DIRECTION ( 'NONE',  ( 1.000000000000000000, -0.0000000000000000000, -2.605290765066735698E-15 ) ) ;
#9144 = CARTESIAN_POINT ( 'NONE',  ( 4.494557450338587223, -2.954999999999999183, -1.084202172485504434E-15 ) ) ;
#9145 = AXIS2_PLACEMENT_3D ( 'NONE', #8050, #4828, #3998 ) ;
#9146 = EDGE_CURVE ( 'NONE', #6120, #9980, #5832, .T. ) ;
#9147 = ADVANCED_FACE ( 'NONE', ( #1960 ), #5108, .T. ) ;
#9148 = SURFACE_STYLE_USAGE ( .BOTH. , #6999 ) ;
#9149 = DIRECTION ( 'NONE',  ( -1.000000000000000000, 0.0000000000000000000, -2.451907390652843255E-15 ) ) ;
#9150 = CARTESIAN_POINT ( 'NONE',  ( 4.199115124434927182, -2.954999999999999183, 0.2479055466999157964 ) ) ;
#9151 = EDGE_LOOP ( 'NONE', ( #2027, #2397, #993, #9661 ) ) ;
#9152 = FILL_AREA_STYLE_COLOUR ( '', #5073 ) ;
#9153 = DIRECTION ( 'NONE',  ( -0.0000000000000000000, -1.000000000000000000, -0.0000000000000000000 ) ) ;
#9154 = CARTESIAN_POINT ( 'NONE',  ( 5.150000000000001243, -2.125000000000000000, 0.0000000000000000000 ) ) ;
#9155 = SURFACE_SIDE_STYLE ('',( #5996 ) ) ;
#9156 = STYLED_ITEM ( 'NONE', ( #199 ), #7819 ) ;
#9157 = CARTESIAN_POINT ( 'NONE',  ( 4.184149331665850902, -2.954999999999999183, 1.484534871776028275 ) ) ;
#9158 = FILL_AREA_STYLE_COLOUR ( '', #4155 ) ;
#9159 = SURFACE_STYLE_FILL_AREA ( #6201 ) ;
#9160 = VECTOR ( 'NONE', #6958, 1000.000000000000227 ) ;
#9161 = CARTESIAN_POINT ( 'NONE',  ( 4.184149331665850013, 0.8550000000000007594, 1.484534871776028275 ) ) ;
#9162 = DIRECTION ( 'NONE',  ( 0.1736481776669392962, 0.0000000000000000000, -0.9848077530122064660 ) ) ;
#9163 = ORIENTED_EDGE ( 'NONE', *, *, #9437, .F. ) ;
#9164 = ORIENTED_EDGE ( 'NONE', *, *, #906, .T. ) ;
#9165 = MECHANICAL_DESIGN_GEOMETRIC_PRESENTATION_REPRESENTATION (  '', ( #6835 ), #548 ) ;
#9166 = CARTESIAN_POINT ( 'NONE',  ( -4.494557450338585447, 4.225000000000000533, 1.680513367352531873E-15 ) ) ;
#9167 = DIRECTION ( 'NONE',  ( -0.0000000000000000000, -1.000000000000000000, 0.0000000000000000000 ) ) ;
#9168 = DIRECTION ( 'NONE',  ( 0.0000000000000000000, 0.0000000000000000000, -1.000000000000000000 ) ) ;
#9169 = ORIENTED_EDGE ( 'NONE', *, *, #9022, .F. ) ;
#9170 = CIRCLE ( 'NONE', #4176, 0.09999999999999911737 ) ;
#9171 = CARTESIAN_POINT ( 'NONE',  ( -3.868266076183284774, 2.125000000000000444, 1.408079867214329095 ) ) ;
#9172 = SURFACE_SIDE_STYLE ('',( #6012 ) ) ;
#9173 =( GEOMETRIC_REPRESENTATION_CONTEXT ( 3 ) GLOBAL_UNCERTAINTY_ASSIGNED_CONTEXT ( ( #9236 ) ) GLOBAL_UNIT_ASSIGNED_CONTEXT ( ( #3615, #5935, #2048 ) ) REPRESENTATION_CONTEXT ( 'NONE', 'WORKASPACE' ) );
#9174 = DIRECTION ( 'NONE',  ( 0.0000000000000000000, 0.0000000000000000000, 1.000000000000000000 ) ) ;
#9175 = FACE_OUTER_BOUND ( 'NONE', #3441, .T. ) ;
#9176 = FILL_AREA_STYLE_COLOUR ( '', #1254 ) ;
#9177 = DIRECTION ( 'NONE',  ( -0.0000000000000000000, -1.000000000000000000, -0.0000000000000000000 ) ) ;
#9178 = DIRECTION ( 'NONE',  ( -0.0000000000000000000, -1.000000000000000000, 0.0000000000000000000 ) ) ;
#9179 = ORIENTED_EDGE ( 'NONE', *, *, #7299, .F. ) ;
#9180 = FILL_AREA_STYLE_COLOUR ( '', #1723 ) ;
#9181 = STYLED_ITEM ( 'NONE', ( #7606 ), #2793 ) ;
#9182 = VERTEX_POINT ( 'NONE', #6197 ) ;
#9183 = FILL_AREA_STYLE ('',( #6836 ) ) ;
#9184 = VERTEX_POINT ( 'NONE', #1586 ) ;
#9185 = COLOUR_RGB ( '',0.7529411764705882248, 0.7529411764705882248, 0.7529411764705882248 ) ;
#9186 = AXIS2_PLACEMENT_3D ( 'NONE', #4122, #176, #3274 ) ;
#9187 = CARTESIAN_POINT ( 'NONE',  ( 4.199115124434927182, -4.224999999999999645, 0.2479055466999157964 ) ) ;
#9188 = ORIENTED_EDGE ( 'NONE', *, *, #1673, .F. ) ;
#9189 = AXIS2_PLACEMENT_3D ( 'NONE', #8691, #4753, #805 ) ;
#9190 = PLANE ( 'NONE',  #9003 ) ;
#9191 = PRESENTATION_LAYER_ASSIGNMENT (  '', '', ( #5711 ) ) ;
#9192 = ORIENTED_EDGE ( 'NONE', *, *, #8323, .T. ) ;
#9193 = CARTESIAN_POINT ( 'NONE',  ( 4.494557450338589888, 0.8550000000000007594, 0.1999999999999988454 ) ) ;
#9194 = MECHANICAL_DESIGN_GEOMETRIC_PRESENTATION_REPRESENTATION (  '', ( #9522 ), #6388 ) ;
#9195 = ORIENTED_EDGE ( 'NONE', *, *, #8005, .F. ) ;
#9196 = FILL_AREA_STYLE ('',( #1158 ) ) ;
#9197 = CARTESIAN_POINT ( 'NONE',  ( 3.888707005762190416, 0.4150000000000004241, 1.732440418475945654 ) ) ;
#9198 = AXIS2_PLACEMENT_3D ( 'NONE', #6751, #9913, #2822 ) ;
#9199 = DIRECTION ( 'NONE',  ( -0.0000000000000000000, -1.000000000000000000, -0.0000000000000000000 ) ) ;
#9200 = EDGE_CURVE ( 'NONE', #5682, #3057, #5874, .T. ) ;
#9201 = SURFACE_STYLE_USAGE ( .BOTH. , #2815 ) ;
#9202 = LINE ( 'NONE', #475, #6347 ) ;
#9203 = CARTESIAN_POINT ( 'NONE',  ( 3.881702402145741360, -4.665000000000000036, 1.531712435151438845 ) ) ;
#9204 = ORIENTED_EDGE ( 'NONE', *, *, #9784, .T. ) ;
#9205 =( NAMED_UNIT ( * ) PLANE_ANGLE_UNIT ( ) SI_UNIT ( $, .RADIAN. ) );
#9206 = SURFACE_STYLE_FILL_AREA ( #7652 ) ;
#9207 = PRESENTATION_LAYER_ASSIGNMENT (  '', '', ( #5561 ) ) ;
#9208 = DIRECTION ( 'NONE',  ( 4.342151275111226558E-15, 0.0000000000000000000, -1.000000000000000000 ) ) ;
#9209 =( LENGTH_UNIT ( ) NAMED_UNIT ( * ) SI_UNIT ( .MILLI., .METRE. ) );
#9210 = DIRECTION ( 'NONE',  ( 1.000000000000000000, 0.0000000000000000000, 2.451907390652843649E-15 ) ) ;
#9211 = ADVANCED_FACE ( 'NONE', ( #6090 ), #8581, .F. ) ;
#9212 = ADVANCED_FACE ( 'NONE', ( #3041 ), #5312, .T. ) ;
#9213 = CARTESIAN_POINT ( 'NONE',  ( -3.749999999999998668, -4.698076211353313880, 0.1000000000000000472 ) ) ;
#9214 =( NAMED_UNIT ( * ) SI_UNIT ( $, .STERADIAN. ) SOLID_ANGLE_UNIT ( ) );
#9215 = UNCERTAINTY_MEASURE_WITH_UNIT (LENGTH_MEASURE( 1.000000000000000082E-05 ), #7140, 'distance_accuracy_value', 'NONE');
#9216 = DIRECTION ( 'NONE',  ( 0.0000000000000000000, 0.0000000000000000000, 1.000000000000000000 ) ) ;
#9217 = CARTESIAN_POINT ( 'NONE',  ( 3.900000000000000799, -0.8549999999999998712, 1.600000000000000089 ) ) ;
#9218 = AXIS2_PLACEMENT_3D ( 'NONE', #636, #3814, #10123 ) ;
#9219 = ORIENTED_EDGE ( 'NONE', *, *, #583, .F. ) ;
#9220 = DIRECTION ( 'NONE',  ( -0.0000000000000000000, -0.0000000000000000000, -1.000000000000000000 ) ) ;
#9221 = FILL_AREA_STYLE_COLOUR ( '', #779 ) ;
#9222 = ORIENTED_EDGE ( 'NONE', *, *, #1284, .F. ) ;
#9223 = EDGE_CURVE ( 'NONE', #2506, #5490, #7856, .T. ) ;
#9224 = DIRECTION ( 'NONE',  ( -1.000000000000000000, -0.0000000000000000000, 8.270764333545149118E-16 ) ) ;
#9225 = SURFACE_SIDE_STYLE ('',( #8490 ) ) ;
#9226 = VECTOR ( 'NONE', #8462, 1000.000000000000000 ) ;
#9227 = SURFACE_STYLE_USAGE ( .BOTH. , #5386 ) ;
#9228 = DIRECTION ( 'NONE',  ( 1.000000000000000000, -0.0000000000000000000, -2.605290765066735698E-15 ) ) ;
#9229 = SURFACE_STYLE_FILL_AREA ( #6675 ) ;
#9230 = CIRCLE ( 'NONE', #6898, 0.09999999999999911737 ) ;
#9231 = STYLED_ITEM ( 'NONE', ( #2320 ), #3384 ) ;
#9232 = ORIENTED_EDGE ( 'NONE', *, *, #3904, .T. ) ;
#9233 = EDGE_CURVE ( 'NONE', #9566, #8756, #8839, .T. ) ;
#9234 = FACE_OUTER_BOUND ( 'NONE', #8048, .T. ) ;
#9235 = ORIENTED_EDGE ( 'NONE', *, *, #8383, .T. ) ;
#9236 = UNCERTAINTY_MEASURE_WITH_UNIT (LENGTH_MEASURE( 1.000000000000000082E-05 ), #3615, 'distance_accuracy_value', 'NONE');
#9237 = AXIS2_PLACEMENT_3D ( 'NONE', #7353, #3473, #233 ) ;
#9238 = ORIENTED_EDGE ( 'NONE', *, *, #5029, .F. ) ;
#9239 = ORIENTED_EDGE ( 'NONE', *, *, #797, .T. ) ;
#9240 = FACE_OUTER_BOUND ( 'NONE', #8606, .T. ) ;
#9241 = FACE_OUTER_BOUND ( 'NONE', #1598, .T. ) ;
#9242 = PRESENTATION_LAYER_ASSIGNMENT (  '', '', ( #8745 ) ) ;
#9243 = VERTEX_POINT ( 'NONE', #948 ) ;
#9244 = CARTESIAN_POINT ( 'NONE',  ( -3.888707005762189528, 4.665000000000000924, 1.432440418475948274 ) ) ;
#9245 =( LENGTH_UNIT ( ) NAMED_UNIT ( * ) SI_UNIT ( .MILLI., .METRE. ) );
#9246 = VECTOR ( 'NONE', #3377, 1000.000000000000000 ) ;
#9247 = DIRECTION ( 'NONE',  ( 2.451907390652843255E-15, 0.0000000000000000000, -1.000000000000000000 ) ) ;
#9248 = LINE ( 'NONE', #2817, #8601 ) ;
#9249 = EDGE_LOOP ( 'NONE', ( #5747, #4539, #8305, #10090 ) ) ;
#9250 = SURFACE_SIDE_STYLE ('',( #6087 ) ) ;
#9251 = FACE_OUTER_BOUND ( 'NONE', #5831, .T. ) ;
#9252 = FACE_OUTER_BOUND ( 'NONE', #3299, .T. ) ;
#9253 = SURFACE_SIDE_STYLE ('',( #6303 ) ) ;
#9254 = EDGE_CURVE ( 'NONE', #4245, #109, #3314, .T. ) ;
#9255 = DIRECTION ( 'NONE',  ( 0.0000000000000000000, 0.0000000000000000000, 1.000000000000000000 ) ) ;
#9256 = PRESENTATION_STYLE_ASSIGNMENT (( #4375 ) ) ;
#9257 = VECTOR ( 'NONE', #1920, 1000.000000000000000 ) ;
#9258 = DIRECTION ( 'NONE',  ( 0.0000000000000000000, 0.0000000000000000000, -1.000000000000000000 ) ) ;
#9259 = SURFACE_STYLE_USAGE ( .BOTH. , #2116 ) ;
#9260 = CYLINDRICAL_SURFACE ( 'NONE', #9884, 0.09999999999999911737 ) ;
#9261 = EDGE_CURVE ( 'NONE', #7319, #9803, #7334, .T. ) ;
#9262 = LINE ( 'NONE', #7613, #3204 ) ;
#9263 = ADVANCED_FACE ( 'NONE', ( #7124 ), #4896, .F. ) ;
#9264 = PRESENTATION_LAYER_ASSIGNMENT (  '', '', ( #6937 ) ) ;
#9265 = ORIENTED_EDGE ( 'NONE', *, *, #3794, .T. ) ;
#9266 = ORIENTED_EDGE ( 'NONE', *, *, #4310, .T. ) ;
#9267 = VECTOR ( 'NONE', #7603, 1000.000000000000000 ) ;
#9268 = EDGE_LOOP ( 'NONE', ( #3705, #658, #7872, #7112 ) ) ;
#9269 =( NAMED_UNIT ( * ) PLANE_ANGLE_UNIT ( ) SI_UNIT ( $, .RADIAN. ) );
#9270 = SURFACE_SIDE_STYLE ('',( #5379 ) ) ;
#9271 = ADVANCED_FACE ( 'NONE', ( #851 ), #8730, .T. ) ;
#9272 = CARTESIAN_POINT ( 'NONE',  ( -3.881702402145739139, -0.4149999999999995914, 1.531712435151439733 ) ) ;
#9273 = SURFACE_STYLE_USAGE ( .BOTH. , #1286 ) ;
#9274 = ORIENTED_EDGE ( 'NONE', *, *, #3324, .T. ) ;
#9275 = VECTOR ( 'NONE', #2618, 1000.000000000000000 ) ;
#9276 =( NAMED_UNIT ( * ) SI_UNIT ( $, .STERADIAN. ) SOLID_ANGLE_UNIT ( ) );
#9277 = SURFACE_STYLE_USAGE ( .BOTH. , #3696 ) ;
#9278 = MANIFOLD_SOLID_BREP ( '????????3', #4406 ) ;
#9279 = LINE ( 'NONE', #507, #9526 ) ;
#9280 = ADVANCED_FACE ( 'NONE', ( #1154 ), #2868, .T. ) ;
#9281 = ORIENTED_EDGE ( 'NONE', *, *, #343, .F. ) ;
#9282 = CYLINDRICAL_SURFACE ( 'NONE', #8358, 0.2999999999999999334 ) ;
#9283 = CIRCLE ( 'NONE', #2494, 0.2999999999999999889 ) ;
#9284 = EDGE_LOOP ( 'NONE', ( #4198, #8113, #9539, #1457 ) ) ;
#9285 = EDGE_LOOP ( 'NONE', ( #1032, #1802, #8655, #5925 ) ) ;
#9286 = CARTESIAN_POINT ( 'NONE',  ( 5.150000000000001243, -0.4149999999999995914, 0.0000000000000000000 ) ) ;
#9287 = ORIENTED_EDGE ( 'NONE', *, *, #5088, .T. ) ;
#9288 = EDGE_CURVE ( 'NONE', #6187, #5611, #5876, .T. ) ;
#9289 =( NAMED_UNIT ( * ) PLANE_ANGLE_UNIT ( ) SI_UNIT ( $, .RADIAN. ) );
#9290 = ORIENTED_EDGE ( 'NONE', *, *, #2051, .F. ) ;
#9291 = DIRECTION ( 'NONE',  ( 0.0000000000000000000, 0.0000000000000000000, -1.000000000000000000 ) ) ;
#9292 =( GEOMETRIC_REPRESENTATION_CONTEXT ( 3 ) GLOBAL_UNCERTAINTY_ASSIGNED_CONTEXT ( ( #1357 ) ) GLOBAL_UNIT_ASSIGNED_CONTEXT ( ( #6968, #2938, #7713 ) ) REPRESENTATION_CONTEXT ( 'NONE', 'WORKASPACE' ) );
#9293 = ORIENTED_EDGE ( 'NONE', *, *, #9773, .T. ) ;
#9294 = SURFACE_STYLE_FILL_AREA ( #10229 ) ;
#9295 = PRESENTATION_STYLE_ASSIGNMENT (( #4617 ) ) ;
#9296 = COLOUR_RGB ( '',0.7529411764705882248, 0.7529411764705882248, 0.7529411764705882248 ) ;
#9297 = CARTESIAN_POINT ( 'NONE',  ( -3.899999999999999467, 2.125000000000000444, 1.600000000000000089 ) ) ;
#9298 = CARTESIAN_POINT ( 'NONE',  ( 4.199115124434927182, -4.665000000000000036, 0.2479055466999157964 ) ) ;
#9299 = SURFACE_STYLE_FILL_AREA ( #7704 ) ;
#9300 = LINE ( 'NONE', #3816, #6056 ) ;
#9301 = FILL_AREA_STYLE_COLOUR ( '', #3080 ) ;
#9302 =( NAMED_UNIT ( * ) SI_UNIT ( $, .STERADIAN. ) SOLID_ANGLE_UNIT ( ) );
#9303 =( NAMED_UNIT ( * ) SI_UNIT ( $, .STERADIAN. ) SOLID_ANGLE_UNIT ( ) );
#9304 =( GEOMETRIC_REPRESENTATION_CONTEXT ( 3 ) GLOBAL_UNCERTAINTY_ASSIGNED_CONTEXT ( ( #5900 ) ) GLOBAL_UNIT_ASSIGNED_CONTEXT ( ( #5784, #6863, #9303 ) ) REPRESENTATION_CONTEXT ( 'NONE', 'WORKASPACE' ) );
#9305 = SURFACE_STYLE_USAGE ( .BOTH. , #6914 ) ;
#9306 = AXIS2_PLACEMENT_3D ( 'NONE', #2270, #4638, #9216 ) ;
#9307 = DIRECTION ( 'NONE',  ( 0.2588190451025212946, 3.401359648251847407E-17, -0.9659258262890680902 ) ) ;
#9308 = DIRECTION ( 'NONE',  ( 0.1736481776669392962, 0.0000000000000000000, -0.9848077530122064660 ) ) ;
#9309 = UNCERTAINTY_MEASURE_WITH_UNIT (LENGTH_MEASURE( 1.000000000000000082E-05 ), #3391, 'distance_accuracy_value', 'NONE');
#9310 = LINE ( 'NONE', #3739, #6357 ) ;
#9311 = CARTESIAN_POINT ( 'NONE',  ( -3.868266076183284330, 0.8550000000000007594, 1.408079867214329095 ) ) ;
#9312 = VECTOR ( 'NONE', #2126, 1000.000000000000000 ) ;
#9313 = ORIENTED_EDGE ( 'NONE', *, *, #2875, .F. ) ;
#9314 = EDGE_LOOP ( 'NONE', ( #2134, #2686, #3851, #3154 ) ) ;
#9315 = ORIENTED_EDGE ( 'NONE', *, *, #9072, .T. ) ;
#9316 = DIRECTION ( 'NONE',  ( -0.0000000000000000000, -1.000000000000000000, 0.0000000000000000000 ) ) ;
#9317 = DIRECTION ( 'NONE',  ( -0.0000000000000000000, -1.000000000000000000, -0.0000000000000000000 ) ) ;
#9318 = PRESENTATION_LAYER_ASSIGNMENT (  '', '', ( #3533 ) ) ;
#9319 = DIRECTION ( 'NONE',  ( 0.0000000000000000000, -1.000000000000000000, 0.0000000000000000000 ) ) ;
#9320 = FILL_AREA_STYLE ('',( #3002 ) ) ;
#9321 = ORIENTED_EDGE ( 'NONE', *, *, #4178, .T. ) ;
#9322 =( NAMED_UNIT ( * ) PLANE_ANGLE_UNIT ( ) SI_UNIT ( $, .RADIAN. ) );
#9323 =( NAMED_UNIT ( * ) SI_UNIT ( $, .STERADIAN. ) SOLID_ANGLE_UNIT ( ) );
#9324 = FILL_AREA_STYLE ('',( #6222 ) ) ;
#9325 = SURFACE_STYLE_USAGE ( .BOTH. , #8550 ) ;
#9326 = ADVANCED_FACE ( 'NONE', ( #1997 ), #8158, .F. ) ;
#9327 = MECHANICAL_DESIGN_GEOMETRIC_PRESENTATION_REPRESENTATION (  '', ( #5024 ), #9002 ) ;
#9328 = MECHANICAL_DESIGN_GEOMETRIC_PRESENTATION_REPRESENTATION (  '', ( #7998 ), #6191 ) ;
#9329 = EDGE_CURVE ( 'NONE', #1350, #5237, #8987, .T. ) ;
#9330 =( GEOMETRIC_REPRESENTATION_CONTEXT ( 3 ) GLOBAL_UNCERTAINTY_ASSIGNED_CONTEXT ( ( #5929 ) ) GLOBAL_UNIT_ASSIGNED_CONTEXT ( ( #7780, #1549, #3282 ) ) REPRESENTATION_CONTEXT ( 'NONE', 'WORKASPACE' ) );
#9331 =( NAMED_UNIT ( * ) SI_UNIT ( $, .STERADIAN. ) SOLID_ANGLE_UNIT ( ) );
#9332 = VERTEX_POINT ( 'NONE', #1306 ) ;
#9333 = LINE ( 'NONE', #10212, #4364 ) ;
#9334 = VECTOR ( 'NONE', #8843, 1000.000000000000000 ) ;
#9335 = VERTEX_POINT ( 'NONE', #6895 ) ;
#9336 = PRESENTATION_LAYER_ASSIGNMENT (  '', '', ( #8182 ) ) ;
#9337 = FACE_OUTER_BOUND ( 'NONE', #9655, .T. ) ;
#9338 = ORIENTED_EDGE ( 'NONE', *, *, #7173, .F. ) ;
#9339 = EDGE_CURVE ( 'NONE', #6650, #7167, #5297, .T. ) ;
#9340 = EDGE_CURVE ( 'NONE', #8148, #1570, #4670, .T. ) ;
#9341 = VECTOR ( 'NONE', #9796, 1000.000000000000000 ) ;
#9342 = STYLED_ITEM ( 'NONE', ( #2437 ), #2738 ) ;
#9343 = DIRECTION ( 'NONE',  ( -0.1736481776669393240, 0.0000000000000000000, -0.9848077530122064660 ) ) ;
#9344 = VERTEX_POINT ( 'NONE', #628 ) ;
#9345 = CARTESIAN_POINT ( 'NONE',  ( 3.800269556891266998, 0.4150000000000004241, 1.732440418475946320 ) ) ;
#9346 = PRESENTATION_LAYER_ASSIGNMENT (  '', '', ( #6202 ) ) ;
#9347 = DIRECTION ( 'NONE',  ( -0.1736481776669387411, 0.0000000000000000000, -0.9848077530122064660 ) ) ;
#9348 = ORIENTED_EDGE ( 'NONE', *, *, #71, .F. ) ;
#9349 = CIRCLE ( 'NONE', #1902, 0.09999999999999911737 ) ;
#9350 = FILL_AREA_STYLE_COLOUR ( '', #7337 ) ;
#9351 = ADVANCED_FACE ( 'NONE', ( #9240 ), #2916, .T. ) ;
#9352 = AXIS2_PLACEMENT_3D ( 'NONE', #690, #3675, #10074 ) ;
#9353 = COLOUR_RGB ( '',0.7529411764705882248, 0.7529411764705882248, 0.7529411764705882248 ) ;
#9354 = AXIS2_PLACEMENT_3D ( 'NONE', #7024, #2210, #10240 ) ;
#9355 = ORIENTED_EDGE ( 'NONE', *, *, #9288, .F. ) ;
#9356 = STYLED_ITEM ( 'NONE', ( #6986 ), #3092 ) ;
#9357 =( NAMED_UNIT ( * ) PLANE_ANGLE_UNIT ( ) SI_UNIT ( $, .RADIAN. ) );
#9358 = CARTESIAN_POINT ( 'NONE',  ( -4.184149331665849125, 0.4150000000000004241, 1.484534871776029386 ) ) ;
#9359 = CARTESIAN_POINT ( 'NONE',  ( -3.990737311234598295, 0.4150000000000004241, 1.429674850314565093 ) ) ;
#9360 = CARTESIAN_POINT ( 'NONE',  ( 4.494557450338590776, -4.224999999999999645, 0.1999999999999988454 ) ) ;
#9361 = SURFACE_SIDE_STYLE ('',( #9159 ) ) ;
#9362 = CYLINDRICAL_SURFACE ( 'NONE', #9711, 0.2999999999999983791 ) ;
#9363 = CARTESIAN_POINT ( 'NONE',  ( 4.494557450338587223, -3.394999999999999574, -1.084202172485504434E-15 ) ) ;
#9364 = DIRECTION ( 'NONE',  ( -1.000000000000000000, 0.0000000000000000000, 2.605290765066735304E-15 ) ) ;
#9365 = CARTESIAN_POINT ( 'NONE',  ( -3.868266076183284774, 3.395000000000000462, 1.408079867214329095 ) ) ;
#9366 = ORIENTED_EDGE ( 'NONE', *, *, #9340, .T. ) ;
#9367 = ORIENTED_EDGE ( 'NONE', *, *, #2300, .F. ) ;
#9368 = ORIENTED_EDGE ( 'NONE', *, *, #1278, .T. ) ;
#9369 = CARTESIAN_POINT ( 'NONE',  ( 3.864512696824131233, -1.684999999999999831, 1.732440418475946542 ) ) ;
#9370 = FACE_OUTER_BOUND ( 'NONE', #5071, .T. ) ;
#9371 = ORIENTED_EDGE ( 'NONE', *, *, #3199, .F. ) ;
#9372 = LINE ( 'NONE', #6114, #3839 ) ;
#9373 = DIRECTION ( 'NONE',  ( -0.0000000000000000000, -1.000000000000000000, -0.0000000000000000000 ) ) ;
#9374 = CARTESIAN_POINT ( 'NONE',  ( 3.888707005762189972, 1.685000000000000275, 1.732440418475945654 ) ) ;
#9375 = VECTOR ( 'NONE', #3242, 1000.000000000000227 ) ;
#9376 = FILL_AREA_STYLE ('',( #3064 ) ) ;
#9377 = LINE ( 'NONE', #2285, #1399 ) ;
#9378 = FILL_AREA_STYLE ('',( #560 ) ) ;
#9379 = ORIENTED_EDGE ( 'NONE', *, *, #4900, .T. ) ;
#9380 = PRESENTATION_STYLE_ASSIGNMENT (( #6229 ) ) ;
#9381 = ORIENTED_EDGE ( 'NONE', *, *, #9644, .F. ) ;
#9382 = STYLED_ITEM ( 'NONE', ( #3100 ), #135 ) ;
#9383 = PLANE ( 'NONE',  #8949 ) ;
#9384 = EDGE_CURVE ( 'NONE', #2819, #4830, #10061, .T. ) ;
#9385 = ORIENTED_EDGE ( 'NONE', *, *, #1631, .T. ) ;
#9386 = LINE ( 'NONE', #8764, #5853 ) ;
#9387 = SURFACE_STYLE_FILL_AREA ( #3085 ) ;
#9388 = EDGE_CURVE ( 'NONE', #6575, #5611, #1468, .T. ) ;
#9389 = ORIENTED_EDGE ( 'NONE', *, *, #192, .T. ) ;
#9390 = DIRECTION ( 'NONE',  ( 0.0000000000000000000, 0.0000000000000000000, 1.000000000000000000 ) ) ;
#9391 = ORIENTED_EDGE ( 'NONE', *, *, #3021, .T. ) ;
#9392 = ADVANCED_FACE ( 'NONE', ( #1512 ), #5446, .F. ) ;
#9393 = CARTESIAN_POINT ( 'NONE',  ( 4.184149331665849125, 3.395000000000000462, 1.484534871776028275 ) ) ;
#9394 = EDGE_LOOP ( 'NONE', ( #613, #262, #9795, #3014, #2651, #8501, #8592, #9065, #7190, #2606, #7615, #3785 ) ) ;
#9395 = VECTOR ( 'NONE', #8542, 1000.000000000000000 ) ;
#9396 = PRESENTATION_LAYER_ASSIGNMENT (  '', '', ( #1792 ) ) ;
#9397 = FACE_OUTER_BOUND ( 'NONE', #3802, .T. ) ;
#9398 = ORIENTED_EDGE ( 'NONE', *, *, #37, .F. ) ;
#9399 = SURFACE_STYLE_FILL_AREA ( #5456 ) ;
#9400 = CARTESIAN_POINT ( 'NONE',  ( 3.868266076183286550, -2.125000000000000000, 1.408079867214328207 ) ) ;
#9401 = EDGE_CURVE ( 'NONE', #5190, #2917, #4871, .T. ) ;
#9402 = VERTEX_POINT ( 'NONE', #5754 ) ;
#9403 =( LENGTH_UNIT ( ) NAMED_UNIT ( * ) SI_UNIT ( .MILLI., .METRE. ) );
#9404 = CARTESIAN_POINT ( 'NONE',  ( -4.494557450338587223, -2.954999999999999183, 0.3000000000000000444 ) ) ;
#9405 = CARTESIAN_POINT ( 'NONE',  ( -3.899999999999999023, 0.4150000000000004241, 1.600000000000000089 ) ) ;
#9406 = CARTESIAN_POINT ( 'NONE',  ( -5.149999999999998579, -4.224999999999999645, 0.0000000000000000000 ) ) ;
#9407 = CARTESIAN_POINT ( 'NONE',  ( -4.494557450338584559, -0.4149999999999995914, 1.680513367352531873E-15 ) ) ;
#9408 =( GEOMETRIC_REPRESENTATION_CONTEXT ( 3 ) GLOBAL_UNCERTAINTY_ASSIGNED_CONTEXT ( ( #9950 ) ) GLOBAL_UNIT_ASSIGNED_CONTEXT ( ( #9857, #6691, #3664 ) ) REPRESENTATION_CONTEXT ( 'NONE', 'WORKASPACE' ) );
#9409 = CONICAL_SURFACE ( 'NONE', #9735, 0.1499999999999995226, 0.2617993877991500740 ) ;
#9410 = FILL_AREA_STYLE_COLOUR ( '', #6834 ) ;
#9411 = CARTESIAN_POINT ( 'NONE',  ( -3.800269556891265221, 0.8550000000000007594, 1.732440418475947208 ) ) ;
#9412 = CARTESIAN_POINT ( 'NONE',  ( 4.494557450338589888, 0.8550000000000007594, 0.1999999999999988454 ) ) ;
#9413 = DIRECTION ( 'NONE',  ( 0.0000000000000000000, 0.0000000000000000000, -1.000000000000000000 ) ) ;
#9414 = EDGE_CURVE ( 'NONE', #4719, #3831, #2645, .T. ) ;
#9415 = ORIENTED_EDGE ( 'NONE', *, *, #642, .F. ) ;
#9416 = ORIENTED_EDGE ( 'NONE', *, *, #6484, .F. ) ;
#9417 =( NAMED_UNIT ( * ) SI_UNIT ( $, .STERADIAN. ) SOLID_ANGLE_UNIT ( ) );
#9418 = VERTEX_POINT ( 'NONE', #4342 ) ;
#9419 = CARTESIAN_POINT ( 'NONE',  ( 3.868266076183286994, -4.224999999999999645, 1.408079867214328207 ) ) ;
#9420 = FACE_OUTER_BOUND ( 'NONE', #7477, .T. ) ;
#9421 =( GEOMETRIC_REPRESENTATION_CONTEXT ( 3 ) GLOBAL_UNCERTAINTY_ASSIGNED_CONTEXT ( ( #9546 ) ) GLOBAL_UNIT_ASSIGNED_CONTEXT ( ( #7917, #956, #5522 ) ) REPRESENTATION_CONTEXT ( 'NONE', 'WORKASPACE' ) );
#9422 = CARTESIAN_POINT ( 'NONE',  ( 3.900000000000001243, -3.394999999999999574, 1.600000000000000089 ) ) ;
#9423 =( LENGTH_UNIT ( ) NAMED_UNIT ( * ) SI_UNIT ( .MILLI., .METRE. ) );
#9424 = AXIS2_PLACEMENT_3D ( 'NONE', #5990, #3725, #2929 ) ;
#9425 = SURFACE_STYLE_USAGE ( .BOTH. , #1501 ) ;
#9426 = EDGE_LOOP ( 'NONE', ( #2301, #302, #2476, #7888 ) ) ;
#9427 = FILL_AREA_STYLE_COLOUR ( '', #2233 ) ;
#9428 = ORIENTED_EDGE ( 'NONE', *, *, #8713, .T. ) ;
#9429 = AXIS2_PLACEMENT_3D ( 'NONE', #5438, #7106, #5392 ) ;
#9430 = ORIENTED_EDGE ( 'NONE', *, *, #9475, .F. ) ;
#9431 = FILL_AREA_STYLE_COLOUR ( '', #8862 ) ;
#9432 = DIRECTION ( 'NONE',  ( -0.0000000000000000000, -1.000000000000000000, -0.0000000000000000000 ) ) ;
#9433 = DIRECTION ( 'NONE',  ( -0.0000000000000000000, -1.000000000000000000, -0.0000000000000000000 ) ) ;
#9434 = FACE_OUTER_BOUND ( 'NONE', #2869, .T. ) ;
#9435 = CIRCLE ( 'NONE', #324, 0.2999999999999983791 ) ;
#9436 = CIRCLE ( 'NONE', #828, 0.1243605512616186154 ) ;
#9437 = EDGE_CURVE ( 'NONE', #3202, #9332, #2595, .T. ) ;
#9438 = CARTESIAN_POINT ( 'NONE',  ( -4.494557450338583671, -4.224999999999999645, 1.680513367352531873E-15 ) ) ;
#9439 = ORIENTED_EDGE ( 'NONE', *, *, #8835, .F. ) ;
#9440 = DIRECTION ( 'NONE',  ( 1.000000000000000000, 0.0000000000000000000, 2.563936943398996305E-15 ) ) ;
#9441 = ORIENTED_EDGE ( 'NONE', *, *, #1665, .T. ) ;
#9442 = VERTEX_POINT ( 'NONE', #5077 ) ;
#9443 = AXIS2_PLACEMENT_3D ( 'NONE', #2282, #2179, #6930 ) ;
#9444 = VECTOR ( 'NONE', #282, 1000.000000000000000 ) ;
#9445 = CARTESIAN_POINT ( 'NONE',  ( 5.150000000000000355, 2.955000000000000071, 0.2000000000000016764 ) ) ;
#9446 = ADVANCED_FACE ( 'NONE', ( #3532 ), #3483, .F. ) ;
#9447 = VERTEX_POINT ( 'NONE', #5801 ) ;
#9448 = SURFACE_SIDE_STYLE ('',( #3096 ) ) ;
#9449 = ADVANCED_FACE ( 'NONE', ( #6624 ), #8296, .T. ) ;
#9450 = ADVANCED_FACE ( 'NONE', ( #3592 ), #6728, .F. ) ;
#9451 = CARTESIAN_POINT ( 'NONE',  ( 4.494557450338589000, 3.395000000000000462, 0.1999999999999988454 ) ) ;
#9452 = FILL_AREA_STYLE_COLOUR ( '', #4451 ) ;
#9453 = VECTOR ( 'NONE', #4721, 1000.000000000000000 ) ;
#9454 = MECHANICAL_DESIGN_GEOMETRIC_PRESENTATION_REPRESENTATION (  '', ( #6969 ), #1849 ) ;
#9455 = CARTESIAN_POINT ( 'NONE',  ( 3.750000000000000444, -5.099999999999999645, 1.600000000000000089 ) ) ;
#9456 = CARTESIAN_POINT ( 'NONE',  ( 3.899999999999999911, 4.665000000000000924, 1.600000000000000089 ) ) ;
#9457 = LINE ( 'NONE', #691, #962 ) ;
#9458 = DIRECTION ( 'NONE',  ( 0.0000000000000000000, 1.000000000000000000, -0.0000000000000000000 ) ) ;
#9459 = EDGE_CURVE ( 'NONE', #8190, #7911, #2183, .T. ) ;
#9460 = EDGE_CURVE ( 'NONE', #2835, #9826, #9279, .T. ) ;
#9461 = SURFACE_STYLE_FILL_AREA ( #6311 ) ;
#9462 = DIRECTION ( 'NONE',  ( -0.0000000000000000000, -1.000000000000000000, 0.0000000000000000000 ) ) ;
#9463 = VECTOR ( 'NONE', #5505, 1000.000000000000000 ) ;
#9464 = CARTESIAN_POINT ( 'NONE',  ( 4.396076675037369874, 4.665000000000000924, 0.2826351822333049157 ) ) ;
#9465 = ORIENTED_EDGE ( 'NONE', *, *, #908, .T. ) ;
#9466 = ORIENTED_EDGE ( 'NONE', *, *, #2380, .F. ) ;
#9467 = CARTESIAN_POINT ( 'NONE',  ( -3.868266076183283442, -4.665000000000000036, 1.408079867214329095 ) ) ;
#9468 = ORIENTED_EDGE ( 'NONE', *, *, #3741, .F. ) ;
#9469 =( NAMED_UNIT ( * ) SI_UNIT ( $, .STERADIAN. ) SOLID_ANGLE_UNIT ( ) );
#9470 = CARTESIAN_POINT ( 'NONE',  ( -2.899999999999999911, 4.150000000000000355, 3.500000000000000000 ) ) ;
#9471 = VECTOR ( 'NONE', #1433, 1000.000000000000000 ) ;
#9472 = DIRECTION ( 'NONE',  ( -0.2588190451025213501, -0.0000000000000000000, 0.9659258262890680902 ) ) ;
#9473 = FACE_OUTER_BOUND ( 'NONE', #7345, .T. ) ;
#9474 = VECTOR ( 'NONE', #5116, 1000.000000000000000 ) ;
#9475 = EDGE_CURVE ( 'NONE', #573, #8201, #7627, .T. ) ;
#9476 = FILL_AREA_STYLE_COLOUR ( '', #10105 ) ;
#9477 = VECTOR ( 'NONE', #5210, 1000.000000000000000 ) ;
#9478 = SURFACE_SIDE_STYLE ('',( #7927 ) ) ;
#9479 = VERTEX_POINT ( 'NONE', #6988 ) ;
#9480 = ORIENTED_EDGE ( 'NONE', *, *, #5536, .F. ) ;
#9481 = AXIS2_PLACEMENT_3D ( 'NONE', #6092, #2158, #8228 ) ;
#9482 = CARTESIAN_POINT ( 'NONE',  ( -3.899999999999999023, 0.8550000000000007594, 1.600000000000000089 ) ) ;
#9483 = ORIENTED_EDGE ( 'NONE', *, *, #8999, .F. ) ;
#9484 = STYLED_ITEM ( 'NONE', ( #4573 ), #2111 ) ;
#9485 = SURFACE_STYLE_USAGE ( .BOTH. , #143 ) ;
#9486 = CARTESIAN_POINT ( 'NONE',  ( 3.800269556891267442, -2.954999999999999183, 1.732440418475946320 ) ) ;
#9487 = STYLED_ITEM ( 'NONE', ( #9656 ), #8249 ) ;
#9488 = EDGE_LOOP ( 'NONE', ( #3611, #4356, #8454, #10155 ) ) ;
#9489 = MECHANICAL_DESIGN_GEOMETRIC_PRESENTATION_REPRESENTATION (  '', ( #3721 ), #1041 ) ;
#9490 = VECTOR ( 'NONE', #7132, 1000.000000000000000 ) ;
#9491 = ORIENTED_EDGE ( 'NONE', *, *, #906, .F. ) ;
#9492 = ORIENTED_EDGE ( 'NONE', *, *, #8971, .T. ) ;
#9493 = PRESENTATION_LAYER_ASSIGNMENT (  '', '', ( #1048 ) ) ;
#9494 = DIRECTION ( 'NONE',  ( -0.0000000000000000000, -1.000000000000000000, -0.0000000000000000000 ) ) ;
#9495 = AXIS2_PLACEMENT_3D ( 'NONE', #4312, #9199, #8992 ) ;
#9496 = STYLED_ITEM ( 'NONE', ( #3596 ), #2564 ) ;
#9497 = ORIENTED_EDGE ( 'NONE', *, *, #9339, .T. ) ;
#9498 =( LENGTH_UNIT ( ) NAMED_UNIT ( * ) SI_UNIT ( .MILLI., .METRE. ) );
#9499 = AXIS2_PLACEMENT_3D ( 'NONE', #8619, #3911, #2100 ) ;
#9500 = DIRECTION ( 'NONE',  ( 0.0000000000000000000, 0.0000000000000000000, -1.000000000000000000 ) ) ;
#9501 = SURFACE_STYLE_USAGE ( .BOTH. , #1581 ) ;
#9502 = VECTOR ( 'NONE', #8236, 1000.000000000000000 ) ;
#9503 = CARTESIAN_POINT ( 'NONE',  ( 3.900000000000000355, 3.395000000000000462, 1.600000000000000089 ) ) ;
#9504 =( LENGTH_UNIT ( ) NAMED_UNIT ( * ) SI_UNIT ( .MILLI., .METRE. ) );
#9505 =( NAMED_UNIT ( * ) SI_UNIT ( $, .STERADIAN. ) SOLID_ANGLE_UNIT ( ) );
#9506 =( NAMED_UNIT ( * ) SI_UNIT ( $, .STERADIAN. ) SOLID_ANGLE_UNIT ( ) );
#9507 = STYLED_ITEM ( 'NONE', ( #2775 ), #9147 ) ;
#9508 = DIRECTION ( 'NONE',  ( 0.0000000000000000000, 0.0000000000000000000, -1.000000000000000000 ) ) ;
#9509 = SURFACE_SIDE_STYLE ('',( #9461 ) ) ;
#9510 = DIRECTION ( 'NONE',  ( -0.0000000000000000000, -0.0000000000000000000, -1.000000000000000000 ) ) ;
#9511 = STYLED_ITEM ( 'NONE', ( #1508 ), #2928 ) ;
#9512 = UNCERTAINTY_MEASURE_WITH_UNIT (LENGTH_MEASURE( 1.000000000000000082E-05 ), #7382, 'distance_accuracy_value', 'NONE');
#9513 = LINE ( 'NONE', #2421, #9490 ) ;
#9514 = ORIENTED_EDGE ( 'NONE', *, *, #1665, .F. ) ;
#9515 = CARTESIAN_POINT ( 'NONE',  ( -3.990737311234599183, 4.225000000000000533, 1.429674850314565093 ) ) ;
#9516 = VECTOR ( 'NONE', #8077, 1000.000000000000114 ) ;
#9517 = EDGE_CURVE ( 'NONE', #5237, #629, #6828, .T. ) ;
#9518 = ORIENTED_EDGE ( 'NONE', *, *, #369, .T. ) ;
#9519 = CARTESIAN_POINT ( 'NONE',  ( -4.494557450338588112, 2.125000000000000444, 0.2999999999999999334 ) ) ;
#9520 =( LENGTH_UNIT ( ) NAMED_UNIT ( * ) SI_UNIT ( .MILLI., .METRE. ) );
#9521 = EDGE_CURVE ( 'NONE', #4641, #2859, #3698, .T. ) ;
#9522 = STYLED_ITEM ( 'NONE', ( #3890 ), #3140 ) ;
#9523 = DIRECTION ( 'NONE',  ( -1.314184451497581259E-16, 1.000000000000000000, -0.0000000000000000000 ) ) ;
#9524 = ADVANCED_FACE ( 'NONE', ( #10046 ), #3843, .F. ) ;
#9525 = STYLED_ITEM ( 'NONE', ( #9965 ), #3944 ) ;
#9526 = VECTOR ( 'NONE', #4495, 1000.000000000000000 ) ;
#9527 = FILL_AREA_STYLE ('',( #38 ) ) ;
#9528 = CYLINDRICAL_SURFACE ( 'NONE', #5200, 0.2999999999999999889 ) ;
#9529 = SURFACE_STYLE_FILL_AREA ( #7886 ) ;
#9530 = ORIENTED_EDGE ( 'NONE', *, *, #2122, .F. ) ;
#9531 =( NAMED_UNIT ( * ) SI_UNIT ( $, .STERADIAN. ) SOLID_ANGLE_UNIT ( ) );
#9532 = EDGE_CURVE ( 'NONE', #6845, #9479, #9377, .T. ) ;
#9533 =( GEOMETRIC_REPRESENTATION_CONTEXT ( 3 ) GLOBAL_UNCERTAINTY_ASSIGNED_CONTEXT ( ( #2990 ) ) GLOBAL_UNIT_ASSIGNED_CONTEXT ( ( #10149, #1761, #7202 ) ) REPRESENTATION_CONTEXT ( 'NONE', 'WORKASPACE' ) );
#9534 = DIRECTION ( 'NONE',  ( 1.000000000000000000, 0.0000000000000000000, 4.342151275111226558E-15 ) ) ;
#9535 = CARTESIAN_POINT ( 'NONE',  ( 4.494557450338589000, 3.395000000000000462, 0.2999999999999988787 ) ) ;
#9536 = DIRECTION ( 'NONE',  ( 0.0000000000000000000, -0.0000000000000000000, 1.000000000000000000 ) ) ;
#9537 =( LENGTH_UNIT ( ) NAMED_UNIT ( * ) SI_UNIT ( .MILLI., .METRE. ) );
#9538 = EDGE_CURVE ( 'NONE', #7545, #5320, #1499, .T. ) ;
#9539 = ORIENTED_EDGE ( 'NONE', *, *, #406, .F. ) ;
#9540 = ORIENTED_EDGE ( 'NONE', *, *, #642, .T. ) ;
#9541 = SURFACE_SIDE_STYLE ('',( #839 ) ) ;
#9542 = SURFACE_SIDE_STYLE ('',( #3248 ) ) ;
#9543 =( GEOMETRIC_REPRESENTATION_CONTEXT ( 3 ) GLOBAL_UNCERTAINTY_ASSIGNED_CONTEXT ( ( #1790 ) ) GLOBAL_UNIT_ASSIGNED_CONTEXT ( ( #4509, #8411, #1996 ) ) REPRESENTATION_CONTEXT ( 'NONE', 'WORKASPACE' ) );
#9544 = VECTOR ( 'NONE', #8685, 1000.000000000000000 ) ;
#9545 = ORIENTED_EDGE ( 'NONE', *, *, #4562, .T. ) ;
#9546 = UNCERTAINTY_MEASURE_WITH_UNIT (LENGTH_MEASURE( 1.000000000000000082E-05 ), #7917, 'distance_accuracy_value', 'NONE');
#9547 = LINE ( 'NONE', #686, #7286 ) ;
#9548 = DIRECTION ( 'NONE',  ( 0.0000000000000000000, 0.0000000000000000000, 1.000000000000000000 ) ) ;
#9549 = CARTESIAN_POINT ( 'NONE',  ( 4.494557450338589000, 2.955000000000000071, 0.1999999999999988454 ) ) ;
#9550 = VERTEX_POINT ( 'NONE', #3173 ) ;
#9551 = CARTESIAN_POINT ( 'NONE',  ( 4.494557450338589000, 3.395000000000000462, 0.2999999999999988787 ) ) ;
#9552 = UNCERTAINTY_MEASURE_WITH_UNIT (LENGTH_MEASURE( 1.000000000000000082E-05 ), #8731, 'distance_accuracy_value', 'NONE');
#9553 =( NAMED_UNIT ( * ) SI_UNIT ( $, .STERADIAN. ) SOLID_ANGLE_UNIT ( ) );
#9554 = FILL_AREA_STYLE ('',( #1637 ) ) ;
#9555 = FACE_OUTER_BOUND ( 'NONE', #1869, .T. ) ;
#9556 = STYLED_ITEM ( 'NONE', ( #8438 ), #592 ) ;
#9557 = MECHANICAL_DESIGN_GEOMETRIC_PRESENTATION_REPRESENTATION (  '', ( #5923 ), #7585 ) ;
#9558 = ORIENTED_EDGE ( 'NONE', *, *, #1715, .F. ) ;
#9559 = CARTESIAN_POINT ( 'NONE',  ( 4.494557450338586335, -0.8549999999999998712, -1.084202172485504434E-15 ) ) ;
#9560 = LINE ( 'NONE', #6554, #7520 ) ;
#9561 = VECTOR ( 'NONE', #5891, 1000.000000000000000 ) ;
#9562 = SURFACE_STYLE_USAGE ( .BOTH. , #855 ) ;
#9563 = CARTESIAN_POINT ( 'NONE',  ( -3.899999999999998579, -2.125000000000000000, 1.600000000000000089 ) ) ;
#9564 = PRESENTATION_LAYER_ASSIGNMENT (  '', '', ( #7088 ) ) ;
#9565 = PLANE ( 'NONE',  #5343 ) ;
#9566 = VERTEX_POINT ( 'NONE', #7098 ) ;
#9567 = EDGE_LOOP ( 'NONE', ( #5455, #1674, #3431, #7210 ) ) ;
#9568 = ADVANCED_FACE ( 'NONE', ( #10209 ), #9528, .T. ) ;
#9569 = ORIENTED_EDGE ( 'NONE', *, *, #5029, .T. ) ;
#9570 = DIRECTION ( 'NONE',  ( 0.0000000000000000000, 0.0000000000000000000, 1.000000000000000000 ) ) ;
#9571 = SURFACE_STYLE_FILL_AREA ( #7970 ) ;
#9572 = AXIS2_PLACEMENT_3D ( 'NONE', #1848, #2622, #5002 ) ;
#9573 =( NAMED_UNIT ( * ) SI_UNIT ( $, .STERADIAN. ) SOLID_ANGLE_UNIT ( ) );
#9574 = DIRECTION ( 'NONE',  ( 0.1736481776669393240, -0.0000000000000000000, 0.9848077530122063550 ) ) ;
#9575 = ADVANCED_FACE ( 'NONE', ( #2336 ), #3892, .F. ) ;
#9576 = SURFACE_STYLE_FILL_AREA ( #6323 ) ;
#9577 = ORIENTED_EDGE ( 'NONE', *, *, #195, .F. ) ;
#9578 = DIRECTION ( 'NONE',  ( -0.2588190451025213501, 0.0000000000000000000, -0.9659258262890680902 ) ) ;
#9579 = CARTESIAN_POINT ( 'NONE',  ( -4.494557450338587223, -2.954999999999999183, 0.2999999999999999334 ) ) ;
#9580 = ORIENTED_EDGE ( 'NONE', *, *, #5775, .F. ) ;
#9581 = EDGE_CURVE ( 'NONE', #913, #2922, #7049, .T. ) ;
#9582 = FACE_OUTER_BOUND ( 'NONE', #8565, .T. ) ;
#9583 = DIRECTION ( 'NONE',  ( 1.000000000000000000, -0.0000000000000000000, -2.451907390652843649E-15 ) ) ;
#9584 = FILL_AREA_STYLE ('',( #3294 ) ) ;
#9585 = VERTEX_POINT ( 'NONE', #8702 ) ;
#9586 = DIRECTION ( 'NONE',  ( -0.1736481776669387411, -0.0000000000000000000, 0.9848077530122064660 ) ) ;
#9587 = CIRCLE ( 'NONE', #1489, 0.1243605512616186154 ) ;
#9588 = CARTESIAN_POINT ( 'NONE',  ( -4.396076675037368098, -4.224999999999999645, 0.2826351822333060815 ) ) ;
#9589 = EDGE_LOOP ( 'NONE', ( #3798, #625, #3886, #3322 ) ) ;
#9590 = DIRECTION ( 'NONE',  ( 1.314184451497580520E-16, -1.000000000000000000, 3.222258569307970441E-31 ) ) ;
#9591 = VERTEX_POINT ( 'NONE', #873 ) ;
#9592 = CARTESIAN_POINT ( 'NONE',  ( 3.990737311234600959, -2.954999999999999183, 1.429674850314564205 ) ) ;
#9593 = AXIS2_PLACEMENT_3D ( 'NONE', #5937, #6137, #2980 ) ;
#9594 = EDGE_CURVE ( 'NONE', #5422, #9418, #8031, .T. ) ;
#9595 = AXIS2_PLACEMENT_3D ( 'NONE', #8250, #3540, #2030 ) ;
#9596 = ORIENTED_EDGE ( 'NONE', *, *, #4195, .T. ) ;
#9597 = DIRECTION ( 'NONE',  ( -0.0000000000000000000, -1.000000000000000000, -0.0000000000000000000 ) ) ;
#9598 = ORIENTED_EDGE ( 'NONE', *, *, #1726, .T. ) ;
#9599 =( LENGTH_UNIT ( ) NAMED_UNIT ( * ) SI_UNIT ( .MILLI., .METRE. ) );
#9600 = PRESENTATION_STYLE_ASSIGNMENT (( #2614 ) ) ;
#9601 =( NAMED_UNIT ( * ) SI_UNIT ( $, .STERADIAN. ) SOLID_ANGLE_UNIT ( ) );
#9602 = COLOUR_RGB ( '',0.7529411764705882248, 0.7529411764705882248, 0.7529411764705882248 ) ;
#9603 = VECTOR ( 'NONE', #2344, 1000.000000000000000 ) ;
#9604 = ORIENTED_EDGE ( 'NONE', *, *, #8381, .F. ) ;
#9605 = PLANE ( 'NONE',  #6609 ) ;
#9606 = AXIS2_PLACEMENT_3D ( 'NONE', #4352, #6880, #10043 ) ;
#9607 = DIRECTION ( 'NONE',  ( 4.342151275111226558E-15, 0.0000000000000000000, -1.000000000000000000 ) ) ;
#9608 = DIRECTION ( 'NONE',  ( 0.0000000000000000000, 0.0000000000000000000, 1.000000000000000000 ) ) ;
#9609 = VECTOR ( 'NONE', #3517, 1000.000000000000000 ) ;
#9610 =( NAMED_UNIT ( * ) SI_UNIT ( $, .STERADIAN. ) SOLID_ANGLE_UNIT ( ) );
#9611 = SURFACE_SIDE_STYLE ('',( #6462 ) ) ;
#9612 = ORIENTED_EDGE ( 'NONE', *, *, #9384, .F. ) ;
#9613 = DIRECTION ( 'NONE',  ( 0.0000000000000000000, 1.000000000000000000, 0.0000000000000000000 ) ) ;
#9614 = ORIENTED_EDGE ( 'NONE', *, *, #1352, .F. ) ;
#9615 =( LENGTH_UNIT ( ) NAMED_UNIT ( * ) SI_UNIT ( .MILLI., .METRE. ) );
#9616 =( NAMED_UNIT ( * ) SI_UNIT ( $, .STERADIAN. ) SOLID_ANGLE_UNIT ( ) );
#9617 = DIRECTION ( 'NONE',  ( -0.1736481776669393240, 0.0000000000000000000, -0.9848077530122064660 ) ) ;
#9618 = FACE_OUTER_BOUND ( 'NONE', #8483, .T. ) ;
#9619 = DIRECTION ( 'NONE',  ( -0.0000000000000000000, -1.000000000000000000, -0.0000000000000000000 ) ) ;
#9620 = DIRECTION ( 'NONE',  ( -0.0000000000000000000, -1.000000000000000000, -0.0000000000000000000 ) ) ;
#9621 = UNCERTAINTY_MEASURE_WITH_UNIT (LENGTH_MEASURE( 1.000000000000000082E-05 ), #6010, 'distance_accuracy_value', 'NONE');
#9622 = DIRECTION ( 'NONE',  ( 0.0000000000000000000, 1.000000000000000000, 0.0000000000000000000 ) ) ;
#9623 = CARTESIAN_POINT ( 'NONE',  ( 3.900000000000000355, 2.955000000000000071, 1.600000000000000089 ) ) ;
#9624 = PRESENTATION_LAYER_ASSIGNMENT (  '', '', ( #4487 ) ) ;
#9625 = ORIENTED_EDGE ( 'NONE', *, *, #343, .T. ) ;
#9626 = DIRECTION ( 'NONE',  ( -2.563936943398996305E-15, 0.0000000000000000000, 1.000000000000000000 ) ) ;
#9627 = VERTEX_POINT ( 'NONE', #4760 ) ;
#9628 =( NAMED_UNIT ( * ) PLANE_ANGLE_UNIT ( ) SI_UNIT ( $, .RADIAN. ) );
#9629 = VECTOR ( 'NONE', #2213, 1000.000000000000000 ) ;
#9630 = EDGE_CURVE ( 'NONE', #3597, #8342, #4036, .T. ) ;
#9631 =( NAMED_UNIT ( * ) PLANE_ANGLE_UNIT ( ) SI_UNIT ( $, .RADIAN. ) );
#9632 = VECTOR ( 'NONE', #1334, 1000.000000000000114 ) ;
#9633 = ORIENTED_EDGE ( 'NONE', *, *, #2254, .F. ) ;
#9634 = SURFACE_STYLE_USAGE ( .BOTH. , #4929 ) ;
#9635 = UNCERTAINTY_MEASURE_WITH_UNIT (LENGTH_MEASURE( 1.000000000000000082E-05 ), #8329, 'distance_accuracy_value', 'NONE');
#9636 = EDGE_CURVE ( 'NONE', #9402, #3111, #3988, .T. ) ;
#9637 = SURFACE_STYLE_USAGE ( .BOTH. , #6489 ) ;
#9638 = EDGE_CURVE ( 'NONE', #6209, #4100, #4129, .T. ) ;
#9639 = FACE_OUTER_BOUND ( 'NONE', #1280, .T. ) ;
#9640 = ORIENTED_EDGE ( 'NONE', *, *, #7173, .T. ) ;
#9641 = CARTESIAN_POINT ( 'NONE',  ( 3.750000000000000444, -4.949999999999998401, 1.040192378864666756 ) ) ;
#9642 = CARTESIAN_POINT ( 'NONE',  ( -4.494557450338589000, 3.395000000000000462, 0.2000000000000008993 ) ) ;
#9643 = UNCERTAINTY_MEASURE_WITH_UNIT (LENGTH_MEASURE( 1.000000000000000082E-05 ), #7007, 'distance_accuracy_value', 'NONE');
#9644 = EDGE_CURVE ( 'NONE', #4559, #10022, #5746, .T. ) ;
#9645 = ORIENTED_EDGE ( 'NONE', *, *, #8963, .F. ) ;
#9646 = CARTESIAN_POINT ( 'NONE',  ( 4.494557450338585447, 3.395000000000000462, 5.421010862427522170E-16 ) ) ;
#9647 = MECHANICAL_DESIGN_GEOMETRIC_PRESENTATION_REPRESENTATION (  '', ( #1888 ), #8495 ) ;
#9648 = COLOUR_RGB ( '',0.7529411764705882248, 0.7529411764705882248, 0.7529411764705882248 ) ;
#9649 = SURFACE_STYLE_USAGE ( .BOTH. , #2508 ) ;
#9650 = VERTEX_POINT ( 'NONE', #7508 ) ;
#9651 = PLANE ( 'NONE',  #9870 ) ;
#9652 = SURFACE_SIDE_STYLE ('',( #7181 ) ) ;
#9653 = SURFACE_STYLE_USAGE ( .BOTH. , #4897 ) ;
#9654 = EDGE_CURVE ( 'NONE', #4385, #3180, #4200, .T. ) ;
#9655 = EDGE_LOOP ( 'NONE', ( #3446, #618, #5685, #5932 ) ) ;
#9656 = PRESENTATION_STYLE_ASSIGNMENT (( #1105 ) ) ;
#9657 = VECTOR ( 'NONE', #4848, 1000.000000000000000 ) ;
#9658 = VECTOR ( 'NONE', #459, 1000.000000000000000 ) ;
#9659 = CARTESIAN_POINT ( 'NONE',  ( 3.868266076183286994, -4.665000000000000036, 1.408079867214328207 ) ) ;
#9660 = MECHANICAL_DESIGN_GEOMETRIC_PRESENTATION_REPRESENTATION (  '', ( #3061 ), #725 ) ;
#9661 = ORIENTED_EDGE ( 'NONE', *, *, #9839, .T. ) ;
#9662 = CARTESIAN_POINT ( 'NONE',  ( -4.494557450338588112, 0.8550000000000007594, 0.2999999999999999334 ) ) ;
#9663 = ORIENTED_EDGE ( 'NONE', *, *, #6297, .T. ) ;
#9664 = LINE ( 'NONE', #8798, #8025 ) ;
#9665 = CARTESIAN_POINT ( 'NONE',  ( -4.494557450338588112, 0.4150000000000004241, 0.3000000000000000444 ) ) ;
#9666 = EDGE_CURVE ( 'NONE', #7911, #1350, #7538, .T. ) ;
#9667 = LINE ( 'NONE', #7296, #6158 ) ;
#9668 = CIRCLE ( 'NONE', #4046, 0.2999999999999983791 ) ;
#9669 = DIRECTION ( 'NONE',  ( 0.0000000000000000000, 1.000000000000000000, 0.0000000000000000000 ) ) ;
#9670 = CARTESIAN_POINT ( 'NONE',  ( 4.494557450338589888, -1.684999999999999831, 0.2999999999999988787 ) ) ;
#9671 = FILL_AREA_STYLE ('',( #7300 ) ) ;
#9672 =( LENGTH_UNIT ( ) NAMED_UNIT ( * ) SI_UNIT ( .MILLI., .METRE. ) );
#9673 =( NAMED_UNIT ( * ) PLANE_ANGLE_UNIT ( ) SI_UNIT ( $, .RADIAN. ) );
#9674 = FACE_OUTER_BOUND ( 'NONE', #7148, .T. ) ;
#9675 = VECTOR ( 'NONE', #7955, 1000.000000000000000 ) ;
#9676 = ORIENTED_EDGE ( 'NONE', *, *, #9288, .T. ) ;
#9677 = CARTESIAN_POINT ( 'NONE',  ( 3.899999999999999467, 4.949999999999999289, 1.599999999999999867 ) ) ;
#9678 = MECHANICAL_DESIGN_GEOMETRIC_PRESENTATION_REPRESENTATION (  '', ( #3905 ), #8687 ) ;
#9679 = FILL_AREA_STYLE_COLOUR ( '', #4649 ) ;
#9680 = ORIENTED_EDGE ( 'NONE', *, *, #2241, .F. ) ;
#9681 = DIRECTION ( 'NONE',  ( -0.0000000000000000000, -1.000000000000000000, -0.0000000000000000000 ) ) ;
#9682 = COLOUR_RGB ( '',0.7529411764705882248, 0.7529411764705882248, 0.7529411764705882248 ) ;
#9683 = PRESENTATION_LAYER_ASSIGNMENT (  '', '', ( #5723 ) ) ;
#9684 = DIRECTION ( 'NONE',  ( 0.0000000000000000000, 1.000000000000000000, 0.0000000000000000000 ) ) ;
#9685 = VECTOR ( 'NONE', #2064, 1000.000000000000000 ) ;
#9686 = CARTESIAN_POINT ( 'NONE',  ( -3.750000000000000444, 4.698076211353314768, 0.1000000000000000472 ) ) ;
#9687 = LINE ( 'NONE', #6627, #7678 ) ;
#9688 = CARTESIAN_POINT ( 'NONE',  ( 3.888707005762190416, -0.4149999999999995914, 1.432440418475947386 ) ) ;
#9689 = ORIENTED_EDGE ( 'NONE', *, *, #5034, .F. ) ;
#9690 = DIRECTION ( 'NONE',  ( 1.314184451497580520E-16, -1.000000000000000000, 3.222258569307970441E-31 ) ) ;
#9691 = EDGE_LOOP ( 'NONE', ( #4620, #7720, #6140, #1059, #3480, #5727, #9239, #9702, #5171, #2577, #7793, #2168, #6394, #7216, #4453, #598, #5713, #8539, #175, #9480, #7401, #9204, #5170, #10158, #9371, #4931, #4936, #3642, #718, #2328, #2497, #397, #5044, #8604, #2289, #1147, #4566, #4009 ) ) ;
#9692 = COLOUR_RGB ( '',0.7529411764705882248, 0.7529411764705882248, 0.7529411764705882248 ) ;
#9693 = SHAPE_DEFINITION_REPRESENTATION ( #9969, #1494 ) ;
#9694 = ORIENTED_EDGE ( 'NONE', *, *, #3081, .T. ) ;
#9695 = ADVANCED_FACE ( 'NONE', ( #6613 ), #4964, .F. ) ;
#9696 = CARTESIAN_POINT ( 'NONE',  ( 3.888707005762189972, 2.125000000000000444, 1.732440418475945654 ) ) ;
#9697 = VECTOR ( 'NONE', #1215, 1000.000000000000000 ) ;
#9698 = LINE ( 'NONE', #7275, #5845 ) ;
#9699 = FILL_AREA_STYLE_COLOUR ( '', #2157 ) ;
#9700 = ORIENTED_EDGE ( 'NONE', *, *, #7869, .T. ) ;
#9701 = ADVANCED_FACE ( 'NONE', ( #9775 ), #5016, .F. ) ;
#9702 = ORIENTED_EDGE ( 'NONE', *, *, #1928, .F. ) ;
#9703 = MECHANICAL_DESIGN_GEOMETRIC_PRESENTATION_REPRESENTATION (  '', ( #8723 ), #7240 ) ;
#9704 = ADVANCED_FACE ( 'NONE', ( #6659 ), #1125, .F. ) ;
#9705 = PLANE ( 'NONE',  #826 ) ;
#9706 = PLANE ( 'NONE',  #9572 ) ;
#9707 = UNCERTAINTY_MEASURE_WITH_UNIT (LENGTH_MEASURE( 1.000000000000000082E-05 ), #9615, 'distance_accuracy_value', 'NONE');
#9708 =( LENGTH_UNIT ( ) NAMED_UNIT ( * ) SI_UNIT ( .MILLI., .METRE. ) );
#9709 = STYLED_ITEM ( 'NONE', ( #2551 ), #452 ) ;
#9710 = ORIENTED_EDGE ( 'NONE', *, *, #5134, .T. ) ;
#9711 = AXIS2_PLACEMENT_3D ( 'NONE', #3161, #10193, #3212 ) ;
#9712 = SURFACE_SIDE_STYLE ('',( #9765 ) ) ;
#9713 = ORIENTED_EDGE ( 'NONE', *, *, #8681, .T. ) ;
#9714 = LINE ( 'NONE', #5578, #6203 ) ;
#9715 =( NAMED_UNIT ( * ) PLANE_ANGLE_UNIT ( ) SI_UNIT ( $, .RADIAN. ) );
#9716 = DIRECTION ( 'NONE',  ( 0.0000000000000000000, 1.000000000000000000, 0.0000000000000000000 ) ) ;
#9717 = LINE ( 'NONE', #1222, #5309 ) ;
#9718 = AXIS2_PLACEMENT_3D ( 'NONE', #6511, #959, #7295 ) ;
#9719 = DIRECTION ( 'NONE',  ( 4.342151275111226558E-15, 0.0000000000000000000, -1.000000000000000000 ) ) ;
#9720 = STYLED_ITEM ( 'NONE', ( #222 ), #4513 ) ;
#9721 = ADVANCED_FACE ( 'NONE', ( #2398 ), #8869, .T. ) ;
#9722 =( LENGTH_UNIT ( ) NAMED_UNIT ( * ) SI_UNIT ( .MILLI., .METRE. ) );
#9723 = SURFACE_SIDE_STYLE ('',( #2682 ) ) ;
#9724 = CARTESIAN_POINT ( 'NONE',  ( 4.184149331665849125, 4.665000000000000924, 1.484534871776028275 ) ) ;
#9725 =( NAMED_UNIT ( * ) SI_UNIT ( $, .STERADIAN. ) SOLID_ANGLE_UNIT ( ) );
#9726 = EDGE_LOOP ( 'NONE', ( #6363, #9514, #3863, #523 ) ) ;
#9727 =( LENGTH_UNIT ( ) NAMED_UNIT ( * ) SI_UNIT ( .MILLI., .METRE. ) );
#9728 = LINE ( 'NONE', #9782, #3356 ) ;
#9729 = ORIENTED_EDGE ( 'NONE', *, *, #8272, .T. ) ;
#9730 = CARTESIAN_POINT ( 'NONE',  ( 4.199115124434925406, 4.665000000000000924, 0.2479055466999157964 ) ) ;
#9731 = PLANE ( 'NONE',  #879 ) ;
#9732 = VECTOR ( 'NONE', #8366, 1000.000000000000227 ) ;
#9733 =( LENGTH_UNIT ( ) NAMED_UNIT ( * ) SI_UNIT ( .MILLI., .METRE. ) );
#9734 = CARTESIAN_POINT ( 'NONE',  ( 3.990737311234600071, -1.684999999999999831, 1.429674850314564205 ) ) ;
#9735 = AXIS2_PLACEMENT_3D ( 'NONE', #2697, #5961, #5181 ) ;
#9736 = DIRECTION ( 'NONE',  ( -0.9848077530122064660, 0.0000000000000000000, -0.1736481776669392962 ) ) ;
#9737 = UNCERTAINTY_MEASURE_WITH_UNIT (LENGTH_MEASURE( 1.000000000000000082E-05 ), #4516, 'distance_accuracy_value', 'NONE');
#9738 = SURFACE_STYLE_FILL_AREA ( #6018 ) ;
#9739 = VERTEX_POINT ( 'NONE', #7110 ) ;
#9740 = ORIENTED_EDGE ( 'NONE', *, *, #6972, .T. ) ;
#9741 = SURFACE_SIDE_STYLE ('',( #6582 ) ) ;
#9742 = VERTEX_POINT ( 'NONE', #3955 ) ;
#9743 = DIRECTION ( 'NONE',  ( 0.1736481776669387411, 0.0000000000000000000, 0.9848077530122064660 ) ) ;
#9744 = ORIENTED_EDGE ( 'NONE', *, *, #2492, .F. ) ;
#9745 = UNCERTAINTY_MEASURE_WITH_UNIT (LENGTH_MEASURE( 1.000000000000000082E-05 ), #6722, 'distance_accuracy_value', 'NONE');
#9746 = CARTESIAN_POINT ( 'NONE',  ( -3.990737311234598295, -0.4149999999999995914, 1.429674850314565093 ) ) ;
#9747 = FACE_OUTER_BOUND ( 'NONE', #7428, .T. ) ;
#9748 = ORIENTED_EDGE ( 'NONE', *, *, #5970, .F. ) ;
#9749 = FILL_AREA_STYLE ('',( #1100 ) ) ;
#9750 = PRESENTATION_STYLE_ASSIGNMENT (( #1946 ) ) ;
#9751 = FACE_OUTER_BOUND ( 'NONE', #3166, .T. ) ;
#9752 = ORIENTED_EDGE ( 'NONE', *, *, #2996, .T. ) ;
#9753 =( GEOMETRIC_REPRESENTATION_CONTEXT ( 3 ) GLOBAL_UNCERTAINTY_ASSIGNED_CONTEXT ( ( #10056 ) ) GLOBAL_UNIT_ASSIGNED_CONTEXT ( ( #7282, #7084, #5734 ) ) REPRESENTATION_CONTEXT ( 'NONE', 'WORKASPACE' ) );
#9754 =( GEOMETRIC_REPRESENTATION_CONTEXT ( 3 ) GLOBAL_UNCERTAINTY_ASSIGNED_CONTEXT ( ( #419 ) ) GLOBAL_UNIT_ASSIGNED_CONTEXT ( ( #2713, #8156, #988 ) ) REPRESENTATION_CONTEXT ( 'NONE', 'WORKASPACE' ) );
#9755 = CARTESIAN_POINT ( 'NONE',  ( -4.184149331665848237, -0.8549999999999998712, 1.484534871776029163 ) ) ;
#9756 = EDGE_CURVE ( 'NONE', #7978, #3368, #5549, .T. ) ;
#9757 = FILL_AREA_STYLE ('',( #6597 ) ) ;
#9758 = SURFACE_STYLE_FILL_AREA ( #1592 ) ;
#9759 = DIRECTION ( 'NONE',  ( -0.0000000000000000000, -1.000000000000000000, -0.0000000000000000000 ) ) ;
#9760 = MECHANICAL_DESIGN_GEOMETRIC_PRESENTATION_REPRESENTATION (  '', ( #8118 ), #3 ) ;
#9761 = VECTOR ( 'NONE', #2757, 1000.000000000000000 ) ;
#9762 = ORIENTED_EDGE ( 'NONE', *, *, #10099, .F. ) ;
#9763 = VECTOR ( 'NONE', #2542, 1000.000000000000000 ) ;
#9764 = FILL_AREA_STYLE ('',( #6601 ) ) ;
#9765 = SURFACE_STYLE_FILL_AREA ( #224 ) ;
#9766 = DIRECTION ( 'NONE',  ( -0.0000000000000000000, -1.000000000000000000, -0.0000000000000000000 ) ) ;
#9767 = EDGE_CURVE ( 'NONE', #6241, #899, #7895, .T. ) ;
#9768 = ADVANCED_FACE ( 'NONE', ( #4045 ), #4662, .F. ) ;
#9769 = SURFACE_STYLE_FILL_AREA ( #436 ) ;
#9770 = VECTOR ( 'NONE', #8977, 1000.000000000000000 ) ;
#9771 = CARTESIAN_POINT ( 'NONE',  ( 3.864512696824131233, 0.8550000000000007594, 1.732440418475946542 ) ) ;
#9772 = AXIS2_PLACEMENT_3D ( 'NONE', #6515, #9669, #2585 ) ;
#9773 = EDGE_CURVE ( 'NONE', #3326, #4459, #47, .T. ) ;
#9774 =( NAMED_UNIT ( * ) PLANE_ANGLE_UNIT ( ) SI_UNIT ( $, .RADIAN. ) );
#9775 = FACE_OUTER_BOUND ( 'NONE', #8938, .T. ) ;
#9776 = CARTESIAN_POINT ( 'NONE',  ( -4.494557450338588112, -1.684999999999999831, 0.2999999999999999334 ) ) ;
#9777 = CARTESIAN_POINT ( 'NONE',  ( -4.396076675037368986, -1.684999999999999831, 0.2826351822333060815 ) ) ;
#9778 = ORIENTED_EDGE ( 'NONE', *, *, #6484, .T. ) ;
#9779 =( NAMED_UNIT ( * ) PLANE_ANGLE_UNIT ( ) SI_UNIT ( $, .RADIAN. ) );
#9780 = SURFACE_SIDE_STYLE ('',( #8866 ) ) ;
#9781 = MECHANICAL_DESIGN_GEOMETRIC_PRESENTATION_REPRESENTATION (  '', ( #2668 ), #9292 ) ;
#9782 = CARTESIAN_POINT ( 'NONE',  ( 3.899999999999999911, 4.949999999999999289, 1.600000000000000089 ) ) ;
#9783 = ORIENTED_EDGE ( 'NONE', *, *, #5991, .T. ) ;
#9784 = EDGE_CURVE ( 'NONE', #972, #5707, #4822, .T. ) ;
#9785 = DIRECTION ( 'NONE',  ( -0.0000000000000000000, -1.000000000000000000, -0.0000000000000000000 ) ) ;
#9786 = AXIS2_PLACEMENT_3D ( 'NONE', #9109, #9716, #2675 ) ;
#9787 = LINE ( 'NONE', #2644, #3573 ) ;
#9788 = CARTESIAN_POINT ( 'NONE',  ( -4.184149331665849125, 0.8550000000000007594, 1.484534871776029386 ) ) ;
#9789 = DIRECTION ( 'NONE',  ( -0.1736481776669392962, 0.0000000000000000000, 0.9848077530122064660 ) ) ;
#9790 = SURFACE_STYLE_FILL_AREA ( #147 ) ;
#9791 = COLOUR_RGB ( '',0.7529411764705882248, 0.7529411764705882248, 0.7529411764705882248 ) ;
#9792 = ORIENTED_EDGE ( 'NONE', *, *, #6382, .F. ) ;
#9793 = VECTOR ( 'NONE', #888, 1000.000000000000000 ) ;
#9794 = CARTESIAN_POINT ( 'NONE',  ( 3.900000000000000355, 2.955000000000000071, 1.600000000000000089 ) ) ;
#9795 = ORIENTED_EDGE ( 'NONE', *, *, #1631, .F. ) ;
#9796 = DIRECTION ( 'NONE',  ( 1.000000000000000000, -0.0000000000000000000, -2.605290765066735698E-15 ) ) ;
#9797 = CARTESIAN_POINT ( 'NONE',  ( -3.990737311234598295, 0.8550000000000007594, 1.429674850314565093 ) ) ;
#9798 = VECTOR ( 'NONE', #8387, 999.9999999999998863 ) ;
#9799 = VERTEX_POINT ( 'NONE', #1820 ) ;
#9800 = CARTESIAN_POINT ( 'NONE',  ( 3.800269556891266554, 2.955000000000000071, 1.732440418475946320 ) ) ;
#9801 = LINE ( 'NONE', #4302, #2039 ) ;
#9802 = SURFACE_SIDE_STYLE ('',( #1943 ) ) ;
#9803 = VERTEX_POINT ( 'NONE', #4282 ) ;
#9804 = VECTOR ( 'NONE', #5572, 1000.000000000000227 ) ;
#9805 = ORIENTED_EDGE ( 'NONE', *, *, #1733, .F. ) ;
#9806 = CARTESIAN_POINT ( 'NONE',  ( -4.396076675037368986, -1.684999999999999831, 0.2826351822333060815 ) ) ;
#9807 = FILL_AREA_STYLE ('',( #266 ) ) ;
#9808 = CARTESIAN_POINT ( 'NONE',  ( -4.396076675037368986, -2.125000000000000000, 0.2826351822333060815 ) ) ;
#9809 = CARTESIAN_POINT ( 'NONE',  ( 3.864512696824131233, -2.125000000000000000, 1.732440418475946320 ) ) ;
#9810 = DIRECTION ( 'NONE',  ( 0.0000000000000000000, 1.000000000000000000, -0.0000000000000000000 ) ) ;
#9811 = AXIS2_PLACEMENT_3D ( 'NONE', #3667, #7443, #2813 ) ;
#9812 = VERTEX_POINT ( 'NONE', #5854 ) ;
#9813 = CARTESIAN_POINT ( 'NONE',  ( -3.899999999999999023, -0.8549999999999998712, 1.600000000000000089 ) ) ;
#9814 = DIRECTION ( 'NONE',  ( -0.1736481776669387411, -0.0000000000000000000, 0.9848077530122064660 ) ) ;
#9815 = CARTESIAN_POINT ( 'NONE',  ( -3.864512696824129456, 2.409999999999999254, 1.732440418475947430 ) ) ;
#9816 = STYLED_ITEM ( 'NONE', ( #3504 ), #10162 ) ;
#9817 = AXIS2_PLACEMENT_3D ( 'NONE', #9438, #2350, #3084 ) ;
#9818 = ADVANCED_FACE ( 'NONE', ( #2745 ), #9731, .T. ) ;
#9819 = CARTESIAN_POINT ( 'NONE',  ( -3.864512696824128568, -2.125000000000000000, 1.732440418475947430 ) ) ;
#9820 = DIRECTION ( 'NONE',  ( -0.0000000000000000000, -1.000000000000000000, 0.0000000000000000000 ) ) ;
#9821 = COLOUR_RGB ( '',0.7529411764705882248, 0.7529411764705882248, 0.7529411764705882248 ) ;
#9822 = FILL_AREA_STYLE_COLOUR ( '', #9185 ) ;
#9823 = EDGE_CURVE ( 'NONE', #1632, #1855, #8242, .T. ) ;
#9824 = DIRECTION ( 'NONE',  ( -0.0000000000000000000, -1.000000000000000000, -0.0000000000000000000 ) ) ;
#9825 = EDGE_CURVE ( 'NONE', #2835, #5132, #8918, .T. ) ;
#9826 = VERTEX_POINT ( 'NONE', #5027 ) ;
#9827 = SURFACE_STYLE_USAGE ( .BOTH. , #2018 ) ;
#9828 =( GEOMETRIC_REPRESENTATION_CONTEXT ( 3 ) GLOBAL_UNCERTAINTY_ASSIGNED_CONTEXT ( ( #6027 ) ) GLOBAL_UNIT_ASSIGNED_CONTEXT ( ( #5179, #9837, #9074 ) ) REPRESENTATION_CONTEXT ( 'NONE', 'WORKASPACE' ) );
#9829 = CARTESIAN_POINT ( 'NONE',  ( -3.899999999999999911, 4.949999999999999289, 1.600000000000000089 ) ) ;
#9830 = AXIS2_PLACEMENT_3D ( 'NONE', #9419, #9316, #3832 ) ;
#9831 = EDGE_CURVE ( 'NONE', #1454, #8756, #1384, .T. ) ;
#9832 =( NAMED_UNIT ( * ) SI_UNIT ( $, .STERADIAN. ) SOLID_ANGLE_UNIT ( ) );
#9833 = COLOUR_RGB ( '',0.7529411764705882248, 0.7529411764705882248, 0.7529411764705882248 ) ;
#9834 = CARTESIAN_POINT ( 'NONE',  ( 4.494557450338587223, -2.954999999999999183, 5.421010862427522170E-16 ) ) ;
#9835 = SURFACE_STYLE_FILL_AREA ( #344 ) ;
#9836 = MECHANICAL_DESIGN_GEOMETRIC_PRESENTATION_REPRESENTATION (  '', ( #1241 ), #70 ) ;
#9837 =( NAMED_UNIT ( * ) PLANE_ANGLE_UNIT ( ) SI_UNIT ( $, .RADIAN. ) );
#9838 = LINE ( 'NONE', #5032, #1980 ) ;
#9839 = EDGE_CURVE ( 'NONE', #2487, #5185, #6673, .T. ) ;
#9840 = VECTOR ( 'NONE', #6067, 1000.000000000000000 ) ;
#9841 = FILL_AREA_STYLE ('',( #8301 ) ) ;
#9842 = ORIENTED_EDGE ( 'NONE', *, *, #1743, .F. ) ;
#9843 = MECHANICAL_DESIGN_GEOMETRIC_PRESENTATION_REPRESENTATION (  '', ( #3251 ), #6532 ) ;
#9844 = VERTEX_POINT ( 'NONE', #8967 ) ;
#9845 = AXIS2_PLACEMENT_3D ( 'NONE', #5820, #1202, #5195 ) ;
#9846 = SURFACE_SIDE_STYLE ('',( #6680 ) ) ;
#9847 = EDGE_LOOP ( 'NONE', ( #203, #7489, #835, #9287 ) ) ;
#9848 =( NAMED_UNIT ( * ) SI_UNIT ( $, .STERADIAN. ) SOLID_ANGLE_UNIT ( ) );
#9849 = CARTESIAN_POINT ( 'NONE',  ( 3.900000000000000799, -0.8549999999999998712, 1.600000000000000089 ) ) ;
#9850 = STYLED_ITEM ( 'NONE', ( #6866 ), #3225 ) ;
#9851 = ORIENTED_EDGE ( 'NONE', *, *, #2491, .F. ) ;
#9852 = PRESENTATION_STYLE_ASSIGNMENT (( #10047 ) ) ;
#9853 = EDGE_CURVE ( 'NONE', #4504, #837, #2593, .T. ) ;
#9854 = VERTEX_POINT ( 'NONE', #5752 ) ;
#9855 = CARTESIAN_POINT ( 'NONE',  ( -3.868266076183283442, -4.224999999999999645, 1.408079867214329095 ) ) ;
#9856 = UNCERTAINTY_MEASURE_WITH_UNIT (LENGTH_MEASURE( 1.000000000000000082E-05 ), #6883, 'distance_accuracy_value', 'NONE');
#9857 =( LENGTH_UNIT ( ) NAMED_UNIT ( * ) SI_UNIT ( .MILLI., .METRE. ) );
#9858 = EDGE_LOOP ( 'NONE', ( #8947, #6401, #2737, #3500 ) ) ;
#9859 = CARTESIAN_POINT ( 'NONE',  ( -4.199115124434927182, 2.955000000000000071, 0.2479055466999170732 ) ) ;
#9860 = DIRECTION ( 'NONE',  ( -1.000000000000000000, 0.0000000000000000000, 0.0000000000000000000 ) ) ;
#9861 = SURFACE_STYLE_USAGE ( .BOTH. , #6903 ) ;
#9862 = CARTESIAN_POINT ( 'NONE',  ( -3.864512696824129012, -0.4149999999999995914, 1.732440418475947430 ) ) ;
#9863 = DIRECTION ( 'NONE',  ( 0.0000000000000000000, 0.0000000000000000000, -1.000000000000000000 ) ) ;
#9864 = ORIENTED_EDGE ( 'NONE', *, *, #5013, .F. ) ;
#9865 = FILL_AREA_STYLE ('',( #2823 ) ) ;
#9866 = LINE ( 'NONE', #591, #4932 ) ;
#9867 = COLOUR_RGB ( '',0.7529411764705882248, 0.7529411764705882248, 0.7529411764705882248 ) ;
#9868 =( NAMED_UNIT ( * ) PLANE_ANGLE_UNIT ( ) SI_UNIT ( $, .RADIAN. ) );
#9869 = SURFACE_STYLE_FILL_AREA ( #485 ) ;
#9870 = AXIS2_PLACEMENT_3D ( 'NONE', #5928, #363, #2715 ) ;
#9871 = CARTESIAN_POINT ( 'NONE',  ( 3.900000000000000355, 3.395000000000000462, 1.600000000000000089 ) ) ;
#9872 =( LENGTH_UNIT ( ) NAMED_UNIT ( * ) SI_UNIT ( .MILLI., .METRE. ) );
#9873 = CIRCLE ( 'NONE', #3123, 0.2999999999999999889 ) ;
#9874 = PRESENTATION_STYLE_ASSIGNMENT (( #4169 ) ) ;
#9875 = EDGE_CURVE ( 'NONE', #3764, #1454, #1021, .T. ) ;
#9876 = CARTESIAN_POINT ( 'NONE',  ( -3.868266076183285218, 4.225000000000000533, 1.408079867214329095 ) ) ;
#9877 = LINE ( 'NONE', #4226, #9257 ) ;
#9878 = CARTESIAN_POINT ( 'NONE',  ( -5.149999999999998579, -2.954999999999999183, 0.0000000000000000000 ) ) ;
#9879 = CARTESIAN_POINT ( 'NONE',  ( -4.184149331665849125, 4.225000000000000533, 1.484534871776029163 ) ) ;
#9880 = FILL_AREA_STYLE ('',( #6720 ) ) ;
#9881 = ORIENTED_EDGE ( 'NONE', *, *, #4569, .F. ) ;
#9882 = VECTOR ( 'NONE', #2124, 1000.000000000000000 ) ;
#9883 = VECTOR ( 'NONE', #7003, 1000.000000000000114 ) ;
#9884 = AXIS2_PLACEMENT_3D ( 'NONE', #6148, #3684, #3628 ) ;
#9885 = EDGE_CURVE ( 'NONE', #3762, #5447, #7366, .T. ) ;
#9886 =( NAMED_UNIT ( * ) PLANE_ANGLE_UNIT ( ) SI_UNIT ( $, .RADIAN. ) );
#9887 = CARTESIAN_POINT ( 'NONE',  ( -4.184149331665848237, 2.125000000000000444, 1.484534871776029163 ) ) ;
#9888 = ORIENTED_EDGE ( 'NONE', *, *, #3581, .F. ) ;
#9889 = PRESENTATION_LAYER_ASSIGNMENT (  '', '', ( #3463 ) ) ;
#9890 = DIRECTION ( 'NONE',  ( -0.0000000000000000000, -1.000000000000000000, -0.0000000000000000000 ) ) ;
#9891 = VERTEX_POINT ( 'NONE', #1133 ) ;
#9892 =( NAMED_UNIT ( * ) PLANE_ANGLE_UNIT ( ) SI_UNIT ( $, .RADIAN. ) );
#9893 = ORIENTED_EDGE ( 'NONE', *, *, #9521, .T. ) ;
#9894 = EDGE_CURVE ( 'NONE', #7373, #4504, #5689, .T. ) ;
#9895 = VECTOR ( 'NONE', #4013, 1000.000000000000000 ) ;
#9896 = SURFACE_STYLE_USAGE ( .BOTH. , #5041 ) ;
#9897 = MECHANICAL_DESIGN_GEOMETRIC_PRESENTATION_REPRESENTATION (  '', ( #8262 ), #10070 ) ;
#9898 = VERTEX_POINT ( 'NONE', #2693 ) ;
#9899 =( NAMED_UNIT ( * ) SI_UNIT ( $, .STERADIAN. ) SOLID_ANGLE_UNIT ( ) );
#9900 = ORIENTED_EDGE ( 'NONE', *, *, #4072, .F. ) ;
#9901 = CARTESIAN_POINT ( 'NONE',  ( 3.900000000000000799, 0.8550000000000007594, 1.600000000000000089 ) ) ;
#9902 = MECHANICAL_DESIGN_GEOMETRIC_PRESENTATION_REPRESENTATION (  '', ( #8101 ), #9421 ) ;
#9903 = ORIENTED_EDGE ( 'NONE', *, *, #2810, .T. ) ;
#9904 = ADVANCED_FACE ( 'NONE', ( #3590 ), #7470, .F. ) ;
#9905 = CARTESIAN_POINT ( 'NONE',  ( -4.494557450338589000, 2.955000000000000071, 0.1999999999999999833 ) ) ;
#9906 = CARTESIAN_POINT ( 'NONE',  ( 4.494557450338590776, -2.954999999999999183, 0.2999999999999988787 ) ) ;
#9907 = CARTESIAN_POINT ( 'NONE',  ( -4.494557450338583671, -4.224999999999999645, 1.680513367352531873E-15 ) ) ;
#9908 = UNCERTAINTY_MEASURE_WITH_UNIT (LENGTH_MEASURE( 1.000000000000000082E-05 ), #4255, 'distance_accuracy_value', 'NONE');
#9909 = DIRECTION ( 'NONE',  ( 0.0000000000000000000, 1.000000000000000000, 0.0000000000000000000 ) ) ;
#9910 = DIRECTION ( 'NONE',  ( -1.000000000000000000, 0.0000000000000000000, -2.563936943398996305E-15 ) ) ;
#9911 = EDGE_LOOP ( 'NONE', ( #298, #3458, #3192, #8090 ) ) ;
#9912 = DIRECTION ( 'NONE',  ( 0.0000000000000000000, 0.0000000000000000000, -1.000000000000000000 ) ) ;
#9913 = DIRECTION ( 'NONE',  ( -0.9848077530122064660, 0.0000000000000000000, -0.1736481776669392962 ) ) ;
#9914 = DIRECTION ( 'NONE',  ( -0.1736481776669392962, 0.0000000000000000000, 0.9848077530122064660 ) ) ;
#9915 = STYLED_ITEM ( 'NONE', ( #8402 ), #5660 ) ;
#9916 = SURFACE_STYLE_USAGE ( .BOTH. , #7409 ) ;
#9917 = UNCERTAINTY_MEASURE_WITH_UNIT (LENGTH_MEASURE( 1.000000000000000082E-05 ), #8536, 'distance_accuracy_value', 'NONE');
#9918 = CARTESIAN_POINT ( 'NONE',  ( 3.990737311234600071, -1.684999999999999831, 1.429674850314564205 ) ) ;
#9919 = SURFACE_STYLE_USAGE ( .BOTH. , #6757 ) ;
#9920 =( NAMED_UNIT ( * ) SI_UNIT ( $, .STERADIAN. ) SOLID_ANGLE_UNIT ( ) );
#9921 = LINE ( 'NONE', #2834, #5440 ) ;
#9922 = VERTEX_POINT ( 'NONE', #6771 ) ;
#9923 = ORIENTED_EDGE ( 'NONE', *, *, #5228, .T. ) ;
#9924 = DIRECTION ( 'NONE',  ( -0.0000000000000000000, -1.000000000000000000, -0.0000000000000000000 ) ) ;
#9925 = DIRECTION ( 'NONE',  ( 1.000000000000000000, 0.0000000000000000000, 2.451907390652843649E-15 ) ) ;
#9926 = DIRECTION ( 'NONE',  ( 0.0000000000000000000, 0.0000000000000000000, 1.000000000000000000 ) ) ;
#9927 = ORIENTED_EDGE ( 'NONE', *, *, #1917, .T. ) ;
#9928 = AXIS2_PLACEMENT_3D ( 'NONE', #8084, #2432, #5583 ) ;
#9929 = STYLED_ITEM ( 'NONE', ( #36 ), #6190 ) ;
#9930 =( NAMED_UNIT ( * ) SI_UNIT ( $, .STERADIAN. ) SOLID_ANGLE_UNIT ( ) );
#9931 = LINE ( 'NONE', #558, #9840 ) ;
#9932 = CARTESIAN_POINT ( 'NONE',  ( -4.184149331665849125, 2.125000000000000444, 1.484534871776029386 ) ) ;
#9933 = CARTESIAN_POINT ( 'NONE',  ( -3.881702402145739139, -0.4149999999999995914, 1.531712435151439733 ) ) ;
#9934 = PLANE ( 'NONE',  #6280 ) ;
#9935 = VECTOR ( 'NONE', #3286, 1000.000000000000000 ) ;
#9936 = ORIENTED_EDGE ( 'NONE', *, *, #1864, .F. ) ;
#9937 = MECHANICAL_DESIGN_GEOMETRIC_PRESENTATION_REPRESENTATION (  '', ( #5472 ), #3178 ) ;
#9938 = CARTESIAN_POINT ( 'NONE',  ( 3.990737311234600071, -0.8549999999999998712, 1.429674850314564205 ) ) ;
#9939 = ORIENTED_EDGE ( 'NONE', *, *, #8383, .F. ) ;
#9940 = ADVANCED_FACE ( 'NONE', ( #7030 ), #3045, .T. ) ;
#9941 = EDGE_LOOP ( 'NONE', ( #2753, #8302, #4280, #4508, #5902, #5663, #2352, #5864, #4682, #9598, #5018, #4409 ) ) ;
#9942 = CIRCLE ( 'NONE', #3516, 0.09999999999999911737 ) ;
#9943 = DIRECTION ( 'NONE',  ( -1.000000000000000000, 0.0000000000000000000, 2.451907390652843255E-15 ) ) ;
#9944 = ORIENTED_EDGE ( 'NONE', *, *, #5933, .F. ) ;
#9945 = ADVANCED_FACE ( 'NONE', ( #504 ), #2373, .T. ) ;
#9946 = CARTESIAN_POINT ( 'NONE',  ( -4.396076675037368986, 2.125000000000000444, 0.2826351822333060815 ) ) ;
#9947 = ADVANCED_FACE ( 'NONE', ( #1845 ), #909, .F. ) ;
#9948 = AXIS2_PLACEMENT_3D ( 'NONE', #5262, #6807, #1273 ) ;
#9949 = ORIENTED_EDGE ( 'NONE', *, *, #575, .T. ) ;
#9950 = UNCERTAINTY_MEASURE_WITH_UNIT (LENGTH_MEASURE( 1.000000000000000082E-05 ), #9857, 'distance_accuracy_value', 'NONE');
#9951 = PRESENTATION_STYLE_ASSIGNMENT (( #1998 ) ) ;
#9952 = COLOUR_RGB ( '',0.7529411764705882248, 0.7529411764705882248, 0.7529411764705882248 ) ;
#9953 = PLANE ( 'NONE',  #5022 ) ;
#9954 = CARTESIAN_POINT ( 'NONE',  ( 3.868266076183285662, 2.955000000000000071, 1.408079867214328207 ) ) ;
#9955 = AXIS2_PLACEMENT_3D ( 'NONE', #7654, #9058, #4426 ) ;
#9956 = DIRECTION ( 'NONE',  ( 1.000000000000000000, 0.0000000000000000000, 2.451907390652843649E-15 ) ) ;
#9957 = DIRECTION ( 'NONE',  ( 0.2588190451025213501, -0.0000000000000000000, 0.9659258262890680902 ) ) ;
#9958 = MECHANICAL_DESIGN_GEOMETRIC_PRESENTATION_REPRESENTATION (  '', ( #6179 ), #7162 ) ;
#9959 = PLANE ( 'NONE',  #8163 ) ;
#9960 = DIRECTION ( 'NONE',  ( -0.0000000000000000000, -1.000000000000000000, -0.0000000000000000000 ) ) ;
#9961 = EDGE_CURVE ( 'NONE', #2250, #8265, #1797, .T. ) ;
#9962 = VERTEX_POINT ( 'NONE', #995 ) ;
#9963 = PRESENTATION_STYLE_ASSIGNMENT (( #6801 ) ) ;
#9964 = SURFACE_STYLE_USAGE ( .BOTH. , #2263 ) ;
#9965 = PRESENTATION_STYLE_ASSIGNMENT (( #638 ) ) ;
#9966 = SURFACE_STYLE_USAGE ( .BOTH. , #5209 ) ;
#9967 =( LENGTH_UNIT ( ) NAMED_UNIT ( * ) SI_UNIT ( .MILLI., .METRE. ) );
#9968 = PRESENTATION_LAYER_ASSIGNMENT (  '', '', ( #7505 ) ) ;
#9969 = PRODUCT_DEFINITION_SHAPE ( 'NONE', 'NONE',  #6536 ) ;
#9970 = CARTESIAN_POINT ( 'NONE',  ( 3.864512696824131677, -4.224999999999999645, 1.732440418475946542 ) ) ;
#9971 = FILL_AREA_STYLE ('',( #3106 ) ) ;
#9972 = STYLED_ITEM ( 'NONE', ( #5666 ), #2243 ) ;
#9973 = VECTOR ( 'NONE', #1500, 1000.000000000000000 ) ;
#9974 = PRESENTATION_LAYER_ASSIGNMENT (  '', '', ( #9487 ) ) ;
#9975 = LINE ( 'NONE', #6098, #608 ) ;
#9976 = FILL_AREA_STYLE ('',( #4582 ) ) ;
#9977 = DIRECTION ( 'NONE',  ( 0.1736481776669392962, 0.0000000000000000000, -0.9848077530122064660 ) ) ;
#9978 = PLANE ( 'NONE',  #1141 ) ;
#9979 = EDGE_CURVE ( 'NONE', #7641, #6006, #5774, .T. ) ;
#9980 = VERTEX_POINT ( 'NONE', #4209 ) ;
#9981 =( GEOMETRIC_REPRESENTATION_CONTEXT ( 3 ) GLOBAL_UNCERTAINTY_ASSIGNED_CONTEXT ( ( #7584 ) ) GLOBAL_UNIT_ASSIGNED_CONTEXT ( ( #2082, #451, #6259 ) ) REPRESENTATION_CONTEXT ( 'NONE', 'WORKASPACE' ) );
#9982 = ORIENTED_EDGE ( 'NONE', *, *, #514, .F. ) ;
#9983 = COLOUR_RGB ( '',0.7529411764705882248, 0.7529411764705882248, 0.7529411764705882248 ) ;
#9984 = DIRECTION ( 'NONE',  ( 0.1736481776669393240, -0.0000000000000000000, 0.9848077530122063550 ) ) ;
#9985 = AXIS2_PLACEMENT_3D ( 'NONE', #4131, #7099, #2485 ) ;
#9986 = CARTESIAN_POINT ( 'NONE',  ( 3.990737311234599183, 3.395000000000000462, 1.429674850314564205 ) ) ;
#9987 = CYLINDRICAL_SURFACE ( 'NONE', #115, 0.09999999999999911737 ) ;
#9988 = LINE ( 'NONE', #6063, #9312 ) ;
#9989 =( NAMED_UNIT ( * ) SI_UNIT ( $, .STERADIAN. ) SOLID_ANGLE_UNIT ( ) );
#9990 = VERTEX_POINT ( 'NONE', #3364 ) ;
#9991 = CARTESIAN_POINT ( 'NONE',  ( -4.494557450338588112, 0.4150000000000004241, 0.2000000000000008993 ) ) ;
#9992 = COLOUR_RGB ( '',0.2509803921568627416, 0.2509803921568627416, 0.2509803921568627416 ) ;
#9993 = SURFACE_STYLE_FILL_AREA ( #9324 ) ;
#9994 = FACE_OUTER_BOUND ( 'NONE', #5640, .T. ) ;
#9995 = PRESENTATION_STYLE_ASSIGNMENT (( #6016 ) ) ;
#9996 =( GEOMETRIC_REPRESENTATION_CONTEXT ( 3 ) GLOBAL_UNCERTAINTY_ASSIGNED_CONTEXT ( ( #5716 ) ) GLOBAL_UNIT_ASSIGNED_CONTEXT ( ( #6932, #2849, #1450 ) ) REPRESENTATION_CONTEXT ( 'NONE', 'WORKASPACE' ) );
#9997 =( LENGTH_UNIT ( ) NAMED_UNIT ( * ) SI_UNIT ( .MILLI., .METRE. ) );
#9998 = COLOUR_RGB ( '',0.7529411764705882248, 0.7529411764705882248, 0.7529411764705882248 ) ;
#9999 = ORIENTED_EDGE ( 'NONE', *, *, #4324, .F. ) ;
#10000 =( GEOMETRIC_REPRESENTATION_CONTEXT ( 3 ) GLOBAL_UNCERTAINTY_ASSIGNED_CONTEXT ( ( #1779 ) ) GLOBAL_UNIT_ASSIGNED_CONTEXT ( ( #8570, #530, #8828 ) ) REPRESENTATION_CONTEXT ( 'NONE', 'WORKASPACE' ) );
#10001 =( GEOMETRIC_REPRESENTATION_CONTEXT ( 3 ) GLOBAL_UNCERTAINTY_ASSIGNED_CONTEXT ( ( #2599 ) ) GLOBAL_UNIT_ASSIGNED_CONTEXT ( ( #4575, #9357, #6196 ) ) REPRESENTATION_CONTEXT ( 'NONE', 'WORKASPACE' ) );
#10002 = ORIENTED_EDGE ( 'NONE', *, *, #453, .T. ) ;
#10003 = ORIENTED_EDGE ( 'NONE', *, *, #4034, .T. ) ;
#10004 = STYLED_ITEM ( 'NONE', ( #10262 ), #9575 ) ;
#10005 = VECTOR ( 'NONE', #5274, 1000.000000000000000 ) ;
#10006 = PLANE ( 'NONE',  #5206 ) ;
#10007 = ORIENTED_EDGE ( 'NONE', *, *, #6053, .F. ) ;
#10008 = EDGE_CURVE ( 'NONE', #2922, #3143, #4156, .T. ) ;
#10009 = VECTOR ( 'NONE', #5423, 1000.000000000000000 ) ;
#10010 = SURFACE_STYLE_FILL_AREA ( #2805 ) ;
#10011 = VECTOR ( 'NONE', #3410, 1000.000000000000000 ) ;
#10012 = VERTEX_POINT ( 'NONE', #165 ) ;
#10013 = CARTESIAN_POINT ( 'NONE',  ( -4.494557450338584559, 1.685000000000000275, 1.680513367352531873E-15 ) ) ;
#10014 = PRESENTATION_LAYER_ASSIGNMENT (  '', '', ( #9850 ) ) ;
#10015 = SURFACE_STYLE_USAGE ( .BOTH. , #4672 ) ;
#10016 = COLOUR_RGB ( '',0.7529411764705882248, 0.7529411764705882248, 0.7529411764705882248 ) ;
#10017 = EDGE_CURVE ( 'NONE', #4459, #6249, #8734, .T. ) ;
#10018 =( NAMED_UNIT ( * ) PLANE_ANGLE_UNIT ( ) SI_UNIT ( $, .RADIAN. ) );
#10019 = EDGE_CURVE ( 'NONE', #8211, #4498, #8014, .T. ) ;
#10020 = UNCERTAINTY_MEASURE_WITH_UNIT (LENGTH_MEASURE( 1.000000000000000082E-05 ), #4202, 'distance_accuracy_value', 'NONE');
#10021 = CARTESIAN_POINT ( 'NONE',  ( 4.494557450338586335, 1.685000000000000275, -1.084202172485504434E-15 ) ) ;
#10022 = VERTEX_POINT ( 'NONE', #5735 ) ;
#10023 = SURFACE_STYLE_FILL_AREA ( #10124 ) ;
#10024 = DIRECTION ( 'NONE',  ( 0.0000000000000000000, 1.000000000000000000, 0.0000000000000000000 ) ) ;
#10025 =( LENGTH_UNIT ( ) NAMED_UNIT ( * ) SI_UNIT ( .MILLI., .METRE. ) );
#10026 = SURFACE_SIDE_STYLE ('',( #484 ) ) ;
#10027 = UNCERTAINTY_MEASURE_WITH_UNIT (LENGTH_MEASURE( 1.000000000000000082E-05 ), #9122, 'distance_accuracy_value', 'NONE');
#10028 = DIRECTION ( 'NONE',  ( 0.1736481776669387411, 0.0000000000000000000, -0.9848077530122064660 ) ) ;
#10029 = CARTESIAN_POINT ( 'NONE',  ( -4.494557450338587223, -4.224999999999999645, 0.1999999999999999833 ) ) ;
#10030 = FILL_AREA_STYLE_COLOUR ( '', #4612 ) ;
#10031 = MECHANICAL_DESIGN_GEOMETRIC_PRESENTATION_REPRESENTATION (  '', ( #4232 ), #933 ) ;
#10032 = ORIENTED_EDGE ( 'NONE', *, *, #7558, .T. ) ;
#10033 = ORIENTED_EDGE ( 'NONE', *, *, #3656, .T. ) ;
#10034 = CARTESIAN_POINT ( 'NONE',  ( 3.868266076183286106, -0.4149999999999995914, 1.408079867214328207 ) ) ;
#10035 = VERTEX_POINT ( 'NONE', #7187 ) ;
#10036 = CARTESIAN_POINT ( 'NONE',  ( 4.494557450338589000, 2.955000000000000071, 0.1999999999999988454 ) ) ;
#10037 = DIRECTION ( 'NONE',  ( 0.0000000000000000000, 0.0000000000000000000, 1.000000000000000000 ) ) ;
#10038 = CARTESIAN_POINT ( 'NONE',  ( -3.990737311234598295, -1.684999999999999831, 1.429674850314565093 ) ) ;
#10039 = CARTESIAN_POINT ( 'NONE',  ( 4.494557450338589888, 2.125000000000000444, 0.2999999999999988787 ) ) ;
#10040 = VERTEX_POINT ( 'NONE', #8895 ) ;
#10041 = CARTESIAN_POINT ( 'NONE',  ( 4.494557450338589000, 4.665000000000000924, 0.1999999999999988454 ) ) ;
#10042 = FILL_AREA_STYLE ('',( #3841 ) ) ;
#10043 = DIRECTION ( 'NONE',  ( 0.0000000000000000000, 0.0000000000000000000, -1.000000000000000000 ) ) ;
#10044 = FACE_OUTER_BOUND ( 'NONE', #2708, .T. ) ;
#10045 = CARTESIAN_POINT ( 'NONE',  ( 4.494557450338589888, -0.4149999999999995914, 0.2999999999999988787 ) ) ;
#10046 = FACE_OUTER_BOUND ( 'NONE', #9249, .T. ) ;
#10047 = SURFACE_STYLE_USAGE ( .BOTH. , #3844 ) ;
#10048 = ORIENTED_EDGE ( 'NONE', *, *, #55, .T. ) ;
#10049 = CARTESIAN_POINT ( 'NONE',  ( 3.899999999999999911, 4.949999999999999289, 1.600000000000000089 ) ) ;
#10050 =( GEOMETRIC_REPRESENTATION_CONTEXT ( 3 ) GLOBAL_UNCERTAINTY_ASSIGNED_CONTEXT ( ( #4461 ) ) GLOBAL_UNIT_ASSIGNED_CONTEXT ( ( #1416, #3806, #4732 ) ) REPRESENTATION_CONTEXT ( 'NONE', 'WORKASPACE' ) );
#10051 = ORIENTED_EDGE ( 'NONE', *, *, #3727, .F. ) ;
#10052 = SURFACE_STYLE_FILL_AREA ( #4605 ) ;
#10053 = ORIENTED_EDGE ( 'NONE', *, *, #8184, .T. ) ;
#10054 = AXIS2_PLACEMENT_3D ( 'NONE', #8226, #280, #4264 ) ;
#10055 = VERTEX_POINT ( 'NONE', #3416 ) ;
#10056 = UNCERTAINTY_MEASURE_WITH_UNIT (LENGTH_MEASURE( 1.000000000000000082E-05 ), #7282, 'distance_accuracy_value', 'NONE');
#10057 = SURFACE_STYLE_USAGE ( .BOTH. , #8459 ) ;
#10058 = ORIENTED_EDGE ( 'NONE', *, *, #6658, .T. ) ;
#10059 = CARTESIAN_POINT ( 'NONE',  ( -3.864512696824128124, -4.665000000000000036, 1.732440418475947430 ) ) ;
#10060 = UNCERTAINTY_MEASURE_WITH_UNIT (LENGTH_MEASURE( 1.000000000000000082E-05 ), #6599, 'distance_accuracy_value', 'NONE');
#10061 = LINE ( 'NONE', #8513, #5882 ) ;
#10062 = FILL_AREA_STYLE_COLOUR ( '', #9105 ) ;
#10063 = STYLED_ITEM ( 'NONE', ( #7213 ), #4633 ) ;
#10064 =( NAMED_UNIT ( * ) SI_UNIT ( $, .STERADIAN. ) SOLID_ANGLE_UNIT ( ) );
#10065 = EDGE_LOOP ( 'NONE', ( #1099, #6124, #1835, #6741 ) ) ;
#10066 = DIRECTION ( 'NONE',  ( -0.2588190451025213501, 0.0000000000000000000, -0.9659258262890680902 ) ) ;
#10067 = CARTESIAN_POINT ( 'NONE',  ( 5.150000000000002132, -3.394999999999999574, 0.0000000000000000000 ) ) ;
#10068 = LINE ( 'NONE', #6853, #8671 ) ;
#10069 = SURFACE_STYLE_FILL_AREA ( #1264 ) ;
#10070 =( GEOMETRIC_REPRESENTATION_CONTEXT ( 3 ) GLOBAL_UNCERTAINTY_ASSIGNED_CONTEXT ( ( #8109 ) ) GLOBAL_UNIT_ASSIGNED_CONTEXT ( ( #9997, #10097, #3754 ) ) REPRESENTATION_CONTEXT ( 'NONE', 'WORKASPACE' ) );
#10071 = CARTESIAN_POINT ( 'NONE',  ( -4.184149331665850013, 3.395000000000000462, 1.484534871776029386 ) ) ;
#10072 = LINE ( 'NONE', #1479, #2483 ) ;
#10073 = ORIENTED_EDGE ( 'NONE', *, *, #6658, .F. ) ;
#10074 = DIRECTION ( 'NONE',  ( 0.0000000000000000000, 0.0000000000000000000, -1.000000000000000000 ) ) ;
#10075 = PRESENTATION_STYLE_ASSIGNMENT (( #4523 ) ) ;
#10076 =( LENGTH_UNIT ( ) NAMED_UNIT ( * ) SI_UNIT ( .MILLI., .METRE. ) );
#10077 = EDGE_CURVE ( 'NONE', #8756, #10269, #9560, .T. ) ;
#10078 = PLANE ( 'NONE',  #4289 ) ;
#10079 = EDGE_CURVE ( 'NONE', #9243, #8022, #118, .T. ) ;
#10080 = LINE ( 'NONE', #4584, #6173 ) ;
#10081 = CARTESIAN_POINT ( 'NONE',  ( -2.649999999999999467, 4.150000000000000355, 3.500000000000000000 ) ) ;
#10082 = VERTEX_POINT ( 'NONE', #952 ) ;
#10083 = ORIENTED_EDGE ( 'NONE', *, *, #4890, .F. ) ;
#10084 = VECTOR ( 'NONE', #8526, 1000.000000000000114 ) ;
#10085 = EDGE_CURVE ( 'NONE', #2006, #2786, #2550, .T. ) ;
#10086 = ORIENTED_EDGE ( 'NONE', *, *, #1673, .T. ) ;
#10087 = DIRECTION ( 'NONE',  ( -0.0000000000000000000, -1.000000000000000000, -0.0000000000000000000 ) ) ;
#10088 = DIRECTION ( 'NONE',  ( 1.000000000000000000, -0.0000000000000000000, -2.605290765066735698E-15 ) ) ;
#10089 = EDGE_CURVE ( 'NONE', #5558, #5447, #4525, .T. ) ;
#10090 = ORIENTED_EDGE ( 'NONE', *, *, #8259, .T. ) ;
#10091 = SURFACE_STYLE_USAGE ( .BOTH. , #4490 ) ;
#10092 =( LENGTH_UNIT ( ) NAMED_UNIT ( * ) SI_UNIT ( .MILLI., .METRE. ) );
#10093 = AXIS2_PLACEMENT_3D ( 'NONE', #4903, #1056, #322 ) ;
#10094 = CYLINDRICAL_SURFACE ( 'NONE', #6065, 0.09999999999999911737 ) ;
#10095 =( NAMED_UNIT ( * ) PLANE_ANGLE_UNIT ( ) SI_UNIT ( $, .RADIAN. ) );
#10096 = LINE ( 'NONE', #360, #8344 ) ;
#10097 =( NAMED_UNIT ( * ) PLANE_ANGLE_UNIT ( ) SI_UNIT ( $, .RADIAN. ) );
#10098 = DIRECTION ( 'NONE',  ( -0.0000000000000000000, -1.000000000000000000, -0.0000000000000000000 ) ) ;
#10099 = EDGE_CURVE ( 'NONE', #515, #4318, #6407, .T. ) ;
#10100 = COLOUR_RGB ( '',0.7529411764705882248, 0.7529411764705882248, 0.7529411764705882248 ) ;
#10101 = MECHANICAL_DESIGN_GEOMETRIC_PRESENTATION_REPRESENTATION (  '', ( #5465 ), #5140 ) ;
#10102 = VERTEX_POINT ( 'NONE', #9808 ) ;
#10103 = CARTESIAN_POINT ( 'NONE',  ( -4.494557450338584559, 2.125000000000000444, 1.680513367352531873E-15 ) ) ;
#10104 = ORIENTED_EDGE ( 'NONE', *, *, #3324, .F. ) ;
#10105 = COLOUR_RGB ( '',0.1176470588235294101, 0.1176470588235294101, 0.1176470588235294101 ) ;
#10106 = COLOUR_RGB ( '',0.7529411764705882248, 0.7529411764705882248, 0.7529411764705882248 ) ;
#10107 = ORIENTED_EDGE ( 'NONE', *, *, #195, .T. ) ;
#10108 = FILL_AREA_STYLE_COLOUR ( '', #8415 ) ;
#10109 = DIRECTION ( 'NONE',  ( 0.2588190451025213501, -0.0000000000000000000, 0.9659258262890680902 ) ) ;
#10110 = ORIENTED_EDGE ( 'NONE', *, *, #8502, .T. ) ;
#10111 = PLANE ( 'NONE',  #8083 ) ;
#10112 = PRESENTATION_STYLE_ASSIGNMENT (( #3857 ) ) ;
#10113 = EDGE_LOOP ( 'NONE', ( #4248, #8566, #547, #3119 ) ) ;
#10114 = PRESENTATION_LAYER_ASSIGNMENT (  '', '', ( #8465 ) ) ;
#10115 =( GEOMETRIC_REPRESENTATION_CONTEXT ( 3 ) GLOBAL_UNCERTAINTY_ASSIGNED_CONTEXT ( ( #7684 ) ) GLOBAL_UNIT_ASSIGNED_CONTEXT ( ( #4691, #5675, #7958 ) ) REPRESENTATION_CONTEXT ( 'NONE', 'WORKASPACE' ) );
#10116 =( NAMED_UNIT ( * ) PLANE_ANGLE_UNIT ( ) SI_UNIT ( $, .RADIAN. ) );
#10117 = ORIENTED_EDGE ( 'NONE', *, *, #2180, .T. ) ;
#10118 = FILL_AREA_STYLE_COLOUR ( '', #7363 ) ;
#10119 = CARTESIAN_POINT ( 'NONE',  ( 5.150000000000001243, -1.684999999999999831, 0.0000000000000000000 ) ) ;
#10120 = CARTESIAN_POINT ( 'NONE',  ( -4.494557450338588112, 0.4150000000000004241, 0.1999999999999999833 ) ) ;
#10121 =( NAMED_UNIT ( * ) PLANE_ANGLE_UNIT ( ) SI_UNIT ( $, .RADIAN. ) );
#10122 = ORIENTED_EDGE ( 'NONE', *, *, #10008, .F. ) ;
#10123 = DIRECTION ( 'NONE',  ( -1.000000000000000000, 0.0000000000000000000, 2.605290765066735304E-15 ) ) ;
#10124 = FILL_AREA_STYLE ('',( #7806 ) ) ;
#10125 =( LENGTH_UNIT ( ) NAMED_UNIT ( * ) SI_UNIT ( .MILLI., .METRE. ) );
#10126 = FACE_OUTER_BOUND ( 'NONE', #5979, .T. ) ;
#10127 = LINE ( 'NONE', #2886, #8974 ) ;
#10128 = PRESENTATION_LAYER_ASSIGNMENT (  '', '', ( #4834 ) ) ;
#10129 = FILL_AREA_STYLE_COLOUR ( '', #6632 ) ;
#10130 = CARTESIAN_POINT ( 'NONE',  ( -3.868266076183285218, 4.665000000000000924, 1.408079867214329095 ) ) ;
#10131 =( NAMED_UNIT ( * ) PLANE_ANGLE_UNIT ( ) SI_UNIT ( $, .RADIAN. ) );
#10132 = PRESENTATION_LAYER_ASSIGNMENT (  '', '', ( #7156 ) ) ;
#10133 = ORIENTED_EDGE ( 'NONE', *, *, #6676, .F. ) ;
#10134 = ORIENTED_EDGE ( 'NONE', *, *, #9078, .T. ) ;
#10135 = EDGE_CURVE ( 'NONE', #2375, #6187, #1207, .T. ) ;
#10136 = EDGE_LOOP ( 'NONE', ( #4411, #4804, #1775, #1644 ) ) ;
#10137 = LINE ( 'NONE', #7040, #734 ) ;
#10138 = CARTESIAN_POINT ( 'NONE',  ( -4.396076675037368986, 0.8550000000000007594, 0.2826351822333060815 ) ) ;
#10139 = COLOUR_RGB ( '',0.7529411764705882248, 0.7529411764705882248, 0.7529411764705882248 ) ;
#10140 =( NAMED_UNIT ( * ) SI_UNIT ( $, .STERADIAN. ) SOLID_ANGLE_UNIT ( ) );
#10141 = CARTESIAN_POINT ( 'NONE',  ( -3.881702402145738695, -3.394999999999998685, 1.531712435151439733 ) ) ;
#10142 = ORIENTED_EDGE ( 'NONE', *, *, #2860, .F. ) ;
#10143 = DIRECTION ( 'NONE',  ( 1.000000000000000000, 0.0000000000000000000, 2.451907390652843649E-15 ) ) ;
#10144 = VECTOR ( 'NONE', #5230, 1000.000000000000000 ) ;
#10145 = PLANE ( 'NONE',  #838 ) ;
#10146 = EDGE_CURVE ( 'NONE', #3312, #7430, #1900, .T. ) ;
#10147 = EDGE_CURVE ( 'NONE', #8882, #1383, #6697, .T. ) ;
#10148 = DIRECTION ( 'NONE',  ( -0.0000000000000000000, -1.000000000000000000, -0.0000000000000000000 ) ) ;
#10149 =( LENGTH_UNIT ( ) NAMED_UNIT ( * ) SI_UNIT ( .MILLI., .METRE. ) );
#10150 = STYLED_ITEM ( 'NONE', ( #6578 ), #9818 ) ;
#10151 = CARTESIAN_POINT ( 'NONE',  ( 3.868266076183286550, -2.954999999999999183, 1.408079867214328207 ) ) ;
#10152 =( GEOMETRIC_REPRESENTATION_CONTEXT ( 3 ) GLOBAL_UNCERTAINTY_ASSIGNED_CONTEXT ( ( #731 ) ) GLOBAL_UNIT_ASSIGNED_CONTEXT ( ( #2052, #7602, #3035 ) ) REPRESENTATION_CONTEXT ( 'NONE', 'WORKASPACE' ) );
#10153 = DIRECTION ( 'NONE',  ( 0.2588190451025213501, -0.0000000000000000000, 0.9659258262890680902 ) ) ;
#10154 = LINE ( 'NONE', #3070, #9246 ) ;
#10155 = ORIENTED_EDGE ( 'NONE', *, *, #4231, .T. ) ;
#10156 = ADVANCED_FACE ( 'NONE', ( #4415 ), #1161, .T. ) ;
#10157 = CIRCLE ( 'NONE', #9811, 0.1243605512616186154 ) ;
#10158 = ORIENTED_EDGE ( 'NONE', *, *, #7083, .F. ) ;
#10159 = VECTOR ( 'NONE', #2722, 1000.000000000000000 ) ;
#10160 =( GEOMETRIC_REPRESENTATION_CONTEXT ( 3 ) GLOBAL_UNCERTAINTY_ASSIGNED_CONTEXT ( ( #6337 ) ) GLOBAL_UNIT_ASSIGNED_CONTEXT ( ( #3606, #9289, #7640 ) ) REPRESENTATION_CONTEXT ( 'NONE', 'WORKASPACE' ) );
#10161 = ORIENTED_EDGE ( 'NONE', *, *, #564, .T. ) ;
#10162 = ADVANCED_FACE ( 'NONE', ( #3560 ), #7493, .F. ) ;
#10163 = CARTESIAN_POINT ( 'NONE',  ( -4.184149331665847349, -4.224999999999999645, 1.484534871776029163 ) ) ;
#10164 = PRESENTATION_LAYER_ASSIGNMENT (  '', '', ( #1227 ) ) ;
#10165 = AXIS2_PLACEMENT_3D ( 'NONE', #8605, #7104, #8553 ) ;
#10166 = ORIENTED_EDGE ( 'NONE', *, *, #7645, .F. ) ;
#10167 = DIRECTION ( 'NONE',  ( 0.0000000000000000000, 1.000000000000000000, 0.0000000000000000000 ) ) ;
#10168 = VECTOR ( 'NONE', #7671, 1000.000000000000114 ) ;
#10169 = DIRECTION ( 'NONE',  ( 0.0000000000000000000, 0.0000000000000000000, 1.000000000000000000 ) ) ;
#10170 = AXIS2_PLACEMENT_3D ( 'NONE', #1923, #395, #6977 ) ;
#10171 = ORIENTED_EDGE ( 'NONE', *, *, #8193, .F. ) ;
#10172 =( LENGTH_UNIT ( ) NAMED_UNIT ( * ) SI_UNIT ( .MILLI., .METRE. ) );
#10173 = PRESENTATION_LAYER_ASSIGNMENT (  '', '', ( #2403 ) ) ;
#10174 = EDGE_CURVE ( 'NONE', #3496, #1515, #1311, .T. ) ;
#10175 =( LENGTH_UNIT ( ) NAMED_UNIT ( * ) SI_UNIT ( .MILLI., .METRE. ) );
#10176 = ORIENTED_EDGE ( 'NONE', *, *, #2867, .F. ) ;
#10177 = VECTOR ( 'NONE', #5599, 1000.000000000000000 ) ;
#10178 = MECHANICAL_DESIGN_GEOMETRIC_PRESENTATION_REPRESENTATION (  '', ( #6377 ), #8364 ) ;
#10179 = DIRECTION ( 'NONE',  ( -0.1736481776669387411, 0.0000000000000000000, -0.9848077530122064660 ) ) ;
#10180 = CARTESIAN_POINT ( 'NONE',  ( 4.184149331665850902, -4.224999999999999645, 1.484534871776028275 ) ) ;
#10181 = ORIENTED_EDGE ( 'NONE', *, *, #6607, .F. ) ;
#10182 = SURFACE_STYLE_USAGE ( .BOTH. , #7021 ) ;
#10183 =( GEOMETRIC_REPRESENTATION_CONTEXT ( 3 ) GLOBAL_UNCERTAINTY_ASSIGNED_CONTEXT ( ( #6629 ) ) GLOBAL_UNIT_ASSIGNED_CONTEXT ( ( #8447, #5331, #8493 ) ) REPRESENTATION_CONTEXT ( 'NONE', 'WORKASPACE' ) );
#10184 = FACE_OUTER_BOUND ( 'NONE', #2764, .T. ) ;
#10185 = FILL_AREA_STYLE_COLOUR ( '', #7555 ) ;
#10186 = DIRECTION ( 'NONE',  ( 0.2588190451025213501, 0.0000000000000000000, -0.9659258262890680902 ) ) ;
#10187 = CIRCLE ( 'NONE', #9189, 0.1243605512616186154 ) ;
#10188 = CARTESIAN_POINT ( 'NONE',  ( -3.800269556891265221, -0.4149999999999995914, 1.732440418475947208 ) ) ;
#10189 = COLOUR_RGB ( '',0.7960784313725489669, 0.8235294117647058432, 0.9372549019607843146 ) ;
#10190 = LINE ( 'NONE', #8382, #8801 ) ;
#10191 = COLOUR_RGB ( '',0.7529411764705882248, 0.7529411764705882248, 0.7529411764705882248 ) ;
#10192 = DIRECTION ( 'NONE',  ( 1.000000000000000000, 0.0000000000000000000, 0.0000000000000000000 ) ) ;
#10193 = DIRECTION ( 'NONE',  ( -0.0000000000000000000, -1.000000000000000000, -0.0000000000000000000 ) ) ;
#10194 = PRESENTATION_LAYER_ASSIGNMENT (  '', '', ( #3262 ) ) ;
#10195 = CARTESIAN_POINT ( 'NONE',  ( 3.800269556891266998, -0.4149999999999995914, 1.732440418475946320 ) ) ;
#10196 = CARTESIAN_POINT ( 'NONE',  ( -3.899999999999999911, 4.225000000000000533, 1.600000000000000089 ) ) ;
#10197 = ORIENTED_EDGE ( 'NONE', *, *, #3779, .T. ) ;
#10198 = ORIENTED_EDGE ( 'NONE', *, *, #526, .F. ) ;
#10199 = ORIENTED_EDGE ( 'NONE', *, *, #1002, .F. ) ;
#10200 = CARTESIAN_POINT ( 'NONE',  ( -5.150000000000000355, 3.395000000000000462, 0.2000000000000016764 ) ) ;
#10201 = LINE ( 'NONE', #8645, #5252 ) ;
#10202 = FILL_AREA_STYLE_COLOUR ( '', #8332 ) ;
#10203 = CYLINDRICAL_SURFACE ( 'NONE', #1858, 0.2999999999999999334 ) ;
#10204 = EDGE_LOOP ( 'NONE', ( #2998, #6439, #6393, #1391 ) ) ;
#10205 = CARTESIAN_POINT ( 'NONE',  ( 4.199115124434927182, -2.954999999999999183, 0.2479055466999157964 ) ) ;
#10206 =( GEOMETRIC_REPRESENTATION_CONTEXT ( 3 ) GLOBAL_UNCERTAINTY_ASSIGNED_CONTEXT ( ( #6811 ) ) GLOBAL_UNIT_ASSIGNED_CONTEXT ( ( #7972, #5637, #8805 ) ) REPRESENTATION_CONTEXT ( 'NONE', 'WORKASPACE' ) );
#10207 = EDGE_CURVE ( 'NONE', #7621, #5668, #6596, .T. ) ;
#10208 = AXIS2_PLACEMENT_3D ( 'NONE', #1749, #914, #9054 ) ;
#10209 = FACE_OUTER_BOUND ( 'NONE', #9285, .T. ) ;
#10210 = DIRECTION ( 'NONE',  ( 0.0000000000000000000, -1.000000000000000000, 0.0000000000000000000 ) ) ;
#10211 = ORIENTED_EDGE ( 'NONE', *, *, #17, .F. ) ;
#10212 = CARTESIAN_POINT ( 'NONE',  ( 4.494557450338589000, 3.395000000000000462, 0.1999999999999988454 ) ) ;
#10213 = ORIENTED_EDGE ( 'NONE', *, *, #9078, .F. ) ;
#10214 = STYLED_ITEM ( 'NONE', ( #5829 ), #16 ) ;
#10215 = DIRECTION ( 'NONE',  ( 0.0000000000000000000, -1.000000000000000000, 0.0000000000000000000 ) ) ;
#10216 = ORIENTED_EDGE ( 'NONE', *, *, #3515, .F. ) ;
#10217 = ADVANCED_FACE ( 'NONE', ( #9397 ), #3919, .F. ) ;
#10218 = EDGE_CURVE ( 'NONE', #4420, #255, #10068, .T. ) ;
#10219 = SURFACE_STYLE_FILL_AREA ( #882 ) ;
#10220 =( NAMED_UNIT ( * ) PLANE_ANGLE_UNIT ( ) SI_UNIT ( $, .RADIAN. ) );
#10221 = AXIS2_PLACEMENT_3D ( 'NONE', #9855, #4357, #7542 ) ;
#10222 = COLOUR_RGB ( '',0.7529411764705882248, 0.7529411764705882248, 0.7529411764705882248 ) ;
#10223 = EDGE_LOOP ( 'NONE', ( #1697, #6521, #5657, #10171 ) ) ;
#10224 = ADVANCED_FACE ( 'NONE', ( #5454 ), #4517, .T. ) ;
#10225 = ORIENTED_EDGE ( 'NONE', *, *, #2642, .F. ) ;
#10226 = ADVANCED_FACE ( 'NONE', ( #4738 ), #6957, .F. ) ;
#10227 = FACE_OUTER_BOUND ( 'NONE', #3982, .T. ) ;
#10228 = VECTOR ( 'NONE', #10088, 1000.000000000000000 ) ;
#10229 = FILL_AREA_STYLE ('',( #7796 ) ) ;
#10230 = CARTESIAN_POINT ( 'NONE',  ( 3.900000000000001243, -2.954999999999999183, 1.600000000000000089 ) ) ;
#10231 = MECHANICAL_DESIGN_GEOMETRIC_PRESENTATION_REPRESENTATION (  '', ( #1958 ), #116 ) ;
#10232 = SURFACE_SIDE_STYLE ('',( #6248 ) ) ;
#10233 = ORIENTED_EDGE ( 'NONE', *, *, #7742, .F. ) ;
#10234 = CARTESIAN_POINT ( 'NONE',  ( -3.888707005762188196, -2.125000000000000000, 1.732440418475947430 ) ) ;
#10235 = CARTESIAN_POINT ( 'NONE',  ( -5.149999999999999467, 1.685000000000000275, 0.2000000000000016764 ) ) ;
#10236 = ORIENTED_EDGE ( 'NONE', *, *, #3503, .F. ) ;
#10237 = STYLED_ITEM ( 'NONE', ( #5202 ), #4619 ) ;
#10238 = CARTESIAN_POINT ( 'NONE',  ( 3.750000000000000444, -4.949999999999999289, 1.600000000000000089 ) ) ;
#10239 = CARTESIAN_POINT ( 'NONE',  ( 4.396076675037369874, 3.395000000000000462, 0.2826351822333049157 ) ) ;
#10240 = DIRECTION ( 'NONE',  ( -0.1736481776669393240, 0.0000000000000000000, -0.9848077530122064660 ) ) ;
#10241 = DIRECTION ( 'NONE',  ( 0.0000000000000000000, 0.2588190451025212946, 0.9659258262890680902 ) ) ;
#10242 = MECHANICAL_DESIGN_GEOMETRIC_PRESENTATION_REPRESENTATION (  '', ( #4440 ), #7109 ) ;
#10243 = FILL_AREA_STYLE_COLOUR ( '', #713 ) ;
#10244 = DIRECTION ( 'NONE',  ( -0.0000000000000000000, -1.000000000000000000, -0.0000000000000000000 ) ) ;
#10245 = DIRECTION ( 'NONE',  ( 0.2588190451025213501, -0.0000000000000000000, 0.9659258262890680902 ) ) ;
#10246 = UNCERTAINTY_MEASURE_WITH_UNIT (LENGTH_MEASURE( 1.000000000000000082E-05 ), #1866, 'distance_accuracy_value', 'NONE');
#10247 = SURFACE_STYLE_USAGE ( .BOTH. , #122 ) ;
#10248 =( LENGTH_UNIT ( ) NAMED_UNIT ( * ) SI_UNIT ( .MILLI., .METRE. ) );
#10249 = ORIENTED_EDGE ( 'NONE', *, *, #9200, .T. ) ;
#10250 = DIRECTION ( 'NONE',  ( -1.752245935330107442E-16, 1.000000000000000000, 4.296344759077295089E-31 ) ) ;
#10251 = DIRECTION ( 'NONE',  ( 0.0000000000000000000, 0.0000000000000000000, 1.000000000000000000 ) ) ;
#10252 = VERTEX_POINT ( 'NONE', #1724 ) ;
#10253 = DIRECTION ( 'NONE',  ( 0.1736481776669393240, -0.0000000000000000000, 0.9848077530122063550 ) ) ;
#10254 = DIRECTION ( 'NONE',  ( 0.0000000000000000000, 1.000000000000000000, 0.0000000000000000000 ) ) ;
#10255 = AXIS2_PLACEMENT_3D ( 'NONE', #1533, #7866, #76 ) ;
#10256 =( NAMED_UNIT ( * ) PLANE_ANGLE_UNIT ( ) SI_UNIT ( $, .RADIAN. ) );
#10257 = SURFACE_STYLE_USAGE ( .BOTH. , #1701 ) ;
#10258 = FILL_AREA_STYLE_COLOUR ( '', #5481 ) ;
#10259 = LINE ( 'NONE', #414, #2503 ) ;
#10260 = CARTESIAN_POINT ( 'NONE',  ( -3.888707005762189084, 2.125000000000000444, 1.732440418475947430 ) ) ;
#10261 = STYLED_ITEM ( 'NONE', ( #844 ), #5586 ) ;
#10262 = PRESENTATION_STYLE_ASSIGNMENT (( #1762 ) ) ;
#10263 = SURFACE_STYLE_USAGE ( .BOTH. , #5590 ) ;
#10264 = SURFACE_SIDE_STYLE ('',( #7100 ) ) ;
#10265 = ORIENTED_EDGE ( 'NONE', *, *, #6770, .F. ) ;
#10266 = SURFACE_SIDE_STYLE ('',( #2438 ) ) ;
#10267 = VERTEX_POINT ( 'NONE', #986 ) ;
#10268 = DIRECTION ( 'NONE',  ( 0.0000000000000000000, -0.0000000000000000000, -1.000000000000000000 ) ) ;
#10269 = VERTEX_POINT ( 'NONE', #8881 ) ;
ENDSEC;
END-ISO-10303-21;
